# vtk DataFile Version 2.0
, Created by Gmsh 4.15.2 
ASCII
DATASET UNSTRUCTURED_GRID
POINTS 947 double
-1.959434878635765e-15 17.5 8
-1.959434878635765e-15 2.5 8
-10 0 10
-10 0 -10
-10 20 10
-10 20 -10
10 0 -10
10 0 10
10 20 10
10 20 -10
-9.99 0.25 9.99
9.99 0.25 9.99
9.99 0.25 -9.99
-9.99 0.25 -9.99
-9.99 19.75 9.99
9.99 19.75 9.99
9.99 19.75 -9.99
-9.99 19.75 -9.99
2.358041395287235 17.5 7.644582446289125
4.506560464508977 17.5 6.609910194527957
6.25465185974424 17.5 4.987918414869866
7.446989989153636 17.5 2.922728194931155
7.977630377449442 17.5 0.5978407486913863
7.799423297454585 17.5 -1.780167471650528
6.928203230275499 17.5 -4.000000000000017
5.441381902167339 17.5 -5.864414974638626
3.471069912940443 17.5 -7.207750943219364
1.192338129409366 17.5 -7.910646609801033
-1.192338129409431 17.5 -7.910646609801023
-3.471069912940499 17.5 -7.207750943219336
-5.441381902167387 17.5 -5.864414974638581
-6.928203230275532 17.5 -3.99999999999996
-7.799423297454601 17.5 -1.780167471650461
-7.977630377449437 17.5 0.5978407486914515
-7.446989989153614 17.5 2.922728194931209
-6.254651859744222 17.5 4.987918414869889
-4.506560464508958 17.5 6.609910194527972
-2.358041395287231 17.5 7.644582446289126
-1.959434878635765e-15 5 8
-1.959434878635765e-15 7.5 8
-1.959434878635765e-15 10 8
-1.959434878635765e-15 12.5 8
-1.959434878635765e-15 15 8
2.358041395287235 2.5 7.644582446289125
4.506560464508977 2.5 6.609910194527957
6.25465185974424 2.5 4.987918414869866
7.446989989153636 2.5 2.922728194931155
7.977630377449442 2.5 0.5978407486913863
7.799423297454585 2.5 -1.780167471650528
6.928203230275499 2.5 -4.000000000000017
5.441381902167339 2.5 -5.864414974638626
3.471069912940443 2.5 -7.207750943219364
1.192338129409366 2.5 -7.910646609801033
-1.192338129409431 2.5 -7.910646609801023
-3.471069912940499 2.5 -7.207750943219336
-5.441381902167387 2.5 -5.864414974638581
-6.928203230275532 2.5 -3.99999999999996
-7.799423297454601 2.5 -1.780167471650461
-7.977630377449437 2.5 0.5978407486914515
-7.446989989153614 2.5 2.922728194931209
-6.254651859744222 2.5 4.987918414869889
-4.506560464508958 2.5 6.609910194527972
-2.358041395287231 2.5 7.644582446289126
-10 0 -7.5
-10 0 -5
-10 0 -2.5
-10 0 0
-10 0 2.5
-10 0 5
-10 0 7.5
-10 2.5 10
-10 5 10
-10 7.5 10
-10 10 10
-10 12.5 10
-10 15 10
-10 17.5 10
-10 20 -7.5
-10 20 -5
-10 20 -2.5
-10 20 0
-10 20 2.5
-10 20 5
-10 20 7.5
-10 2.5 -10
-10 5 -10
-10 7.5 -10
-10 10 -10
-10 12.5 -10
-10 15 -10
-10 17.5 -10
-7.5 0 -10
-5 0 -10
-2.5 0 -10
0 0 -10
2.5 0 -10
5 0 -10
7.5 0 -10
10 0 -7.5
10 0 -5
10 0 -2.5
10 0 0
10 0 2.5
10 0 5
10 0 7.5
-7.5 0 10
-5 0 10
-2.5 0 10
0 0 10
2.5 0 10
5 0 10
7.5 0 10
-7.5 20 10
-5 20 10
-2.5 20 10
0 20 10
2.5 20 10
5 20 10
7.5 20 10
10 2.5 10
10 5 10
10 7.5 10
10 10 10
10 12.5 10
10 15 10
10 17.5 10
-7.5 20 -10
-5 20 -10
-2.5 20 -10
0 20 -10
2.5 20 -10
5 20 -10
7.5 20 -10
10 20 -7.5
10 20 -5
10 20 -2.5
10 20 0
10 20 2.5
10 20 5
10 20 7.5
10 2.5 -10
10 5 -10
10 7.5 -10
10 10 -10
10 12.5 -10
10 15 -10
10 17.5 -10
-7.492500000000005 0.25 9.99
-4.995000000000013 0.25 9.99
-2.497500000000022 0.25 9.99
-3.019806626980426e-14 0.25 9.99
2.497499999999979 0.25 9.99
4.994999999999983 0.25 9.99
7.492499999999994 0.25 9.99
9.99 0.25 7.492500000000005
9.99 0.25 4.995000000000013
9.99 0.25 2.497500000000022
9.99 0.25 3.019806626980426e-14
9.99 0.25 -2.497499999999979
9.99 0.25 -4.994999999999983
9.99 0.25 -7.492499999999994
7.492500000000005 0.25 -9.99
4.995000000000013 0.25 -9.99
2.497500000000022 0.25 -9.99
3.019806626980426e-14 0.25 -9.99
-2.497499999999979 0.25 -9.99
-4.994999999999983 0.25 -9.99
-7.492499999999994 0.25 -9.99
-9.99 0.25 -7.492500000000005
-9.99 0.25 -4.995000000000013
-9.99 0.25 -2.497500000000022
-9.99 0.25 -3.019806626980426e-14
-9.99 0.25 2.497499999999979
-9.99 0.25 4.994999999999983
-9.99 0.25 7.492499999999994
-7.492500000000005 19.75 9.99
-4.995000000000013 19.75 9.99
-2.497500000000022 19.75 9.99
-3.019806626980426e-14 19.75 9.99
2.497499999999979 19.75 9.99
4.994999999999983 19.75 9.99
7.492499999999994 19.75 9.99
9.99 19.75 7.492500000000005
9.99 19.75 4.995000000000013
9.99 19.75 2.497500000000022
9.99 19.75 3.019806626980426e-14
9.99 19.75 -2.497499999999979
9.99 19.75 -4.994999999999983
9.99 19.75 -7.492499999999994
7.492500000000005 19.75 -9.99
4.995000000000013 19.75 -9.99
2.497500000000022 19.75 -9.99
3.019806626980426e-14 19.75 -9.99
-2.497499999999979 19.75 -9.99
-4.994999999999983 19.75 -9.99
-7.492499999999994 19.75 -9.99
-9.99 19.75 -7.492500000000005
-9.99 19.75 -4.995000000000013
-9.99 19.75 -2.497500000000022
-9.99 19.75 -3.019806626980426e-14
-9.99 19.75 2.497499999999979
-9.99 19.75 4.994999999999983
-9.99 19.75 7.492499999999994
-6.989951520566998 15.43091680628106 3.89108953123969
6.928203230275511 15.4367436862594 3.999999999999996
6.220928791831131 15.48177998554633 -5.029915005938616
-2.358041395287269 4.5632563137406 -7.644582446289115
-7.37987211110009 15.37617109629553 -3.088282309603042
7.982056568734416 4.525185479873297 -0.5355118425616374
-7.8039903360704 4.428527789057483 1.760038304844473
-0.1497778779684437 15.50449876906162 -7.998597788817192
4.673665810502371 4.593220594023663 -6.492830499230765
2.145150183908719 8.75 7.707031249999989
-2.1451202935416 8.750349098162538 7.707039569525772
6.903400894266674 4.604079318143788 4.04265458492784
-7.421937676108421 4.589291073740438 -2.985773121314197
7.981435679647285 15.47679670274363 -0.5446875174384799
-4.49252579300845 15.40210408211207 -6.619457077370757
-5.441381902167337 4.563256313740577 5.864414974638628
-2.10990989385458 13.69258513993249 7.716753218797045
2.145150183908677 13.75 7.70703125
3.471069912940466 4.563256313740599 7.207750943219352
-2.141674253454603 11.24501553911057 7.707997884800545
-4.13089766115775 10.00115454579172 6.850962305621119
-4.363085555933702 7.163448887184387 6.705481670365128
-5.818657167627603 8.752512874821885 5.490284943936509
-5.817780165941294 11.25251816117275 5.491214250125385
-7.07738651783149 10.00368262699638 3.72969168661661
-7.099196825072198 7.502478745821294 3.688008193982875
-7.826721733941435 8.797797757345775 1.656027445258313
-7.818851873826918 11.25927830503319 1.692795136793964
-7.98628683657657 10.01162522738401 -0.4682120928850385
-7.984689829867733 7.538749880664815 -0.494700233279501
-7.575074929501846 8.79778680380505 -2.572593985150515
-7.577712800876057 11.22472582079101 -2.564813581420517
-6.616896696406831 10.00906131240458 -4.496296043309466
-6.771739032100715 7.180514942985454 -4.259524677839497
-5.176039126932729 8.716555554257894 -6.099886798659583
-5.170243659310776 11.22237550390212 -6.104799792241898
-3.329284201998151 10.0065058551708 -7.274329295703181
-5.03334652673101 6.333761016941486 -6.21815267920022
-3.411385696197384 12.81180264157859 -7.236190132367992
-1.239786466211885 11.26129700779692 -7.903349259535342
-1.233830705063145 8.783497895204306 -7.904281231790995
0.9254849501444529 10.01239507364086 -7.946287032762919
0.9267558640868354 7.512395401073526 -7.946138909456634
3.020232044752253 8.768477200838165 -7.407982073132441
3.021410461280074 11.26384639014837 -7.407501523757341
4.896561478377706 10.01466630863065 -6.326427561307213
4.896820192327445 12.51459055045859 -6.32622731207267
6.427830809583138 11.22684759146833 -4.762666383799498
6.41604949186265 8.761884283615409 -4.778525810118539
7.461541604231092 10.01678668214692 -2.885376385903318
7.462002994671942 7.516787009579491 -2.884182953196098
7.959786523907131 8.805866741313505 -0.8011232700567558
7.959325955831824 11.23215403022744 -0.8056862471345911
7.885329486063736 10.01937874901112 1.349658807333845
7.879058567738032 7.518982813833401 1.385797996157416
7.232570161316777 8.804933224209964 3.419053796246882
7.234960410906668 11.23715543859658 3.413992948530096
6.057756823671725 10.02189467042043 5.225282984227615
6.169618738511034 7.221935443697385 5.092720748422548
6.198552463343503 12.85388305468888 5.057464518825435
4.401148756490025 11.27227602906547 6.680560577020936
3.26753170226961 13.7818078102502 -7.302276122871763
6.360481685534609 6.24227070032444 -4.852244091961865
-2.144343853323127 6.251436350632793 7.707255636003993
1.002642147905598 12.44842799505214 -7.936920607089581
-3.245667883614011 7.598455986524201 -7.312020239938929
4.830845126303974 7.477409340084606 -6.376749592516954
-4.12020169671298 12.49941341377644 6.85740023466645
-3.844871630412344 15.1333223023809 7.015480179264305
-5.729967452127225 13.74729785143978 5.582783624462141
-7.048450423814025 12.55736596067004 3.784091254586218
-7.814282916033797 13.74998506014404 1.713762675571603
-7.986672182527806 12.50678945755458 -0.4615922972023452
-7.986789774617127 15.00681484368627 -0.4595531482552461
2.142714107601344 11.25 7.707708884816951
4.402769612604732 8.772274768420555 6.679492476103584
4.506560464508957 15.44324496325655 -6.609910194527972
4.415281049349997 13.76755200569146 6.671228766520512
2.99754478455914 6.312666568318535 -7.417191197789248
1.052881475813688 5.0857654245694 -7.930412385108885
7.879501452517729 12.51898215896825 1.383277578713321
7.460093338662769 12.47856671370647 -2.889118789257269
-6.764806861912974 12.79050415583619 -4.270525508765302
-7.971155118773818 4.708962484859065 -0.6787385891828794
7.489621610204554 4.59400442852885 -2.811684216969775
-6.172607868253126 15.37772097330557 -5.089097376232802
7.784260863806994 4.544446707465573 1.845340836865319
-6.951449676425539 4.713480435486151 3.959463018658372
7.450512917925697 15.2923670726236 -2.913735962612659
-2.366537594557557 15.43172008565881 -7.641956543552556
7.788204865643772 15.47298878324525 1.828623791478901
5.412980036793799 4.59757484136742 5.890640637593826
-6.254651859744264 4.525486174258358 -4.987918414869836
-3.471069912940454 4.451332322591782 7.207750943219358
2.305273333722209 6.362800546291426 7.660660210244891
5.441381902167358 15.59899532616027 5.864414974638609
-1.301327722353748 6.395696453619218 -7.893449572844157
4.285606027542831 6.540771856800049 6.755263205581894
-0.7205869386467235 13.52606549449556 -7.967481061405276
3.561750915812773 15.66649492298755 7.163374233816552
-4.506560464509011 4.271594163498487 -6.609910194527935
-5.278495914716695 13.45797371796348 -6.011445822621972
7.432370773510366 6.558662061149077 2.959706857962277
2.358041395287206 15.75942620911944 -7.644582446289134
7.433656992331944 13.4675166092577 2.956474880724409
-5.9559465527134 6.599301046901838 5.341039286620289
6.254651859744226 4.199561897121346 -4.987918414869885
-7.636387536244538 6.627755580840287 -2.384446559746953
-7.634954040797508 13.33639709795609 -2.389032606497829
-7.799423297454577 15.82022967367221 1.780167471650569
7.948560964526339 6.65213940804445 -0.9057475328192204
6.488204156020538 13.37326113953622 -4.680086198970892
-7.828560293988564 6.566689699590336 1.647314093725205
7.935581457780846 13.36540988078784 -1.013186521290539
-5.609553113473663 15.73589552309728 5.703763132101291
2.902428465045531 4.351977454023531 -7.454925150884712
-1.966452484882503 15.52351720873208 7.754551220070664
1.843136512549818 4.299661229540248 7.784783092424971
-1.705988984593343 4.25229119344462 7.815983724678946
1.700368047094104 15.75315380787752 7.817208485413535
-0.6476490082957856 4.223626475151914 -7.97374132776161
-3.501746927201976 5.800420557099502 -7.192897083778658
1.356248112719199 14.25776317077298 -7.884198821487546
7.97596632450108 5.907647263278682 0.6196460202605444
7.977609089242118 14.10709186501203 0.5981247522394862
5.439382591112802 14.13551245314215 -5.86626943018295
-5.062313730334849 17.5 2.922728194931198
4.602653783225929 17.5 -3.60557093943345
2.719138813492906 17.5 5.337395387478015
-3.292862832945636 17.5 -4.829742722877425
5.661326356395716 17.5 1.247373539199497
-2.536248475282086 17.5 5.266574225947236
-5.885628121179822 17.5 -0.5192584420031072
0.1144316198486721 17.5 -5.500481672686594
-4.363649482273506 17.5 4.702895666581699
-2.824105363070233 17.5 3.128446102741433
-0.6801149179298694 17.5 3.723263416373367
-1.028680503482607 17.5 1.416508722277965
1.215377346718373 17.5 2.093874135065446
0.8347932601582981 17.5 -0.2678862198754578
-1.465972465778474 17.5 -0.9881389431109696
0.4370863331693756 17.5 -2.73122000001793
3.206005747841554 17.5 0.523186809454886
-3.762189328329723 17.5 0.8019649727322684
3.561281076054496 17.5 3.034192542097161
4.844255488057545 17.5 -1.125775116978188
2.681555950946713 17.5 -1.936520604079247
2.240310537358411 17.5 -4.234529381572995
-3.813973254717844 17.5 -1.774114297279524
-1.736995608336069 17.5 -3.342636828933354
-0.5296592080147442 17.5 5.836329253560171
-5.110073142316522 17.5 -3.732525122679688
-1.891002377470755 17.5 -6.130479138150504
-6.026950309289489 17.5 1.345200733856604
5.549784433362331 17.5 3.264787565608226
4.465956190993516 17.5 4.699528270737462
2.0331907485822 17.5 -6.138367262772004
3.684824063383751 17.5 -5.404644258835247
-6.013272376940008 17.5 -2.255162455381229
1.236104641184941 17.5 4.160191464887612
6.200046536049692 17.5 -2.433338952676276
1.163487350878072 17.5 6.359381498834971
6.612926913541485 17.5 -0.5507466823091691
-5.062313730334849 2.5 2.922728194931198
4.602653783225929 2.5 -3.60557093943345
2.719138813492906 2.5 5.337395387478015
-3.292862832945636 2.5 -4.829742722877425
5.661326356395716 2.5 1.247373539199497
-2.536248475282086 2.5 5.266574225947236
-5.885628121179822 2.5 -0.5192584420031072
0.1144316198486721 2.5 -5.500481672686594
-4.363649482273506 2.5 4.702895666581699
-2.824105363070233 2.5 3.128446102741433
-0.6801149179298694 2.5 3.723263416373367
-1.028680503482607 2.5 1.416508722277965
1.215377346718373 2.5 2.093874135065446
0.8347932601582981 2.5 -0.2678862198754578
-1.465972465778474 2.5 -0.9881389431109696
0.4370863331693756 2.5 -2.73122000001793
3.206005747841554 2.5 0.523186809454886
-3.762189328329723 2.5 0.8019649727322684
3.561281076054496 2.5 3.034192542097161
4.844255488057545 2.5 -1.125775116978188
2.681555950946713 2.5 -1.936520604079247
2.240310537358411 2.5 -4.234529381572995
-3.813973254717844 2.5 -1.774114297279524
-1.736995608336069 2.5 -3.342636828933354
-0.5296592080147442 2.5 5.836329253560171
-5.110073142316522 2.5 -3.732525122679688
-1.891002377470755 2.5 -6.130479138150504
-6.026950309289489 2.5 1.345200733856604
5.549784433362331 2.5 3.264787565608226
4.465956190993516 2.5 4.699528270737462
2.0331907485822 2.5 -6.138367262772004
3.684824063383751 2.5 -5.404644258835247
-6.013272376940008 2.5 -2.255162455381229
1.236104641184941 2.5 4.160191464887612
6.200046536049692 2.5 -2.433338952676276
1.163487350878072 2.5 6.359381498834971
6.612926913541485 2.5 -0.5507466823091691
-10 2.112482626893241 -1.341072760114338
-10 11.28189726212457 7.785501216484381
-10 17.8349364905389 -1.250000000000002
-10 8.671007265708571 -7.880542966946084
-10 6.531831444028581 7.636926467475412
-10 17.85928507566945 3.802880122707588
-10 13.96681413676645 -7.75925968761143
-10 2.378553429932029 3.819153851866572
-10 2.39478161164634 -6.034712579806596
-10 15.9331586880466 7.810296156225817
-10 17.88306988736042 -6.23940657679781
-10 17.83858051592291 1.259530547765175
-10 15.67006624650406 0.002305618608106741
-10 15.66990519198218 -2.499615730231983
-10 13.50484705100515 -1.249551685270644
-10 13.52735568835489 1.287896135198013
-10 11.34350992817672 0.006390741654564991
-10 11.3403795530572 -2.498860157269345
-10 9.175415378848299 -1.248744902602466
-10 9.175431934723658 1.251274306508684
-10 7.15083095992953 0.0004215673176961587
-10 6.997197351394957 -2.412740541790376
-10 7.050542045635519 2.470382507825722
-10 9.181627883433045 3.745276135722403
-10 4.84455543377232 1.249999999999988
-10 6.904222514587254 4.921715476552656
-10 9.048638446761407 6.23794110374817
-10 4.538518712272182 5.857108575164421
-10 11.33604206107361 5.031454420058447
-10 13.53540408138126 6.445210308140712
-10 13.64234036005761 3.970319713967132
-10 15.72945091939161 5.288248811353382
-10 11.36771797596992 2.548768575518206
-10 15.68973102413504 2.554078841289812
-10 13.46305964049841 -3.677155384763386
-10 11.33462872403568 -4.919894767983479
-10 15.45697102666675 -5.378008430647755
-10 2.165063509461096 1.25
-10 6.250000000000001 -7.834936490538903
-10 7.478622218775755 -5.88654088914171
-10 5.023614097260531 -6.024968852124058
-10 11.32172868921066 -7.474016285410034
-10 2.122179457735202 -3.60388508951503
-10 4.440361682036282 -2.520291600863087
-10 17.80748043275804 -3.811171789612924
-10 8.871755260051906 -3.878667736439264
-10 2.114127647140041 6.25
-10 3.844375162129645 -7.980739459752207
-10 16.27172611878708 -7.919079551726902
-10 17.94346172881159 6.177332877430178
-10 4.889727812310998 3.498547431775778
-10 3.749971474408703 8.014565549766765
-10 8.750000000000002 8.309285975249786
-10 13.10864044343559 -5.841666911283217
-10 9.526043594251437 -5.943511839520888
-10 13.75 8.453248909484092
-10 3.897441689279875 -0.5291767831927849
-10 18.16987298107781 -8.169872981077811
-10 1.830127018922193 -8.169872981077807
-10 18.16987298107781 8.169872981077809
-10 1.815186735605543 8.184813264394457
-10 6.1825881036113 -4.20028313813803
-10 5.466077423282593 -0.8423574717057125
-10 3.504625025595201 2.488136537096674
-10 3.945619709615801 -4.33109045042001
-7.834936490538904 0 -1.25
1.429753976952771 0 -7.751512379507685
7.834936490538905 0 1.25
-1.281897262124586 0 7.785501216484381
-7.859699147807212 0 3.802162928727023
-3.966814136766447 0 -7.759259687611431
7.910136278271246 0 -3.743782680303948
3.384519478460231 0 7.634746297964156
-7.883069887360421 0 -6.239406576797809
-5.933158688046617 0 7.810296156225832
6.261812847529203 0 -7.584609264726248
7.834936490538905 0 6.25
-7.839063600083622 0 1.258693821454504
-5.670560832668595 0 0.001448970242416081
-5.669987623009604 0 -2.499758504959598
-3.504943220537141 0 -1.249718255786195
-3.527868219775407 0 1.287008404737229
-1.343611378335471 0 0.006215024825173998
-1.340412489672326 0 -2.498917205160167
0.8245622233560539 0 -1.248783696722493
0.8245474239505999 0 1.251238554683782
2.99038105676658 0 1.06581410364015e-14
2.990255169441674 0 -2.499797282787074
2.990252702874097 0 2.50020642578064
0.8251678010975798 0 3.750240830077406
5.155444566227676 0 -1.249999999999991
2.990381056766573 0 5.000000000000012
5.047367621146172 0 3.733505079990209
5.046461571558 0 -3.732376574857
2.804275867172567 0 -5.341226591027445
0.899851546303033 0 6.248280129232633
-1.339745962155622 0 5
-3.535719038956273 0 6.442535612557528
-3.64234036005765 0 3.970319713967147
-5.737535066199595 0 5.248636116642487
5.155444566227672 0 1.250000000000012
-3.463094896694169 0 -3.677216450285719
-1.315609022970582 0 -4.902529362960241
-5.456987839127204 0 -5.378037550683463
-1.288304783078104 0 -7.438201065979433
-7.807496973339355 0 -3.811200438740146
3.809028891863635 0 -7.79309022929618
7.834936490538908 0 -1.25
7.834936490538905 0 3.75
-5.700566950140336 0 2.567651185210808
-1.367308449212665 0 2.544170421381788
0.8253175473054828 0 -3.749999999999986
-6.271728120270468 0 -7.91908301839782
8.141487026530594 0 -6.162925576372251
6.132759863210484 0 7.931684338855721
-7.943461728811618 0 6.177332877430214
4.885735846085744 0 -5.886118238406476
4.998533009341237 0 5.978221211177996
0.4910867170764277 0 -5.836693879894957
1.25 0 8.309285975249786
-3.098162135727303 0 -5.831048823504056
-3.75 0 8.453248909484095
-8.169872981077807 0 -8.169872981077807
-8.169872981077811 0 8.169872981077809
8.169872981077809 0 -8.169872981077807
8.169872981077809 0 8.169872981077809
6.49519052838329 0 -2.49999999999999
6.49519052838329 0 2.499999999999998
6.495190528383283 0 1.06581410364015e-14
6.493860659673793 0 4.796773053292142
6.507100052305315 0 -4.979288532125506
-7.751512379507702 8.570246023047233 10
1.352531578736389 2.24502945857507 10
1.249999999999995 17.8349364905389 10
7.880542966946084 8.671007265708566 10
-3.75 17.8349364905389 10
-3.74378268030395 2.089863721728756 10
7.759259687611429 13.96681413676643 10
-7.759259687611434 13.96681413676645 10
7.890759238962051 3.846687836487034 10
-7.584609264726252 3.738187152470796 10
6.239406576797808 17.88306988736042 10
-6.23940657679781 17.88306988736042 10
-5.388469699934138 15.46293068669731 10
-2.564744949989032 15.63538259868105 10
-3.75000000000002 13.50480947161671 10
-1.260790824998189 13.49906107455058 10
-2.501798470833061 11.33878789597792 10
-0.002098215971896522 11.33862821828163 10
-1.250649447800861 9.174336484352562 10
1.249542056037843 9.174438500658507 10
2.499573973344306 11.33951901283726 10
-0.0001845652938765596 7.009520623170417 10
2.629105550308973 7.224325250120665 10
-2.500139002182493 7.009544895165925 10
-1.25000000000006 4.844555433772315 10
-4.915140165524791 11.32229068650861 10
-3.732397330408285 4.953526284649946 10
-5.341278373162711 7.195693835801084 10
-0.01258929583121038 15.66316651783399 10
1.248426605718102 13.5039713063165 10
3.677150885811784 13.46276489119623 10
4.920012987504032 11.33443617578198 10
2.485498032616443 15.66160811291705 10
5.375990973995306 15.45574362261427 10
-1.262889040970043 17.8280703495988 10
-7.793096393836098 6.190967501347513 10
-7.440002609202949 11.28925930644069 10
-1.245281961577103 2.093657978205485 10
7.834936490538908 6.250000000000001 10
5.737608998884237 4.914907054485891 10
5.936150098648685 2.288057766084237 10
3.606337647402556 3.644046030480996 10
7.474033173912968 11.32170118231726 10
3.808482597234924 17.8058930189051 10
3.818603231298979 9.3497937556083 10
1.355188997170965 4.859362483463144 10
-3.750000000000048 9.17468245269451 10
5.385673129647168 7.368404487229018 10
-7.920324940927662 16.27243560212405 10
-6.162925576372252 1.858512973469408 10
7.918839378315894 16.27157999925702 10
-5.886133978851769 5.114254944392809 10
-5.839586705479641 9.510434460898423 10
3.679003864957528 1.635426651028061 10
5.841289541767104 13.10829200173523 10
-5.824189850512213 13.21602217917417 10
5.919155338674438 9.568403277454276 10
8.169872981077809 18.16987298107781 10
-8.169872981077807 1.830127018922193 10
-8.169872981077804 18.16987298107781 10
8.169872981077809 1.830127018922189 10
3.774959997639739 5.613793469519473 10
-2.494136964811316 3.498911377327149 10
3.552713678800501e-15 3.50480947161667 10
-4.9792885321255 3.492899947694702 10
-7.834936490538904 20 -1.25
1.429753976952771 20 7.751512379507687
1.25 20 -7.834936490538904
7.834936490538905 20 1.25
-7.834936490538905 20 3.75
-3.608313571765834 20 -7.953667349396786
7.677066481492574 20 -3.806937872588912
-3.966814136766451 20 7.759259687611429
6.261812847529203 20 7.584609264726243
-7.883069887360421 20 -6.239406576797809
6.259598665440869 20 -7.886761126323796
-7.834936490538905 20 1.25
-5.669872981077807 20 -1.77635683940025e-15
-5.669872981077807 20 -2.5
-3.504809471616712 20 -1.25
-3.504809471616713 20 1.25
-1.339745962155614 20 0
-1.323919580799432 20 -2.363760723114865
0.8464573360476937 20 -1.195246948457836
0.828840845429184 20 1.259125508590358
2.994491571244229 20 0.0106464266887496
2.991030190491186 20 2.501681287013525
3.013091499152736 20 -2.457053581566874
0.7864838288876257 20 3.683334681928701
5.155444566227672 20 -1.250000000000004
2.814407909644185 20 5.334489749784325
5.155444566227679 20 3.749999999999993
5.141812970010919 20 -3.681355612690345
2.831795076703893 20 -5.155381487416702
-1.345631032204643 20 2.490410031753175
-3.463923255307522 20 3.675885794593587
-1.323089126231173 20 4.889778838431841
-1.226385595294307 20 -7.88643589785174
-0.01067677421724333 20 -5.778242796765579
3.854780694555046 20 -7.796810330065153
-7.84295872334249 20 -3.748234429466303
-7.883069887360421 20 6.239406576797805
-1.289373369258193 20 7.436379562475373
3.81023508739597 20 7.792288224386283
7.834936490538908 20 -1.25
7.910136278271246 20 3.743782680303948
-5.883432082332073 20 -5.044095007668164
-3.501472976532614 20 -3.930578544051508
-5.457089798653143 20 5.377881956304639
-5.627594747955499 20 2.550627958483036
5.155444566227676 20 1.249999999999993
8.141487026530591 20 6.162925576372249
-6.271740258309272 20 7.919064495257484
-6.045309316760398 20 -7.646893436480587
7.900898703758084 20 -6.306324550243106
-2.329187606285378 20 -6.0074966832577
0.7438261057069315 20 -3.555126098892386
4.90980009262047 20 5.88813515420447
5.518505906238881 20 -5.809839271666148
0.4836366439990432 20 5.819099042425586
-3.100057937243296 20 5.827837167883374
-8.169872981077807 20 -8.169872981077807
-8.169872981077807 20 8.169872981077809
8.169872981077809 20 8.169872981077809
8.169872981077809 20 -8.169872981077807
-1.355800025115615 20 -4.374843371057037
6.495190528383294 20 -2.499999999999991
6.49519052838329 20 -7.105427357601002e-15
6.49519052838329 20 2.5
6.507100052305315 20 4.979288532125507
-4.272476694786649 20 -6.121212140423548
-7.751512379507702 8.570246023047233 -10
1.25 2.165063509461096 -10
1.249999999999996 17.8349364905389 -10
7.769105552882664 8.600718293199066 -10
-3.75 17.8349364905389 -10
-3.74378268030395 2.089863721728756 -10
7.759259687611422 13.96681413676644 -10
-7.759259687611434 13.96681413676645 -10
6.265956651352649 2.296617853671615 -10
-7.584609264726252 3.738187152470796 -10
6.239406576797808 17.88306988736042 -10
-6.23940657679781 17.88306988736042 -10
-5.388469699934138 15.46293068669731 -10
-2.564744949989032 15.63538259868105 -10
-3.75000000000002 13.50480947161671 -10
-1.260790824998191 13.49906107455058 -10
-2.501798470833061 11.33878789597792 -10
-0.002098215971898298 11.33862821828163 -10
-1.250649447800861 9.174336484352562 -10
1.249542056037843 9.174438500658507 -10
2.499573973344305 11.33951901283726 -10
-0.0001845652938747833 7.009520623170417 -10
2.499892915123958 7.009561897883561 -10
-2.500139002182493 7.009544895165925 -10
-1.25000000000006 4.844555433772315 -10
-4.915140165524791 11.32229068650861 -10
-3.732397330408285 4.953526284649946 -10
-5.341278373162711 7.195693835801084 -10
-0.01258929583121216 15.66316651783399 -10
3.681368373412385 9.214123585303028 -10
4.903330811512035 11.32898606141989 -10
3.661301586777441 13.46111126862365 -10
5.390009095453715 7.194029351413032 -10
3.749999999999934 4.844555433772285 -10
6.190479494528319 4.781114783186213 -10
-1.262889040970043 17.8280703495988 -10
2.483118715157698 15.66147220337164 -10
1.228085989746356 13.49382638258312 -10
5.373386885924861 15.45548797516884 -10
3.807652029646727 17.80582775940663 -10
-7.793096393836098 6.190967501347513 -10
-7.440002609202949 11.28925930644069 -10
-1.249999999999998 2.165063509461097 -10
7.440828869111822 11.29456897002111 -10
3.75 2.165063509461097 -10
1.249999999999936 4.844555433772303 -10
-3.750000000000048 9.17468245269451 -10
-7.920324940927662 16.27243560212405 -10
-6.162925576372252 1.858512973469408 -10
7.918529367831319 16.27154956503733 -10
7.926235302033078 6.221983704522023 -10
-5.886133978851769 5.114254944392809 -10
8.095129147843803 3.768602150371845 -10
5.836928540474524 9.526485252271225 -10
-5.839586705479641 9.510434460898423 -10
5.827621568187517 13.10139368239999 -10
-5.824189850512213 13.21602217917417 -10
8.169872981077809 18.16987298107781 -10
-8.169872981077807 1.830127018922193 -10
-8.169872981077804 18.16987298107781 -10
8.188103439148783 1.811896560851216 -10
-2.500000000000065 3.504809471616739 -10
-3.375077994860476e-14 3.504809471616702 -10
2.499999999999959 3.504809471616701 -10
4.999999999999922 3.50480947161672 -10
-4.9792885321255 3.492899947694702 -10
10 2.112482626893241 -1.341072760114338
10 11.28189726212457 7.785501216484381
10 17.8349364905389 -1.250000000000002
10 8.671007265708571 -7.880542966946084
10 6.531831444028581 7.636926467475412
10 17.85928507566945 3.802880122707588
10 13.96681413676645 -7.75925968761143
10 2.378553429932029 3.819153851866572
10 2.39478161164634 -6.034712579806596
10 15.9331586880466 7.810296156225817
10 17.88306988736042 -6.23940657679781
10 17.83858051592291 1.259530547765175
10 15.67006624650406 0.002305618608106741
10 15.66990519198218 -2.499615730231983
10 13.50484705100515 -1.249551685270644
10 13.52735568835489 1.287896135198013
10 11.34350992817672 0.006390741654564991
10 11.3403795530572 -2.498860157269345
10 9.175415378848299 -1.248744902602466
10 9.175431934723658 1.251274306508684
10 7.15083095992953 0.0004215673176961587
10 6.997197351394957 -2.412740541790376
10 7.050542045635519 2.470382507825722
10 9.181627883433045 3.745276135722403
10 4.84455543377232 1.249999999999988
10 6.904222514587254 4.921715476552656
10 9.048638446761407 6.23794110374817
10 4.538518712272182 5.857108575164421
10 11.33604206107361 5.031454420058447
10 13.53540408138126 6.445210308140712
10 13.64234036005761 3.970319713967132
10 15.72945091939161 5.288248811353382
10 11.36771797596992 2.548768575518206
10 15.68973102413504 2.554078841289812
10 13.46305964049841 -3.677155384763386
10 11.33462872403568 -4.919894767983479
10 15.45697102666675 -5.378008430647755
10 2.165063509461096 1.25
10 6.250000000000001 -7.834936490538903
10 7.478622218775755 -5.88654088914171
10 5.023614097260531 -6.024968852124058
10 11.32172868921066 -7.474016285410034
10 2.122179457735202 -3.60388508951503
10 4.440361682036282 -2.520291600863087
10 17.80748043275804 -3.811171789612924
10 8.871755260051906 -3.878667736439264
10 2.114127647140041 6.25
10 3.844375162129645 -7.980739459752207
10 16.27172611878708 -7.919079551726902
10 17.94346172881159 6.177332877430178
10 4.889727812310998 3.498547431775778
10 3.749971474408703 8.014565549766765
10 8.750000000000002 8.309285975249786
10 13.10864044343559 -5.841666911283217
10 9.526043594251437 -5.943511839520888
10 13.75 8.453248909484092
10 3.897441689279875 -0.5291767831927849
10 18.16987298107781 -8.169872981077811
10 1.830127018922193 -8.169872981077807
10 18.16987298107781 8.169872981077809
10 1.815186735605543 8.184813264394457
10 6.1825881036113 -4.20028313813803
10 5.466077423282593 -0.8423574717057125
10 3.504625025595201 2.488136537096674
10 3.945619709615801 -4.33109045042001
1.248359384782694 0.25 7.826515233429117
7.743415727812319 0.25 -1.431555726983623
-1.248749999999974 0.25 -7.827101554048367
-7.781860659808283 0.25 1.279282911854925
-3.798655916184615 0.25 7.850697409320316
7.75197936153337 0.25 3.961212815253461
3.739853032384217 0.25 -7.902727707924685
-7.631611112999968 0.25 -3.383857538603865
6.23328111453693 0.25 7.874989591734533
7.576305373899503 0.25 -6.258244616938669
-6.243749999999989 0.25 -7.82710155404836
-7.801915844124791 0.25 5.927020386040024
3.744752746422835 0.25 7.834083142214764
2.496897330965468 0.25 5.663067429895721
-0.002612254888949575 0.25 5.661896293842087
1.246817026151928 0.25 3.497391688222379
-1.289225676545644 0.25 3.519523946377253
-0.009894862441809088 0.25 1.336298472684748
2.49513359419275 0.25 1.332522214051102
1.244231271111594 0.25 -0.8320386973444752
-1.2558095724823 0.25 -0.8311742033421908
-0.005357366143091648 0.25 -2.997377807062188
2.49446465454607 0.25 -2.998111582060444
-2.505556726156162 0.25 -2.99639942176035
-3.754844990593503 0.25 -0.8308852954606313
1.243897784525811 0.25 -5.162871183996987
-5.005357067757808 0.25 -2.995657768272545
-3.738358826560497 0.25 -5.051444311141493
3.726108215736237 0.25 -5.05348193971162
5.334026605450329 0.25 -2.809214653252398
-6.250994096985294 0.25 -0.9036688348477838
-5.003867463544186 0.25 1.334468994334009
-6.437606569632453 0.25 3.531286118570904
-3.965884628447664 0.25 3.632422766449737
-5.27979704236909 0.25 5.722737642502862
3.673660391511263 0.25 3.454808677302383
4.897184697026239 0.25 1.308514175463299
3.7454762657187 0.25 -0.8335528415852053
-2.54658786567585 0.25 1.360109113507154
-1.256102067408027 0.25 -5.162011192075227
5.37263851155775 0.25 5.450461794911984
7.784376468332723 0.25 -3.808193917345422
-3.746249999999981 0.25 -7.827101554048357
-1.259391397416576 0.25 7.829696334703439
7.430616594722611 0.25 1.283461180963525
1.248750000000026 0.25 -7.827101554048372
-2.539948911048753 0.25 5.675016591273248
7.91123201589733 0.25 6.26511106006796
6.156574373557113 0.25 -8.135134925414189
-7.924107144787882 0.25 -6.126967300091848
-6.169446865713597 0.25 7.934226534818314
5.878980278076201 0.25 -4.887453849354634
-5.975914287583906 0.25 -4.998653295593386
5.83014397814604 0.25 -0.4964695730788808
-8.30758306151186 0.25 -1.248750000000026
5.825215911270246 0.25 3.09169172877893
-8.445772043077408 0.25 3.746249999999982
-8.161703108096724 0.25 8.161703108096722
8.161703108096722 0.25 8.161703108096724
8.161703108096724 0.25 -8.161703108096722
-8.161703108096722 0.25 -8.161703108096724
2.491943285495148 0.25 -6.492244148580316
-0.006559202498699077 0.25 -6.491119455103902
-2.506558835260158 0.25 -6.489526910512278
-4.793530025466794 0.25 -6.489407164033283
4.974084726962216 0.25 -6.50813411952506
1.248359384782694 19.75 7.826515233429117
7.743415727812319 19.75 -1.431555726983623
-1.248749999999974 19.75 -7.827101554048367
-7.781860659808283 19.75 1.279282911854925
-3.798655916184615 19.75 7.850697409320316
7.75197936153337 19.75 3.961212815253461
3.739853032384217 19.75 -7.902727707924685
-7.631611112999968 19.75 -3.383857538603865
6.23328111453693 19.75 7.874989591734533
7.576305373899503 19.75 -6.258244616938669
-6.243749999999989 19.75 -7.82710155404836
-7.801915844124791 19.75 5.927020386040024
3.744752746422835 19.75 7.834083142214764
2.496897330965468 19.75 5.663067429895721
-0.002612254888949575 19.75 5.661896293842087
1.246817026151928 19.75 3.497391688222379
-1.289225676545644 19.75 3.519523946377253
-0.009894862441809088 19.75 1.336298472684748
2.49513359419275 19.75 1.332522214051102
1.244231271111594 19.75 -0.8320386973444752
-1.2558095724823 19.75 -0.8311742033421908
-0.005357366143091648 19.75 -2.997377807062188
2.49446465454607 19.75 -2.998111582060444
-2.505556726156162 19.75 -2.99639942176035
-3.754844990593503 19.75 -0.8308852954606313
1.243897784525811 19.75 -5.162871183996987
-5.005357067757808 19.75 -2.995657768272545
-3.738358826560497 19.75 -5.051444311141493
3.726108215736237 19.75 -5.05348193971162
5.334026605450329 19.75 -2.809214653252398
-6.250994096985294 19.75 -0.9036688348477838
-5.003867463544186 19.75 1.334468994334009
-6.437606569632453 19.75 3.531286118570904
-3.965884628447664 19.75 3.632422766449737
-5.27979704236909 19.75 5.722737642502862
3.673660391511263 19.75 3.454808677302383
4.897184697026239 19.75 1.308514175463299
3.7454762657187 19.75 -0.8335528415852053
-2.54658786567585 19.75 1.360109113507154
-1.256102067408027 19.75 -5.162011192075227
5.37263851155775 19.75 5.450461794911984
7.784376468332723 19.75 -3.808193917345422
-3.746249999999981 19.75 -7.827101554048357
-1.259391397416576 19.75 7.829696334703439
7.430616594722611 19.75 1.283461180963525
1.248750000000026 19.75 -7.827101554048372
-2.539948911048753 19.75 5.675016591273248
7.91123201589733 19.75 6.26511106006796
6.156574373557113 19.75 -8.135134925414189
-7.924107144787882 19.75 -6.126967300091848
-6.169446865713597 19.75 7.934226534818314
5.878980278076201 19.75 -4.887453849354634
-5.975914287583906 19.75 -4.998653295593386
5.83014397814604 19.75 -0.4964695730788808
-8.30758306151186 19.75 -1.248750000000026
5.825215911270246 19.75 3.09169172877893
-8.445772043077408 19.75 3.746249999999982
-8.161703108096724 19.75 8.161703108096722
8.161703108096722 19.75 8.161703108096724
8.161703108096724 19.75 -8.161703108096722
-8.161703108096722 19.75 -8.161703108096724
2.491943285495148 19.75 -6.492244148580316
-0.006559202498699077 19.75 -6.491119455103902
-2.506558835260158 19.75 -6.489526910512278
-4.793530025466794 19.75 -6.489407164033283
4.974084726962216 19.75 -6.50813411952506
7.451610980034581 5.01933630205508 -7.448315587406816
-6.996078473372103 17.11921793555969 7.539979384032691
7.269342056560789 2.781379422901611 7.535086905427169
7.514257124549511 9.657228704873987 -7.158647909298985
-7.482813305155437 7.472065571199661 -7.243977409331665
-6.938615347092743 4.870220467803618 -7.551881456028108
7.540050242225943 17.16349063611658 7.411508259074786
-7.518215838938067 9.898762758026992 7.480934595041838
6.930686488277114 16.05250824855345 -7.534507059504627
-7.009673997357697 2.776778371349436 7.554631874132204
-7.610385560065712 12.66910726555453 7.553276147057716
-7.640500682738342 12.69144458626661 -7.179197284325088
7.521738833771215 12.3564584571593 -6.965097645588883
-7.526178426954781 17.22507993374879 -7.526089021015253
-7.624227938238151 10.07627569314325 -6.922419302721954
7.609464660408536 12.66910726555453 7.553276147057716
7.618484855656115 9.90383908219226 7.505472787573426
-7.393695224218179 7.207828733480938 7.537024299116026
-7.89976864190773 14.97341743391899 6.511496380058548

CELLS 5508 25290
1 0
1 1
1 2
1 3
1 4
1 5
1 6
1 7
1 8
1 9
1 10
1 11
1 12
1 13
1 14
1 15
1 16
1 17
2 0 18
2 18 19
2 19 20
2 20 21
2 21 22
2 22 23
2 23 24
2 24 25
2 25 26
2 26 27
2 27 28
2 28 29
2 29 30
2 30 31
2 31 32
2 32 33
2 33 34
2 34 35
2 35 36
2 36 37
2 37 0
2 1 38
2 38 39
2 39 40
2 40 41
2 41 42
2 42 0
2 1 43
2 43 44
2 44 45
2 45 46
2 46 47
2 47 48
2 48 49
2 49 50
2 50 51
2 51 52
2 52 53
2 53 54
2 54 55
2 55 56
2 56 57
2 57 58
2 58 59
2 59 60
2 60 61
2 61 62
2 62 1
2 3 63
2 63 64
2 64 65
2 65 66
2 66 67
2 67 68
2 68 69
2 69 2
2 2 70
2 70 71
2 71 72
2 72 73
2 73 74
2 74 75
2 75 76
2 76 4
2 5 77
2 77 78
2 78 79
2 79 80
2 80 81
2 81 82
2 82 83
2 83 4
2 3 84
2 84 85
2 85 86
2 86 87
2 87 88
2 88 89
2 89 90
2 90 5
2 3 91
2 91 92
2 92 93
2 93 94
2 94 95
2 95 96
2 96 97
2 97 6
2 6 98
2 98 99
2 99 100
2 100 101
2 101 102
2 102 103
2 103 104
2 104 7
2 2 105
2 105 106
2 106 107
2 107 108
2 108 109
2 109 110
2 110 111
2 111 7
2 4 112
2 112 113
2 113 114
2 114 115
2 115 116
2 116 117
2 117 118
2 118 8
2 7 119
2 119 120
2 120 121
2 121 122
2 122 123
2 123 124
2 124 125
2 125 8
2 5 126
2 126 127
2 127 128
2 128 129
2 129 130
2 130 131
2 131 132
2 132 9
2 9 133
2 133 134
2 134 135
2 135 136
2 136 137
2 137 138
2 138 139
2 139 8
2 6 140
2 140 141
2 141 142
2 142 143
2 143 144
2 144 145
2 145 146
2 146 9
2 10 147
2 147 148
2 148 149
2 149 150
2 150 151
2 151 152
2 152 153
2 153 11
2 11 154
2 154 155
2 155 156
2 156 157
2 157 158
2 158 159
2 159 160
2 160 12
2 12 161
2 161 162
2 162 163
2 163 164
2 164 165
2 165 166
2 166 167
2 167 13
2 13 168
2 168 169
2 169 170
2 170 171
2 171 172
2 172 173
2 173 174
2 174 10
2 14 175
2 175 176
2 176 177
2 177 178
2 178 179
2 179 180
2 180 181
2 181 15
2 15 182
2 182 183
2 183 184
2 184 185
2 185 186
2 186 187
2 187 188
2 188 16
2 16 189
2 189 190
2 190 191
2 191 192
2 192 193
2 193 194
2 194 195
2 195 17
2 17 196
2 196 197
2 197 198
2 198 199
2 199 200
2 200 201
2 201 202
2 202 14
3 0 322 18
3 37 319 0
3 0 319 42
3 42 322 0
3 1 320 38
3 38 321 1
3 43 320 1
3 1 321 62
3 18 302 19
3 18 322 302
3 19 298 20
3 19 302 298
3 20 204 21
3 20 298 204
3 21 293 22
3 204 293 21
3 22 216 23
3 22 293 216
3 23 291 24
3 216 291 23
3 24 205 25
3 24 291 205
3 25 279 26
3 205 279 25
3 26 306 27
3 279 306 26
3 27 210 28
3 27 306 210
3 28 292 29
3 210 292 28
3 29 217 30
3 29 292 217
3 30 288 31
3 217 288 30
3 31 207 32
3 31 288 207
3 32 276 33
3 207 276 32
3 33 312 34
3 276 312 33
3 34 203 35
3 34 312 203
3 35 317 36
3 203 317 35
3 36 271 37
3 36 317 271
3 271 319 37
3 39 266 38
3 38 297 39
3 266 321 38
3 38 320 297
3 39 212 40
3 40 213 39
3 39 297 212
3 213 266 39
3 41 222 40
3 40 277 41
3 212 277 40
3 40 222 213
3 42 219 41
3 41 220 42
3 219 222 41
3 41 277 220
3 42 319 219
3 220 322 42
3 44 221 43
3 221 320 43
3 45 294 44
3 44 294 221
3 46 214 45
3 214 294 45
3 47 289 46
3 46 289 214
3 48 208 47
3 208 289 47
3 49 287 48
3 48 287 208
3 50 309 49
3 49 309 287
3 51 211 50
3 211 309 50
3 52 318 51
3 51 318 211
3 53 323 52
3 282 318 52
3 52 323 282
3 54 206 53
3 206 323 53
3 55 303 54
3 54 303 206
3 56 295 55
3 295 303 55
3 57 215 56
3 215 295 56
3 58 286 57
3 57 286 215
3 59 209 58
3 209 286 58
3 60 290 59
3 59 290 209
3 61 218 60
3 218 290 60
3 62 296 61
3 61 296 218
3 62 321 296
3 203 273 272
3 272 317 203
3 203 274 273
3 203 312 274
3 204 298 262
3 262 307 204
3 204 307 293
3 205 328 279
3 291 314 205
3 314 328 205
3 299 323 206
3 206 324 299
3 303 324 206
3 207 311 276
3 207 288 285
3 285 311 207
3 287 313 208
3 208 326 289
3 313 326 208
3 209 315 286
3 290 315 209
3 210 301 292
3 210 325 301
3 306 325 210
3 211 269 265
3 265 309 211
3 211 281 269
3 211 318 281
3 212 278 277
3 212 300 278
3 297 300 212
3 222 223 213
3 223 224 213
3 224 266 213
3 261 294 214
3 214 305 261
3 289 305 214
3 236 295 215
3 215 310 236
3 286 310 215
3 216 316 291
3 293 327 216
3 216 327 316
3 217 292 241
3 241 304 217
3 217 304 288
3 218 296 224
3 224 308 218
3 218 308 290
3 219 270 222
3 219 271 270
3 219 319 271
3 220 277 263
3 263 280 220
3 280 302 220
3 302 322 220
3 294 300 221
3 221 300 297
3 297 320 221
3 222 270 223
3 223 225 224
3 223 226 225
3 223 270 226
3 225 308 224
3 224 296 266
3 226 227 225
3 227 228 225
3 228 308 225
3 226 273 227
3 270 272 226
3 272 273 226
3 227 229 228
3 227 230 229
3 227 273 230
3 229 315 228
3 290 308 228
3 228 315 290
3 230 231 229
3 231 232 229
3 232 315 229
3 230 275 231
3 273 274 230
3 274 275 230
3 231 233 232
3 231 234 233
3 231 275 234
3 233 310 232
3 232 310 286
3 286 315 232
3 234 235 233
3 235 236 233
3 236 310 233
3 234 285 235
3 275 311 234
3 234 311 285
3 235 237 236
3 235 238 237
3 235 285 238
3 237 240 236
3 240 295 236
3 238 239 237
3 239 268 237
3 237 268 240
3 238 241 239
3 238 304 241
3 285 304 238
3 241 242 239
3 242 243 239
3 243 268 239
3 268 324 240
3 240 303 295
3 240 324 303
3 241 301 242
3 292 301 241
3 242 244 243
3 242 267 244
3 242 301 267
3 244 245 243
3 245 299 243
3 243 299 268
3 244 246 245
3 244 247 246
3 244 267 247
3 246 281 245
3 281 282 245
3 282 299 245
3 247 248 246
3 248 269 246
3 269 281 246
3 247 249 248
3 247 264 249
3 247 267 264
3 249 250 248
3 250 251 248
3 251 269 248
3 249 314 250
3 264 328 249
3 249 328 314
3 250 252 251
3 250 284 252
3 250 314 284
3 252 253 251
3 253 265 251
3 265 269 251
3 252 254 253
3 252 255 254
3 252 284 255
3 254 313 253
3 253 287 265
3 253 313 287
3 255 256 254
3 256 257 254
3 257 313 254
3 255 283 256
3 255 316 283
3 284 316 255
3 256 258 257
3 256 259 258
3 256 283 259
3 258 305 257
3 305 326 257
3 257 326 313
3 259 260 258
3 260 261 258
3 261 305 258
3 259 262 260
3 259 307 262
3 283 307 259
3 260 278 261
3 262 263 260
3 263 278 260
3 278 300 261
3 261 300 294
3 262 280 263
3 262 298 280
3 277 278 263
3 267 325 264
3 264 306 279
3 279 328 264
3 264 325 306
3 287 309 265
3 296 321 266
3 301 325 267
3 299 324 268
3 271 272 270
3 271 317 272
3 274 276 275
3 274 312 276
3 276 311 275
3 298 302 280
3 281 318 282
3 282 323 299
3 283 327 307
3 316 327 283
3 284 314 291
3 291 316 284
3 288 304 285
3 289 326 305
3 307 327 293
3 18 364 0
3 0 353 37
3 0 364 353
3 19 331 18
3 331 364 18
3 20 358 19
3 19 358 331
3 21 357 20
3 357 358 20
3 22 333 21
3 333 357 21
3 23 365 22
3 22 365 333
3 24 363 23
3 363 365 23
3 25 330 24
3 330 363 24
3 26 360 25
3 25 360 330
3 27 359 26
3 359 360 26
3 28 336 27
3 336 359 27
3 29 355 28
3 28 355 336
3 30 332 29
3 332 355 29
3 31 354 30
3 30 354 332
3 32 361 31
3 31 361 354
3 33 335 32
3 335 361 32
3 34 356 33
3 33 356 335
3 35 329 34
3 329 356 34
3 36 337 35
3 35 337 329
3 37 334 36
3 334 337 36
3 37 353 334
3 337 338 329
3 338 346 329
3 346 356 329
3 330 349 348
3 348 363 330
3 330 350 349
3 330 360 350
3 331 358 347
3 347 362 331
3 362 364 331
3 351 352 332
3 332 354 351
3 352 355 332
3 345 347 333
3 333 348 345
3 347 357 333
3 333 365 348
3 334 338 337
3 334 339 338
3 334 353 339
3 346 351 335
3 335 356 346
3 351 361 335
3 344 350 336
3 336 352 344
3 350 359 336
3 336 355 352
3 339 340 338
3 340 346 338
3 339 341 340
3 339 362 341
3 353 362 339
3 341 342 340
3 342 343 340
3 343 346 340
3 341 345 342
3 341 347 345
3 341 362 347
3 342 344 343
3 342 349 344
3 345 349 342
3 344 352 343
3 343 351 346
3 343 352 351
3 349 350 344
3 348 349 345
3 347 358 357
3 348 365 363
3 350 360 359
3 354 361 351
3 353 364 362
3 43 1 401
3 1 62 390
3 1 390 401
3 44 43 368
3 368 43 401
3 45 44 395
3 44 368 395
3 46 45 394
3 394 45 395
3 47 46 370
3 370 46 394
3 48 47 402
3 47 370 402
3 49 48 400
3 400 48 402
3 50 49 367
3 367 49 400
3 51 50 397
3 50 367 397
3 52 51 396
3 396 51 397
3 53 52 373
3 373 52 396
3 54 53 392
3 53 373 392
3 55 54 369
3 369 54 392
3 56 55 391
3 55 369 391
3 57 56 398
3 56 391 398
3 58 57 372
3 372 57 398
3 59 58 393
3 58 372 393
3 60 59 366
3 366 59 393
3 61 60 374
3 60 366 374
3 62 61 371
3 371 61 374
3 62 371 390
3 374 366 375
3 375 366 383
3 383 366 393
3 367 385 386
3 385 367 400
3 367 386 387
3 367 387 397
3 368 384 395
3 384 368 399
3 399 368 401
3 388 369 389
3 369 388 391
3 389 369 392
3 382 370 384
3 370 382 385
3 384 370 394
3 370 385 402
3 371 374 375
3 371 375 376
3 371 376 390
3 383 372 388
3 372 383 393
3 388 372 398
3 381 373 387
3 373 381 389
3 387 373 396
3 373 389 392
3 376 375 377
3 377 375 383
3 376 377 378
3 376 378 399
3 390 376 399
3 378 377 379
3 379 377 380
3 380 377 383
3 378 379 382
3 378 382 384
3 378 384 399
3 379 380 381
3 379 381 386
3 382 379 386
3 381 380 389
3 380 383 388
3 380 388 389
3 386 381 387
3 385 382 386
3 384 394 395
3 385 400 402
3 387 396 397
3 391 388 398
3 390 399 401
3 69 2 463
3 2 70 463
3 3 63 461
3 84 3 461
3 76 4 462
3 4 83 462
3 77 5 460
3 5 90 460
3 63 64 411
3 63 411 461
3 64 65 445
3 411 64 445
3 65 66 403
3 65 403 445
3 66 67 440
3 403 66 440
3 67 68 410
3 67 410 440
3 68 69 449
3 410 68 449
3 449 69 463
3 70 71 454
3 70 454 463
3 71 72 407
3 71 407 454
3 72 73 455
3 407 72 455
3 73 74 404
3 73 404 455
3 74 75 458
3 404 74 458
3 75 76 412
3 75 412 458
3 412 76 462
3 78 77 413
3 413 77 460
3 79 78 447
3 78 413 447
3 80 79 405
3 405 79 447
3 81 80 414
3 80 405 414
3 82 81 408
3 408 81 414
3 83 82 452
3 82 408 452
3 83 452 462
3 85 84 450
3 450 84 461
3 86 85 441
3 441 85 450
3 87 86 406
3 406 86 441
3 88 87 444
3 87 406 444
3 89 88 409
3 409 88 444
3 90 89 451
3 89 409 451
3 90 451 460
3 403 440 459
3 445 403 446
3 446 403 459
3 429 404 431
3 404 429 455
3 431 404 432
3 432 404 458
3 414 405 415
3 415 405 416
3 416 405 447
3 406 441 442
3 406 442 457
3 444 406 457
3 428 407 429
3 407 428 430
3 429 407 455
3 407 430 454
3 408 414 436
3 434 408 436
3 408 434 452
3 409 439 451
3 439 409 456
3 409 444 456
3 430 410 449
3 410 430 453
3 440 410 466
3 410 453 466
3 411 443 450
3 443 411 467
3 411 445 467
3 411 450 461
3 432 412 434
3 412 432 458
3 434 412 452
3 452 412 462
3 413 439 447
3 439 413 451
3 451 413 460
3 414 415 436
3 415 416 417
3 415 417 418
3 415 418 436
3 417 416 437
3 437 416 439
3 439 416 447
3 418 417 419
3 419 417 420
3 420 417 437
3 418 419 435
3 433 418 435
3 418 433 436
3 419 420 421
3 419 421 422
3 419 422 435
3 421 420 448
3 420 437 438
3 420 438 448
3 422 421 423
3 423 421 424
3 424 421 448
3 422 423 425
3 422 425 426
3 422 426 435
3 423 424 465
3 425 423 427
3 427 423 465
3 446 424 464
3 424 446 465
3 424 448 464
3 426 425 428
3 425 427 453
3 428 425 453
3 426 428 429
3 426 429 431
3 426 431 435
3 440 427 459
3 427 440 466
3 453 427 466
3 459 427 465
3 430 428 453
3 430 449 454
3 431 432 433
3 431 433 435
3 433 432 434
3 433 434 436
3 438 437 456
3 437 439 456
3 444 438 456
3 438 444 457
3 448 438 457
3 442 441 443
3 443 441 450
3 442 443 464
3 442 448 457
3 448 442 464
3 464 443 467
3 445 446 467
3 446 459 465
3 446 464 467
3 454 449 463
3 2 69 526
3 105 2 526
3 63 3 525
3 3 91 525
3 97 6 527
3 6 98 527
3 104 7 528
3 7 111 528
3 64 63 476
3 476 63 525
3 65 64 508
3 64 476 508
3 66 65 468
3 468 65 508
3 67 66 480
3 66 468 480
3 68 67 472
3 472 67 480
3 69 68 518
3 68 472 518
3 69 518 526
3 91 92 515
3 91 515 525
3 92 93 473
3 92 473 515
3 93 94 507
3 473 93 507
3 94 95 469
3 94 469 507
3 95 96 509
3 469 95 509
3 96 97 478
3 96 478 509
3 478 97 527
3 98 99 516
3 98 516 527
3 99 100 474
3 99 474 516
3 100 101 510
3 474 100 510
3 101 102 470
3 101 470 510
3 102 103 511
3 470 102 511
3 103 104 479
3 103 479 511
3 479 104 528
3 106 105 477
3 477 105 526
3 107 106 524
3 106 477 524
3 108 107 471
3 471 107 524
3 109 108 522
3 108 471 522
3 110 109 475
3 475 109 522
3 111 110 517
3 110 475 517
3 111 517 528
3 480 468 481
3 481 468 482
3 482 468 508
3 497 469 509
3 469 497 521
3 507 469 521
3 510 470 531
3 470 511 530
3 470 530 531
3 498 471 499
3 471 498 522
3 499 471 500
3 500 471 524
3 472 480 512
3 502 472 512
3 472 502 518
3 473 506 515
3 506 473 523
3 473 507 523
3 474 510 529
3 516 474 533
3 474 529 533
3 494 475 498
3 475 494 520
3 498 475 522
3 517 475 520
3 476 506 508
3 506 476 515
3 515 476 525
3 500 477 502
3 477 500 524
3 502 477 518
3 518 477 526
3 509 478 519
3 516 478 527
3 478 516 533
3 519 478 533
3 511 479 532
3 479 517 520
3 517 479 528
3 479 520 532
3 480 481 512
3 481 482 483
3 481 483 484
3 481 484 512
3 483 482 504
3 504 482 506
3 506 482 508
3 484 483 485
3 485 483 486
3 486 483 504
3 484 485 513
3 484 501 512
3 501 484 513
3 485 486 487
3 485 487 488
3 485 488 513
3 487 486 514
3 486 504 505
3 486 505 514
3 488 487 489
3 489 487 490
3 490 487 514
3 488 489 491
3 488 491 492
3 488 492 513
3 489 490 493
3 491 489 503
3 489 493 503
3 493 490 496
3 496 490 497
3 497 490 514
3 492 491 494
3 494 491 495
3 495 491 503
3 492 494 498
3 492 498 499
3 492 499 513
3 493 496 529
3 503 493 531
3 493 529 531
3 494 495 520
3 495 503 530
3 520 495 532
3 495 530 532
3 496 497 519
3 496 519 533
3 529 496 533
3 497 509 519
3 497 514 521
3 499 500 501
3 499 501 513
3 501 500 502
3 501 502 512
3 530 503 531
3 505 504 523
3 504 506 523
3 505 507 521
3 507 505 523
3 514 505 521
3 529 510 531
3 530 511 532
3 2 592 70
3 105 592 2
3 76 593 4
3 4 593 112
3 7 594 111
3 119 594 7
3 118 591 8
3 8 591 125
3 70 543 71
3 70 592 543
3 71 569 72
3 543 569 71
3 72 534 73
3 72 569 534
3 73 570 74
3 534 570 73
3 74 541 75
3 74 570 541
3 75 582 76
3 541 582 75
3 582 593 76
3 106 583 105
3 583 592 105
3 107 539 106
3 539 583 106
3 108 571 107
3 107 571 539
3 109 535 108
3 535 571 108
3 110 587 109
3 109 587 535
3 111 574 110
3 574 587 110
3 111 594 574
3 112 545 113
3 112 593 545
3 113 538 114
3 113 545 538
3 114 568 115
3 538 568 114
3 115 536 116
3 115 568 536
3 116 577 117
3 536 577 116
3 117 544 118
3 117 577 544
3 544 591 118
3 120 542 119
3 542 594 119
3 121 572 120
3 120 572 542
3 122 537 121
3 537 572 121
3 123 576 122
3 122 576 537
3 124 540 123
3 540 576 123
3 125 584 124
3 124 584 540
3 125 591 584
3 534 569 561
3 561 586 534
3 534 586 570
3 535 597 571
3 575 579 535
3 535 587 575
3 579 597 535
3 562 566 536
3 536 568 562
3 566 577 536
3 537 581 572
3 576 590 537
3 537 590 581
3 545 546 538
3 546 547 538
3 547 568 538
3 571 596 539
3 539 598 583
3 596 598 539
3 540 584 567
3 567 588 540
3 540 588 576
3 546 582 541
3 541 589 546
3 570 589 541
3 572 573 542
3 573 574 542
3 574 594 542
3 543 585 569
3 543 592 583
3 583 598 543
3 543 598 585
3 544 577 567
3 567 584 544
3 584 591 544
3 545 582 546
3 545 593 582
3 546 548 547
3 546 589 548
3 548 549 547
3 549 562 547
3 562 568 547
3 548 550 549
3 548 559 550
3 548 589 559
3 550 551 549
3 551 563 549
3 549 563 562
3 550 552 551
3 550 580 552
3 559 580 550
3 552 553 551
3 553 554 551
3 554 563 551
3 552 555 553
3 552 557 555
3 552 580 557
3 553 578 554
3 555 556 553
3 556 578 553
3 554 564 563
3 554 565 564
3 554 578 565
3 555 579 556
3 557 558 555
3 558 579 555
3 556 581 578
3 579 595 556
3 556 595 581
3 557 560 558
3 557 561 560
3 557 580 561
3 560 596 558
3 558 597 579
3 596 597 558
3 570 586 559
3 559 589 570
3 559 586 580
3 561 585 560
3 585 598 560
3 560 598 596
3 569 585 561
3 580 586 561
3 563 566 562
3 564 566 563
3 565 588 564
3 564 567 566
3 564 588 567
3 576 588 565
3 565 590 576
3 578 590 565
3 567 577 566
3 571 597 596
3 572 581 573
3 573 575 574
3 573 595 575
3 581 595 573
3 575 587 574
3 575 595 579
3 581 590 578
3 4 656 83
3 112 656 4
3 77 655 5
3 5 655 126
3 8 657 118
3 139 657 8
3 132 658 9
3 9 658 133
3 78 608 77
3 608 655 77
3 79 634 78
3 78 634 608
3 80 599 79
3 599 634 79
3 81 610 80
3 80 610 599
3 82 603 81
3 603 610 81
3 83 635 82
3 82 635 603
3 83 656 635
3 113 646 112
3 646 656 112
3 114 606 113
3 606 646 113
3 115 636 114
3 114 636 606
3 116 600 115
3 600 636 115
3 117 637 116
3 116 637 600
3 118 607 117
3 607 637 117
3 118 657 607
3 126 647 127
3 126 655 647
3 127 604 128
3 127 647 604
3 128 631 129
3 604 631 128
3 129 601 130
3 129 631 601
3 130 633 131
3 601 633 130
3 131 609 132
3 131 633 609
3 609 658 132
3 133 648 134
3 133 658 648
3 134 605 135
3 134 648 605
3 135 638 136
3 605 638 135
3 136 602 137
3 136 638 602
3 137 639 138
3 602 639 137
3 138 645 139
3 639 645 138
3 645 657 139
3 610 611 599
3 611 612 599
3 612 634 599
3 600 637 624
3 624 653 600
3 600 653 636
3 601 632 627
3 627 633 601
3 631 632 601
3 638 661 602
3 602 662 639
3 661 662 602
3 603 643 610
3 635 642 603
3 642 643 603
3 604 649 631
3 647 664 604
3 604 664 649
3 605 652 626
3 626 660 605
3 605 660 638
3 648 652 605
3 636 654 606
3 642 646 606
3 606 654 642
3 607 651 637
3 607 657 645
3 645 663 607
3 607 663 651
3 634 640 608
3 640 647 608
3 647 655 608
3 633 652 609
3 609 652 648
3 648 658 609
3 610 643 611
3 611 613 612
3 611 614 613
3 611 643 614
3 613 641 612
3 612 640 634
3 612 641 640
3 614 615 613
3 615 616 613
3 616 641 613
3 614 628 615
3 614 629 628
3 614 643 629
3 615 617 616
3 615 618 617
3 615 628 618
3 617 650 616
3 616 659 641
3 650 659 616
3 618 619 617
3 619 621 617
3 621 650 617
3 618 620 619
3 618 622 620
3 618 628 622
3 620 644 619
3 619 623 621
3 619 644 623
3 622 624 620
3 624 625 620
3 625 644 620
3 623 626 621
3 626 627 621
3 627 650 621
3 622 653 624
3 628 630 622
3 630 653 622
3 623 660 626
3 644 661 623
3 623 661 660
3 624 651 625
3 637 651 624
3 625 662 644
3 651 663 625
3 625 663 662
3 626 652 627
3 632 650 627
3 627 652 633
3 629 630 628
3 629 654 630
3 629 643 642
3 642 654 629
3 636 653 630
3 630 654 636
3 631 649 632
3 649 659 632
3 632 659 650
3 635 646 642
3 635 656 646
3 660 661 638
3 639 663 645
3 662 663 639
3 641 664 640
3 640 664 647
3 641 659 649
3 649 664 641
3 644 662 661
3 3 84 723
3 91 3 723
3 90 5 724
3 5 126 724
3 6 97 725
3 140 6 725
3 132 9 722
3 9 146 722
3 84 85 674
3 84 674 723
3 85 86 705
3 674 85 705
3 86 87 665
3 86 665 705
3 87 88 706
3 665 87 706
3 88 89 672
3 88 672 706
3 89 90 712
3 672 89 712
3 712 90 724
3 92 91 713
3 713 91 723
3 93 92 670
3 670 92 713
3 94 93 707
3 93 670 707
3 95 94 666
3 666 94 707
3 96 95 709
3 95 666 709
3 97 96 673
3 673 96 709
3 97 673 725
3 126 127 676
3 126 676 724
3 127 128 669
3 127 669 676
3 128 129 700
3 669 128 700
3 129 130 667
3 129 667 700
3 130 131 704
3 667 130 704
3 131 132 675
3 131 675 704
3 675 132 722
3 141 140 717
3 717 140 725
3 142 141 715
3 715 141 717
3 143 142 668
3 668 142 715
3 144 143 708
3 143 668 708
3 145 144 671
3 671 144 708
3 146 145 714
3 145 671 714
3 146 714 722
3 665 692 705
3 692 665 719
3 665 706 719
3 666 707 727
3 709 666 728
3 666 727 728
3 667 693 700
3 693 667 701
3 701 667 704
3 697 668 715
3 668 697 718
3 708 668 718
3 676 669 677
3 677 669 678
3 678 669 700
3 707 670 726
3 670 713 730
3 726 670 730
3 671 703 714
3 703 671 720
3 671 708 720
3 677 672 712
3 672 677 721
3 706 672 721
3 673 699 717
3 699 673 729
3 673 709 729
3 673 717 725
3 674 705 716
3 674 713 723
3 713 674 730
3 674 716 730
3 675 703 704
3 703 675 714
3 714 675 722
3 676 677 712
3 676 712 724
3 677 678 679
3 677 679 721
3 679 678 680
3 680 678 693
3 693 678 700
3 679 680 681
3 679 681 690
3 679 690 721
3 681 680 682
3 682 680 702
3 680 693 702
3 681 682 683
3 681 683 711
3 690 681 711
3 683 682 684
3 684 682 685
3 685 682 702
3 683 684 686
3 683 686 688
3 683 688 711
3 684 685 694
3 686 684 687
3 687 684 694
3 694 685 695
3 695 685 696
3 696 685 702
3 686 687 710
3 688 686 689
3 689 686 710
3 687 694 697
3 687 697 698
3 687 698 710
3 688 689 691
3 688 691 692
3 688 692 711
3 691 689 726
3 689 710 727
3 726 689 727
3 706 690 719
3 690 706 721
3 690 711 719
3 692 691 716
3 716 691 730
3 691 726 730
3 705 692 716
3 711 692 719
3 693 701 702
3 694 695 718
3 697 694 718
3 695 696 720
3 695 708 718
3 708 695 720
3 701 696 702
3 696 701 703
3 696 703 720
3 698 697 699
3 699 697 715
3 698 699 729
3 710 698 728
3 728 698 729
3 699 715 717
3 703 701 704
3 707 726 727
3 709 728 729
3 727 710 728
3 6 789 98
3 140 789 6
3 104 791 7
3 7 791 119
3 125 790 8
3 8 790 139
3 133 788 9
3 9 788 146
3 98 739 99
3 98 789 739
3 99 773 100
3 739 773 99
3 100 731 101
3 100 773 731
3 101 768 102
3 731 768 101
3 102 738 103
3 102 768 738
3 103 777 104
3 738 777 103
3 777 791 104
3 119 782 120
3 119 791 782
3 120 735 121
3 120 782 735
3 121 783 122
3 735 783 121
3 122 732 123
3 122 783 732
3 123 786 124
3 732 786 123
3 124 740 125
3 124 786 740
3 740 790 125
3 134 741 133
3 741 788 133
3 135 775 134
3 134 775 741
3 136 733 135
3 733 775 135
3 137 742 136
3 136 742 733
3 138 736 137
3 736 742 137
3 139 780 138
3 138 780 736
3 139 790 780
3 141 778 140
3 778 789 140
3 142 769 141
3 769 778 141
3 143 734 142
3 734 769 142
3 144 772 143
3 143 772 734
3 145 737 144
3 737 772 144
3 146 779 145
3 145 779 737
3 146 788 779
3 731 787 768
3 773 774 731
3 774 787 731
3 757 759 732
3 732 783 757
3 759 760 732
3 760 786 732
3 742 743 733
3 743 744 733
3 744 775 733
3 734 770 769
3 734 785 770
3 772 785 734
3 756 757 735
3 735 758 756
3 757 783 735
3 735 782 758
3 736 764 742
3 762 764 736
3 736 780 762
3 737 779 767
3 767 784 737
3 737 784 772
3 758 777 738
3 738 781 758
3 768 794 738
3 738 794 781
3 739 778 771
3 771 795 739
3 739 795 773
3 739 789 778
3 760 762 740
3 740 786 760
3 762 780 740
3 780 790 740
3 741 775 767
3 767 779 741
3 779 788 741
3 742 764 743
3 743 745 744
3 743 746 745
3 743 764 746
3 745 765 744
3 765 767 744
3 767 775 744
3 746 747 745
3 747 748 745
3 748 765 745
3 746 763 747
3 761 763 746
3 746 764 761
3 747 749 748
3 747 750 749
3 747 763 750
3 749 776 748
3 748 766 765
3 748 776 766
3 750 751 749
3 751 752 749
3 752 776 749
3 750 753 751
3 750 754 753
3 750 763 754
3 751 793 752
3 753 755 751
3 755 793 751
3 774 792 752
3 752 793 774
3 752 792 776
3 754 756 753
3 753 781 755
3 756 781 753
3 754 757 756
3 754 759 757
3 754 763 759
3 768 787 755
3 755 794 768
3 781 794 755
3 787 793 755
3 758 781 756
3 758 782 777
3 759 761 760
3 759 763 761
3 761 762 760
3 761 764 762
3 766 784 765
3 765 784 767
3 772 784 766
3 766 785 772
3 776 785 766
3 770 771 769
3 771 778 769
3 770 792 771
3 770 785 776
3 776 792 770
3 792 795 771
3 773 795 774
3 774 793 787
3 774 795 792
3 782 791 777
3 147 853 10
3 10 853 174
3 11 854 153
3 154 854 11
3 12 855 160
3 161 855 12
3 13 856 167
3 168 856 13
3 148 846 147
3 846 853 147
3 149 800 148
3 800 846 148
3 150 839 149
3 149 839 800
3 151 796 150
3 796 839 150
3 152 808 151
3 151 808 796
3 153 804 152
3 804 808 152
3 153 854 804
3 155 843 154
3 843 854 154
3 156 801 155
3 801 843 155
3 157 840 156
3 156 840 801
3 158 797 157
3 797 840 157
3 159 837 158
3 158 837 797
3 160 805 159
3 805 837 159
3 160 855 805
3 162 844 161
3 844 855 161
3 163 802 162
3 802 844 162
3 164 841 163
3 163 841 802
3 165 798 164
3 798 841 164
3 166 838 165
3 165 838 798
3 167 806 166
3 806 838 166
3 167 856 806
3 169 845 168
3 845 856 168
3 170 803 169
3 803 845 169
3 171 850 170
3 170 850 803
3 172 799 171
3 799 850 171
3 173 852 172
3 172 852 799
3 174 807 173
3 807 852 173
3 174 853 807
3 808 809 796
3 809 810 796
3 810 839 796
3 797 837 825
3 825 849 797
3 797 849 840
3 838 859 798
3 798 858 841
3 798 859 858
3 799 827 826
3 826 850 799
3 799 828 827
3 799 852 828
3 800 842 830
3 830 846 800
3 839 842 800
3 836 843 801
3 801 851 836
3 840 851 801
3 841 857 802
3 802 861 844
3 857 861 802
3 803 826 822
3 822 848 803
3 803 850 826
3 803 848 845
3 804 836 808
3 804 843 836
3 804 854 843
3 805 847 837
3 805 855 844
3 844 861 805
3 805 861 847
3 806 860 838
3 845 848 806
3 806 856 845
3 848 860 806
3 807 830 828
3 828 852 807
3 807 846 830
3 807 853 846
3 808 836 809
3 809 811 810
3 809 831 811
3 809 836 831
3 811 812 810
3 812 842 810
3 810 842 839
3 811 813 812
3 811 814 813
3 811 831 814
3 813 834 812
3 812 834 829
3 829 842 812
3 814 815 813
3 815 816 813
3 816 834 813
3 814 833 815
3 831 832 814
3 832 833 814
3 815 817 816
3 815 818 817
3 815 833 818
3 817 819 816
3 819 820 816
3 820 834 816
3 818 821 817
3 817 835 819
3 821 835 817
3 818 824 821
3 818 825 824
3 818 833 825
3 819 822 820
3 819 823 822
3 819 835 823
3 822 826 820
3 826 827 820
3 827 834 820
3 824 857 821
3 821 858 835
3 857 858 821
3 823 848 822
3 835 859 823
3 823 860 848
3 859 860 823
3 825 847 824
3 847 861 824
3 824 861 857
3 833 849 825
3 837 847 825
3 828 829 827
3 829 834 827
3 828 830 829
3 830 842 829
3 831 851 832
3 836 851 831
3 832 849 833
3 840 849 832
3 832 851 840
3 858 859 835
3 838 860 859
3 841 858 857
3 175 919 14
3 14 919 202
3 15 920 181
3 182 920 15
3 16 921 188
3 189 921 16
3 17 922 195
3 196 922 17
3 176 912 175
3 912 919 175
3 177 866 176
3 866 912 176
3 178 905 177
3 177 905 866
3 179 862 178
3 862 905 178
3 180 874 179
3 179 874 862
3 181 870 180
3 870 874 180
3 181 920 870
3 183 909 182
3 909 920 182
3 184 867 183
3 867 909 183
3 185 906 184
3 184 906 867
3 186 863 185
3 863 906 185
3 187 903 186
3 186 903 863
3 188 871 187
3 871 903 187
3 188 921 871
3 190 910 189
3 910 921 189
3 191 868 190
3 868 910 190
3 192 907 191
3 191 907 868
3 193 864 192
3 864 907 192
3 194 904 193
3 193 904 864
3 195 872 194
3 872 904 194
3 195 922 872
3 197 911 196
3 911 922 196
3 198 869 197
3 869 911 197
3 199 916 198
3 198 916 869
3 200 865 199
3 865 916 199
3 201 918 200
3 200 918 865
3 202 873 201
3 873 918 201
3 202 919 873
3 874 875 862
3 875 876 862
3 876 905 862
3 863 903 891
3 891 915 863
3 863 915 906
3 904 925 864
3 864 924 907
3 864 925 924
3 865 893 892
3 892 916 865
3 865 894 893
3 865 918 894
3 866 908 896
3 896 912 866
3 905 908 866
3 902 909 867
3 867 917 902
3 906 917 867
3 907 923 868
3 868 927 910
3 923 927 868
3 869 892 888
3 888 914 869
3 869 916 892
3 869 914 911
3 870 902 874
3 870 909 902
3 870 920 909
3 871 913 903
3 871 921 910
3 910 927 871
3 871 927 913
3 872 926 904
3 911 914 872
3 872 922 911
3 914 926 872
3 873 896 894
3 894 918 873
3 873 912 896
3 873 919 912
3 874 902 875
3 875 877 876
3 875 897 877
3 875 902 897
3 877 878 876
3 878 908 876
3 876 908 905
3 877 879 878
3 877 880 879
3 877 897 880
3 879 900 878
3 878 900 895
3 895 908 878
3 880 881 879
3 881 882 879
3 882 900 879
3 880 899 881
3 897 898 880
3 898 899 880
3 881 883 882
3 881 884 883
3 881 899 884
3 883 885 882
3 885 886 882
3 886 900 882
3 884 887 883
3 883 901 885
3 887 901 883
3 884 890 887
3 884 891 890
3 884 899 891
3 885 888 886
3 885 889 888
3 885 901 889
3 888 892 886
3 892 893 886
3 893 900 886
3 890 923 887
3 887 924 901
3 923 924 887
3 889 914 888
3 901 925 889
3 889 926 914
3 925 926 889
3 891 913 890
3 913 927 890
3 890 927 923
3 899 915 891
3 903 913 891
3 894 895 893
3 895 900 893
3 894 896 895
3 896 908 895
3 897 917 898
3 902 917 897
3 898 915 899
3 906 915 898
3 898 917 906
3 924 925 901
3 904 926 925
3 907 924 923
4 504 822 482 483
4 572 294 735 930
4 809 811 831 494
4 50 855 673 928
4 844 673 50 855
4 882 616 613 615
4 572 261 581 944
4 878 895 908 629
4 572 735 261 944
4 50 805 855 928
4 845 55 856 933
4 294 572 735 261
4 803 169 845 508
4 925 649 631 604
4 760 934 762 943
4 725 673 855 928
4 805 789 855 928
4 490 497 824 496
4 197 869 911 634
4 294 572 573 930
4 770 769 928 931
4 461 411 856 933
4 184 185 906 602
4 157 156 840 470
4 855 789 725 928
4 856 55 806 933
4 298 762 934 943
4 845 411 55 933
4 758 735 294 930
4 715 928 769 931
4 572 581 537 944
4 620 624 622 877
4 805 50 739 928
4 845 856 411 933
4 847 496 519 533
4 461 856 723 933
4 805 739 789 928
4 770 928 265 931
4 672 939 677 941
4 677 939 217 941
4 913 871 927 652
4 488 811 492 491
4 847 824 861 519
4 501 484 512 829
4 115 114 636 905
4 507 94 93 798
4 897 875 902 624
4 217 721 304 939
4 819 816 820 483
4 890 652 927 627
4 762 204 760 943
4 869 634 599 612
4 269 928 697 931
4 600 875 653 624
4 468 508 803 482
4 543 585 937 945
4 713 806 55 933
4 50 309 739 928
4 844 50 805 855
4 572 294 300 261
4 717 789 778 928
4 450 411 461 933
4 567 934 540 943
4 725 789 717 928
4 882 885 886 613
4 673 725 717 928
4 723 713 674 933
4 300 572 261 581
4 762 298 204 943
4 542 572 782 930
4 50 673 729 928
4 56 55 411 295
4 668 715 769 931
4 218 937 585 945
4 567 298 934 943
4 829 812 842 501
4 475 808 110 517
4 494 492 811 491
4 758 294 735 261
4 762 204 298 934
4 272 938 271 946
4 217 939 288 941
4 261 300 581 944
4 524 500 477 800
4 819 820 822 483
4 740 934 760 943
4 543 569 585 945
4 828 807 852 472
4 49 50 309 739
4 572 735 782 930
4 734 668 769 931
4 55 730 713 933
4 411 295 55 933
4 889 925 926 664
4 778 789 739 928
4 572 537 735 944
4 288 939 439 941
4 573 294 300 572
4 205 936 767 940
4 543 937 454 945
4 542 573 572 930
4 626 623 621 891
4 895 878 900 629
4 546 271 938 946
4 770 734 769 931
4 720 279 328 936
4 248 931 695 940
4 409 439 939 941
4 546 929 317 946
4 886 885 888 613
4 546 271 589 938
4 218 430 937 945
4 270 935 559 938
4 328 720 936 940
4 503 493 849 531
4 661 644 623 915
4 654 908 630 636
4 221 573 44 930
4 304 288 217 939
4 899 884 881 621
4 713 55 54 730
4 770 265 251 931
4 280 567 588 943
4 586 935 223 945
4 454 937 430 945
4 217 677 721 939
4 303 730 55 933
4 543 454 569 945
4 50 729 211 928
4 249 248 695 940
4 55 856 806 845
4 265 928 269 931
4 821 835 858 521
4 56 55 845 411
4 490 496 825 493
4 824 821 497 818
4 409 939 672 941
4 672 721 677 939
4 567 280 298 943
4 757 261 735 944
4 905 876 908 636
4 739 49 50 805
4 270 226 935 938
4 303 54 55 730
4 740 762 760 934
4 218 308 430 945
4 271 546 317 946
4 25 26 910 675
4 314 205 767 940
4 540 934 740 943
4 294 221 44 930
4 248 718 695 931
4 676 677 29 941
4 782 735 758 930
4 889 901 925 649
4 271 317 272 946
4 720 703 279 936
4 25 26 675 936
4 871 741 24 936
4 294 758 214 261
4 871 24 25 936
4 314 767 784 940
4 720 279 264 328
4 559 270 223 935
4 729 50 51 673
4 24 767 205 936
4 706 690 939 942
4 238 304 721 939
4 300 573 572 581
4 741 767 24 936
4 238 939 690 942
4 443 932 295 933
4 673 50 51 844
4 467 56 411 295
4 735 756 758 261
4 430 308 428 945
4 278 581 300 944
4 218 585 224 945
4 532 530 495 851
4 221 575 44 573
4 808 796 809 475
4 442 457 236 932
4 767 936 737 940
4 252 250 785 251
4 783 735 537 944
4 328 249 720 940
4 859 823 860 523
4 457 236 932 942
4 671 936 720 940
4 806 55 54 713
4 294 573 221 930
4 784 767 737 940
4 586 223 224 945
4 759 943 260 944
4 910 25 675 936
4 238 690 719 942
4 456 439 288 939
4 217 30 29 941
4 795 309 771 739
4 541 546 938 946
4 431 935 226 938
4 695 720 249 940
4 695 931 708 940
4 261 278 300 944
4 760 204 262 943
4 721 690 238 939
4 646 896 642 606
4 585 218 598 937
4 456 288 285 939
4 718 248 269 931
4 49 309 795 739
4 589 541 546 938
4 777 758 45 930
4 574 44 573 930
4 295 411 443 933
4 588 567 540 943
4 712 451 672 941
4 270 226 223 935
4 833 818 490 815
4 29 677 217 941
4 411 467 295 443
4 252 250 766 785
4 35 929 452 946
4 546 271 317 929
4 873 894 918 603
4 449 60 430 937
4 785 251 250 931
4 718 269 697 931
4 487 514 818 490
4 739 309 771 928
4 532 495 520 836
4 205 328 936 940
4 264 249 720 328
4 431 227 226 935
4 762 21 20 736
4 718 248 246 269
4 408 34 35 434
4 261 735 756 757
4 187 188 871 648
4 636 876 630 653
4 429 228 225 945
4 712 672 677 941
4 451 439 409 941
4 237 711 268 719
4 451 409 672 941
4 692 268 711 719
4 719 690 706 942
4 780 762 20 736
4 788 741 921 936
4 540 740 786 943
4 35 452 434 946
4 823 848 860 506
4 567 584 540 934
4 211 699 697 928
4 407 569 454 945
4 287 309 771 795
4 762 780 20 934
4 262 204 298 943
4 729 51 50 211
4 695 718 708 931
4 324 240 716 933
4 721 304 238 241
4 675 26 703 936
4 324 716 303 933
4 225 935 429 945
4 236 295 443 932
4 567 19 544 934
4 454 430 407 945
4 452 408 35 434
4 586 224 561 945
4 489 487 815 490
4 443 442 236 932
4 703 279 264 720
4 574 44 575 573
4 439 413 31 941
4 457 235 236 942
4 308 218 430 290
4 741 871 921 936
4 429 225 227 935
4 265 269 251 931
4 530 503 495 851
4 757 754 258 759
4 668 718 697 931
4 522 796 475 498
4 719 932 237 942
4 590 537 581 944
4 817 815 487 818
4 756 214 758 261
4 758 294 214 930
4 559 589 270 938
4 238 719 237 942
4 758 45 738 777
4 699 729 673 928
4 259 260 258 759
4 770 251 785 931
4 26 279 703 936
4 584 740 540 934
4 838 713 54 670
4 262 260 759 943
4 259 258 754 759
4 225 429 227 228
4 606 896 642 654
4 439 31 288 941
4 561 224 585 945
4 456 288 439 285
4 457 236 448 442
4 892 869 916 599
4 771 792 287 795
4 719 692 237 932
4 771 265 770 928
4 585 218 296 598
4 692 237 268 719
4 766 785 250 931
4 450 443 411 933
4 690 721 238 241
4 226 273 431 938
4 248 695 718 694
4 881 617 619 621
4 223 586 559 935
4 430 60 449 410
4 280 565 588 564
4 757 260 261 944
4 576 565 943 944
4 835 823 859 523
4 694 697 718 246
4 803 826 850 468
4 692 324 240 716
4 567 298 19 934
4 211 697 269 928
4 428 228 429 945
4 582 929 541 946
4 541 929 546 946
4 690 238 719 239
4 762 20 21 204
4 203 35 34 434
4 296 218 585 224
4 258 261 757 260
4 25 910 871 936
4 246 697 718 269
4 559 935 570 938
4 260 757 258 759
4 205 314 328 940
4 241 721 304 217
4 259 262 260 759
4 408 35 34 918
4 673 51 709 844
4 290 430 308 428
4 224 223 586 580
4 718 248 694 246
4 758 214 45 930
4 776 252 785 251
4 567 302 19 298
4 247 249 248 695
4 902 875 651 624
4 910 675 921 936
4 586 561 224 580
4 843 801 45 777
4 771 792 265 309
4 236 464 442 443
4 539 800 583 61
4 590 581 278 944
4 695 248 247 694
4 871 910 921 936
4 430 60 290 937
4 867 780 20 736
4 240 692 716 933
4 802 709 51 844
4 756 258 261 757
4 719 237 711 239
4 762 20 204 934
4 917 625 662 644
4 757 735 783 944
4 771 792 309 287
4 431 429 227 935
4 706 690 721 939
4 708 720 695 940
4 649 925 664 604
4 237 719 238 239
4 760 262 204 761
4 285 439 456 437
4 713 54 806 838
4 546 545 36 929
4 757 759 260 944
4 432 938 273 946
4 786 740 760 943
4 430 290 218 937
4 785 770 776 251
4 29 904 676 872
4 699 211 729 928
4 691 303 324 716
4 846 61 583 800
4 249 247 264 695
4 721 241 679 217
4 670 713 54 730
4 457 448 236 235
4 737 936 671 940
4 788 921 722 936
4 224 585 296 560
4 296 598 218 937
4 675 26 910 704
4 675 703 26 704
4 296 61 598 937
4 438 939 285 942
4 426 227 429 228
4 669 29 904 676
4 45 843 777 930
4 117 870 607 118
4 211 698 697 699
4 921 675 722 936
4 909 780 20 867
4 561 585 224 560
4 306 703 26 279
4 766 931 250 940
4 428 308 228 945
4 204 762 760 761
4 582 546 541 929
4 697 269 281 211
4 45 738 214 758
4 698 697 281 211
4 501 830 502 500
4 694 248 247 246
4 801 738 45 777
4 237 268 711 239
4 766 314 784 940
4 679 721 217 677
4 20 21 867 736
4 273 432 431 938
4 464 236 295 443
4 766 252 785 776
4 205 25 24 936
4 263 943 565 944
4 738 46 45 214
4 544 19 870 934
4 262 759 760 943
4 621 626 890 627
4 409 439 456 939
4 539 61 583 598
4 625 651 902 663
4 704 26 910 868
4 676 669 29 677
4 792 770 771 265
4 844 478 97 527
4 431 227 273 226
4 434 203 35 946
4 803 845 848 508
4 289 46 794 781
4 253 770 265 251
4 25 279 26 936
4 709 729 51 673
4 309 792 265 287
4 215 467 464 443
4 767 765 314 784
4 307 204 262 761
4 544 577 19 567
4 771 309 265 928
4 303 716 730 933
4 696 264 247 695
4 713 730 674 933
4 413 911 31 941
4 60 449 807 937
4 262 760 759 761
4 270 548 271 589
4 565 576 590 944
4 780 909 20 934
4 544 19 577 870
4 577 302 19 567
4 766 250 314 940
4 705 441 450 933
4 467 215 295 443
4 830 829 842 501
4 665 932 719 942
4 452 35 873 929
4 61 583 598 937
4 240 932 692 933
4 883 887 901 650
4 692 240 237 932
4 209 59 453 466
4 699 673 717 928
4 583 61 846 937
4 565 590 263 944
4 280 302 567 298
4 662 661 602 906
4 530 840 470 531
4 545 546 36 538
4 873 642 603 635
4 59 60 290 410
4 622 879 628 618
4 290 60 430 410
4 900 629 628 614
4 263 280 588 943
4 222 550 559 580
4 268 240 237 692
4 587 44 575 574
4 60 852 410 59
4 769 771 770 928
4 433 432 273 946
4 225 228 308 945
4 253 776 770 251
4 26 25 910 927
4 871 903 24 741
4 588 565 263 943
4 691 730 303 716
4 258 756 754 757
4 546 36 271 929
4 264 696 703 720
4 285 207 439 437
4 235 438 285 942
4 205 291 314 767
4 670 838 713 166
4 431 404 935 938
4 284 765 766 784
4 575 43 44 587
4 545 36 912 538
4 314 284 766 784
4 867 184 906 639
4 207 439 288 285
4 205 24 291 767
4 788 779 741 936
4 218 290 60 937
4 430 428 407 945
4 559 586 570 935
4 36 545 912 929
4 20 870 19 934
4 265 792 770 253
4 732 943 759 944
4 538 36 912 866
4 443 441 932 933
4 413 439 31 447
4 300 221 294 573
4 214 756 305 261
4 704 703 26 306
4 741 775 24 767
4 765 314 291 767
4 45 46 738 801
4 674 705 450 933
4 779 714 737 936
4 765 284 314 784
4 741 779 767 936
4 904 194 676 872
4 464 295 215 443
4 272 273 938 946
4 705 85 450 441
4 739 771 778 928
4 861 51 50 844
4 588 280 564 567
4 411 845 56 445
4 775 24 903 741
4 798 858 859 507
4 692 691 324 716
4 296 218 61 937
4 738 794 46 781
4 279 306 703 264
4 428 308 290 228
4 194 669 904 676
4 588 576 565 943
4 162 709 802 844
4 428 426 429 228
4 894 873 896 642
4 806 54 55 860
4 19 874 577 870
4 720 671 703 936
4 808 44 587 574
4 538 546 36 271
4 788 722 779 936
4 705 716 692 933
4 739 837 773 49
4 410 453 59 466
4 565 590 578 263
4 270 550 548 559
4 766 250 284 314
4 302 564 280 567
4 263 565 588 280
4 736 762 21 764
4 837 739 805 49
4 29 30 926 872
4 214 294 45 930
4 456 285 438 939
4 222 550 270 559
4 546 271 548 589
4 895 894 896 642
4 737 714 671 936
4 804 45 44 930
4 445 56 411 467
4 804 44 574 930
4 800 539 583 148
4 570 589 559 938
4 431 227 429 426
4 714 779 722 936
4 575 44 43 221
4 49 309 287 795
4 268 324 240 692
4 317 271 36 929
4 709 162 673 844
4 227 225 226 935
4 902 870 909 607
4 779 737 767 936
4 559 223 222 580
4 482 506 848 822
4 292 29 678 677
4 31 911 30 941
4 56 467 215 295
4 577 180 544 870
4 44 808 804 574
4 433 273 203 946
4 222 550 548 270
4 705 692 932 933
4 450 674 85 705
4 266 557 561 560
4 433 431 273 432
4 258 305 756 261
4 534 935 586 945
4 773 49 795 739
4 292 217 29 677
4 235 457 438 942
4 240 295 932 933
4 911 413 31 447
4 726 54 206 691
4 582 541 412 946
4 269 246 697 281
4 439 288 31 207
4 224 266 561 560
4 541 458 412 946
4 800 583 846 148
4 910 609 132 131
4 234 235 448 438
4 120 782 542 572
4 719 665 692 932
4 263 565 280 564
4 697 699 715 928
4 806 713 838 166
4 836 809 494 520
4 868 26 910 927
4 324 303 240 933
4 451 672 89 712
4 453 425 428 228
4 443 441 442 932
4 678 29 669 677
4 690 719 711 239
4 775 291 24 767
4 714 737 145 779
4 441 705 86 932
4 766 772 785 931
4 302 19 18 577
4 247 244 685 246
4 296 61 62 539
4 54 53 838 670
4 20 909 870 934
4 54 806 838 860
4 52 709 802 163
4 457 448 235 438
4 214 305 756 781
4 236 295 215 464
4 766 772 931 940
4 187 903 871 741
4 539 296 61 598
4 221 300 595 573
4 452 929 412 946
4 904 29 926 872
4 288 31 30 941
4 281 246 697 687
4 155 801 843 777
4 764 762 21 204
4 87 406 665 942
4 176 545 912 538
4 36 37 538 271
4 270 223 222 559
4 224 561 557 580
4 756 305 258 753
4 518 807 502 472
4 280 262 298 943
4 729 698 211 699
4 754 756 258 753
4 737 671 144 940
4 548 270 559 589
4 709 51 52 802
4 218 224 308 945
4 838 53 165 670
4 266 561 557 224
4 912 176 538 866
4 141 717 778 928
4 671 708 144 940
4 87 665 706 942
4 766 250 252 284
4 769 141 778 928
4 548 219 222 270
4 51 861 802 844
4 694 685 244 246
4 903 187 775 741
4 235 448 233 234
4 672 451 89 409
4 878 877 879 622
4 910 190 704 868
4 406 441 86 932
4 705 932 441 933
4 45 804 843 930
4 730 54 726 691
4 737 714 145 671
4 292 679 217 677
4 298 204 20 934
4 173 449 807 852
4 694 247 685 246
4 449 430 454 937
4 223 559 586 580
4 443 450 441 933
4 756 214 781 758
4 885 883 659 616
4 580 557 224 213
4 869 911 634 914
4 71 407 569 454
4 229 227 230 426
4 27 26 704 868
4 180 577 874 870
4 837 739 773 159
4 447 439 31 207
4 306 701 703 264
4 572 120 782 735
4 238 285 939 942
4 582 412 929 946
4 729 51 211 318
4 438 234 285 437
4 452 919 462 929
4 239 690 238 241
4 703 704 701 306
4 448 233 236 235
4 708 931 772 940
4 870 20 19 902
4 690 721 241 679
4 598 296 585 560
4 454 569 71 543
4 285 235 234 438
4 156 801 840 511
4 87 706 444 942
4 792 776 770 253
4 246 694 697 687
4 853 449 463 937
4 541 938 458 946
4 143 772 708 931
4 190 675 910 704
4 772 144 708 940
4 548 219 550 222
4 556 278 578 581
4 304 285 288 939
4 248 250 931 940
4 802 52 163 841
4 907 868 27 191
4 754 258 259 256
4 452 873 919 929
4 226 272 273 938
4 467 445 56 215
4 868 704 27 191
4 45 44 836 804
4 837 739 159 805
4 801 155 738 777
4 587 152 808 574
4 795 287 49 773
4 705 665 86 932
4 853 807 449 937
4 845 411 169 445
4 296 266 224 560
4 307 259 763 761
4 290 453 428 228
4 665 719 706 942
4 780 867 183 736
4 685 696 267 247
4 278 263 590 944
4 165 798 53 838
4 864 193 28 904
4 43 44 587 808
4 425 453 315 228
4 696 703 701 264
4 236 240 295 932
4 585 598 543 937
4 737 144 772 940
4 688 324 268 692
4 690 239 681 241
4 534 586 561 945
4 691 303 206 324
4 750 754 258 257
4 538 546 271 547
4 438 285 456 437
4 406 87 444 942
4 464 424 310 448
4 781 214 738 758
4 52 709 163 666
4 35 36 896 929
4 434 433 203 946
4 444 706 939 942
4 544 584 567 934
4 875 897 877 624
4 769 715 141 928
4 435 431 227 273
4 449 173 410 852
4 763 754 259 256
4 229 230 435 426
4 406 86 665 932
4 28 29 904 669
4 708 668 143 931
4 447 911 869 31
4 236 464 448 442
4 715 717 141 928
4 873 35 896 929
4 221 595 575 573
4 539 800 61 62
4 770 785 734 931
4 325 702 696 267
4 573 300 595 581
4 217 241 679 292
4 227 435 230 426
4 287 48 49 773
4 918 201 408 452
4 569 561 585 945
4 728 729 318 709
4 665 406 932 942
4 444 939 438 942
4 759 763 259 761
4 684 685 244 694
4 909 780 867 183
4 580 224 223 213
4 248 249 250 940
4 730 54 670 726
4 318 729 51 709
4 678 679 292 677
4 804 808 152 574
4 110 109 808 475
4 277 554 565 564
4 257 754 258 753
4 214 738 46 781
4 318 51 728 709
4 241 680 681 679
4 430 453 290 410
4 217 288 30 941
4 904 193 28 669
4 75 412 541 458
4 674 730 716 933
4 445 57 56 215
4 257 750 754 753
4 540 124 786 740
4 260 943 263 944
4 247 685 696 695
4 143 734 772 931
4 293 22 21 742
4 290 453 430 428
4 734 143 668 931
4 46 289 214 781
4 708 671 720 940
4 462 593 582 929
4 679 241 680 292
4 448 234 438 420
4 60 830 61 937
4 236 310 233 448
4 53 707 165 670
4 271 37 538 547
4 582 412 462 929
4 36 912 896 929
4 233 310 424 448
4 317 929 35 946
4 830 800 846 477
4 794 47 46 289
4 227 431 435 426
4 437 234 285 311
4 239 683 711 681
4 258 750 257 256
4 764 204 293 307
4 696 264 267 247
4 917 358 897 357
4 851 395 394 831
4 847 49 805 50
4 406 457 932 942
4 808 475 520 517
4 244 684 694 246
4 439 451 413 941
4 712 677 676 941
4 539 62 296 596
4 24 23 291 775
4 873 896 912 929
4 28 192 864 907
4 164 53 798 841
4 258 754 750 256
4 75 412 582 541
4 444 706 88 939
4 680 681 242 241
4 870 902 909 20
4 61 830 846 937
4 324 688 691 692
4 238 235 285 942
4 281 698 211 318
4 894 865 918 603
4 201 918 873 452
4 437 438 234 420
4 182 183 909 645
4 598 539 296 596
4 272 226 270 938
4 442 406 457 932
4 540 124 740 584
4 310 236 464 448
4 913 24 25 871
4 278 578 581 590
4 652 648 871 609
4 211 698 729 318
4 875 358 19 331
4 50 211 309 928
4 564 302 566 567
4 573 542 574 930
4 809 395 368 44
4 278 578 590 263
4 843 45 836 804
4 777 854 791 930
4 429 407 428 945
4 852 472 67 480
4 707 52 164 666
4 752 793 313 774
4 34 200 414 408
4 404 429 431 935
4 917 21 20 357
4 325 696 264 267
4 455 534 72 945
4 871 910 927 609
4 290 453 59 410
4 88 706 672 939
4 227 230 435 273
4 174 807 853 518
4 229 435 422 426
4 445 467 446 215
4 200 865 34 414
4 191 704 27 667
4 60 807 830 937
4 794 755 47 289
4 795 774 287 773
4 760 759 732 943
4 431 432 404 938
4 241 681 690 679
4 425 229 426 228
4 247 685 695 694
4 851 832 831 394
4 898 357 917 897
4 452 462 412 929
4 452 412 434 946
4 906 184 602 639
4 764 204 307 761
4 744 291 775 767
4 46 851 45 394
4 840 156 511 470
4 219 548 271 270
4 454 592 463 937
4 192 28 27 907
4 52 53 164 841
4 289 753 305 781
4 300 556 595 581
4 843 854 777 930
4 222 40 551 552
4 816 381 379 815
4 342 344 882 881
4 551 550 222 552
4 893 338 895 329
4 827 375 366 829
4 577 566 302 567
4 873 202 919 635
4 48 287 774 773
4 204 764 762 761
4 877 339 879 341
4 811 813 376 378
4 711 243 683 239
4 846 830 807 937
4 906 742 21 22
4 683 239 242 681
4 402 797 849 400
4 363 863 915 365
4 534 569 72 945
4 349 891 899 348
4 386 833 825 385
4 672 409 88 939
4 293 743 22 742
4 413 911 197 447
4 26 27 704 306
4 243 683 239 242
4 437 285 207 311
4 763 259 754 759
4 777 782 758 930
4 773 158 48 837
4 314 284 765 291
4 683 243 686 684
4 252 748 766 284
4 252 776 253 251
4 245 686 243 684
4 917 358 357 902
4 851 395 836 394
4 773 48 49 837
4 261 260 278 944
4 212 278 578 556
4 272 203 273 946
4 549 41 550 222
4 711 690 239 681
4 566 302 18 577
4 21 764 293 742
4 825 386 385 367
4 891 349 330 348
4 732 759 757 944
4 234 448 233 420
4 557 266 224 213
4 455 72 407 945
4 453 290 315 228
4 421 233 234 231
4 256 747 750 254
4 565 578 554 277
4 307 293 764 746
4 446 57 445 215
4 845 55 56 848
4 265 211 269 928
4 278 556 300 581
4 455 429 935 945
4 34 200 408 918
4 267 702 696 685
4 925 926 664 904
4 544 870 920 934
4 290 59 453 209
4 326 753 305 289
4 456 438 444 939
4 454 543 592 937
4 252 749 254 253
4 722 675 714 936
4 301 680 241 292
4 765 316 745 291
4 407 72 569 945
4 21 764 204 293
4 549 41 551 550
4 711 268 688 243
4 902 358 357 20
4 428 425 426 228
4 554 41 551 563
4 203 317 35 946
4 595 556 300 297
4 19 875 902 358
4 225 223 226 935
4 818 497 824 490
4 544 920 591 934
4 816 815 817 381
4 881 882 883 344
4 200 34 865 918
4 28 700 192 667
4 911 447 869 197
4 874 18 19 577
4 433 203 436 434
4 44 836 809 395
4 426 229 227 228
4 868 27 26 907
4 768 840 46 47
4 251 269 248 931
4 508 803 65 468
4 41 551 550 222
4 570 935 404 938
4 707 52 53 164
4 692 665 705 932
4 653 876 630 622
4 895 893 900 338
4 827 829 834 375
4 910 871 927 25
4 805 844 861 50
4 463 449 454 937
4 668 708 718 931
4 30 911 872 941
4 422 230 435 229
4 742 906 21 184
4 193 700 28 669
4 209 58 59 466
4 836 394 395 45
4 580 222 550 213
4 534 455 935 945
4 59 799 172 440
4 233 421 234 420
4 900 882 343 886
4 834 816 820 380
4 345 881 899 349
4 833 815 382 386
4 746 763 307 283
4 274 433 203 436
4 253 265 792 287
4 747 256 255 254
4 203 312 274 436
4 54 53 798 838
4 755 753 289 781
4 203 34 312 436
4 300 556 212 297
4 794 46 47 768
4 431 435 433 273
4 160 805 789 855
4 877 897 331 362
4 811 368 831 399
4 404 570 73 935
4 387 824 396 397
4 350 359 890 360
4 542 782 594 930
4 28 29 864 904
4 192 27 28 667
4 762 740 780 934
4 823 506 860 523
4 466 209 58 427
4 34 414 312 436
4 243 711 268 239
4 878 877 339 879
4 376 812 813 811
4 580 223 222 213
4 576 943 732 944
4 219 549 548 550
4 207 447 439 416
4 390 812 371 376
4 878 353 334 339
4 383 827 375 366
4 893 346 338 329
4 274 433 435 273
4 911 31 30 914
4 409 444 88 939
4 753 326 755 289
4 462 919 593 929
4 546 271 547 548
4 912 545 919 929
4 799 852 59 172
4 711 688 268 692
4 749 750 747 254
4 550 219 549 222
4 879 880 341 342
4 813 814 379 378
4 400 402 385 849
4 363 915 348 365
4 242 301 680 241
4 262 263 260 943
4 280 220 263 564
4 919 545 593 929
4 804 594 854 930
4 291 23 744 775
4 552 580 550 213
4 790 584 591 934
4 193 864 604 904
4 271 547 548 219
4 41 549 219 222
4 23 186 775 903
4 749 252 776 253
4 815 379 382 386
4 345 349 342 881
4 802 51 52 841
4 58 826 372 393
4 851 836 495 532
4 348 345 898 899
4 382 832 833 385
4 401 810 796 1
4 257 258 305 753
4 740 584 790 934
4 565 263 277 564
4 721 672 706 939
4 812 829 371 375
4 895 878 334 338
4 21 736 742 184
4 47 755 794 768
4 840 768 46 156
4 594 804 574 930
4 400 49 48 837
4 594 782 791 930
4 761 763 307 746
4 846 477 105 526
4 803 57 56 445
4 832 384 831 394
4 897 898 357 347
4 922 724 676 941
4 744 765 745 291
4 54 53 670 726
4 344 887 883 350
4 381 821 387 817
4 29 28 678 669
4 126 872 647 655
4 813 814 815 379
4 880 879 881 342
4 534 455 73 935
4 179 18 536 862
4 814 811 384 378
4 877 880 347 341
4 846 853 583 937
4 307 764 761 746
4 728 729 698 318
4 922 413 460 941
4 732 122 576 944
4 583 853 592 937
4 891 349 899 884
4 833 386 825 818
4 271 319 37 547
4 898 348 899 915
4 832 833 385 849
4 436 34 414 408
4 717 140 778 789
4 206 688 691 324
4 61 842 374 371
4 252 766 748 776
4 697 281 687 698
4 723 84 461 450
4 884 891 349 330
4 825 818 386 367
4 883 882 885 352
4 816 817 819 389
4 421 233 448 420
4 460 712 724 941
4 299 688 206 324
4 281 282 710 698
4 379 382 814 815
4 880 345 342 881
4 552 550 222 213
4 837 400 797 48
4 666 163 52 841
4 404 73 455 935
4 447 31 32 207
4 753 756 305 781
4 842 390 812 371
4 353 908 878 334
4 342 882 340 879
4 379 377 816 813
4 797 48 47 731
4 350 887 883 884
4 821 387 817 818
4 534 73 570 935
4 894 918 34 35
4 842 61 374 830
4 822 819 391 388
4 885 354 351 888
4 775 24 23 903
4 332 888 354 885
4 822 819 369 391
4 920 909 790 934
4 274 433 273 203
4 246 245 684 687
4 780 790 909 934
4 764 743 293 742
4 245 243 244 684
4 310 446 465 424
4 732 576 123 943
4 243 688 711 683
4 592 853 463 937
4 570 404 74 938
4 900 893 346 338
4 834 827 375 383
4 835 389 817 373
4 352 901 883 336
4 27 210 693 306
4 84 723 674 450
4 310 236 215 464
4 21 736 764 742
4 728 51 52 709
4 815 833 382 814
4 881 345 899 880
4 434 432 433 946
4 885 882 886 343
4 816 819 820 380
4 739 160 805 789
4 627 633 927 923
4 331 18 19 875
4 440 59 58 466
4 678 679 680 292
4 191 27 907 667
4 539 800 62 149
4 923 26 927 360
4 809 43 44 368
4 796 535 151 43
4 645 909 607 663
4 620 644 625 897
4 28 29 678 292
4 435 230 274 273
4 460 451 712 941
4 701 696 264 325
4 50 397 824 367
4 890 25 330 360
4 311 437 234 420
4 564 280 220 302
4 763 259 307 283
4 131 910 609 633
4 892 33 335 356
4 922 911 413 941
4 158 797 48 837
4 383 820 380 834
4 346 343 886 900
4 908 36 337 334
4 907 923 924 359
4 900 878 628 629
4 923 868 26 907
4 329 35 337 894
4 707 798 53 165
4 58 440 466 427
4 478 805 516 527
4 798 859 54 838
4 831 809 395 368
4 875 897 358 331
4 316 765 284 291
4 22 23 863 733
4 344 342 882 343
4 381 816 379 380
4 724 460 90 712
4 347 880 898 345
4 832 814 384 382
4 883 887 336 901
4 817 821 835 373
4 36 908 337 896
4 779 146 722 788
4 842 390 62 839
4 863 363 903 23
4 291 744 765 767
4 851 46 370 394
4 21 917 333 357
4 253 792 752 287
4 140 717 725 789
4 151 587 43 535
4 445 803 57 170
4 563 42 562 322
4 925 864 29 904
4 263 262 280 943
4 23 24 363 903
4 37 36 538 866
4 281 282 687 710
4 465 427 315 423
4 172 410 59 440
4 275 420 234 231
4 22 23 733 216
4 814 811 831 384
4 877 880 897 347
4 624 620 897 877
4 281 282 698 318
4 444 438 457 942
4 924 27 907 359
4 733 743 22 216
4 193 28 700 864
4 700 28 693 667
4 287 792 752 774
4 264 306 701 325
4 813 816 379 815
4 342 882 879 881
4 842 61 62 371
4 61 842 62 800
4 295 303 55 933
4 701 704 27 306
4 344 887 336 883
4 381 821 817 373
4 359 350 890 887
4 824 387 396 821
4 364 876 0 862
4 689 686 282 710
4 390 842 812 810
4 908 353 878 876
4 453 290 209 315
4 287 752 313 774
4 852 410 59 172
4 749 747 255 254
4 763 750 754 256
4 48 402 400 797
4 684 694 246 687
4 123 540 786 943
4 710 687 281 698
4 875 897 902 358
4 831 809 836 395
4 368 399 384 831
4 362 897 331 347
4 289 755 47 208
4 396 824 857 397
4 359 890 360 923
4 766 784 772 940
4 299 689 686 282
4 872 922 676 941
4 810 796 1 839
4 895 878 908 334
4 812 829 842 371
4 153 594 854 804
4 149 800 62 839
4 297 555 38 579
4 491 831 495 503
4 865 356 894 34
4 810 390 1 401
4 345 341 880 342
4 378 382 814 379
4 768 794 46 738
4 231 275 420 419
4 688 206 689 299
4 828 366 60 374
4 345 898 333 348
4 832 382 370 385
4 421 234 420 231
4 19 298 20 934
4 425 423 422 229
4 826 58 799 393
4 896 894 337 35
4 582 545 546 929
4 451 90 460 712
4 804 153 594 574
4 688 689 206 691
4 38 39 555 297
4 821 857 858 396
4 923 887 924 359
4 243 683 244 684
4 455 407 429 945
4 786 732 123 943
4 811 368 809 831
4 875 897 331 877
4 861 397 51 857
4 851 395 831 836
4 917 358 902 897
4 185 22 863 733
4 682 242 683 244
4 541 74 458 938
4 48 208 787 774
4 714 779 146 722
4 890 887 923 359
4 821 824 857 396
4 60 852 59 828
4 186 23 863 903
4 391 398 56 822
4 294 44 45 930
4 419 230 275 418
4 684 244 245 246
4 543 598 583 937
4 709 52 728 666
4 33 34 865 414
4 293 307 327 746
4 381 821 373 387
4 344 887 350 336
4 854 154 777 791
4 250 251 248 931
4 339 340 879 341
4 376 813 377 378
4 418 274 433 435
4 808 587 43 151
4 732 783 122 944
4 578 565 263 277
4 49 847 805 837
4 698 282 710 318
4 337 895 329 894
4 366 828 829 374
4 47 157 797 731
4 834 484 513 501
4 440 410 59 466
4 537 576 122 944
4 810 811 376 399
4 877 876 339 362
4 847 367 50 824
4 330 913 25 890
4 776 752 749 253
4 48 731 158 773
4 439 207 416 437
4 28 27 693 667
4 52 164 666 841
4 693 210 702 325
4 802 51 841 857
4 123 576 540 943
4 212 278 556 300
4 898 333 357 347
4 370 384 832 394
4 296 598 596 560
4 332 888 885 889
4 822 819 823 369
4 458 74 404 938
4 541 570 74 938
4 348 898 333 915
4 370 832 385 849
4 239 242 681 241
4 696 701 702 325
4 547 271 319 219
4 231 230 419 422
4 400 837 797 825
4 363 863 903 891
4 214 289 305 781
4 367 847 50 49
4 332 888 889 354
4 822 369 823 391
4 208 755 47 787
4 18 302 566 322
4 149 571 62 539
4 703 671 714 936
4 913 903 24 871
4 179 536 18 577
4 151 43 808 796
4 862 179 18 874
4 902 357 917 20
4 62 839 571 149
4 28 864 924 907
4 798 53 858 841
4 170 57 445 403
4 60 830 828 374
4 782 542 594 119
4 749 255 252 254
4 562 568 0 319
4 894 873 918 35
4 863 906 365 22
4 840 797 402 47
4 599 80 916 610
4 575 320 595 221
4 823 859 860 54
4 748 255 252 749
4 393 799 828 59
4 918 610 81 603
4 670 53 707 726
4 783 537 122 944
4 799 59 58 440
4 243 683 242 244
4 27 192 907 667
4 796 150 839 522
4 876 875 364 362
4 809 810 401 399
4 254 749 752 253
4 680 678 210 693
4 286 446 465 310
4 908 630 629 654
4 812 390 810 376
4 878 353 339 876
4 582 412 76 462
4 184 867 21 736
4 23 863 363 365
4 238 285 304 939
4 913 330 25 24
4 593 582 76 462
4 371 390 62 842
4 53 54 206 726
4 184 867 906 21
4 801 156 840 46
4 424 310 446 464
4 544 870 181 920
4 29 889 925 926
4 740 125 790 584
4 414 33 34 312
4 912 175 919 545
4 444 87 88 706
4 125 591 790 584
4 927 890 627 923
4 144 772 708 143
4 154 777 843 854
4 746 747 283 316
4 575 320 43 535
4 1 390 810 839
4 891 863 915 363
4 825 849 797 400
4 877 876 878 339
4 810 811 812 376
4 593 919 175 545
4 922 195 676 724
4 394 836 851 45
4 468 850 66 480
4 312 415 418 436
4 320 297 595 221
4 922 460 413 196
4 361 354 31 888
4 683 682 244 684
4 920 181 544 591
4 53 798 707 164
4 391 819 369 388
4 885 354 332 351
4 415 418 274 312
4 297 556 555 579
4 362 877 897 347
4 399 384 831 811
4 797 402 849 840
4 906 365 915 863
4 774 731 48 773
4 578 212 553 554
4 908 905 353 876
4 390 842 810 839
4 555 38 558 266
4 33 892 865 356
4 748 252 776 749
4 884 883 350 344
4 817 818 387 381
4 229 422 425 426
4 701 27 693 306
4 667 704 27 701
4 380 817 816 389
4 883 343 882 352
4 894 895 896 337
4 830 828 374 829
4 919 873 912 929
4 60 852 828 807
4 23 186 733 775
4 806 55 848 860
4 871 913 927 25
4 847 861 50 805
4 400 837 825 49
4 822 803 398 56
4 42 562 319 549
4 769 778 771 928
4 806 55 845 848
4 875 18 19 874
4 315 286 465 423
4 744 733 23 216
4 782 594 791 119
4 21 917 20 867
4 330 350 890 360
4 387 824 397 367
4 32 447 207 416
4 43 808 809 44
4 344 352 883 336
4 389 817 373 381
4 743 293 327 746
4 553 555 39 556
4 369 55 54 860
4 895 337 338 334
4 371 829 374 375
4 549 41 42 563
4 156 768 46 738
4 905 0 876 862
4 551 41 40 222
4 170 803 57 850
4 594 791 854 930
4 192 700 28 864
4 398 372 826 388
4 335 361 892 351
4 353 876 0 364
4 745 747 746 316
4 323 689 299 282
4 872 30 926 914
4 47 48 208 787
4 276 416 311 417
4 405 416 32 415
4 897 357 358 347
4 831 384 395 394
4 905 908 353 37
4 30 872 911 914
4 592 583 147 853
4 167 723 856 713
4 903 363 891 24
4 283 747 763 256
4 826 57 58 372
4 463 853 174 449
4 790 920 182 909
4 58 403 850 171
4 814 831 832 384
4 880 897 347 898
4 210 678 680 292
4 182 780 790 909
4 358 331 897 347
4 368 384 395 831
4 209 459 58 427
4 924 27 28 907
4 53 52 858 841
4 874 179 18 577
4 427 286 465 315
4 748 765 766 284
4 365 906 915 333
4 402 849 840 370
4 405 32 33 415
4 774 287 792 795
4 396 52 51 857
4 348 891 915 363
4 385 849 825 400
4 416 437 311 417
4 583 846 147 853
4 319 562 568 547
4 446 445 57 403
4 850 826 57 58
4 851 46 45 801
4 552 39 40 553
4 414 415 312 436
4 561 569 534 945
4 441 406 442 932
4 362 341 877 347
4 399 384 811 378
4 402 48 47 797
4 174 807 449 853
4 893 335 886 346
4 827 820 372 383
4 799 393 828 827
4 356 865 894 893
4 282 686 245 687
4 687 282 686 710
4 714 675 703 936
4 686 688 243 683
4 361 888 892 351
4 398 826 822 388
4 882 342 340 343
4 377 379 816 380
4 210 301 702 325
4 926 30 29 332
4 842 61 830 800
4 231 230 422 229
4 39 557 555 552
4 700 678 28 669
4 329 356 34 894
4 286 232 465 423
4 293 22 743 216
4 777 791 782 930
4 225 308 224 945
4 879 878 340 339
4 812 813 377 376
4 297 300 595 221
4 811 368 399 809
4 877 331 875 362
4 826 803 57 398
4 556 555 39 297
4 905 866 37 177
4 848 823 55 391
4 26 923 359 360
4 796 150 1 839
4 861 824 397 857
4 927 890 923 360
4 458 938 432 946
4 52 707 727 666
4 752 313 253 287
4 196 413 922 911
4 210 678 28 693
4 336 27 924 359
4 396 52 858 373
4 39 38 555 266
4 43 320 575 221
4 842 829 374 371
4 908 337 895 334
4 865 892 893 356
4 826 799 827 393
4 33 414 415 312
4 54 53 859 798
4 37 905 177 568
4 869 888 361 31
4 302 220 564 566
4 384 832 382 370
4 347 898 333 345
4 829 830 842 374
4 908 896 895 337
4 743 733 744 216
4 321 558 266 560
4 415 274 276 312
4 311 417 420 275
4 566 563 562 322
4 467 446 215 464
4 310 215 446 464
4 29 28 864 925
4 424 421 232 233
4 265 309 211 928
4 30 889 914 354
4 462 452 202 919
4 847 367 825 49
4 841 51 52 857
4 860 54 369 823
4 685 267 682 244
4 281 245 246 687
4 335 893 886 892
4 820 827 372 826
4 447 32 869 198
4 796 535 1 150
4 283 763 259 256
4 815 818 381 386
4 349 344 881 884
4 717 715 699 928
4 552 39 557 213
4 876 0 905 353
4 751 257 750 254
4 310 465 232 424
4 26 25 927 360
4 886 885 343 351
4 820 819 388 380
4 870 607 118 657
4 809 796 43 401
4 862 18 364 875
4 579 297 595 320
4 869 31 32 447
4 920 790 591 934
4 570 586 534 935
4 29 889 926 332
4 863 185 906 22
4 157 797 840 47
4 322 0 562 536
4 188 871 921 741
4 788 741 188 921
4 908 36 37 866
4 552 222 40 213
4 403 170 57 850
4 283 327 746 316
4 816 389 819 380
4 882 352 343 885
4 728 52 51 318
4 734 785 772 931
4 738 46 156 801
4 36 908 37 334
4 908 36 866 896
4 676 872 195 922
4 883 343 344 882
4 380 817 381 816
4 205 279 25 936
4 420 234 311 275
4 418 419 230 435
4 913 330 24 891
4 46 851 370 840
4 917 21 333 906
4 745 316 765 284
4 693 678 28 700
4 33 405 199 916
4 202 873 919 452
4 59 366 828 393
4 882 340 900 343
4 377 816 834 380
4 23 22 863 365
4 28 27 210 693
4 705 674 716 933
4 376 375 812 371
4 338 339 878 334
4 276 32 416 415
4 48 47 731 787
4 293 743 764 746
4 680 301 210 292
4 867 645 909 183
4 244 685 267 247
4 686 688 299 243
4 349 344 342 881
4 381 379 815 386
4 579 320 575 535
4 894 893 329 356
4 828 827 393 366
4 752 751 749 254
4 305 257 753 326
4 70 454 592 463
4 402 370 385 849
4 333 348 915 365
4 878 900 340 338
4 377 834 812 375
4 882 879 900 340
4 813 816 834 377
4 853 846 807 937
4 543 70 454 592
4 424 421 233 448
4 321 596 571 597
4 860 369 55 823
4 37 908 353 334
4 231 421 232 422
4 435 419 230 422
4 49 367 825 400
4 422 232 231 229
4 682 685 244 684
4 800 830 846 61
4 587 575 43 535
4 817 815 818 381
4 883 881 344 884
4 535 796 1 43
4 321 571 1 597
4 347 341 880 345
4 382 814 384 378
4 558 557 555 266
4 927 913 652 890
4 590 576 537 944
4 256 750 257 254
4 397 396 51 857
4 578 278 212 277
4 330 350 884 890
4 387 818 824 367
4 787 731 48 774
4 255 283 747 316
4 889 885 332 901
4 835 819 369 823
4 276 33 32 415
4 32 447 405 198
4 926 332 889 30
4 768 47 755 787
4 36 35 317 929
4 403 57 58 850
4 888 361 892 869
4 826 398 822 803
4 333 357 917 898
4 851 370 832 394
4 813 811 814 378
4 877 879 880 341
4 814 833 382 832
4 880 899 898 345
4 549 548 547 219
4 208 48 287 774
4 819 817 835 389
4 901 352 883 885
4 390 1 62 839
4 363 24 330 891
4 702 701 693 325
4 667 27 693 701
4 236 237 240 932
4 886 335 892 351
4 388 372 826 820
4 680 301 682 702
4 874 902 870 19
4 207 416 437 311
4 776 792 752 253
4 276 417 275 418
4 810 809 401 796
4 875 862 876 364
4 349 330 350 884
4 818 387 386 367
4 765 748 745 284
4 343 346 340 900
4 380 377 383 834
4 571 839 1 150
4 220 277 263 564
4 808 836 44 804
4 320 595 579 575
4 256 283 747 255
4 547 319 562 549
4 42 562 549 563
4 51 50 397 861
4 892 888 886 351
4 826 822 388 820
4 731 797 48 158
4 682 681 242 680
4 810 811 399 809
4 875 876 877 362
4 418 230 275 274
4 376 390 810 399
4 339 876 353 362
4 806 167 856 713
4 549 42 41 219
4 866 538 37 177
4 423 425 315 229
4 178 0 905 862
4 875 19 902 874
4 742 743 22 733
4 453 209 427 315
4 320 597 1 535
4 836 44 809 808
4 85 84 674 450
4 277 41 554 563
4 742 906 185 22
4 784 737 772 940
4 553 40 551 277
4 906 22 333 365
4 840 370 47 402
4 554 553 551 277
4 901 659 883 650
4 896 866 912 36
4 562 566 322 536
4 858 821 396 373
4 336 924 887 359
4 286 459 58 209
4 552 555 39 553
4 401 810 390 399
4 364 353 876 362
4 866 896 912 606
4 707 52 727 53
4 341 877 339 362
4 376 399 811 378
4 837 825 49 847
4 459 446 57 403
4 705 86 85 441
4 812 834 829 375
4 895 878 338 900
4 893 892 335 356
4 827 826 393 372
4 850 65 803 468
4 186 863 23 733
4 922 460 724 941
4 299 688 324 268
4 198 32 869 916
4 477 105 106 846
4 72 71 407 569
4 848 391 56 822
4 710 728 698 318
4 58 850 799 171
4 800 842 62 839
4 406 444 457 942
4 437 311 417 420
4 750 763 747 256
4 570 541 589 938
4 588 540 576 943
4 715 141 142 769
4 710 52 727 728
4 728 282 52 318
4 710 282 52 728
4 902 867 909 20
4 536 0 178 862
4 322 566 18 536
4 903 891 913 24
4 320 1 43 535
4 245 299 686 282
4 123 732 122 576
4 0 905 568 178
4 73 74 570 404
4 243 299 686 245
4 404 455 429 935
4 751 752 313 254
4 440 58 459 427
4 440 403 58 171
4 207 416 311 276
4 536 18 0 862
4 555 557 39 266
4 266 557 39 213
4 571 1 62 321
4 245 281 282 687
4 315 427 453 425
4 401 368 809 399
4 331 364 875 362
4 274 418 230 435
4 232 310 424 233
4 375 812 377 376
4 338 339 340 878
4 862 874 875 600
4 562 0 42 319
4 255 747 748 745
4 554 551 41 277
4 276 418 274 415
4 165 707 798 164
4 666 164 163 841
4 799 826 850 58
4 801 836 843 45
4 361 869 32 892
4 745 327 743 216
4 883 343 352 344
4 380 817 389 381
4 212 553 39 556
4 459 57 58 403
4 681 242 683 682
4 867 902 917 20
4 536 566 18 577
4 159 160 805 739
4 61 218 60 937
4 796 535 150 151
4 433 274 418 436
4 825 824 818 367
4 891 884 890 330
4 278 578 263 277
4 803 56 57 398
4 840 768 157 47
4 199 405 33 414
4 549 319 42 219
4 803 845 56 848
4 192 193 700 864
4 185 742 22 733
4 596 571 62 321
4 231 420 421 419
4 735 572 120 121
4 899 884 349 881
4 833 818 815 386
4 748 255 745 316
4 751 753 326 755
4 177 538 37 568
4 825 367 385 400
4 330 348 363 891
4 702 301 682 267
4 329 34 35 894
4 924 28 27 336
4 858 52 53 373
4 354 914 31 888
4 191 907 192 667
4 727 282 52 710
4 260 263 278 944
4 417 420 275 419
4 801 836 45 851
4 809 43 368 401
4 18 331 364 875
4 405 32 198 916
4 900 878 340 879
4 834 377 812 813
4 544 591 584 934
4 1 62 839 571
4 57 446 459 286
4 745 743 744 216
4 178 179 536 862
4 282 323 689 710
4 229 425 315 228
4 594 574 542 930
4 920 870 909 934
4 847 367 824 825
4 913 330 891 890
4 322 18 0 536
4 268 299 688 243
4 465 232 286 310
4 369 391 55 823
4 266 296 321 560
4 453 209 466 427
4 790 780 740 934
4 916 199 33 865
4 905 177 568 178
4 385 833 382 386
4 345 348 349 899
4 744 23 733 775
4 320 579 597 535
4 901 352 885 332
4 819 369 389 835
4 335 32 33 892
4 422 423 232 229
4 210 28 678 292
4 289 794 755 781
4 423 232 421 422
4 554 220 563 564
4 165 838 670 166
4 916 892 33 32
4 187 903 648 871
4 37 0 568 319
4 354 30 889 332
4 873 894 896 35
4 316 745 748 284
4 286 459 209 427
4 424 465 232 423
4 551 41 549 563
4 307 327 746 283
4 409 88 89 672
4 216 23 744 291
4 275 231 230 419
4 768 157 47 731
4 596 62 296 321
4 20 19 902 358
4 671 145 737 144
4 869 911 914 31
4 892 865 916 33
4 597 321 596 558
4 595 556 297 579
4 786 760 732 943
4 432 458 404 938
4 826 803 850 57
4 152 153 804 574
4 682 702 267 685
4 802 709 162 163
4 732 757 783 944
4 842 830 501 500
4 378 813 377 379
4 340 879 341 342
4 927 868 26 923
4 746 327 743 745
4 257 751 753 326
4 279 205 328 936
4 558 557 266 560
4 249 314 250 940
4 255 748 252 284
4 419 275 417 418
4 405 33 414 415
4 874 862 875 18
4 808 43 809 796
4 312 418 274 436
4 412 458 432 946
4 276 417 418 415
4 140 778 141 717
4 749 751 750 254
4 830 60 828 807
4 838 859 54 860
4 383 393 372 827
4 893 335 346 356
4 395 45 44 836
4 412 76 75 582
4 451 89 90 712
4 558 321 596 560
4 556 39 212 297
4 232 286 315 423
4 317 203 272 946
4 124 125 740 584
4 799 58 59 393
4 370 47 46 840
4 333 21 22 906
4 926 647 872 914
4 146 779 714 145
4 354 889 914 888
4 822 848 391 823
4 1 43 796 401
4 908 905 866 37
4 925 926 904 29
4 747 763 746 283
4 843 804 854 930
4 742 906 184 185
4 746 327 745 316
4 859 823 369 54
4 848 56 803 822
4 728 710 282 318
4 748 255 316 284
4 351 343 886 346
4 388 820 380 383
4 1 571 150 535
4 40 551 552 553
4 891 348 915 899
4 849 385 825 833
4 745 255 747 316
4 60 59 366 828
4 419 421 231 422
4 29 889 332 925
4 444 409 456 939
4 848 823 860 55
4 583 592 543 937
4 927 913 890 25
4 824 847 861 50
4 890 927 25 360
4 50 861 824 397
4 840 832 851 370
4 898 906 917 333
4 552 40 39 213
4 821 396 373 387
4 887 350 336 359
4 34 33 865 356
4 58 799 440 171
4 301 682 242 680
4 188 187 871 741
4 52 727 728 666
4 539 800 149 148
4 801 840 511 530
4 879 628 878 622
4 924 864 355 925
4 858 798 859 392
4 446 286 215 310
4 150 571 839 149
4 159 158 837 474
4 296 596 321 560
4 352 355 901 336
4 392 389 835 373
4 418 275 276 274
4 879 882 615 881
4 865 199 33 414
4 30 889 926 914
4 552 557 580 213
4 752 313 254 253
4 377 383 834 375
4 346 338 340 900
4 332 352 885 351
4 389 388 369 819
4 840 530 503 531
4 906 662 661 644
4 143 142 734 668
4 851 46 801 840
4 21 917 867 906
4 319 568 37 547
4 827 828 829 366
4 894 893 895 329
4 865 894 918 34
4 255 748 747 749
4 802 861 51 857
4 750 257 751 753
4 539 571 62 596
4 199 865 200 414
4 820 819 822 388
4 885 886 888 351
4 593 545 582 929
4 832 840 849 370
4 906 898 915 333
4 405 33 32 916
4 240 303 295 933
4 578 212 554 277
4 86 87 406 665
4 351 886 335 346
4 820 388 372 383
4 233 421 232 231
4 416 207 32 276
4 459 58 57 286
4 803 169 170 445
4 47 768 731 787
4 180 544 870 181
4 905 0 37 353
4 166 838 806 473
4 869 31 914 888
4 349 350 344 884
4 818 387 381 386
4 859 858 835 507
4 884 887 890 350
4 824 821 818 387
4 840 768 156 157
4 327 293 743 216
4 724 712 676 941
4 597 1 38 320
4 549 547 319 219
4 689 726 206 691
4 282 52 323 727
4 813 485 816 815
4 173 174 807 449
4 726 689 323 727
4 460 413 451 941
4 726 53 707 727
4 42 0 562 322
4 566 302 220 322
4 901 924 355 925
4 859 858 392 835
4 669 904 193 194
4 777 843 155 154
4 391 56 55 848
4 162 673 844 161
4 53 726 323 727
4 53 54 859 392
4 867 906 662 639
4 0 568 536 178
4 867 663 645 639
4 684 245 686 687
4 890 884 621 627
4 32 447 416 405
4 454 71 70 543
4 650 901 632 887
4 925 332 901 889
4 859 835 369 823
4 828 852 59 799
4 28 29 355 925
4 922 872 911 941
4 868 190 704 191
4 727 689 323 710
4 798 858 53 392
4 864 355 28 924
4 895 338 337 329
4 374 829 366 375
4 799 172 440 171
4 60 61 830 374
4 0 18 364 862
4 876 636 905 862
4 286 57 446 215
4 327 745 316 216
4 545 912 175 176
4 643 894 895 642
4 202 873 201 635
4 473 838 806 860
4 568 538 37 547
4 158 159 837 773
4 35 36 337 896
4 510 531 840 797
4 434 412 432 946
4 427 209 286 315
4 905 37 0 568
4 415 276 33 312
4 58 459 403 440
4 869 197 447 198
4 554 212 553 277
4 389 380 388 819
4 352 343 885 351
4 194 676 872 195
4 315 232 423 229
4 869 892 916 32
4 555 558 38 579
4 242 682 267 244
4 869 32 31 361
4 787 208 793 774
4 237 235 238 942
4 372 826 57 398
4 425 315 427 423
4 726 206 53 323
4 328 314 249 940
4 689 686 688 299
4 155 738 156 801
4 0 568 562 536
4 38 297 579 320
4 793 755 326 208
4 638 906 661 863
4 176 538 866 177
4 554 277 220 564
4 321 1 38 597
4 311 276 417 275
4 914 31 30 354
4 460 17 922 724
4 13 461 856 723
4 16 722 788 921
4 14 593 462 919
4 790 15 920 591
4 651 607 902 663
4 791 854 11 594
4 463 592 10 853
4 417 276 416 415
4 12 725 855 789
4 206 726 689 323
4 863 186 185 733
4 40 41 551 277
4 193 192 631 864
4 184 183 867 736
4 392 858 53 373
4 924 355 28 336
4 202 873 452 201
4 893 886 900 346
4 820 827 834 383
4 862 636 600 653
4 837 158 797 474
4 424 232 421 423
4 563 220 42 322
4 755 326 751 793
4 511 801 532 479
4 183 182 909 780
4 119 782 542 120
4 187 775 186 903
4 848 506 806 860
4 192 631 864 907
4 802 95 509 469
4 553 39 40 212
4 411 168 845 169
4 134 135 605 903
4 346 893 356 329
4 366 393 383 827
4 242 682 301 267
4 822 391 398 388
4 888 361 354 351
4 577 874 179 180
4 257 751 313 254
4 553 212 578 556
4 558 38 321 266
4 326 755 289 208
4 157 797 731 158
4 675 910 189 190
4 901 355 352 332
4 369 389 835 392
4 617 615 882 881
4 147 846 583 148
4 801 511 103 479
4 332 925 901 355
4 835 859 369 392
4 579 597 38 320
4 166 167 806 713
4 793 755 208 787
4 135 863 638 605
4 520 532 836 479
4 887 901 924 336
4 835 821 858 373
4 647 904 926 872
4 42 41 220 563
4 901 355 924 336
4 835 858 392 373
4 52 53 323 727
4 32 335 361 892
4 167 166 806 515
4 38 321 597 558
4 323 689 206 299
4 859 54 369 392
4 220 563 566 322
4 29 355 925 332
4 876 636 862 653
4 612 599 869 892
4 152 808 804 517
4 220 277 554 563
4 799 172 171 480
4 518 853 846 807
4 629 878 630 908
4 797 510 529 474
4 534 72 73 455
4 526 846 477 518
4 834 484 501 829
4 841 469 802 857
4 864 28 355 925
4 53 859 798 392
4 865 610 199 200
4 220 563 564 566
4 487 816 485 815
4 911 196 413 197
4 123 540 124 786
4 808 152 587 151
4 41 277 220 563
4 301 702 325 267
4 541 74 75 458
4 107 108 471 839
4 609 871 652 927
4 14 593 919 175
4 16 722 921 189
4 592 147 10 853
4 856 461 13 168
4 790 920 15 182
4 922 17 195 724
4 723 856 13 167
4 15 181 920 591
4 460 922 17 196
4 594 854 11 153
4 40 553 212 277
4 606 866 896 654
4 854 11 154 791
4 725 161 12 855
4 864 631 193 604
4 751 752 793 313
4 323 282 727 710
4 101 470 157 510
4 808 475 809 520
4 90 17 460 724
4 722 146 16 788
4 128 193 631 604
4 504 822 483 819
4 804 153 152 517
4 861 847 533 805
4 594 11 791 119
4 725 12 140 789
4 519 861 533 478
4 198 199 405 916
4 809 475 796 498
4 571 1 597 535
4 136 602 638 185
4 811 831 494 491
4 616 613 885 882
4 137 184 639 602
4 479 104 103 843
4 903 605 134 648
4 912 112 113 646
4 875 653 624 622
4 173 410 852 172
4 903 134 187 648
4 612 869 914 888
4 506 806 515 476
4 459 286 465 427
4 876 878 630 622
4 660 638 863 605
4 194 904 647 872
4 462 202 14 919
4 803 468 482 826
4 10 463 853 174
4 160 12 855 789
4 788 188 16 921
4 912 175 112 646
4 171 66 850 480
4 537 121 783 122
4 156 470 102 511
4 850 403 170 171
4 914 640 608 634
4 76 14 593 462
4 591 790 15 125
4 646 113 912 606
4 80 199 916 610
4 610 81 200 918
4 461 13 84 723
4 108 839 150 522
4 558 597 38 579
4 192 601 907 191
4 201 408 200 918
4 592 10 70 463
4 446 459 286 465
4 836 479 843 804
4 520 479 804 517
4 313 793 326 208
4 135 186 863 903
4 603 894 642 873
4 483 816 486 819
4 199 916 610 865
4 631 192 601 907
4 912 176 866 606
4 850 799 171 480
4 793 326 751 313
4 874 637 116 117
4 482 508 803 848
4 907 601 868 191
4 811 488 814 491
4 192 129 631 601
4 605 135 863 903
4 520 475 809 494
4 116 600 637 874
4 257 751 326 313
4 476 806 845 848
4 655 17 195 922
4 856 525 13 167
4 528 11 854 153
4 13 525 856 168
4 15 181 657 920
4 919 656 14 175
4 854 154 11 528
4 855 161 12 527
4 922 655 17 196
4 853 147 10 526
4 920 657 15 182
4 658 16 921 189
4 902 607 909 663
4 803 482 848 822
4 839 108 471 522
4 484 827 512 829
4 172 852 67 480
4 864 925 604 904
4 608 911 914 634
4 495 831 494 836
4 504 506 822 823
4 99 474 159 516
4 166 515 92 473
4 868 910 190 633
4 172 799 852 480
4 200 865 610 918
4 131 190 910 633
4 889 664 926 914
4 506 806 476 848
4 656 14 202 919
4 10 853 526 174
4 103 155 801 843
4 479 836 520 804
4 921 188 16 658
4 855 12 160 527
4 646 912 896 606
4 883 616 882 617
4 640 608 647 914
4 176 912 113 606
4 876 630 908 636
4 659 901 632 650
4 501 499 812 842
4 515 806 506 860
4 888 641 613 885
4 881 619 899 621
4 828 502 807 472
4 614 886 893 611
4 837 529 533 474
4 875 862 600 653
4 880 618 619 881
4 806 515 166 473
4 840 470 531 510
4 514 818 817 487
4 490 815 489 833
4 488 814 489 815
4 816 486 817 487
4 132 658 609 910
4 532 836 479 843
4 500 830 477 800
4 810 499 812 492
4 827 481 820 484
4 906 661 602 638
4 899 621 623 891
4 479 103 801 843
4 647 926 640 914
4 198 869 79 916
4 65 803 170 850
4 494 520 495 836
4 633 868 910 927
4 802 509 861 857
4 808 152 110 517
4 821 497 818 514
4 506 848 822 823
4 825 833 490 493
4 605 903 913 871
4 508 476 845 848
4 924 864 631 907
4 884 650 627 887
4 804 808 520 517
4 196 655 77 608
4 923 633 868 601
4 526 853 846 518
4 655 872 647 608
4 628 615 879 900
4 927 633 868 923
4 173 807 68 852
4 196 922 655 608
4 922 196 911 608
4 911 872 922 608
4 622 624 875 877
4 920 182 909 645
4 805 533 861 478
4 870 607 920 909
4 854 528 153 804
4 657 181 870 920
4 846 147 853 526
4 476 856 525 168
4 856 806 845 476
4 919 175 912 646
4 476 845 856 168
4 147 846 105 526
4 804 479 528 517
4 631 864 925 604
4 813 834 485 513
4 181 870 118 657
4 658 132 189 910
4 662 602 639 906
4 154 843 104 528
4 470 840 530 511
4 202 635 83 656
4 174 526 69 518
4 655 195 872 922
4 843 479 104 528
4 519 861 847 533
4 612 914 640 888
4 139 182 657 645
4 652 913 626 890
4 167 525 91 515
4 175 656 112 646
4 844 161 855 527
4 921 658 189 910
4 202 635 656 919
4 853 526 174 518
4 843 154 854 528
4 476 525 63 168
4 182 920 657 645
4 918 865 610 603
4 133 188 648 658
4 175 919 656 646
4 872 126 195 655
4 161 844 97 527
4 601 923 924 907
4 868 923 601 907
4 601 924 631 907
4 658 871 648 609
4 815 487 818 490
4 633 910 609 927
4 635 656 919 646
4 903 605 648 871
4 604 925 664 904
4 509 802 469 857
4 516 160 98 527
4 872 655 922 608
4 837 797 529 474
4 640 926 664 914
4 806 515 473 860
4 496 519 824 847
4 663 645 909 867
4 801 532 479 843
4 605 863 660 903
4 649 925 889 664
4 870 607 657 920
4 880 877 897 620
4 817 816 819 486
4 822 482 506 504
4 411 63 461 168
4 485 813 513 488
4 7 119 11 594
4 84 3 723 13
4 3 84 461 13
4 77 413 460 196
4 891 884 899 621
4 70 2 463 10
4 916 79 80 599
4 107 539 571 149
4 813 812 834 513
4 900 628 615 614
4 878 630 628 629
4 862 875 876 653
4 876 877 878 622
4 901 887 924 632
4 486 504 483 819
4 94 666 707 164
4 819 822 823 504
4 867 906 917 662
4 486 816 483 485
4 64 411 445 169
4 483 820 481 484
4 482 506 508 848
4 403 65 445 170
4 850 66 65 468
4 69 449 463 174
4 109 535 587 151
4 803 822 826 482
4 508 506 476 848
4 883 884 887 650
4 896 866 908 654
4 92 670 713 166
4 670 93 707 165
4 507 859 473 523
4 473 515 506 860
4 506 473 860 523
4 823 504 506 523
4 667 129 700 192
4 128 669 700 193
4 647 926 664 640
4 5 90 724 17
4 669 127 676 194
4 676 126 724 195
4 413 78 447 197
4 641 612 640 888
4 79 405 447 198
4 664 889 649 641
4 888 885 889 641
4 641 613 612 888
4 649 901 632 659
4 885 641 613 616
4 876 878 908 630
4 641 885 659 616
4 888 869 892 612
4 885 883 901 659
4 886 892 893 611
4 886 893 900 614
4 879 882 900 615
4 892 612 599 611
4 613 886 614 611
4 643 895 629 642
4 405 80 414 199
4 81 408 414 200
4 893 894 895 643
4 918 81 82 603
4 893 614 611 643
4 603 894 643 642
4 408 82 452 201
4 76 4 593 14
4 452 83 462 202
4 113 538 545 176
4 878 628 630 622
4 538 114 568 177
4 583 105 592 147
4 807 828 830 502
4 826 820 827 481
4 512 481 827 484
4 149 148 800 524
4 472 67 68 852
4 502 828 512 472
4 410 67 440 172
4 66 403 440 171
4 468 482 826 481
4 827 820 834 484
4 477 502 830 500
4 812 513 499 501
4 514 817 486 487
4 814 815 833 489
4 834 484 485 513
4 499 810 498 492
4 812 810 842 499
4 842 501 499 500
4 151 150 796 522
4 535 108 571 150
4 539 106 583 148
4 800 830 842 500
4 7 119 791 11
4 499 513 812 492
4 498 809 475 494
4 809 796 810 498
4 808 809 836 520
4 738 103 777 155
4 836 831 851 495
4 494 831 495 491
4 811 813 814 488
4 489 814 488 491
4 811 814 831 491
4 519 824 497 496
4 797 840 849 531
4 833 825 849 493
4 836 801 843 532
4 731 101 768 157
4 777 104 791 154
4 816 813 834 485
4 882 883 885 616
4 536 116 577 179
4 115 536 568 178
4 875 874 902 651
4 544 118 591 181
4 8 125 591 15
4 125 8 790 15
4 897 902 917 625
4 867 902 909 663
4 138 736 780 183
4 736 137 742 184
4 619 899 621 623
4 906 863 915 661
4 620 625 624 897
4 879 615 628 618
4 619 620 618 880
4 146 9 722 16
4 890 891 913 626
4 881 880 899 619
4 882 881 883 617
4 615 882 616 617
4 616 883 659 650
4 617 619 618 881
4 879 880 881 618
4 883 616 617 650
4 733 135 775 186
4 136 733 742 185
4 891 863 903 660
4 913 626 605 652
4 660 623 626 891
4 130 667 704 191
4 741 133 788 188
4 132 675 722 189
4 675 131 704 190
4 884 650 621 627
4 609 652 633 927
4 652 633 927 627
4 626 652 890 627
4 627 650 632 887
4 632 924 631 601
4 923 627 633 601
4 887 890 923 627
4 887 884 890 627
4 739 99 773 159
4 493 496 825 529
4 818 817 821 514
4 673 97 725 161
4 497 821 521 514
4 96 673 709 162
4 469 497 509 857
4 666 95 709 163
4 469 858 507 521
4 814 813 815 488
4 486 816 485 487
4 815 816 817 487
4 487 488 489 815
4 497 818 514 490
4 160 159 805 516
4 489 490 833 493
4 797 825 837 529
4 100 731 773 158
4 805 837 847 533
4 805 516 533 478
4 509 861 519 478
4 478 97 96 844
4 844 805 861 478
4 6 140 725 12
4 808 836 804 520
4 818 825 833 490
4 824 821 857 497
4 68 410 449 173
4 90 5 460 17
4 4 76 462 14
4 146 9 16 788
4 139 780 790 182
4 878 879 900 628
4 891 899 915 623
4 98 739 789 160
4 102 738 768 156
4 91 713 723 167
4 117 544 577 180
4 70 2 10 592
4 134 741 775 187
4 574 110 587 152
4 825 824 847 496
4 111 574 594 153
4 6 140 12 789
4 828 827 829 512
4 811 810 812 492
4 112 545 593 175
4 801 836 851 532
4 809 831 836 494
4 829 827 834 484
4 840 801 851 530
4 641 888 914 889
4 914 888 641 640
4 914 664 641 889
4 641 664 914 640
4 824 825 490 496
4 824 490 825 818
4 521 507 835 858
4 521 835 507 505
4 849 840 503 531
4 849 503 840 832
4 915 906 644 898
4 915 644 906 661
4 647 664 904 604
4 647 904 664 926
4 642 896 629 654
4 642 629 896 895
4 908 629 896 654
4 908 896 629 895
4 931 715 697 668
4 931 697 715 928
4 938 271 270 272
4 938 270 271 589
4 159 805 474 837
4 159 474 805 516
4 533 474 805 837
4 533 805 474 516
4 941 29 872 30
4 941 872 29 676
4 723 450 933 674
4 933 450 723 461
4 891 890 621 626
4 891 621 890 884
4 856 411 168 845
4 168 411 856 461
4 620 622 880 877
4 620 880 622 618
4 879 880 622 877
4 879 622 880 618
4 945 223 225 935
4 945 225 223 224
4 649 901 641 889
4 649 641 901 659
4 885 641 901 889
4 885 901 641 659
4 761 259 262 307
4 761 262 259 759
4 805 160 527 855
4 805 527 160 516
4 624 651 874 875
4 874 651 624 637
4 874 600 624 875
4 624 600 874 637
4 621 650 881 617
4 621 881 650 884
4 883 881 650 617
4 883 650 881 884
4 856 713 933 806
4 933 713 856 723
4 512 828 501 829
4 512 501 828 502
4 830 501 828 829
4 830 828 501 502
4 695 264 720 696
4 695 720 264 249
4 816 834 483 485
4 816 483 834 820
4 484 483 834 485
4 484 834 483 820
4 942 236 237 235
4 942 237 236 932
4 882 900 613 886
4 882 613 900 615
4 614 613 900 886
4 614 900 613 615
4 513 488 811 492
4 811 488 513 813
4 811 812 513 492
4 513 812 811 813
4 668 769 142 734
4 142 769 668 715
4 875 876 622 877
4 875 622 876 653
4 835 819 486 817
4 514 835 486 817
4 514 486 835 505
4 821 835 514 817
4 831 503 814 832
4 831 814 503 491
4 489 503 814 491
4 691 54 303 730
4 691 303 54 206
4 445 845 803 169
4 445 803 845 56
4 185 906 638 863
4 185 638 906 602
4 840 157 510 797
4 840 510 157 470
4 434 34 436 408
4 434 436 34 203
4 897 644 880 620
4 897 880 644 898
4 619 880 644 620
4 855 673 161 844
4 855 161 673 725
4 888 892 613 612
4 888 613 892 886
4 611 613 892 612
4 611 892 613 886
4 918 452 35 873
4 35 452 918 408
4 852 449 60 410
4 852 60 449 807
4 537 735 121 572
4 537 121 735 783
4 871 188 658 648
4 871 658 188 921
4 652 871 605 913
4 605 871 652 648
4 822 826 483 820
4 822 483 826 482
4 481 483 826 820
4 481 826 483 482
4 810 498 811 809
4 810 811 498 492
4 494 811 498 809
4 494 498 811 492
4 921 675 189 722
4 189 675 921 910
4 891 903 626 660
4 891 626 903 913
4 605 626 903 660
4 605 903 626 913
4 496 825 533 847
4 496 533 825 529
4 837 533 825 847
4 837 825 533 529
4 824 497 861 519
4 824 861 497 857
4 509 861 497 519
4 509 497 861 857
4 629 643 893 895
4 893 643 629 614
4 893 900 629 895
4 629 900 893 614
4 805 844 527 478
4 527 844 805 855
4 313 774 208 287
4 208 774 313 793
4 834 812 501 513
4 834 501 812 829
4 635 201 918 873
4 918 201 635 82
4 918 603 635 873
4 635 603 918 82
4 599 79 869 916
4 599 869 79 634
4 745 291 216 744
4 216 291 745 316
4 693 306 325 701
4 325 306 693 210
4 503 831 851 832
4 503 851 831 495
4 507 835 523 505
4 507 523 835 859
4 840 503 851 832
4 851 503 840 530
4 644 906 917 898
4 644 917 906 662
4 359 907 26 27
4 359 26 907 923
4 857 52 858 396
4 857 858 52 841
4 612 634 914 869
4 612 914 634 640
4 618 615 881 879
4 881 615 618 617
4 897 644 917 898
4 897 917 644 625
4 887 627 601 632
4 601 627 887 923
4 601 924 887 632
4 887 924 601 923
4 858 857 469 841
4 485 488 815 813
4 815 488 485 487
4 68 472 807 518
4 68 807 472 852
4 531 529 797 510
4 910 871 658 609
4 910 658 871 921
4 863 660 661 638
4 210 680 702 301
4 210 702 680 693
4 662 663 867 639
4 100 731 157 101
4 157 731 100 158
4 157 510 100 101
4 414 81 199 80
4 414 199 81 200
4 610 199 81 80
4 610 81 199 200
4 192 631 128 193
4 128 631 192 129
4 128 700 192 193
4 192 700 128 129
4 480 171 67 172
4 480 67 171 66
4 440 67 171 172
4 440 171 67 66
4 839 150 107 108
4 839 107 150 149
4 571 107 150 108
4 571 150 107 149
4 645 607 920 657
4 645 920 607 909
4 624 902 625 651
4 624 625 902 897
4 163 802 469 95
4 469 802 163 841
4 736 138 184 183
4 736 184 138 137
4 639 138 184 137
4 874 600 179 116
4 874 179 600 862
4 96 509 802 95
4 709 163 96 162
4 709 96 163 95
4 163 802 96 162
4 163 96 802 95
4 868 191 633 190
4 633 191 131 190
4 633 131 191 130
4 131 191 704 190
4 131 704 191 130
4 604 193 127 128
4 669 127 193 128
4 669 193 127 194
4 872 914 608 911
4 608 914 872 647
4 112 912 176 175
4 176 912 112 113
4 176 545 112 175
4 112 545 176 113
4 135 733 185 186
4 185 733 135 136
4 135 638 185 136
4 165 473 838 166
4 92 165 473 93
4 92 473 165 166
4 670 165 92 93
4 670 92 165 166
4 583 148 105 147
4 583 105 148 106
4 846 105 148 147
4 846 148 105 106
4 841 469 164 163
4 469 164 95 94
4 469 95 164 163
4 95 164 666 94
4 95 666 164 163
4 707 164 93 94
4 707 93 164 165
4 798 93 164 94
4 798 164 93 165
4 602 137 185 136
4 602 185 137 184
4 742 185 137 136
4 742 137 185 184
4 862 600 178 179
4 600 178 116 115
4 600 116 178 179
4 116 178 536 115
4 116 536 178 179
4 713 166 91 92
4 713 91 166 167
4 515 91 166 92
4 515 166 91 167
4 103 511 156 102
4 156 738 103 102
4 103 738 156 155
4 201 452 83 82
4 83 452 201 202
4 83 635 201 82
4 201 635 83 202
4 178 568 114 177
4 114 568 178 115
4 114 905 178 177
4 178 905 114 115
4 180 544 118 117
4 118 544 180 181
4 118 870 180 117
4 180 870 118 181
4 194 676 126 127
4 126 676 194 195
4 194 872 126 195
4 587 151 110 109
4 587 110 151 152
4 808 110 151 109
4 808 151 110 152
4 198 78 447 79
4 198 447 78 197
4 179 577 117 116
4 117 577 179 180
4 117 874 179 116
4 179 874 117 180
4 177 606 866 176
4 113 177 606 114
4 113 606 177 176
4 538 177 113 114
4 538 113 177 176
4 773 158 99 100
4 773 99 158 159
4 474 99 158 100
4 474 158 99 159
4 903 186 134 135
4 903 134 186 187
4 775 134 186 135
4 775 186 134 187
4 777 104 155 103
4 777 155 104 154
4 843 155 104 103
4 843 104 155 154
4 133 741 187 188
4 187 741 133 134
4 187 648 133 188
4 133 648 187 134
4 768 102 157 101
4 768 157 102 156
4 470 157 102 101
4 470 102 157 156
4 132 910 190 189
4 190 910 132 131
4 190 675 132 189
4 132 675 190 131
4 870 117 874 180
4 518 502 830 477
4 830 502 518 807
4 830 846 518 477
4 518 846 830 807
4 780 183 139 138
4 780 139 183 182
4 645 139 183 138
4 645 183 139 182
4 844 96 802 162
4 192 601 130 129
4 130 601 192 191
4 130 667 192 129
4 192 667 130 191
4 189 722 9 16
4 9 722 189 132
4 9 658 189 16
4 189 658 9 132
4 657 182 8 15
4 657 8 182 139
4 790 8 182 15
4 790 182 8 139
4 460 196 5 77
4 460 5 196 17
4 655 5 196 77
4 655 196 5 17
4 593 175 4 112
4 593 4 175 14
4 656 4 175 112
4 656 175 4 14
4 791 154 7 11
4 791 7 154 104
4 528 7 154 11
4 528 154 7 104
4 723 167 3 91
4 723 3 167 13
4 525 3 167 91
4 525 167 3 13
4 69 173 449 174
4 449 173 69 68
4 635 912 919 873
4 635 919 912 646
4 642 896 635 873
4 642 635 896 646
4 896 912 635 873
4 896 635 912 646
4 656 4 202 14
4 656 202 4 83
4 462 202 4 14
4 462 4 202 83
4 9 658 188 133
4 188 658 9 16
4 188 788 9 133
4 9 788 188 16
4 2 526 174 10
4 174 526 2 69
4 174 463 2 10
4 2 463 174 69
4 601 191 633 868
4 601 633 191 130
4 170 64 445 169
4 170 445 64 65
4 197 608 911 196
4 77 197 608 78
4 77 608 197 196
4 413 197 77 78
4 413 77 197 196
4 844 162 97 96
4 844 97 162 161
4 673 97 162 96
4 673 162 97 161
4 800 524 839 149
4 107 839 524 149
4 107 524 839 471
4 517 152 111 153
4 517 111 152 110
4 574 111 152 153
4 574 152 111 110
4 526 147 2 105
4 526 2 147 10
4 592 2 147 105
4 592 147 2 10
4 725 161 6 12
4 725 6 161 97
4 527 6 161 12
4 527 161 6 97
4 657 181 8 118
4 657 8 181 15
4 591 8 181 118
4 591 181 8 15
4 476 169 845 168
4 169 63 476 64
4 476 63 169 168
4 169 411 63 64
4 63 411 169 168
4 655 195 5 126
4 655 5 195 17
4 724 5 195 126
4 724 195 5 17
4 594 153 7 111
4 594 7 153 11
4 528 7 153 111
4 528 153 7 11
4 197 634 608 78
4 197 608 634 911
4 461 168 3 13
4 461 3 168 63
4 525 3 168 13
4 525 168 3 63
4 860 859 473 838
4 860 473 859 523
4 532 530 801 511
4 532 801 530 851
4 527 6 160 98
4 527 160 6 12
4 789 160 6 98
4 789 6 160 12
4 631 924 925 864
4 79 916 199 198
4 199 916 79 80
4 199 405 79 198
4 79 405 199 80
4 850 65 171 170
4 850 171 65 66
4 403 171 65 170
4 403 65 171 66
4 159 516 98 99
4 98 516 159 160
4 98 739 159 99
4 159 739 98 160
4 522 150 109 151
4 522 109 150 108
4 535 109 150 151
4 535 150 109 108
4 918 82 200 201
4 918 200 82 81
4 408 200 82 201
4 408 82 200 81
4 796 522 808 151
4 796 808 522 475
4 109 808 522 151
4 109 522 808 475
4 106 524 149 107
4 149 524 106 148
4 149 539 106 107
4 106 539 149 148
4 508 169 476 64
4 508 476 169 845
4 524 106 846 477
4 846 106 524 148
4 846 800 524 477
4 524 800 846 148
4 410 172 68 67
4 410 68 172 173
4 852 68 172 67
4 852 172 68 173
4 861 802 478 509
4 861 478 802 844
4 96 478 802 509
4 96 802 478 844
4 631 632 925 924
4 631 925 632 649
4 901 925 632 924
4 901 632 925 649
4 647 194 126 127
4 126 194 647 872
4 528 153 517 111
4 528 517 153 804
4 801 103 156 155
4 801 156 103 511
4 863 135 185 186
4 185 135 863 638
4 856 476 515 806
4 515 476 856 525
4 515 167 856 806
4 856 167 515 525
4 804 528 843 854
4 804 843 528 479
4 486 504 835 505
4 486 835 504 819
4 823 504 835 819
4 610 894 603 865
4 610 603 894 643
4 611 610 893 643
4 893 894 610 865
4 893 610 894 643
4 480 468 826 481
4 512 480 827 481
4 827 826 480 799
4 827 480 826 481
4 472 480 828 512
4 827 480 828 799
4 827 828 480 512
4 499 839 810 842
4 500 800 839 842
4 499 500 839 842
4 839 500 499 471
4 531 797 493 849
4 531 493 797 529
4 825 493 797 849
4 825 797 493 529
4 796 498 839 810
4 499 839 498 810
4 499 498 839 471
4 902 867 625 663
4 902 625 867 917
4 662 625 867 663
4 662 867 625 917
4 623 899 644 619
4 880 644 899 619
4 880 899 644 898
4 661 863 623 660
4 661 623 863 915
4 891 623 863 660
4 891 863 623 915
4 493 503 833 489
4 814 503 833 832
4 814 833 503 489
4 497 469 821 857
4 497 821 469 521
4 858 821 469 857
4 858 469 821 521
4 892 893 610 865
4 610 893 892 611
4 892 599 610 611
4 473 165 798 93
4 798 165 473 838
4 798 507 473 93
4 177 905 606 114
4 177 606 905 866
4 636 606 905 114
4 524 500 839 471
4 524 839 500 800
4 852 828 480 799
4 852 480 828 472
4 651 874 607 637
4 117 874 607 870
4 117 607 874 637
4 645 867 138 183
4 645 138 867 639
4 184 138 867 183
4 184 867 138 639
4 606 905 654 636
4 606 654 905 866
4 908 654 905 636
4 908 905 654 866
4 904 193 127 604
4 127 193 904 194
4 127 647 904 604
4 904 647 127 194
4 859 473 798 507
4 798 473 859 838
4 797 474 100 510
4 100 474 797 158
4 100 157 797 510
4 797 157 100 158
4 507 798 469 94
4 164 469 798 94
4 164 798 469 841
4 905 178 600 115
4 600 178 905 862
4 600 636 905 115
4 905 636 600 862
4 523 835 504 505
4 523 504 835 823
4 858 798 469 507
4 858 469 798 841
4 833 849 503 493
4 833 503 849 832
4 514 521 835 821
4 514 835 521 505
4 915 899 644 623
4 644 899 915 898
4 839 522 498 796
4 839 498 522 471
4 916 892 610 865
4 610 892 916 599
4 850 480 826 799
4 826 480 850 468
4 79 634 198 78
4 79 198 634 869
4 197 198 634 78
4 197 634 198 869
4 874 902 607 870
4 874 607 902 651
4 518 174 173 69
4 173 174 518 807
4 173 68 518 69
4 518 68 173 807
4 169 508 170 64
4 169 170 508 803
4 65 170 508 64
4 65 508 170 803

CELL_TYPES 5508
1
1
1
1
1
1
1
1
1
1
1
1
1
1
1
1
1
1
3
3
3
3
3
3
3
3
3
3
3
3
3
3
3
3
3
3
3
3
3
3
3
3
3
3
3
3
3
3
3
3
3
3
3
3
3
3
3
3
3
3
3
3
3
3
3
3
3
3
3
3
3
3
3
3
3
3
3
3
3
3
3
3
3
3
3
3
3
3
3
3
3
3
3
3
3
3
3
3
3
3
3
3
3
3
3
3
3
3
3
3
3
3
3
3
3
3
3
3
3
3
3
3
3
3
3
3
3
3
3
3
3
3
3
3
3
3
3
3
3
3
3
3
3
3
3
3
3
3
3
3
3
3
3
3
3
3
3
3
3
3
3
3
3
3
3
3
3
3
3
3
3
3
3
3
3
3
3
3
3
3
3
3
3
3
3
3
3
3
3
3
3
3
3
3
3
3
3
3
3
3
3
3
3
3
3
3
3
3
3
3
3
3
3
3
3
3
3
3
3
3
3
3
3
3
3
3
5
5
5
5
5
5
5
5
5
5
5
5
5
5
5
5
5
5
5
5
5
5
5
5
5
5
5
5
5
5
5
5
5
5
5
5
5
5
5
5
5
5
5
5
5
5
5
5
5
5
5
5
5
5
5
5
5
5
5
5
5
5
5
5
5
5
5
5
5
5
5
5
5
5
5
5
5
5
5
5
5
5
5
5
5
5
5
5
5
5
5
5
5
5
5
5
5
5
5
5
5
5
5
5
5
5
5
5
5
5
5
5
5
5
5
5
5
5
5
5
5
5
5
5
5
5
5
5
5
5
5
5
5
5
5
5
5
5
5
5
5
5
5
5
5
5
5
5
5
5
5
5
5
5
5
5
5
5
5
5
5
5
5
5
5
5
5
5
5
5
5
5
5
5
5
5
5
5
5
5
5
5
5
5
5
5
5
5
5
5
5
5
5
5
5
5
5
5
5
5
5
5
5
5
5
5
5
5
5
5
5
5
5
5
5
5
5
5
5
5
5
5
5
5
5
5
5
5
5
5
5
5
5
5
5
5
5
5
5
5
5
5
5
5
5
5
5
5
5
5
5
5
5
5
5
5
5
5
5
5
5
5
5
5
5
5
5
5
5
5
5
5
5
5
5
5
5
5
5
5
5
5
5
5
5
5
5
5
5
5
5
5
5
5
5
5
5
5
5
5
5
5
5
5
5
5
5
5
5
5
5
5
5
5
5
5
5
5
5
5
5
5
5
5
5
5
5
5
5
5
5
5
5
5
5
5
5
5
5
5
5
5
5
5
5
5
5
5
5
5
5
5
5
5
5
5
5
5
5
5
5
5
5
5
5
5
5
5
5
5
5
5
5
5
5
5
5
5
5
5
5
5
5
5
5
5
5
5
5
5
5
5
5
5
5
5
5
5
5
5
5
5
5
5
5
5
5
5
5
5
5
5
5
5
5
5
5
5
5
5
5
5
5
5
5
5
5
5
5
5
5
5
5
5
5
5
5
5
5
5
5
5
5
5
5
5
5
5
5
5
5
5
5
5
5
5
5
5
5
5
5
5
5
5
5
5
5
5
5
5
5
5
5
5
5
5
5
5
5
5
5
5
5
5
5
5
5
5
5
5
5
5
5
5
5
5
5
5
5
5
5
5
5
5
5
5
5
5
5
5
5
5
5
5
5
5
5
5
5
5
5
5
5
5
5
5
5
5
5
5
5
5
5
5
5
5
5
5
5
5
5
5
5
5
5
5
5
5
5
5
5
5
5
5
5
5
5
5
5
5
5
5
5
5
5
5
5
5
5
5
5
5
5
5
5
5
5
5
5
5
5
5
5
5
5
5
5
5
5
5
5
5
5
5
5
5
5
5
5
5
5
5
5
5
5
5
5
5
5
5
5
5
5
5
5
5
5
5
5
5
5
5
5
5
5
5
5
5
5
5
5
5
5
5
5
5
5
5
5
5
5
5
5
5
5
5
5
5
5
5
5
5
5
5
5
5
5
5
5
5
5
5
5
5
5
5
5
5
5
5
5
5
5
5
5
5
5
5
5
5
5
5
5
5
5
5
5
5
5
5
5
5
5
5
5
5
5
5
5
5
5
5
5
5
5
5
5
5
5
5
5
5
5
5
5
5
5
5
5
5
5
5
5
5
5
5
5
5
5
5
5
5
5
5
5
5
5
5
5
5
5
5
5
5
5
5
5
5
5
5
5
5
5
5
5
5
5
5
5
5
5
5
5
5
5
5
5
5
5
5
5
5
5
5
5
5
5
5
5
5
5
5
5
5
5
5
5
5
5
5
5
5
5
5
5
5
5
5
5
5
5
5
5
5
5
5
5
5
5
5
5
5
5
5
5
5
5
5
5
5
5
5
5
5
5
5
5
5
5
5
5
5
5
5
5
5
5
5
5
5
5
5
5
5
5
5
5
5
5
5
5
5
5
5
5
5
5
5
5
5
5
5
5
5
5
5
5
5
5
5
5
5
5
5
5
5
5
5
5
5
5
5
5
5
5
5
5
5
5
5
5
5
5
5
5
5
5
5
5
5
5
5
5
5
5
5
5
5
5
5
5
5
5
5
5
5
5
5
5
5
5
5
5
5
5
5
5
5
5
5
5
5
5
5
5
5
5
5
5
5
5
5
5
5
5
5
5
5
5
5
5
5
5
5
5
5
5
5
5
5
5
5
5
5
5
5
5
5
5
5
5
5
5
5
5
5
5
5
5
5
5
5
5
5
5
5
5
5
5
5
5
5
5
5
5
5
5
5
5
5
5
5
5
5
5
5
5
5
5
5
5
5
5
5
5
5
5
5
5
5
5
5
5
5
5
5
5
5
5
5
5
5
5
5
5
5
5
5
5
5
5
5
5
5
5
5
5
5
5
5
5
5
5
5
5
5
5
5
5
5
5
5
5
5
5
5
5
5
5
5
5
5
5
5
5
5
5
5
5
5
5
5
5
5
5
5
5
5
5
5
5
5
5
5
5
5
5
5
5
5
5
5
5
5
5
5
5
5
5
5
5
5
5
5
5
5
5
5
5
5
5
5
5
5
5
5
5
5
5
5
5
5
5
5
5
5
5
5
5
5
5
5
5
5
5
5
5
5
5
5
5
5
5
5
5
5
5
5
5
5
5
5
5
5
5
5
5
5
5
5
5
5
5
5
5
5
5
5
5
5
5
5
5
5
5
5
5
5
5
5
5
5
5
5
5
5
5
5
5
5
5
5
5
5
5
5
5
5
5
5
5
5
5
5
5
5
5
5
5
5
5
5
5
5
5
5
5
5
5
5
5
5
5
5
5
5
5
5
5
5
5
5
5
5
5
5
5
5
5
5
5
5
5
5
5
5
5
5
5
5
5
5
5
5
5
5
5
5
5
5
5
5
5
5
5
5
5
5
5
5
5
5
5
5
5
5
5
5
5
5
5
5
5
5
5
5
5
5
5
5
5
5
5
5
5
5
5
5
5
5
5
5
5
5
5
5
5
5
5
5
5
5
5
5
5
5
5
5
5
5
5
5
5
5
5
5
5
5
5
5
5
5
5
5
5
5
5
5
5
5
5
5
5
5
5
5
5
5
5
5
5
5
5
5
5
5
5
5
5
5
5
5
5
5
5
5
5
5
5
5
5
5
5
5
5
5
5
5
5
5
5
5
5
5
5
5
5
5
5
5
5
5
5
5
5
5
5
5
5
5
5
5
5
5
5
5
5
5
5
5
5
5
5
5
5
5
5
5
5
5
5
5
5
5
5
5
5
5
5
5
5
5
5
5
5
5
5
5
5
5
5
5
5
5
5
5
5
5
5
5
5
5
5
5
5
5
5
5
5
5
5
5
5
5
5
5
5
5
5
5
5
5
5
5
5
5
5
5
5
5
5
5
5
5
5
5
5
5
5
5
5
5
5
5
5
5
5
5
5
5
5
5
5
5
5
5
5
5
5
5
5
5
5
5
5
5
5
5
5
5
5
5
5
5
5
5
5
5
5
5
5
5
5
5
5
5
5
5
5
5
5
5
5
5
5
5
5
5
5
5
5
5
5
5
5
5
5
5
5
5
5
5
5
5
5
5
5
5
5
5
5
5
5
5
5
5
5
5
5
5
5
5
5
5
5
5
5
5
5
5
5
5
5
5
5
5
5
5
5
5
5
5
5
5
5
5
5
5
5
5
5
5
5
5
5
5
5
5
5
5
5
5
5
5
5
5
5
5
5
5
5
5
5
5
5
5
5
5
5
5
5
5
5
5
5
5
5
5
5
5
5
5
5
5
5
5
5
5
5
5
5
5
5
5
5
5
5
5
5
5
5
5
5
5
5
5
5
5
5
5
5
5
5
5
5
5
5
5
5
5
5
5
5
5
5
5
5
5
5
5
5
5
5
5
5
5
5
5
5
5
5
5
5
5
5
5
5
5
5
5
5
5
5
5
5
5
5
5
5
5
5
5
5
5
5
5
5
5
5
5
5
5
5
5
5
5
5
5
5
5
5
5
5
5
5
5
5
5
5
5
5
5
5
5
5
5
5
5
5
5
10
10
10
10
10
10
10
10
10
10
10
10
10
10
10
10
10
10
10
10
10
10
10
10
10
10
10
10
10
10
10
10
10
10
10
10
10
10
10
10
10
10
10
10
10
10
10
10
10
10
10
10
10
10
10
10
10
10
10
10
10
10
10
10
10
10
10
10
10
10
10
10
10
10
10
10
10
10
10
10
10
10
10
10
10
10
10
10
10
10
10
10
10
10
10
10
10
10
10
10
10
10
10
10
10
10
10
10
10
10
10
10
10
10
10
10
10
10
10
10
10
10
10
10
10
10
10
10
10
10
10
10
10
10
10
10
10
10
10
10
10
10
10
10
10
10
10
10
10
10
10
10
10
10
10
10
10
10
10
10
10
10
10
10
10
10
10
10
10
10
10
10
10
10
10
10
10
10
10
10
10
10
10
10
10
10
10
10
10
10
10
10
10
10
10
10
10
10
10
10
10
10
10
10
10
10
10
10
10
10
10
10
10
10
10
10
10
10
10
10
10
10
10
10
10
10
10
10
10
10
10
10
10
10
10
10
10
10
10
10
10
10
10
10
10
10
10
10
10
10
10
10
10
10
10
10
10
10
10
10
10
10
10
10
10
10
10
10
10
10
10
10
10
10
10
10
10
10
10
10
10
10
10
10
10
10
10
10
10
10
10
10
10
10
10
10
10
10
10
10
10
10
10
10
10
10
10
10
10
10
10
10
10
10
10
10
10
10
10
10
10
10
10
10
10
10
10
10
10
10
10
10
10
10
10
10
10
10
10
10
10
10
10
10
10
10
10
10
10
10
10
10
10
10
10
10
10
10
10
10
10
10
10
10
10
10
10
10
10
10
10
10
10
10
10
10
10
10
10
10
10
10
10
10
10
10
10
10
10
10
10
10
10
10
10
10
10
10
10
10
10
10
10
10
10
10
10
10
10
10
10
10
10
10
10
10
10
10
10
10
10
10
10
10
10
10
10
10
10
10
10
10
10
10
10
10
10
10
10
10
10
10
10
10
10
10
10
10
10
10
10
10
10
10
10
10
10
10
10
10
10
10
10
10
10
10
10
10
10
10
10
10
10
10
10
10
10
10
10
10
10
10
10
10
10
10
10
10
10
10
10
10
10
10
10
10
10
10
10
10
10
10
10
10
10
10
10
10
10
10
10
10
10
10
10
10
10
10
10
10
10
10
10
10
10
10
10
10
10
10
10
10
10
10
10
10
10
10
10
10
10
10
10
10
10
10
10
10
10
10
10
10
10
10
10
10
10
10
10
10
10
10
10
10
10
10
10
10
10
10
10
10
10
10
10
10
10
10
10
10
10
10
10
10
10
10
10
10
10
10
10
10
10
10
10
10
10
10
10
10
10
10
10
10
10
10
10
10
10
10
10
10
10
10
10
10
10
10
10
10
10
10
10
10
10
10
10
10
10
10
10
10
10
10
10
10
10
10
10
10
10
10
10
10
10
10
10
10
10
10
10
10
10
10
10
10
10
10
10
10
10
10
10
10
10
10
10
10
10
10
10
10
10
10
10
10
10
10
10
10
10
10
10
10
10
10
10
10
10
10
10
10
10
10
10
10
10
10
10
10
10
10
10
10
10
10
10
10
10
10
10
10
10
10
10
10
10
10
10
10
10
10
10
10
10
10
10
10
10
10
10
10
10
10
10
10
10
10
10
10
10
10
10
10
10
10
10
10
10
10
10
10
10
10
10
10
10
10
10
10
10
10
10
10
10
10
10
10
10
10
10
10
10
10
10
10
10
10
10
10
10
10
10
10
10
10
10
10
10
10
10
10
10
10
10
10
10
10
10
10
10
10
10
10
10
10
10
10
10
10
10
10
10
10
10
10
10
10
10
10
10
10
10
10
10
10
10
10
10
10
10
10
10
10
10
10
10
10
10
10
10
10
10
10
10
10
10
10
10
10
10
10
10
10
10
10
10
10
10
10
10
10
10
10
10
10
10
10
10
10
10
10
10
10
10
10
10
10
10
10
10
10
10
10
10
10
10
10
10
10
10
10
10
10
10
10
10
10
10
10
10
10
10
10
10
10
10
10
10
10
10
10
10
10
10
10
10
10
10
10
10
10
10
10
10
10
10
10
10
10
10
10
10
10
10
10
10
10
10
10
10
10
10
10
10
10
10
10
10
10
10
10
10
10
10
10
10
10
10
10
10
10
10
10
10
10
10
10
10
10
10
10
10
10
10
10
10
10
10
10
10
10
10
10
10
10
10
10
10
10
10
10
10
10
10
10
10
10
10
10
10
10
10
10
10
10
10
10
10
10
10
10
10
10
10
10
10
10
10
10
10
10
10
10
10
10
10
10
10
10
10
10
10
10
10
10
10
10
10
10
10
10
10
10
10
10
10
10
10
10
10
10
10
10
10
10
10
10
10
10
10
10
10
10
10
10
10
10
10
10
10
10
10
10
10
10
10
10
10
10
10
10
10
10
10
10
10
10
10
10
10
10
10
10
10
10
10
10
10
10
10
10
10
10
10
10
10
10
10
10
10
10
10
10
10
10
10
10
10
10
10
10
10
10
10
10
10
10
10
10
10
10
10
10
10
10
10
10
10
10
10
10
10
10
10
10
10
10
10
10
10
10
10
10
10
10
10
10
10
10
10
10
10
10
10
10
10
10
10
10
10
10
10
10
10
10
10
10
10
10
10
10
10
10
10
10
10
10
10
10
10
10
10
10
10
10
10
10
10
10
10
10
10
10
10
10
10
10
10
10
10
10
10
10
10
10
10
10
10
10
10
10
10
10
10
10
10
10
10
10
10
10
10
10
10
10
10
10
10
10
10
10
10
10
10
10
10
10
10
10
10
10
10
10
10
10
10
10
10
10
10
10
10
10
10
10
10
10
10
10
10
10
10
10
10
10
10
10
10
10
10
10
10
10
10
10
10
10
10
10
10
10
10
10
10
10
10
10
10
10
10
10
10
10
10
10
10
10
10
10
10
10
10
10
10
10
10
10
10
10
10
10
10
10
10
10
10
10
10
10
10
10
10
10
10
10
10
10
10
10
10
10
10
10
10
10
10
10
10
10
10
10
10
10
10
10
10
10
10
10
10
10
10
10
10
10
10
10
10
10
10
10
10
10
10
10
10
10
10
10
10
10
10
10
10
10
10
10
10
10
10
10
10
10
10
10
10
10
10
10
10
10
10
10
10
10
10
10
10
10
10
10
10
10
10
10
10
10
10
10
10
10
10
10
10
10
10
10
10
10
10
10
10
10
10
10
10
10
10
10
10
10
10
10
10
10
10
10
10
10
10
10
10
10
10
10
10
10
10
10
10
10
10
10
10
10
10
10
10
10
10
10
10
10
10
10
10
10
10
10
10
10
10
10
10
10
10
10
10
10
10
10
10
10
10
10
10
10
10
10
10
10
10
10
10
10
10
10
10
10
10
10
10
10
10
10
10
10
10
10
10
10
10
10
10
10
10
10
10
10
10
10
10
10
10
10
10
10
10
10
10
10
10
10
10
10
10
10
10
10
10
10
10
10
10
10
10
10
10
10
10
10
10
10
10
10
10
10
10
10
10
10
10
10
10
10
10
10
10
10
10
10
10
10
10
10
10
10
10
10
10
10
10
10
10
10
10
10
10
10
10
10
10
10
10
10
10
10
10
10
10
10
10
10
10
10
10
10
10
10
10
10
10
10
10
10
10
10
10
10
10
10
10
10
10
10
10
10
10
10
10
10
10
10
10
10
10
10
10
10
10
10
10
10
10
10
10
10
10
10
10
10
10
10
10
10
10
10
10
10
10
10
10
10
10
10
10
10
10
10
10
10
10
10
10
10
10
10
10
10
10
10
10
10
10
10
10
10
10
10
10
10
10
10
10
10
10
10
10
10
10
10
10
10
10
10
10
10
10
10
10
10
10
10
10
10
10
10
10
10
10
10
10
10
10
10
10
10
10
10
10
10
10
10
10
10
10
10
10
10
10
10
10
10
10
10
10
10
10
10
10
10
10
10
10
10
10
10
10
10
10
10
10
10
10
10
10
10
10
10
10
10
10
10
10
10
10
10
10
10
10
10
10
10
10
10
10
10
10
10
10
10
10
10
10
10
10
10
10
10
10
10
10
10
10
10
10
10
10
10
10
10
10
10
10
10
10
10
10
10
10
10
10
10
10
10
10
10
10
10
10
10
10
10
10
10
10
10
10
10
10
10
10
10
10
10
10
10
10
10
10
10
10
10
10
10
10
10
10
10
10
10
10
10
10
10
10
10
10
10
10
10
10
10
10
10
10
10
10
10
10
10
10
10
10
10
10
10
10
10
10
10
10
10
10
10
10
10
10
10
10
10
10
10
10
10
10
10
10
10
10
10
10
10
10
10
10
10
10
10
10
10
10
10
10
10
10
10
10
10
10
10
10
10
10
10
10
10
10
10
10
10
10
10
10
10
10
10
10
10
10
10
10
10
10
10
10
10
10
10
10
10
10
10
10
10
10
10
10
10
10
10
10
10
10
10
10
10
10
10
10
10
10
10
10
10
10
10
10
10
10
10
10
10
10
10
10
10
10
10
10
10
10
10
10
10
10
10
10
10
10
10
10
10
10
10
10
10
10
10
10
10
10
10
10
10
10
10
10
10
10
10
10
10
10
10
10
10
10
10
10
10
10
10
10
10
10
10
10
10
10
10
10
10
10
10
10
10
10
10
10
10
10
10
10
10
10
10
10
10
10
10
10
10
10
10
10
10
10
10
10
10
10
10
10
10
10
10
10
10
10
10
10
10
10
10
10
10
10
10
10
10
10
10
10
10
10
10
10
10
10
10
10
10
10
10
10
10
10
10
10
10
10
10
10
10
10
10
10
10
10
10
10
10
10
10
10
10
10
10
10
10
10
10
10
10
10
10
10
10
10
10
10
10
10
10
10
10
10
10
10
10
10
10
10
10
10
10
10
10
10
10
10
10
10
10
10
10
10
10
10
10
10
10
10
10
10
10
10
10
10
10
10
10
10
10
10
10
10
10
10
10
10
10
10
10
10
10
10
10
10
10
10
10
10
10
10
10
10
10
10
10
10
10
10
10
10
10
10
10
10
10
10
10
10
10
10
10
10
10
10
10
10
10
10
10
10
10
10
10
10
10
10
10
10
10
10
10
10
10
10
10
10
10
10
10
10
10
10
10
10
10
10
10
10
10
10
10
10
10
10
10
10
10
10
10
10
10
10
10
10
10
10
10
10
10
10
10
10
10
10
10
10
10
10
10
10
10
10
10
10
10
10
10
10
10
10
10
10
10
10
10
10
10
10
10
10
10
10
10
10
10
10
10
10
10
10
10
10
10
10
10
10
10
10
10
10
10
10
10
10
10
10
10
10
10
10
10
10
10
10
10
10
10
10
10
10
10
10
10
10
10
10
10
10
10
10
10
10
10
10
10
10
10
10
10
10
10
10
10
10
10
10
10
10
10
10
10
10
10
10
10
10
10
10
10
10
10
10
10
10
10
10
10
10
10
10
10
10
10
10
10
10
10
10
10
10
10
10
10
10
10
10
10
10
10
10
10
10
10
10
10
10
10
10
10
10
10
10
10
10
10
10
10
10
10
10
10
10
10
10
10
10
10
10
10
10
10
10
10
10
10
10
10
10
10
10
10
10
10
10
10
10
10
10
10
10
10
10
10
10
10
10
10
10
10
10
10
10
10
10
10
10
10
10
10
10
10
10
10
10
10
10
10
10
10
10
10
10
10
10
10
10
10
10
10
10
10
10
10
10
10
10
10
10
10
10
10
10
10
10
10
10
10
10
10
10
10
10
10
10
10
10
10
10
10
10
10
10
10
10
10
10
10
10
10
10
10
10
10
10
10
10
10
10
10
10
10
10
10
10
10
10
10
10
10
10
10
10
10
10
10
10
10
10
10
10
10
10
10
10
10
10
10
10
10
10
10
10
10
10
10
10
10
10
10
10
10
10
10
10
10
10
10
10
10
10
10
10
10
10
10
10
10
10
10
10
10
10
10
10
10
10
10
10
10
10
10
10
10
10
10
10
10
10
10
10
10
10
10
10
10
10
10
10
10
10
10
10
10
10
10
10
10
10
10
10
10
10
10
10
10
10
10
10
10
10
10
10
10
10
10
10
10
10
10
10
10
10
10
10
10
10
10
10
10
10
10
10
10
10
10
10
10
10
10
10
10
10
10
10
10
10
10
10
10
10
10
10
10
10
10
10
10
10
10
10
10
10
10
10
10
10
10
10
10
10
10
10
10
10
10
10
10
10
10
10
10
10
10
10
10
10
10
10
10
10
10
10
10
10
10
10
10
10
10
10
10
10
10
10
10
10
10
10
10
10
10
10
10
10
10
10
10
10
10
10
10
10
10
10
10
10
10
10
10
10
10
10
10
10
10
10
10
10
10
10
10
10
10
10
10
10
10
10
10
10
10
10
10
10
10
10
10
10
10
10
10
10
10
10
10
10
10
10
10
10
10
10
10
10
10
10
10
10
10
10
10
10
10
10
10
10
10
10
10
10
10
10
10
10
10
10
10
10
10
10
10
10
10
10
10
10
10
10
10
10
10
10
10
10
10
10
10
10
10
10
10
10
10
10
10
10
10
10
10
10
10
10
10
10
10
10
10
10
10
10
10
10
10
10
10
10
10
10
10
10
10
10
10
10
10
10
10
10
10
10
10
10
10
10
10
10
10
10
10
10
10
10
10
10
10
10
10
10
10
10
10
10
10
10
10
10
10
10
10
10
10
10
10
10
10
10
10
10
10
10
10
10
10
10
10
10
10
10
10
10
10
10
10
10
10
10
10
10
10
10
10
10
10
10
10
10
10
10
10
10
10
10
10
10
10
10
10
10
10
10
10
10
10
10
10
10
10
10
10
10
10
10
10
10
10
10
10
10
10
10
10
10
10
10
10
10
10
10
10
10
10
10
10
10
10
10
10
10
10
10
10
10
10
10
10
10
10
10
10
10
10
10
10
10
10
10
10
10
10
10
10
10
10
10
10
10
10
10
10
10
10
10
10
10
10
10
10
10
10
10
10
10
10
10
10
10
10
10
10
10
10
10
10
10
10
10
10
10
10
10
10
10
10
10
10
10
10
10
10
10
10
10
10
10
10
10
10
10
10
10
10
10
10
10
10
10
10
10
10
10
10
10
10
10
10
10
10
10
10
10
10
10
10
10
10
10
10
10
10
10
10
10
10
10
10
10
10
10
10
10
10
10
10
10
10
10
10
10
10
10
10
10
10
10
10
10
10
10
10
10
10
10
10
10
10
10
10
10
10
10
10
10
10
10
10
10
10
10
10
10
10
10
10
10
10
10
10
10
10
10
10
10
10
10
10
10
10
10
10
10
10
10
10
10
10
10
10
10
10
10
10
10
10
10
10
10
10
10
10
10
10
10
10
10
10
10
10
10
10
10
10
10
10
10
10
10
10
10
10
10
10
10
10
10
10
10
10
10
10
10
10
10
10
10
10
10
10
10
10
10
10
10
10
10
10
10
10
10
10
10
10
10
10
10
10
10
10
10
10
10
10
10
10
10
10
10
10
10
10
10
10
10
10
10
10
10
10
10
10
10
10
10
10
10
10
10
10
10
10
10
10
10
10
10
10
10
10
10
10
10
10
10
10
10
10
10
10
10
10
10
10
10
10
10
10
10
10
10
10
10
10
10
10
10
10
10
10
10
10
10
10
10
10
10
10
10
10
10
10
10
10
10
10
10
10
10
10
10
10
10
10
10
10
10
10
10
10
10
10
10
10
10
10
10
10
10
10
10
10
10
10
10
10
10
10
10
10
10
10
10
10
10
10
10
10
10
10
10
10
10
10
10
10
10
10
10
10
10
10
10
10
10
10
10
10
10
10
10
10
10
10
10
10
10
10
10
10
10
10
10
10
10
10
10
10
10
10
10
10
10
10
10
10
10
10
