Time,Pressure,Position_X,Position_Y,Position_Z,Angle
0.0,0,0.0,20.0,-5.551115123125783e-17,0.0
0.01,0.062009999999999996,-0.0002935155082405272,20.014207362715336,6.930674659721969e-05,-0.06362562345186679
0.02,0.12401999999999999,-0.0006521532765006999,20.02912358287018,0.00013923863731341024,-0.13493751388843175
0.03,0.18602999999999997,-0.000989988679549414,20.04376907913673,0.00020606928722394224,-0.20322232964265252
0.04,0.24803999999999998,-0.0013160850287206038,20.05838702733248,0.0002740302436894937,-0.27069658871807595
0.05,0.31005,-0.001641267833566551,20.073028096598865,0.00034185217037963067,-0.33824084937317
0.060000000000000005,0.37206,-0.0019669247819847357,20.08768832415943,0.0004089174250050953,-0.4058315152064496
0.07,0.43407,-0.0022922950194058656,20.102365264261852,0.0004754288041996513,-0.47341515413029583
0.08,0.49608,-0.002617138675718056,20.117058724022396,0.0005415368772087592,-0.5409863894754483
0.09,0.55809,-0.0029415467863521116,20.13176870845887,0.0006072735134189378,-0.6085475140070444
0.09999999999999999,0.6201,-0.003265624731353667,20.14649514816429,0.0006726574547203379,-0.6760990775844776
0.10999999999999999,0.68211,-0.003589445027416205,20.161237955901196,0.0007377185408031228,-0.7436409651839734
0.11999999999999998,0.74412,-0.003913070251523598,20.17599704689208,0.0008024898049210916,-0.8111730725078999
0.12999999999999998,0.80613,-0.0042365628774333475,20.190772338721185,0.0008670033953043776,-0.8786953393309267
0.13999999999999999,0.86814,-0.004559985054826243,20.205563750245716,0.0009312906658230924,-0.9462077158258757
0.15,0.93015,-0.004883397603960782,20.220371201420278,0.0009953826337458782,-1.013710155184562
0.16,0.99216,-0.0052068598821533585,20.23519461330012,0.0010593100729198723,-1.0812026142145972
0.17,1.05417,-0.005530429914636703,20.25003390802184,0.0011231034974872878,-1.1486850537852142
0.18000000000000002,1.11618,-0.005854164489089431,20.264889008773235,0.0011867931603452009,-1.216157438772881
0.19000000000000003,1.1781899999999998,-0.0061781192126093565,20.279759839764417,0.0012504090650892752,-1.2836197379163228
0.20000000000000004,1.2401999999999997,-0.0065023485619589705,20.29464632620107,0.0013139809786678058,-1.3510719236879773
0.21000000000000005,1.3022099999999996,-0.006826905933985772,20.30954839425948,0.0013775384423470594,-1.4185139721792632
0.22000000000000006,1.3642199999999995,-0.0071518436946289565,20.32446597106258,0.0014411107818053104,-1.4859458629907005
0.23000000000000007,1.4262299999999994,-0.007477213225605184,20.339398984657528,0.0015047271167592524,-1.5533675791253077
0.24000000000000007,1.4882399999999993,-0.007803064968838147,20.354347363994385,0.0015684163702399667,-1.620779106884296
0.25000000000000006,1.5502499999999992,-0.008129448468822797,20.36931103890589,0.0016322072773842788,-1.688180435766368
0.26000000000000006,1.6122599999999991,-0.008456412413089698,20.384289940088298,0.0016961283939109784,-1.7555715583696307
0.2700000000000001,1.674269999999999,-0.00878400467085172,20.399283999083124,0.0017602081041317996,-1.8229524702965967
0.2800000000000001,1.736279999999999,-0.009112272329911075,20.41429314825998,0.0018244746287294222,-1.8903231700616092
0.2900000000000001,1.7982899999999988,-0.009441261731942041,20.429317320799996,0.0018889560321109222,-1.9576836590010547
0.3000000000000001,1.8602999999999987,-0.009771018506214035,20.444356450680253,0.001953680229519139,-2.0250339411860505
0.3100000000000001,1.9223099999999986,-0.01010158760184754,20.459410472658885,0.002018674993850722,-2.092374023337439
0.3200000000000001,1.9843199999999985,-0.010433013318644074,20.474479322260855,0.002083967962206057,-2.1597039147431722
0.3300000000000001,2.0463299999999984,-0.01076533933660534,20.48956293576442,0.00214958664217596,-2.2270236271778248
0.34000000000000014,2.1083399999999983,-0.011098608744180005,20.504661250188196,0.0022155584179243126,-2.2943331748244513
0.35000000000000014,2.1703499999999982,-0.011432864065301196,20.519774203278825,0.0022819105560309416,-2.3616325741980955
0.36000000000000015,2.232359999999998,-0.011768147285283331,20.534901733499147,0.002348670211125059,-2.428921844071835
0.37000000000000016,2.294369999999998,-0.01210449987561188,20.550043780016885,0.0024158644313612143,-2.4962010054040826
0.38000000000000017,2.356379999999998,-0.01244196281768839,20.5652002826938,0.0024835201636618787,-2.563470081268477
0.3900000000000002,2.418389999999998,-0.012780576625611662,20.580371182075357,0.002551664258833186,-2.6307290967848687
0.4000000000000002,2.4803999999999977,-0.013120381367980827,20.59555641938071,0.0026203234765107553,-2.6979780790522727
0.4100000000000002,2.5424099999999976,-0.013461416688809874,20.61075593649314,0.0026895244899295956,-2.7652170570838477
0.4200000000000002,2.6044199999999975,-0.013803721827551158,20.6259696759509,0.002759293890591985,-2.832446061742724
0.4300000000000002,2.6664299999999974,-0.014147335638344555,20.641197580938233,0.0028296581927775843,-2.899665125680127
0.4400000000000002,2.7284399999999973,-0.014492296608439287,20.656439595277067,0.0029006438379318156,-2.9668742832744948
0.45000000000000023,2.790449999999997,-0.014838642875873775,20.67169566341855,0.0029722771989321717,-3.034073570572206
0.46000000000000024,2.852459999999997,-0.015186412246425002,20.686965730435293,0.0030445845842604347,-3.1012630252298665
0.47000000000000025,2.914469999999997,-0.015535642209898032,20.70224974201367,0.0031175922420521585,-3.168442686457788
0.48000000000000026,2.976479999999997,-0.015886369955706692,20.71754764444639,0.0031913263640332423,-3.23561259496464
0.49000000000000027,3.038489999999997,-0.016238632387889584,20.73285938462537,0.0032658130894183124,-3.302772792903825
0.5000000000000002,3.1004999999999967,-0.016592466139461914,20.748184910034816,0.003341078508645401,-3.3699233238206037
0.5100000000000002,3.1625099999999966,-0.016947907586191024,20.763524168744468,0.003417148667086811,-3.43706423260072
0.5200000000000002,3.2245199999999965,-0.01730499285988424,20.778877109403147,0.003494049568629365,-3.504195565420129
0.5300000000000002,3.2865299999999964,-0.017663757861052676,20.794243681232388,0.0035718071792358863,-3.5713173696960068
0.5400000000000003,3.3485399999999963,-0.018024238271116544,20.809623834020307,0.0036504474303734047,-3.638429694038268
0.5500000000000003,3.410549999999996,-0.018386469564113495,20.825017518115654,0.003729996222426313,-3.7055325882031958
0.5600000000000003,3.472559999999996,-0.018750487017927975,20.840424684422008,0.0038104794280015564,-3.7726261030470294
0.5700000000000003,3.534569999999996,-0.019116325725070965,20.85584528439206,0.0038919228951830864,-3.8397102904813045
0.5800000000000003,3.596579999999996,-0.01948402060302551,20.871279270022168,0.003974352450764884,-3.9067852034289126
0.5900000000000003,3.658589999999996,-0.019853606404190288,20.886726593846948,0.004057793903352591,-3.9738508957811174
0.6000000000000003,3.7205999999999957,-0.020225117725375052,20.902187208933977,0.004142273046478406,-4.040907422355553
0.6100000000000003,3.7826099999999956,-0.02059858901697864,20.917661068878765,0.004227815661633494,-4.107954838855137
0.6200000000000003,3.8446199999999955,-0.020974054591733127,20.933148127799626,0.004314447521246878,-4.17499320182782
0.6300000000000003,3.9066299999999954,-0.02135154863313468,20.948648340332806,0.004402194391627978,-4.242022568627443
0.6400000000000003,3.9686399999999953,-0.021731105203499912,20.96416166162772,0.004491082035841365,-4.309042997375206
0.6500000000000004,4.030649999999995,-0.022112758251731507,20.97968804734216,0.004581136216586956,-4.376054546921764
0.6600000000000004,4.092659999999995,-0.022496541620695032,20.99522745363773,0.00467238269896314,-4.4430572768108645
0.6700000000000004,4.154669999999995,-0.022882489054398714,21.010779837175292,0.004764847253257654,-4.510051247242999
0.6800000000000004,4.216679999999995,-0.02327063420474318,21.026345155110498,0.004858555657644759,-4.577036519040309
0.6900000000000004,4.278689999999995,-0.02366101063811618,21.041923365089417,0.004953533700890023,-4.644013153611944
0.7000000000000004,4.340699999999995,-0.02405365184161884,21.05751442524428,0.005049807184960731,-4.71098121292069
0.7100000000000004,4.402709999999995,-0.024448591229087796,21.07311829418918,0.005147401927668049,-4.777940759449689
0.7200000000000004,4.4647199999999945,-0.024845862146814196,21.088734931015935,0.005246343765203942,-4.844891856170074
0.7300000000000004,4.526729999999994,-0.025245497879058887,21.10436429528999,0.005346658554704842,-4.911834566509767
0.7400000000000004,4.588739999999994,-0.0256475316533068,21.120006347046377,0.005448372176723837,-4.978768954322322
0.7500000000000004,4.650749999999994,-0.02605199664531463,21.1356610467857,0.005551510537713467,-5.0456950838567565
0.7600000000000005,4.712759999999994,-0.02645892598389049,21.151328355470238,0.005656099572466933,-5.112613019728241
0.7700000000000005,4.774769999999994,-0.02686835275553698,21.167008234520008,0.005762165246493978,-5.179522826888911
0.7800000000000005,4.836779999999994,-0.027280310008803432,21.18270064580903,0.0058697335584224075,-5.246424570599926
0.7900000000000005,4.898789999999994,-0.02769483075851928,21.198405551661445,0.005978830542300528,-5.313318316403705
0.8000000000000005,4.960799999999994,-0.028111947989775815,21.214122914847813,0.006089482269943547,-5.380204130097048
0.8100000000000005,5.022809999999994,-0.028531694661771967,21.22985269858141,0.0062017148531877675,-5.447082077704709
0.8200000000000005,5.0848199999999935,-0.02895410371142984,21.245594866514597,0.0063155544461458435,-5.513952225453852
0.8300000000000005,5.146829999999993,-0.02937920805690314,21.26134938273516,0.006431027247428056,-5.580814639748631
0.8400000000000005,5.208839999999993,-0.02980704060085021,21.27711621176274,0.006548159502328232,-5.647669387145875
0.8500000000000005,5.270849999999993,-0.03023763423359413,21.292895318545284,0.006666977504999172,-5.714516534330905
0.8600000000000005,5.332859999999993,-0.030671021836142315,21.308686668455596,0.006787507600570786,-5.781356148094515
0.8700000000000006,5.394869999999993,-0.0311072362830023,21.324490227287743,0.0069097761872581875,-5.848188295309604
0.8800000000000006,5.456879999999993,-0.03154631044487993,21.3403059612537,0.007033809718454409,-5.915013042909474
0.8900000000000006,5.518889999999993,-0.031988277191265374,21.356133836979883,0.007159634704762219,-5.981830457865733
0.9000000000000006,5.580899999999993,-0.032433169392854067,21.371973821503794,0.007287277716037599,-6.048640607167235
0.9100000000000006,5.6429099999999925,-0.03288101992384268,21.387825882270665,0.007416765383368662,-6.11544355779953
0.9200000000000006,5.704919999999992,-0.03333186166411295,21.40368998713004,0.007548124401049017,-6.182239376724877
0.9300000000000006,5.766929999999992,-0.033785727501284,21.419566104332624,0.007681381528529152,-6.249028130862466
0.9400000000000006,5.828939999999992,-0.0342426503326593,21.43545420252684,0.007816563592324355,-6.315809887069598
0.9500000000000006,5.890949999999992,-0.03470266306706135,21.451354250755696,0.007953697487902811,-6.382584712123176
0.9600000000000006,5.952959999999992,-0.03516579862654462,21.46726621845347,0.008092810181559662,-6.449352672701599
0.9700000000000006,6.014969999999992,-0.03563208994801545,21.48319007544255,0.008233928712235217,-6.516113835367503
0.9800000000000006,6.076979999999992,-0.036101569984778176,21.499125791930215,0.008377080193344544,-6.582868266550819
0.9900000000000007,6.138989999999992,-0.03657427170793906,21.515073338505495,0.0085222918145475,-6.64961603253212
1.0000000000000007,6.200999999999992,-0.037050228107748134,21.53103268613604,0.008669590843503827,-6.71635719942708
1.0100000000000007,6.2630099999999915,-0.03752947219486069,21.547003806164945,0.008819004627620308,-6.7830918331708485
1.0200000000000007,6.325019999999991,-0.03801203700146516,21.562986670307673,0.00897056059575646,-6.849819999502945
1.0300000000000007,6.387029999999991,-0.03849795558240496,21.57898125064903,0.00912428625987416,-6.9165417639534805
1.0400000000000007,6.449039999999991,-0.038987261016175334,21.594987519640004,0.009280209216734447,-6.983257191828494
1.0500000000000007,6.511049999999991,-0.039479986405825174,21.61100545009478,0.009438357149469612,-7.04996634819722
1.0600000000000007,6.573059999999991,-0.0399761648798623,21.627035015187744,0.009598757829255011,-7.116669297878695
1.0700000000000007,6.635069999999991,-0.040475829592997614,21.643076188450404,0.00976143911682259,-7.183366105429686
1.0800000000000007,6.697079999999991,-0.04097901372690893,21.659128943768483,0.00992642896405499,-7.250056835132503
1.0900000000000007,6.759089999999991,-0.041485750490895174,21.67519325537888,0.0100937554154793,-7.316741550983829
1.1000000000000008,6.821099999999991,-0.041996073122485544,21.691269097866773,0.010263446609774074,-7.383420316683562
1.1100000000000008,6.8831099999999905,-0.04251001488796968,21.70735644616268,0.010435530781253255,-7.4500931956246195
1.1200000000000008,6.94511999999999,-0.04302760908293224,21.72345527553956,0.01061003626130208,-7.516760250882736
1.1300000000000008,7.00712999999999,-0.04354888903269008,21.73956556160985,0.010786991479812158,-7.58342154520715
1.1400000000000008,7.06913999999999,-0.04407388809266896,21.755687280322668,0.010966424966552701,-7.650077141011747
1.1500000000000008,7.13114999999999,-0.04460263964878328,21.771820407960934,0.01114836535256225,-7.716727100366366
1.1600000000000008,7.19315999999999,-0.04513517711776199,21.787964921138517,0.011332841371501201,-7.783371484989013
1.1700000000000008,7.25516999999999,-0.04567153394740037,21.804120796797424,0.011519881860942882,-7.850010356238288
1.1800000000000008,7.31717999999999,-0.04621174361681993,21.820288012204962,0.01170951576369339,-7.916643775106441
1.1900000000000008,7.37918999999999,-0.0467558396366676,21.836466544951044,0.011901772129058852,-7.983271802212862
1.2000000000000008,7.44119999999999,-0.04730385554929828,21.852656372945297,0.012096680114082325,-8.049894497798078
1.2100000000000009,7.5032099999999895,-0.04785582492891538,21.868857474414405,0.012294268984764767,-8.116511921718393
1.2200000000000009,7.565219999999989,-0.04841178138169264,21.885069827899372,0.012494568117259353,-8.183124133440868
1.2300000000000009,7.627229999999989,-0.04897175854589211,21.901293412252734,0.012697606999065914,-8.249731192038555
1.2400000000000009,7.689239999999989,-0.04953579009192058,21.917528206635968,0.01290341523013716,-8.316333156186998
1.2500000000000009,7.751249999999989,-0.050103909722407,21.93377419051673,0.013112022524030709,-8.382930084160293
1.260000000000001,7.813259999999989,-0.050676151172233425,21.950031343666254,0.013323458709006197,-8.449522033828565
1.270000000000001,7.875269999999989,-0.05125254820859587,21.966299646156713,0.013537753729096713,-8.516109062655126
1.280000000000001,7.937279999999989,-0.051833134630972166,21.982579078358558,0.013754937645130583,-8.582691227694852
1.290000000000001,7.999289999999989,-0.052417944271223094,21.998869620937956,0.013975040635821223,-8.649268585592472
1.300000000000001,8.061299999999989,-0.053007010993493475,22.0151712548542,0.014198092998703449,-8.715841192581962
1.310000000000001,8.12330999999999,-0.05360036869431378,22.031483961357168,0.01442412515117869,-8.782409104485929
1.320000000000001,8.18531999999999,-0.05419805130254543,22.04780772198477,0.014653167631423547,-8.848972376715942
1.330000000000001,8.247329999999991,-0.05480009277940737,22.064142518560402,0.014885251099362118,-8.915531064273043
1.340000000000001,8.309339999999992,-0.05540652711849173,22.08048833319052,0.015120406337545356,-8.982085221749069
1.350000000000001,8.371349999999993,-0.056017388345778435,22.096845148262098,0.015358664252092757,-9.048634903328331
1.360000000000001,8.433359999999993,-0.056632710519642304,22.113212946440214,0.01560005587352653,-9.115180162789875
1.370000000000001,8.495369999999994,-0.05725252773092376,22.129591710665604,0.015844612357646948,-9.181721053510438
1.380000000000001,8.557379999999995,-0.05787687410296263,22.145981424152236,0.01609236498633515,-9.248257628467652
1.390000000000001,8.619389999999996,-0.05850578379166349,22.16238207038498,0.01634334516841829,-9.314789940243953
1.400000000000001,8.681399999999996,-0.05913929098558471,22.17879363311713,0.016597584440404434,-9.381318041031246
1.410000000000001,8.743409999999997,-0.05977742990606383,22.19521609636822,0.016855114467286436,-9.4478419826357
1.420000000000001,8.805419999999998,-0.0604202348073106,22.211649444421575,0.017115967043322078,-9.514361816483339
1.430000000000001,8.867429999999999,-0.06106773997662282,22.22809366182207,0.01738017409272824,-9.580877593626404
1.440000000000001,8.92944,-0.06171997973452403,22.244548733373858,0.017647767670416814,-9.647389364749849
1.450000000000001,8.99145,-0.06237698843499781,22.26101464413814,0.017918779962734777,-9.713897180178675
1.460000000000001,9.053460000000001,-0.06303880046573535,22.277491379430902,0.01819324328810451,-9.780401089885808
1.470000000000001,9.115470000000002,-0.06370545024844915,22.293978924820767,0.01847119009774656,-9.846901143500592
1.480000000000001,9.177480000000003,-0.06437697223916258,22.31047726612681,0.018752652976311457,-9.913397390317568
1.490000000000001,9.239490000000004,-0.06505340092860079,22.32698638941642,0.019037664642548136,-9.979889879306501
1.500000000000001,9.301500000000004,-0.06573477084258286,22.343506281003194,0.01932625794992915,-10.046378659122123
1.5100000000000011,9.363510000000005,-0.0664211165425039,22.360036927444796,0.01961846588729982,-10.112863778115269
1.5200000000000011,9.425520000000006,-0.06711247262582512,22.376578315541025,0.01991432157946693,-10.179345284344093
1.5300000000000011,9.487530000000007,-0.06780887372660627,22.393130432331635,0.020213858287830788,-10.245823225586065
1.5400000000000011,9.549540000000007,-0.06851035451619572,22.409693265094447,0.02051710941095508,-10.312297649350764
1.5500000000000012,9.611550000000008,-0.0692169497037958,22.42626680134333,0.02082410848522598,-10.378768602892666
1.5600000000000012,9.673560000000009,-0.06992869403725804,22.44285102882628,0.021134889185355832,-10.445236133225615
1.5700000000000012,9.73557000000001,-0.07064562230383961,22.459445935523494,0.021449485325034046,-10.511700287136675
1.5800000000000012,9.79758000000001,-0.07136776933105901,22.4760515096455,0.021767930857471862,-10.578161111201576
1.5900000000000012,9.859590000000011,-0.07209516998763996,22.492667739631337,0.02209025987600377,-10.644618651800235
1.6000000000000012,9.921600000000012,-0.07282785918443616,22.509294614146672,0.02241650661465122,-10.711072955133124
1.6100000000000012,9.983610000000013,-0.07356587187556843,22.52593212208211,0.022746705448716098,-10.777524067238309
1.6200000000000012,10.045620000000014,-0.07430924305950631,22.5425802525514,0.023080890895364803,-10.843972034008974
1.6300000000000012,10.107630000000015,-0.07505800778028077,22.559238994889675,0.02341909761421035,-10.910416901211644
1.6400000000000012,10.169640000000015,-0.07581220112878392,22.575908338651907,0.02376136040790905,-10.976858714505354
1.6500000000000012,10.231650000000016,-0.07657185824416562,22.592588273611142,0.024107714222792676,-11.043297519460541
1.6600000000000013,10.293660000000017,-0.07733701431523607,22.609278789756935,0.024458194149438395,-11.109733361579986
1.6700000000000013,10.355670000000018,-0.07810770458206248,22.6259798772938,0.02481283542334145,-11.176166286319077
1.6800000000000013,10.417680000000018,-0.07888396433759604,22.642691526639695,0.02517167342552007,-11.24259633910772
1.6900000000000013,10.47969000000002,-0.07966582892937493,22.659413728424457,0.025534743683211902,-11.309023565372106
1.7000000000000013,10.54170000000002,-0.080453333761384,22.676146473488405,0.025902081870517013,-11.375448010557731
1.7100000000000013,10.60371000000002,-0.08124651429596125,22.69288975288096,0.02627372380913323,-11.44186972015285
1.7200000000000013,10.665720000000022,-0.08204540605581978,22.70964355785918,0.026649705469053986,-11.508288739712457
1.7300000000000013,10.727730000000022,-0.08285004462621781,22.726407879886526,0.027030062969310098,-11.574705114883443
1.7400000000000013,10.789740000000023,-0.08366046565713761,22.743182710631487,0.02741483257880678,-11.641118891429452
1.7500000000000013,10.851750000000024,-0.08447670486568792,22.759968041966427,0.02780405071705966,-11.707530115257454
1.7600000000000013,10.913760000000025,-0.08529879803854229,22.776763865966284,0.02819775395512303,-11.773938832444307
1.7700000000000014,10.975770000000026,-0.08612678103451865,22.793570174907483,0.02859597901639438,-11.840345089264156
1.7800000000000014,11.037780000000026,-0.08696068978727922,22.81038696126681,0.028998762777595166,-11.906748932216866
1.7900000000000014,11.099790000000027,-0.08780056030815694,22.827214217720346,0.02940614226973287,-11.973150408056188
1.8000000000000014,11.161800000000028,-0.08864642868907102,22.84405193714239,0.029818154679105258,-12.039549563819591
1.8100000000000014,11.223810000000029,-0.08949833110563032,22.860900112604618,0.030234837348390387,-12.105946446858253
1.8200000000000014,11.28582000000003,-0.09035630382032556,22.87775873737501,0.03065622777776278,-12.172341104867506
1.8300000000000014,11.34783000000003,-0.0912203831858428,22.894627804917125,0.031082363626081133,-12.238733585918467
1.8400000000000014,11.409840000000031,-0.09209060564855989,22.911507308889107,0.03151328271214754,-12.30512393848979
1.8500000000000014,11.471850000000032,-0.0929670077521347,22.92839724314311,0.03194902301600255,-12.371512211500626
1.8600000000000014,11.533860000000033,-0.09384962614125886,22.94529760172442,0.03238962268034018,-12.437898454343348
1.8700000000000014,11.595870000000033,-0.09473849756556418,22.962208378870876,0.032835120011950714,-12.50428271691789
1.8800000000000014,11.657880000000034,-0.09563365888364087,22.979129569012258,0.033285553483286545,-12.570665049665914
1.8900000000000015,11.719890000000035,-0.09653514706727478,22.99606116676965,0.03374096173407515,-12.63704550360608
1.9000000000000015,11.781900000000036,-0.09744299920573274,23.013003166955045,0.03420138357304964,-12.703424130369571
1.9100000000000015,11.843910000000037,-0.09835725251029512,23.02995556457087,0.03466685797977709,-12.769800982236458
1.9200000000000015,11.905920000000037,-0.09927794431895123,23.04691835480958,0.035137424106575166,-12.836176112172362
1.9300000000000015,11.967930000000038,-0.10020511210112754,23.06389153305333,0.03561312128050381,-12.902549573866114
1.9400000000000015,12.029940000000039,-0.10113879346280205,23.080875094873782,0.0360939890055732,-12.96892142176731
1.9500000000000015,12.09195000000004,-0.10207902615152811,23.097869036031796,0.03658006696492627,-13.035291711125154
1.9600000000000015,12.15396000000004,-0.10302584806186108,23.114873352477403,0.03707139502329215,-13.10166049802706
1.9700000000000015,12.215970000000041,-0.10397929724081878,23.131888040349637,0.03756801322944736,-13.168027839438345
1.9800000000000015,12.277980000000042,-0.10493941189354494,23.148913095976585,0.038069961818882836,-13.234393793242141
1.9900000000000015,12.339990000000043,-0.10590623038916086,23.165948515875414,0.03857728121660903,-13.300758418279585
2.0000000000000013,12.402000000000044,-0.10687979126686237,23.182994296752522,0.03909001204010909,-13.367121774390865
2.010000000000001,12.464010000000044,-0.1078601332420274,23.200050435503698,0.03960819510244451,-13.43348392245616
2.020000000000001,12.526020000000045,-0.10884729521274067,23.217116929214388,0.04013187141550745,-13.499844924437465
2.0300000000000007,12.588030000000046,-0.10984131626632768,23.234193775160065,0.04066108219348613,-13.566204843420369
2.0400000000000005,12.650040000000047,-0.1108422356861318,23.251280970806587,0.04119586885649085,-13.632563743656378
2.0500000000000003,12.712050000000048,-0.11185009295857118,23.268378513810667,0.04173627303437272,-13.698921690605694
2.06,12.774060000000048,-0.11286492778021548,23.28548640202052,0.04228233657075209,-13.76527875097935
2.07,12.83607000000005,-0.11388678006528385,23.30260463347636,0.04283410152723871,-13.831634992782861
2.0799999999999996,12.89808000000005,-0.11491568995315535,23.319733206411172,0.04339161018789278,-13.897990485358966
2.0899999999999994,12.96009000000005,-0.11595169781616521,23.336872119251503,0.04395490506386279,-13.964345299431246
2.099999999999999,13.022100000000052,-0.11699484426765805,23.354021370618312,0.044524028898304424,-14.030699507147316
2.109999999999999,13.084110000000052,-0.11804517017016103,23.371180959327866,0.045099024671523824,-14.097053182122561
2.1199999999999988,13.146120000000053,-0.11910271664378363,23.388350884392846,0.045679935606431354,-14.163406399482897
2.1299999999999986,13.208130000000054,-0.12016752507493292,23.40553114502338,0.04626680517415388,-14.229759235908825
2.1399999999999983,13.270140000000055,-0.12123963712511321,23.4227217406283,0.046859677099991004,-14.296111769678449
2.149999999999998,13.332150000000055,-0.12231909474000194,23.43992267081634,0.04745859536966196,-14.362464080710513
2.159999999999998,13.394160000000056,-0.12340594015878276,23.457133935397557,0.04806360423584033,-14.428816250607156
2.1699999999999977,13.456170000000057,-0.12450021592364574,23.474355534384802,0.048674748225021325,-14.495168362696246
2.1799999999999975,13.518180000000058,-0.12560196488957165,23.491587467995167,0.04929207214460174,-14.561520502074265
2.1899999999999973,13.580190000000059,-0.12671123023427502,23.508829736651695,0.04991562109043601,-14.627872755647175
2.199999999999997,13.64220000000006,-0.12782805546841525,23.526082340985127,0.050545440454687174,-14.694225212171718
2.209999999999997,13.70421000000006,-0.1289524844460692,23.543345281835567,0.0511815759339857,-14.760577962296328
2.2199999999999966,13.766220000000061,-0.13008456137537627,23.5606185602546,0.05182407353797397,-14.826931098600603
2.2299999999999964,13.828230000000062,-0.13122433082949553,23.577902177507127,0.05247297959831926,-14.893284715634442
2.239999999999996,13.890240000000063,-0.1323718377576925,23.595196135073554,0.053128340778013594,-14.959638909956103
2.249999999999996,13.952250000000063,-0.13352712749677528,23.612500434651942,0.05379020408109014,-15.025993780169557
2.259999999999996,14.014260000000064,-0.13469024578276295,23.629815078160306,0.05445861686286768,-15.092349426960123
2.2699999999999956,14.076270000000065,-0.1358612387626249,23.647140067739077,0.05513362684046719,-15.158705953129717
2.2799999999999954,14.138280000000066,-0.1370401530065368,23.664475405753453,0.055815282103920505,-15.225063463629983
2.289999999999995,14.200290000000066,-0.13822703552019722,23.681821094796163,0.05650363112763074,-15.291422065594519
2.299999999999995,14.262300000000067,-0.13942193375737952,23.69917713769001,0.05719872278241289,-15.35778186836918
2.3099999999999947,14.324310000000068,-0.14062489563288066,23.71654353749077,0.05790060634787497,-15.424142983540925
2.3199999999999945,14.386320000000069,-0.14183596953553307,23.733920297489988,0.058609331525449004,-15.490505524964382
2.3299999999999943,14.44833000000007,-0.14305520434161523,23.751307421218126,0.0593249484518556,-15.556869608786903
2.339999999999994,14.51034000000007,-0.1442826494284563,23.76870491244748,0.06004750771308953,-15.623235353471047
2.349999999999994,14.572350000000071,-0.1455183546882285,23.786112775195548,0.06077706035896069,-15.689602879814858
2.3599999999999937,14.634360000000072,-0.1467623705421118,23.8035310137282,0.06151365791819152,-15.755972310969575
2.3699999999999934,14.696370000000073,-0.14801474795460173,23.820959632563213,0.062257352414046785,-15.82234377245494
2.3799999999999932,14.758380000000074,-0.1492755384481526,23.83839863647367,0.06300819638059113,-15.888717392170951
2.389999999999993,14.820390000000074,-0.15054479411798954,23.855848030491643,0.06376624287943083,-15.955093300407446
2.399999999999993,14.882400000000075,-0.1518225676472787,23.873307819911833,0.06453154551718565,-16.021471629849405
2.4099999999999926,14.944410000000076,-0.15310891232243928,23.89077801029548,0.06530415846341386,-16.087852515579577
2.4199999999999924,15.006420000000077,-0.15440388204875544,23.90825860747416,0.06608413646925632,-16.154236095076964
2.429999999999992,15.068430000000077,-0.1557075313662724,23.92574961755384,0.06687153488664821,-16.220622508211466
2.439999999999992,15.130440000000078,-0.15701991546587873,23.94325104691896,0.067666409688169,-16.28701189723415
2.4499999999999917,15.192450000000079,-0.1583410902057244,23.9607629022366,0.06846881748747574,-16.353404406763744
2.4599999999999915,15.25446000000008,-0.15967111212776966,23.9782851904608,0.06927881556043863,-16.41980018376723
2.4699999999999913,15.31647000000008,-0.16101003847470935,23.99581791883684,0.07009646186682628,-16.486199377536863
2.479999999999991,15.378480000000081,-0.1623579272070616,24.013361094905765,0.07092181507268847,-16.552602139660838
2.489999999999991,15.440490000000082,-0.16371483702054151,24.030914726508733,0.07175493457331067,-16.619008623988982
2.4999999999999907,15.502500000000083,-0.16508082736366628,24.048478821791818,0.07259588051676436,-16.685418986592705
2.5099999999999905,15.564510000000084,-0.16645595845561947,24.06605338921046,0.07344471382816259,-16.75183338571823
2.5199999999999902,15.626520000000085,-0.16784029130435096,24.083638437534272,0.07430149623439697,-16.818251981734363
2.52999999999999,15.688530000000085,-0.16923388772492784,24.101233975851727,0.07516629028951355,-16.884674937072425
2.53999999999999,15.750540000000086,-0.17063681035809913,24.118840013575017,0.07603915940062345,-16.951102416160058
2.5499999999999896,15.812550000000087,-0.17204912268914524,24.136456560444874,0.07692016785435163,-17.017534585346827
2.5599999999999894,15.874560000000088,-0.17347088906695923,24.15408362653533,0.0778093808437762,-17.083971612822808
2.569999999999989,15.936570000000088,-0.1749021747232838,24.171721222258714,0.07870686449587122,-17.150413668528177
2.579999999999989,15.99858000000009,-0.17634304579232865,24.1893693583705,0.07961268589929504,-17.21686092405563
2.5899999999999888,16.06059000000009,-0.1777935693304572,24.20702804597401,0.08052691313265925,-17.283313552542456
2.5999999999999885,16.12260000000009,-0.17925381333626877,24.224697296525502,0.08144961529301104,-17.349771728554668
2.6099999999999883,16.18461000000009,-0.18072384677070244,24.242377121838757,0.08238086252467997,-17.416235627960837
2.619999999999988,16.246620000000092,-0.18220373957762842,24.260067534089924,0.08332072604824109,-17.48270542779645
2.629999999999988,16.308630000000093,-0.18369356270437875,24.277768545822095,0.08426927818961039,-17.54918130611779
2.6399999999999877,16.370640000000094,-0.18519338812269714,24.29548016994997,0.08522659240918401,-17.615663441845285
2.6499999999999875,16.432650000000095,-0.1867032888498345,24.313202419764195,0.08619274333084004,-17.682152014595715
2.6599999999999873,16.494660000000096,-0.18822333896977972,24.33093530893572,0.08716780677079788,-17.748647204503207
2.669999999999987,16.556670000000096,-0.18975361365490348,24.348678851519868,0.0881518597661371,-17.815149192028795
2.679999999999987,16.618680000000097,-0.19129418918750393,24.366433061960358,0.08914498060287229,-17.88165815775725
2.6899999999999866,16.680690000000098,-0.19284514298178793,24.384197955092894,0.09014724884336678,-17.948174282182563
2.6999999999999864,16.7427000000001,-0.1944065536059133,24.401973546148696,0.09115874535299717,-18.014697745480447
2.709999999999986,16.8047100000001,-0.1959785008043134,24.419759850757515,0.09217955232587971,-18.08122872726739
2.719999999999986,16.8667200000001,-0.1975610655200013,24.437556884950542,0.0932097533093218,-18.147767406347974
2.7299999999999858,16.9287300000001,-0.19915432991724796,24.45536466516276,0.09424943322694856,-18.214313960447836
2.7399999999999856,16.990740000000102,-0.2007583774043013,24.473183208234985,0.09529867840012651,-18.28086856593353
2.7499999999999853,17.052750000000103,-0.20237329265621123,24.491012531415294,0.09635757656743099,-18.347431397519554
2.759999999999985,17.114760000000103,-0.20399916163788395,24.508852652360062,0.09742621690194664,-18.41400262796114
2.769999999999985,17.176770000000104,-0.20563607162712166,24.526703589134435,0.09850469002598988,-18.48058242773308
2.7799999999999847,17.238780000000105,-0.20728411123786342,24.544565360211926,0.09959308802285527,-18.547170964697433
2.7899999999999845,17.300790000000106,-0.2089433704433883,24.56243798447363,0.10069150444534641,-18.6137684037552
2.7999999999999843,17.362800000000107,-0.21061394059965055,24.580321481206404,0.10180003432056994,-18.6803749064869
2.809999999999984,17.424810000000107,-0.21229591446857846,24.598215870100383,0.10291877415050887,-18.746990630780648
2.819999999999984,17.486820000000108,-0.21398938624140373,24.616121171245428,0.1040478219080695,-18.8136157304472
2.8299999999999836,17.54883000000011,-0.21569445156185857,24.634037405126612,0.105187277027802,-18.880250354824522
2.8399999999999834,17.61084000000011,-0.21741120754941656,24.651964592618775,0.10633724039099168,-18.946894648371927
2.849999999999983,17.67285000000011,-0.21913975282225648,24.669902754979567,0.10749781430436484,-19.01354875025391
2.859999999999983,17.73486000000011,-0.22088018752008517,24.68785191384153,0.10866910247178785,-19.080212793915976
2.869999999999983,17.796870000000112,-0.22263261332682424,24.70581209120271,0.10985120995828745,-19.146886906653464
2.8799999999999826,17.858880000000113,-0.22439713349278165,24.723783309415566,0.11104424314564282,-19.213571209174344
2.8899999999999824,17.920890000000114,-0.22617385285659566,24.74176559117474,0.11224830967872029,-19.280265815159193
2.899999999999982,17.982900000000114,-0.22796287786652694,24.759758959502626,0.1134635184017812,-19.34697083081777
2.909999999999982,18.044910000000115,-0.2297643166014026,24.777763437733505,0.1146899792838808,-19.41368635444759
2.9199999999999817,18.106920000000116,-0.23157827879059548,24.79577904949549,0.11592780333225922,-19.480412475995053
2.9299999999999815,18.168930000000117,-0.23340487583335157,24.813805818690547,0.11717710249295543,-19.547149276622836
2.9399999999999813,18.230940000000118,-0.2352442208170767,24.831843769472236,0.11843798953760054,-19.61389682828545
2.949999999999981,18.29295000000012,-0.23709642853448507,24.84989292622121,0.11971057793492867,-19.680655193320163
2.959999999999981,18.35496000000012,-0.23896161549942882,24.867953313518154,0.12099498170655176,-19.74742442405198
2.9699999999999807,18.41697000000012,-0.2408398999611951,24.886024956114255,0.122291315265174,-19.81420456242178
2.9799999999999804,18.47898000000012,-0.2427314019169899,24.90410787889892,0.12359969323442282,-19.8809956396399
2.9899999999999802,18.54099000000012,-0.24463624312251425,24.9222021068646,0.1249202302489325,-19.947797675871286
2.99999999999998,18.603000000000122,-0.24655454710001254,24.94030766506883,0.12625304073353766,-20.014610679956977
3.00999999999998,18.665010000000123,-0.2484864391439185,24.958424578593046,0.1275982386599736,-20.081434649180068
3.0199999999999796,18.727020000000124,-0.2504320463232722,24.976552872498313,0.12895593728024246,-20.148269569080238
3.0299999999999794,18.789030000000125,-0.25239149748090534,24.994692571777758,0.13032624883505617,-20.215115413325787
3.039999999999979,18.851040000000125,-0.25436492322866633,25.01284370130579,0.1317092842361472,-20.281972143649813
3.049999999999979,18.913050000000126,-0.2563524559383869,25.031006285783764,0.13310515272122836,-20.34883970985946
3.0599999999999787,18.975060000000127,-0.25835422972798916,25.049180349682302,0.13451396148047712,-20.415718049925403
3.0699999999999785,19.037070000000128,-0.2603703804421368,25.067365917180222,0.13593581525340426,-20.482607090161117
3.0799999999999783,19.09908000000013,-0.26240104562683647,25.08556301209989,0.13737081589490735,-20.54950674550187
3.089999999999978,19.16109000000013,-0.26444636449731185,25.103771657839353,0.13881906191002835,-20.616416919890884
3.099999999999978,19.22310000000013,-0.2665064778984088,25.121991877301078,0.14028064795611617,-20.683337506785318
3.1099999999999777,19.28511000000013,-0.26858152825668796,25.1402236928175,0.14175566431236797,-20.750268389788573
3.1199999999999775,19.34712000000013,-0.2706716595234773,25.15846712607364,0.1432441963159406,-20.817209443422662
3.1299999999999772,19.409130000000133,-0.2727770171079079,25.1767221980268,0.144746323764819,-20.88416053404657
3.139999999999977,19.471140000000133,-0.2748977477989626,25.194988928823978,0.1462621202874692,-20.951121520934088
3.149999999999977,19.533150000000134,-0.2770339996756637,25.213267337716843,0.1477916526797089,-21.01809225751793
3.1599999999999766,19.595160000000135,-0.27918592200422365,25.231557442975134,0.14933498020996383,-21.085072592809528
3.1699999999999764,19.657170000000136,-0.2813536651212133,25.24985926179866,0.15089215389368027,-21.152062373003826
3.179999999999976,19.719180000000136,-0.2835373803016366,25.26817281022861,0.15246321573921212,-21.219061443274253
3.189999999999976,19.781190000000137,-0.28573721961069104,25.28649810305857,0.154048197966823,-21.286069649765416
3.1999999999999758,19.843200000000138,-0.287953335738401,25.304835153746346,0.15564712220398824,-21.35308684178805
3.2099999999999755,19.90521000000014,-0.290185881815655,25.323183974326824,0.15725999866011942,-21.42011287421751
3.2199999999999753,19.96722000000014,-0.2924350112109856,25.341544575327234,0.1588868252847342,-21.487147610098354
3.229999999999975,20.02923000000014,-0.294700877306942,25.359916965685393,0.16052758691350233,-21.554190923453298
3.239999999999975,20.09124000000014,-0.29698363325511057,25.37830115267198,0.16218225440767675,-21.621242702291312
3.2499999999999747,20.153250000000142,-0.2992834317091141,25.39669714181815,0.16385078379246049,-21.6883028518101
3.2599999999999745,20.215260000000143,-0.3016004245350119,25.415104936849247,0.16553311540122184,-21.755371297780798
3.2699999999999743,20.277270000000144,-0.30393476249850104,25.433524539625996,0.16722917303263796,-21.822447990103747
3.279999999999974,20.339280000000144,-0.3062865949288385,25.451955950094437,0.16893886312868067,-21.88953290651631
3.289999999999974,20.401290000000145,-0.3086560693593298,25.47039916624549,0.1706620739819832,-21.95662605643372
3.2999999999999736,20.463300000000146,-0.3110433311449357,25.488854184085916,0.1723986749815788,-22.023727484898405
3.3099999999999734,20.525310000000147,-0.3134485230573272,25.50732099762125,0.174148515906692,-22.09083727660679
3.319999999999973,20.587320000000148,-0.31587178485862094,25.52579959885248,0.1759114262782771,-22.157955559985297
3.329999999999973,20.64933000000015,-0.31831325285493167,25.544289977787017,0.17768721477868443,-22.22508251127528
3.3399999999999728,20.71134000000015,-0.320773059431736,25.562792122465524,0.17947566874954418,-22.292218358589967
3.3499999999999726,20.77335000000015,-0.32325133257296207,25.581306019004977,0.18127655377849244,-22.359363385897904
3.3599999999999723,20.83536000000015,-0.3257481953667128,25.59983165165915,0.18308961338449686,-22.426517936888818
3.369999999999972,20.89737000000015,-0.3282637655005648,25.61836900289682,0.18491456881165752,-22.493682418671543
3.379999999999972,20.959380000000152,-0.3307981547497776,25.636918053498313,0.18675111894074925,-22.560857305255155
3.3899999999999717,21.021390000000153,-0.3333514684627917,25.655478782670265,0.18859894032664642,-22.628043140761072
3.3999999999999715,21.083400000000154,-0.33592380504775976,25.674051168179034,0.1904576873692087,-22.69524054231464
3.4099999999999713,21.145410000000155,-0.3385152554652009,25.692635186501747,0.1923269926236123,-22.76245020256656
3.419999999999971,21.207420000000155,-0.3411259027313645,25.711230812995183,0.19420646725503565,-22.829672891793
3.429999999999971,21.269430000000156,-0.3437558214376564,25.729838022080983,0.19609570164072704,-22.896909459530608
3.4399999999999706,21.331440000000157,-0.3464050772911351,25.748456787446376,0.19799426612087118,-22.96416083570119
3.4499999999999704,21.393450000000158,-0.3490737266814977,25.76708708225894,0.19990171189775136,-23.03142803119097
3.45999999999997,21.45546000000016,-0.3517618162795154,25.78572887939368,0.2018175720805645,-23.09871213784984
3.46999999999997,21.51747000000016,-0.35446938267206174,25.80438215167065,0.20374136287124667,-23.16601432788814
3.47999999999997,21.57948000000016,-0.35719645203815514,25.82304687210069,0.20567258488451118,-23.233335852650615
3.4899999999999696,21.64149000000016,-0.35994303987023846,25.841723014137457,0.20761072459330177,-23.30067804075984
3.4999999999999694,21.70350000000016,-0.3627091507444025,25.860410551932574,0.2095552558885327,-23.368042295626637
3.509999999999969,21.765510000000162,-0.3654947781424298,25.879109460592204,0.21150564174055847,-23.4354300923371
3.519999999999969,21.827520000000163,-0.3682999043277072,25.897819716431762,0.2134613359476124,-23.502842973931248
3.5299999999999687,21.889530000000164,-0.37112450027677524,25.916541297226352,0.2154217849553854,-23.570282547100287
3.5399999999999685,21.951540000000165,-0.3739685256664519,25.93527418245454,0.21738642973032368,-23.63775047733565
3.5499999999999683,22.013550000000166,-0.37683192891661144,25.95401835353273,0.21935470766850312,-23.705248483573243
3.559999999999968,22.075560000000166,-0.3797146472867854,25.972773794038012,0.22132605452138204,-23.772778332379527
3.569999999999968,22.137570000000167,-0.38261660702456124,25.991540489917238,0.2232999063193059,-23.84034183173666
3.5799999999999677,22.199580000000168,-0.3855377235625393,26.010318429680396,0.22527570127393415,-23.907940824485802
3.5899999999999674,22.26159000000017,-0.3884779017597535,26.029107604576787,0.22725288164117818,-23.975577181491367
3.5999999999999672,22.32360000000017,-0.39143703618285364,26.047908008752536,0.22923089552693815,-24.043252794594
3.609999999999967,22.38561000000017,-0.39441501142189833,26.06671963938833,0.2312091986193266,-24.110969569417428
3.619999999999967,22.44762000000017,-0.39741170243450974,26.085542496816828,0.23318725583233113,-24.17872941809698
3.6299999999999666,22.509630000000172,-0.4004269749125586,26.10437658461918,0.23516454284746113,-24.246534251993694
3.6399999999999664,22.571640000000173,-0.4034606856648192,26.123221909700668,0.23714054754194025,-24.314385974458396
3.649999999999966,22.633650000000173,-0.4065126830089963,26.14207848234556,0.2391147712941516,-24.382286473700322
3.659999999999966,22.695660000000174,-0.40958280716676404,26.160946316251938,0.24108673015879234,-24.450237615817084
3.6699999999999657,22.757670000000175,-0.4126708906556257,26.17982542854675,0.24305595590667428,-24.518241238032395
3.6799999999999655,22.819680000000176,-0.4157767586714872,26.198715839782764,0.24502199692615145,-24.58629914218246
3.6899999999999653,22.881690000000177,-0.4189002294565983,26.2176175739178,0.24698441898514445,-24.654413088488287
3.699999999999965,22.943700000000177,-0.4220411146476942,26.23653065827851,0.24894280585480344,-24.722584789639683
3.709999999999965,23.005710000000178,-0.42519921960020235,26.25545512350911,0.2508967597976934,-24.79081590521521
3.7199999999999647,23.06772000000018,-0.42837434368417715,26.27439100350773,0.25284590192482587,-24.859108036451097
3.7299999999999645,23.12973000000018,-0.43156628054950186,26.293338335350928,0.2547898724275769,-24.927462721369523
3.7399999999999642,23.19174000000018,-0.43477481835721477,26.312297159208928,0.25672833069148404,-24.99588143026802
3.749999999999964,23.25375000000018,-0.43799973997565955,26.33126751825254,0.2586609553001734,-25.064365561567882
3.759999999999964,23.315760000000182,-0.4412408231397388,26.35024945855362,0.2605874439379674,-25.132916438015243
3.7699999999999636,23.377770000000183,-0.4444978405731829,26.369243028980804,0.2625075132010779,-25.201535303220936
3.7799999999999634,23.439780000000184,-0.44777056007331467,26.388248281091393,0.2644208983265862,-25.270223318527346
3.789999999999963,23.501790000000184,-0.45105874455880357,26.407265269021494,0.26632735284936193,-25.338981560181352
3.799999999999963,23.563800000000185,-0.45436215208137654,26.426294049374913,0.26822664819674163,-25.407811016794657
3.8099999999999627,23.625810000000186,-0.45768053580231693,26.44533468111274,0.27011857323049504,-25.476712587069283
3.8199999999999625,23.687820000000187,-0.4610136439354777,26.46438722544385,0.2720029337454971,-25.545687077764622
3.8299999999999623,23.749830000000188,-0.4643612196580621,26.483451745717964,0.2738795519338958,-25.61473520188259
3.839999999999962,23.81184000000019,-0.46772300099117065,26.50252830732163,0.27574826582313144,-25.68385757704695
3.849999999999962,23.87385000000019,-0.4710987206518114,26.52161697757785,0.27760892869584675,-25.753054724051562
3.8599999999999617,23.93586000000019,-0.4744881058782042,26.540717825650233,0.2794614084985862,-25.82232706555529
3.8699999999999615,23.99787000000019,-0.4778908782300553,26.55983092245176,0.28130558724615584,-25.891674924899387
3.8799999999999613,24.05988000000019,-0.481306753365754,26.578956340558953,0.28314136042730803,-25.961098525026483
3.889999999999961,24.121890000000192,-0.48473544079767766,26.598094154131388,0.28496863641744186,-26.030597987476984
3.899999999999961,24.183900000000193,-0.4881766436273578,26.617244438836998,0.2867873359027437,-26.10017333144604
3.9099999999999606,24.245910000000194,-0.4916300582614759,26.63640727178345,0.2885973913202765,-26.169824472878137
3.9199999999999604,24.307920000000195,-0.4950953741098203,26.6555827314554,0.29039874631754264,-26.239551223583117
3.92999999999996,24.369930000000195,-0.49857227326579356,26.674770897657865,0.2921913552347081,-26.309353290354924
3.93999999999996,24.431940000000196,-0.5020604301702358,26.69397185146582,0.2939751826125559,-26.37923027407571
3.9499999999999598,24.493950000000197,-0.5055595112583441,26.713185675179894,0.29575020272845326,-26.44918166878994
3.9599999999999596,24.555960000000198,-0.5090691745902148,26.73241245228798,0.2975163991624231,-26.51920686073334
3.9699999999999593,24.6179700000002,-0.5125890694640411,26.751652267433172,0.29927376439561504,-26.58930512729848
3.979999999999959,24.6799800000002,-0.5161188360118502,26.770905206387297,0.30102229944246905,-26.659475635926427
3.989999999999959,24.7419900000002,-0.5196581047763338,26.79017135603063,0.30276201351853266,-26.72971744290508
3.9999999999999587,24.8040000000002,-0.5232064962680529,26.809450804337178,0.30449292374528225,-26.800029492062897
4.009999999999959,24.866010000000202,-0.5267636205006845,26.82874364036565,0.306215054893477,-26.870410613339324
4.019999999999959,24.928020000000203,-0.5303290765031613,26.848049954256048,0.3079284391667444,-26.940859521218865
4.0299999999999585,24.990030000000203,-0.5339024518057712,26.867369837231745,0.3096331160266748,-27.0113748130108
4.039999999999958,25.052040000000204,-0.5374833218979398,26.886703381606807,0.3113291320615427,-27.081954966957085
4.049999999999958,25.114050000000205,-0.5410712496544823,26.906050680798725,0.3130165409001618,-27.152598340151428
4.059999999999958,25.176060000000206,-0.544665784727167,26.925411829346153,0.31469540317332606,-27.223303166247668
4.069999999999958,25.238070000000207,-0.5482664628973949,26.944786922932003,0.3163657865250263,-27.294067552938287
4.079999999999957,25.300080000000207,-0.5518728053862061,26.96417605841107,0.31802776567598884,-27.36488947917917
4.089999999999957,25.362090000000208,-0.55548431811653,26.983579333842968,0.31968142254298226,-27.435766792134547
4.099999999999957,25.42410000000021,-0.5591004909228812,27.002996848529634,0.3213268464168549,-27.50669720381764
4.109999999999957,25.48611000000021,-0.5627207967026314,27.022428703057408,0.3229641342034554,-27.577678287395354
4.119999999999957,25.54812000000021,-0.5663446905027392,27.041874999343896,0.32459339073183163,-27.64870747312377
4.129999999999956,25.61013000000021,-0.569971608535366,27.061335840688933,0.3262147291345203,-27.71978204388279
4.139999999999956,25.672140000000212,-0.5736009671148284,27.080811331830102,0.3278282713055494,-27.790899130266126
4.149999999999956,25.734150000000213,-0.5772321615082285,27.100301579001957,0.32943414844242647,-27.862055705188748
4.159999999999956,25.796160000000214,-0.5808645646908475,27.119806689999407,0.3310325016791194,-27.933248577960953
4.1699999999999555,25.858170000000214,-0.5844975259974826,27.139326774244445,0.33262348281771315,-28.004474387781837
4.179999999999955,25.920180000000215,-0.5881303696592031,27.15886194285622,0.3342072551675407,-28.075729596592627
4.189999999999955,25.982190000000216,-0.5917623932152511,27.178412308723892,0.3357839945015182,-28.147010481230847
4.199999999999955,26.044200000000217,-0.59539286578819,27.19797798658207,0.337353890140054,-28.218313124817495
4.209999999999955,26.106210000000218,-0.5990210262100645,27.217559093088063,0.33891714617499114,-28.28963340730139
4.2199999999999545,26.16822000000022,-0.6026460809864151,27.237155746900186,0.34047398284602604,-28.36096699508313
4.229999999999954,26.23023000000022,-0.6062672020839156,27.256768068756855,0.34202463808465805,-28.432309329625575
4.239999999999954,26.29224000000022,-0.6098835245270859,27.276396181554958,0.3435693692410861,-28.503655614958138
4.249999999999954,26.35425000000022,-0.6134941437878667,27.29604021042678,0.3451084550119823,-28.575000803962602
4.259999999999954,26.41626000000022,-0.6170981129521772,27.315700282814127,0.34664219758783393,-28.646339583327713
4.269999999999953,26.478270000000222,-0.6206944396458526,27.335376528537854,0.34817092504130864,-28.717666357040343
4.279999999999953,26.540280000000223,-0.624282082702424,27.35506907986156,0.34969499397897996,-28.788975228272616
4.289999999999953,26.602290000000224,-0.6278599485547554,27.37477807154653,0.3512147924818441,-28.860259979508655
4.299999999999953,26.664300000000225,-0.6314268873318363,27.39450364089629,0.3527307433611155,-28.931514050739093
4.3099999999999525,26.726310000000225,-0.6349816886431393,27.414245927786943,0.35424330775902296,-29.002730515533294
4.319999999999952,26.788320000000226,-0.6385230770323268,27.434005074680663,0.35575298912573733,-29.073902054781144
4.329999999999952,26.850330000000227,-0.6420497070839907,27.453781226617597,0.3572603376065705,-29.145020927871208
4.339999999999952,26.912340000000228,-0.645560158168259,27.473574531182024,0.35876595487556456,-29.216078941050842
4.349999999999952,26.97435000000023,-0.6490529288106451,27.49338513843667,0.36027049945392453,-29.287067412683037
4.3599999999999515,27.03636000000023,-0.6525264306777193,27.513213200819067,0.36177469255394534,-29.357977135085566
4.369999999999951,27.09837000000023,-0.6559789821733915,27.53305887299259,0.3632793244909806,-29.42879833260034
4.379999999999951,27.16038000000023,-0.6594088016470735,27.552922311642483,0.36478526170728626,-29.499520615506437
4.389999999999951,27.22239000000023,-0.6628140002210666,27.57280367520788,0.3662934544525566,-29.570132929340616
4.399999999999951,27.284400000000232,-0.6661925742545165,27.592703123536744,0.36780494516557855,-29.64062349914936
4.40999999999995,27.346410000000233,-0.6695423974719641,27.612620817450974,0.36932087760006077,-29.710979768139488
4.41999999999995,27.408420000000234,-0.6728612127979356,27.632556918205104,0.37084250673386016,-29.781188330148844
4.42999999999995,27.470430000000235,-0.6761466239549795,27.652511586821074,0.3723712094944716,-29.851234855304984
4.43999999999995,27.532440000000236,-0.6793960869016021,27.672484983278398,0.3739084963235866,-29.9211040081969
4.4499999999999496,27.594450000000236,-0.6826069012081861,27.692477265537104,0.37545602358754376,-29.990779357856905
4.459999999999949,27.656460000000237,-0.6857762014951541,27.71248858836787,0.3770156068182238,-30.060243278845096
4.469999999999949,27.718470000000238,-0.6889009490861924,27.732519101963106,0.37858923473688577,-30.129476842763733
4.479999999999949,27.78048000000024,-0.6919779240641684,27.75256895030035,0.3801790839689688,-30.19845969963733
4.489999999999949,27.84249000000024,-0.695003717955547,27.772638269230868,0.3817875342991793,-30.267169948782676
4.4999999999999485,27.90450000000024,-0.6979747273157533,27.792727184267925,0.38341718423749943,-30.33558399913178
4.509999999999948,27.96651000000024,-0.7008871485400452,27.812835808055503,0.3850708665668676,-30.4036764194774
4.519999999999948,28.028520000000242,-0.7037369742898923,27.83296423750795,0.38675166341829753,-30.471419779866284
4.529999999999948,28.090530000000243,-0.7065199920017511,27.85311255062686,0.38846292026886736,-30.538784486414222
4.539999999999948,28.152540000000243,-0.7092317850406531,27.87328080302408,0.39020825808382925,-30.605738613226702
4.549999999999947,28.214550000000244,-0.711867737179011,27.893469024211903,0.3919915826354046,-30.672247736919193
4.559999999999947,28.276560000000245,-0.7144230412247943,27.91367721376241,0.39381708984003316,-30.73827478145503
4.569999999999947,28.338570000000246,-0.7168927127949575,27.933905337488845,0.3956892657921006,-30.80377988360359
4.579999999999947,28.400580000000247,-0.7192716104278086,27.95415332386208,0.3976128800701284,-30.868720292144925
4.589999999999947,28.462590000000247,-0.7215544634373008,27.974421060941605,0.3995929709069583,-30.933050316728238
4.599999999999946,28.524600000000248,-0.7237359091097366,27.994708394167066,0.401634821013425,-30.996721344639383
4.609999999999946,28.58661000000025,-0.7258105409806459,28.015015125417023,0.40374392330296655,-31.059681945037163
4.619999999999946,28.64862000000025,-0.727772969938501,28.03534101378324,0.40592593656398085,-31.121878079724027
4.629999999999946,28.71063000000025,-0.7296178996871769,28.055685778520335,0.4081866323411528,-31.183253436300234
4.6399999999999455,28.77264000000025,-0.731340217549036,28.076049104590133,0.41053183597486326,-31.243749892608484
4.649999999999945,28.834650000000252,-0.7329351005970788,28.096430651114552,0.4129673669385431,-31.303308109716582
4.659999999999945,28.896660000000253,-0.7343981355923515,28.116830062851747,0.41549898631400134,-31.361868233386033
4.669999999999945,28.958670000000254,-0.7357254491875889,28.137246984498944,0.41813236244006996,-31.419370660347095
4.679999999999945,29.020680000000254,-0.7369138425065425,28.15768107718128,0.4208730694452615,-31.475756795343695
4.689999999999944,29.082690000000255,-0.7379609219070047,28.17813203589155,0.4237266375129652,-31.530969688003466
4.699999999999944,29.144700000000256,-0.7388652161644024,28.198599605916037,0.4266986782448545,-31.58495439661425
4.709999999999944,29.206710000000257,-0.739626270490012,28.219083595445937,0.4297951130726468,-31.637657883044177
4.719999999999944,29.268720000000258,-0.740244711140338,28.239583880735523,0.43302253639713345,-31.689028209374456
4.729999999999944,29.33073000000026,-0.7407222827493347,28.26010039947477,0.43638874590267646,-31.739012802465343
4.739999999999943,29.39274000000026,-0.7410618763115201,28.28063312774467,0.43990346620812604,-31.78755561365834
4.749999999999943,29.45475000000026,-0.741267591830162,28.301182036357027,0.4435792717233455,-31.834593183364618
4.759999999999943,29.51676000000026,-0.7413449188580024,28.32174702408161,0.44743266974364126,-31.880050000908838
4.769999999999943,29.57877000000026,-0.7413011714092836,28.3423278290758,0.45148522111979716,-31.923834214987277
4.7799999999999425,29.640780000000262,-0.7411463750670086,28.362923927092197,0.4557644366745075,-31.96583576475137
4.789999999999942,29.702790000000263,-0.740894850437219,28.383534437518783,0.4603039804688858,-32.00593033629432
4.799999999999942,29.764800000000264,-0.7405677113479983,28.404158077231592,0.46514244706994134,-32.04399392231198
4.809999999999942,29.826810000000265,-0.7401962910450122,28.424793225104775,0.47031973658037324,-32.07993336540986
4.819999999999942,29.888820000000266,-0.7398259822815466,28.44543817432555,0.4758700373312671,-32.11373648185849
4.8299999999999415,29.950830000000266,-0.7395190611523978,28.46609162768645,0.48181101207620436,-32.14553900216483
4.839999999999941,30.012840000000267,-0.7393540316276759,28.486753401662867,0.48813033930488,-32.17569360732415
4.849999999999941,30.074850000000268,-0.7394187473785843,28.50742516001639,0.4947731505245611,-32.20481248843162
4.859999999999941,30.13686000000027,-0.7397962144481749,28.5281108959336,0.5016358881023721,-32.233749736030305
4.869999999999941,30.19887000000027,-0.740545737903523,28.54881694155731,0.5085716222436067,-32.26350524594721
4.87999999999994,30.26088000000027,-0.7416858711342995,28.569551474148803,0.5154078573858043,-32.29506658626024
4.88999999999994,30.32289000000027,-0.7431862088232072,28.59032364117427,0.521972176112776,-32.329238756428175
4.89999999999994,30.384900000000272,-0.744971350000708,28.611142475652514,0.5281175257444146,-32.36651946554669
4.90999999999994,30.446910000000273,-0.7469348979651741,28.63201580402707,0.533739793139705,-32.407054637844716
4.9199999999999395,30.508920000000273,-0.7489578004620357,28.65294940835453,0.5387843261779163,-32.45067316500249
4.929999999999939,30.570930000000274,-0.7509251985766014,28.673946690215125,0.5432423865645758,-32.49697340653528
4.939999999999939,30.632940000000275,-0.7527382089128597,28.695008903562105,0.5471411398505834,-32.54542634194823
4.949999999999939,30.694950000000276,-0.754319775280295,28.716135795856903,0.5505312773978535,-32.59546789193808
4.959999999999939,30.756960000000277,-0.7556155899112762,28.737326388455312,0.5534754068178708,-32.64656633560455
4.9699999999999385,30.818970000000277,-0.7565918102046265,28.758579667687712,0.5560389114896376,-32.698262428788915
4.979999999999938,30.880980000000278,-0.7572312173559296,28.77989507155951,0.558283748885458,-32.750186789375384
4.989999999999938,30.94299000000028,-0.7575290311467916,28.80127276143243,0.5602648857527182,-32.802061726924094
4.999999999999938,31.005,-0.7574891227255665,28.822713728348745,0.5620287227148977,-32.85369455100864
5.009999999999938,30.942989999999998,-0.756167582077248,28.8178371518191,0.5633010565288954,-32.870537110829105
5.019999999999937,30.880979999999997,-0.7532712383095852,28.80481458224955,0.5644431667917846,-32.85765011472415
5.029999999999937,30.818969999999997,-0.7498568106925226,28.788367849807585,0.5656646856796199,-32.82522697509675
5.039999999999937,30.756959999999996,-0.746236705495292,28.769741083979646,0.566926193505126,-32.780354057192355
5.049999999999937,30.694949999999995,-0.7429996843597075,28.75023332397526,0.5682832063382772,-32.7266351565241
5.0599999999999365,30.632939999999994,-0.7402055611277126,28.729907352859314,0.5694924973194059,-32.67008414325557
5.069999999999936,30.570929999999993,-0.7382263856586448,28.709367362624874,0.5705686081990738,-32.61083555442618
5.079999999999936,30.508919999999993,-0.7366806007847575,28.688363737041982,0.5714539412647791,-32.55264888285885
5.089999999999936,30.446909999999992,-0.736020247374871,28.667470620547327,0.5719482533404057,-32.49444116752547
5.099999999999936,30.38489999999999,-0.7355207232590139,28.646160017867025,0.5723602410777239,-32.43852032539735
5.1099999999999355,30.32288999999999,-0.7358476119882098,28.625214458312804,0.5721736840191912,-32.383063097498514
5.119999999999935,30.26087999999999,-0.7359954919082357,28.603745562077226,0.5720910288639227,-32.33032813727829
5.129999999999935,30.19886999999999,-0.7369239141780081,28.582907343366088,0.5712530609050557,-32.27710182972856
5.139999999999935,30.136859999999988,-0.7373383626666259,28.56133056681947,0.5707553247036625,-32.227164135935695
5.149999999999935,30.074849999999987,-0.7385565889476446,28.54068881556605,0.5693478821448555,-32.17489728219814
5.159999999999934,30.012839999999986,-0.7389657188425773,28.519020308973843,0.5685824379486641,-32.12688806720611
5.169999999999934,29.950829999999986,-0.7402572440719197,28.49860693638076,0.5666816730267545,-32.07444581459309
5.179999999999934,29.888819999999985,-0.7405080349942026,28.47687182070374,0.5658228564392744,-32.02728887671044
5.189999999999934,29.826809999999984,-0.7417135331383964,28.456660520770953,0.5634570144369089,-31.974220160557532
5.199999999999934,29.764799999999983,-0.741725480930367,28.43491089225204,0.5626409821692109,-31.92673767816695
5.209999999999933,29.702789999999982,-0.7427008103245443,28.41483682475046,0.5597975340111127,-31.873309385125065
5.219999999999933,29.64077999999998,-0.7424233652288028,28.39313540048036,0.5590676510534012,-31.82450239901882
5.229999999999933,29.57876999999998,-0.7430492667840763,28.37313622353314,0.5557502778018291,-31.771210344480345
5.239999999999933,29.51675999999998,-0.7424642046593715,28.351528982900398,0.5550648680330588,-31.720590072005898
5.2499999999999325,29.45474999999998,-0.7426811566626714,28.33156817377849,0.5513282487866487,-31.66773350838735
5.259999999999932,29.39273999999998,-0.7418086925785531,28.31007608793787,0.550609875415193,-31.615343586527462
5.269999999999932,29.330729999999978,-0.7416200030210707,28.290136658924922,0.546541016677903,-31.562988461127713
5.279999999999932,29.268719999999977,-0.7405026205010197,28.268765764036566,0.5457153739270715,-31.50916153082275
5.289999999999932,29.206709999999976,-0.7399489722678834,28.24883705051529,0.5414025656190617,-31.45726116200669
5.299999999999931,29.144699999999975,-0.7386322697677343,28.227589834107015,0.5404116310573301,-31.40239020832643
5.309999999999931,29.082689999999975,-0.7377658617072428,28.207661017231537,0.5359297663140381,-31.350863780010286
5.319999999999931,29.020679999999974,-0.7362887218895962,28.186540970746606,0.5347305946975999,-31.29529505910061
5.329999999999931,28.958669999999973,-0.7351586421457162,28.16660070876936,0.5301393933857796,-31.24405305339683
5.339999999999931,28.896659999999972,-0.7335506885943985,28.14561177364036,0.5286997978297224,-31.188062000463688
5.34999999999993,28.83464999999997,-0.7321977254131804,28.125650239175545,0.5240455188053514,-31.137014318021293
5.35999999999993,28.77263999999997,-0.7304799562648628,28.1047946899411,0.5223408245681298,-31.080814570270388
5.36999999999993,28.71062999999997,-0.7289363236027309,28.084805599393917,0.5176574206427904,-31.029878081901675
5.37999999999993,28.64861999999997,-0.7271226796118743,28.064082384334615,0.5156684982821012,-30.97363917131222
5.3899999999999295,28.58660999999997,-0.7254135442354219,28.044064070472054,0.510977751676934,-30.92274697951297
5.399999999999929,28.524599999999968,-0.7235125965901341,28.023468222507134,0.5086895257844299,-30.866612997589144
5.409999999999929,28.462589999999967,-0.7216579638525753,28.003423655002138,0.504000579684329,-30.81572467868069
5.419999999999929,28.400579999999966,-0.7196746031564003,27.98294667398848,0.5014003766449904,-30.759832435387523
5.429999999999929,28.338569999999965,-0.717691153903914,27.962882687266966,0.49670897157724253,-30.708945551361094
5.4399999999999284,28.276559999999964,-0.7156284493990431,27.942513552689526,0.49378440980019045,-30.65344224881356
5.449999999999928,28.214549999999964,-0.7135314279439777,27.9224396151589,0.48907193834309365,-30.602606321909594
5.459999999999928,28.152539999999963,-0.7113929158167424,27.90216606760316,0.4858082571834554,-30.5476672361217
5.469999999999928,28.090529999999962,-0.7091983845119514,27.88209288638472,0.48104068324404764,-30.49700113890125
5.479999999999928,28.02851999999996,-0.7069910608619028,27.861902664078478,0.4774175149896439,-30.442848246834572
5.489999999999927,27.96650999999996,-0.7047189305690624,27.84184084204854,0.47254431379834827,-30.392560555148435
5.499999999999927,27.90449999999996,-0.7024572470082544,27.821722607857083,0.46853223079439194,-30.339482300527585
5.509999999999927,27.84248999999996,-0.700135531352787,27.801681457030504,0.46348605442298707,-30.28989062198051
5.519999999999927,27.780479999999958,-0.6978466645484441,27.78162517421884,0.45904439919430634,-30.238257371257248
5.5299999999999265,27.718469999999957,-0.6955171623696912,27.761611608459887,0.4537440680913637,-30.189791953939395
5.539999999999926,27.656459999999957,-0.693247140333267,27.741608084693983,0.4488250391086452,-30.14004163870083
5.549999999999926,27.594449999999956,-0.6909709365608637,27.721625246779297,0.44318996765099267,-30.093185232757136
5.559999999999926,27.532439999999955,-0.6887873207413233,27.70166445199274,0.43776271108018594,-30.045696120098935
5.569999999999926,27.470429999999954,-0.6866406657390526,27.681709501673524,0.43175947308891804,-30.000724365616055
5.5799999999999255,27.408419999999953,-0.6846135630208391,27.661777367020235,0.4258833727104701,-29.955369127757606
5.589999999999925,27.346409999999953,-0.6826432265247652,27.641838345936744,0.41963721362662876,-29.911628445710384
5.599999999999925,27.284399999999952,-0.6807620478556783,27.62191306680768,0.41360417711269104,-29.866777573929575
5.609999999999925,27.22238999999995,-0.6788625402457359,27.601966902123067,0.40754244470997786,-29.821564155880115
5.619999999999925,27.16037999999995,-0.6769032536169232,27.582018473950434,0.4019433625071803,-29.773362782033907
5.629999999999924,27.09836999999995,-0.6747542785512871,27.562036144741047,0.3966800680077776,-29.722418264835905
5.639999999999924,27.03635999999995,-0.6723872468609684,27.54204130117081,0.3920451119097981,-29.66719299593617
5.649999999999924,26.974349999999948,-0.6697617760845407,27.52202005355297,0.3878610015894502,-29.60865850385261
5.659999999999924,26.912339999999947,-0.6669333350789584,27.502005091833116,0.3842176218953454,-29.546666106524714
5.6699999999999235,26.850329999999946,-0.6639314620992993,27.48199617673861,0.3809248512030257,-29.4825199450491
5.679999999999923,26.788319999999946,-0.6608215254246731,27.46201884884296,0.378000576943873,-29.416406190193825
5.689999999999923,26.726309999999945,-0.6576261760058395,27.442067297645508,0.3753078496482146,-29.349214402604442
5.699999999999923,26.664299999999944,-0.6543814462246049,27.422152830655012,0.3728531236846081,-29.280981745472996
5.709999999999923,26.602289999999943,-0.6510921585478538,27.402265949577163,0.3705494838335551,-29.212182980578078
5.7199999999999225,26.540279999999942,-0.6477738478416605,27.38241110602074,0.368399692067304,-29.142766360345124
5.729999999999922,26.47826999999994,-0.6444241169889184,27.362580144802493,0.36634883540604757,-29.072986995938212
5.739999999999922,26.41625999999994,-0.6410499012090177,27.34277527235985,0.36439667203019793,-29.002790876464942
5.749999999999922,26.35424999999994,-0.6376482363271948,27.32299090290745,0.36250828349936803,-28.93232888407113
5.759999999999922,26.29223999999994,-0.6342231433124849,27.303228437131757,0.36068190787507787,-28.861568429309774
5.769999999999921,26.23022999999994,-0.6307730010982284,27.28348437045232,0.35889554773564475,-28.790605206834897
5.779999999999921,26.168219999999938,-0.6273008500313288,27.263759639347207,0.35714713634028805,-28.71942483289968
5.789999999999921,26.106209999999937,-0.6238063907816381,27.244052107705016,0.35542304268043506,-28.648089798117038
5.799999999999921,26.044199999999936,-0.6202922133300017,27.224362364964733,0.35372145025722473,-28.576596703192457
5.809999999999921,25.982189999999935,-0.6167588808868304,27.204689110481688,0.3520340261916811,-28.504986925368087
5.81999999999992,25.920179999999934,-0.6132086538095933,27.185032677019635,0.35035933226270477,-28.43326281130792
5.82999999999992,25.858169999999934,-0.609642544679116,27.165392260160733,0.34869229862440887,-28.361452247672243
5.83999999999992,25.796159999999933,-0.6060625170070335,27.145768016669905,0.3470318206552965,-28.289560289019825
5.84999999999992,25.734149999999932,-0.6024697590758403,27.126159434283334,0.3453747922308961,-28.217606283283033
5.8599999999999195,25.67213999999993,-0.5988659657836934,27.10656655788734,0.3437203608146126,-28.145596364705163
5.869999999999919,25.61012999999993,-0.5952523462373405,27.08698904710556,0.3420665857436661,-28.073544500390245
5.879999999999919,25.54811999999993,-0.591630362010409,27.06742688041696,0.3404127967948904,-28.00145705916503
5.889999999999919,25.48610999999993,-0.5880011665984778,27.047879818905542,0.33875774290487976,-27.929344588071054
5.899999999999919,25.424099999999928,-0.5843660258573092,27.028347804207492,0.3371008865650529,-27.857213264799615
5.909999999999918,25.362089999999927,-0.5807260066579897,27.008830657685273,0.3354413881179022,-27.78507140983186
5.919999999999918,25.300079999999927,-0.5770822139945784,26.989328302110287,0.33377880929334225,-27.71292480855619
5.929999999999918,25.238069999999926,-0.5734356209156217,26.969840595049703,0.332112560668822,-27.640780274894766
5.939999999999918,25.176059999999925,-0.5697872012070982,26.950367450748672,0.3304422804166819,-27.56864312089972
5.949999999999918,25.114049999999924,-0.5661378381231501,26.930908748901714,0.32876753593497365,-27.49651908937647
5.959999999999917,25.052039999999923,-0.5624883982612191,26.911464400865448,0.32708802577953,-27.424413000867297
5.969999999999917,24.990029999999923,-0.5588396835657528,26.892034300212465,0.325403419548359,-27.352329794017724
5.979999999999917,24.928019999999922,-0.5551924724048078,26.872618358304393,0.32371346446085,-27.280273810719045
5.989999999999917,24.86600999999992,-0.5515474949688114,26.8532164777305,0.32201789986326435,-27.20824935310088
5.9999999999999165,24.80399999999992,-0.5479054561923902,26.833828571220295,0.32031651286874663,-27.136260310772304
6.009999999999916,24.74198999999992,-0.5442670235921843,26.814454547484935,0.31860909287093,-27.064310458150647
6.019999999999916,24.67997999999992,-0.5406328401886772,26.79509432117007,0.31689546023452025,-26.992403263112262
6.029999999999916,24.617969999999918,-0.5370035188320194,26.77574780535769,0.31517544214241605,-26.920542045802684
6.039999999999916,24.555959999999917,-0.5333796496236367,26.756414916750167,0.3134488871773843,-26.848729882424117
6.0499999999999154,24.493949999999916,-0.5297617975459399,26.737095571720346,0.311715652500333,-26.776969690542114
6.059999999999915,24.431939999999916,-0.5261505068499627,26.71778968898325,0.3099756111347186,-26.705264182167625
6.069999999999915,24.369929999999915,-0.5225463003128954,26.698497187524055,0.3082286451526194,-26.633615910184528
6.079999999999915,24.307919999999914,-0.5189496819378604,26.67921798795991,0.3064746492418542,-26.562027246617074
6.089999999999915,24.245909999999913,-0.5153611369741621,26.659952011457424,0.30471352708248906,-26.49050040850069
6.099999999999914,24.183899999999912,-0.5117811336638282,26.64069918041974,0.3029451930601054,-26.41903744878952
6.109999999999914,24.12188999999991,-0.5082101235888946,26.621459417924136,0.3011695703478208,-26.34764027132226
6.119999999999914,24.05987999999991,-0.5046485428674183,26.602232648067005,0.2993865917248975,-26.2763106279199
6.129999999999914,23.99786999999991,-0.5010968126160364,26.583018795675724,0.2975961985843442,-26.20505012751665
6.1399999999999135,23.93585999999991,-0.49755533981855693,26.563817786484,0.29579834134394567,-26.133860236181352
6.149999999999913,23.87384999999991,-0.494024517806543,26.544629546989935,0.293992978969862,-26.062742283080443
6.159999999999913,23.811839999999908,-0.49050472692594804,26.525454004550667,0.29218007922378897,-25.991697461796452
6.169999999999913,23.749829999999907,-0.48699633499560274,26.506291087320214,0.2903596184867547,-25.920726834537245
6.179999999999913,23.687819999999906,-0.4834996978444886,26.48714072430859,0.2885315819613383,-25.849831333967966
6.1899999999999125,23.625809999999905,-0.4800151597345561,26.46800284536547,0.2866959636812602,-25.779011766421633
6.199999999999912,23.563799999999905,-0.47654305381197015,26.448877381226776,0.2848527667244631,-25.708268813888264
6.209999999999912,23.501789999999904,-0.4730837024931312,26.429764263526337,0.2830020033468921,-25.63760303664396
6.219999999999912,23.439779999999903,-0.46963741785614904,26.41066342484152,0.281143695230729,-25.567014875250457
6.229999999999912,23.377769999999902,-0.4662045019932664,26.391574798724086,0.2792778737078019,-25.49650465284376
6.239999999999911,23.3157599999999,-0.462785247359247,26.372498319750306,0.2774045800518978,-25.426072577101355
6.249999999999911,23.2537499999999,-0.4593799370942542,26.35343392356649,0.27552386577112037,-25.355718742341026
6.259999999999911,23.1917399999999,-0.45598884533936085,26.334381546946315,0.2736357929450589,-25.285443131463722
6.269999999999911,23.1297299999999,-0.45261223753390256,26.315341127848463,0.2717404345723343,-25.215245617965778
6.2799999999999105,23.0677199999999,-0.44925037070379975,26.29631260548233,0.26983787494926387,-25.145125967889083
6.28999999999991,23.005709999999898,-0.4459034937360107,26.277295920376396,0.26792821006154777,-25.07508384182766
6.29999999999991,22.943699999999897,-0.44257184764288265,26.258291014452553,0.26601154799808063,-25.005118796930784
6.30999999999991,22.881689999999896,-0.43925566581458503,26.23929783110396,0.26408800937660626,-24.935230288971017
6.31999999999991,22.819679999999895,-0.4359551742608606,26.220316315277906,0.2621577277837927,-24.865417674454704
6.3299999999999095,22.757669999999894,-0.4326705918410384,26.201346413562057,0.26022085022354213,-24.79568021281553
6.339999999999909,22.695659999999894,-0.4294021304825698,26.182388074274854,0.258277537572424,-24.726017068688957
6.349999999999909,22.633649999999893,-0.4261499953874072,26.16344124755901,0.2563279650371431,-24.65642731429539
6.359999999999909,22.571639999999892,-0.4229143852256021,26.14450588547816,0.2543723226113682,-24.586909931939598
6.369999999999909,22.50962999999989,-0.41969549231571807,26.12558194211584,0.25241081552651073,-24.517463816647794
6.379999999999908,22.44761999999989,-0.41649350279104197,26.10666937367656,0.25044366469264295,-24.448087778954058
6.389999999999908,22.38560999999989,-0.41330859675119985,26.087768138587982,0.24847110712350334,-24.3787805478559
6.399999999999908,22.32359999999989,-0.4101409483978715,26.06887819760416,0.24649339634056022,-24.30954077395135
6.409999999999908,22.261589999999888,-0.4069907261544947,26.049999513907952,0.2445108027495766,-24.24036703277511
6.419999999999908,22.199579999999887,-0.4038580927683992,26.03113205321307,0.24252361398331979,-24.17125782834628
6.429999999999907,22.137569999999887,-0.40074320539522007,26.012275783863537,0.24053213520318367,-24.10221159694406
6.439999999999907,22.075559999999886,-0.39764621566465425,25.993430676930526,0.23853668935239125,-24.0332267111206
6.449999999999907,22.013549999999885,-0.39456726972683404,25.974596706304645,0.23653761735294104,-23.96430148396353
6.459999999999907,21.951539999999884,-0.3915065082791293,25.95577384878289,0.2345352782380764,-23.895434173617584
6.4699999999999065,21.889529999999883,-0.38846406657265514,25.936962084148973,0.2325300492119668,-23.82662298806949
6.479999999999906,21.827519999999883,-0.3854400743984418,25.91816139524529,0.23052232562816066,-23.757866090201418
6.489999999999906,21.765509999999882,-0.38243465605324717,25.899371768035525,0.2285125208781017,-23.689161603113032
6.499999999999906,21.70349999999988,-0.37944793028500085,25.880593191656253,0.22650106618157734,-23.620507615707556
6.509999999999906,21.64148999999988,-0.3764800102183754,25.861825658456034,0.22448841027069516,-23.551902188535678
6.519999999999905,21.57947999999988,-0.37353100326103356,25.8430691640206,0.22247501895996824,-23.483343359884064
6.529999999999905,21.51746999999988,-0.37060101099136566,25.824323707182792,0.22046137459521714,-23.41482915209213
6.539999999999905,21.455459999999878,-0.36769012902895115,25.805589290015746,0.2184479753752347,-23.34635757807499
6.549999999999905,21.393449999999877,-0.3647984468889971,25.786865917808086,0.21643533454113933,-23.277926648023087
6.559999999999905,21.331439999999876,-0.36192604782240567,25.768153599020152,0.21442397942912161,-23.209534376248484
6.569999999999904,21.269429999999875,-0.35907300864368047,25.7494523452201,0.21241445038479417,-23.14117878813622
6.579999999999904,21.207419999999875,-0.3562393995485986,25.730762170999185,0.2104072995378889,-23.07285792715828
6.589999999999904,21.145409999999874,-0.35342528392419403,25.712083093865687,0.2084030894388732,-23.00456986189984
6.599999999999904,21.083399999999873,-0.3506307181539897,25.693415134117338,0.20640239156058793,-22.93631269304472
6.6099999999999035,21.021389999999872,-0.34785575142122094,25.674758314691836,0.20440578467042692,-22.86808456026213
6.619999999999903,20.95937999999987,-0.3451004255132136,25.65611266099664,0.20241385308093762,-22.79988364893162
6.629999999999903,20.89736999999987,-0.34236477463046194,25.637478200717503,0.2004271847890004,-22.7317081966454
6.639999999999903,20.83535999999987,-0.33964882520343065,25.61885496360823,0.1984463695161902,-22.66355649942042
6.649999999999903,20.77334999999987,-0.3369525957209991,25.600242981261644,0.19647199666524423,-22.595426917557084
6.659999999999902,20.71133999999987,-0.33427609657367685,25.581642286864643,0.19450465320980503,-22.527317881079234
6.669999999999902,20.649329999999868,-0.33161932991527515,25.563052914938602,0.1925449215365354,-22.459227894695857
6.679999999999902,20.587319999999867,-0.3289822895462343,25.544474901068078,0.19059337726043557,-22.391155542226173
6.689999999999902,20.525309999999866,-0.3263649608218676,25.525908281620094,0.18865058703585502,-22.323099490437748
6.699999999999902,20.463299999999865,-0.32376732058839686,25.507353093457137,0.18671710638636468,-22.255058492251052
6.709999999999901,20.401289999999864,-0.32118933714927284,25.488809373646873,0.18479347757751924,-22.187031389276424
6.719999999999901,20.339279999999864,-0.3186309702643976,25.470277159171722,0.18288022755656025,-22.119017113652834
6.729999999999901,20.277269999999863,-0.316092171183658,25.45175648664157,0.1809778659827183,-22.051014689173396
6.739999999999901,20.215259999999862,-0.31357288271645245,25.433247392013087,0.1790868833707996,-21.983023231688477
6.7499999999999005,20.15324999999986,-0.3110730393380456,25.414749910318307,0.17720774936954298,-21.915041948792
6.7599999999999,20.09123999999986,-0.3085925673329754,25.396264075406158,0.17534091119397688,-21.847070138804284
6.7699999999999,20.02922999999986,-0.30613138497549114,25.377789919699055,0.17348679222902058,-21.779107189077706
6.7799999999999,19.96721999999986,-0.30368940274612366,25.359327473967696,0.17164579081866876,-21.71115257366041
6.7899999999999,19.905209999999858,-0.30126652358318634,25.340876767125813,0.16981827925186332,-21.643205850363202
6.7999999999998995,19.843199999999857,-0.29886264316731975,25.322437826047096,0.1680046029533489,-21.57526665728328
6.809999999999899,19.781189999999857,-0.2964776502369069,25.30401067540524,0.16620507988403854,-21.507334708843334
6.819999999999899,19.719179999999856,-0.29411142693139236,25.285595337538787,0.16442000015210928,-21.439409791413315
6.829999999999899,19.657169999999855,-0.29176384915956977,25.267191832340746,0.1626496258325426,-21.3714917585844
6.839999999999899,19.595159999999854,-0.2894347869892482,25.24880017717365,0.16089419098990015,-21.303580526164623
6.849999999999898,19.533149999999853,-0.2871241050546986,25.230420386809442,0.15915390189574335,-21.235676066972207
6.859999999999898,19.471139999999853,-0.2848316629778834,25.212052473393943,0.15742893742975556,-21.167778405495582
6.869999999999898,19.409129999999852,-0.2825573157996578,25.19369644643465,0.15571944965094958,-21.09988761249102
6.879999999999898,19.34711999999985,-0.28030091441686733,25.17535231281071,0.15402556452391347,-21.03200379958315
6.8899999999998975,19.28510999999985,-0.2780623060214843,25.157020076803793,0.15234738278303278,-20.964127113929948
6.899999999999897,19.22309999999985,-0.2758413345380832,25.13869974014764,0.15068498091705268,-20.896257733007328
6.909999999999897,19.16108999999985,-0.2736378410560042,25.12039130209488,0.14903841225544595,-20.828395859563678
6.919999999999897,19.099079999999848,-0.27145166425299216,25.10209475949895,0.14740770813806914,-20.7605417167857
6.929999999999897,19.037069999999847,-0.26928264080732434,25.083810106908935,0.1457928791497558,-20.692695543712983
6.9399999999998965,18.975059999999846,-0.2671306057957761,25.06553733667554,0.14419391640203655,-20.62485759092868
6.949999999999896,18.913049999999846,-0.26499539307520065,25.047276439066028,0.14261079284517197,-20.557028116548523
6.959999999999896,18.851039999999845,-0.2628768356456652,25.029027402386017,0.14104346459467665,-20.489207382524068
6.969999999999896,18.789029999999844,-0.26077476599388405,25.010790213106567,0.1394918722577309,-20.421395651269165
6.979999999999896,18.727019999999843,-0.25868901641560565,24.992564855994644,0.13795594224681546,-20.353593182612176
6.989999999999895,18.665009999999842,-0.25661941931622084,24.974351314245276,0.13643558806878042,-20.28580023107449
6.999999999999895,18.60299999999984,-0.25456580748921764,24.95614956961416,0.13493071157949066,-20.218017043467764
7.009999999999895,18.54098999999984,-0.2525280143721852,24.937959602549206,0.13344120419591043,-20.150243856801296
7.019999999999895,18.47897999999984,-0.25050587428075155,24.919781392319916,0.13196694805851705,-20.082480896486754
7.0299999999998946,18.41696999999984,-0.2484992226204925,24.90161491714389,0.1305078171389722,-20.014728374825008
7.039999999999894,18.35495999999984,-0.2465078960778011,24.883460154309198,0.12906367828875837,-19.946986489758224
7.049999999999894,18.292949999999838,-0.24453173279005283,24.865317080292343,0.12763439222625372,-19.879255423869544
7.059999999999894,18.230939999999837,-0.2425705724963289,24.847185670870974,0.12621981446038044,-19.811535343610196
7.069999999999894,18.168929999999836,-0.2406242566695584,24.82906590123129,0.12481979615036431,-19.743826398736044
7.0799999999998935,18.106919999999835,-0.23869262863103086,24.81095774606945,0.12343418490158198,-19.676128721933495
7.089999999999893,18.044909999999835,-0.23677553364871765,24.792861179687115,0.12206282549861336,-19.608442428614804
7.099999999999893,17.982899999999834,-0.23487281902021082,24.774776176080973,0.1207055605768817,-19.540767616866592
7.109999999999893,17.920889999999833,-0.23298433414173486,24.756702709026126,0.11936223123496414,-19.473104367531157
7.119999999999893,17.858879999999832,-0.23110993056422938,24.738640752153458,0.11803267759000796,-19.405452744405302
7.129999999999892,17.79686999999983,-0.2292494620376165,24.72059027902126,0.11671673927876353,-19.337812794541016
7.139999999999892,17.73485999999983,-0.2274027845444076,24.70255126318085,0.11541425590746046,-19.27018454863187
7.149999999999892,17.67284999999983,-0.22556975632370066,24.684523678236932,0.11412506745315742,-19.202568021473102
7.159999999999892,17.61083999999983,-0.223750237886357,24.66650749790253,0.11284901461999658,-19.13496321248165
7.169999999999892,17.54882999999983,-0.22194409202260484,24.648502696048805,0.11158593915329756,-19.067370106265486
7.179999999999891,17.486819999999828,-0.22015118380261087,24.63050924675015,0.11033568411458816,-18.999788673232302
7.189999999999891,17.424809999999827,-0.21837138057097766,24.612527124324743,0.10909809412065324,-18.9322188702269
7.199999999999891,17.362799999999826,-0.2166045519359239,24.59455630337085,0.10787301554943207,-18.864660641190593
7.209999999999891,17.300789999999825,-0.2148505697537512,24.576596758799038,0.10666029671568433,-18.797113917835194
7.2199999999998905,17.238779999999824,-0.21310930810919498,24.558648465860827,0.10545978801898848,-18.729578620323775
7.22999999999989,17.176769999999824,-0.21138064329233322,24.540711400173738,0.10427134206663913,-18.662054657955075
7.23999999999989,17.114759999999823,-0.20966445377234233,24.52278553774328,0.10309481377391089,-18.59454192984357
7.24999999999989,17.052749999999822,-0.20796062016885608,24.50487085498189,0.10193006044382652,-18.527040325594847
7.25999999999989,16.99073999999982,-0.20626902522110274,24.48696732872518,0.10077694182850139,-18.459549725969037
7.269999999999889,16.92872999999982,-0.2045895537551144,24.469074936245693,0.09963532017414911,-18.39207000353197
7.279999999999889,16.86671999999982,-0.20292209264968153,24.451193655264383,0.0985050602513014,-18.32460102329076
7.289999999999889,16.80470999999982,-0.20126653080101908,24.433323463960047,0.09738602937208374,-18.257142643311415
7.299999999999889,16.742699999999818,-0.19962275908637794,24.415464340976776,0.09627809739602788,-18.189694715316875
7.309999999999889,16.680689999999817,-0.19799067032721068,24.397616265429768,0.09518113672564527,-18.122257085265726
7.319999999999888,16.618679999999816,-0.19637015925159426,24.379779216909576,0.0940950222932817,-18.05482959390827
7.329999999999888,16.556669999999816,-0.19476112245631189,24.361953175484892,0.09301963154014276,-17.9874120773208
7.339999999999888,16.494659999999815,-0.19316345836893445,24.344138121704166,0.09195484438870244,-17.920004367418144
7.349999999999888,16.432649999999814,-0.19157706720958123,24.32633403659603,0.09090054320942725,-17.852606292441692
7.3599999999998875,16.370639999999813,-0.19000185095290995,24.308540901668703,0.08985661278251911,-17.785217677426324
7.369999999999887,16.308629999999813,-0.18843771329013226,24.290758698908505,0.08882294025562287,-17.717838344643745
7.379999999999887,16.24661999999981,-0.18688455959129707,24.272987410777677,0.0877994150980998,-17.650468114022807
7.389999999999887,16.18460999999981,-0.18534229686778506,24.255227020211294,0.08678592905247651,-17.583106803548585
7.399999999999887,16.12259999999981,-0.18381083373534618,24.23747751061375,0.08578237608360412,-17.51575422963907
7.4099999999998865,16.06058999999981,-0.18229008037724556,24.219738865854588,0.08478865232612587,-17.448410207500284
7.419999999999886,15.998579999999809,-0.1807799485081003,24.202011070263882,0.08380465603054688,-17.38107455146109
7.429999999999886,15.936569999999808,-0.17928035133808207,24.184294108627274,0.0828302875083678,-17.31374707528767
7.439999999999886,15.874559999999807,-0.17779120353754477,24.166587966180558,0.08186544907658277,-17.24642759247803
7.449999999999886,15.812549999999806,-0.17631242120235588,24.148892628604116,0.08091004500197935,-17.17911591653802
7.459999999999885,15.750539999999805,-0.17484392181961195,24.131208082016943,0.07996398144524286,-17.111811861238923
7.469999999999885,15.688529999999805,-0.1733856242339636,24.11353431297058,0.07902716640531432,-17.044515240857237
7.479999999999885,15.626519999999804,-0.17193744861454874,24.095871308442916,0.07809950966415175,-16.97722587039809
7.489999999999885,15.564509999999803,-0.17049931642241917,24.078219055831728,0.07718092273200877,-16.909943565801786
7.4999999999998845,15.502499999999802,-0.16907115037860665,24.0605775429483,0.07627131879341947,-16.84266814413529
7.509999999999884,15.440489999999802,-0.16765287443273053,24.04294675801082,0.07537061265401424,-16.77539942376889
7.519999999999884,15.3784799999998,-0.16624441373219923,24.025326689637858,0.0744787206882635,-16.708137224538213
7.529999999999884,15.3164699999998,-0.1648456945920393,24.0077173268418,0.0735955607882623,-16.640881367893474
7.539999999999884,15.2544599999998,-0.16345664446519076,23.990118659022187,0.07272105231356585,-16.57363167703519
7.5499999999998835,15.192449999999798,-0.1620771919134777,23.972530675959376,0.07185511604225403,-16.506387977037846
7.559999999999883,15.130439999999798,-0.16070726657915263,23.954953367807725,0.0709976741231102,-16.439150094962287
7.569999999999883,15.068429999999797,-0.159346799156888,23.937386725089457,0.07014865002908394,-16.371917859956618
7.579999999999883,15.006419999999796,-0.15799572136649204,23.919830738688102,0.06930796851206933,-16.304691103346954
7.589999999999883,14.944409999999795,-0.1566539659260419,23.90228539984225,0.06847555555884238,-16.237469658717917
7.599999999999882,14.882399999999794,-0.1553214665256417,23.884750700139357,0.0676513383484244,-16.17025336198427
7.609999999999882,14.820389999999794,-0.15399815780172413,23.867226631509627,0.0668352452106698,-16.103042051453375
7.619999999999882,14.758379999999793,-0.15268397531179823,23.84971318622008,0.06602720558612807,-16.035835567879356
7.629999999999882,14.696369999999792,-0.1513788555098481,23.832210356868536,0.06522714998732021,-15.968633754509282
7.6399999999998816,14.634359999999791,-0.15008273572217234,23.814718136377994,0.06443500996113632,-15.901436457122182
7.649999999999881,14.57234999999979,-0.1487955541237455,23.797236517990914,0.06365071805264116,-15.834243524061035
7.659999999999881,14.51033999999979,-0.14751724971507874,23.77976549526376,0.06287420777004138,-15.767054806257741
7.669999999999881,14.448329999999789,-0.146247762299633,23.762305062061575,0.06210541355089899,-15.699870157252947
7.679999999999881,14.386319999999788,-0.14498703246162256,23.74485521255275,0.06134427072960985,-15.632689433208682
7.6899999999998805,14.324309999999787,-0.14373500154442864,23.72741594120393,0.060590715505972004,-15.565512492917117
7.69999999999988,14.262299999999787,-0.14249161162934715,23.70998724277505,0.05984468491501865,-15.498339197802887
7.70999999999988,14.200289999999786,-0.14125680551492453,23.692569112314448,0.059106116797862596,-15.431169411921939
7.71999999999988,14.138279999999785,-0.14003052669668298,23.675161545154282,0.0583749497737624,-15.364003001954782
7.72999999999988,14.076269999999784,-0.13881271934730977,23.65776453690585,0.057651123213188715,-15.296839837196545
7.739999999999879,14.014259999999783,-0.1376033282973385,23.640378083455243,0.05693457721198808,-15.22967978954265
7.749999999999879,13.952249999999783,-0.13640229901618078,23.623002180959077,0.05622525256648664,-15.162522733471375
7.759999999999879,13.890239999999782,-0.13520957759368543,23.605636825840367,0.055523090749665605,-15.095368546022913
7.769999999999879,13.828229999999781,-0.1340251107220552,23.58828201478441,0.05482803388826629,-15.028217106774873
7.779999999999879,13.76621999999978,-0.13284884567821517,23.570937744735144,0.05414002474078011,-14.961068297816352
7.789999999999878,13.70420999999978,-0.1316807303066042,23.553604012891174,0.05345900667640707,-14.893922003717975
7.799999999999878,13.642199999999779,-0.1305207130023206,23.536280816702373,0.052784923654833615,-14.826778111499973
7.809999999999878,13.580189999999778,-0.12936874269469623,23.518968153866343,0.052117720206886764,-14.759636510598723
7.819999999999878,13.518179999999777,-0.1282247688312959,23.501666022325082,0.05145734141592656,-14.69249709283071
7.8299999999998775,13.456169999999776,-0.12708874136223627,23.484374420261823,0.05080373290014656,-14.625359752354463
7.839999999999877,13.394159999999776,-0.12596061072495246,23.46709334609792,0.05015684079551458,-14.55822438563135
7.849999999999877,13.332149999999775,-0.12484032782927848,23.449822798489965,0.049516611739491734,-14.49109089138504
7.859999999999877,13.270139999999774,-0.12372784404295767,23.432562776326904,0.04888299285546066,-14.42395917055869
7.869999999999877,13.208129999999773,-0.12262311117741045,23.415313278727414,0.048255931737809565,-14.356829126272064
7.879999999999876,13.146119999999772,-0.12152608147400895,23.398074305037284,0.04763537643770549,-14.289700663776621
7.889999999999876,13.084109999999772,-0.12043670759057626,23.380845854826944,0.04702127544941964,-14.222573690410425
7.899999999999876,13.02209999999977,-0.11935494258826157,23.36362792788919,0.046413577697347164,-14.155448115552034
7.909999999999876,12.96008999999977,-0.11828073991881075,23.346420524236922,0.04581223252352734,-14.088323850573271
7.919999999999876,12.89807999999977,-0.11721405341208888,23.329223644101013,0.04521718967578964,-14.021200808791866
7.929999999999875,12.836069999999768,-0.11615483726394404,23.312037287928376,0.04462839929636325,-13.954078905423758
7.939999999999875,12.774059999999768,-0.11510304602446705,23.29486145637999,0.04404581191109452,-13.886958057534034
7.949999999999875,12.712049999999767,-0.11405863458649651,23.27769615032923,0.04346937841899684,-13.81983818398929
7.959999999999875,12.650039999999766,-0.11302155817442278,23.26054137086006,0.042899050082516765,-13.752719205407312
7.9699999999998745,12.588029999999765,-0.11199177233334276,23.243397119265552,0.04233477851798745,-13.685601044109324
7.979999999999874,12.526019999999765,-0.11096923291852123,23.226263397046402,0.04177651568672125,-13.618483624070025
7.989999999999874,12.464009999999764,-0.10995389608509554,23.209140205909534,0.04122421388640579,-13.551366870868712
7.999999999999874,12.401999999999763,-0.10894571827808922,23.19202754776683,0.040677825742921725,-13.484250711640199
8.009999999999874,12.339989999999762,-0.10794465622277141,23.174925424733924,0.04013730420258155,-13.417135075025715
8.019999999999873,12.277979999999761,-0.10695066691517416,23.1578338391292,0.03960260252470421,-13.350019891124123
8.029999999999873,12.21596999999976,-0.10596370761298657,23.14075279347269,0.03907367427451486,-13.28290509144333
8.039999999999873,12.15395999999976,-0.10498373582669815,23.12368229048525,0.03855047331641048,-13.215790608852114
8.049999999999873,12.091949999999759,-0.10401070931095838,23.1066223330877,0.03803295380755878,-13.148676377531878
8.059999999999873,12.029939999999758,-0.10304458605625941,23.089572924400095,0.03752107019173745,-13.081562332929153
8.069999999999872,11.967929999999757,-0.10208532428079611,23.07253406774115,0.03701477719355628,-13.014448411708317
8.079999999999872,11.905919999999757,-0.10113288242270346,23.05550576662751,0.03651402981287638,-12.947334551704815
8.089999999999872,11.843909999999756,-0.10018721913236528,23.03848802477348,0.03601878331954217,-12.880220691878922
8.099999999999872,11.781899999999755,-0.09924829326511106,23.021480846090483,0.03552899324834585,-12.81310677226964
8.109999999999872,11.719889999999754,-0.09831606387407305,23.004484234686743,0.03504461539422338,-12.745992733949732
8.119999999999871,11.657879999999754,-0.09739049020328933,22.98749819486709,0.0345656058077361,-12.678878518980742
8.129999999999871,11.595869999999753,-0.09647153168106029,22.970522731132757,0.034091920790656205,-12.611764070369196
8.139999999999871,11.533859999999752,-0.0955591479134659,22.953557848181312,0.033623516891927885,-12.544649332022386
8.14999999999987,11.471849999999751,-0.09465329867814751,22.936603550906547,0.03316035090366659,-12.477534248706153
8.15999999999987,11.40983999999975,-0.09375394391830202,22.919659844398616,0.032702379857431185,-12.410418766002302
8.16999999999987,11.34782999999975,-0.09286104373687434,22.902726733944093,0.03224956102065757,-12.34330283026696
8.17999999999987,11.285819999999749,-0.09197455839091825,22.885804225026156,0.031801851893256905,-12.276186388589727
8.18999999999987,11.223809999999748,-0.09109444828623275,22.868892323324857,0.03135921020438981,-12.209069388753555
8.19999999999987,11.161799999999747,-0.09022067397207703,22.85199103471737,0.03092159390938748,-12.141951779194759
8.20999999999987,11.099789999999746,-0.08935319613626719,22.835100365278425,0.030488961186777852,-12.074833508964865
8.21999999999987,11.037779999999746,-0.08849197560020403,22.81822032128072,0.03006127043554191,-12.007714527691936
8.229999999999869,10.975769999999745,-0.08763697331430303,22.801350909195385,0.029638480272391687,-11.940594785543661
8.239999999999869,10.913759999999744,-0.08678815035351473,22.78449213569261,0.02922054952926273,-11.873474233190386
8.249999999999869,10.851749999999743,-0.08594546791295835,22.767644007642147,0.0288074372508364,-11.806352821769597
8.259999999999868,10.789739999999743,-0.08510888730383609,22.750806532114094,0.028399102692290012,-11.73923050285031
8.269999999999868,10.727729999999742,-0.08427836994948046,22.733979716379487,0.027995505317008007,-11.67210722839944
8.279999999999868,10.665719999999741,-0.08345387738148086,22.717163567911264,0.02759660479448961,-11.604982950747731
8.289999999999868,10.60370999999974,-0.08263537123611345,22.700358094384853,0.027202360998334285,-11.537857622556928
8.299999999999867,10.54169999999974,-0.08182281325075769,22.683563303679286,0.026812734004284633,-11.470731196788002
8.309999999999867,10.479689999999739,-0.08101616526061486,22.666779203877972,0.026427684088363712,-11.40360362666974
8.319999999999867,10.417679999999738,-0.0802153891954609,22.650005803269778,0.026047171725081975,-11.33647486566829
8.329999999999867,10.355669999999737,-0.07942044707661411,22.63324311035,0.02567115758575178,-11.269344867457471
8.339999999999867,10.293659999999736,-0.0786313010139813,22.616491133821476,0.0252996025368189,-11.202213585889664
8.349999999999866,10.231649999999735,-0.07784791320331086,22.59974988259571,0.02493246763827356,-11.135080974967693
8.359999999999866,10.169639999999735,-0.07707024592351044,22.583019365794026,0.024569714142136156,-11.067946988817926
8.369999999999866,10.107629999999734,-0.07629826153408498,22.566299592748827,0.024211303490973834,-11.000811581662761
8.379999999999866,10.045619999999733,-0.07553192247274465,22.549590573004785,0.023857197316483447,-10.93367470779535
8.389999999999866,9.983609999999732,-0.0747711912531738,22.53289231632022,0.023507357438102228,-10.866536321554529
8.399999999999865,9.921599999999732,-0.0740160304627625,22.516204832668436,0.023161745861692173,-10.799396377300166
8.409999999999865,9.85958999999973,-0.07326640276059082,22.499528132239032,0.022820324778229262,-10.732254829389698
8.419999999999865,9.79757999999973,-0.07252227087548169,22.482862225439455,0.02248305656252214,-10.665111632155714
8.429999999999865,9.73556999999973,-0.07178359760413647,22.46620712289635,0.022149903772052504,-10.597966739883022
8.439999999999864,9.673559999999728,-0.0710503458093891,22.44956283545711,0.02182082914569905,-10.530820106788253
8.449999999999864,9.611549999999728,-0.07032247841856615,22.432929374191477,0.021495795602608947,-10.463671686998774
8.459999999999864,9.549539999999727,-0.06959995842191607,22.416306750393026,0.021174766241066123,-10.396521434532856
8.469999999999864,9.487529999999726,-0.06888274887117676,22.399694975580847,0.02085770433731865,-10.329369303280773
8.479999999999864,9.425519999999725,-0.06817081287816301,22.383094061501172,0.020544573344525086,-10.262215246986388
8.489999999999863,9.363509999999724,-0.0674641136135001,22.366504020129057,0.02023533689161855,-10.195059219229325
8.499999999999863,9.301499999999724,-0.06676261430543282,22.34992486367009,0.019929958782292145,-10.127901173408226
8.509999999999863,9.239489999999723,-0.06606627823865671,22.333356604562216,0.019628402993867533,-10.060741062724485
8.519999999999863,9.177479999999722,-0.06537506875328741,22.31679925547744,0.019330633676305664,-9.993578840166819
8.529999999999863,9.115469999999721,-0.06468894924388796,22.300252829323682,0.019036615151141134,-9.926414458496255
8.539999999999862,9.05345999999972,-0.06400788315854619,22.283717339246593,0.018746311910433966,-9.859247870232345
8.549999999999862,8.99144999999972,-0.06333183399801415,22.267192798631484,0.018459688615783287,-9.792079027639314
8.559999999999862,8.929439999999719,-0.06266076531495085,22.250679221105216,0.018176710097234483,-9.724907882714026
8.569999999999862,8.867429999999718,-0.061994640713185695,22.2341766205381,0.01789734135231985,-9.657734387173113
8.579999999999862,8.805419999999717,-0.06133342384703294,22.2176850110459,0.017621547545003835,-9.590558492442241
8.589999999999861,8.743409999999717,-0.06067707842071035,22.201204406991835,0.017349294004648186,-9.523380149645236
8.599999999999861,8.681399999999716,-0.06002556818777027,22.184734822988553,0.01708054622502092,-9.456199309593913
8.60999999999986,8.619389999999715,-0.059378856950542125,22.168276273900243,0.01681526986321491,-9.389015922778858
8.61999999999986,8.557379999999714,-0.05873690855972888,22.151828774844624,0.01655343073865534,-9.321829939360823
8.62999999999986,8.495369999999713,-0.058099686913913845,22.135392341195107,0.016294994832036613,-9.254641309162334
8.63999999999986,8.433359999999713,-0.05746715595921778,22.118966988582923,0.01603992828426476,-9.187449981660643
8.64999999999986,8.371349999999712,-0.056839279688902594,22.102552732899213,0.01578819739542492,-9.12025590598049
8.65999999999986,8.309339999999711,-0.05621602214308413,22.086149590297264,0.015539768623688499,-9.053059030888482
8.66999999999986,8.24732999999971,-0.05559734740845226,22.06975757719464,0.015294608584230929,-8.985859304787416
8.67999999999986,8.18531999999971,-0.05498321961795108,22.053376710275472,0.015052684048187548,-8.91865667571078
8.68999999999986,8.123309999999709,-0.05437360295057275,22.03700700649263,0.014813961941486098,-8.851451091319596
8.699999999999859,8.061299999999708,-0.05376846163114046,22.02064848307001,0.014578409343789178,-8.784242498897626
8.709999999999859,7.999289999999708,-0.05316775993012207,22.00430115750482,0.014345993487332787,-8.717030845349086
8.719999999999859,7.937279999999708,-0.05257146216341535,21.987965047569915,0.014116681755809823,-8.649816077195757
8.729999999999858,7.875269999999708,-0.051979532692205455,21.971640171316047,0.013890441683182153,-8.582598140575435
8.739999999999858,7.813259999999708,-0.05139193592278138,21.9553265470743,0.013667240952548398,-8.515376981240255
8.749999999999858,7.751249999999708,-0.05080863630640828,21.939024193458355,0.013447047394909872,-8.448152544556534
8.759999999999858,7.6892399999997085,-0.05022959833916693,21.922733129366954,0.013229828988004066,-8.38092477550418
8.769999999999857,7.627229999999709,-0.0496547865618098,21.906453373986302,0.013015553855067252,-8.31369361867758
8.779999999999857,7.565219999999709,-0.04908416555960879,21.89018494679241,0.012804190263603743,-8.246459018286307
8.789999999999857,7.503209999999709,-0.04851769996223959,21.873927867553626,0.012595706624116576,-8.179220918156929
8.799999999999857,7.441199999999709,-0.04795535444356755,21.85768215633308,0.012390071488824206,-8.11197926173551
8.809999999999857,7.379189999999709,-0.04739709372156231,21.84144783349106,0.012187253550399957,-8.044733992089721
8.819999999999856,7.317179999999709,-0.04684288255804178,21.825224919687656,0.011987221640625656,-7.977485051912724
8.829999999999856,7.255169999999709,-0.04629268575854545,21.80901343588516,0.011789944729060864,-7.910232383526934
8.839999999999856,7.193159999999709,-0.04574646817208314,21.79281340335065,0.011595391921723652,-7.842975928888304
8.849999999999856,7.131149999999709,-0.045204194690930455,21.776624843658507,0.011403532459668964,-7.775715629591532
8.859999999999856,7.0691399999997095,-0.04466583025037535,21.760447778693,0.011214335717622093,-7.708451426875416
8.869999999999855,7.00712999999971,-0.04413133982844067,21.74428223065083,0.011027771202562708,-7.641183261629283
8.879999999999855,6.94511999999971,-0.04360068844558368,21.72812822204377,0.010843808552276402,-7.57391107439931
8.889999999999855,6.88310999999971,-0.04307384116434665,21.711985775701226,0.010662417533924884,-7.506634805395799
8.899999999999855,6.82109999999971,-0.042550763088990445,21.695854914772912,0.010483568042535696,-7.439354394501048
8.909999999999854,6.75908999999971,-0.042031419365122086,21.679735662731453,0.010307230099522613,-7.372069781277521
8.919999999999854,6.69707999999971,-0.041515775179176595,21.663628043375034,0.01013337385115426,-7.304780904976606
8.929999999999854,6.63506999999971,-0.0410037957579901,21.64753208083015,0.009961969567013174,-7.237487704548144
8.939999999999854,6.57305999999971,-0.04049544636824229,21.631447799554195,0.00979298763843861,-7.170190118650233
8.949999999999854,6.5110499999997105,-0.03999069231584737,21.61537522433823,0.009626398576927153,-7.102888085659609
8.959999999999853,6.449039999999711,-0.03948949894536127,21.59931438030968,0.009462173012521946,-7.035581543682574
8.969999999999853,6.387029999999711,-0.03899183163923245,21.58326529293509,0.00930028169219288,-6.968270430566755
8.979999999999853,6.325019999999711,-0.03849765581710349,21.567227988022836,0.009140695478162653,-6.900954683912791
8.989999999999853,6.263009999999711,-0.038006936934960794,21.55120249172593,0.008983385346258477,-6.833634241087121
8.999999999999853,6.200999999999711,-0.037519640484278444,21.53518883054476,0.008828322384157927,-6.766309039235042
9.009999999999852,6.138989999999711,-0.03703573199104812,21.519187031329988,0.008675477789721053,-6.698979015294361
9.019999999999852,6.076979999999711,-0.03655517701479172,21.50319712128521,0.008524822869219628,-6.6316441060094515
9.029999999999852,6.014969999999711,-0.036077941147437786,21.487219127969936,0.008376329035558738,-6.564304247946224
9.039999999999852,5.952959999999711,-0.03560399001217407,21.471253079302336,0.008229967806481553,-6.496959377507108
9.049999999999851,5.8909499999997115,-0.035133289262171324,21.45529900356216,0.008085710802774537,-6.429609430946925
9.059999999999851,5.828939999999712,-0.034665804579270376,21.43935692939358,0.007943529746404054,-6.362254344389381
9.069999999999851,5.766929999999712,-0.03420150167253261,21.423426885808134,0.007803396458664624,-6.2948940538437395
9.07999999999985,5.704919999999712,-0.03374034627673442,21.407508902187626,0.007665282858283884,-6.227528495222383
9.08999999999985,5.642909999999712,-0.03328230415074554,21.391603008287014,0.0075291609594988484,-6.160157604358715
9.09999999999985,5.580899999999712,-0.03282734107579863,21.375709234237448,0.007395002870136114,-6.092781317025786
9.10999999999985,5.518889999999712,-0.03237542285368278,21.35982761054919,0.007262780789641432,-6.025399568955361
9.11999999999985,5.456879999999712,-0.03192651530481527,21.343958168114625,0.007132467007102183,-5.958012295857458
9.12999999999985,5.394869999999712,-0.03148058426617345,21.328100938211254,0.0070040338992279905,-5.890619433440538
9.13999999999985,5.332859999999712,-0.03103759558915556,21.312255952504774,0.006877453928312183,-5.823220917432703
9.14999999999985,5.2708499999997125,-0.030597515137288978,21.29642324305208,0.006752699640182547,-5.755816683602495
9.15999999999985,5.208839999999713,-0.03016030878382242,21.280602842304425,0.006629743662105281,-5.688406667781119
9.169999999999849,5.146829999999713,-0.029725942409179446,21.264794783110425,0.006508558700678679,-5.620990805885121
9.179999999999849,5.084819999999713,-0.0292943818982761,21.248999098719278,0.006389117539697953,-5.553569033939031
9.189999999999849,5.022809999999713,-0.028865593137725742,21.23321582278387,0.006271393037973083,-5.486141288099555
9.199999999999848,4.960799999999713,-0.028439542012854285,21.217444989363976,0.0061553581271603375,-5.41870750467964
9.209999999999848,4.898789999999713,-0.028016194404587663,21.20168663292948,0.006040985809549149,-5.35126762017336
9.219999999999848,4.836779999999713,-0.02759551618618361,21.185940788363595,0.00592824915579121,-5.28382157128161
9.229999999999848,4.774769999999713,-0.027177473219791692,21.17020749096613,0.005817121302654549,-5.216369294938164
9.239999999999847,4.712759999999713,-0.026762031352850435,21.154486776456856,0.005707575450694946,-5.148910728336584
9.249999999999847,4.6507499999997135,-0.026349156414317343,21.13877868097876,0.005599584861970375,-5.081445808957411
9.259999999999847,4.588739999999714,-0.025938814210695188,21.12308324110146,0.005493122857637034,-5.01397447459658
9.269999999999847,4.526729999999714,-0.025530970521894236,21.107400493824645,0.005388162815592845,-4.946496663393936
9.279999999999847,4.464719999999714,-0.025125591096884003,21.091730476581485,0.005284678168053059,-4.879012313862781
9.289999999999846,4.402709999999714,-0.02472264164916685,21.076073227242116,0.005182642399086224,-4.8115213649199
9.299999999999846,4.340699999999714,-0.024322087852007096,21.060428784117256,0.005082029042162151,-4.744023755916483
9.309999999999846,4.278689999999714,-0.023923895333481576,21.04479718596169,0.004982811677622712,-4.676519426669434
9.319999999999846,4.216679999999714,-0.023528029671276957,21.029178471977943,0.004884963930114505,-4.6090083174939265
9.329999999999846,4.154669999999714,-0.023134456387295693,21.013572681820005,0.004788459466067596,-4.541490369235901
9.339999999999845,4.092659999999714,-0.02274314094194202,20.997979855596984,0.004693271991020265,-4.473965523306235
9.349999999999845,4.0306499999997145,-0.022354048728271014,20.982400033877,0.004599375247000992,-4.406433721714861
9.359999999999845,3.9686399999997146,-0.02196714506577735,20.96683325769097,0.004506743009823788,-4.338894907106242
9.369999999999845,3.9066299999997147,-0.021582395193962683,20.951279568536563,0.004415349086376141,-4.271349022795214
9.379999999999844,3.844619999999715,-0.021199764265659143,20.935739008382143,0.004325167311842515,-4.203796012803979
9.389999999999844,3.782609999999715,-0.020819217339977547,20.92021161967092,0.004236171546888323,-4.13623582189964
9.399999999999844,3.720599999999715,-0.020440719375040828,20.904697445325024,0.004148335674825143,-4.068668395632829
9.409999999999844,3.658589999999715,-0.02006423522034914,20.88919652874967,0.004061633598709258,-4.0010936803768935
9.419999999999844,3.5965799999997152,-0.019689729608876605,20.873708913837635,0.0039760392383890175,-3.9335116233683625
9.429999999999843,3.5345699999997153,-0.019317167148780318,20.85823464497344,0.0038915265275275557,-3.865922172747845
9.439999999999843,3.4725599999997154,-0.01894651231478761,20.842773767037983,0.003808069410561832,-3.79832527760238
9.449999999999843,3.4105499999997155,-0.018577729439241547,20.827326325413114,0.003725641839592453,-3.730720888008269
9.459999999999843,3.3485399999997156,-0.018210782702743233,20.811892365986278,0.00364421777126378,-3.663108955075031
9.469999999999843,3.2865299999997157,-0.017845636124395325,20.79647193515536,0.003563771163539342,-3.5954894309904386
9.479999999999842,3.224519999999716,-0.01748225355169805,20.78106507983363,0.0034842759724369454,-3.527862269066784
9.489999999999842,3.162509999999716,-0.017120598649965735,20.765671847454804,0.0034057061487149376,-3.4602274237872033
9.499999999999842,3.100499999999716,-0.016760634891326898,20.75029228597822,0.0033280356344759787,-3.392584850854785
9.509999999999842,3.038489999999716,-0.016402325543275975,20.734926443894224,0.0032512383596774996,-3.3249345072409264
9.519999999999841,2.9764799999997162,-0.016045633656746133,20.71957437022962,0.0031752882386414383,-3.2572763512361766
9.529999999999841,2.9144699999997163,-0.01569052205368146,20.70423611455336,0.003100159166404992,-3.189610342501639
9.539999999999841,2.8524599999997164,-0.015336953314117802,20.688911726982393,0.0030258250150487775,-3.1219364421216245
9.54999999999984,2.7904499999997165,-0.014984889762706621,20.67360125818768,0.0029522596299075277,-3.054254612657742
9.55999999999984,2.7284399999997166,-0.014634293454671793,20.65830475940036,0.002879436825706738,-2.986564818204093
9.56999999999984,2.6664299999997167,-0.01428512616122557,20.64302228241827,0.002807330382600892,-2.9188670244438097
9.57999999999984,2.604419999999717,-0.013937349354342377,20.627753879612495,0.0027359140421133743,-2.8511611987068646
9.58999999999984,2.542409999999717,-0.013590924190911235,20.612499603934303,0.0026651615029629205,-2.783447310029565
9.59999999999984,2.480399999999717,-0.013245811496224252,20.597259508922292,0.002595046416776714,-2.7157253292151333
9.60999999999984,2.418389999999717,-0.012901971746787949,20.582033648709732,0.00252554238370728,-2.64799522889597
9.61999999999984,2.3563799999997173,-0.012559365052388194,20.566822078032295,0.0024566229479004442,-2.5802569835973395
9.62999999999984,2.2943699999997174,-0.012217951137444477,20.551624852236007,0.0023882615928242923,-2.5125105698028034
9.639999999999839,2.2323599999997175,-0.011877689321512175,20.536442027285606,0.002320431736484496,-2.4447559660211793
9.649999999999839,2.1703499999997176,-0.011538538499046624,20.5212736597731,0.0022531067264750515,-2.3769931528550208
9.659999999999838,2.1083399999997177,-0.011200457118217294,20.50611980692686,0.0021862598348527107,-2.3092221130713813
9.669999999999838,2.0463299999997178,-0.010863403158870633,20.490980526620994,0.0021198642528769684,-2.2414428316735693
9.679999999999838,1.9843199999997179,-0.010527334109568992,20.475855877385126,0.0020538930855312776,-2.173655295975633
9.689999999999838,1.922309999999718,-0.01019220694356504,20.46074591841468,0.0019883193459009907,-2.1058594956782266
9.699999999999838,1.860299999999718,-0.009857978093798347,20.4456507095816,0.0019231159492881789,-2.0380554229466377
9.709999999999837,1.7982899999997182,-0.009524603426803169,20.430570311445535,0.001858255707169798,-1.9702430724910356
9.719999999999837,1.7362799999997183,-0.009192038215436016,20.415504785265657,0.0017937113208811861,-1.9024224416486943
9.729999999999837,1.6742699999997184,-0.008860237110432545,20.400454193012923,0.0017294553750791253,-1.834593530468381
9.739999999999837,1.6122599999997185,-0.008529154110705484,20.385418597383023,0.001665460330934232,-1.766756341797712
9.749999999999837,1.5502499999997186,-0.008198742532292858,20.37039806180998,0.0016016985190567823,-1.6989108813717806
9.759999999999836,1.4882399999997187,-0.007868954975965903,20.35539265048039,0.001538142132101683,-1.631057157905592
9.769999999999836,1.4262299999997188,-0.007539743293307144,20.34040242834843,0.0014747632170877822,-1.563195183188181
9.779999999999836,1.3642199999997189,-0.007211058551303828,20.32542746115168,0.0014115336673760082,-1.4953249721796869
9.789999999999836,1.302209999999719,-0.0068828509952852945,20.310467815427735,0.0013484252142579867,-1.4274465431116372
9.799999999999836,1.240199999999719,-0.006555070010178576,20.29552355853177,0.001285409418223915,-1.3595599175895998
9.809999999999835,1.1781899999997192,-0.006227664079929751,20.280594758655013,0.0012224576597550385,-1.2916651206991778
9.819999999999835,1.1161799999997193,-0.005900580745051065,20.26568148484434,0.0011595411297313785,-1.2237621811156205
9.829999999999835,1.0541699999997194,-0.005573766558157389,20.250783807022852,0.001096630819374389,-1.155851131215715
9.839999999999835,0.9921599999997194,-0.005247167037381928,20.235901796011717,0.001033697509663034,-1.0879320071941747
9.849999999999834,0.9301499999997194,-0.004920726617539228,20.22103552355326,0.0009707117602628101,-1.0200048491833282
9.859999999999834,0.8681399999997194,-0.0045943885989701005,20.20618506233538,0.0009076438978860568,-0.952069701376009
9.869999999999834,0.8061299999997193,-0.00426809509381415,20.191350486017477,0.0008444640040311535,-0.8841266121534965
9.879999999999834,0.7441199999997193,-0.003941786969704486,20.176531869257868,0.000781141902112481,-0.816175634216653
9.889999999999834,0.6821099999997193,-0.00361540379062103,20.161729287742876,0.0007176471439231946,-0.748216824721614
9.899999999999833,0.6200999999997193,-0.0032888837547627725,20.1469428182178,0.000653948995323228,-0.6802502454201682
9.909999999999833,0.5580899999997193,-0.0029621636292845865,20.132172538519647,0.0005900164212132575,-0.6122759628045387
9.919999999999833,0.4960799999997193,-0.00263517868171953,20.11741852761207,0.0005258180696595671,-0.5442940482573599
9.929999999999833,0.4340699999997193,-0.002307862607763167,20.10268086562246,0.0004613222551510532,-0.47630457820658056
9.939999999999833,0.3720599999997193,-0.0019801474553933773,20.087959633881415,0.00039649694090482246,-0.40830763428584443
9.949999999999832,0.3100499999997193,-0.0016519635448974945,20.073254914964718,0.00033130972022726857,-0.3403033035001189
9.959999999999832,0.24803999999971926,-0.0013232393846611679,20.05856679273824,0.00026572779675465563,-0.2722916783978966
9.969999999999832,0.18602999999971925,-0.000993901582413581,20.04389535240556,0.00019971796363182914,-0.2042728572490342
9.979999999999832,0.12401999999971926,-0.0006638747516304333,20.02924068055894,0.0001332465814383177,-0.13624694422888645
9.989999999999831,0.06200999999971926,-0.0003330814127809889,20.014602865233705,6.627955489002524e-05,-0.06821404960967005
0.0,0,1.6653345369377348e-16,20.0,-2.7755575615628914e-16,0.0
0.01,0.037206,-0.0001361179837428006,20.00779883312334,-9.995361244735657e-05,-0.03995425481318001
0.02,0.074412,-0.00031659661365823766,20.01605949624124,-0.00023669100402495813,-0.08531464994492133
0.03,0.11161800000000001,-0.00048503365170254886,20.02414944542265,-0.0003668600436823044,-0.12867570763156386
0.04,0.148824,-0.0006433910384208708,20.032215490431284,-0.0004904829404584476,-0.17141512623779395
0.05,0.18603000000000003,-0.0007998790826951874,20.04029271768369,-0.000614436367184723,-0.2142005326128182
0.060000000000000005,0.22323600000000005,-0.0009562807741180235,20.048378956407227,-0.0007403860776987181,-0.25703445453966856
0.07,0.26044200000000006,-0.0011120052227312494,20.056472469382136,-0.0008677918835067744,-0.2998735962828949
0.08,0.2976480000000001,-0.001266703078074416,20.06457312815291,-0.0009962995740960823,-0.34271120671333327
0.09,0.3348540000000001,-0.0014203830984121368,20.072680986549727,-0.0011258874887974946,-0.38554904917997523
0.09999999999999999,0.3720600000000001,-0.0015731114648719902,20.08079604406661,-0.001256589674118791,-0.42838786895288006
0.10999999999999999,0.40926600000000013,-0.0017249236940078405,20.08891828316723,-0.0013884117549399222,-0.47122766775452907
0.11999999999999998,0.44647200000000015,-0.0018758403312338356,20.097047687052633,-0.001521345519986228,-0.5140683740032862
0.12999999999999998,0.48367800000000016,-0.0020258817178788746,20.105184240185476,-0.0016553828714219732,-0.5569099537878868
0.13999999999999999,0.5208840000000001,-0.0021750697147200904,20.113327927342535,-0.0017905174126043866,-0.5997523883388763
0.15,0.5580900000000001,-0.0023234263200238026,20.12147873344185,-0.001926743125789332,-0.642595660279514
0.16,0.595296,-0.002470973122118414,20.129636643570194,-0.0020640538549870913,-0.6854397517158803
0.17,0.632502,-0.002617731340114282,20.137801642993576,-0.0022024433408137645,-0.7282846449425737
0.18000000000000002,0.669708,-0.002763721908320027,20.14597371715371,-0.00234190529304773,-0.7711303228551525
0.19000000000000003,0.7069139999999999,-0.0029089654992592306,20.154152851663323,-0.002482433405154527,-0.8139767689917771
0.20000000000000004,0.7441199999999999,-0.003053482525782747,20.162339032302288,-0.0026240213499888476,-0.856823967491845
0.21000000000000005,0.7813259999999999,-0.0031972931453002618,20.170532245014392,-0.0027666627778052955,-0.8996719030728305
0.22000000000000006,0.8185319999999998,-0.003340417266860629,20.178732475903622,-0.0029103513171187534,-0.9425205610244488
0.23000000000000007,0.8557379999999998,-0.0034828745584624676,20.186939711231283,-0.0030550805759881894,-0.9853699272039189
0.24000000000000007,0.8929439999999997,-0.0036246844539352674,20.195153937412528,-0.0032008441430051437,-1.028219988030612
0.25000000000000006,0.9301499999999997,-0.003765866159483544,20.203375141013577,-0.0033476355881828512,-1.0710707304796485
0.26000000000000006,0.9673559999999997,-0.003906438660008671,20.211603308748632,-0.0034954484637926275,-1.113922142076351
0.2700000000000001,1.0045619999999997,-0.004046420725257127,20.21983842747704,-0.003644276305260541,-1.1567742108896442
0.2800000000000001,1.0417679999999998,-0.004185830915795163,20.228080484200685,-0.0037941126319379626,-1.1996269255270309
0.2900000000000001,1.0789739999999999,-0.004324687588786846,20.23632946606128,-0.003944950947977033,-1.2424802751280053
0.3000000000000001,1.11618,-0.004463008903613619,20.244585360337716,-0.004096784743078841,-1.28533424935927
0.3100000000000001,1.153386,-0.004600812827291967,20.252848154443836,-0.004249607493296392,-1.3281888384087899
0.3200000000000001,1.190592,-0.004738117139793052,20.261117835925756,-0.004403412661759698,-1.3710440329802678
0.3300000000000001,1.2277980000000002,-0.004874939439112769,20.269394392459915,-0.004558193699439661,-1.413899824287628
0.34000000000000014,1.2650040000000002,-0.00501129714626819,20.277677811850445,-0.004713944045851293,-1.4567562040498854
0.35000000000000014,1.3022100000000003,-0.005147207510112328,20.285968082027303,-0.0048706571297573165,-1.499613164485798
0.36000000000000015,1.3394160000000004,-0.005282687612038761,20.2942651910442,-0.005028326369822533,-1.542470698308348
0.37000000000000016,1.3766220000000005,-0.005417754370484473,20.302569127076282,-0.005186945175328195,-1.585328798720155
0.38000000000000017,1.4138280000000005,-0.0055524245453494325,20.310879878418486,-0.0053465069467554804,-1.6281874594076604
0.3900000000000002,1.4510340000000006,-0.005686714742306032,20.319197433483573,-0.005507005076449134,-1.6710466745365642
0.4000000000000002,1.4882400000000007,-0.005820641416938055,20.327521780800186,-0.005668432949227642,-1.7139064387466694
0.4100000000000002,1.5254460000000007,-0.00595422087878783,20.335852909011162,-0.005830783942952278,-1.7567667471468689
0.4200000000000002,1.5626520000000008,-0.00608746929527082,20.344190806871765,-0.0059940514291023095,-1.7996275953102139
0.4300000000000002,1.599858000000001,-0.00622040269549623,20.352535463248078,-0.006158228773368912,-1.8424889792692711
0.4400000000000002,1.637064000000001,-0.006353036973962778,20.360886867115337,-0.006323309336162097,-1.8853508955109834
0.45000000000000023,1.674270000000001,-0.006485387894186068,20.36924500755636,-0.006489286473136957,-1.9282133409726172
0.46000000000000024,1.711476000000001,-0.006617471092168481,20.377609873759994,-0.006656153535726461,-1.9710763130359672
0.47000000000000025,1.7486820000000012,-0.00674930207979918,20.385981455019735,-0.0068239038716180755,-2.0139398095236722
0.48000000000000026,1.7858880000000013,-0.006880896248190271,20.39435974073222,-0.006992530825238097,-2.0568038286942563
0.49000000000000027,1.8230940000000013,-0.007012268870852101,20.402744720395802,-0.0071620277382132835,-2.0996683692373255
0.5000000000000002,1.8603000000000014,-0.0071434351068344615,20.41113638360919,-0.007332387949834651,-2.142533430269626
0.5100000000000002,1.8975060000000015,-0.00727441000378648,20.41953472007041,-0.007503604797498564,-2.185399011329743
0.5200000000000002,1.9347120000000015,-0.007405208500871507,20.427939719574994,-0.007675671617059565,-2.228265112374571
0.5300000000000002,1.9719180000000016,-0.007535845431674293,20.436351372015213,-0.007848581743357952,-2.2711317337742893
0.5400000000000003,2.0091240000000017,-0.007666335526979096,20.4447696673787,-0.008022328510503662,-2.3139988763083625
0.5500000000000003,2.0463300000000015,-0.007796693417482459,20.453194595747217,-0.008196905252315756,-2.356866541160828
0.5600000000000003,2.0835360000000014,-0.007926933636466876,20.46162614729559,-0.008372305302681182,-2.3997347299165224
0.5700000000000003,2.1207420000000012,-0.008057070622342427,20.470064312290535,-0.008548521995902891,-2.4426034445565543
0.5800000000000003,2.157948000000001,-0.008187118721176834,20.47850908108966,-0.008725548667048777,-2.485472687454208
0.5900000000000003,2.195154000000001,-0.008317092189106368,20.48696044414041,-0.00890337865228108,-2.528342461370516
0.6000000000000003,2.232360000000001,-0.008447005194723106,20.495418391978834,-0.00908200528916775,-2.5712127694506304
0.6100000000000003,2.2695660000000006,-0.008576871821396354,20.503882915228907,-0.009261421917004575,-2.614083615219506
0.6200000000000003,2.3067720000000005,-0.008706706069498499,20.51235400460137,-0.009441621877111228,-2.6569550025777353
0.6300000000000003,2.3439780000000003,-0.008836521858588298,20.52083165089269,-0.009622598513088387,-2.6998269357977245
0.6400000000000003,2.381184,-0.008966333029558626,20.52931584498445,-0.009804345171123108,-2.742699419519604
0.6500000000000004,2.41839,-0.009096153346682567,20.53780657784202,-0.009986855200251277,-2.785572458747493
0.6600000000000004,2.455596,-0.009225996499675843,20.54630384051411,-0.01017012195257555,-2.8284460588453153
0.6700000000000004,2.4928019999999997,-0.00935587610559449,20.554807624131634,-0.010354138783565225,-2.8713202255331938
0.6800000000000004,2.5300079999999996,-0.009485805710813311,20.56331791990688,-0.010538899052250028,-2.9141949648833427
0.6900000000000004,2.5672139999999994,-0.009615798792838665,20.571834719132795,-0.010724396121416568,-2.957070283316744
0.7000000000000004,2.6044199999999993,-0.009745868762181309,20.580358013182213,-0.010910623357899996,-2.9999461875988707
0.7100000000000004,2.641625999999999,-0.009876028964024453,20.588887793506977,-0.011097574132725718,-3.0428226848361497
0.7200000000000004,2.678831999999999,-0.010006292680049045,20.59742405163716,-0.01128524182132895,-3.0856997824725982
0.7300000000000004,2.716037999999999,-0.01013667313003938,20.605966779180427,-0.011473619803745394,-3.1285774882858344
0.7400000000000004,2.7532439999999987,-0.010267183473546687,20.61451596782124,-0.01166270146476367,-3.171455810383103
0.7500000000000004,2.7904499999999985,-0.01039783681146264,20.62307160932016,-0.011852480194137871,-3.21433475719855
0.7600000000000005,2.8276559999999984,-0.010528646187569712,20.63163369551313,-0.012042949386709856,-3.2572143374888887
0.7700000000000005,2.8648619999999982,-0.010659624590058286,20.640202218310876,-0.01223410244257983,-3.3000945603304563
0.7800000000000005,2.902067999999998,-0.010790784952988464,20.648777169698043,-0.012425932767260173,-3.3429754351150796
0.7900000000000005,2.939273999999998,-0.010922140157705124,20.657358541732876,-0.012618433771811544,-3.3858569715473084
0.8000000000000005,2.976479999999998,-0.011053703034254625,20.665946326546248,-0.012811598872945862,-3.428739179640645
0.8100000000000005,3.0136859999999976,-0.011185486362718156,20.674540516341175,-0.013005421493211322,-3.471622069713941
0.8200000000000005,3.0508919999999975,-0.011317502874582969,20.683141103392245,-0.013199895061051847,-3.5145056523882134
0.8300000000000005,3.0880979999999973,-0.011449765253945726,20.69174808004501,-0.013395013010941814,-3.557389938583799
0.8400000000000005,3.125303999999997,-0.01158228613884682,20.700361438715262,-0.013590768783489637,-3.600274939516031
0.8500000000000005,3.162509999999997,-0.011715078122437328,20.708981171888674,-0.013787155825556008,-3.6431606666927774
0.8600000000000005,3.199715999999997,-0.011848153754228957,20.717607272120077,-0.013984167590290253,-3.686047131910959
0.8700000000000006,3.2369219999999967,-0.011981525541163413,20.726239732032877,-0.014181797537288321,-3.728934347253271
0.8800000000000006,3.2741279999999966,-0.012115205948832308,20.734878544318732,-0.014380039132611766,-3.771822325085001
0.8900000000000006,3.3113339999999964,-0.012249207402523415,20.743523701736756,-0.014578885848898437,-3.8147110780509395
0.9000000000000006,3.3485399999999963,-0.012383542288319976,20.752175197113147,-0.014778331165417269,-3.857600619072301
0.9100000000000006,3.385745999999996,-0.012518222954128883,20.76083302334067,-0.014978368568142664,-3.9004909613434626
0.9200000000000006,3.422951999999996,-0.012653261710678876,20.76949717337808,-0.01517899154979252,-3.943382118328928
0.9300000000000006,3.460157999999996,-0.01278867083255325,20.77816764024972,-0.015380193609912995,-3.9862741037605502
0.9400000000000006,3.4973639999999957,-0.012924462559128602,20.78684441704499,-0.015581968254895273,-4.029166931634084
0.9500000000000006,3.5345699999999955,-0.013060649095526677,20.795527496917774,-0.01578430899804606,-4.07206061620671
0.9600000000000006,3.5717759999999954,-0.013197242613488563,20.804216873086176,-0.015987209359604182,-4.114955171993655
0.9700000000000006,3.6089819999999952,-0.013334255252348048,20.812912538831878,-0.01619066286680082,-4.157850613765456
0.9800000000000006,3.646187999999995,-0.013471699119799896,20.821614487499808,-0.0163946630538484,-4.200746956544997
0.9900000000000007,3.683393999999995,-0.013609586292813558,20.830322712497573,-0.016599203462041134,-4.243644215604751
1.0000000000000007,3.720599999999995,-0.013747928818441196,20.839037207295167,-0.016804277639690834,-4.286542406463937
1.0100000000000007,3.7578059999999947,-0.013886738714597946,20.847757965424382,-0.017009879142207474,-4.329441544885669
1.0200000000000007,3.7950119999999945,-0.014026027970849009,20.856484980478523,-0.017216001532089853,-4.3723416468739655
1.0300000000000007,3.8322179999999944,-0.014165808549198439,20.865218246111933,-0.017422638378931654,-4.415242728671313
1.0400000000000007,3.869423999999994,-0.014306092384784197,20.873957756039527,-0.017629783259445364,-4.458144806755908
1.0500000000000007,3.906629999999994,-0.01444689138659555,20.88270350403647,-0.017837429757473877,-4.5010478978387285
1.0600000000000007,3.943835999999994,-0.014588217438232048,20.891455483937754,-0.01804557146396296,-4.543952018861095
1.0700000000000007,3.9810419999999938,-0.01473008239852433,20.900213689637805,-0.018254201976967088,-4.586857186991829
1.0800000000000007,4.018247999999994,-0.014872498102209891,20.908978115090076,-0.018463314901667915,-4.629763419624721
1.0900000000000007,4.055453999999994,-0.015015476360585284,20.917748754306636,-0.01867290385034215,-4.672670734376127
1.1000000000000008,4.092659999999994,-0.015159028962139998,20.92652560135792,-0.018882962442367035,-4.715579149082094
1.1100000000000008,4.1298659999999945,-0.015303167673132029,20.93530865037225,-0.019093484304186503,-4.758488681795881
1.1200000000000008,4.167071999999995,-0.015447904238242105,20.944097895535457,-0.01930446306931871,-4.801399350785705
1.1300000000000008,4.204277999999995,-0.015593250381069956,20.952893331090586,-0.019515892378305366,-4.844311174531897
1.1400000000000008,4.241483999999995,-0.015739217804750683,20.96169495133753,-0.01972776587874625,-4.887224171724702
1.1500000000000008,4.278689999999996,-0.015885818192497403,20.970502750632665,-0.01994007722522434,-4.930138361261623
1.1600000000000008,4.315895999999996,-0.01603306320809708,20.979316723388465,-0.020152820079285982,-4.973053762245439
1.1700000000000008,4.353101999999996,-0.016180964496453704,20.988136864073226,-0.020365988109437905,-5.015970393981003
1.1800000000000008,4.3903079999999965,-0.016329533684076303,20.996963167210716,-0.020579574991107075,-5.058888275974027
1.1900000000000008,4.427513999999997,-0.016478782379575674,21.005795627379815,-0.0207935744065873,-5.101807427927594
1.2000000000000008,4.464719999999997,-0.016628722174099525,21.014634239214175,-0.021007980045057162,-5.14472786974073
1.2100000000000009,4.501925999999997,-0.016779364641839378,21.02347899740201,-0.02122278560247437,-5.187649621505624
1.2200000000000009,4.539131999999998,-0.01693072134043347,21.032329896685578,-0.021437984781602748,-5.230572703505365
1.2300000000000009,4.576337999999998,-0.0170828038114334,21.041186931861013,-0.021653571291940343,-5.2734971362121
1.2400000000000009,4.613543999999998,-0.017235623580679982,21.050050097778023,-0.02186953884966436,-5.316422940284432
1.2500000000000009,4.650749999999999,-0.017389192158739963,21.058919389339483,-0.022085881177658806,-5.359350136565346
1.260000000000001,4.687955999999999,-0.01754352104130108,21.067794801501194,-0.022302592005367383,-5.402278746080349
1.270000000000001,4.725161999999999,-0.017698621709527684,21.076676329271578,-0.02251966506883457,-5.445208790034753
1.280000000000001,4.7623679999999995,-0.01785450563045407,21.085563967711373,-0.022737094110629075,-5.488140289812053
1.290000000000001,4.799574,-0.018011184257303803,21.094457711933323,-0.022954872879781985,-5.5310732669713465
1.300000000000001,4.83678,-0.018168669029899193,21.1033575571019,-0.02317299513176524,-5.5740077432459945
1.310000000000001,4.873986,-0.01832697137494868,21.112263498432995,-0.023391454628438946,-5.616943740541144
1.320000000000001,4.911192000000001,-0.018486102706367413,21.121175531193728,-0.023610245137958952,-5.659881280931366
1.330000000000001,4.948398000000001,-0.018646074425634623,21.130093650702037,-0.023829360434793556,-5.702820386659308
1.340000000000001,4.985604000000001,-0.018806897922027666,21.139017852326447,-0.024048794299613596,-5.745761080133282
1.350000000000001,5.0228100000000016,-0.01896858457299777,21.147948131485816,-0.024268540519261028,-5.788703383925512
1.360000000000001,5.060016000000002,-0.019131145744389594,21.156884483649083,-0.02448859288669869,-5.831647320770254
1.370000000000001,5.097222000000002,-0.01929459279074283,21.16582690433492,-0.024708945200964394,-5.874592913561802
1.380000000000001,5.134428000000002,-0.019458937055537362,21.174775389111524,-0.024929591267089657,-5.917540185352412
1.390000000000001,5.171634000000003,-0.01962418987146819,21.183729933596375,-0.0251505248960478,-5.960489159350736
1.400000000000001,5.208840000000003,-0.01979036256069014,21.192690533455846,-0.02537173990471625,-6.003439858919999
1.410000000000001,5.246046000000003,-0.019957466435025717,21.20165718440517,-0.02559323011582698,-6.046392307575918
1.420000000000001,5.283252000000004,-0.020125512796222128,21.210629882207908,-0.025814989357840656,-6.089346528985163
1.430000000000001,5.320458000000004,-0.020294512936163245,21.2196086226759,-0.02603701146497822,-6.132302546963275
1.440000000000001,5.357664000000004,-0.020464478137070558,21.22859340166903,-0.02625929027710211,-6.17526038547356
1.450000000000001,5.3948700000000045,-0.02063541967171245,21.23758421509475,-0.02648181963967855,-6.218220068624457
1.460000000000001,5.432076000000005,-0.020807348803594083,21.246581058908067,-0.02670459340373893,-6.261181620668571
1.470000000000001,5.469282000000005,-0.020980276787165963,21.255583929111214,-0.026927605425742795,-6.30414506600056
1.480000000000001,5.506488000000005,-0.02115421486794483,21.264592821753368,-0.02715084956761904,-6.347110429155882
1.490000000000001,5.543694000000006,-0.021329174282741503,21.273607732930493,-0.027374319696637228,-6.390077734808756
1.500000000000001,5.580900000000006,-0.021505166259801645,21.282628658785004,-0.0275980096853658,-6.433047007770449
1.5100000000000011,5.618106000000006,-0.021682202018971836,21.29165559550566,-0.02782191341160639,-6.476018272988643
1.5200000000000011,5.655312000000007,-0.02186029277181542,21.300688539327197,-0.028046024758358934,-6.518991555544277
1.5300000000000011,5.692518000000007,-0.02203944972179195,21.309727486530157,-0.028270337613717833,-6.561966880651391
1.5400000000000011,5.729724000000007,-0.022219684064378187,21.318772433440646,-0.028494845870854935,-6.6049442736548265
1.5500000000000012,5.766930000000007,-0.022401006987191774,21.327823376430253,-0.028719543427901784,-6.647923760029139
1.5600000000000012,5.804136000000008,-0.022583429670107596,21.336880311915486,-0.028944424187960227,-6.6909053653765875
1.5700000000000012,5.841342000000008,-0.022766963285382386,21.345943236357897,-0.029169482058985008,-6.733889115426292
1.5800000000000012,5.878548000000008,-0.022951618997762463,21.355012146263707,-0.02939471095373647,-6.7768750360321866
1.5900000000000012,5.915754000000009,-0.023137407964575973,21.364087038183552,-0.02962010478974131,-6.819863153172136
1.6000000000000012,5.952960000000009,-0.023324341335841298,21.373167908712286,-0.029845657489193156,-6.86285349294588
1.6100000000000012,5.990166000000009,-0.023512430254342687,21.38225475448888,-0.030071362978930427,-6.9058460815744365
1.6200000000000012,6.0273720000000095,-0.023701685855716192,21.391347572196107,-0.03029721519034162,-6.948840945397711
1.6300000000000012,6.06457800000001,-0.023892119268549672,21.400446358560263,-0.030523208059340057,-6.991838110874373
1.6400000000000012,6.10178400000001,-0.024083741614426446,21.409551110351128,-0.03074933552627246,-7.034837604579257
1.6500000000000012,6.13899000000001,-0.02427656400801151,21.41866182438155,-0.03097559153586743,-7.077839453203269
1.6600000000000013,6.176196000000011,-0.024470597557082446,21.427778497507585,-0.031201970037185,-7.120843683550827
1.6700000000000013,6.213402000000011,-0.024665853362632106,21.436901126627774,-0.03142846498356211,-7.163850322539841
1.6800000000000013,6.250608000000011,-0.024862342518874175,21.44602970868345,-0.031655070332504975,-7.2068593971993575
1.6900000000000013,6.287814000000012,-0.025060076113329277,21.455164240658178,-0.031881780045703245,-7.249870934669123
1.7000000000000013,6.325020000000012,-0.02525906522682969,21.464304719577857,-0.03210858808891842,-7.29288496219803
1.7100000000000013,6.362226000000012,-0.025459320933567092,21.473451142510125,-0.03233548843193762,-7.335901507142767
1.7200000000000013,6.399432000000012,-0.025660854301145175,21.482603506564644,-0.0325624750485245,-7.378920596966766
1.7300000000000013,6.436638000000013,-0.025863676390566637,21.491761808892434,-0.0327895419163553,-7.421942259239511
1.7400000000000013,6.473844000000013,-0.026067798256283192,21.50092604668607,-0.03301668301695565,-7.4649665216345396
1.7500000000000013,6.511050000000013,-0.026273230946220805,21.51009621717929,-0.033243892335651504,-7.507993411928929
1.7600000000000013,6.548256000000014,-0.026479985501745906,21.519272317646767,-0.033471163861495956,-7.551022958001873
1.7700000000000014,6.585462000000014,-0.026688072957721132,21.528454345404032,-0.033698491587258905,-7.594055187833997
1.7800000000000014,6.622668000000014,-0.026897504342483836,21.537642297807285,-0.033925869509310924,-7.637090129505685
1.7900000000000014,6.6598740000000145,-0.027108290677853614,21.546836172253094,-0.03415329162758307,-7.680127811196637
1.8000000000000014,6.697080000000015,-0.02732044297913455,21.556035966178374,-0.03438075194556217,-7.723168261184332
1.8100000000000014,6.734286000000015,-0.0275339722550883,21.565241677060037,-0.03460824447017041,-7.766211507843534
1.8200000000000014,6.771492000000015,-0.027748889507958008,21.574453302415037,-0.03483576321172738,-7.809257579644654
1.8300000000000014,6.808698000000016,-0.02796520573338565,21.583670839799815,-0.03506330218392739,-7.8523065051534555
1.8400000000000014,6.845904000000016,-0.028182931920483822,21.592894286810587,-0.035290855403744326,-7.895358313029405
1.8500000000000014,6.883110000000016,-0.0284020790517176,21.602123641082734,-0.03551841689141905,-7.938413032025405
1.8600000000000014,6.920316000000017,-0.028622658102945703,21.611358900290984,-0.03574598067036505,-7.9814706909864075
1.8700000000000014,6.957522000000017,-0.02884468004337362,21.62060006214898,-0.03597354076714154,-8.024531318848664
1.8800000000000014,6.994728000000017,-0.02906815583548969,21.629847124409288,-0.036201091211414405,-8.06759494463882
1.8900000000000015,7.0319340000000174,-0.02929309643507222,21.639100084863074,-0.036428626035865774,-8.110661597473108
1.9000000000000015,7.069140000000018,-0.029519512791127578,21.64835894134002,-0.036656139276146915,-8.153731306556141
1.9100000000000015,7.106346000000018,-0.029747415845812808,21.657623691708192,-0.036883624970889706,-8.196804101180698
1.9200000000000015,7.143552000000018,-0.02997681653447451,21.666894333873753,-0.03711107716158518,-8.239880010726568
1.9300000000000015,7.180758000000019,-0.030207725785512923,21.67617086578094,-0.037338489892549065,-8.28295906465941
1.9400000000000015,7.217964000000019,-0.030440154520365637,21.685453285411764,-0.037565857210909326,-8.326041292530697
1.9500000000000015,7.255170000000019,-0.030674113653461427,21.694741590785945,-0.03779317316651454,-8.369126723976242
1.9600000000000015,7.2923760000000195,-0.030909614092138382,21.704035779960712,-0.038020431811900846,-8.412215388715994
1.9700000000000015,7.32958200000002,-0.031146666736617895,21.713335851030642,-0.03824762720225988,-8.455307316553053
1.9800000000000015,7.36678800000002,-0.031385282479887144,21.722641802127498,-0.03847475339535894,-8.498402537372836
1.9900000000000015,7.40399400000002,-0.031625472207673616,21.731953631420136,-0.03870180445152199,-8.54150108114249
2.0000000000000013,7.441200000000021,-0.03186724679837202,21.741271337114277,-0.03892877443357612,-8.584602977910613
2.010000000000001,7.478406000000021,-0.03211061712297045,21.750594917452265,-0.039155657406797884,-8.627708257805876
2.020000000000001,7.515612000000021,-0.03235559404493979,21.75992437071318,-0.03938244743887487,-8.670816951036514
2.0300000000000007,7.552818000000022,-0.03260218842023754,21.769259695212373,-0.039609138599839,-8.71392908789039
2.0400000000000005,7.590024000000022,-0.03285041109714698,21.7786008893016,-0.039835724962070274,-8.757044698733662
2.0500000000000003,7.627230000000022,-0.03310027291625314,21.787947951368693,-0.040062200600198605,-8.800163814010565
2.06,7.6644360000000225,-0.03335178471030409,21.797300879837447,-0.040288559591103223,-8.843286464242158
2.07,7.701642000000023,-0.033604957304196326,21.80665967316748,-0.0405147960138339,-8.886412680026918
2.0799999999999996,7.738848000000023,-0.03385980151485435,21.816024329854088,-0.04074090394957158,-8.929542492039205
2.0899999999999994,7.776054000000023,-0.03411632815109247,21.825394848428186,-0.040966877481622976,-8.972675931029052
2.099999999999999,7.813260000000024,-0.0343745480136195,21.834771227455967,-0.04119271069534414,-9.015813027821887
2.109999999999999,7.850466000000024,-0.03463447189487745,21.844153465539023,-0.04141839767808653,-9.058953813317851
2.1199999999999988,7.887672000000024,-0.03489611057895847,21.853541561313914,-0.04164393251919002,-9.102098318490812
2.1299999999999986,7.9248780000000245,-0.03515947484157564,21.86293551345228,-0.041869309309918945,-9.145246574388894
2.1399999999999983,7.962084000000025,-0.035424575449820334,21.87233532066059,-0.04209452214344184,-9.188398612133348
2.149999999999998,7.999290000000025,-0.0356914231622141,21.88174098167998,-0.042319565114741664,-9.231554462918377
2.159999999999998,8.036496000000025,-0.03596002872852394,21.89115249528618,-0.04254443232064464,-9.274714158010292
2.1699999999999977,8.073702000000024,-0.036230402889681546,21.90056986028943,-0.04276911785970755,-9.317877728747732
2.1799999999999975,8.110908000000023,-0.03650255637769981,21.909993075534118,-0.04299361583225897,-9.36104520654129
2.1899999999999973,8.148114000000023,-0.03677649991551918,21.919422139898963,-0.043217920340242466,-9.40421662287197
2.199999999999997,8.185320000000022,-0.03705224421695141,21.928857052296678,-0.043442025487325675,-9.447392009292608
2.209999999999997,8.222526000000022,-0.03732979998655442,21.938297811673838,-0.04366592537873015,-9.490571397426242
2.2199999999999966,8.259732000000021,-0.0376091779195068,21.947744417010934,-0.04388961412125697,-9.533754818966221
2.2299999999999964,8.29693800000002,-0.03789038870153891,21.957196867321972,-0.0441130858232513,-9.576942305675995
2.239999999999996,8.33414400000002,-0.038173443008775704,21.966655161654714,-0.0443363345945082,-9.6201338893885
2.249999999999996,8.37135000000002,-0.03845835150767682,21.976119299090072,-0.04455935454632215,-9.663329602006488
2.259999999999996,8.408556000000019,-0.03874512485485698,21.98558927874254,-0.04478213979134393,-9.706529475501494
2.2699999999999956,8.445762000000018,-0.039033773697050356,21.9950650997596,-0.04500468444362371,-9.749733541914203
2.2799999999999954,8.482968000000017,-0.03932430867094411,22.004546761321897,-0.045226982618529143,-9.792941833353797
2.289999999999995,8.520174000000017,-0.03961674040310209,22.014034262642966,-0.04544902843273069,-9.836154381998362
2.299999999999995,8.557380000000016,-0.03991107950977227,22.02352760296924,-0.045670816004156733,-9.87937122009403
2.3099999999999947,8.594586000000016,-0.040207336596897264,22.033026781579828,-0.04589233945193488,-9.922592379955015
2.3199999999999945,8.631792000000015,-0.040505522259866394,22.04253179778643,-0.046113592896355415,-9.965817893963708
2.3299999999999943,8.668998000000014,-0.04080564708353632,22.05204265093329,-0.04633457045886619,-10.009047794570208
2.339999999999994,8.706204000000014,-0.04110772164196386,22.061559340396997,-0.04655526626200979,-10.05228211429247
2.349999999999994,8.743410000000013,-0.04141175649840903,22.071081865586496,-0.04677567442938402,-10.095520885715954
2.3599999999999937,8.780616000000013,-0.04171776220516807,22.080610225942763,-0.04699578908558122,-10.138764141493613
2.3699999999999934,8.817822000000012,-0.04202574930346176,22.090144420938977,-0.04721560435618599,-10.182011914345843
2.3799999999999932,8.855028000000011,-0.04233572832331231,22.099684450080225,-0.04743511436773984,-10.225264237060449
2.389999999999993,8.89223400000001,-0.0426477097834326,22.109230312903435,-0.04765431324763375,-10.268521142492553
2.399999999999993,8.92944000000001,-0.04296170419112261,22.118782008977313,-0.04787319512414584,-10.311782663564362
2.4099999999999926,8.96664600000001,-0.043277722042119604,22.128339537902264,-0.04809175412637284,-10.355048833265682
2.4199999999999924,9.003852000000009,-0.043595773820523626,22.13790289931018,-0.04830998438416917,-10.39831968465339
2.429999999999992,9.041058000000008,-0.04391586999862687,22.147472092864504,-0.048527880028115644,-10.44159525085163
2.439999999999992,9.078264000000008,-0.04423802103683655,22.15704711825994,-0.048745435189497865,-10.48487556505183
2.4499999999999917,9.115470000000007,-0.044562237383558245,22.166627975222564,-0.048962644000216604,-10.528160660512905
2.4599999999999915,9.152676000000007,-0.044888529475065275,22.176214663509626,-0.04917950059282433,-10.57145057056095
2.4699999999999913,9.189882000000006,-0.04521690773535961,22.185807182909407,-0.049395999100391885,-10.614745328589828
2.479999999999991,9.227088000000006,-0.04554738257610805,22.195405533241278,-0.049612133656507074,-10.658044968060686
2.489999999999991,9.264294000000005,-0.04587996439650785,22.205009714355462,-0.049827898395228665,-10.701349522502401
2.4999999999999907,9.301500000000004,-0.046214663583144744,22.21461972613309,-0.05004328745108039,-10.744659025512082
2.5099999999999905,9.338706000000004,-0.04655149050992513,22.224235568485923,-0.05025829495890788,-10.787973510754066
2.5199999999999902,9.375912000000003,-0.046890455537913045,22.233857241356496,-0.05047291505389423,-10.831293011961305
2.52999999999999,9.413118000000003,-0.04723156901526729,22.24348474471786,-0.0506871418715274,-10.874617562934612
2.53999999999999,9.450324000000002,-0.04757484127708497,22.2531180785737,-0.050900969547514,-10.917947197543779
2.5499999999999896,9.487530000000001,-0.04792028264533818,22.26275724295793,-0.051114392217736226,-10.96128194972645
2.5599999999999894,9.524736,-0.04826790342871362,22.27240223793497,-0.05132740401822139,-11.004621853489958
2.569999999999989,9.561942,-0.04861771392254735,22.28205306359945,-0.05153999908507595,-11.047966942910085
2.579999999999989,9.599148,-0.04896972440869793,22.291709720076227,-0.05175217155443085,-11.091317252132026
2.5899999999999888,9.636353999999999,-0.049323945155437476,22.301372207520295,-0.051963915562389995,-11.134672815370875
2.5999999999999885,9.673559999999998,-0.04968038641736777,22.31104052611669,-0.052175225244966705,-11.178033666911086
2.6099999999999883,9.710765999999998,-0.050039058435273204,22.320714676080488,-0.05238609473804701,-11.221399841107615
2.619999999999988,9.747971999999997,-0.050399971436065144,22.330394657656637,-0.05259651817731964,-11.264771372385653
2.629999999999988,9.785177999999997,-0.05076313563267559,22.34008047112005,-0.05280648969821672,-11.308148295240999
2.6399999999999877,9.822383999999996,-0.05112856122390114,22.349772116775327,-0.053016003435859604,-11.351530644240809
2.6499999999999875,9.859589999999995,-0.05149625839440483,22.359469594956842,-0.05322505352497647,-11.394918454023431
2.6599999999999873,9.896795999999995,-0.05186623731452367,22.36917290602871,-0.05343363409989993,-11.438311759299118
2.669999999999987,9.934001999999994,-0.05223850814022274,22.378882050384604,-0.05364173929439653,-11.481710594850083
2.679999999999987,9.971207999999994,-0.05261308101299869,22.388597028447883,-0.05384936324171169,-11.525114995531188
2.6899999999999866,10.008413999999993,-0.05298996605982115,22.398317840671236,-0.05405650007442442,-11.568524996270234
2.6999999999999864,10.045619999999992,-0.05336917339291544,22.408044487537023,-0.054263143924417445,-11.61194063206826
2.709999999999986,10.082825999999992,-0.0537507131098755,22.417776969556847,-0.05446928892279135,-11.655361938000128
2.719999999999986,10.120031999999991,-0.05413459529339218,22.42751528727184,-0.05467492919980166,-11.698788949214956
2.7299999999999858,10.15723799999999,-0.054520830011302424,22.437259441252333,-0.05488005888475367,-11.742221700936376
2.7399999999999856,10.19444399999999,-0.05490942731640758,22.44700943209797,-0.05508467210595702,-11.785660228463328
2.7499999999999853,10.23164999999999,-0.05530039724648195,22.456765260437614,-0.0552887629906747,-11.829104567170297
2.759999999999985,10.268855999999989,-0.05569374982413286,22.466526926929443,-0.05549232566491619,-11.872554752507792
2.769999999999985,10.306061999999988,-0.0560894950567698,22.476294432260634,-0.05569535425349531,-11.916010820003
2.7799999999999847,10.343267999999988,-0.05648764293652947,22.48606777714758,-0.05589784287990751,-11.959472805260537
2.7899999999999845,10.380473999999987,-0.05688820344014103,22.495846962335705,-0.056099785666172686,-12.002940743962185
2.7999999999999843,10.417679999999987,-0.05729118652896009,22.505631988599546,-0.05630117673281265,-12.04641467186837
2.809999999999984,10.454885999999986,-0.057696602148851,22.515422856742624,-0.05650201019875972,-12.089894624818232
2.819999999999984,10.492091999999985,-0.05810446023008925,22.525219567597475,-0.056702280181202214,-12.133380638730092
2.8299999999999836,10.529297999999985,-0.05851477068740929,22.53502212202562,-0.0569019807955462,-12.17687274960258
2.8399999999999834,10.566503999999984,-0.0589275434198481,22.544830520917486,-0.05710110615526848,-12.220370993514514
2.849999999999983,10.603709999999984,-0.05934278831073245,22.5546447651924,-0.057299650371868294,-12.263875406626221
2.859999999999983,10.640915999999983,-0.0597605152276523,22.56446485579874,-0.05749760755467043,-12.30738602517957
2.869999999999983,10.678121999999982,-0.0601807340223387,22.57429079371363,-0.05769497181082528,-12.350902885499174
2.8799999999999826,10.715327999999982,-0.0606034545307404,22.584122579943102,-0.057891737245087616,-12.394426023992326
2.8899999999999824,10.752533999999981,-0.06102868657287547,22.593960215521996,-0.058087897959767765,-12.437955477150396
2.899999999999982,10.78973999999998,-0.06145643995284081,22.60380370151419,-0.05828344805461427,-12.481491281549195
2.909999999999982,10.82694599999998,-0.06188672445878107,22.61365303901216,-0.05847838162663077,-12.52503347384947
2.9199999999999817,10.86415199999998,-0.0623195498628448,22.623508229137336,-0.05867269276999587,-12.568582090797708
2.9299999999999815,10.901357999999979,-0.06275492592118401,22.633369273040003,-0.05886637557591973,-12.612137169227335
2.9399999999999813,10.938563999999978,-0.06319286237389932,22.6432361718992,-0.059059424132524796,-12.655698746058269
2.949999999999981,10.975769999999978,-0.06363336894502888,22.65310892692289,-0.059251832524667314,-12.699266858299225
2.959999999999981,11.012975999999977,-0.06407645534255921,22.662987539347686,-0.05944359483384615,-12.7428415430471
2.9699999999999807,11.050181999999976,-0.06452213125838963,22.672872010439225,-0.05963470513799002,-12.786422837488152
2.9799999999999804,11.087387999999976,-0.0649704063683201,22.682762341491944,-0.05982515751136497,-12.830010778899128
2.9899999999999802,11.124593999999975,-0.06542129033206026,22.692658533829032,-0.0600149460244041,-12.873605404647698
2.99999999999998,11.161799999999975,-0.06587479279324002,22.702560588802662,-0.06020406474353435,-12.917206752193177
3.00999999999998,11.199005999999974,-0.06633092337940588,22.71246850779389,-0.06039250773100757,-12.960814859087488
3.0199999999999796,11.236211999999973,-0.06678969170201238,22.722382292212547,-0.06058026904472874,-13.00442976297546
3.0299999999999794,11.273417999999973,-0.06725110735646053,22.73230194349747,-0.06076734273813095,-13.04805150159667
3.039999999999979,11.310623999999972,-0.06771517992208964,22.742227463116436,-0.060953722859936055,-13.091680112785463
3.049999999999979,11.347829999999972,-0.06818191896225792,22.7521588525662,-0.06113940345398827,-13.135315634471565
3.0599999999999787,11.385035999999971,-0.06865133402428322,22.762096113372483,-0.06132437855906964,-13.178958104681566
3.0699999999999785,11.42224199999997,-0.06912343463954349,22.77203924709002,-0.061508642208709,-13.22260756153944
3.0799999999999783,11.45944799999997,-0.0695982303234702,22.78198825530268,-0.06169218843098867,-13.266264043267372
3.089999999999978,11.49665399999997,-0.0700757305756485,22.791943139623324,-0.06187501124828726,-13.309927588186655
3.099999999999978,11.533859999999969,-0.0705559448797714,22.80190390169405,-0.06205710467714598,-13.353598234718303
3.1099999999999777,11.571065999999968,-0.07103888270378228,22.81187054318601,-0.062238462727978505,-13.39727602138454
3.1199999999999775,11.608271999999968,-0.07152455349986162,22.8218430657997,-0.06241907940488883,-13.440960986808737
3.1299999999999772,11.645477999999967,-0.07201296670452909,22.831821471264803,-0.06259894870545768,-13.484653169717204
3.139999999999977,11.682683999999966,-0.07250413173872289,22.841805761340346,-0.06277806462044427,-13.528352608939484
3.149999999999977,11.719889999999966,-0.07299805800779682,22.85179593781474,-0.06295642113359007,-13.572059343409483
3.1599999999999766,11.757095999999965,-0.07349475490170726,22.86179200250583,-0.06313401222133913,-13.615773412165797
3.1699999999999764,11.794301999999965,-0.07399423179498571,22.871793957260884,-0.06331083185264946,-13.659494854353873
3.179999999999976,11.831507999999964,-0.07449649804691069,22.88180180395677,-0.06348687398861919,-13.703223709225115
3.189999999999976,11.868713999999963,-0.07500156300154279,22.891815544499938,-0.06366213258229031,-13.746960016139411
3.1999999999999758,11.905919999999963,-0.07550943598788384,22.901835180826588,-0.06383660157837623,-13.79070381456507
3.2099999999999755,11.943125999999962,-0.07602012631990446,22.911860714902538,-0.06401027491295369,-13.834455144079882
3.2199999999999753,11.980331999999962,-0.07653364329674589,22.9218921487236,-0.06418314651313234,-13.878214044372225
3.229999999999975,12.017537999999961,-0.07704999620274669,22.931929484315347,-0.06435521029681113,-13.921980555241662
3.239999999999975,12.05474399999996,-0.0775691943076367,22.9419727237334,-0.06452646017236052,-13.965754716600154
3.2499999999999747,12.09194999999996,-0.0780912468666563,22.952021869063415,-0.06469689003828155,-14.009536568472642
3.2599999999999745,12.12915599999996,-0.07861616312062406,22.962076922421293,-0.06486649378290171,-14.053326150998068
3.2699999999999743,12.166361999999959,-0.07914395229616145,22.972137885953003,-0.06503526528397047,-14.097123504430039
3.279999999999974,12.203567999999958,-0.0796746236058454,22.982204761835035,-0.06520319840845012,-14.140928669138225
3.289999999999974,12.240773999999957,-0.08020818624827583,22.992277552274203,-0.06537028701203584,-14.184741685608595
3.2999999999999736,12.277979999999957,-0.08074464940830756,23.002356259507845,-0.0655365249388451,-14.228562594444838
3.3099999999999734,12.315185999999956,-0.08128402225720335,23.012440885804054,-0.06570190602106024,-14.272391436368743
3.319999999999973,12.352391999999956,-0.08182631395282713,23.022531433461566,-0.06586642407853455,-14.316228252221327
3.329999999999973,12.389597999999955,-0.08237153363975985,23.032627904810013,-0.06603007291833396,-14.360073082963474
3.3399999999999728,12.426803999999954,-0.08291969044960434,23.04273030220995,-0.06619284633449002,-14.403925969677264
3.3499999999999726,12.464009999999954,-0.0834707935010546,23.052838628053067,-0.06635473810743919,-14.44778695356626
3.3599999999999723,12.501215999999953,-0.08402485190019168,23.06295288476227,-0.06651574200365173,-14.491656075956191
3.369999999999972,12.538421999999953,-0.08458187474065151,23.073073074791772,-0.06667585177522356,-14.535533378296584
3.379999999999972,12.575627999999952,-0.08514187110384669,23.083199200627263,-0.06683506115940235,-14.579418902160672
3.3899999999999717,12.612833999999951,-0.08570485005923709,23.093331264786066,-0.06699336387813665,-14.623312689246665
3.3999999999999715,12.65003999999995,-0.08627082066445343,23.103469269817154,-0.06715075363761913,-14.667214781378501
3.4099999999999713,12.68724599999995,-0.0868397919656988,23.113613218301428,-0.067307224127797,-14.711125220505998
3.419999999999971,12.72445199999995,-0.08741177299784991,23.12376311285183,-0.06746276902190845,-14.755044048706875
3.429999999999971,12.761657999999949,-0.08798677278478156,23.133918956113384,-0.06761738197588446,-14.798971308185735
3.4399999999999706,12.798863999999949,-0.08856480033965508,23.144080750763525,-0.06777105662799549,-14.842907041276233
3.4499999999999704,12.836069999999948,-0.08914586466511265,23.154248499512097,-0.0679237865981765,-14.886851290441092
3.45999999999997,12.873275999999947,-0.08972997475365654,23.16442220510164,-0.06807556548755472,-14.930804098272711
3.46999999999997,12.910481999999947,-0.09031713958786922,23.17460187030743,-0.06822638687787547,-14.97476550749434
3.47999999999997,12.947687999999946,-0.09090736814071246,23.184787497937712,-0.06837624433095646,-15.018735560959561
3.4899999999999696,12.984893999999946,-0.09150066937587956,23.19497909083391,-0.06852513138805888,-15.062714301654195
3.4999999999999694,13.022099999999945,-0.09209705224806541,23.20517665187075,-0.06867304156936188,-15.10670177269613
3.509999999999969,13.059305999999944,-0.09269652570333436,23.215380183956423,-0.06881996837326065,-15.150698017335612
3.519999999999969,13.096511999999944,-0.09329909867937303,23.225589690032866,-0.0689659052758198,-15.194703078956467
3.5299999999999687,13.133717999999943,-0.09390478010595302,23.23580517307574,-0.06911084573011472,-15.238717001076001
3.5399999999999685,13.170923999999943,-0.09451357890517512,23.246026636094967,-0.06925478316554234,-15.282739827345635
3.5499999999999683,13.208129999999942,-0.09512550399186992,23.256254082134582,-0.06939771098715175,-15.326771601551394
3.559999999999968,13.245335999999941,-0.09574056427397545,23.266487514273155,-0.06953962257501856,-15.370812367614135
3.569999999999968,13.28254199999994,-0.09635876865290177,23.27672693562387,-0.0696805112834818,-15.414862169589565
3.5799999999999677,13.31974799999994,-0.0969801260239091,23.286972349334874,-0.06982037044042949,-15.458921051669114
3.5899999999999674,13.35695399999994,-0.09760464527658894,23.297223758589336,-0.06995919334658168,-15.502989058179994
3.5999999999999672,13.394159999999939,-0.0982323352951057,23.30748116660575,-0.07009697327474773,-15.547066233585175
3.609999999999967,13.431365999999938,-0.09886320495875903,23.317744576638212,-0.07023370346899577,-15.591152622483404
3.619999999999967,13.468571999999938,-0.09949726314236801,23.328013991976505,-0.07036937714392139,-15.63524826961006
3.6299999999999666,13.505777999999937,-0.1001345187166931,23.338289415946512,-0.07050398748381392,-15.67935321983632
3.6399999999999664,13.542983999999937,-0.10077498054889439,23.34857085191034,-0.07063752764184389,-15.723467518169626
3.649999999999966,13.580189999999936,-0.1014186575029869,23.358858303266476,-0.07076999073923806,-15.767591209753888
3.659999999999966,13.617395999999935,-0.10206555844031742,23.369151773450323,-0.07090136986430706,-15.811724339868428
3.6699999999999657,13.654601999999935,-0.1027156922200392,23.37945126593416,-0.07103165807172523,-15.855866953928933
3.6799999999999655,13.691807999999934,-0.10336906769957971,23.3897567842276,-0.07116084838149228,-15.90001909748647
3.6899999999999653,13.729013999999934,-0.10402569373517692,23.40006833187767,-0.07128893377809448,-15.944180816227382
3.699999999999965,13.766219999999933,-0.1046855791823805,23.41038591246928,-0.07141590720951668,-15.988352155973395
3.709999999999965,13.803425999999932,-0.10534873289656779,23.420709529625356,-0.07154176158631237,-16.032533162680277
3.7199999999999647,13.840631999999932,-0.10601516373343431,23.431039187007197,-0.07166648978050671,-16.076723882437964
3.7299999999999645,13.877837999999931,-0.1066848805496515,23.441374888314673,-0.07179008462477904,-16.12092436147007
3.7399999999999642,13.91504399999993,-0.10735789220329284,23.451716637286626,-0.07191253891129429,-16.165134646132778
3.749999999999964,13.95224999999993,-0.10803420755450285,23.462064437701102,-0.072033845390652,-16.20935478291438
3.759999999999964,13.98945599999993,-0.1087138354660089,23.472418293375597,-0.07215399677090084,-16.25358481843463
3.7699999999999636,14.026661999999929,-0.10939678480376092,23.48277820816745,-0.07227298571632923,-16.297824799443312
3.7799999999999634,14.063867999999928,-0.11008306443747126,23.493144185974266,-0.07239080484643834,-16.3420747728198
3.789999999999963,14.101073999999928,-0.11077268324134534,23.503516230733794,-0.072507446734766,-16.38633478557173
3.799999999999963,14.138279999999927,-0.11146565009456007,23.51389434642479,-0.07262290390766557,-16.430604884833762
3.8099999999999627,14.175485999999927,-0.11216197388203501,23.524278537067083,-0.07273716884319187,-16.474885117866283
3.8199999999999625,14.212691999999926,-0.11286166349500522,23.53466880672178,-0.07285023396984258,-16.519175532054366
3.8299999999999623,14.249897999999925,-0.11356472783170722,23.54506515949187,-0.07296209166528889,-16.56347617490548
3.839999999999962,14.287103999999925,-0.114271175798077,23.555467599522476,-0.07307273425520427,-16.607787094049208
3.849999999999962,14.324309999999924,-0.11498101630843703,23.565876131001005,-0.07318215401181138,-16.652108337234043
3.8599999999999617,14.361515999999924,-0.11569425828615638,23.576290758157818,-0.0732903431527242,-16.69643995232672
3.8699999999999615,14.398721999999923,-0.11641091066443912,23.58671148526644,-0.07339729383948529,-16.740781987309305
3.8799999999999613,14.435927999999922,-0.11713098238698699,23.5971383166438,-0.07350299817625844,-16.785134490278015
3.889999999999961,14.473133999999922,-0.11785448240877171,23.60757125665086,-0.07360744820833331,-16.829497509440092
3.899999999999961,14.510339999999921,-0.11858141969686954,23.61801030969285,-0.07371063592085797,-16.873871093112466
3.9099999999999606,14.54754599999992,-0.11931180323106245,23.628455480219543,-0.07381255323720809,-16.91825528971821
3.9199999999999604,14.58475199999992,-0.12004564200479803,23.638906772725925,-0.07391319201758006,-16.962650147784693
3.92999999999996,14.62195799999992,-0.1207829450258649,23.64936419175231,-0.07401254405751106,-17.007055715940275
3.93999999999996,14.659163999999919,-0.12152372131733861,23.659827741884904,-0.07411060108621947,-17.05147204291169
3.9499999999999598,14.696369999999918,-0.1222679799182374,23.670297427756104,-0.07420735476518536,-17.09589917752076
3.9599999999999596,14.733575999999918,-0.12301572988452407,23.680773254045064,-0.0743027966864021,-17.14033716868095
3.9699999999999593,14.770781999999917,-0.1237669802899052,23.691255225477914,-0.074396918370848,-17.184786065394565
3.979999999999959,14.807987999999916,-0.12452174022667882,23.701743346828344,-0.07448971126677256,-17.22924591674839
3.989999999999959,14.845193999999916,-0.12528001880667236,23.712237622917907,-0.07458116674796694,-17.27371677191026
3.9999999999999587,14.882399999999915,-0.1260418251621368,23.72273805861655,-0.07467127611215268,-17.318198680124866
4.009999999999959,14.919605999999915,-0.12680716844665668,23.733244658843013,-0.07476003057912745,-17.362691690709926
4.019999999999959,14.956811999999914,-0.12757605783607473,23.743757428565242,-0.07484742128898275,-17.40719585305139
4.0299999999999585,14.994017999999913,-0.1283485025294734,23.754276372800938,-0.07493343930035434,-17.451711216599136
4.039999999999958,15.031223999999913,-0.12912451175014017,23.764801496617817,-0.07501807558849255,-17.49623783086167
4.049999999999958,15.068429999999912,-0.12990409474656786,23.77533280513435,-0.07510132104346812,-17.540775745402087
4.059999999999958,15.105635999999912,-0.13068726079340998,23.78587030351995,-0.0751831664681808,-17.585325009831838
4.069999999999958,15.142841999999911,-0.13147401919255566,23.796413996995604,-0.07526360257644188,-17.62988567380552
4.079999999999957,15.18004799999991,-0.132264379274125,23.806963890834318,-0.07534261999104702,-17.67445778701551
4.089999999999957,15.21725399999991,-0.13305835039756686,23.817519990361582,-0.07542020924165993,-17.719041399185596
4.099999999999957,15.25445999999991,-0.13385594195269748,23.8280823009559,-0.07549636076290966,-17.7636365600647
4.109999999999957,15.291665999999909,-0.13465716336080763,23.838650828049147,-0.07557106489221088,-17.8082433194211
4.119999999999957,15.328871999999908,-0.1354620240757366,23.849225577127243,-0.07564431186768533,-17.852861727034405
4.129999999999956,15.366077999999908,-0.13627053358510438,23.859806553730607,-0.07571609182608074,-17.897491832689976
4.139999999999956,15.403283999999907,-0.137082701411325,23.870393763454487,-0.07578639480055749,-17.942133686170326
4.149999999999956,15.440489999999906,-0.13789853711284925,23.88098721194968,-0.07585521071848422,-17.986787337248764
4.159999999999956,15.477695999999906,-0.1387180502853303,23.89158690492304,-0.07592252939924082,-18.031452835679897
4.1699999999999555,15.514901999999905,-0.1395412505628455,23.902192848137783,-0.07598834055193648,-18.076130231192973
4.179999999999955,15.552107999999905,-0.14036814761909588,23.91280504741426,-0.07605263377316113,-18.120819573482667
4.189999999999955,15.589313999999904,-0.141198751168651,23.92342350863031,-0.07611539854457927,-18.16552091219971
4.199999999999955,15.626519999999903,-0.1420330709682316,23.93404823772198,-0.07617662423069793,-18.21023429694288
4.209999999999955,15.663725999999903,-0.1428711168179746,23.94467924068368,-0.0762363000763856,-18.254959777248093
4.2199999999999545,15.700931999999902,-0.14371289856278918,23.95531652356918,-0.07629441520453795,-18.299697402579756
4.229999999999954,15.738137999999902,-0.1445584260935727,23.96596009249185,-0.07635095861363106,-18.344447222319637
4.239999999999954,15.775343999999901,-0.14540770934867034,23.97660995362527,-0.07640591917522671,-18.38920928575656
4.249999999999954,15.8125499999999,-0.1462607583152406,23.987266113203805,-0.07645928563153076,-18.433983642075276
4.259999999999954,15.8497559999999,-0.14711758303054037,23.997928577523098,-0.07651104659284597,-18.478770340345193
4.269999999999953,15.8869619999999,-0.1479781935834592,24.00859735294066,-0.07656119053508775,-18.52356942950839
4.279999999999953,15.924167999999899,-0.14884260011590825,24.019272445876403,-0.07660970579714971,-18.568380958367378
4.289999999999953,15.961373999999898,-0.14971081282424145,24.029953862813176,-0.07665658057841829,-18.613204975572817
4.299999999999953,15.998579999999897,-0.15058284196084137,24.04064161029734,-0.07670180293610646,-18.658041529609882
4.3099999999999525,16.0357859999999,-0.15145869783552113,24.051335694939233,-0.07674536078266264,-18.702890668784722
4.319999999999952,16.0729919999999,-0.15233839081711503,24.062036123413883,-0.07678724188317704,-18.747752441211478
4.329999999999952,16.1101979999999,-0.1532219313350234,24.072742902461307,-0.07682743385262442,-18.792626894796218
4.339999999999952,16.147403999999902,-0.15410932988081294,24.083456038887366,-0.07686592415333993,-18.83751407722346
4.349999999999952,16.184609999999903,-0.15500059700977026,24.094175539564024,-0.07690270009220779,-18.882414035939817
4.3599999999999515,16.221815999999905,-0.15589574334258577,24.104901411430095,-0.07693774881813265,-18.927326818138777
4.369999999999951,16.259021999999906,-0.15679477956701549,24.115633661491565,-0.07697105731920251,-18.972252470743285
4.379999999999951,16.296227999999907,-0.15769771643952346,24.12637229682239,-0.07700261242009354,-19.01719104038979
4.389999999999951,16.333433999999908,-0.15860456478701862,24.137117324564844,-0.07703240077936813,-19.062142573410743
4.399999999999951,16.37063999999991,-0.15951533550860283,24.14786875193006,-0.07706040888672672,-19.1071071158156
4.40999999999995,16.40784599999991,-0.16043003957733223,24.158626586198633,-0.07708662306039005,-19.152084713273133
4.41999999999995,16.44505199999991,-0.1613486880420073,24.169390834721085,-0.07711102944437387,-19.19707541109212
4.42999999999995,16.482257999999913,-0.1622712920289815,24.18016150491828,-0.07713361400586205,-19.242079254201666
4.43999999999995,16.519463999999914,-0.16319786274407838,24.190938604282096,-0.07715436253251007,-19.28709628713034
4.4499999999999496,16.556669999999915,-0.16412841147434235,24.20172214037583,-0.07717326062987062,-19.332126553986235
4.459999999999949,16.593875999999916,-0.16506294959014237,24.2125121208346,-0.07719029371875824,-19.377170098434632
4.469999999999949,16.631081999999918,-0.16600148854692856,24.223308553365925,-0.07720544703265642,-19.422226963676643
4.479999999999949,16.66828799999992,-0.1669440398873002,24.234111445750095,-0.07721870561521715,-19.467297192425438
4.489999999999949,16.70549399999992,-0.16789061524300566,24.244920805840824,-0.07723005431771535,-19.512380826883998
4.4999999999999485,16.74269999999992,-0.16884122633696108,24.255736641565235,-0.07723947779663276,-19.557477908720728
4.509999999999948,16.779905999999922,-0.1697958849852964,24.266558960924847,-0.07724696051120478,-19.60258847904408
4.519999999999948,16.817111999999923,-0.17075460309951612,24.277387771995397,-0.07725248672111906,-19.647712578378332
4.529999999999948,16.854317999999925,-0.17171739268857425,24.288223082927658,-0.07725604048423079,-19.692850246636862
4.539999999999948,16.891523999999926,-0.17268426586104124,24.29906490194755,-0.07725760565424922,-19.73800152309576
4.549999999999947,16.928729999999927,-0.17365523482734974,24.309913237356636,-0.07725716587874043,-19.78316644636627
4.559999999999947,16.965935999999928,-0.1746303119019465,24.32076809753225,-0.07725470459699801,-19.82834505436707
4.569999999999947,17.00314199999993,-0.17560950950566737,24.33162949092801,-0.077250205038081,-19.873537384295233
4.579999999999947,17.04034799999993,-0.17659284016793275,24.342497426073802,-0.07724365021900731,-19.91874347259665
4.589999999999947,17.07755399999993,-0.17758031652913764,24.35337191157632,-0.07723502294297874,-19.96396335493664
4.599999999999946,17.114759999999933,-0.17857195134300782,24.364252956119095,-0.07722430579777328,-20.009197066168195
4.609999999999946,17.151965999999934,-0.17956775747898865,24.37514056846261,-0.07721148115427617,-20.054444640301114
4.619999999999946,17.189171999999935,-0.1805677479247359,24.38603475744462,-0.07719653116511993,-20.099706110469203
4.629999999999946,17.226377999999936,-0.18157193578855502,24.396935531980144,-0.07717943776348779,-20.144981508897754
4.6399999999999455,17.263583999999938,-0.1825803343018651,24.407842901061592,-0.07716018266216063,-20.190270866869874
4.649999999999945,17.30078999999994,-0.18359295682184584,24.418756873758653,-0.07713874735260579,-20.23557421469162
4.659999999999945,17.33799599999994,-0.18460981683395722,24.42967745921851,-0.07711511310437147,-20.280891581657343
4.669999999999945,17.37520199999994,-0.18563092795460284,24.44060466666554,-0.07708926096466584,-20.32622299601446
4.679999999999945,17.412407999999942,-0.18665630393367633,24.451538505401402,-0.07706117175810184,-20.371568484925668
4.689999999999944,17.449613999999944,-0.1876859586574146,24.46247898480475,-0.0770308260867606,-20.416928074433383
4.699999999999944,17.486819999999945,-0.18871990615098738,24.473426114331076,-0.07699820433045346,-20.46230178942083
4.709999999999944,17.524025999999946,-0.1897581605813092,24.484379903512444,-0.07696328664728169,-20.507689653574367
4.719999999999944,17.561231999999947,-0.19080073625989757,24.49534036195714,-0.0769260529744944,-20.553091689344342
4.729999999999944,17.59843799999995,-0.1918476476455733,24.506307499349276,-0.07688648302957996,-20.598507917905735
4.739999999999943,17.63564399999995,-0.19289890934739506,24.517281325448373,-0.07684455631177506,-20.643938359116973
4.749999999999943,17.67284999999995,-0.19395453612760366,24.528261850088896,-0.07680025210392138,-20.68938303148094
4.759999999999943,17.710055999999952,-0.1950145429044542,24.539249083179424,-0.07675354947462354,-20.73484195210219
4.769999999999943,17.747261999999953,-0.19607894475524457,24.5502430347023,-0.07670442728082005,-20.780315136646298
4.7799999999999425,17.784467999999954,-0.19714775691926548,24.56124371471261,-0.07665286417081629,-20.82580259929725
4.789999999999942,17.821673999999955,-0.19822099480088157,24.572251133337524,-0.07659883858766198,-20.87130435271516
4.799999999999942,17.858879999999957,-0.19929867397247072,24.583265300775295,-0.07654232877310257,-20.916820407992734
4.809999999999942,17.896085999999958,-0.20038081017762596,24.59428622729424,-0.07648331277196413,-20.96235077461316
4.819999999999942,17.93329199999996,-0.20146741933409504,24.605313923231765,-0.07642176843705722,-21.00789546040573
4.8299999999999415,17.97049799999996,-0.20255851753710052,24.616348398992912,-0.07635767343457,-21.05345447150289
4.839999999999941,18.00770399999996,-0.20365412106228503,24.62738966504923,-0.0762910052501875,-21.09902781229597
4.849999999999941,18.044909999999962,-0.20475424636895279,24.63843773193748,-0.07622174119563224,-21.14461548539121
4.859999999999941,18.082115999999964,-0.20585891010324,24.649492610257752,-0.07614985841600563,-21.190217491567097
4.869999999999941,18.119321999999965,-0.20696812910132223,24.660554310672104,-0.07607533389762217,-21.23583382972872
4.87999999999994,18.156527999999966,-0.208081920392506,24.67162284390272,-0.07599814447675013,-21.281464496866494
4.88999999999994,18.193733999999967,-0.2092003012024932,24.682698220729947,-0.0759182668489497,-21.327109488011224
4.89999999999994,18.23093999999997,-0.21032328895655852,24.693780451990353,-0.07583567757912307,-21.372768796191902
4.90999999999994,18.26814599999997,-0.21145090128274713,24.70486954857457,-0.07575035311262734,-21.418442412393638
4.9199999999999395,18.30535199999997,-0.21258315601500638,24.715965521424934,-0.0756622697869268,-21.46413032551522
4.929999999999939,18.342557999999972,-0.21372007119637443,24.72706838153296,-0.07557140384434691,-21.50983252232886
4.939999999999939,18.379763999999973,-0.2148616650821689,24.73817813993702,-0.07547773144570608,-21.55554898743959
4.949999999999939,18.416969999999974,-0.21600795614297702,24.749294807719266,-0.0753812286847757,-21.601279703246245
4.959999999999939,18.454175999999975,-0.21715896306787263,24.760418396002947,-0.07528187160399802,-21.647024649903855
4.9699999999999385,18.491381999999977,-0.2183147047673692,24.77154891594914,-0.07517963621098317,-21.69278380528645
4.979999999999938,18.528587999999978,-0.219475200376415,24.782686378753702,-0.0750744984963741,-21.738557144952356
4.989999999999938,18.56579399999998,-0.22064046925734696,24.793830795643657,-0.0749664344525317,-21.78434464211058
4.999999999999938,18.60299999999998,-0.22181053100275777,24.804982177873658,-0.07485542009369883,-21.830146267589136
5.009999999999938,18.603,-0.22281023053618748,24.808293719951642,-0.07467136286534487,-21.85990276930064
5.019999999999937,18.565794,-0.22324667113113444,24.801391159812127,-0.07440028339880661,-21.86197021561611
5.029999999999937,18.528588,-0.22307857140561876,24.791744901626053,-0.07413041422977745,-21.84588951970769
5.039999999999937,18.491381999999998,-0.22251811400368948,24.781384144323372,-0.07392070102723358,-21.819224788966427
5.049999999999937,18.454175999999997,-0.22169902847799305,24.77063750110159,-0.07378223672093942,-21.78569851945473
5.0599999999999365,18.416969999999996,-0.22073580274713978,24.759753631812192,-0.07370846267016445,-21.74774247551432
5.069999999999936,18.379763999999994,-0.2196815606986281,24.748766397147577,-0.07369097868517033,-21.706944356084072
5.079999999999936,18.342557999999993,-0.21857815953986331,24.737734384952063,-0.07371367334835316,-21.664272045557077
5.089999999999936,18.305351999999992,-0.21744567596187567,24.726666884911893,-0.07376713114080985,-21.6203929609362
5.099999999999936,18.26814599999999,-0.21629927203986113,24.7155835854431,-0.07384020281021003,-21.575715139739017
5.1099999999999355,18.23093999999999,-0.21514627175448592,24.704489315184162,-0.07392701786671729,-21.53052439473284
5.119999999999935,18.19373399999999,-0.2139919557888084,24.693391689980487,-0.07402161928333562,-21.484996477144676
5.129999999999935,18.156527999999987,-0.21283886760190007,24.682293272462545,-0.07412092960409106,-21.43925470717313
5.139999999999935,18.119321999999986,-0.211688760821408,24.671197166188904,-0.07422208758157295,-21.393375367799756
5.149999999999935,18.082115999999985,-0.21054246268698107,24.660104644628415,-0.07432361610537835,-21.347411821716936
5.159999999999934,18.044909999999984,-0.2094005159318571,24.64901699865743,-0.07442422442167518,-21.301397277992983
5.169999999999934,18.007703999999983,-0.20826316017159482,24.63793482829619,-0.07452324632265822,-21.255354846662154
5.179999999999934,17.97049799999998,-0.2071305401331216,24.626858673012833,-0.07462012892091169,-21.209298995765472
5.189999999999934,17.93329199999998,-0.20600270582972424,24.61578880337508,-0.07471459075942727,-21.16323973127377
5.199999999999934,17.89608599999998,-0.20487967876091728,24.604725442446103,-0.07480641043925662,-21.11718335267093
5.209999999999933,17.858879999999978,-0.2037614529773401,24.593668706209964,-0.07489548161376586,-21.071134188222477
5.219999999999933,17.821673999999977,-0.20264801547590292,24.58261868342837,-0.07498172741423187,-21.025094976564002
5.229999999999933,17.784467999999976,-0.20153934641997548,24.57157541952418,-0.07506511883207634,-20.97906758692873
5.239999999999933,17.747261999999974,-0.20043542510236245,24.560538946073095,-0.07514564058149514,-20.933053206748344
5.2499999999999325,17.710055999999973,-0.19933622977461563,24.54950927692738,-0.07522329694730939,-20.887052640734026
5.259999999999932,17.672849999999972,-0.19824173923089572,24.538486419330795,-0.07529809831193784,-20.84106640090616
5.269999999999932,17.63564399999997,-0.19715193258433011,24.52747037324769,-0.07537006288796688,-20.79509483089612
5.279999999999932,17.59843799999997,-0.19606678960507495,24.51646113562338,-0.07543921144198651,-20.749138148263174
5.289999999999932,17.56123199999997,-0.19498629055314765,24.50545870042466,-0.07550556774809469,-20.703196496209298
5.299999999999931,17.524025999999967,-0.1939104162032447,24.49446306029542,-0.07556915653278412,-20.657269963125593
5.309999999999931,17.486819999999966,-0.19283914774169802,24.483474206683756,-0.07563000356260635,-20.611358604136374
5.319999999999931,17.449613999999965,-0.1917724667342457,24.472492130492665,-0.07568813484602793,-20.565462450002666
5.329999999999931,17.412407999999964,-0.19071035506811085,24.461516822171625,-0.07574357663166298,-20.519581516116812
5.339999999999931,17.375201999999963,-0.1896527949221703,24.450548271974643,-0.07579635509826099,-20.473715806519817
5.34999999999993,17.33799599999996,-0.18859976873578868,24.439586470012383,-0.07584649633928953,-20.4278653176738
5.35999999999993,17.30078999999996,-0.18755125918920565,24.428631406355215,-0.07589402624187486,-20.38203004026943
5.36999999999993,17.26358399999996,-0.18650724918666634,24.41768307106017,-0.07593897047466625,-20.336209960825766
5.37999999999993,17.226377999999958,-0.18546772184450858,24.406741454212582,-0.07598135444015952,-20.29040506251049
5.3899999999999295,17.189171999999957,-0.1844326604813779,24.395806545939163,-0.07602120326731626,-20.24461532583621
5.399999999999929,17.151965999999955,-0.18340204861069112,24.384878336425164,-0.07605854179264238,-20.198840729044388
5.409999999999929,17.114759999999954,-0.18237586993439142,24.373956815920625,-0.07609339455630387,-20.15308124842495
5.419999999999929,17.077553999999953,-0.1813541083375908,24.363041974747436,-0.07612578579480095,-20.107336858509726
5.429999999999929,17.040347999999952,-0.1803367478839865,24.352133803302436,-0.07615573943935239,-20.061607532233936
5.4399999999999284,17.00314199999995,-0.17932377281166445,24.341232292060422,-0.0761832791133743,-20.015893241047035
5.449999999999928,16.96593599999995,-0.17831516752917248,24.330337431575543,-0.0762084281324325,-19.970193955006888
5.459999999999928,16.92872999999995,-0.17731091661194498,24.31944921248253,-0.07623120950390944,-19.92450964285396
5.469999999999928,16.891523999999947,-0.17631100479874828,24.30856762549749,-0.07625164592796452,-19.87884027207692
5.479999999999928,16.854317999999946,-0.17531541698835218,24.297692661418374,-0.07626975979851675,-19.83318580897011
5.489999999999927,16.817111999999945,-0.17432413823618717,24.286824311125205,-0.07628557320475926,-19.787546218685446
5.499999999999927,16.779905999999944,-0.1733371537511676,24.27596256558035,-0.07629910793305705,-19.74192146528193
5.509999999999927,16.742699999999942,-0.17235444889252063,24.265107415828396,-0.07631038546897317,-19.696311511771025
5.519999999999927,16.70549399999994,-0.17137600916663098,24.25425885299626,-0.07631942699963562,-19.65071632016096
5.5299999999999265,16.66828799999994,-0.17040182022406525,24.243416868292954,-0.0763262534163075,-19.605135851498815
5.539999999999926,16.63108199999994,-0.1694318678564514,24.232581453009615,-0.07633088531713633,-19.559570065910894
5.549999999999926,16.593875999999938,-0.16846613799357665,24.22175259851899,-0.0763333430100695,-19.514018922642457
5.559999999999926,16.556669999999936,-0.1675046167004003,24.210930296275446,-0.07633364651592078,-19.4684823800952
5.569999999999926,16.519463999999935,-0.16654729017419306,24.200114537814486,-0.07633181557160135,-19.42296039586475
5.5799999999999255,16.482257999999934,-0.1655941447416107,24.189305314752566,-0.07632786963340543,-19.37745292677592
5.589999999999925,16.445051999999933,-0.1646451668559663,24.178502618786556,-0.07632182788054676,-19.331959928918153
5.599999999999925,16.40784599999993,-0.16370034309439924,24.16770644169356,-0.07631370921861469,-19.286481357678873
5.609999999999925,16.37063999999993,-0.16275966015513266,24.15691677533025,-0.07630353228320191,-19.241017167775905
5.619999999999925,16.33343399999993,-0.16182310485482554,24.14613361163265,-0.07629131544364076,-19.19556731329019
5.629999999999924,16.296227999999928,-0.1608906641258331,24.135356942615466,-0.07627707680675444,-19.150131747695706
5.639999999999924,16.259021999999927,-0.15996232501368096,24.124586760371773,-0.07626083422064261,-19.10471042389009
5.649999999999924,16.221815999999926,-0.1590380746744106,24.113823057072402,-0.07624260527857335,-19.059303294223096
5.659999999999924,16.184609999999925,-0.15811790037211285,24.103065824965455,-0.07622240732285351,-19.013910310524995
5.6699999999999235,16.147403999999923,-0.15720178947635072,24.092315056375696,-0.07620025744876802,-18.968531424133836
5.679999999999923,16.110197999999922,-0.15628972945983077,24.081570743704184,-0.07617617250850472,-18.923166585921464
5.689999999999923,16.07299199999992,-0.15538170789579164,24.070832879427478,-0.0761501691151969,-18.87781574632
5.699999999999923,16.03578599999992,-0.15447771245581113,24.060101456097165,-0.07612226364676572,-18.83247885534505
5.709999999999923,15.99857999999992,-0.15357773090734866,24.049376466339343,-0.07609247225001198,-18.78715586262126
5.7199999999999225,15.961373999999921,-0.15268175111151916,24.038657902853927,-0.0760608108445125,-18.741846717404343
5.729999999999922,15.924167999999922,-0.15178976102075944,24.02794575841404,-0.07602729512665007,-18.696551368603902
5.739999999999922,15.886961999999922,-0.15090174867665132,24.01724002586553,-0.07599194057350661,-18.651269764805317
5.749999999999922,15.849755999999923,-0.1500177022076741,24.006540698126187,-0.0759547624468887,-18.60600185428991
5.759999999999922,15.812549999999924,-0.14913760982713237,23.99584776818524,-0.0759157757971542,-18.560747585056134
5.769999999999921,15.775343999999924,-0.14826145983100616,23.985161229102744,-0.07587499546715676,-18.51550690483817
5.779999999999921,15.738137999999925,-0.14738924059581465,23.974481074008818,-0.07583243609618545,-18.470279761125916
5.789999999999921,15.700931999999925,-0.14652094057665704,23.963807296103177,-0.07578811212368852,-18.42506610118176
5.799999999999921,15.663725999999926,-0.14565654830515085,23.953139888654455,-0.07574203779316985,-18.379865872059618
5.809999999999921,15.626519999999926,-0.14479605238743265,23.942478844999435,-0.07569422715597107,-18.334679020620264
5.81999999999992,15.589313999999927,-0.1439394415023142,23.931824158542707,-0.07564469407496072,-18.28950549354969
5.82999999999992,15.552107999999928,-0.14308670439923318,23.92117582275571,-0.075593452228296,-18.24434523737297
5.83999999999992,15.514901999999928,-0.14223782989652003,23.91053383117632,-0.07554051511309945,-18.19919819847072
5.84999999999992,15.477695999999929,-0.1413928068794419,23.89989817740824,-0.07548589604901923,-18.154064323093152
5.8599999999999195,15.44048999999993,-0.1405516242984713,23.88926885512016,-0.07542960818187672,-18.108943557374403
5.869999999999919,15.40328399999993,-0.13971427116745014,23.87864585804531,-0.07537166448715926,-18.06383584734539
5.879999999999919,15.36607799999993,-0.13888073656187522,23.868029179980837,-0.07531207777358218,-18.018741138948606
5.889999999999919,15.328871999999931,-0.1380510096171667,23.857418814787092,-0.07525086068644754,-17.973659378048655
5.899999999999919,15.291665999999932,-0.1372250795269906,23.846814756387076,-0.07518802571113348,-17.928590510445755
5.909999999999918,15.254459999999932,-0.13640293554160862,23.836216998765767,-0.07512358517635825,-17.883534481886713
5.919999999999918,15.217253999999933,-0.13558456696623777,23.825625535969674,-0.07505755125756958,-17.838491238076436
5.929999999999918,15.180047999999934,-0.13476996315940432,23.815040362106036,-0.07498993598013942,-17.7934607246882
5.939999999999918,15.142841999999934,-0.13395911353150255,23.804461471342286,-0.07492075122260855,-17.748442887374843
5.949999999999918,15.105635999999935,-0.13315200754311793,23.793888857905507,-0.07485000871982894,-17.70343767177761
5.959999999999917,15.068429999999935,-0.13234863470357122,23.783322516081803,-0.07477772006605621,-17.65844502353629
5.969999999999917,15.031223999999936,-0.13154898456946845,23.772762440215757,-0.07470389671804983,-17.6134648882984
5.979999999999917,14.994017999999937,-0.13075304674317711,23.762208624709725,-0.07462854999799395,-17.568497211727358
5.989999999999917,14.956811999999937,-0.12996081087140912,23.75166106402347,-0.0745516910965745,-17.523541939511574
5.9999999999999165,14.919605999999938,-0.12917226664382253,23.741119752673356,-0.07447333107579385,-17.47859901737179
6.009999999999916,14.882399999999938,-0.12838740379163266,23.730584685232014,-0.07439348087183667,-17.433668391069386
6.019999999999916,14.845193999999939,-0.12760621208628514,23.720055856327548,-0.07431215129792906,-17.3887500064131
6.029999999999916,14.80798799999994,-0.12682868133806266,23.709533260643326,-0.07422935304703637,-17.343843809266613
6.039999999999916,14.77078199999994,-0.12605480139485742,23.69901689291695,-0.07414509669457514,-17.298949745554985
6.0499999999999154,14.73357599999994,-0.12528456214079092,23.68850674794028,-0.07405939270115058,-17.254067761271173
6.059999999999915,14.696369999999941,-0.12451795349502935,23.678002820558373,-0.07397225141504454,-17.209197802481658
6.069999999999915,14.659163999999942,-0.12375496541054039,23.667505105669306,-0.0738836830748546,-17.16433981533331
6.079999999999915,14.621957999999943,-0.1229955878728255,23.65701359822362,-0.07379369781202255,-17.119493746058172
6.089999999999915,14.584751999999943,-0.1222398108988073,23.64652829322359,-0.07370230565318203,-17.074659540978775
6.099999999999914,14.547545999999944,-0.12148762453557291,23.63604918572306,-0.07360951652276337,-17.029837146513618
6.109999999999914,14.510339999999944,-0.12073901885930768,23.625576270826556,-0.07351534024517442,-16.98502650918133
6.119999999999914,14.473133999999945,-0.1199939839741,23.615109543689158,-0.07341978654729292,-16.94022757560639
6.129999999999914,14.435927999999945,-0.11925251001090953,23.604648999515746,-0.07332286506057617,-16.895440292521833
6.1399999999999135,14.398721999999946,-0.1185145871264317,23.594194633560672,-0.07322458532347542,-16.85066460677489
6.149999999999913,14.361515999999947,-0.11778020550203429,23.583746441127264,-0.07312495678347741,-16.805900465329934
6.159999999999913,14.324309999999947,-0.11704935534273223,23.573304417567314,-0.07302398879931637,-16.76114781527273
6.169999999999913,14.287103999999948,-0.1163220268762079,23.562868558280602,-0.07292169064308757,-16.716406603813127
6.179999999999913,14.249897999999948,-0.1155982103516674,23.552438858714613,-0.0728180715022605,-16.67167677828933
6.1899999999999125,14.212691999999949,-0.11487789603906261,23.542015314363873,-0.07271314048179123,-16.62695828617078
6.199999999999912,14.17548599999995,-0.11416107422794038,23.531597920769567,-0.07260690660591418,-16.58225107506035
6.209999999999912,14.13827999999995,-0.1134477352265888,23.52118667351932,-0.07249937882032081,-16.537555092697808
6.219999999999912,14.10107399999995,-0.11273786936114374,23.510781568246404,-0.07239056599384525,-16.49287028696242
6.229999999999912,14.063867999999951,-0.11203146697458329,23.500382600629642,-0.07228047692043738,-16.448196605874877
6.239999999999911,14.026661999999952,-0.11132851842588895,23.48998976639286,-0.07216912032091477,-16.40353399760001
6.249999999999911,13.989455999999953,-0.11062901408915468,23.479603061304402,-0.07205650484481485,-16.358882410448736
6.259999999999911,13.952249999999953,-0.10993294435282899,23.46922248117696,-0.07194263907201415,-16.31424179287993
6.269999999999911,13.915043999999954,-0.10924029961870893,23.458848021866952,-0.07182753151455595,-16.269612093502484
6.2799999999999105,13.877837999999954,-0.10855107030125655,23.448479679274236,-0.07171119061825748,-16.224993261076673
6.28999999999991,13.840631999999955,-0.10786524682669427,23.43811744934178,-0.07159362476434178,-16.18038524451639
6.29999999999991,13.803425999999956,-0.10718281963234164,23.427761328055198,-0.07147484227101325,-16.135787992889416
6.30999999999991,13.766219999999956,-0.10650377916568116,23.417411311442425,-0.07135485139505077,-16.091201455420144
6.31999999999991,13.729013999999957,-0.10582811588376537,23.407067395573357,-0.07123366033330686,-16.04662558148931
6.3299999999999095,13.691807999999957,-0.1051558202523723,23.396729576559487,-0.07111127722423033,-16.00206032063668
6.339999999999909,13.654601999999958,-0.10448688274530854,23.3863978505536,-0.07098771014928013,-15.957505622560495
6.349999999999909,13.617395999999959,-0.10382129384370695,23.376072213749374,-0.07086296713436901,-15.912961437119263
6.359999999999909,13.58018999999996,-0.10315904403534146,23.365752662381063,-0.07073705615127879,-15.868427714332435
6.369999999999909,13.54298399999996,-0.1025001238139146,23.355439192723217,-0.07060998511901917,-15.823904404381079
6.379999999999908,13.50577799999996,-0.10184452367845676,23.34513180109023,-0.0704817619050781,-15.779391457607588
6.389999999999908,13.468571999999961,-0.10119223413260409,23.33483048383622,-0.07035239432687906,-15.734888824518132
6.399999999999908,13.431365999999962,-0.1005432456839718,23.324535237354546,-0.07022189015287644,-15.69039645578098
6.409999999999908,13.394159999999962,-0.09989754884362834,23.31424605807755,-0.0700902571039787,-15.64591430222799
6.419999999999908,13.356953999999963,-0.09925513412537759,23.303962942476343,-0.06995750285460278,-15.601442314854955
6.429999999999907,13.319747999999963,-0.09861599204517466,23.29368588706035,-0.06982363503393851,-15.556980444820887
6.439999999999907,13.282541999999964,-0.09798011312065213,23.28341488837726,-0.06968866122710499,-15.512528643449116
6.449999999999907,13.245335999999964,-0.09734748787038516,23.27314994301239,-0.0695525889762964,-15.468086862226734
6.459999999999907,13.208129999999965,-0.09671810681353249,23.26289104758885,-0.0694154257818228,-15.423655052804854
6.4699999999999065,13.170923999999966,-0.09609196046911422,23.252638198766828,-0.06927717910329206,-15.379233166998407
6.479999999999906,13.133717999999966,-0.09546903935561138,23.24239139324371,-0.06913785636053255,-15.334821156785575
6.489999999999906,13.096511999999967,-0.09484933399037973,23.232150627753533,-0.06899746493479675,-15.290418974308983
6.499999999999906,13.059305999999967,-0.0942328348891632,23.221915899066868,-0.06885601216959553,-15.24602657187338
6.509999999999906,13.022099999999968,-0.09361953256565514,23.21168720399062,-0.06871350537178467,-15.201643901947213
6.519999999999905,12.984893999999969,-0.09300941753092865,23.2014645393676,-0.06856995181249553,-15.15727091716107
6.529999999999905,12.94768799999997,-0.09240248029304457,23.191247902076494,-0.06842535872807842,-15.112907570307815
6.539999999999905,12.91048199999997,-0.09179871135659831,23.18103728903144,-0.06827973332098991,-15.068553814342017
6.549999999999905,12.87327599999997,-0.09119810122217625,23.170832697181986,-0.06813308276073549,-15.024209602379376
6.559999999999905,12.836069999999971,-0.09060064038604912,23.160634123512708,-0.06798541418467763,-14.979874887696127
6.569999999999904,12.798863999999972,-0.0900063193396789,23.150441565043057,-0.06783673469894064,-14.935549623728717
6.579999999999904,12.761657999999972,-0.08941512856936104,23.14025501882718,-0.06768705137923603,-14.891233764073158
6.589999999999904,12.724451999999973,-0.08882705855575301,23.130074481953677,-0.06753637127162704,-14.846927262483907
6.599999999999904,12.687245999999973,-0.08824209977354844,23.11989995154535,-0.0673847013933555,-14.80263007287377
6.6099999999999035,12.650039999999974,-0.0876602426910712,23.109731424759044,-0.06723204873360972,-14.75834214931301
6.619999999999903,12.612833999999975,-0.08708147776993436,23.09956889878555,-0.0670784202542713,-14.714063446028407
6.629999999999903,12.575627999999975,-0.08650579546463688,23.08941237084921,-0.06692382289065324,-14.669793917402576
6.639999999999903,12.538421999999976,-0.08593318622228341,23.079261838207874,-0.06676826355219345,-14.625533517973382
6.649999999999903,12.501215999999976,-0.08536364048218642,23.06911729815277,-0.06661174912320972,-14.581282202432865
6.659999999999902,12.464009999999977,-0.08479714867556903,23.05897874800813,-0.06645428646348417,-14.537039925626287
6.669999999999902,12.426803999999978,-0.08423370122524132,23.04884618513124,-0.06629588240904044,-14.492806642551923
6.679999999999902,12.389597999999978,-0.0836732885453007,23.03871960691204,-0.06613654377270001,-14.448582308359022
6.689999999999902,12.352391999999979,-0.08311590104085204,23.02859901077326,-0.06597627734475875,-14.404366878348155
6.699999999999902,12.31518599999998,-0.0825615291076538,23.018484394169914,-0.06581508989359952,-14.36016030796959
6.709999999999901,12.27797999999998,-0.08201016313191464,23.008375754589398,-0.06565298816628895,-14.3159625528221
6.719999999999901,12.24077399999998,-0.08146179348998342,22.998273089551304,-0.06548997888913272,-14.27177356865278
6.729999999999901,12.203567999999981,-0.08091641054808854,22.988176396607187,-0.06532606876832225,-14.227593311355434
6.739999999999901,12.166361999999982,-0.080374004662111,22.97808567334046,-0.06516126449035842,-14.183421736969844
6.7499999999999005,12.129155999999982,-0.07983456617730855,22.96800091736627,-0.06499557272276207,-14.13925880168088
6.7599999999999,12.091949999999983,-0.07929808542808575,22.9579221263314,-0.06482900011446846,-14.095104461817279
6.7699999999999,12.054743999999983,-0.07876455273780703,22.94784929791399,-0.06466155329640799,-14.050958673850491
6.7799999999999,12.017537999999984,-0.07823395841850414,22.93778242982366,-0.06449323888194258,-14.006821394394086
6.7899999999999,11.980331999999985,-0.0777062927707643,22.927721519801153,-0.0643240634674882,-13.962692580202594
6.7999999999998995,11.943125999999985,-0.07718154608342645,22.91766656561829,-0.0641540336328223,-13.918572188170295
6.809999999999899,11.905919999999986,-0.07665970863343252,22.907617565077924,-0.06398315594164566,-13.874460175329983
6.819999999999899,11.868713999999986,-0.07614077068566913,22.897574516013766,-0.06381143694205227,-13.830356498852474
6.829999999999899,11.831507999999987,-0.07562472249275559,22.88753741629029,-0.06363888316690458,-13.78626111604534
6.839999999999899,11.794301999999988,-0.07511155429486874,22.87750626380266,-0.06346550113428762,-13.742173984351348
6.849999999999898,11.757095999999988,-0.0746012563195729,22.867481056476507,-0.06329129734795358,-13.698095061348239
6.859999999999898,11.719889999999989,-0.0740938187816754,22.857461792267987,-0.06311627829766991,-13.654024304747217
6.869999999999898,11.68268399999999,-0.07358923188314331,22.847448469163616,-0.06294045045968694,-13.60996167239168
6.879999999999898,11.64547799999999,-0.07308748581279537,22.837441085180245,-0.06276382029706179,-13.565907122256526
6.8899999999998975,11.60827199999999,-0.07258857074635006,22.827439638364787,-0.06258639426006979,-13.52186061244703
6.899999999999897,11.571065999999991,-0.07209247684614634,22.81744412679442,-0.06240817878657856,-13.477822101197702
6.909999999999897,11.533859999999992,-0.07159919426115044,22.807454548576136,-0.062229180302337206,-13.43379154687108
6.919999999999897,11.496653999999992,-0.07110871312673397,22.79747090184716,-0.06204940522140151,-13.389768907957162
6.929999999999897,11.459447999999993,-0.07062102356463698,22.787493184774362,-0.061868859946445476,-13.345754143071728
6.9399999999998965,11.422241999999994,-0.07013611568279782,22.77752139555454,-0.061687550869058694,-13.301747210955638
6.949999999999896,11.385035999999994,-0.06965397957535374,22.767555532414207,-0.0615054843701191,-13.257748070474076
6.959999999999896,11.347829999999995,-0.06917460532242858,22.757595593609576,-0.06132266682005122,-13.213756680614857
6.969999999999896,11.310623999999995,-0.06869798299016971,22.747641577426418,-0.061139104579171266,-13.1697730004877
6.979999999999896,11.273417999999996,-0.06822410263055848,22.737693482180163,-0.06095480399793507,-13.125796989323382
6.989999999999895,11.236211999999997,-0.06775295428143965,22.727751306215666,-0.060769771417306995,-13.081828606472563
6.999999999999895,11.199005999999997,-0.06728452796638873,22.717815047907287,-0.06058401316893447,-13.037867811404684
7.009999999999895,11.161799999999998,-0.06681881369465376,22.70788470565873,-0.060397535575489325,-12.993914563706962
7.019999999999895,11.124593999999998,-0.06635580146113929,22.6979602779032,-0.06021034495088906,-12.949968823083513
7.0299999999998946,11.087387999999999,-0.06589548124629219,22.688041763103065,-0.060022447600622086,-12.906030549354627
7.039999999999894,11.050182,-0.06543784301615604,22.678129159750057,-0.059833849821924245,-12.862099702455065
7.049999999999894,11.012976,-0.06498287672221331,22.6682224663652,-0.059644557904037165,-12.818176242433603
7.059999999999894,10.97577,-0.06453057230145798,22.658321681498588,-0.05945457812848237,-12.774260129452056
7.069999999999894,10.938564000000001,-0.06408091967627849,22.648426803729663,-0.059263916769241476,-12.730351323784102
7.0799999999998935,10.901358000000002,-0.06363390875448427,22.63853783166687,-0.05907258009303579,-12.68644978581453
7.089999999999893,10.864152000000002,-0.06318952942929182,22.628654763947853,-0.05888057435948013,-12.64255547603826
7.099999999999893,10.826946000000003,-0.06274777157926825,22.618777599239365,-0.05868790582132988,-12.598668355059282
7.109999999999893,10.789740000000004,-0.06230862506836218,22.608906336237236,-0.05849458072470698,-12.554788383590045
7.119999999999893,10.752534000000004,-0.061872079745849407,22.599040973666348,-0.05830060530923714,-12.510915522450121
7.129999999999892,10.715328000000005,-0.06143812544642713,22.58918151028065,-0.05810598580833398,-12.467049732565776
7.139999999999892,10.678122000000005,-0.061006751990075186,22.579327944863117,-0.05791072844929873,-12.423190974968717
7.149999999999892,10.640916000000006,-0.060577949182199,22.569480276225715,-0.05771483945354111,-12.37933921079564
7.159999999999892,10.603710000000007,-0.06015170681355586,22.559638503209527,-0.057518325036784446,-12.335494401286546
7.169999999999892,10.566504000000007,-0.05972801466031563,22.549802624684514,-0.05732119140920344,-12.291656507785182
7.179999999999891,10.529298000000008,-0.059306862484043515,22.53997263954979,-0.05712344477559905,-12.247825491736997
7.189999999999891,10.492092000000008,-0.05888824003174306,22.530148546733415,-0.056925091335569666,-12.204001314689028
7.199999999999891,10.454886000000009,-0.058472137035916555,22.520330345192434,-0.05672613728369236,-12.160183938288801
7.209999999999891,10.41768000000001,-0.05805854321452597,22.51051803391294,-0.056526588809630074,-12.11637332428391
7.2199999999998905,10.38047400000001,-0.05764744827107801,22.50071161191007,-0.05632645209830445,-12.072569434520387
7.22999999999989,10.34326800000001,-0.05723884189466233,22.490911078227988,-0.056125733330081085,-12.028772230943115
7.23999999999989,10.306062000000011,-0.05683271375996013,22.48111643193982,-0.05592443868086239,-11.984981675594305
7.24999999999989,10.268856000000012,-0.05642905352732849,22.471327672147922,-0.05572257432222638,-11.941197730612712
7.25999999999989,10.231650000000013,-0.05602785084281611,22.4615447979836,-0.05552014642161762,-11.897420358233404
7.269999999999889,10.194444000000013,-0.055629095338244866,22.451767808607244,-0.05531716114241586,-11.853649520786867
7.279999999999889,10.157238000000014,-0.055232776631237074,22.44199670320843,-0.05511362464408098,-11.809885180697657
7.289999999999889,10.120032000000014,-0.05483888432529674,22.432231481005864,-0.05490954308230228,-11.76612730048508
7.299999999999889,10.082826000000015,-0.05444740800985268,22.42247214124732,-0.05470492260912618,-11.722375842761283
7.309999999999889,10.045620000000016,-0.05405833726031961,22.412718683209842,-0.054499769373006546,-11.67863077023127
7.319999999999888,10.008414000000016,-0.053671661638199475,22.402971106199686,-0.05429408951899045,-11.634892045691874
7.329999999999888,9.971208000000017,-0.05328737069111583,22.39322940955236,-0.05408788918879953,-11.591159632031655
7.339999999999888,9.934002000000017,-0.052905453952878906,22.383493592632625,-0.05388117452096203,-11.54743349222969
7.349999999999888,9.896796000000018,-0.05252590094361495,22.373763654834576,-0.05367395165087002,-11.50371358935553
7.3599999999998875,9.859590000000019,-0.0521487011697683,22.36403959558165,-0.05346622671092932,-11.459999886568204
7.369999999999887,9.822384000000019,-0.05177384412424507,22.354321414326666,-0.053258005830665034,-11.416292347115867
7.379999999999887,9.78517800000002,-0.051401319286463854,22.344609110551893,-0.053049295136749774,-11.372590934335465
7.389999999999887,9.74797200000002,-0.0510311161224207,22.334902683769084,-0.05284010075318951,-11.328895611651694
7.399999999999887,9.71076600000002,-0.05066322408485016,22.325202133519532,-0.05263042880136337,-11.285206342576863
7.4099999999998865,9.673560000000021,-0.050297632613206494,22.315507459373976,-0.05242028540013588,-11.241523090710484
7.419999999999886,9.636354000000022,-0.04993433113384632,22.305818660932935,-0.05220967666591181,-11.19784581973821
7.429999999999886,9.599148000000023,-0.049573309060084725,22.29613573782649,-0.05199860871278289,-11.15417449343256
7.439999999999886,9.561942000000023,-0.049214555792266884,22.286458689714486,-0.05178708765252288,-11.110509075650933
7.449999999999886,9.524736000000024,-0.04885806071791618,22.276787516286493,-0.05157511959478012,-11.066849530336455
7.459999999999885,9.487530000000024,-0.04850381321177952,22.267122217262017,-0.05136271064706699,-11.023195821516891
7.469999999999885,9.450324000000025,-0.04815180263597815,22.257462792390292,-0.05114986691486478,-10.9795479133045
7.479999999999885,9.413118000000026,-0.04780201834005915,22.247809241450625,-0.050936594501731935,-10.935905769895381
7.489999999999885,9.375912000000026,-0.04745444966112303,22.23816156425228,-0.05072289950935022,-10.892269355569706
7.4999999999998845,9.338706000000027,-0.047109085923917215,22.22851976063458,-0.050508788037581076,-10.848638634690483
7.509999999999884,9.301500000000027,-0.046765916440982935,22.218883830467032,-0.05029426618455335,-10.805013571704405
7.519999999999884,9.264294000000028,-0.04642493051268498,22.209253773649298,-0.050079340046781884,-10.761394131140289
7.529999999999884,9.227088000000029,-0.046086117427402096,22.19962959011135,-0.04986401571914123,-10.717780277609691
7.539999999999884,9.18988200000003,-0.04574946646157155,22.190011279813454,-0.04964829929500264,-10.674171975805985
7.5499999999998835,9.15267600000003,-0.045414966879823965,22.180398842746328,-0.04943219686627376,-10.630569190504678
7.559999999999883,9.11547000000003,-0.045082607935088226,22.170792278931167,-0.049215714523480336,-10.586971886562942
7.569999999999883,9.078264000000031,-0.04475237886874586,22.16119158841971,-0.04899885835579726,-10.543380028919076
7.579999999999883,9.041058000000032,-0.04442426891066942,22.15159677129432,-0.04878163445114869,-10.49979358259277
7.589999999999883,9.003852000000032,-0.044098267279393005,22.142007827668117,-0.04856404889623511,-10.456212512684571
7.599999999999882,8.966646000000033,-0.0437743631822026,22.13242475768499,-0.04834610777661413,-10.412636784375842
7.609999999999882,8.929440000000033,-0.04345254581524896,22.122847561519748,-0.048127817176753684,-10.369066362928814
7.619999999999882,8.892234000000034,-0.04313280436369288,22.113276239378067,-0.047909183180097514,-10.32550121368593
7.629999999999882,8.855028000000035,-0.04281512800178214,22.10371079149673,-0.04769021186909367,-10.281941302070173
7.6399999999998816,8.817822000000035,-0.042499505892982736,22.09415121814369,-0.047470909325277866,-10.238386593584645
7.649999999999881,8.780616000000036,-0.042185927190119266,22.084597519617983,-0.04725128162933673,-10.19483705381289
7.659999999999881,8.743410000000036,-0.04187438103544536,22.075049696250122,-0.047031334861097784,-10.151292648418146
7.669999999999881,8.706204000000037,-0.041564856560800084,22.065507748401863,-0.04681107509969318,-10.107753343144104
7.679999999999881,8.668998000000038,-0.04125734288771826,22.055971676466548,-0.04659050842349227,-10.064219103814004
7.6899999999998805,8.631792000000038,-0.040951829127525624,22.046441480869063,-0.04636964091026047,-10.020689896331508
7.69999999999988,8.594586000000039,-0.04064830438148037,22.036917162065986,-0.04614847863711885,-9.977165686680008
7.70999999999988,8.55738000000004,-0.040346757740899825,22.027398720545627,-0.04592702768066331,-9.93364644092273
7.71999999999988,8.52017400000004,-0.04004717828725465,22.017886156828258,-0.04570529411696078,-9.890132125203111
7.72999999999988,8.48296800000004,-0.039749555092277594,22.008379471466014,-0.045483284021671566,-9.846622705744535
7.739999999999879,8.445762000000041,-0.03945387721812307,21.99887866504321,-0.04526100347001083,-9.803118148850656
7.749999999999879,8.408556000000042,-0.03916013371743779,21.989383738176222,-0.0450384585368393,-9.759618420904978
7.759999999999879,8.371350000000042,-0.03886831363351234,21.979894691513827,-0.044815655296761625,-9.716123488371561
7.769999999999879,8.334144000000043,-0.03857840600039897,21.970411525737063,-0.044592599824066714,-9.672633317794626
7.779999999999879,8.296938000000043,-0.03829039984296406,21.960934241559517,-0.04436929819285229,-9.62914787579919
7.789999999999878,8.259732000000044,-0.038004284177096226,21.95146283972743,-0.04414575647706914,-9.58566712909047
7.799999999999878,8.222526000000045,-0.037720048009761475,21.941997321019684,-0.04392198075054532,-9.542191044455182
7.809999999999878,8.185320000000045,-0.03743768033913639,21.932537686247922,-0.04369797708703166,-9.498719588760311
7.819999999999878,8.148114000000046,-0.037157170154715674,21.923083936256873,-0.04347375156026689,-9.455252728954639
7.8299999999998775,8.110908000000046,-0.036878506437425074,21.91363607192415,-0.04324931024398865,-9.411790432067964
7.839999999999877,8.073702000000047,-0.036601678159716544,21.904194094160655,-0.043024659212061334,-9.368332665212051
7.849999999999877,8.036496000000048,-0.036326674285728694,21.894758003910486,-0.042799804538391606,-9.324879395580233
7.859999999999877,7.999290000000047,-0.03605348377135295,21.88532780215115,-0.04257475229712254,-9.281430590448489
7.869999999999877,7.962084000000047,-0.0357820955643362,21.875903489893663,-0.04234950856255726,-9.237986217174745
7.879999999999876,7.924878000000047,-0.035512498604444304,21.866485068182673,-0.04212407940925411,-9.19454624320006
7.889999999999876,7.887672000000046,-0.035244681823471485,21.857072538096624,-0.041898470912109465,-9.15111063604843
7.899999999999876,7.850466000000046,-0.03497863414545835,21.847665900747756,-0.04167268914633315,-9.107679363327264
7.909999999999876,7.813260000000046,-0.03471434448670482,21.83826515728239,-0.041446740187526476,-9.06425239272767
7.919999999999876,7.7760540000000455,-0.03445180175593085,21.828870308880916,-0.041220630111772405,-9.020829692025318
7.929999999999875,7.738848000000045,-0.03419099485435356,21.819481356758004,-0.04099436499557174,-8.97741122907996
7.939999999999875,7.701642000000045,-0.03393191267573639,21.810098302162675,-0.040767950915998385,-8.933996971836452
7.949999999999875,7.664436000000045,-0.033674544106609444,21.800721146378514,-0.04054139395070272,-8.890586888325066
7.959999999999875,7.627230000000044,-0.033418878026258564,21.791349890723705,-0.04031470017795791,-8.847180946662036
7.9699999999998745,7.590024000000044,-0.03316490330684699,21.781984536551228,-0.040087875676667384,-8.803779115049483
7.979999999999874,7.552818000000044,-0.03291260881353261,21.772625085248922,-0.03986092652650908,-8.760381361776888
7.989999999999874,7.5156120000000435,-0.03266198340453322,21.763271538239728,-0.0396338588078729,-8.716987655220334
7.999999999999874,7.478406000000043,-0.0324130159312053,21.753923896981775,-0.039406678601990985,-8.673597963844397
8.009999999999874,7.441200000000043,-0.032165695238173614,21.744582162968396,-0.03917939199094522,-8.630212256201288
8.019999999999873,7.403994000000043,-0.03192001016338061,21.735246337728523,-0.03895200505770008,-8.586830500932539
8.029999999999873,7.366788000000042,-0.03167594953817188,21.72591642282656,-0.038724523886195905,-8.543452666768946
8.039999999999873,7.329582000000042,-0.03143350218738422,21.71659241986272,-0.03849695456135949,-8.500078722531349
8.049999999999873,7.292376000000042,-0.031192656929424356,21.70727433047309,-0.038269303169161495,-8.456708637131284
8.059999999999873,7.255170000000041,-0.030953402576337302,21.697962156329734,-0.03804157579667039,-8.413342379571468
8.069999999999872,7.217964000000041,-0.030715727933883497,21.688655899140894,-0.03781377853210044,-8.369979918946457
8.079999999999872,7.180758000000041,-0.030479621801615675,21.679355560651132,-0.03758591746485107,-8.32662122444351
8.089999999999872,7.1435520000000405,-0.03024507297293294,21.670061142641494,-0.03735799868556122,-8.283266265343089
8.099999999999872,7.10634600000004,-0.030012070235144683,21.660772646929612,-0.03713002828614875,-8.239915011019342
8.109999999999872,7.06914000000004,-0.029780602369553738,21.651490075369853,-0.03690201235990759,-8.196567430941515
8.119999999999871,7.03193400000004,-0.029550658151511283,21.642213429853562,-0.036673957001478574,-8.153223494673792
8.129999999999871,6.994728000000039,-0.029322226350443403,21.632942712309074,-0.036445868306957785,-8.109883171876731
8.139999999999871,6.957522000000039,-0.0290952957299479,21.623677924701965,-0.03621775237390856,-8.066546432307508
8.14999999999987,6.920316000000039,-0.02886985504780734,21.614419069035225,-0.03598961530147432,-8.023213245821518
8.15999999999987,6.8831100000000385,-0.02864589305606874,21.605166147349323,-0.03576146319035245,-7.979883582371989
8.16999999999987,6.845904000000038,-0.028423398501069674,21.595919161722435,-0.03553330214289391,-7.936557412012101
8.17999999999987,6.808698000000038,-0.028202360123474962,21.586678114270555,-0.03530513826314069,-7.893234704894579
8.18999999999987,6.771492000000038,-0.027982766658331465,21.57744300714775,-0.0350769776568729,-7.849915431273394
8.19999999999987,6.734286000000037,-0.02776460683510862,21.56821384254622,-0.034848826431668034,-7.806599561504731
8.20999999999987,6.697080000000037,-0.027547869377681056,21.558990622696506,-0.034620690696959666,-7.76328706604723
8.21999999999987,6.659874000000037,-0.027332543004419646,21.549773349867614,-0.03439257656407879,-7.719977915463266
8.229999999999869,6.622668000000036,-0.027118616428178338,21.540562026367297,-0.034164490146310456,-7.676672080419918
8.239999999999869,6.585462000000036,-0.026906078356315866,21.53135665454198,-0.03393643755891257,-7.633369531689855
8.249999999999869,6.548256000000036,-0.026694917490719422,21.522157236777343,-0.0337084249192619,-7.590070240152401
8.259999999999868,6.5110500000000355,-0.026485122527829058,21.512963775497994,-0.033480458346811515,-7.5467741767944645
8.269999999999868,6.473844000000035,-0.02627668215862483,21.503776273167993,-0.03325254396319233,-7.503481312711355
8.279999999999868,6.436638000000035,-0.026069585068614537,21.494594732290974,-0.033024687892244,-7.460191619108084
8.289999999999868,6.399432000000035,-0.025863819937919225,21.485419155410113,-0.03279689626010557,-7.416905067300668
8.299999999999867,6.362226000000034,-0.025659375441137416,21.47624954510862,-0.03256917519524072,-7.373621628716294
8.309999999999867,6.325020000000034,-0.02545624024746812,21.467085904009636,-0.03234153082847885,-7.330341274895343
8.319999999999867,6.287814000000034,-0.025254403020586458,21.45792823477655,-0.0321139692931211,-7.287063977492173
8.329999999999867,6.2506080000000335,-0.025053852418710554,21.44877654011318,-0.03188649672494753,-7.243789708276012
8.339999999999867,6.213402000000033,-0.024854577094536257,21.43963082276392,-0.031659119262304414,-7.200518439132496
8.349999999999866,6.176196000000033,-0.024656565695217125,21.430491085513896,-0.03143184304612451,-7.157250142064481
8.359999999999866,6.138990000000033,-0.024459806862337063,21.421357331189284,-0.03120467422003781,-7.113984789193635
8.369999999999866,6.101784000000032,-0.02426428923186169,21.412229562657316,-0.03097761893036516,-7.0707223527610585
8.379999999999866,6.064578000000032,-0.024070001434143895,21.403107782826602,-0.030750683326234984,-7.027462805129313
8.389999999999866,6.027372000000032,-0.023876932093782,21.39399199464722,-0.030523873559580583,-6.984206118782914
8.399999999999865,5.990166000000031,-0.02368506982967461,21.384882201110994,-0.030297195785249753,-6.940952266330065
8.409999999999865,5.952960000000031,-0.023494403254893603,21.375778405251637,-0.03007065616103821,-6.897701220503682
8.419999999999865,5.915754000000031,-0.023304920976631865,21.366680610145032,-0.029844260847733395,-6.854452954162907
8.429999999999865,5.8785480000000305,-0.023116611596177256,21.357588818909242,-0.029618016009196946,-6.811207440294257
8.439999999999864,5.84134200000003,-0.02292946370875229,21.34850303470488,-0.02939192781240596,-6.767964652013289
8.449999999999864,5.80413600000003,-0.02274346590354498,21.33942326073528,-0.029166002427518878,-6.724724562565477
8.459999999999864,5.76693000000003,-0.022558606763527278,21.330349500246555,-0.02894024602791928,-6.681487145328002
8.469999999999864,5.729724000000029,-0.02237487486541412,21.321281756528055,-0.028714664790309874,-6.638252373811041
8.479999999999864,5.692518000000029,-0.0221922587795588,21.312220032912336,-0.02848926489470105,-6.595020221659181
8.489999999999863,5.655312000000029,-0.022010747069826336,21.30316433277551,-0.028264052524540006,-6.551790662652985
8.499999999999863,5.6181060000000285,-0.021830328293506063,21.29411465953736,-0.028039033866741725,-6.508563670710314
8.509999999999863,5.580900000000028,-0.021650991001188502,21.285071016661597,-0.027814215111709728,-6.465339219887708
8.519999999999863,5.543694000000028,-0.021472723736626703,21.276033407656133,-0.027589602453460094,-6.422117284382345
8.529999999999863,5.506488000000028,-0.02129551503663918,21.267001836073128,-0.02736520208962767,-6.378897838533285
8.539999999999862,5.469282000000027,-0.02111935343093771,21.257976305509395,-0.027141020221548684,-6.335680856822866
8.549999999999862,5.432076000000027,-0.020944227441997254,21.248956819606477,-0.0269170630542776,-6.29246631387876
8.559999999999862,5.394870000000027,-0.02077012558489666,21.23994338205091,-0.026693336796702438,-6.249254184475068
8.569999999999862,5.357664000000026,-0.020597036367164506,21.23093599657453,-0.026469847661568402,-6.206044443534322
8.579999999999862,5.320458000000026,-0.020424948288614075,21.22193466695452,-0.026246601865531072,-6.162837066129094
8.589999999999861,5.283252000000026,-0.020253849841181587,21.212939397013848,-0.026023605629205582,-6.1196320274833775
8.599999999999861,5.2460460000000255,-0.02008372950871412,21.20395019062126,-0.025800865177246834,-6.076429302974455
8.60999999999986,5.208840000000025,-0.019914575766780657,21.19496705169171,-0.025578386738396464,-6.033228868134776
8.61999999999986,5.171634000000025,-0.0197463770825112,21.185989984186524,-0.025356176545506703,-5.990030698653661
8.62999999999986,5.134428000000025,-0.019579121914351155,21.17701899211356,-0.025134240835635424,-5.94683477037858
8.63999999999986,5.097222000000024,-0.019412798711850004,21.16805407952757,-0.024912585850063007,-5.903641059317835
8.64999999999986,5.060016000000024,-0.019247395915473253,21.159095250530378,-0.02469121783438577,-5.860449541641247
8.65999999999986,5.022810000000024,-0.019082901956327364,21.15014250927112,-0.02447014303853423,-5.817260193683057
8.66999999999986,4.9856040000000235,-0.018919305255933883,21.141195859946436,-0.024249367716825898,-5.77407299194316
8.67999999999986,4.948398000000023,-0.018756594225973866,21.132255306800815,-0.024028898128056253,-5.730887913089237
8.68999999999986,4.911192000000023,-0.018594757268038553,21.123320854126824,-0.023808740535461448,-5.687704933958118
8.699999999999859,4.873986000000023,-0.018433782773333574,21.114392506265364,-0.02358890120688195,-5.6445240315586815
8.709999999999859,4.836780000000022,-0.018273659122458763,21.10547026760578,-0.02336938641471148,-5.6013451830731
8.719999999999859,4.799574000000022,-0.018114374685033074,21.0965541425863,-0.023150202435997358,-5.558168365858721
8.729999999999858,4.762368000000022,-0.017955917819478473,21.087644135694262,-0.022931355552475163,-5.514993557450613
8.739999999999858,4.725162000000021,-0.01779827687262589,21.0787402514663,-0.022712852050610022,-5.471820735563025
8.749999999999858,4.687956000000021,-0.017641440179474305,21.069842494488718,-0.022494698221644682,-5.428649878091881
8.759999999999858,4.650750000000021,-0.0174853960628005,21.060950869397566,-0.02227690036163671,-5.385480963116779
8.769999999999857,4.6135440000000205,-0.01733013283285928,21.052065380879196,-0.02205946477150117,-5.342313968902527
8.779999999999857,4.57633800000002,-0.017175638786989966,21.043186033670242,-0.021842397757066256,-5.299148873901997
8.789999999999857,4.53913200000002,-0.01702190220927552,21.034312832558115,-0.021625705629080172,-5.255985656757978
8.799999999999857,4.50192600000002,-0.016868911370163137,21.025445782381258,-0.021409394703297335,-5.212824296305277
8.809999999999857,4.464720000000019,-0.016716654526056307,21.01658488802922,-0.02119347130046445,-5.169664771572892
8.819999999999856,4.427514000000019,-0.016565119918970334,21.00773015444325,-0.020977941746378514,-5.126507061786234
8.829999999999856,4.390308000000019,-0.01641429577600681,20.998881586616356,-0.020762812371927175,-5.083351146369751
8.839999999999856,4.3531020000000185,-0.016264170309052334,20.990039189593727,-0.020548089513120704,-5.0401970049486104
8.849999999999856,4.315896000000018,-0.01611473171425734,20.981202968472957,-0.02033377951109594,-4.997044617351319
8.859999999999856,4.278690000000018,-0.015965968171608808,20.972372928404422,-0.020119888712168466,-4.953893963612031
8.869999999999855,4.241484000000018,-0.015817867844457684,20.963549074591477,-0.019906423467861534,-4.910745023972832
8.879999999999855,4.204278000000017,-0.015670418879049325,20.954731412290926,-0.01969339013490362,-4.867597778886174
8.889999999999855,4.167072000000017,-0.015523609404003824,20.945919946813177,-0.01948079507528644,-4.824452209016983
8.899999999999855,4.129866000000017,-0.015377427529848164,20.93711468352257,-0.019268644656269318,-4.781308295245809
8.909999999999854,4.092660000000016,-0.015231861348433712,20.92831562783789,-0.019056945250389867,-4.738166018670373
8.919999999999854,4.055454000000016,-0.015086898932449022,20.919522785232516,-0.01884570323546564,-4.695025360608807
8.929999999999854,4.018248000000016,-0.014942528334827121,20.910736161234716,-0.018634924994654745,-4.651886302601516
8.939999999999854,3.981042000000016,-0.014798737588200994,20.901955761428187,-0.018424616916439873,-4.608748826414136
8.949999999999854,3.943836000000016,-0.01465551470429799,20.89318159145218,-0.01821478539461857,-4.565612914040193
8.959999999999853,3.9066300000000163,-0.014512847673336354,20.88441365700193,-0.018005436828332277,-4.522478547703224
8.969999999999853,3.8694240000000164,-0.014370724463419637,20.87565196382917,-0.017796577622069487,-4.479345709859655
8.979999999999853,3.8322180000000166,-0.014229133019870971,20.866896517742127,-0.017588214185658424,-4.436214383201672
8.989999999999853,3.7950120000000167,-0.014088061264609736,20.85814732460624,-0.017380352934265098,-4.393084550659493
8.999999999999853,3.757806000000017,-0.013947497095433053,20.849404390344315,-0.017173000288379092,-4.34995619540423
9.009999999999852,3.720600000000017,-0.01380742838535931,20.840667720936963,-0.016966162673825613,-4.3068293008505725
9.019999999999852,3.683394000000017,-0.01366784298192178,20.831937322423,-0.016759846521734012,-4.263703850659829
9.029999999999852,3.6461880000000173,-0.013528728706376364,20.82321320089984,-0.016554058268544836,-4.220579828742256
9.039999999999852,3.6089820000000175,-0.013390073353023613,20.814495362523765,-0.016348804355941715,-4.1774572192601935
9.049999999999851,3.5717760000000176,-0.0132518646883866,20.805783813510473,-0.016144091230896607,-4.134336006630863
9.059999999999851,3.5345700000000178,-0.013114090450425747,20.79707856013541,-0.015939925345577866,-4.091216175528928
9.069999999999851,3.497364000000018,-0.01297673834774904,20.788379608734218,-0.015736313157385995,-4.048097710890198
9.07999999999985,3.460158000000018,-0.012839796058735004,20.779686965703075,-0.015533261128837461,-4.004980597913359
9.08999999999985,3.422952000000018,-0.012703251230708756,20.771000637499192,-0.015330775727620316,-3.961864822064217
9.09999999999985,3.3857460000000184,-0.012567091479030207,20.762320630641288,-0.015128863426462635,-3.9187503690776047
9.10999999999985,3.3485400000000185,-0.012431304386196024,20.753646951709904,-0.014927530703147007,-3.875637224961169
9.11999999999985,3.3113340000000187,-0.012295877500933389,20.74497960734787,-0.014726784040439478,-3.8325253759979607
9.12999999999985,3.274128000000019,-0.01216079833721137,20.736318604260916,-0.014526629926016832,-3.7894148087499175
9.13999999999985,3.236922000000019,-0.012026054373264289,20.727663949217956,-0.014327074852422683,-3.7463055100603384
9.14999999999985,3.199716000000019,-0.011891633050597067,20.71901564905162,-0.014128125317013629,-3.70319746705787
9.15999999999985,3.1625100000000193,-0.011757521772948032,20.710373710658786,-0.013929787821868989,-3.6600906671590976
9.169999999999849,3.1253040000000194,-0.011623707905229097,20.701738141001023,-0.013732068873701597,-3.616985098071791
9.179999999999849,3.0880980000000195,-0.011490178772416981,20.693108947105078,-0.01353497498379519,-3.5738807477985
9.189999999999849,3.0508920000000197,-0.011356921658480124,20.684486136063462,-0.01333851266794428,-3.5307776046394252
9.199999999999848,3.01368600000002,-0.011223923805152553,20.675869715034818,-0.013142688446295736,-3.4876756571958607
9.209999999999848,2.97648000000002,-0.011091172410848699,20.66725969124461,-0.012947508843310584,-3.4445748943738232
9.219999999999848,2.93927400000002,-0.010958654629387388,20.658656071985682,-0.012752980387614188,-3.401475305386923
9.229999999999848,2.9020680000000203,-0.010826357568778366,20.650058864618597,-0.012559109611920416,-3.358376879760084
9.239999999999847,2.8648620000000204,-0.010694268289944436,20.64146807657243,-0.012365903052894589,-3.315279607332959
9.249999999999847,2.8276560000000206,-0.010562373805405173,20.632883715345198,-0.012173367251032685,-3.27218347826312
9.259999999999847,2.7904500000000207,-0.010430661077942022,20.624305788504575,-0.011981508750537717,-3.229088483030222
9.269999999999847,2.753244000000021,-0.010299117019223508,20.615734303688306,-0.011790334099162247,-3.1859946124386505
9.279999999999847,2.716038000000021,-0.01016772848838357,20.607169268605084,-0.01159984984809631,-3.1429018576219483
9.289999999999846,2.678832000000021,-0.010036482290576798,20.598610691034935,-0.011410062551784006,-3.0998102100457268
9.299999999999846,2.6416260000000213,-0.009905365175490954,20.590058578829986,-0.011220978767777778,-3.0567196615117957
9.309999999999846,2.6044200000000215,-0.009774363835804573,20.581512939915072,-0.011032605056569444,-3.01363020416137
9.319999999999846,2.5672140000000216,-0.009643464905621624,20.57297378228853,-0.010844947981434094,-2.970541830479551
9.329999999999846,2.530008000000022,-0.009512654958895111,20.56444111402266,-0.01065801410819095,-2.9274545332982154
9.339999999999845,2.492802000000022,-0.009381920507704311,20.555914943264586,-0.01047181000509223,-2.8843683058002143
9.349999999999845,2.455596000000022,-0.009251248000612694,20.547395278237033,-0.010286342242570301,-2.841283141523292
9.359999999999845,2.4183900000000222,-0.009120623820922602,20.53888212723887,-0.01010161739301807,-2.798199034363737
9.369999999999845,2.3811840000000224,-0.008990034284840687,20.530375498646084,-0.009917642030622342,-2.7551159785803705
9.379999999999844,2.3439780000000225,-0.008859465639699193,20.521875400912307,-0.009734422731099368,-2.71203396879829
9.389999999999844,2.3067720000000227,-0.00872890406203311,20.513381842569874,-0.009551966071469464,-2.6689530000132913
9.399999999999844,2.269566000000023,-0.008598335655632505,20.5048948322305,-0.009370278629816486,-2.625873067595462
9.409999999999844,2.232360000000023,-0.008467746449618285,20.496414378586035,-0.009189366985024539,-2.5827941672932293
9.419999999999844,2.195154000000023,-0.008337122396313262,20.487940490409507,-0.009009237716520735,-2.53971629523776
9.429999999999843,2.1579480000000233,-0.008206449369204588,20.479473176555878,-0.008829897404010856,-2.496639447946937
9.439999999999843,2.1207420000000234,-0.008075713160780623,20.471012445962984,-0.008651352627156328,-2.4535636223293347
9.449999999999843,2.0835360000000236,-0.007944899480286816,20.46255830765238,-0.008473609965319207,-2.4104888156886957
9.459999999999843,2.0463300000000237,-0.00781399395149901,20.454110770730406,-0.008296675997234382,-2.367415025727959
9.469999999999843,2.009124000000024,-0.00768298211037316,20.445669844389187,-0.00812055730072131,-2.324342250553975
9.479999999999842,1.9719180000000238,-0.0075518494026333705,20.437235537907448,-0.00794526045228533,-2.281270488681142
9.489999999999842,1.9347120000000237,-0.0074205811812868006,20.428807860651723,-0.0077707920268696995,-2.2381997390365655
9.499999999999842,1.8975060000000237,-0.007289162704198049,20.42038682207735,-0.007597158597418996,-2.1951300009636148
9.509999999999842,1.8603000000000236,-0.007157579131344516,20.41197243172947,-0.007424366734581578,-2.1520612742274103
9.519999999999841,1.8230940000000235,-0.007025815522254952,20.403564699244363,-0.007252423006287367,-2.10899355901836
9.529999999999841,1.7858880000000235,-0.006893856833221967,20.395163634350425,-0.007081333977383586,-2.0659268559574393
9.539999999999841,1.7486820000000234,-0.006761687914464132,20.38676924686935,-0.0069111062092105935,-2.0228611661003
9.54999999999984,1.7114760000000233,-0.0066292935072532755,20.378381546717478,-0.006741746259217363,-1.9797964909421804
9.55999999999984,1.6742700000000232,-0.006496658240923547,20.37000054390685,-0.0065732606805276594,-1.9367328324226911
9.56999999999984,1.6370640000000232,-0.006363766629809087,20.361626248546763,-0.006405656021444384,-1.8936701929302282
9.57999999999984,1.599858000000023,-0.006230603070089602,20.35325867084485,-0.006238938825082918,-1.850608575307056
9.58999999999984,1.562652000000023,-0.0060971518365212085,20.34489782110862,-0.006073115628839221,-1.8075479828540804
9.59999999999984,1.525446000000023,-0.0059633970791651,20.336543709746756,-0.005908192963926084,-1.7644884193357375
9.60999999999984,1.4882400000000229,-0.005829322819907834,20.328196347270644,-0.00574417735487015,-1.7214298889848756
9.61999999999984,1.4510340000000228,-0.005694912948957853,20.319855744295886,-0.00558107531900498,-1.6783723965080424
9.62999999999984,1.4138280000000227,-0.005560151221222498,20.311521911543757,-0.005418893365942312,-1.6353159470900562
9.639999999999839,1.3766220000000227,-0.005425021252546514,20.303194859842915,-0.005257637997039655,-1.5922605463997712
9.649999999999839,1.3394160000000226,-0.005289506515912257,20.294874600130953,-0.005097315704814809,-1.5492062005945926
9.659999999999838,1.3022100000000225,-0.005153590337470537,20.28656114345616,-0.004937932972414127,-1.5061529163263148
9.669999999999838,1.2650040000000224,-0.005017255892462047,20.278254500979322,-0.004779496272973693,-1.463100700746036
9.679999999999838,1.2277980000000224,-0.004880486201079615,20.26995468397529,-0.004622012069050774,-1.420049561509571
9.689999999999838,1.1905920000000223,-0.0047432641240857665,20.26166170383519,-0.0044654868119960445,-1.3769995067832028
9.699999999999838,1.1533860000000222,-0.004605572358446164,20.253375572068197,-0.00430992694131227,-1.3339505452486449
9.709999999999837,1.1161800000000222,-0.004467393432724065,20.245096300303455,-0.0041553388840011585,-1.2909026861090926
9.719999999999837,1.078974000000022,-0.0043287097023938514,20.23682390029225,-0.004001729053872249,-1.2478559390946224
9.729999999999837,1.041768000000022,-0.0041895033449758645,20.22855838391017,-0.0038491038509039788,-1.20481031446808
9.739999999999837,1.004562000000022,-0.004049756355080092,20.220299763159172,-0.0036974696604812896,-1.161765823030543
9.749999999999837,0.967356000000022,-0.003909450539217485,20.212048050170058,-0.003546832852726556,-1.1187224761277044
9.759999999999836,0.930150000000022,-0.0037685675105625926,20.203803257204612,-0.0033971997817093813,-1.0756802856550944
9.769999999999836,0.892944000000022,-0.0036270886834319227,20.195565396658278,-0.003248576784736723,-1.0326392640649673
9.779999999999836,0.8557380000000221,-0.003484995267704294,20.1873344810625,-0.003100970181519558,-0.9895994243715532
9.789999999999836,0.8185320000000221,-0.003342268262975956,20.179110523087516,-0.002954386273462728,-0.9465607801579167
9.799999999999836,0.7813260000000222,-0.0031988884526246153,20.170893535544806,-0.002808831342776985,-0.9035233455823195
9.809999999999835,0.7441200000000222,-0.003054836397603955,20.162683531390286,-0.0026643116516729126,-0.8604871353836536
9.819999999999835,0.7069140000000222,-0.0029100924301119213,20.154480523726786,-0.002520833441543746,-0.8174521648892108
9.829999999999835,0.6697080000000223,-0.0027646366469889494,20.146284525807474,-0.0023784029320663147,-0.7744184500204105
9.839999999999835,0.6325020000000223,-0.002618448903001558,20.138095551038656,-0.0022370263203246865,-0.7313860072998104
9.849999999999834,0.5952960000000224,-0.00247150880379271,20.129913612983238,-0.0020967097799275414,-0.6883548538578306
9.859999999999834,0.5580900000000224,-0.002323795698725817,20.121738725363958,-0.0019574594600553774,-0.64532500743969
9.869999999999834,0.5208840000000224,-0.002175288673409659,20.113570902066904,-0.001819281484544133,-0.6022964864127949
9.879999999999834,0.4836780000000224,-0.002025966542021751,20.1054101571452,-0.0016821819509523772,-0.5592693097732622
9.889999999999834,0.4464720000000224,-0.0018758078393660838,20.097256504822656,-0.001546166929527415,-0.5162434971538573
9.899999999999833,0.4092660000000224,-0.001724790812695276,20.08910995949769,-0.0014112424622695352,-0.473219068830943
9.909999999999833,0.3720600000000224,-0.0015728934132334116,20.080970535747454,-0.001277414561898671,-0.43019604573251796
9.919999999999833,0.33485400000002236,-0.0014200932873958405,20.072838248331898,-0.00114468921081462,-0.38717444944579366
9.929999999999833,0.29764800000002234,-0.0012663677678180218,20.064713112198298,-0.0010130723600936808,-0.34415430222472676
9.939999999999833,0.2604420000000223,-0.001111693863937946,20.056595142485584,-0.0008825699283884769,-0.30113562699873264
9.949999999999832,0.2232360000000223,-0.000956048252385211,20.04848435452921,-0.0007531878008439352,-0.25811844738043693
9.959999999999832,0.1860300000000223,-0.0007994072669637031,20.04038076386603,-0.0006249318280605598,-0.21510278767431468
9.969999999999832,0.14882400000002227,-0.0006417468883381794,20.032284386239255,-0.0004978078248965567,-0.17208867288480767
9.979999999999832,0.11161800000002227,-0.0004830427333303855,20.024195237603937,-0.0003718215694137328,-0.1290761287263233
9.989999999999831,0.07441200000002227,-0.0003232700438628999,20.01611333413226,-0.00024697880171437037,-0.08606518163072946
9.999999999999831,0.03720600000002226,-0.00016240367551412227,20.008038692219458,-0.00012328522275900644,-0.0430558587576485
10.009999999999831,2.225997164373439e-14,-4.1808568040924143e-07,19.99997132848965,-7.464932139655822e-07,-4.818800356872019e-05
0.0,0,1.6653345369377348e-16,20.0,-2.7755575615628914e-16,0.0
0.01,0.037206,-0.00011044256436759659,20.003582529196144,-0.0001244287455959281,-0.022939888056240244
0.02,0.074412,-0.00024172601731065058,20.007303260436828,-0.0002707518321282132,-0.0478024000311589
0.03,0.11161800000000001,-0.00036574765656122166,20.010972762539648,-0.0004096132818612319,-0.0718653836758788
0.04,0.148824,-0.0004870877001002527,20.01463911989527,-0.0005456490147549009,-0.09578603362742502
0.05,0.18603000000000003,-0.0006086389842246409,20.018308894140496,-0.0006819824660975748,-0.11972959096695053
0.060000000000000005,0.22323600000000005,-0.0007304850521962503,20.02198135922608,-0.0008186943713842099,-0.14368375852261792
0.07,0.26044200000000006,-0.0008524251511509706,20.02565629044607,-0.0009555510912706566,-0.16764054822567998
0.08,0.2976480000000001,-0.0009744289178419963,20.029333688282914,-0.0010925082302112865,-0.19159964772294313
0.09,0.3348540000000001,-0.0010965123980374858,20.033013556923986,-0.001229572238805876,-0.21556132462604743
0.09999999999999999,0.3720600000000001,-0.0012186857528997952,20.03669589392903,-0.0013667427685564726,-0.23952558082264774
0.10999999999999999,0.40926600000000013,-0.0013409548035671626,20.04038069618146,-0.0015040147295016237,-0.2634923618390456
0.11999999999999998,0.44647200000000015,-0.0014633251397142,20.044067960760785,-0.0016413828425131949,-0.28746161835370815
0.12999999999999998,0.48367800000000016,-0.0015858026120247892,20.047757684814115,-0.001778842145935433,-0.31143330455671914
0.13999999999999999,0.5208840000000001,-0.0017083931020004939,20.051449865513522,-0.0019163877366598636,-0.3354073749542081
0.15,0.5580900000000001,-0.0018311024521657226,20.055144500056166,-0.0020540146953907934,-0.3593837839684668
0.16,0.595296,-0.0019539364731317455,20.058841585666087,-0.0021917180948441417,-0.38336248605003853
0.17,0.632502,-0.002076900950244931,20.062541119593273,-0.0023294930064698405,-0.40734343572260473
0.18000000000000002,0.669708,-0.0022000016444995163,20.066243099113862,-0.0024673345008923153,-0.43132658758277936
0.19000000000000003,0.7069139999999999,-0.0023232442926261476,20.069947521529198,-0.0026052376477268546,-0.45531189630025454
0.20000000000000004,0.7441199999999999,-0.0024466346075306955,20.07365438416599,-0.002743197515432394,-0.47929931661627684
0.21000000000000005,0.7813259999999999,-0.0025701782786208827,20.07736368437555,-0.002881209171694099,-0.5032888033468073
0.22000000000000006,0.8185319999999998,-0.0026938809724547097,20.081075419533622,-0.0030192676833110665,-0.527280311381483
0.23000000000000007,0.8557379999999998,-0.00281774833308035,20.084789587040028,-0.0031573681165131817,-0.5512737956867669
0.24000000000000007,0.8929439999999997,-0.0029417859824146797,20.088506184318284,-0.0032955055369116026,-0.5752692113056979
0.25000000000000006,0.9301499999999997,-0.0030659995207710233,20.092225208815318,-0.0034336750097387903,-0.5992665133585661
0.26000000000000006,0.9673559999999997,-0.0031903945271924417,20.09594665800113,-0.003571871599880261,-0.6232656570450742
0.2700000000000001,1.0045619999999997,-0.003314976559883831,20.099670529368332,-0.003710090372019803,-0.6472665976443367
0.2800000000000001,1.0417679999999998,-0.003439751156611326,20.10339682043214,-0.003848326390697099,-0.6712692905161709
0.2900000000000001,1.0789739999999999,-0.003564723835011274,20.10712552872966,-0.0039865747204899105,-0.6952736911019807
0.3000000000000001,1.11618,-0.0036899000931064907,20.110856651819947,-0.00412483042604761,-0.7192797549261775
0.3100000000000001,1.153386,-0.003815285409510427,20.114590187283547,-0.0042630885722521605,-0.7432874375957725
0.3200000000000001,1.190592,-0.003940885243900405,20.11832613272206,-0.004401344224254533,-0.7672966948030638
0.3300000000000001,1.2277980000000002,-0.004066705037302054,20.12206448575816,-0.0045395924476036575,-0.7913074823246536
0.34000000000000014,1.2650040000000002,-0.004192750212511698,20.125805244034936,-0.004677828308354504,-0.8153197560244062
0.35000000000000014,1.3022100000000003,-0.004319026174295304,20.12954840521601,-0.004816046873143354,-0.8393334718522593
0.36000000000000015,1.3394160000000004,-0.004445538309816366,20.13329396698488,-0.0049542432092396504,-0.8633485858464095
0.37000000000000016,1.3766220000000005,-0.0045722919889771285,20.137041927044965,-0.005092412384708589,-0.8873650541342063
0.38000000000000017,1.4138280000000005,-0.00469929256462609,20.140792283119062,-0.00523054946847662,-0.9113828329317758
0.3900000000000002,1.4510340000000006,-0.004826545372938418,20.144545032949296,-0.005368649530378911,-0.9354018785463064
0.4000000000000002,1.4882400000000007,-0.004954055733678686,20.148300174296722,-0.0055067076412817495,-0.9594221473758636
0.4100000000000002,1.5254460000000007,-0.00508182895055298,20.152057704941154,-0.005644718873174248,-0.9834435959106028
0.4200000000000002,1.5626520000000008,-0.005209870311369547,20.15581762268083,-0.005782678299178834,-1.0074661807335832
0.4300000000000002,1.599858000000001,-0.0053381850884530735,20.159579925332224,-0.0059205809937258325,-1.031489858521502
0.4400000000000002,1.637064000000001,-0.005466778538829653,20.16334461072979,-0.006058422032529209,-1.0555145860451158
0.45000000000000023,1.674270000000001,-0.005595655904514052,20.167111676725675,-0.006196196492761152,-1.0795403201709635
0.46000000000000024,1.711476000000001,-0.005724822412759012,20.1708811211896,-0.006333899453046632,-1.1035670178607173
0.47000000000000025,1.7486820000000012,-0.005854283276364058,20.174652942008453,-0.006471525993574867,-1.1275946361735223
0.48000000000000026,1.7858880000000013,-0.0059840436938033426,20.178427137086256,-0.006609071196228666,-1.1516231322651078
0.49000000000000027,1.8230940000000013,-0.006114108849596012,20.182203704343706,-0.006746530144464358,-1.175652463389502
0.5000000000000002,1.8603000000000014,-0.00624448391447302,20.18598264171812,-0.006883897923613103,-1.1996825868998677
0.5100000000000002,1.8975060000000015,-0.006375174045610055,20.189763947163247,-0.007021169620744561,-1.223713460248447
0.5200000000000002,1.9347120000000015,-0.006506184386865066,20.19354761864891,-0.007158340324894208,-1.2477450409881339
0.5300000000000002,1.9719180000000016,-0.006637520069003255,20.19733365416083,-0.007295405127010712,-1.2717772867717776
0.5400000000000003,2.0091240000000017,-0.006769186209884315,20.20112205170048,-0.007432359120096099,-1.2958101553547496
0.5500000000000003,2.0463300000000015,-0.0069011879146765875,20.20491280928493,-0.007569197399146077,-1.3198436045939694
0.5600000000000003,2.0835360000000014,-0.0070335302760987095,20.208705924946408,-0.007705915061390289,-1.3438775924492001
0.5700000000000003,2.1207420000000012,-0.00716621837462772,20.21250139673232,-0.007842507206202443,-1.367912076983875
0.5800000000000003,2.157948000000001,-0.0072992572785608445,20.21629922270495,-0.007978968935182074,-1.3919470163651548
0.5900000000000003,2.195154000000001,-0.0074326520443964705,20.220099400941358,-0.008115295352280005,-1.4159823688652282
0.6000000000000003,2.232360000000001,-0.007566407716888934,20.223901929533003,-0.008251481563720964,-1.4400180928612278
0.6100000000000003,2.2695660000000006,-0.0077005293292568555,20.227706806585836,-0.008387522678217185,-1.4640541468364805
0.6200000000000003,2.3067720000000005,-0.007835021903385253,20.23151403021981,-0.008523413806885816,-1.4880904893802118
0.6300000000000003,2.3439780000000003,-0.007969890449973593,20.235323598568932,-0.008659150063347554,-1.5121270791889292
0.6400000000000003,2.381184,-0.00810513996875245,20.239135509780905,-0.008794726563762512,-1.5361638750669557
0.6500000000000004,2.41839,-0.008240775448519866,20.24294976201714,-0.00893013842692525,-1.5602008359264257
0.6600000000000004,2.455596,-0.008376801867482575,20.246766353452315,-0.00906538077421365,-1.584237920787918
0.6700000000000004,2.4928019999999997,-0.008513224193280156,20.250585282274514,-0.009200448729716926,-1.608275088781525
0.6800000000000004,2.5300079999999996,-0.00865004738315972,20.25440654668482,-0.00933533742025272,-1.6323122991469303
0.6900000000000004,2.5672139999999994,-0.008787276384170983,20.258230144897308,-0.009470041975379595,-1.6563495112338362
0.7000000000000004,2.6044199999999993,-0.008924916133261795,20.262056075138712,-0.009604557527469693,-1.680386684502912
0.7100000000000004,2.641625999999999,-0.009062971557420307,20.265884335648334,-0.009738879211729223,-1.7044237785256495
0.7200000000000004,2.678831999999999,-0.009201447573876032,20.269714924677963,-0.009873002166243705,-1.7284607529852625
0.7300000000000004,2.716037999999999,-0.009340349090151634,20.27354784049169,-0.010006921532036195,-1.752497567677426
0.7400000000000004,2.7532439999999987,-0.009479681004245122,20.277383081365585,-0.010140632453048082,-1.7765341825098893
0.7500000000000004,2.7904499999999985,-0.009619448204716496,20.281220645587815,-0.010274130076216303,-1.8005705575037323
0.7600000000000005,2.8276559999999984,-0.00975965557089703,20.285060531458182,-0.010407409551485558,-1.824606652793561
0.7700000000000005,2.8648619999999982,-0.009900307972838307,20.288902737288282,-0.010540466031866369,-1.8486424286274483
0.7800000000000005,2.902067999999998,-0.010041410271664608,20.292747261401193,-0.010673294673395672,-1.8726778453680952
0.7900000000000005,2.939273999999998,-0.010182967319499692,20.296594102131284,-0.010805890635286308,-1.896712863492825
0.8000000000000005,2.976479999999998,-0.010324983959603962,20.300443257824178,-0.010938249079835649,-1.9207474435940188
0.8100000000000005,3.0136859999999976,-0.010467465026622713,20.30429472683654,-0.011070365172505647,-1.9447815463796636
0.8200000000000005,3.0508919999999975,-0.010610415346459345,20.308148507536067,-0.011202234082001439,-1.9688151326735392
0.8300000000000005,3.0880979999999973,-0.01075383973662919,20.312004598301115,-0.011333850980171478,-1.9928481634155661
0.8400000000000005,3.125303999999997,-0.010897743006161864,20.315862997520778,-0.011465211042135826,-2.016880599662672
0.8500000000000005,3.162509999999997,-0.011042129955797841,20.31972370359465,-0.011596309446249564,-2.0409124025881904
0.8600000000000005,3.199715999999997,-0.011187005378033743,20.323586714932738,-0.011727141374214933,-2.0649435334830497
0.8700000000000006,3.2369219999999967,-0.011332374057275052,20.327452029955296,-0.01185770201097297,-2.0889739537561387
0.8800000000000006,3.2741279999999966,-0.011478240769860593,20.331319647092688,-0.011987986544818252,-2.113003624933517
0.8900000000000006,3.3113339999999964,-0.011624610284163894,20.335189564785402,-0.012117990167394788,-2.137032508660514
0.9000000000000006,3.3485399999999963,-0.011771487360724198,20.339061781483615,-0.012247708073697294,-2.16106056670007
0.9100000000000006,3.385745999999996,-0.011918876752261831,20.342936295647476,-0.012377135462105171,-2.1850877609348314
0.9200000000000006,3.422951999999996,-0.012066783203810855,20.346813105746538,-0.01250626753441697,-2.2091140533661573
0.9300000000000006,3.460157999999996,-0.012215211452736408,20.350692210260107,-0.012635099495852786,-2.2331394061149186
0.9400000000000006,3.4973639999999957,-0.012364166228855306,20.354573607676777,-0.012763626555026664,-2.25716378142219
0.9500000000000006,3.5345699999999955,-0.01251365225451545,20.358457296494382,-0.012891843924008939,-2.2811871416484126
0.9600000000000006,3.5717759999999954,-0.012663674244640155,20.362343275220045,-0.013019746818354216,-2.305209449274553
0.9700000000000006,3.6089819999999952,-0.012814236906761284,20.36623154236978,-0.013147330457086215,-2.3292306669023977
0.9800000000000006,3.646187999999995,-0.012965344941160806,20.370122096468787,-0.013274590062718139,-2.3532507572542016
0.9900000000000007,3.683393999999995,-0.013117003040885034,20.37401493605084,-0.013401520861230198,-2.377269683172984
1.0000000000000007,3.720599999999995,-0.013269215891799802,20.377910059658593,-0.013528118082125895,-2.4012874076235553
1.0100000000000007,3.7578059999999947,-0.01342198817271345,20.381807465843263,-0.013654376958459225,-2.4253038936916793
1.0200000000000007,3.7950119999999945,-0.01357532455533031,20.38570715316466,-0.013780292726789267,-2.449319104585162
1.0300000000000007,3.8322179999999944,-0.013729229704373125,20.389609120190848,-0.013905860627212996,-2.473333003633238
1.0400000000000007,3.869423999999994,-0.013883708277623474,20.39351336549839,-0.014031075903354728,-2.4973455542878913
1.0500000000000007,3.906629999999994,-0.01403876492596931,20.39741988767185,-0.014155933802444565,-2.521356720122315
1.0600000000000007,3.943835999999994,-0.014194404293454532,20.401328685304094,-0.01428042957523995,-2.5453664648329934
1.0700000000000007,3.9810419999999938,-0.014350631017364779,20.40523975699585,-0.014404558476045215,-2.569374752238945
1.0800000000000007,4.018247999999994,-0.014507449728140387,20.409153101355763,-0.014528315762773802,-2.593381546281111
1.0900000000000007,4.055453999999994,-0.014664865049586695,20.413068717000407,-0.01465169669692401,-2.617386811024392
1.1000000000000008,4.092659999999994,-0.01482288159883377,20.416986602553955,-0.014774696543529198,-2.641390510656165
1.1100000000000008,4.1298659999999945,-0.014981503986356753,20.420906756648215,-0.014897310571270361,-2.66539260948735
1.1200000000000008,4.167071999999995,-0.015140736816050548,20.424829177922607,-0.015019534052344852,-2.6893930719516446
1.1300000000000008,4.204277999999995,-0.0153005846852374,20.428753865023914,-0.015141362262648783,-2.7133918626064992
1.1400000000000008,4.241483999999995,-0.015461052184757074,20.432680816606222,-0.01526279048156376,-2.7373889461337404
1.1500000000000008,4.278689999999996,-0.01562214389892383,20.436610031331057,-0.015383813992126905,-2.7613842873376906
1.1600000000000008,4.315895999999996,-0.015783864405600784,20.440541507866946,-0.015504428080968302,-2.7853778511468668
1.1700000000000008,4.353101999999996,-0.015946218276251922,20.44447524488956,-0.015624628038311883,-2.809369602614383
1.1800000000000008,4.3903079999999965,-0.016109210075883645,20.448411241081633,-0.015744409157995076,-2.8333595069164796
1.1900000000000008,4.427513999999997,-0.01627284436320378,20.452349495132715,-0.0158637667374249,-2.8573475293539183
1.2000000000000008,4.464719999999997,-0.01643712569049327,20.456290005739287,-0.015982696077647796,-2.8813336353517496
1.2100000000000009,4.501925999999997,-0.016602058603762154,20.460232771604463,-0.01610119248326264,-2.9053177904591228
1.2200000000000009,4.539131999999998,-0.016767647642680322,20.464177791438193,-0.016219251262495404,-2.9292999603494376
1.2300000000000009,4.576337999999998,-0.016933897340644155,20.46812506395686,-0.01633686772719084,-2.95328011082078
1.2400000000000009,4.613543999999998,-0.017100812224806555,20.472074587883533,-0.01645403719272276,-2.977258207795375
1.2500000000000009,4.650749999999999,-0.017268396816035064,20.476026361947532,-0.016570754978099178,-3.0012342173204076
1.260000000000001,4.687955999999999,-0.0174366556290155,20.479980384884684,-0.01668701640590392,-3.0252081055670232
1.270000000000001,4.725161999999999,-0.017605593172148715,20.48393665543705,-0.016802816802312104,-3.0491798388315474
1.280000000000001,4.7623679999999995,-0.017775213947668095,20.487895172352925,-0.01691815149704884,-3.0731493835344246
1.290000000000001,4.799574,-0.01794552245162495,20.491855934386635,-0.017033015823458952,-3.097116706221177
1.300000000000001,4.83678,-0.018116523173878546,20.495818940298758,-0.017147405118431602,-3.121081773561804
1.310000000000001,4.873986,-0.018288220598117355,20.499784188855735,-0.01726131472241338,-3.1450445523512336
1.320000000000001,4.911192000000001,-0.01846061920185313,20.503751678829964,-0.017374739979419185,-3.169005009508637
1.330000000000001,4.948398000000001,-0.01863372345643599,20.50772140899976,-0.01748767623704789,-3.1929631120783677
1.340000000000001,4.985604000000001,-0.018807537827113502,20.51169337814909,-0.017600118846377577,-3.2169188272292577
1.350000000000001,5.0228100000000016,-0.018982066772916723,20.515667585067774,-0.017712063162106828,-3.240872122254893
1.360000000000001,5.060016000000002,-0.01915731474676452,20.5196440285512,-0.017823504542428092,-3.264822964573783
1.370000000000001,5.097222000000002,-0.019333286195469535,20.523622707400463,-0.017934438349061,-3.288771321729063
1.380000000000001,5.134428000000002,-0.019509985559618415,20.527603620422,-0.018044859947280334,-3.3127171613880506
1.390000000000001,5.171634000000003,-0.019687417273727997,20.531586766427868,-0.01815476470582511,-3.336660451343462
1.400000000000001,5.208840000000003,-0.01986558576614006,20.535572144235427,-0.01826414799701198,-3.3606011595121266
1.410000000000001,5.246046000000003,-0.020044495459053985,20.539559752667408,-0.018373005196539616,-3.3845392539355825
1.420000000000001,5.283252000000004,-0.020224150768503923,20.543549590551812,-0.018481331683738833,-3.408474702780109
1.430000000000001,5.320458000000004,-0.020404556104407445,20.547541656721855,-0.018589122841348227,-3.4324074743362307
1.440000000000001,5.357664000000004,-0.020585715870475113,20.55153595001589,-0.018696374055572285,-3.456337537019176
1.450000000000001,5.3948700000000045,-0.02076763446426605,20.55553246927736,-0.018803080716122633,-3.480264859368363
1.460000000000001,5.432076000000005,-0.020950316277178027,20.559531213354756,-0.018909238216107183,-3.5041894100475917
1.470000000000001,5.469282000000005,-0.02113376569438785,20.563532181101593,-0.019014841952167516,-3.528111157845086
1.480000000000001,5.506488000000005,-0.021317987094907093,20.567535371376223,-0.01911988732431069,-3.5520300716729576
1.490000000000001,5.543694000000006,-0.02150298485153901,20.5715407830419,-0.019224369735993785,-3.5759461205682275
1.500000000000001,5.580900000000006,-0.021688763330823896,20.57554841496677,-0.019328284594130107,-3.599859273690908
1.5100000000000011,5.618106000000006,-0.021875326893105868,20.579558266023504,-0.019431627308977628,-3.6237695003260875
1.5200000000000011,5.655312000000007,-0.022062679892490306,20.583570335089803,-0.019534393294244057,-3.647676769882155
1.5300000000000011,5.692518000000007,-0.022250826676786795,20.587584621047725,-0.0196365779670043,-3.6715810518911858
1.5400000000000011,5.729724000000007,-0.02243977158751756,20.59160112278411,-0.01973817674772055,-3.695482316009409
1.5500000000000012,5.766930000000007,-0.022629518959936118,20.59561983919027,-0.019839185060241793,-3.719380532016724
1.5600000000000012,5.804136000000008,-0.022820073122995055,20.59964076916202,-0.019939598331719655,-3.7432756698162173
1.5700000000000012,5.841342000000008,-0.023011438399249518,20.603663911599654,-0.020039411992736733,-3.767167699434948
1.5800000000000012,5.878548000000008,-0.02320361910492863,20.60768926540783,-0.02013862147711515,-3.791056591022609
1.5900000000000012,5.915754000000009,-0.023396619549932246,20.61171682949557,-0.020237222222087126,-3.8149423148526926
1.6000000000000012,5.952960000000009,-0.023590444037693392,20.615746602776213,-0.020335209668167376,-3.8388248413217894
1.6100000000000012,5.990166000000009,-0.023785096865251154,20.61977858416734,-0.02043257925917591,-3.8627041409491083
1.6200000000000012,6.0273720000000095,-0.023980582323202354,20.623812772590693,-0.020529326442202345,-3.8865801843774093
1.6300000000000012,6.06457800000001,-0.024176904695674156,20.627849166972283,-0.02062544666763727,-3.910452942371448
1.6400000000000012,6.10178400000001,-0.024374068260260312,20.631887766242123,-0.02072093538918568,-3.9343223858189806
1.6500000000000012,6.13899000000001,-0.024572077288113198,20.635928569334446,-0.020815788063722918,-3.95818848573056
1.6600000000000013,6.176196000000011,-0.024770936043761294,20.63997157518729,-0.020910000151450725,-3.982051213238711
1.6700000000000013,6.213402000000011,-0.02497064878518665,20.644016782742945,-0.021003567115745747,-4.005910539598605
1.6800000000000013,6.250608000000011,-0.025171219763759356,20.648064190947466,-0.02109648442326273,-4.029766436187127
1.6900000000000013,6.287814000000012,-0.025372653224206704,20.652113798750804,-0.021188747543809783,-4.053618874503176
1.7000000000000013,6.325020000000012,-0.025574953404613465,20.656165605106885,-0.02128035195046385,-4.077467826167808
1.7100000000000013,6.362226000000012,-0.025778124536322028,20.66021960897345,-0.021371293119457846,-4.1013132629236315
1.7200000000000013,6.399432000000012,-0.025982170844000785,20.664275809311853,-0.02146156653018283,-4.125155156634767
1.7300000000000013,6.436638000000013,-0.026187096545524924,20.668334205087337,-0.02155116766519738,-4.148993479286693
1.7400000000000013,6.473844000000013,-0.02639290585193796,20.672394795268854,-0.02164009201027478,-4.172828202985834
1.7500000000000013,6.511050000000013,-0.026599602967496333,20.676457578828952,-0.02172833505422961,-4.196659299960628
1.7600000000000013,6.548256000000014,-0.02680719208960139,20.68052255474383,-0.021815892289095307,-4.220486742559503
1.7700000000000014,6.585462000000014,-0.02701567740872035,20.684589721993323,-0.021902759209961042,-4.244310503251925
1.7800000000000014,6.622668000000014,-0.02722506310834305,20.688659079560708,-0.02198893131508939,-4.268130554628197
1.7900000000000014,6.6598740000000145,-0.02743535336508901,20.69273062643283,-0.022074404105765832,-4.291946869398842
1.8000000000000014,6.697080000000015,-0.027646552348451203,20.69680436160006,-0.022159173086382322,-4.315759420394756
1.8100000000000014,6.734286000000015,-0.02785866422090988,20.70088028405624,-0.02224323376442977,-4.339568180566736
1.8200000000000014,6.771492000000015,-0.02807169313786978,20.70495839279846,-0.022326581650414068,-4.363373122985977
1.8300000000000014,6.808698000000016,-0.028285643247545594,20.709038686827373,-0.022409212257886058,-4.3871742208425815
1.8400000000000014,6.845904000000016,-0.028500518691036508,20.713121165146823,-0.02249112110351087,-4.410971447447629
1.8500000000000014,6.883110000000016,-0.028716323602167887,20.717205826764072,-0.02257230370685298,-4.434764776229909
1.8600000000000014,6.920316000000017,-0.02893306210753563,20.721292670689635,-0.022652755590597595,-4.4585541807389415
1.8700000000000014,6.957522000000017,-0.029150738326386094,20.725381695937227,-0.022732472280348692,-4.482339634642517
1.8800000000000014,6.994728000000017,-0.029369356370680832,20.72947290152385,-0.02281144930474588,-4.506121111727359
1.8900000000000015,7.0319340000000174,-0.02958892034490901,20.733566286469667,-0.02288968219536458,-4.529898585899104
1.9000000000000015,7.069140000000018,-0.029809434346172975,20.737661849797917,-0.02296716648677366,-4.553672031181487
1.9100000000000015,7.106346000000018,-0.030030902464061426,20.74175959053508,-0.023043897716475414,-4.577441421717168
1.9200000000000015,7.143552000000018,-0.030253328780642408,20.74585950771066,-0.02311987142494193,-4.601206731766568
1.9300000000000015,7.180758000000019,-0.030476717370351764,20.749961600357295,-0.023195083155508556,-4.624967935707657
1.9400000000000015,7.217964000000019,-0.03070107230005789,20.754065867510555,-0.023269528454516575,-4.648725008037311
1.9500000000000015,7.255170000000019,-0.030926397628892682,20.75817230820912,-0.023343202871111968,-4.672477923368799
1.9600000000000015,7.2923760000000195,-0.03115269740831339,20.762280921494572,-0.023416101957404845,-4.696226656433431
1.9700000000000015,7.32958200000002,-0.03137997568193132,20.766391706411504,-0.023488221268348264,-4.719971182078858
1.9800000000000015,7.36678800000002,-0.03160823648554964,20.770504662007465,-0.023559556361770262,-4.743711475270974
1.9900000000000015,7.40399400000002,-0.031837483847088094,20.774619787332778,-0.023630102798399777,-4.767447511091586
2.0000000000000013,7.441200000000021,-0.032067721786546405,20.778737081440845,-0.023699856141759568,-4.791179264739365
2.010000000000001,7.478406000000021,-0.03229895431588384,20.782856543387705,-0.023768811958210456,-4.814906711529106
2.020000000000001,7.515612000000021,-0.03253118543905814,20.786978172232413,-0.02383696581694178,-4.838629826891937
2.0300000000000007,7.552818000000022,-0.03276441915190517,20.791101967036685,-0.02390431328996756,-4.862348586375294
2.0400000000000005,7.590024000000022,-0.03299865944209768,20.795227926865053,-0.023970849952122786,-4.8860629656420835
2.0500000000000003,7.627230000000022,-0.03323391028911851,20.799356050784883,-0.024036571380962934,-4.9097729404702966
2.06,7.6644360000000225,-0.033470175664169904,20.80348633786621,-0.024101473156889985,-4.93347848675467
2.07,7.701642000000023,-0.03370745953009116,20.80761878718172,-0.02416555086303318,-4.957179580503728
2.0799999999999996,7.738848000000023,-0.0339457658414182,20.81175339780698,-0.024228800085275115,-4.980876197841573
2.0899999999999994,7.776054000000023,-0.03418509854419571,20.81589016882004,-0.024291216412277494,-5.004568315007176
2.099999999999999,7.813260000000024,-0.03442546157594317,20.820029099301635,-0.02435279543542107,-5.028255908354031
2.109999999999999,7.850466000000024,-0.0346668588656657,20.824170188335163,-0.02441353274877245,-5.051938954349969
2.1199999999999988,7.887672000000024,-0.03490929433372958,20.828313435006624,-0.024473423949182282,-5.075617429576663
2.1299999999999986,7.9248780000000245,-0.03515277189180191,20.832458838404612,-0.024532464636103424,-5.099291310729812
2.1399999999999983,7.962084000000025,-0.035397295442823135,20.83660639762026,-0.02459065041175701,-5.122960574619547
2.149999999999998,7.999290000000025,-0.035642868880920525,20.840756111747226,-0.024647976881050415,-5.146625198168715
2.159999999999998,8.036496000000025,-0.03588949609135514,20.84490797988175,-0.024704439651473786,-5.1702851584139555
2.1699999999999977,8.073702000000024,-0.03613718095047147,20.849062001122583,-0.02476003433327184,-5.193940432505015
2.1799999999999975,8.110908000000023,-0.03638592732554105,20.853218174570905,-0.02481475653926568,-5.217590997704127
2.1899999999999973,8.148114000000023,-0.036635739074869667,20.857376499330428,-0.02486860188494061,-5.241236831386914
2.199999999999997,8.185320000000022,-0.03688662004762605,20.861536974507345,-0.024921565988462457,-5.264877911040911
2.209999999999997,8.222526000000022,-0.03713857408369334,20.86569959921017,-0.024973644470477563,-5.288514214266441
2.2199999999999966,8.259732000000021,-0.03739160501379621,20.86986437254994,-0.025024832954350595,-5.312145718775383
2.2299999999999964,8.29693800000002,-0.03764571665926278,20.874031293640094,-0.025075127066016945,-5.335772402392438
2.239999999999996,8.33414400000002,-0.03790091283207642,20.878200361596463,-0.02512452243398966,-5.359394243052574
2.249999999999996,8.37135000000002,-0.038157197334718174,20.882371575537274,-0.02517301468929989,-5.383011218803513
2.259999999999996,8.408556000000019,-0.03841457396015008,20.886544934582986,-0.025220599465651805,-5.406623307803709
2.2699999999999956,8.445762000000018,-0.038673046491748464,20.89072043785659,-0.025267272399215668,-5.4302304883228905
2.2799999999999954,8.482968000000017,-0.038932618703185706,20.894898084483327,-0.02531302912872857,-5.453832738741164
2.289999999999995,8.520174000000017,-0.0391932943583877,20.89907787359068,-0.025357865295477733,-5.477430037550126
2.299999999999995,8.557380000000016,-0.03945507721152289,20.903259804308608,-0.02540177654323411,-5.501022363351202
2.3099999999999947,8.594586000000016,-0.03971797100680602,20.907443875769204,-0.0254447585183335,-5.524609694855799
2.3199999999999945,8.631792000000015,-0.03998197947850615,20.91163008710695,-0.025486806869564893,-5.548192010886469
2.3299999999999943,8.668998000000014,-0.040247106350905615,20.915818437458586,-0.025527917248247878,-5.571769290374645
2.339999999999994,8.706204000000014,-0.040513355338095663,20.92000892596308,-0.025568085308137034,-5.595341512361767
2.349999999999994,8.743410000000013,-0.04078073014408248,20.924201551761552,-0.02560730670549366,-5.6189086559986645
2.3599999999999937,8.780616000000013,-0.04104923446253164,20.928396313997574,-0.025645577099060568,-5.642470700545447
2.3699999999999934,8.817822000000012,-0.04131887197680764,20.9325932118168,-0.025682892149959002,-5.666027625371332
2.3799999999999932,8.855028000000011,-0.041589646359880106,20.936792244367116,-0.02571924752184712,-5.689579409954338
2.389999999999993,8.89223400000001,-0.04186156127420712,20.940993410798566,-0.02575463888070223,-5.713126033880963
2.399999999999993,8.92944000000001,-0.042134620371712034,20.945196710263517,-0.025789061895024556,-5.73666747684626
2.4099999999999926,8.96664600000001,-0.042408827293651835,20.9494021419164,-0.025822512235705197,-5.760203718653863
2.4199999999999924,9.003852000000009,-0.04268418567054441,20.95360970491391,-0.025854985575944234,-5.783734739214875
2.429999999999992,9.041058000000008,-0.042960699122174456,20.95781939841479,-0.0258864775914589,-5.807260518549088
2.439999999999992,9.078264000000008,-0.04323837125735594,20.962031221580105,-0.025916983960294182,-5.830781036782959
2.4499999999999917,9.115470000000007,-0.04351720567404621,20.96624517357295,-0.025946500362863,-5.854296274151298
2.4599999999999915,9.152676000000007,-0.04379720595908776,20.97046125355858,-0.025975022481927457,-5.877806210995786
2.4699999999999913,9.189882000000006,-0.044078375688198584,20.97467946070445,-0.02600254600259605,-5.90131082776544
2.479999999999991,9.227088000000006,-0.044360718425918766,20.978899794180087,-0.026029066612372587,-5.92481010501584
2.489999999999991,9.264294000000005,-0.044644237725515734,20.983122253157116,-0.026054580001034167,-5.9483040234097935
2.4999999999999907,9.301500000000004,-0.04492893712882412,20.98734683680935,-0.02607908186068958,-5.971792563716068
2.5099999999999905,9.338706000000004,-0.045214820166262215,20.991573544312672,-0.026102567885810446,-5.995275706810495
2.5199999999999902,9.375912000000003,-0.0455018903567222,20.9958023748451,-0.026125033773059914,-6.018753433674433
2.52999999999999,9.413118000000003,-0.04579015120743252,21.0000333275867,-0.02614647522147684,-6.042225725395537
2.53999999999999,9.450324000000002,-0.04607960621393373,21.004266401719683,-0.02616688793236055,-6.065692563167221
2.5499999999999896,9.487530000000001,-0.04637025885996701,21.008501596428346,-0.026186267609266844,-6.089153928288846
2.5599999999999894,9.524736,-0.046662112617362056,21.01273891089901,-0.02620460995801538,-6.112609802164955
2.569999999999989,9.561942,-0.04695517094599211,21.01697834432021,-0.026221910686658523,-6.1360601663053576
2.579999999999989,9.599148,-0.04724943729366296,21.021219895882368,-0.026238165505536426,-6.1595050023245905
2.5899999999999888,9.636353999999999,-0.047544915096039864,21.025463564778214,-0.026253370127118092,-6.182944291943198
2.5999999999999885,9.673559999999998,-0.047841607776518746,21.02970935020238,-0.026267520266187228,-6.206378016985576
2.6099999999999883,9.710765999999998,-0.04813951874621236,21.03395725135161,-0.026280611639682983,-6.229806159380955
2.619999999999988,9.747971999999997,-0.04843865140376549,21.03820726742475,-0.02629263996671255,-6.253228701163111
2.629999999999988,9.785177999999997,-0.04873900913531501,21.042459397622665,-0.02630360096863732,-6.276645624470391
2.6399999999999877,9.822383999999996,-0.049040595314391394,21.046713641148337,-0.026313490368887638,-6.300056911544358
2.6499999999999875,9.859589999999995,-0.049343413301851324,21.050969997206792,-0.02632230389315482,-6.323462544731351
2.6599999999999873,9.896795999999995,-0.049647466445737115,21.055228465005133,-0.026330037269210738,-6.346862506481121
2.669999999999987,9.934001999999994,-0.04995275808117411,21.059489043752492,-0.02633668622701152,-6.370256779347375
2.679999999999987,9.971207999999994,-0.05025929153037206,21.063751732660105,-0.026342246498550825,-6.393645345986881
2.6899999999999866,10.008413999999993,-0.050567070102403106,21.068016530941215,-0.02634671381806225,-6.4170281891597645
2.6999999999999864,10.045619999999992,-0.050876097093210865,21.07228343781122,-0.026350083921744927,-6.440405291729849
2.709999999999986,10.082825999999992,-0.05118637578542204,21.07655245248752,-0.026352352547990177,-6.46377663666337
2.719999999999986,10.120031999999991,-0.05149790944834978,21.080823574189548,-0.026353515437183395,-6.487142207029579
2.7299999999999858,10.15723799999999,-0.051810701337818205,21.085096802138903,-0.026353568331839827,-6.5105019860005315
2.7399999999999856,10.19444399999999,-0.05212475469601402,21.0893721355592,-0.02635250697648317,-6.533855956850989
2.7499999999999853,10.23164999999999,-0.05244007275161516,21.093649573676153,-0.026350327117659,-6.557204102957912
2.759999999999985,10.268855999999989,-0.05275665871941132,21.097929115717506,-0.026347024504012384,-6.580546407801028
2.769999999999985,10.306061999999988,-0.05307451580038425,21.102210760913042,-0.02634259488613605,-6.603882854961344
2.7799999999999847,10.343267999999988,-0.05339364718151185,21.106494508494812,-0.026337034016587435,-6.627213428122644
2.7899999999999845,10.380473999999987,-0.05371405603573651,21.110780357696758,-0.026330337649997704,-6.650538111070417
2.7999999999999843,10.417679999999987,-0.0540357455218303,21.115068307755003,-0.02632250154288346,-6.673856887691951
2.809999999999984,10.454885999999986,-0.054358718784266374,21.119358357907767,-0.026313521453772637,-6.6971697419761025
2.819999999999984,10.492091999999985,-0.054682978953188605,21.123650507395332,-0.02630339314309682,-6.720476658013135
2.8299999999999836,10.529297999999985,-0.05500852914422441,21.127944755460106,-0.02629211237321788,-6.743777619994923
2.8399999999999834,10.566503999999984,-0.05533537245841608,21.132241101346608,-0.026279674908453954,-6.767072612214718
2.849999999999983,10.603709999999984,-0.05566351198211672,21.136539544301485,-0.026266076514917636,-6.790361619066228
2.859999999999983,10.640915999999983,-0.055992950786888596,21.140840083573444,-0.026251312960708095,-6.81364462504533
2.869999999999983,10.678121999999982,-0.056323691929398206,21.145142718413435,-0.02623538001573711,-6.836921614747642
2.8799999999999826,10.715327999999982,-0.05665573845123781,21.149447448074422,-0.026218273451735274,-6.860192572870512
2.8899999999999824,10.752533999999981,-0.056989093378959105,21.15375427181157,-0.026199989042351435,-6.883457484211632
2.899999999999982,10.78973999999998,-0.05732375972384651,21.15806318888216,-0.02618052256293757,-6.906716333669321
2.909999999999982,10.82694599999998,-0.05765974048182715,21.16237419854573,-0.026159869790729873,-6.929969106242238
2.9199999999999817,10.86415199999998,-0.05799703863338396,21.16668730006386,-0.026138026504696876,-6.953215787029904
2.9299999999999815,10.901357999999979,-0.05833565714346739,21.17100249270038,-0.026114988485608892,-6.976456361231424
2.9399999999999813,10.938563999999978,-0.058675598961285824,21.17531977572126,-0.026090751515922828,-6.999690814147169
2.949999999999981,10.975769999999978,-0.0590168670203392,21.179639148394706,-0.02606531137987622,-7.022919131176537
2.959999999999981,11.012975999999977,-0.05935946423813937,21.1839606099911,-0.02603866386335474,-7.046141297819639
2.9699999999999807,11.050181999999976,-0.05970339351624429,21.188284159783045,-0.02601080475399903,-7.069357299675982
2.9799999999999804,11.087387999999976,-0.06004865774004586,21.192609797045336,-0.02598172984106112,-7.092567122446268
2.9899999999999802,11.124593999999975,-0.06039525977871074,21.19693752105503,-0.025951434915454596,-7.115770751929048
2.99999999999998,11.161799999999975,-0.060743202485001174,21.201267331091465,-0.025919915769752222,-7.138968174024154
3.00999999999998,11.199005999999974,-0.06109248869525266,21.205599226436192,-0.025887168198103716,-7.162159374730632
3.0199999999999796,11.236211999999973,-0.061443121229154074,21.209933206372995,-0.025853187996190685,-7.185344340146489
3.0299999999999794,11.273417999999973,-0.06179510288968565,21.214269270188026,-0.025817970961364844,-7.208523056470136
3.039999999999979,11.310623999999972,-0.062148436463001944,21.21860741716972,-0.025781512892439795,-7.231695509998616
3.049999999999979,11.347829999999972,-0.06250312471827266,21.2229476466087,-0.02574380958975142,-7.254861687129275
3.0599999999999787,11.385035999999971,-0.06285917040762687,21.227289957798003,-0.025704856855199243,-7.2780215743578855
3.0699999999999785,11.42224199999997,-0.06321657626593408,21.23163435003307,-0.025664650492051355,-7.301175158280164
3.0799999999999783,11.45944799999997,-0.06357534501077813,21.235980822611563,-0.025623186305067547,-7.3243224255905925
3.089999999999978,11.49665399999997,-0.06393547934228261,21.240329374833564,-0.02558046010044912,-7.34746336308314
3.099999999999978,11.533859999999969,-0.06429698194300382,21.244680006001452,-0.025536467685778996,-7.370597957650732
3.1099999999999777,11.571065999999968,-0.06465985547777625,21.24903271542022,-0.02549120486994544,-7.39372619628548
3.1199999999999775,11.608271999999968,-0.06502410259365762,21.25338750239703,-0.02544466746328261,-7.416848066078407
3.1299999999999772,11.645477999999967,-0.0653897259196711,21.257744366241482,-0.025396851277368127,-7.439963554219722
3.139999999999977,11.682683999999966,-0.06575672806683963,21.26210330626587,-0.025347752125125966,-7.463072647998821
3.149999999999977,11.719889999999966,-0.06612511162795365,21.26646432178468,-0.02529736582065545,-7.48617533480326
3.1599999999999766,11.757095999999965,-0.06649487917743183,21.270827412114933,-0.02524568817937456,-7.509271602120733
3.1699999999999764,11.794301999999965,-0.06686603327126797,21.275192576576227,-0.02519271501781406,-7.532361437536664
3.179999999999976,11.831507999999964,-0.06723857644685977,21.279559814490597,-0.025138442153726126,-7.555444828736406
3.189999999999976,11.868713999999963,-0.06761251122285722,21.28392912518265,-0.025082865406041044,-7.578521763503494
3.1999999999999758,11.905919999999963,-0.06798784009898601,21.28830050797954,-0.025025980594657493,-7.6015922297203184
3.2099999999999755,11.943125999999962,-0.06836456555611672,21.29267396221096,-0.02496778354072071,-7.6246562153689235
3.2199999999999753,11.980331999999962,-0.06874269005586703,21.297049487209176,-0.024908270066271443,-7.647713708529322
3.229999999999975,12.017537999999961,-0.06912221604065708,21.301427082309125,-0.024847435994446665,-7.670764697381055
3.239999999999975,12.05474399999996,-0.06950314593342383,21.305806746848376,-0.024785277149338925,-7.6938091702022104
3.2499999999999747,12.09194999999996,-0.06988548213766813,21.310188480167046,-0.02472178935593372,-7.7168471153697
3.2599999999999745,12.12915599999996,-0.07026922703713767,21.314572281608008,-0.02465696844015025,-7.739878521359509
3.2699999999999743,12.166361999999959,-0.07065438299578586,21.31895815051686,-0.024590810228791782,-7.762903376746808
3.279999999999974,12.203567999999958,-0.07104095235764843,21.32334608624186,-0.02452331054942225,-7.785921670205184
3.289999999999974,12.240773999999957,-0.07142893744656251,21.327736088134007,-0.02445446523045336,-7.808933390507468
3.2999999999999736,12.277979999999957,-0.07181834056625255,21.33212815554705,-0.02438427010100691,-7.831938526525517
3.3099999999999734,12.315185999999956,-0.07220916399995261,21.336522287837564,-0.024312720990938674,-7.854937067229886
3.319999999999973,12.352391999999956,-0.07260141001045015,21.34091848436495,-0.024239813730739468,-7.877929001690964
3.329999999999973,12.389597999999955,-0.07299508083980258,21.345316744491388,-0.024165544151523388,-7.900914319077503
3.3399999999999728,12.426803999999954,-0.07339017870928005,21.34971706758194,-0.024089908084987732,-7.923893008657429
3.3499999999999726,12.464009999999954,-0.07378670581922331,21.354119453004568,-0.0240129013634075,-7.946865059798654
3.3599999999999723,12.501215999999953,-0.07418466434883109,21.358523900130134,-0.02393451981944189,-7.969830461967295
3.369999999999972,12.538421999999953,-0.07458405645599486,21.362930408332424,-0.023854759286272842,-7.992789204729314
3.379999999999972,12.575627999999952,-0.07498488427728925,21.367338976988297,-0.023773615597494857,-8.015741277750163
3.3899999999999717,12.612833999999951,-0.07538714992765261,21.371749605477426,-0.0236910845869589,-8.038686670794645
3.3999999999999715,12.65003999999995,-0.07579085550041037,21.37616229318262,-0.02360716208890723,-8.061625373726955
3.4099999999999713,12.68724599999995,-0.07619600306694113,21.380577039489786,-0.023521843937716724,-8.084557376510894
3.419999999999971,12.72445199999995,-0.07660259467660385,21.38499384378772,-0.023435125968102266,-8.107482669209983
3.429999999999971,12.761657999999949,-0.07701063235667119,21.389412705468562,-0.02334700401477474,-8.130401241987467
3.4399999999999706,12.798863999999949,-0.07742011811200555,21.393833623927364,-0.023257473912611237,-8.153313085106394
3.4499999999999704,12.836069999999948,-0.07783105392503362,21.398256598562597,-0.02316653149652209,-8.176218188929662
3.45999999999997,12.873275999999947,-0.07824344175549738,21.402681628775685,-0.023074172601359078,-8.199116543920569
3.46999999999997,12.910481999999947,-0.0786572835404375,21.40710871397146,-0.022980393061906967,-8.222008140642334
3.47999999999997,12.947687999999946,-0.079072581193802,21.4115378535579,-0.022885188712801874,-8.244892969757986
3.4899999999999696,12.984893999999946,-0.07948933660652785,21.415969046946373,-0.022788555388485898,-8.267771022031523
3.4999999999999694,13.022099999999945,-0.07990755164624624,21.420402293551554,-0.022690488923125085,-8.290642288326836
3.509999999999969,13.059305999999944,-0.0803272281570887,21.42483759279142,-0.022590985150561627,-8.313506759608892
3.519999999999969,13.096511999999944,-0.08074836795963056,21.429274944087375,-0.02249003990425602,-8.336364426943266
3.5299999999999687,13.133717999999943,-0.0811709728506517,21.433714346864335,-0.022387649017187983,-8.35921528149601
3.5399999999999685,13.170923999999943,-0.08159504460302644,21.438155800550593,-0.022283808321811927,-8.382059314534448
3.5499999999999683,13.208129999999942,-0.08202058496547127,21.442599304577943,-0.022178513650039255,-8.404896517426875
3.559999999999968,13.245335999999941,-0.08244759566242757,21.447044858381762,-0.022071760833032805,-8.427726881643121
3.569999999999968,13.28254199999994,-0.08287607839393837,21.451492461401045,-0.021963545701323917,-8.450550398753931
3.5799999999999677,13.31974799999994,-0.08330603483538632,21.455942113078283,-0.021853864084527275,-8.473367060431794
3.5899999999999674,13.35695399999994,-0.08373746663735487,21.4603938128597,-0.02174271181144788,-8.496176858451012
3.5999999999999672,13.394159999999939,-0.0841703754255046,21.46484756019521,-0.021630084709880204,-8.51897978468783
3.609999999999967,13.431365999999938,-0.08460476280029722,21.46930335453842,-0.021515978606639008,-8.541775831120024
3.619999999999967,13.468571999999938,-0.08504063033692633,21.473761195346775,-0.02140038932736521,-8.564564989828146
3.6299999999999666,13.505777999999937,-0.08547797958502876,21.478221082081458,-0.021283312696526058,-8.587347252995174
3.6399999999999664,13.542983999999937,-0.08591681206866225,21.482683014207534,-0.02116474453734013,-8.610122612905935
3.649999999999966,13.580189999999936,-0.08635712928597691,21.487146991193995,-0.0210446806715765,-8.632891061949051
3.659999999999966,13.617395999999935,-0.08679893270905689,21.491613012513728,-0.020923116919618345,-8.65565259261502
3.6699999999999657,13.654601999999935,-0.08724222378380775,21.496081077643595,-0.02080004910028277,-8.678407197498121
3.6799999999999655,13.691807999999934,-0.08768700392975382,21.5005511860645,-0.020675473030780767,-8.70115486929626
3.6899999999999653,13.729013999999934,-0.08813327453980116,21.505023337261488,-0.020549384526534153,-8.723895600810181
3.699999999999965,13.766219999999933,-0.0885810369800567,21.50949753072353,-0.02042177940122103,-8.746629384945173
3.709999999999965,13.803425999999932,-0.08903029258973019,21.513973765943994,-0.02029265346652548,-8.769356214709592
3.7199999999999647,13.840631999999932,-0.08948104268082369,21.518452042420204,-0.020162002532222945,-8.79207608321704
3.7299999999999645,13.877837999999931,-0.08993328853803773,21.52293235965394,-0.020029822405869147,-8.814788983684805
3.7399999999999642,13.91504399999993,-0.09038703141850898,21.52741471715124,-0.01989610889292609,-8.837494909435765
3.749999999999964,13.95224999999993,-0.09084227255169386,21.53189911442241,-0.019760857796351394,-8.860193853896652
3.759999999999964,13.98945599999993,-0.09129901313907868,21.53638555098224,-0.019624064916853756,-8.882885810600058
3.7699999999999636,14.026661999999929,-0.09175725435402027,21.540874026349897,-0.01948572605253246,-8.905570773184104
3.7799999999999634,14.063867999999928,-0.09221699734161201,21.545364540049057,-0.019345836998848676,-8.928248735392696
3.789999999999963,14.101073999999928,-0.09267824321844281,21.54985709160806,-0.019204393548495957,-8.950919691075097
3.799999999999963,14.138279999999927,-0.0931409930723188,21.554351680559712,-0.019061391491305257,-8.973583634187472
3.8099999999999627,14.175485999999927,-0.09360524796214775,21.55884830644146,-0.01891682661408417,-8.996240558791909
3.8199999999999625,14.212691999999926,-0.0940710089177407,21.56334696879565,-0.01877069470059073,-9.018890459058321
3.8299999999999623,14.249897999999925,-0.09453827693959513,21.567847667169193,-0.018622991531300537,-9.04153332926282
3.839999999999962,14.287103999999925,-0.09500705299862958,21.572350401113873,-0.01847371288329902,-9.064169163789252
3.849999999999962,14.324309999999924,-0.09547733803606223,21.576855170186402,-0.01832285453023913,-9.086797957129459
3.8599999999999617,14.361515999999924,-0.09594913296310784,21.58136197394836,-0.018170412242166034,-9.109419703882635
3.8699999999999615,14.398721999999923,-0.09642243866090866,21.585870811966405,-0.018016381785276703,-9.132034398757435
3.8799999999999613,14.435927999999922,-0.09689725598013588,21.590381683812065,-0.0178607589219964,-9.154642036569998
3.889999999999961,14.473133999999922,-0.09737358574091462,21.5948945890622,-0.01770353941065106,-9.17724261224609
3.899999999999961,14.510339999999921,-0.09785142873259972,21.599409527298647,-0.01754471900540222,-9.199836120820937
3.9099999999999606,14.54754599999992,-0.0983307857133967,21.603926498108596,-0.017384293456121358,-9.222422557438938
3.9199999999999604,14.58475199999992,-0.09881165741045181,21.608445501084464,-0.01722225850819986,-9.24500191735544
3.92999999999996,14.62195799999992,-0.09929404451930449,21.612966535824008,-0.01705860990241581,-9.26757419593531
3.93999999999996,14.659163999999919,-0.0997779477038262,21.617489601930508,-0.016893343374844216,-9.290139388654534
3.9499999999999598,14.696369999999918,-0.10026336759606494,21.62201469901252,-0.016726454656539325,-9.312697491100176
3.9599999999999596,14.733575999999918,-0.10075030479581176,21.626541826684363,-0.01655793947352724,-9.335248498970875
3.9699999999999593,14.770781999999917,-0.10123875987059178,21.6310709845658,-0.01638779354660841,-9.357792408077094
3.979999999999959,14.807987999999916,-0.10172873335528065,21.635602172282436,-0.016216012591177664,-9.380329214342234
3.989999999999959,14.845193999999916,-0.1022202257518948,21.640135389465428,-0.016042592317005944,-9.402858913801083
3.9999999999999587,14.882399999999915,-0.1027132375294923,21.64467063575193,-0.015867528428129718,-9.425381502602582
4.009999999999959,14.919605999999915,-0.10320776912375668,21.649207910784845,-0.015690816622726755,-9.44789697700928
4.019999999999959,14.956811999999914,-0.10370382093685471,21.653747214213144,-0.015512452592754078,-9.470405333396911
4.0299999999999585,14.994017999999913,-0.10420139333719475,21.658288545691736,-0.015332432023967502,-9.492906568255934
4.039999999999958,15.031223999999913,-0.10470048665915593,21.66283190488167,-0.015150750595662954,-9.515400678192
4.049999999999958,15.068429999999912,-0.10520110120290613,21.667377291450165,-0.014967403980365723,-9.53788765992559
4.059999999999958,15.105635999999912,-0.10570323723403827,21.67192470507073,-0.014782387843850553,-9.560367510293068
4.069999999999958,15.142841999999911,-0.10620689498346017,21.676474145423153,-0.014595697844763555,-9.582840226246871
4.079999999999957,15.18004799999991,-0.10671207464711505,21.6810256121936,-0.014407329634584076,-9.605305804856412
4.089999999999957,15.21725399999991,-0.1072187763856029,21.685579105074815,-0.014217278857194093,-9.627764243307874
4.099999999999957,15.25445999999991,-0.10772700032413177,21.69013462376606,-0.014025541148896759,-9.65021553890526
4.109999999999957,15.291665999999909,-0.10823674655207777,21.694692167973148,-0.013832112138091102,-9.672659689070308
4.119999999999957,15.328871999999908,-0.10874801512286489,21.699251737408783,-0.013636987445064697,-9.695096691344345
4.129999999999956,15.366077999999908,-0.10926080605365965,21.703813331792308,-0.013440162681737089,-9.717526543386803
4.139999999999956,15.403283999999907,-0.10977511932505693,21.708376950850155,-0.013241633451542778,-9.739949242977183
4.149999999999956,15.440489999999906,-0.11029095488089194,21.712942594315567,-0.013041395349072726,-9.762364788015475
4.159999999999956,15.477695999999906,-0.11080831262796681,21.71751026192888,-0.012839443959912045,-9.784773176521837
4.1699999999999555,15.514901999999905,-0.11132719243574946,21.722079953437603,-0.012635774860365045,-9.807174406637976
4.179999999999955,15.552107999999905,-0.11184759413610834,21.726651668596524,-0.012430383617270724,-9.829568476627681
4.189999999999955,15.589313999999904,-0.11236951752309199,21.73122540716774,-0.012223265787643212,-9.851955384877014
4.199999999999955,15.626519999999903,-0.11289296235260304,21.735801168920695,-0.012014416918525117,-9.87433512989445
4.209999999999955,15.663725999999903,-0.11341792834209899,21.74037895363243,-0.011803832546684712,-9.896707710313262
4.2199999999999545,15.700931999999902,-0.11394441517042686,21.744958761087606,-0.011591508198357914,-9.919073124889676
4.229999999999954,15.738137999999902,-0.11447242247742279,21.749540591078507,-0.011377439388907062,-9.941431372505402
4.239999999999954,15.775343999999901,-0.11500194986369802,21.754124443405296,-0.0111616216226465,-9.96378245216736
4.249999999999954,15.8125499999999,-0.11553299689032523,21.758710317875973,-0.010944050392544535,-9.986126363008257
4.259999999999954,15.8497559999999,-0.11606556307859614,21.763298214306644,-0.01072472117990958,-10.008463104288362
4.269999999999953,15.8869619999999,-0.11659964790964145,21.76788813252135,-0.010503629454066965,-10.030792675393796
4.279999999999953,15.924167999999899,-0.1171352508242477,21.772480072352458,-0.010280770672101702,-10.053115075840168
4.289999999999953,15.961373999999898,-0.11767237122249949,21.77707403364064,-0.010056140278592529,-10.075430305270766
4.299999999999953,15.998579999999897,-0.1182110084634714,21.781670016234887,-0.00982973370524054,-10.097738363458513
4.3099999999999525,16.0357859999999,-0.11875116186499271,21.786268019992846,-0.009601546370515024,-10.120039250306423
4.319999999999952,16.0729919999999,-0.11929283070330368,21.79086804478066,-0.009371573679487655,-10.142332965848354
4.329999999999952,16.1101979999999,-0.1198360142127276,21.795470090473277,-0.00913981102327066,-10.164619510248935
4.339999999999952,16.147403999999902,-0.12038071158543814,21.80007415695449,-0.008906253778975248,-10.186898883805828
4.349999999999952,16.184609999999903,-0.12092692197106766,21.804680244117105,-0.008670897309109804,-10.209171086949326
4.3599999999999515,16.221815999999905,-0.1214746444764451,21.80928835186279,-0.008433736961323102,-10.231436120242961
4.369999999999951,16.259021999999906,-0.1220238781653164,21.813898480102765,-0.008194768068129576,-10.253693984385643
4.379999999999951,16.296227999999907,-0.12257462205792882,21.8185106287573,-0.007953985946381026,-10.27594468021053
4.389999999999951,16.333433999999908,-0.1231268751308068,21.8231247977561,-0.007711385897091916,-10.2981882086873
4.399999999999951,16.37063999999991,-0.12368063631634899,21.82774098703858,-0.007466963204873944,-10.320424570921888
4.40999999999995,16.40784599999991,-0.12423590450259578,21.832359196553703,-0.007220713137706503,-10.342653768159003
4.41999999999995,16.44505199999991,-0.1247926785328303,21.8369794262603,-0.006972630946452896,-10.36487580178069
4.42999999999995,16.482257999999913,-0.12535095720525738,21.841601676127127,-0.006722711864472208,-10.38709067330857
4.43999999999995,16.519463999999914,-0.1259107392726952,21.84622594613304,-0.006470951107281686,-10.409298384405025
4.4499999999999496,16.556669999999915,-0.12647202344226985,21.85085223626698,-0.006217343872004066,-10.431498936872522
4.459999999999949,16.593875999999916,-0.12703480837498868,21.855480546528266,-0.005961885337122219,-10.45369233265626
4.469999999999949,16.631081999999918,-0.1275990926854662,21.86011087692679,-0.00570457066186536,-10.475878573843502
4.479999999999949,16.66828799999992,-0.12816487494154516,21.864743227482915,-0.0054453949859268325,-10.49805766266621
4.489999999999949,16.70549399999992,-0.12873215366400748,21.869377598227757,-0.005184353428897559,-10.520229601500168
4.4999999999999485,16.74269999999992,-0.12930092732614576,21.874013989203362,-0.004921441089878298,-10.542394392866937
4.509999999999948,16.779905999999922,-0.12987119435345923,21.878652400462826,-0.004656653047000581,-10.564552039435304
4.519999999999948,16.817111999999923,-0.1304429531232668,21.883292832070318,-0.004389984356915899,-10.586702544020795
4.529999999999948,16.854317999999925,-0.13101620196440386,21.88793528410138,-0.0041214300543373494,-10.60884590958815
4.539999999999948,16.891523999999926,-0.13159093915685618,21.892579756643112,-0.0038509851515451388,-10.630982139250882
4.549999999999947,16.928729999999927,-0.1321671629312541,21.89722624979409,-0.003578644637843853,-10.653111236273887
4.559999999999947,16.965935999999928,-0.13274487146869324,21.9018747636648,-0.0033044034791371857,-10.675233204073571
4.569999999999947,17.00314199999993,-0.13332406290026774,21.906525298377566,-0.0030282566173345238,-10.697348046218718
4.579999999999947,17.04034799999993,-0.13390473530673416,21.911177854066914,-0.0027501989697757967,-10.719455766432326
4.589999999999947,17.07755399999993,-0.13448688671807107,21.915832430879504,-0.0024702254287450875,-10.74155636859201
4.599999999999946,17.114759999999933,-0.13507051511313486,21.920489028974586,-0.0021883308609463303,-10.763649856731423
4.609999999999946,17.151965999999934,-0.13565561841933985,21.925147648523836,-0.0019045101068091985,-10.785736235041565
4.619999999999946,17.189171999999935,-0.13624219451214825,21.929808289711826,-0.0016187579800616136,-10.807815507871416
4.629999999999946,17.226377999999936,-0.13683024121474902,21.934470952736028,-0.0013310692670271962,-10.829887679730756
4.6399999999999455,17.263583999999938,-0.13741975629768394,21.939135637807006,-0.0010414387260135327,-10.851952755287819
4.649999999999945,17.30078999999994,-0.13801073747839998,21.943802345148672,-0.0007498610868180711,-10.87401073937461
4.659999999999945,17.33799599999994,-0.1386031824208293,21.948471074998373,-0.00045633104994524665,-10.896061636985833
4.669999999999945,17.37520199999994,-0.13919708873513514,21.953141827607187,-0.00016084328605503462,-10.918105453280457
4.679999999999945,17.412407999999942,-0.1397924539770584,21.957814603239903,0.00013660756472344548,-10.940142193583217
4.689999999999944,17.449613999999944,-0.140389275647741,21.962489402175567,0.0004360268934444633,-10.962171863385802
4.699999999999944,17.486819999999945,-0.1409875511931423,21.96716622470722,0.0007374201230052058,-10.984194468349177
4.709999999999944,17.524025999999946,-0.14158727800368337,21.971845071142617,0.0010407927089520763,-11.006210014302502
4.719999999999944,17.561231999999947,-0.14218845341391897,21.976525941803885,0.001346150140057678,-11.02821850724725
4.729999999999944,17.59843799999995,-0.14279107470192925,21.98120883702817,0.0016534979391034654,-11.05021995335742
4.739999999999943,17.63564399999995,-0.1433951390889787,21.985893757167617,0.0019628416636525703,-11.07221435898008
4.749999999999943,17.67284999999995,-0.1440006437391135,21.990580702589575,0.0022741869067561815,-11.094201730638435
4.759999999999943,17.710055999999952,-0.14460758575869784,21.995269673676958,0.002587539297747965,-11.116182075032873
4.769999999999943,17.747261999999953,-0.14521596219593214,21.99996067082838,0.002902904503068293,-11.138155399041327
4.7799999999999425,17.784467999999954,-0.14582577004045644,22.004653694458277,0.003220288226951362,-11.160121709722574
4.789999999999942,17.821673999999955,-0.14643700622291128,22.00934874499735,0.003539696212424004,-11.182081014316195
4.799999999999942,17.858879999999957,-0.14704966761440755,22.014045822892555,0.0038611342419828665,-11.204033320245392
4.809999999999942,17.896085999999958,-0.14766375102617682,22.01874492860756,0.004184608138517787,-11.225978635118194
4.819999999999942,17.93329199999996,-0.14827925320899524,22.023446062622853,0.004510123766261864,-11.24791696672853
4.8299999999999415,17.97049799999996,-0.1488961708528288,22.028149225435985,0.004837687031498283,-11.269848323059234
4.839999999999941,18.00770399999996,-0.14951450058627558,22.03285441756185,0.005167303883719554,-11.291772712282185
4.849999999999941,18.044909999999962,-0.1501342389761227,22.037561639532992,0.005498980316314572,-11.31369014276104
4.859999999999941,18.082115999999964,-0.1507553825269057,22.042270891899694,0.005832722367654197,-11.335600623053661
4.869999999999941,18.119321999999965,-0.1513779276803463,22.046982175230482,0.006168536122164225,-11.357504161912077
4.87999999999994,18.156527999999966,-0.15200187081494462,22.051695490112138,0.0065064277109954105,-11.379400768285812
4.88999999999994,18.193733999999967,-0.15262720824544637,22.056410837150107,0.0068464033134045255,-11.401290451323563
4.89999999999994,18.23093999999997,-0.15325393622236516,22.06112821696879,0.007188469157590138,-11.423173220374276
4.90999999999994,18.26814599999997,-0.15388205093144497,22.0658476302118,0.007532631521755873,-11.445049084990705
4.9199999999999395,18.30535199999997,-0.154511548493236,22.07056907754211,0.007878896735274976,-11.466918054929696
4.929999999999939,18.342557999999972,-0.15514242496247735,22.075292559642655,0.008227271179752915,-11.488780140155411
4.939999999999939,18.379763999999973,-0.15577467632767872,22.08001807721627,0.008577761290129937,-11.51063535084074
4.949999999999939,18.416969999999974,-0.15640829851060484,22.084745630986234,0.008930373555888493,-11.532483697370083
4.959999999999939,18.454175999999975,-0.1570432873656065,22.089475221696556,0.009285114522236737,-11.554325190340927
4.9699999999999385,18.491381999999977,-0.15767963867931165,22.09420685011211,0.009641990791281752,-11.576159840566428
4.979999999999938,18.528587999999978,-0.1583173481699143,22.098940517019145,0.010001009023257568,-11.59798765907726
4.989999999999938,18.56579399999998,-0.15895641148674858,22.103676223225563,0.010362175937814577,-11.619808657124935
4.999999999999938,18.60299999999998,-0.15959682420975022,22.1084139695612,0.01072549831539693,-11.641622846182274
5.009999999999938,18.603,-0.1601329206762796,22.109430028031106,0.011060658419379032,-11.65228350739482
5.019999999999937,18.565794,-0.16026581529735165,22.10586752584959,0.011278409315887028,-11.645654201795615
5.029999999999937,18.528588,-0.15995826993328063,22.101384385945767,0.011295861847695543,-11.630558297238764
5.039999999999937,18.491381999999998,-0.1594411174605364,22.09677622573637,0.011137562166381565,-11.612041180518267
5.049999999999937,18.454175999999997,-0.15883536450579444,22.09209456327885,0.01088088742651172,-11.591844742657774
5.0599999999999365,18.416969999999996,-0.15820140485438278,22.08738813171572,0.010571318428553522,-11.570806143057426
5.069999999999936,18.379763999999994,-0.15756005756658883,22.0826690478019,0.010235463922329935,-11.549334958281614
5.079999999999936,18.342557999999993,-0.15691871071327804,22.07794489457821,0.00988742407380172,-11.527633636775892
5.089999999999936,18.305351999999992,-0.15627913844115057,22.073218970496704,0.009534361752091713,-11.505808690545171
5.099999999999936,18.26814599999999,-0.15564164476634582,22.068493129914277,0.009179905812097766,-11.48391521982088
5.1099999999999355,18.23093999999999,-0.15500605625998107,22.063768299515246,0.008825832437048375,-11.461982636305365
5.119999999999935,18.19373399999999,-0.15437219301236496,22.059044979175777,0.008473037387211169,-11.440026277579033
5.129999999999935,18.156527999999987,-0.15373991161384332,22.054323424846054,0.008121958662660356,-11.41805427957315
5.139999999999935,18.119321999999986,-0.15310912972587937,22.049603772355304,0.00777281584115791,-11.396070874373192
5.149999999999935,18.082115999999985,-0.15247979834195646,22.044886090933687,0.00742571459251723,-11.374078284580861
5.159999999999934,18.044909999999984,-0.15185189378642508,22.04017041688208,0.007080705529099618,-11.352077658054151
5.169999999999934,18.007703999999983,-0.151225404331094,22.035456768293813,0.006737810562449986,-11.330069589022193
5.179999999999934,17.97049799999998,-0.15060032611730398,22.03074515439638,0.006397037573834918,-11.308054379132574
5.189999999999934,17.93329199999998,-0.14997665876378774,22.02603557949122,0.006058387173909385,-11.286032179585114
5.199999999999934,17.89608599999998,-0.14935440405317327,22.02132804553037,0.00572185640120082,-11.264003062935428
5.209999999999933,17.858879999999978,-0.1487335646635194,22.01662255315757,0.0053874404739078785,-11.24196706146808
5.219999999999933,17.821673999999977,-0.14811414380175425,22.011919102410303,0.005055133728680328,-11.219924186675762
5.229999999999933,17.784467999999976,-0.14749614485795431,22.007217692993002,0.004724930075769573,-11.19787443951663
5.239999999999933,17.747261999999974,-0.14687957130993207,22.00251832446548,0.0043968232376575545,-11.175817815631456
5.2499999999999325,17.710055999999973,-0.1462644266320365,21.99782099631409,0.004070806866502408,-11.15375430805851
5.259999999999932,17.672849999999972,-0.14565071427141466,21.9931257080017,0.0037468746042561563,-11.131683908614741
5.269999999999932,17.63564399999997,-0.1450384376247292,21.988432458985688,0.003425020112217736,-11.109606608606946
5.279999999999932,17.59843799999997,-0.14442760003263386,21.983741248731302,0.0031052370855144673,-11.087522399191677
5.289999999999932,17.56123199999997,-0.14381820477430357,21.979052076715654,0.0027875192599871035,-11.06543127155907
5.299999999999931,17.524025999999967,-0.1432102550664007,21.974364942431258,0.00247186041506553,-11.04333321702437
5.309999999999931,17.486819999999966,-0.14260375406213485,21.96967984538675,0.0021582543746803684,-11.021228227073403
5.319999999999931,17.449613999999965,-0.14199870485146363,21.964996785107704,0.0018466950073032784,-10.999116293385239
5.329999999999931,17.412407999999964,-0.14139511046116976,21.96031576113639,0.0015371762255185217,-10.97699740784144
5.339999999999931,17.375201999999963,-0.14079297385536904,21.95563677303219,0.001229691985190573,-10.95487156253016
5.34999999999993,17.33799599999996,-0.14019229793594845,21.950959820370926,0.0009242362847080021,-10.932738749747026
5.35999999999993,17.30078999999996,-0.1395930855430654,21.946284902745063,0.0006208031640226874,-10.910598961995191
5.36999999999993,17.26358399999996,-0.1389953394556298,21.9416120197631,0.00031938670390269097,-10.888452191983088
5.37999999999993,17.226377999999958,-0.13839906239181535,21.936941171049867,1.9981024988902085e-05,-10.866298432623
5.3899999999999295,17.189171999999957,-0.137804257009659,21.93227235624576,-0.0002774197130933076,-10.844137677029886
5.399999999999929,17.151965999999955,-0.13721092590736292,21.92760557500685,-0.0005728213125860138,-10.821969918518054
5.409999999999929,17.114759999999954,-0.13661907162404416,21.922940827004545,-0.0008662295383844443,-10.799795150601296
5.419999999999929,17.077553999999953,-0.1360286966400201,21.918278111925293,-0.0011576501188566013,-10.777613366988778
5.429999999999929,17.040347999999952,-0.1354398033774234,21.91361742947055,-0.0014470887467231686,-10.755424561584386
5.4399999999999284,17.00314199999995,-0.13485239420065498,21.908958779356407,-0.0017345510797230346,-10.733228728485448
5.449999999999928,16.96593599999995,-0.13426647141681364,21.90430216131336,-0.002020042741482375,-10.711025861979339
5.459999999999928,16.92872999999995,-0.13368203727625794,21.899647575086437,-0.0023035693222081544,-10.688815956543
5.469999999999928,16.891523999999947,-0.13309909397303057,21.894995020434337,-0.0025851363794239246,-10.666599006840684
5.479999999999928,16.854317999999946,-0.13251764364535595,21.890344497129973,-0.0028647494387240013,-10.644375007722312
5.489999999999927,16.817111999999945,-0.13193768837598027,21.885696004959662,-0.0031424139943970197,-10.622143954221853
5.499999999999927,16.779905999999944,-0.13135923019280313,21.88104954372332,-0.0034181355102390065,-10.599905841555668
5.509999999999927,16.742699999999942,-0.1307822710692358,21.87640511323417,-0.003691919420141576,-10.577660665121005
5.519999999999927,16.70549399999994,-0.1302068129246114,21.871762713318407,-0.003963771128725091,-10.555408420493963
5.5299999999999265,16.66828799999994,-0.12963285762472138,21.867122343815236,-0.00423369601205581,-10.533149103428935
5.539999999999926,16.63108199999994,-0.12906040698216645,21.862484004576576,-0.004501699418236194,-10.510882709855398
5.549999999999926,16.593875999999938,-0.12848946275683362,21.857847695466816,-0.004767786668041729,-10.488609235878837
5.559999999999926,16.556669999999936,-0.12792002665637647,21.85321341636279,-0.005031963055508737,-10.466328677776703
5.569999999999926,16.519463999999935,-0.1273521003364423,21.848581167153448,-0.0052942338485652,-10.444041031999022
5.5799999999999255,16.482257999999934,-0.12678568540141566,21.843950947739938,-0.0055546042895620595,-10.421746295165809
5.589999999999925,16.445051999999933,-0.12622078340448536,21.839322758035074,-0.005813079595863191,-10.3994444640662
5.599999999999925,16.40784599999993,-0.1256573958483024,21.8346965979635,-0.0060696649604326525,-10.377135535657098
5.609999999999925,16.37063999999993,-0.12509552418527942,21.830072467461296,-0.006324365552296096,-10.354819507061144
5.619999999999925,16.33343399999993,-0.12453516981801577,21.825450366476,-0.006577186517180755,-10.332496375566562
5.629999999999924,16.296227999999928,-0.12397633409973335,21.82083029496639,-0.00682813297799012,-10.310166138625279
5.639999999999924,16.259021999999927,-0.12341901833462293,21.816212252902197,-0.007077210035280446,-10.287828793851011
5.649999999999924,16.221815999999926,-0.1228632237781884,21.81159624026421,-0.007324422767821526,-10.265484339019649
5.659999999999924,16.184609999999925,-0.12230895163778377,21.80698225704382,-0.007569776233085246,-10.243132772066298
5.6699999999999235,16.147403999999923,-0.1217562030728844,21.802370303243247,-0.007813275467652259,-10.220774091085675
5.679999999999923,16.110197999999922,-0.12120497919548812,21.79776037887501,-0.008054925487777809,-10.198408294329118
5.689999999999923,16.07299199999992,-0.12065528107043982,21.79315248396195,-0.008294731289832602,-10.176035380205427
5.699999999999923,16.03578599999992,-0.12010710971599858,21.788546618537357,-0.008532697850678672,-10.153655347278473
5.709999999999923,15.99857999999992,-0.11956046610396392,21.783942782644285,-0.00876883012822438,-10.131268194266351
5.7199999999999225,15.961373999999921,-0.11901535116016773,21.77934097633588,-0.009003133061819157,-10.108873920040326
5.729999999999922,15.924167999999922,-0.11847176576480414,21.774741199675006,-0.00923561157259789,-10.086472523623511
5.739999999999922,15.886961999999922,-0.11792971075286232,21.77014345273424,-0.009466270564036428,-10.064064004191343
5.749999999999922,15.849755999999923,-0.11738918691438291,21.76554773559564,-0.009695114922280312,-10.041648361067834
5.759999999999922,15.812549999999924,-0.1168501949948122,21.760954048350662,-0.009922149516530365,-10.019225593726608
5.769999999999921,15.775343999999924,-0.11631273569549,21.75636239110014,-0.010147379199487216,-9.99679570178951
5.779999999999921,15.738137999999925,-0.11577680967377049,21.751772763953916,-0.010370808807705856,-9.974358685025361
5.789999999999921,15.700931999999925,-0.11524241754358677,21.747185167030935,-0.010592443161975384,-9.951914543349124
5.799999999999921,15.663725999999926,-0.11470955987560985,21.74259960045908,-0.010812287067711979,-9.929463276820783
5.809999999999921,15.626519999999926,-0.11417823719776668,21.738016064375035,-0.011030345315256984,-9.907004885644731
5.81999999999992,15.589313999999927,-0.11364844999536405,21.73343455892411,-0.011246622680310903,-9.884539370168552
5.82999999999992,15.552107999999928,-0.11312019871160767,21.728855084260186,-0.011461123924263072,-9.862066730882898
5.83999999999992,15.514901999999928,-0.11259348374782649,21.724277640545672,-0.011673853794454847,-9.839586968418914
5.84999999999992,15.477695999999929,-0.11206830546379126,21.719702227951238,-0.011884817024646499,-9.81710008354992
5.8599999999999195,15.44048999999993,-0.11154466417809475,21.715128846655826,-0.012094018335186085,-9.794606077187352
5.869999999999919,15.40328399999993,-0.11102256016843837,21.710557496846484,-0.012301462433504273,-9.772104950383188
5.879999999999919,15.36607799999993,-0.11050199367193125,21.70598817871835,-0.012507154014263111,-9.749596704327093
5.889999999999919,15.328871999999931,-0.10998296488542467,21.70142089247434,-0.012711097759810552,-9.727081340346007
5.899999999999919,15.291665999999932,-0.10946547396582113,21.696855638325292,-0.0129132983403617,-9.704558859903745
5.909999999999918,15.254459999999932,-0.10894952103039016,21.692292416489845,-0.013113760414355413,-9.682029264599805
5.919999999999918,15.217253999999933,-0.10843510615703378,21.687731227193968,-0.013312488628745733,-9.659492556169276
5.929999999999918,15.180047999999934,-0.10792222938463222,21.68317207067143,-0.013509487619286442,-9.63694873648099
5.939999999999918,15.142841999999934,-0.10741089071330748,21.678614947163272,-0.013704762010742999,-9.614397807537495
5.949999999999918,15.105635999999935,-0.10690109010473134,21.674059856917935,-0.013898316417295165,-9.591839771474636
5.959999999999917,15.068429999999935,-0.10639282748246712,21.66950680019097,-0.014090155442637697,-9.569274630560209
5.969999999999917,15.031223999999936,-0.10588610273214522,21.66495577724524,-0.014280283680443318,-9.54670238719365
5.979999999999917,14.994017999999937,-0.10538091570189198,21.66040678835048,-0.014468705714415553,-9.52412304390509
5.989999999999917,14.956811999999937,-0.10487726620252297,21.655859833783463,-0.014655426118707904,-9.501536603354763
5.9999999999999165,14.919605999999938,-0.10437515400782624,21.651314913827875,-0.014840449458020655,-9.478943068332802
6.009999999999916,14.882399999999938,-0.1038745788548944,21.64677202877409,-0.015023780287990174,-9.456342441757634
6.019999999999916,14.845193999999939,-0.10337554044436198,21.642231178919218,-0.015205423155317976,-9.433734726675988
6.029999999999916,14.80798799999994,-0.10287803844070806,21.63769236456702,-0.015385382598047503,-9.41111992626271
6.039999999999916,14.77078199999994,-0.10238207247249861,21.63315558602767,-0.01556366314579083,-9.388498043819242
6.0499999999999154,14.73357599999994,-0.1018876421327104,21.628620843617956,-0.01574026931993372,-9.365869082772916
6.059999999999915,14.696369999999941,-0.10139474697890255,21.624088137660834,-0.015915205633870055,-9.34323304667774
6.069999999999915,14.659163999999942,-0.10090338653361736,21.619557468485702,-0.016088476593225043,-9.320589939212525
6.079999999999915,14.621957999999943,-0.10041356028454834,21.615028836428046,-0.01626008669604423,-9.297939764180665
6.089999999999915,14.584751999999943,-0.09992526768480009,21.610502241829636,-0.016430040432975468,-9.275282525509512
6.099999999999914,14.547545999999944,-0.09943850815322156,21.605977685038095,-0.016598342287593437,-9.252618227250686
6.109999999999914,14.510339999999944,-0.09895328107460882,21.601455166407128,-0.01676499673639298,-9.22994687357795
6.119999999999914,14.473133999999945,-0.09846958579992454,21.596934686296354,-0.016930008249160022,-9.207268468787259
6.129999999999914,14.435927999999945,-0.0979874216466641,21.592416245071206,-0.01709338128911403,-9.184583017297632
6.1399999999999135,14.398721999999946,-0.09750678789900186,21.587899843102868,-0.017255120313008188,-9.161890523648843
6.149999999999913,14.361515999999947,-0.09702768380811033,21.583385480768126,-0.017415229771434115,-9.13919099250152
6.159999999999913,14.324309999999947,-0.09655010859231727,21.578873158449532,-0.0175737141089235,-9.116484428636998
6.169999999999913,14.287103999999948,-0.09607406143747932,21.574362876535062,-0.017730577764188404,-9.093770836956276
6.179999999999913,14.249897999999948,-0.09559954149712654,21.569854635418253,-0.017885825170221636,-9.071050222480128
6.1899999999999125,14.212691999999949,-0.09512654789270325,21.565348435497967,-0.01803946075445856,-9.048322590348404
6.199999999999912,14.17548599999995,-0.09465507971392276,21.560844277178486,-0.018191488939002298,-9.02558794581888
6.209999999999912,14.13827999999995,-0.09418513601879605,21.55634216086937,-0.01834191414080577,-9.00284629426847
6.219999999999912,14.10107399999995,-0.09371671583411048,21.55184208698535,-0.018490740771730074,-8.980097641190982
6.229999999999912,14.063867999999951,-0.09324981815546951,21.547344055946247,-0.018637973238773087,-8.957341992197525
6.239999999999911,14.026661999999952,-0.09278444194762922,21.542848068177154,-0.018783615944159338,-8.934579353016225
6.249999999999911,13.989455999999953,-0.09232058614466937,21.538354124108032,-0.018927673285629554,-8.911809729492056
6.259999999999911,13.952249999999953,-0.09185824965029293,21.533862224173863,-0.019070149656377156,-8.889033127585172
6.269999999999911,13.915043999999954,-0.09139743133794406,21.529372368814577,-0.019211049445367,-8.866249553371977
6.2799999999999105,13.877837999999954,-0.09093813005117032,21.524884558474877,-0.019350377037386568,-8.843459013043828
6.28999999999991,13.840631999999955,-0.0904803446037026,21.520398793604286,-0.0194881368132116,-8.82066151290721
6.29999999999991,13.803425999999956,-0.0900240737797802,21.51591507465714,-0.019624333149728224,-8.797857059382558
6.30999999999991,13.766219999999956,-0.08956931633432794,21.511433402092266,-0.01975897042008129,-8.775045659004961
6.31999999999991,13.729013999999957,-0.08911607099319604,21.5069537763733,-0.01989205299379193,-8.752227318423186
6.3299999999999095,13.691807999999957,-0.08866433645332147,21.50247619796838,-0.020023585236860486,-8.729402044399315
6.339999999999909,13.654601999999958,-0.08821411138296745,21.498000667350098,-0.020153571511904,-8.706569843808353
6.349999999999909,13.617395999999959,-0.08776539442202089,21.493527184995642,-0.020282016178346685,-8.683730723638167
6.359999999999909,13.58018999999996,-0.08731818418203696,21.489055751386488,-0.020408923592412698,-8.660884690989368
6.369999999999909,13.54298399999996,-0.0868724792466278,21.48458636700847,-0.020534298107360738,-8.638031753074337
6.379999999999908,13.50577799999996,-0.08642827817147625,21.480119032351812,-0.020658144073508633,-8.615171917217182
6.389999999999908,13.468571999999961,-0.08598557948475019,21.47565374791093,-0.02078046583838239,-8.592305190853732
6.399999999999908,13.431365999999962,-0.08554438168714021,21.471190514184485,-0.020901267746833485,-8.569431581530987
6.409999999999908,13.394159999999962,-0.08510468325213522,21.466729331675275,-0.02102055414112458,-8.546551096906802
6.419999999999908,13.356953999999963,-0.0846664826262351,21.462270200890213,-0.02113832936108312,-8.523663744749227
6.429999999999907,13.319747999999963,-0.08422977822907549,21.457813122340212,-0.021254597744088943,-8.500769532937328
6.439999999999907,13.282541999999964,-0.08379456845374214,21.453358096540374,-0.021369363625323934,-8.477868469459883
6.449999999999907,13.245335999999964,-0.08336085166681886,21.448905124009613,-0.021482631337750413,-8.454960562415476
6.459999999999907,13.208129999999965,-0.08292862620875244,21.44445420527083,-0.021594405212294054,-8.432045820012403
6.4699999999999065,13.170923999999966,-0.08249789039388125,21.440005340850785,-0.021704689577824066,-8.409124250567992
6.479999999999906,13.133717999999966,-0.08206864251077667,21.435558531280176,-0.02181348876142808,-8.386195862508913
6.489999999999906,13.096511999999967,-0.08164088082228796,21.431113777093273,-0.021920807088325833,-8.363260664370653
6.499999999999906,13.059305999999967,-0.08121460356584648,21.42667107882835,-0.022026648881964483,-8.340318664796778
6.509999999999906,13.022099999999968,-0.08078980895361282,21.422230437027263,-0.022131018464332575,-8.317369872540016
6.519999999999905,12.984893999999969,-0.08036649517262931,21.417791852235567,-0.022233920155719344,-8.294414296460392
6.529999999999905,12.94768799999997,-0.07994466038505832,21.413355325002485,-0.022335358275003603,-8.271451945526575
6.539999999999905,12.91048199999997,-0.07952430272836539,21.408920855880744,-0.022435337139701528,-8.248482828814453
6.549999999999905,12.87327599999997,-0.07910542031539428,21.404488445426704,-0.022533861066055316,-8.225506955507598
6.559999999999905,12.836069999999971,-0.07868801123474548,21.400058094200205,-0.022630934369030242,-8.202524334897198
6.569999999999904,12.798863999999972,-0.07827207355073482,21.395629802764542,-0.022726561362475917,-8.179534976380955
6.579999999999904,12.761657999999972,-0.07785760530373631,21.391203571686475,-0.022820746359183353,-8.156538889464342
6.589999999999904,12.724451999999973,-0.07744460451029692,21.38677940153624,-0.022913493670910168,-8.133536083758553
6.599999999999904,12.687245999999973,-0.07703306916331071,21.382357292887335,-0.02300480760852497,-8.11052656898252
6.6099999999999035,12.650039999999974,-0.07662299723216834,21.377937246316595,-0.023094692482030554,-8.087510354960607
6.619999999999903,12.612833999999975,-0.07621438666300759,21.37351926240425,-0.02318315260060999,-8.064487451624194
6.629999999999903,12.575627999999975,-0.07580723537879072,21.369103341733652,-0.023270192272786316,-8.041457869010497
6.639999999999903,12.538421999999976,-0.07540154127953691,21.364689484891517,-0.023355815806341496,-8.018421617262645
6.649999999999903,12.501215999999976,-0.07499730224246731,21.360277692467616,-0.023440027508560057,-7.995378706629403
6.659999999999902,12.464009999999977,-0.07459451612219972,21.35586796505507,-0.02352283168612901,-7.972329147465626
6.669999999999902,12.426803999999978,-0.07419318075088469,21.351460303249926,-0.023604232645304868,-7.949272950231589
6.679999999999902,12.389597999999978,-0.07379329393834244,21.347054707651495,-0.02368423469189579,-7.926210125492989
6.689999999999902,12.352391999999979,-0.07339485347233346,21.342651178862088,-0.023762842131417494,-7.90314068392082
6.699999999999902,12.31518599999998,-0.07299785711857157,21.338249717487002,-0.023840059269042813,-7.8800646362909665
6.709999999999901,12.27797999999998,-0.07260230262104986,21.333850324134687,-0.023915890409726914,-7.856981993484893
6.719999999999901,12.24077399999998,-0.07220818770206311,21.32945299941639,-0.02399033985825455,-7.833892766488828
6.729999999999901,12.203567999999981,-0.07181551006245296,21.325057743946438,-0.0240634119192345,-7.8107969663933
6.739999999999901,12.166361999999982,-0.07142426738168065,21.320664558342127,-0.024135110897293144,-7.787694604394266
6.7499999999999005,12.129155999999982,-0.07103445731810668,21.31627344322342,-0.02420544109695727,-7.764585691792647
6.7599999999999,12.091949999999983,-0.0706460775090492,21.31188439921341,-0.024274406822765604,-7.741470239992781
6.7699999999999,12.054743999999983,-0.07025912557096095,21.307497426937818,-0.0243420123794153,-7.718348260504806
6.7799999999999,12.017537999999984,-0.06987359909960253,21.303112527025377,-0.024408262071659637,-7.695219764942041
6.7899999999999,11.980331999999985,-0.0694894956701721,21.298729700107444,-0.024473160204432076,-7.672084765023251
6.7999999999998995,11.943125999999985,-0.06910681283749645,21.29434894681818,-0.024536711082920493,-7.648943272570481
6.809999999999899,11.905919999999986,-0.06872554813610551,21.289970267794583,-0.024598919012528142,-7.625795299510922
6.819999999999899,11.868713999999986,-0.06834569908048971,21.28559366367623,-0.024659788298991347,-7.602640857875243
6.829999999999899,11.831507999999987,-0.06796726316513127,21.281219135105427,-0.0247193232483624,-7.5794799597982205
6.839999999999899,11.794301999999988,-0.06759023786473009,21.276846682727218,-0.024777528167155782,-7.556312617519083
6.849999999999898,11.757095999999988,-0.06721462063436204,21.272476307189216,-0.02483440736223741,-7.533138843380773
6.859999999999898,11.719889999999989,-0.06684040890952078,21.26810800914162,-0.02488996514100622,-7.509958649830068
6.869999999999898,11.68268399999999,-0.06646760010640773,21.263741789237365,-0.024944205811319953,-7.486772049418172
6.879999999999898,11.64547799999999,-0.06609619162196814,21.259377648131874,-0.02499713368166434,-7.463579054799442
6.8899999999998975,11.60827199999999,-0.06572618083403364,21.255015586483047,-0.02504875306099319,-7.4403796787325955
6.899999999999897,11.571065999999991,-0.0653575651015571,21.250655604951525,-0.025099068259035073,-7.417173934079997
6.909999999999897,11.533859999999992,-0.06499034176464719,21.24629770420027,-0.025148083586012726,-7.393961833808001
6.919999999999897,11.496653999999992,-0.06462450814476986,21.24194188489483,-0.02519580335303312,-7.370743390986102
6.929999999999897,11.459447999999993,-0.06426006154486205,21.237588147703253,-0.02524223187176139,-7.347518618788332
6.9399999999998965,11.422241999999994,-0.06389699924949624,21.23323649329596,-0.02528737345474985,-7.324287530492247
6.949999999999896,11.385035999999994,-0.06353531852495439,21.228886922345875,-0.0253312324152703,-7.301050139479002
6.959999999999896,11.347829999999995,-0.06317501661946698,21.224539435528357,-0.025373813067468054,-7.277806459233363
6.969999999999896,11.310623999999995,-0.06281609076323494,21.22019403352107,-0.025415119726342972,-7.254556503344671
6.979999999999896,11.273417999999996,-0.06245853816863414,21.21585071700417,-0.02545515670775572,-7.231300285505005
6.989999999999895,11.236211999999997,-0.06210235603034914,21.211509486660127,-0.02549392832855457,-7.208037819510765
6.999999999999895,11.199005999999997,-0.06174754152544845,21.207170343173843,-0.02553143890650106,-7.184769119261945
7.009999999999895,11.161799999999998,-0.061394091813598395,21.20283328723243,-0.0255676927603119,-7.161494198762623
7.019999999999895,11.124593999999998,-0.061042004037087816,21.198498319525406,-0.02560269420974709,-7.138213072120329
7.0299999999998946,11.087387999999999,-0.06069127532107049,21.194165440744534,-0.02563644757564354,-7.114925753546783
7.039999999999894,11.050182,-0.06034190277364651,21.189834651584007,-0.02566895717982154,-7.09163225735727
7.049999999999894,11.012976,-0.05999388348593107,21.185505952740105,-0.025700227345242133,-7.068332597971549
7.059999999999894,10.97577,-0.05964721453228461,21.181179344911552,-0.025730262395954107,-7.0450267899125505
7.069999999999894,10.938564000000001,-0.059301892970330256,21.176854828799154,-0.025759066657204954,-7.021714847807841
7.0799999999998935,10.901358000000002,-0.05895791584123822,21.17253240510611,-0.0257866444553691,-6.9983967863889545
7.089999999999893,10.864152000000002,-0.058615280169641876,21.168212074537664,-0.025813000117988205,-6.975072620490932
7.099999999999893,10.826946000000003,-0.0582739829639187,21.163893837801474,-0.02583813797386586,-6.951742365053474
7.109999999999893,10.789740000000004,-0.05793402121625174,21.159577695607286,-0.025862062353034232,-6.928406035120764
7.119999999999893,10.752534000000004,-0.05759539190276197,21.15526364866703,-0.02588477758678892,-6.9050636458402685
7.129999999999892,10.715328000000005,-0.057258091983653836,21.150951697694797,-0.0259062880077221,-6.881715212464868
7.139999999999892,10.678122000000005,-0.056922118403246985,21.14664184340694,-0.025926597949680052,-6.85836075035102
7.149999999999892,10.640916000000006,-0.056587468090254556,21.142334086521927,-0.025945711747900946,-6.835000274960049
7.159999999999892,10.603710000000007,-0.056254137957662126,21.138028427760236,-0.02596363373894517,-6.811633801857372
7.169999999999892,10.566504000000007,-0.055922124903154014,21.133724867844688,-0.02598036826075467,-6.78826134671328
7.179999999999891,10.529298000000008,-0.05559142580893631,21.129423407500163,-0.025995919652635868,-6.764882925303209
7.189999999999891,10.492092000000008,-0.05526203754208864,21.125124047453575,-0.02601029225534085,-6.741498553506114
7.199999999999891,10.454886000000009,-0.05493395695442599,21.120826788434037,-0.026023490411036687,-6.71810824730699
7.209999999999891,10.41768000000001,-0.05460718088289765,21.11653163117277,-0.026035518463309815,-6.694712022794822
7.2199999999998905,10.38047400000001,-0.05428170614950603,21.112238576402984,-0.026046380757292986,-6.671309896164446
7.22999999999989,10.34326800000001,-0.05395752956145833,21.107947624860103,-0.026056081639509288,-6.647901883715007
7.23999999999989,10.306062000000011,-0.053634647911317224,21.10365877728158,-0.02606462545809146,-6.624488001851623
7.24999999999989,10.268856000000012,-0.053313057977114164,21.099372034406905,-0.02607201656258079,-6.601068267083466
7.25999999999989,10.231650000000013,-0.05299275652239829,21.09508739697769,-0.026078259304159523,-6.577642696026706
7.269999999999889,10.194444000000013,-0.05267374029637406,21.090804865737546,-0.026083358035517257,-6.554211305401586
7.279999999999889,10.157238000000014,-0.05235600603409066,21.086524441432225,-0.026087317110929598,-6.530774112034965
7.289999999999889,10.120032000000014,-0.05203955045639164,21.08224612480945,-0.0260901408862525,-6.507331132858455
7.299999999999889,10.082826000000015,-0.05172437027013907,21.07796991661906,-0.026091833718939028,-6.483882384910376
7.309999999999889,10.045620000000016,-0.051410462168342025,21.073695817612837,-0.02609239996809809,-6.4604278853344725
7.319999999999888,10.008414000000016,-0.05109782283017808,21.06942382854473,-0.026091843994503983,-6.436967651380408
7.329999999999888,9.971208000000017,-0.05078644892108505,21.065153950170604,-0.026090170160500914,-6.4135017004046055
7.339999999999888,9.934002000000017,-0.05047633709300989,21.060886183248385,-0.026087382830142003,-6.390030049868927
7.349999999999888,9.896796000000018,-0.05016748398433957,21.05662052853807,-0.026083486369164965,-6.366552717342448
7.3599999999998875,9.859590000000019,-0.049859886220115085,21.05235698680165,-0.0260784851450635,-6.343069720500219
7.369999999999887,9.822384000000019,-0.04955354041211393,21.048095558803137,-0.02607238352693647,-6.319581077124297
7.379999999999887,9.78517800000002,-0.049248443158877414,21.043836245308505,-0.026065185885700892,-6.296086805103118
7.389999999999887,9.74797200000002,-0.04894459104597035,21.039579047085855,-0.02605689659398297,-6.272586922432864
7.399999999999887,9.71076600000002,-0.0486419806458869,21.035323964905302,-0.026047520026169446,-6.249081447215541
7.4099999999998865,9.673560000000021,-0.048340608518294664,21.031070999538827,-0.026037060558393832,-6.225570397661262
7.419999999999886,9.636354000000022,-0.048040471210072655,21.0268201517606,-0.026025522568601134,-6.2020537920870815
7.429999999999886,9.599148000000023,-0.047741565255445484,21.02257142234672,-0.026012910436540915,-6.1785316489181215
7.439999999999886,9.561942000000023,-0.047443887176060906,21.01832481207527,-0.025999228543781505,-6.1550039866861175
7.449999999999886,9.524736000000024,-0.04714743348099901,21.01408032172646,-0.02598448127362557,-6.131470824031411
7.459999999999885,9.487530000000024,-0.04685220066707535,21.00983795208238,-0.02596867301135314,-6.107932179701781
7.469999999999885,9.450324000000025,-0.046558185218741194,21.005597703927254,-0.02595180814399556,-6.084388072553464
7.479999999999885,9.413118000000026,-0.04626538360829999,21.001359578047293,-0.025933891060462344,-6.060838521550695
7.489999999999885,9.375912000000026,-0.04597379229585649,20.99712357523065,-0.0259149261515621,-6.037283545765621
7.4999999999998845,9.338706000000027,-0.04568340772963747,20.99288969626769,-0.025894917809980544,-6.013723164379993
7.509999999999884,9.301500000000027,-0.045394226345863764,20.988657941950564,-0.025873870430293378,-5.9901573966832125
7.519999999999884,9.264294000000028,-0.045106244568948406,20.984428313073607,-0.02585178840899177,-5.966586262073933
7.529999999999884,9.227088000000029,-0.044819458811608176,20.980200810433125,-0.025828676144515783,-5.94300978005993
7.539999999999884,9.18988200000003,-0.044533865474877976,20.97597543482757,-0.025804538037191183,-5.919427970257913
7.5499999999998835,9.15267600000003,-0.04424946094826765,20.97175218705729,-0.0257793784893256,-5.895840852394023
7.559999999999883,9.11547000000003,-0.04396624160979151,20.967531067924742,-0.025753201905182488,-5.872248446303894
7.569999999999883,9.078264000000031,-0.04368420382611865,20.963312078234424,-0.025726012691029143,-5.848650771932752
7.579999999999883,9.041058000000032,-0.04340334395266626,20.959095218792932,-0.025697815255041667,-5.8250478493356574
7.589999999999883,9.003852000000032,-0.043123658333564324,20.954880490408833,-0.025668614007447188,-5.801439698677714
7.599999999999882,8.966646000000033,-0.04284514330189737,20.95066789389286,-0.025638413360442203,-5.777826340234367
7.609999999999882,8.929440000000033,-0.042567795179735746,20.94645743005773,-0.025607217728292775,-5.754207794391009
7.619999999999882,8.892234000000034,-0.04229161027815151,20.94224909971826,-0.025575031527247882,-5.73058408164363
7.629999999999882,8.855028000000035,-0.04201658489741361,20.938042903691453,-0.025541859175625792,-5.706955222599467
7.6399999999998816,8.817822000000035,-0.04174271532701082,20.933838842796263,-0.025507705093762822,-5.68332123797592
7.649999999999881,8.780616000000036,-0.0414699978457205,20.929636917853777,-0.02547257370408107,-5.659682148601559
7.659999999999881,8.743410000000036,-0.041198428721761854,20.9254371296873,-0.025436469431097897,-5.636037975416638
7.669999999999881,8.706204000000037,-0.04092800421275761,20.92123947912213,-0.02539939670136926,-5.612388739472224
7.679999999999881,8.668998000000038,-0.040658720565957235,20.917043966985712,-0.02536135994354749,-5.588734461931515
7.6899999999998805,8.631792000000038,-0.04039057401823609,20.912850594107695,-0.02532236358843526,-5.56507516406898
7.69999999999988,8.594586000000039,-0.040123560796202884,20.908659361319835,-0.025282412068954985,-5.541410867271419
7.70999999999988,8.55738000000004,-0.03985767711621291,20.904470269455913,-0.025241509820118635,-5.517741593037538
7.71999999999988,8.52017400000004,-0.039592919184551434,20.900283319352127,-0.02519966127909462,-5.4940673629785115
7.72999999999988,8.48296800000004,-0.039329283197453935,20.896098511846667,-0.025156870885191807,-5.470388198817959
7.739999999999879,8.445762000000041,-0.039066765341153886,20.89191584777993,-0.025113143079910416,-5.446704122392147
7.749999999999879,8.408556000000042,-0.03880536179204927,20.887735327994605,-0.0250684823069402,-5.4230151556502495
7.759999999999879,8.371350000000042,-0.03854506871671057,20.88355695333545,-0.025022893012053682,-5.399321320654617
7.769999999999879,8.334144000000043,-0.03828588227194235,20.879380724649575,-0.024976379643331326,-5.375622639580573
7.779999999999879,8.296938000000043,-0.038027798604906515,20.87520664278619,-0.024928946651028294,-5.351919134717131
7.789999999999878,8.259732000000044,-0.03777081385322148,20.87103470859691,-0.024880598487585948,-5.328210828466963
7.799999999999878,8.222526000000045,-0.03751492414490559,20.866864922935413,-0.024831339607714442,-5.304497743346753
7.809999999999878,8.185320000000045,-0.037260125598636534,20.862697286657927,-0.024781174468317346,-5.28077990198653
7.819999999999878,8.148114000000046,-0.037006414323638825,20.858531800622657,-0.02473010752858945,-5.257057327131108
7.8299999999998775,8.110908000000046,-0.03675378641989116,20.854368465690285,-0.024678143249959428,-5.233330041639573
7.839999999999877,8.073702000000047,-0.03650223797811056,20.8502072827238,-0.024625286096202847,-5.209598068485468
7.849999999999877,8.036496000000048,-0.03625176507991357,20.84604825258848,-0.024571540533271152,-5.185861430757377
7.859999999999877,7.999290000000047,-0.03600236379779681,20.84189137615199,-0.024516911029435706,-5.162120151658576
7.869999999999877,7.962084000000047,-0.03575403019525947,20.837736654284317,-0.024461402055357462,-5.138374254507962
7.879999999999876,7.924878000000047,-0.03550676032682365,20.833584087857815,-0.02440501808390183,-5.114623762739106
7.889999999999876,7.887672000000046,-0.03526055023815111,20.82943367774731,-0.02434776359035573,-5.090868699901673
7.899999999999876,7.850466000000046,-0.035015395966094764,20.825285424829946,-0.024289643052274767,-5.067109089661034
7.909999999999876,7.813260000000046,-0.03477129353878228,20.821139329985428,-0.024230660949619953,-5.043344955798058
7.919999999999876,7.7760540000000455,-0.034528238975629816,20.816995394095716,-0.024170821764676387,-5.019576322210253
7.929999999999875,7.738848000000045,-0.034286228287439546,20.8128536180454,-0.024110129982119033,-4.9958032129114684
7.939999999999875,7.701642000000045,-0.03404525747650547,20.80871400272149,-0.024048590088979194,-4.9720256520317
7.949999999999875,7.664436000000045,-0.033805322536598875,20.80457654901347,-0.023986206574727553,-4.9482436638177925
7.959999999999875,7.627230000000044,-0.033566419453060437,20.800441257813453,-0.02392298393124337,-4.924457272633865
7.9699999999998745,7.590024000000044,-0.03332854420289491,20.79630813001596,-0.023858926652761292,-4.90066650296048
7.979999999999874,7.552818000000044,-0.033091692754835395,20.792177166518222,-0.02379403923604001,-4.876871379396005
7.989999999999874,7.5156120000000435,-0.032855861069303716,20.78804836821989,-0.023728326180161408,-4.8530719266558755
7.999999999999874,7.478406000000043,-0.032621045098626206,20.783921736023302,-0.023661791986785086,-4.829268169573658
8.009999999999874,7.441200000000043,-0.03238724078694949,20.779797270833512,-0.023594441159943746,-4.805460133100482
8.019999999999873,7.403994000000043,-0.03215444407041479,20.77567497355807,-0.02352627820616926,-4.781647842305485
8.029999999999873,7.366788000000042,-0.031922650877135916,20.771554845107286,-0.023457307634512425,-4.757831322376334
8.039999999999873,7.329582000000042,-0.03169185712727926,20.76743688639416,-0.023387533956479356,-4.734010598618692
8.049999999999873,7.292376000000042,-0.03146205873315486,20.763321098334366,-0.02331696168611297,-4.710185696457198
8.059999999999873,7.255170000000041,-0.031233251599223716,20.759207481846328,-0.023245595339973224,-4.686356641435299
8.069999999999872,7.217964000000041,-0.031005431622196045,20.75509603785135,-0.023173439437138565,-4.662523459215121
8.079999999999872,7.180758000000041,-0.030778594691037997,20.750986767273336,-0.02310049849925372,-4.638686175577906
8.089999999999872,7.1435520000000405,-0.030552736687088855,20.74687967103915,-0.023026777050495495,-4.614844816424716
8.099999999999872,7.10634600000004,-0.030327853484040795,20.742774750078468,-0.02295227961764862,-4.590999407775805
8.109999999999872,7.06914000000004,-0.030103940948073254,20.738672005323778,-0.02287701073005749,-4.567149975771232
8.119999999999871,7.03193400000004,-0.0298809949378345,20.734571437710564,-0.02280097491961658,-4.543296546670891
8.129999999999871,6.994728000000039,-0.029659011304520533,20.73047304817714,-0.02272417672090543,-4.519439146854924
8.139999999999871,6.957522000000039,-0.02943798589196822,20.726376837664784,-0.022646620671039508,-4.495577802823405
8.14999999999987,6.920316000000039,-0.02921791453658265,20.722282807117804,-0.022568311309804412,-4.471712541196933
8.15999999999987,6.8831100000000385,-0.028998793067551154,20.718190957483447,-0.02248925317962841,-4.447843388717214
8.16999999999987,6.845904000000038,-0.02878061730677514,20.714101289712076,-0.022409450825606858,-4.423970372245803
8.17999999999987,6.808698000000038,-0.02856338306894393,20.71001380475704,-0.022328908795423486,-4.400093518765842
8.18999999999987,6.771492000000038,-0.02834708616158782,20.705928503574818,-0.022247631639500165,-4.37621285538156
8.19999999999987,6.734286000000037,-0.028131722385166757,20.70184538712503,-0.022165623910969212,-4.35232840931832
8.20999999999987,6.697080000000037,-0.027917287533045565,20.6977644563704,-0.022082890165550872,-4.328440207922681
8.21999999999987,6.659874000000037,-0.02770377739154503,20.69368571227694,-0.021999434961797182,-4.304548278663614
8.229999999999869,6.622668000000036,-0.027491187740054324,20.689609155813766,-0.021915262860911278,-4.280652649130828
8.239999999999869,6.585462000000036,-0.027279514351010614,20.6855347879533,-0.021830378426845043,-4.256753347036491
8.249999999999869,6.548256000000036,-0.027068752989947625,20.681462609671264,-0.021744786226314372,-4.232850400215176
8.259999999999868,6.5110500000000355,-0.02685889941558109,20.677392621946666,-0.021658490828776744,-4.208943836623301
8.269999999999868,6.473844000000035,-0.02664994937981549,20.673324825761924,-0.02157149680646636,-4.185033684339779
8.279999999999868,6.436638000000035,-0.026441898627796417,20.669259222102806,-0.021483808734366616,-4.1611199715660065
8.289999999999868,6.399432000000035,-0.026234742897904034,20.665195811958426,-0.02139543119030579,-4.137202726626364
8.299999999999867,6.362226000000034,-0.026028477921847565,20.66113459632152,-0.02130636875490033,-4.113281977967615
8.309999999999867,6.325020000000034,-0.025823099424725382,20.657075576188177,-0.021216626011521245,-4.089357754160167
8.319999999999867,6.287814000000034,-0.02561860312498415,20.653018752558133,-0.021126207546476816,-4.065430083896805
8.329999999999867,6.2506080000000335,-0.025414984734497825,20.64896412643461,-0.021035117948822235,-4.041498995994676
8.339999999999867,6.213402000000033,-0.025212239958632032,20.644911698824444,-0.020943361810518257,-4.017564519393199
8.349999999999866,6.176196000000033,-0.02501036449619276,20.64086147073817,-0.02085094372635249,-3.9936266831559375
8.359999999999866,6.138990000000033,-0.02480935403959411,20.636813443189975,-0.020757868294000337,-3.969685516470409
8.369999999999866,6.101784000000032,-0.024609204274708252,20.632767617197807,-0.020664140114037777,-3.9457410486475717
8.379999999999866,6.064578000000032,-0.024409910881102698,20.628723993783336,-0.020569763789915374,-3.9217933091221444
8.389999999999866,6.027372000000032,-0.024211469531905228,20.62468257397204,-0.02047474392801718,-3.8978423274536405
8.399999999999865,5.990166000000031,-0.024013875893911935,20.62064335879329,-0.0203790851375924,-3.8738881333251154
8.409999999999865,5.952960000000031,-0.02381712562766694,20.616606349280307,-0.020282792030884067,-3.8499307565444734
8.419999999999865,5.915754000000031,-0.023621214387349765,20.612571546470264,-0.020185869223053543,-3.825970227043433
8.429999999999865,5.8785480000000305,-0.023426137820883874,20.608538951404313,-0.020088321332183967,-3.8020065748786998
8.439999999999864,5.84134200000003,-0.023231891570030888,20.60450856512761,-0.019990152979375897,-3.778039830231973
8.449999999999864,5.80413600000003,-0.023038471270296235,20.60048038868943,-0.01989136878866382,-3.754070023409106
8.459999999999864,5.76693000000003,-0.022845872551014057,20.596454423143136,-0.019791973387072226,-3.7300971848411475
8.469999999999864,5.729724000000029,-0.022654091035395674,20.59243066954619,-0.01969197140465373,-3.706121345083769
8.479999999999864,5.692518000000029,-0.022463122340504876,20.5884091289604,-0.019591367474401766,-3.68214253481833
8.489999999999863,5.655312000000029,-0.022272962077251046,20.58438980245163,-0.01949016623240646,-3.6581607848508817
8.499999999999863,5.6181060000000285,-0.022083605850542892,20.580372691090215,-0.01938837231771684,-3.634176126112981
8.509999999999863,5.580900000000028,-0.021895049259164967,20.576357795950788,-0.01928599037244416,-3.610188589661301
8.519999999999863,5.543694000000028,-0.021707287895861044,20.572345118112395,-0.019183025041732193,-3.5861982066781075
8.529999999999863,5.506488000000028,-0.02152031734740051,20.568334658658433,-0.019079480973815066,-3.5622050084712087
8.539999999999862,5.469282000000027,-0.02133413319447508,20.564326418676984,-0.018975362819961372,-3.5382090264739974
8.549999999999862,5.432076000000027,-0.021148731011822935,20.560320399260462,-0.01887067523453445,-3.5142102922453406
8.559999999999862,5.394870000000027,-0.020964106368194818,20.556316601506147,-0.018765422874961746,-3.4902088374696896
8.569999999999862,5.357664000000026,-0.020780254826401473,20.55231502651572,-0.01865961040175712,-3.466204693957966
8.579999999999862,5.320458000000026,-0.020597171943270404,20.548315675395795,-0.01855324247858836,-3.44219789364625
8.589999999999861,5.283252000000026,-0.02041485326974052,20.54431854925758,-0.018446323772160877,-3.4181884685964112
8.599999999999861,5.2460460000000255,-0.02023329435079016,20.540323649217203,-0.01833885895236037,-3.394176450997156
8.60999999999986,5.208840000000025,-0.020052490725506106,20.53633097639562,-0.018230852692163624,-3.3701618731622167
8.61999999999986,5.171634000000025,-0.019872437927066666,20.53234053191879,-0.018122309667700565,-3.3461447675318357
8.62999999999986,5.134428000000025,-0.019693131482753534,20.52835231691762,-0.018013234558247826,-3.3221251666721727
8.63999999999986,5.097222000000024,-0.01951456691396028,20.524366332528064,-0.017903632046225804,-3.2981031032757153
8.64999999999986,5.060016000000024,-0.019336739736217107,20.520382579891233,-0.01779350681718528,-3.274078610160491
8.65999999999986,5.022810000000024,-0.019159645459207064,20.516401060153342,-0.017682863559904727,-3.2500517202715096
8.66999999999986,4.9856040000000235,-0.01898327958664861,20.5124217744659,-0.017571706966296508,-3.22602246667914
8.67999999999986,4.948398000000023,-0.018807637616485157,20.508444723985736,-0.017460041731435394,-3.2019908825806476
8.68999999999986,4.911192000000023,-0.018632715040742737,20.504469909874906,-0.017347872553629573,-3.1779570012986675
8.699999999999859,4.873986000000023,-0.018458507345650882,20.500497333301052,-0.01723520413434937,-3.1539208562827534
8.709999999999859,4.836780000000022,-0.018285010011486524,20.496526995437204,-0.017122041178245284,-3.1298824811082264
8.719999999999859,4.799574000000022,-0.018112218512705225,20.49255889746194,-0.017008388393210783,-3.1058419094766037
8.729999999999858,4.762368000000022,-0.017940128317918302,20.48859304055953,-0.01689425049030885,-3.0817991752157554
8.739999999999858,4.725162000000021,-0.017768734889812482,20.48462942591983,-0.016779632183881676,-3.057754312279606
8.749999999999858,4.687956000000021,-0.01759803368520113,20.480668054738626,-0.016664538191399403,-3.033707354748208
8.759999999999858,4.650750000000021,-0.017428020155072083,20.476708928217327,-0.016548973233601327,-3.0096583368274628
8.769999999999857,4.6135440000000205,-0.017258689744463596,20.472752047563304,-0.016432942034450004,-2.985607292849533
8.779999999999857,4.57633800000002,-0.01709003789252947,20.46879741398995,-0.016316449321164272,-2.9615542572728524
8.789999999999857,4.53913200000002,-0.01692206003251473,20.46484502871667,-0.016199499824117503,-2.937499264681238
8.799999999999857,4.50192600000002,-0.016754751591712885,20.460894892968888,-0.01608209827698648,-2.9134423497846935
8.809999999999857,4.464720000000019,-0.01658810799151464,20.45694700797835,-0.01596424941668617,-2.8893835474194116
8.819999999999856,4.427514000000019,-0.016422124647341357,20.453001374983046,-0.01584595798329158,-2.8653228925466157
8.829999999999856,4.390308000000019,-0.016256796968664083,20.449057995227136,-0.015727228720227582,-2.841260420254189
8.839999999999856,4.3531020000000185,-0.01609212035894797,20.44511686996139,-0.01560806637408696,-2.817196165754574
8.849999999999856,4.315896000000018,-0.015928090215652113,20.44117800044298,-0.015488475694724335,-2.7931301643868016
8.859999999999856,4.278690000000018,-0.015764701930228386,20.437241387935668,-0.015368461435216751,-2.7690624516147
8.869999999999855,4.241484000000018,-0.015601950888082444,20.433307033709802,-0.015248028351938836,-2.744993063027467
8.879999999999855,4.204278000000017,-0.015439832468535947,20.42937493904259,-0.015127181204459328,-2.7209220343404006
8.889999999999855,4.167072000000017,-0.015278342044805354,20.425445105217957,-0.015005924755573385,-2.6968494013927344
8.899999999999855,4.129866000000017,-0.015117474984016444,20.4215175335267,-0.014884263771354378,-2.6727752001495904
8.909999999999854,4.092660000000016,-0.014957226647142413,20.417592225266723,-0.014762203021100095,-2.6486994667007333
8.919999999999854,4.055454000000016,-0.014797592388972991,20.41366918174286,-0.014639747277303439,-2.6246222372608385
8.929999999999854,4.018248000000016,-0.014638567558068971,20.409748404267177,-0.0145169013157605,-2.60054354816882
8.939999999999854,3.981042000000016,-0.014480147496790219,20.405829894159023,-0.014393669915431784,-2.5764634358892593
8.949999999999854,3.943836000000016,-0.014322327541183372,20.401913652744934,-0.014270057858493002,-2.552381937009202
8.959999999999853,3.9066300000000163,-0.014165103021011566,20.39799968135904,-0.014146069930426663,-2.5282990882418663
8.969999999999853,3.8694240000000164,-0.014008469259674555,20.394087981342867,-0.014021710919790265,-2.504214926423231
8.979999999999853,3.8322180000000166,-0.013852421574199109,20.390178554045622,-0.013896985618455926,-2.4801294885138963
8.989999999999853,3.7950120000000167,-0.01369695527514772,20.386271400824175,-0.013771898821435202,-2.4560428115976487
8.999999999999853,3.757806000000017,-0.013542065666656722,20.382366523043174,-0.013646455326978002,-2.4319549328819456
9.009999999999852,3.720600000000017,-0.013387748046281733,20.378463922075237,-0.013520659936451851,-2.4078658896976264
9.019999999999852,3.683394000000017,-0.013233997705101197,20.37456359930093,-0.013394517454437649,-2.3837757194988143
9.029999999999852,3.6461880000000173,-0.013080809927498632,20.370665556108882,-0.013268032688704134,-2.3596844598622493
9.039999999999852,3.6089820000000175,-0.012928179991253536,20.366769793896022,-0.013141210450110963,-2.335592148487474
9.049999999999851,3.5717760000000176,-0.012776103167402408,20.362876314067428,-0.01301405555272106,-2.3114988231966715
9.059999999999851,3.5345700000000178,-0.012624574720189019,20.35898511803671,-0.012886572813687214,-2.2874045219338104
9.069999999999851,3.497364000000018,-0.012473589907093047,20.35509620722596,-0.012758767053303421,-2.2633092827655403
9.07999999999985,3.460158000000018,-0.012323143978648476,20.3512095830658,-0.012630643094975136,-2.2392131438798892
9.08999999999985,3.422952000000018,-0.012173232178479765,20.34732524699565,-0.012502205765181906,-2.215116143586065
9.09999999999985,3.3857460000000184,-0.012023849743182408,20.343443200463778,-0.012373459893519567,-2.1910183203155116
9.10999999999985,3.3485400000000185,-0.011874991902305454,20.33956344492735,-0.012244410312573284,-2.166919712619379
9.11999999999985,3.3113340000000187,-0.011726653878247284,20.33568598185262,-0.012115061858061604,-2.142820359170623
9.12999999999985,3.274128000000019,-0.011578830886139868,20.331810812714938,-0.011985419368702732,-2.11872029876171
9.13999999999985,3.236922000000019,-0.011431518133951823,20.32793793899902,-0.011855487686201649,-2.094619570305884
9.14999999999985,3.199716000000019,-0.011284710822185462,20.32406736219901,-0.011725271655295577,-2.0705182128358843
9.15999999999985,3.1625100000000193,-0.011138404143994307,20.320199083818494,-0.011594776123664052,-2.046416265504219
9.169999999999849,3.1253040000000194,-0.010992593284980146,20.316333105370745,-0.01146400594198671,-2.0223137675819673
9.179999999999849,3.0880980000000195,-0.010847273423108539,20.31246942837877,-0.011332965963842423,-1.9982107584596729
9.189999999999849,3.0508920000000197,-0.010702439728828728,20.308608054375554,-0.011201661045737943,-1.9741072776462003
9.199999999999848,3.01368600000002,-0.01055808736464836,20.30474898490396,-0.011070096047069655,-1.9500033647684842
9.209999999999848,2.97648000000002,-0.010414211485338887,20.30089222151716,-0.010938275830094657,-1.9258990595713081
9.219999999999848,2.93927400000002,-0.010270807237668877,20.297037765778427,-0.010806205259909663,-1.9017944019169515
9.229999999999848,2.9020680000000203,-0.010127869760432895,20.293185619261564,-0.010673889204450226,-1.8776894317845971
9.239999999999847,2.8648620000000204,-0.009985394184272633,20.289335783550875,-0.010541332534399983,-1.8535841892701383
9.249999999999847,2.8276560000000206,-0.009843375631566786,20.285488260241376,-0.010408540123267696,-1.829478714586134
9.259999999999847,2.7904500000000207,-0.00970180921642716,20.281643050938797,-0.010275516847225996,-1.805373048060451
9.269999999999847,2.753244000000021,-0.009560690044453812,20.27780015725991,-0.01014226758522474,-1.7812672301367738
9.279999999999847,2.716038000000021,-0.009420013212771194,20.27395958083254,-0.010008797218818921,-1.7571613013737946
9.289999999999846,2.678832000000021,-0.009279773809811098,20.270121323295754,-0.009875110632242778,-1.7330553024446476
9.299999999999846,2.6416260000000213,-0.009139966915241438,20.26628538629996,-0.00974121271234435,-1.7089492741371488
9.309999999999846,2.6044200000000215,-0.009000587599860499,20.262451771507195,-0.009607108348506033,-1.68484325735229
9.319999999999846,2.5672140000000216,-0.008861630925428021,20.258620480591098,-0.009472802432725247,-1.6607372931047095
9.329999999999846,2.530008000000022,-0.00872309194460641,20.25479151523704,-0.009338299859399823,-1.6366314225217111
9.339999999999845,2.492802000000022,-0.008584965700787595,20.25096487714257,-0.009203605525535563,-1.6125256868432039
9.349999999999845,2.455596000000022,-0.008447247227984955,20.247140568017258,-0.009068724330438649,-1.5884201274202894
9.359999999999845,2.4183900000000222,-0.008309931550676053,20.243318589582923,-0.008933661175842544,-1.5643147857161896
9.369999999999845,2.3811840000000224,-0.00817301368368445,20.239498943574034,-0.008798420965866804,-1.5402097033045028
9.379999999999844,2.3439780000000225,-0.008036488632053918,20.235681631737396,-0.008663008606902278,-1.5161049218695164
9.389999999999844,2.3067720000000227,-0.007900351390866034,20.231866655832842,-0.008527429007620602,-1.4920004832049059
9.399999999999844,2.269566000000023,-0.007764596945134261,20.228054017632967,-0.008391687078915744,-1.4678964292139036
9.409999999999844,2.232360000000023,-0.007629220269621206,20.22424371892363,-0.008255787733828734,-1.443792801908744
9.419999999999844,2.195154000000023,-0.007494216328686021,20.22043576150391,-0.008119735887537227,-1.4196896434092539
9.429999999999843,2.1579480000000233,-0.007359580076123529,20.216630147186354,-0.007983536457353668,-1.3955869959430636
9.439999999999843,2.1207420000000234,-0.007225306455034608,20.212826877797156,-0.007847194362527399,-1.3714849018453452
9.449999999999843,2.0835360000000236,-0.00709139039765605,20.209025955176298,-0.007710714524360507,-1.347383403557344
9.459999999999843,2.0463300000000237,-0.006957826825108593,20.20522738117787,-0.007574101866041849,-1.3232825436257853
9.469999999999843,2.009124000000024,-0.006824610647307716,20.20143115767001,-0.007437361312648216,-1.2991823647033554
9.479999999999842,1.9719180000000238,-0.006691736762753975,20.19763728653541,-0.007300497791075888,-1.2750829095466607
9.489999999999842,1.9347120000000237,-0.006559200058390391,20.193845769671157,-0.007163516229976075,-1.250984221017034
9.499999999999842,1.8975060000000237,-0.00642699540930336,20.190056608989217,-0.007026421559734652,-1.2268863420789204
9.509999999999842,1.8603000000000236,-0.006295117678649431,20.186269806416423,-0.006889218712329226,-1.2027893157996157
9.519999999999841,1.8230940000000235,-0.006163561717379806,20.182485363894852,-0.006751912621367651,-1.1786931853478433
9.529999999999841,1.7858880000000235,-0.006032322364091458,20.1787032833819,-0.006614508221959581,-1.1545979939947362
9.539999999999841,1.7486820000000234,-0.005901394444783492,20.174923566850588,-0.006477010450690435,-1.130503785111313
9.54999999999984,1.7114760000000233,-0.005770772772651811,20.1711462162896,-0.006339424245525027,-1.1064106021692797
9.55999999999984,1.6742700000000232,-0.005640452147863795,20.167371233703715,-0.0062017545457527246,-1.0823184887394643
9.56999999999984,1.6370640000000232,-0.005510427357385106,20.1635986211139,-0.006064006291934709,-1.058227488491135
9.57999999999984,1.599858000000023,-0.005380693174657836,20.15982838055751,-0.0059261844258153284,-1.0341376451916116
9.58999999999984,1.562652000000023,-0.005251244359458895,20.156060514088516,-0.005788293890305052,-1.0100490027056757
9.59999999999984,1.525446000000023,-0.005122075657614467,20.15229502377788,-0.005650339629247214,-0.9859616049942036
9.60999999999984,1.4882400000000229,-0.004993181800738988,20.14853191171351,-0.005512326587572891,-0.9618754961143623
9.61999999999984,1.4510340000000228,-0.004864557506058131,20.144771180000774,-0.005374259711057705,-0.9377907202173072
9.62999999999984,1.4138280000000227,-0.0047361974760613545,20.14101283076254,-0.005236143946310723,-0.9137073215492021
9.639999999999839,1.3766220000000227,-0.004608096398303951,20.137256866139566,-0.005097984240656772,-0.8896253444493925
9.649999999999839,1.3394160000000226,-0.004480248945110954,20.133503288290438,-0.0049597855420959736,-0.865544833349595
9.659999999999838,1.3022100000000225,-0.004352649773293027,20.129752099392384,-0.004821552799212259,-0.8414658327737922
9.669999999999838,1.2650040000000224,-0.004225293523897555,20.126003301640864,-0.004683290961088382,-0.8173883873363756
9.679999999999838,1.2277980000000224,-0.00409817482191055,20.12225689725039,-0.004545004977167699,-0.7933125417424869
9.689999999999838,1.1905920000000223,-0.003971288275946672,20.11851288845434,-0.004406699797224356,-0.7692383407865682
9.699999999999838,1.1533860000000222,-0.0038446284779372064,20.114771277505582,-0.004268380371326708,-0.7451658293509168
9.709999999999837,1.1161800000000222,-0.0037181900028676607,20.11103206667645,-0.00413005164957686,-0.7210950524063087
9.719999999999837,1.078974000000022,-0.0035919674084342046,20.107295258259242,-0.0039917185822154755,-0.6970260550098076
9.729999999999837,1.041768000000022,-0.0034659552346972267,20.10356085456641,-0.003853386119333835,-0.6729588823047247
9.739999999999837,1.004562000000022,-0.003340148003806831,20.099828857930675,-0.003715059210964322,-0.6488935795188816
9.749999999999837,0.967356000000022,-0.00321454021962686,20.09609927070573,-0.003576742806836064,-0.6248301919646927
9.759999999999836,0.930150000000022,-0.0030891263674142078,20.092372095266054,-0.0034384418563185304,-0.6007687650375859
9.769999999999836,0.892944000000022,-0.002963900913414197,20.08864733400752,-0.003300161308407712,-0.5767093442157146
9.779999999999836,0.8557380000000221,-0.0028388583045610427,20.084924989347563,-0.0031619061114435687,-0.552651975058126
9.789999999999836,0.8185320000000221,-0.002713992968080836,20.081205063725605,-0.00302368121318064,-0.5285967032044763
9.799999999999836,0.7813260000000222,-0.0025892993111120144,20.07748755960318,-0.002885491560575826,-0.5045435743739273
9.809999999999835,0.7441200000000222,-0.002464771720329717,20.073772479464356,-0.0027473420996749764,-0.48049263436444783
9.819999999999835,0.7069140000000222,-0.0023404045615367797,20.070059825816102,-0.002609237775566431,-0.45644392905131076
9.829999999999835,0.6697080000000223,-0.002216192179257892,20.066349601188584,-0.002471183532245236,-0.43239750438662505
9.839999999999835,0.6325020000000223,-0.0020921288963600126,20.062641808135396,-0.0023331843124153595,-0.40835340639754075
9.849999999999834,0.5952960000000224,-0.001968209013576916,20.0589364492341,-0.0021952450574986293,-0.38431168118714126
9.859999999999834,0.5580900000000224,-0.0018444268091091232,20.055233527086315,-0.0020573707074353353,-0.3602723749309499
9.869999999999834,0.5208840000000224,-0.0017207765381815898,20.051533044318205,-0.0019195662005694336,-0.3362355338774967
9.879999999999834,0.4836780000000224,-0.0015972524325853499,20.047835003580964,-0.0017818364735430192,-0.3122012043469217
9.889999999999834,0.4464720000000224,-0.0014738487002059486,20.044139407550865,-0.0016441864611572155,-0.2881694327301614
9.899999999999833,0.4092660000000224,-0.0013505595245610902,20.04044625892997,-0.0015066210962541016,-0.2641402654874541
9.909999999999833,0.3720600000000224,-0.0012273790643217986,20.03675556044614,-0.001369145309561226,-0.24011374914750788
9.919999999999833,0.33485400000002236,-0.0011043014527788442,20.03306731485377,-0.0012317640295728127,-0.2160899303068286
9.929999999999833,0.29764800000002234,-0.0009813207974156968,20.029381524934024,-0.0010944821824074302,-0.1920688556274608
9.939999999999833,0.2604420000000223,-0.0008584311792947386,20.025698193495074,-0.000957304691726002,-0.16805057183768296
9.949999999999832,0.2232360000000223,-0.0007356266525748723,20.022017323372758,-0.0008202364784902771,-0.14403512572959284
9.959999999999832,0.1860300000000223,-0.0006129012440145853,20.01833891743086,-0.0006832824609332988,-0.12002256415807033
9.969999999999832,0.14882400000002227,-0.0004902489523004316,20.01466297856155,-0.0005464475542533154,-0.0960129340403266
9.979999999999832,0.11161800000002227,-0.0003676637476131006,20.01098950968576,-0.00040973667067578656,-0.07200628235462717
9.989999999999831,0.07441200000002227,-0.00024513957093363903,20.007318513753663,-0.000273154719132529,-0.04800265613848897
9.999999999999831,0.03720600000002226,-0.00012267033354362855,20.0036499937452,-0.00013670660519587985,-0.02400210248876869
10.009999999999831,2.225997164373439e-14,-2.4991636649041027e-07,19.999983952670206,-3.9723090672350025e-07,-4.668559070915388e-06
0.0,0,1.6653345369377348e-16,20.0,-2.7755575615628914e-16,0.0
0.01,0.041339999999999995,-0.0001346110618968832,20.004214517862515,-0.00014682079999894793,-0.027405244712837888
0.02,0.08267999999999999,-0.00029581357563607247,20.008599915269873,-0.0003210900110539039,-0.05723057543390727
0.03,0.12401999999999999,-0.0004479535339093621,20.012921388386026,-0.0004863269386213842,-0.08605763813641287
0.04,0.16535999999999998,-0.0005965137305892765,20.017238794699736,-0.0006479009635275146,-0.1146963646341633
0.05,0.20669999999999997,-0.0007453243849213642,20.021560844058033,-0.0008098483949363633,-0.14336451702952782
0.060000000000000005,0.24803999999999995,-0.0008945507073582215,20.025886607708763,-0.0009723292863469957,-0.17204742152899488
0.07,0.28937999999999997,-0.0010439217384080046,20.030215769548025,-0.0011350320488122678,-0.2007341092214743
0.08,0.33071999999999996,-0.0011933912534889957,20.034548326875804,-0.0012978888363083807,-0.2294240187086136
0.09,0.37205999999999995,-0.0013429825015028873,20.03888428512106,-0.0014609062250782734,-0.2581175139727368
0.09999999999999999,0.41339999999999993,-0.0014927118093352454,20.043223640204758,-0.0016240829138297608,-0.2868145956774104
0.10999999999999999,0.4547399999999999,-0.001642588929829658,20.047566386927297,-0.0017874105961960263,-0.3155151771502467
0.11999999999999998,0.4960799999999999,-0.001792623080936362,20.05191252038191,-0.001950880502722907,-0.34421917774527055
0.12999999999999998,0.5374199999999999,-0.0019428238604864423,20.056262035781813,-0.0021144843319306217,-0.37292652228099865
0.13999999999999999,0.5787599999999999,-0.0020932009195841483,20.060614928389413,-0.002278213888795677,-0.40163713622842023
0.15,0.6201,-0.0022437638416619166,20.06497119351569,-0.0024420609579500763,-0.43035094497165555
0.16,0.66144,-0.002394522149831102,20.069330826521576,-0.00260601731199811,-0.4590678739635045
0.17,0.7027800000000001,-0.002545485318456553,20.073693822817777,-0.0027700747227943356,-0.48778784880202575
0.18000000000000002,0.7441200000000001,-0.002696662775499903,20.078060177863655,-0.002934224962810872,-0.5165107952360913
0.19000000000000003,0.7854600000000002,-0.0028480639028554133,20.082429887166377,-0.0030984598047169576,-0.5452366391628984
0.20000000000000004,0.8268000000000002,-0.0029996980371872484,20.086802946280145,-0.0032627710214299666,-0.5739653066294061
0.21000000000000005,0.8681400000000002,-0.0031515744709906257,20.091179350805437,-0.0034271503864836683,-0.6026967238351431
0.22000000000000006,0.9094800000000003,-0.003303702453543944,20.09555909638814,-0.0035915896740747466,-0.6314308171339528
0.23000000000000007,0.9508200000000003,-0.0034560911919058745,20.099942178718884,-0.003756080659532701,-0.6601675130373058
0.24000000000000007,0.9921600000000004,-0.003608749851774562,20.104328593532223,-0.003920615119430815,-0.6889067382153076
0.25000000000000006,1.0335000000000003,-0.0037616875583881826,20.10871833660596,-0.004085184831828792,-0.7176484195002618
0.26000000000000006,1.0748400000000002,-0.003914913397500941,20.113111403760385,-0.004249781576474876,-0.7463924838876712
0.2700000000000001,1.1161800000000002,-0.004068436416057586,20.117507790857623,-0.00441439713506353,-0.7751388585391098
0.2800000000000001,1.15752,-0.004222265623178956,20.12190749380089,-0.004579023291448159,-0.8038874707842107
0.2900000000000001,1.19886,-0.0043764099908766285,20.12631050853379,-0.004743651831818407,-0.8326382481223347
0.3000000000000001,1.2402,-0.004530878454876985,20.13071683103977,-0.004908274544891733,-0.8613911182258017
0.3100000000000001,1.28154,-0.004685679915383378,20.135126457341396,-0.005072883222137503,-0.8901460089402499
0.3200000000000001,1.3228799999999998,-0.00484082323777657,20.13953938349963,-0.005237469657969174,-0.9189028482877468
0.3300000000000001,1.3642199999999998,-0.004996317253386451,20.14395560561345,-0.005402025649925424,-0.9476615644692047
0.34000000000000014,1.4055599999999997,-0.005152170760154229,20.148375119818887,-0.005566542998851454,-0.9764220858644513
0.35000000000000014,1.4468999999999996,-0.005308392523409755,20.152797922288755,-0.005731013509054195,-1.0051843410365253
0.36000000000000015,1.4882399999999996,-0.005464991276344755,20.157224009231825,-0.005895428988510587,-1.0339482587315516
0.37000000000000016,1.5295799999999995,-0.005621975720918715,20.16165337689237,-0.006059781249033336,-1.0627137678815823
0.38000000000000017,1.5709199999999994,-0.005779354528236302,20.16608602154956,-0.006224062106392536,-1.0914807976062868
0.3900000000000002,1.6122599999999994,-0.0059371363393844745,20.17052193951687,-0.0063882633805322775,-1.120249277214641
0.4000000000000002,1.6535999999999993,-0.006095329765848367,20.174961127141586,-0.006552376895683332,-1.149019136206543
0.4100000000000002,1.6949399999999992,-0.006253943390208128,20.179403580804248,-0.006716394480554833,-1.1777903042749844
0.4200000000000002,1.7362799999999992,-0.006412985766637791,20.183849296918037,-0.006880307968413546,-1.2065627113068373
0.4300000000000002,1.777619999999999,-0.006572465421490203,20.188298271928403,-0.007044109197330117,-1.235336287386018
0.4400000000000002,1.818959999999999,-0.00673239085386701,20.192750502312464,-0.007207790010191839,-1.2641109627931673
0.45000000000000023,1.860299999999999,-0.006892770536041204,20.197205984578545,-0.007371342254940294,-1.2928866680090934
0.46000000000000024,1.9016399999999989,-0.007053612914052154,20.20166471526559,-0.007534757784689761,-1.321663333714941
0.47000000000000025,1.9429799999999988,-0.007214926408134648,20.206126690942707,-0.0076980284577574665,-1.3504408907945025
0.48000000000000026,1.9843199999999988,-0.007376719413261235,20.210591908208887,-0.007861146137932484,-1.379219270335706
0.49000000000000027,2.025659999999999,-0.007539000299556509,20.215060363692313,-0.008024102694428659,-1.4079984036316655
0.5000000000000002,2.066999999999999,-0.007701777412747135,20.219532054049942,-0.00818689000219086,-1.4367782221819523
0.5100000000000002,2.1083399999999988,-0.007865059074670278,20.22400697596707,-0.008349499941858407,-1.465558657695511
0.5200000000000002,2.1496799999999987,-0.008028853583625872,20.22848512615697,-0.008511924399943749,-1.4943396420897195
0.5300000000000002,2.1910199999999986,-0.00819316921480906,20.232966501360313,-0.008674155268845074,-1.5231211074937543
0.5400000000000003,2.2323599999999986,-0.008358014220713084,20.23745109834486,-0.00883618444712908,-1.5519029862489786
0.5500000000000003,2.2736999999999985,-0.008523396831590202,20.24193891390502,-0.008998003839433333,-1.5806852109097125
0.5600000000000003,2.3150399999999984,-0.008689325255715585,20.24642994486138,-0.009159605356662881,-1.6094677142461407
0.5700000000000003,2.3563799999999984,-0.00885580767983446,20.250924188060356,-0.00932098091606326,-1.6382504292438167
0.5800000000000003,2.3977199999999983,-0.009022852269502168,20.25542164037374,-0.009482122441348106,-1.6670332891062056
0.5900000000000003,2.4390599999999982,-0.009190467169481631,20.259922298698356,-0.00964302186264654,-1.6958162272548472
0.6000000000000003,2.480399999999998,-0.009358660503957117,20.264426159955704,-0.009803671116785317,-1.7245991773309743
0.6100000000000003,2.521739999999998,-0.009527440376991214,20.268933221091476,-0.009964062147200747,-1.7533820731969514
0.6200000000000003,2.563079999999998,-0.009696814872790227,20.273443479075297,-0.010124186904091226,-1.7821648489365807
0.6300000000000003,2.604419999999998,-0.009866792055998108,20.277956930900253,-0.010284037344463148,-1.8109474388570408
0.6400000000000003,2.645759999999998,-0.01003737997205717,20.282473573582603,-0.010443605432222614,-1.839729777488898
0.6500000000000004,2.687099999999998,-0.010208586647407036,20.286993404161425,-0.01060288313820773,-1.8685117995884046
0.6600000000000004,2.7284399999999978,-0.010380420089872555,20.291516419698283,-0.01076186244032018,-1.8972934401374828
0.6700000000000004,2.7697799999999977,-0.010552888288878681,20.296042617276793,-0.010920535323488079,-1.9260746343449804
0.6800000000000004,2.8111199999999976,-0.010725999215684956,20.30057199400235,-0.011078893779754129,-1.9548553176476184
0.6900000000000004,2.8524599999999976,-0.01089976082372679,20.30510454700185,-0.011236929808452423,-1.983635425710916
0.7000000000000004,2.8937999999999975,-0.011074181048775833,20.309640273423224,-0.01139463541605068,-2.0124148944304108
0.7100000000000004,2.9351399999999974,-0.011249267809276875,20.314179170435292,-0.011552002616369517,-2.041193659931617
0.7200000000000004,2.9764799999999974,-0.011425029006478515,20.318721235227343,-0.011709023430541421,-2.0699716585714056
0.7300000000000004,3.0178199999999973,-0.011601472524740197,20.323266465008754,-0.011865689887136655,-2.098748826939811
0.7400000000000004,3.059159999999997,-0.011778606231699185,20.32781485700888,-0.012021994022048177,-2.1275251018583834
0.7500000000000004,3.100499999999997,-0.011956437978554668,20.332366408476613,-0.012177927878734618,-2.1563004203834595
0.7600000000000005,3.141839999999997,-0.012134975600179232,20.336921116680077,-0.012333483508128462,-2.1850747198053546
0.7700000000000005,3.183179999999997,-0.012314226915330434,20.341478978906522,-0.012488652968696834,-2.213847937649566
0.7800000000000005,3.224519999999997,-0.012494199726943905,20.34603999246172,-0.012643428326475581,-2.2426200116774226
0.7900000000000005,3.265859999999997,-0.01267490182218875,20.35060415467,-0.012797801655104524,-2.271390879886795
0.8000000000000005,3.307199999999997,-0.01285634097270999,20.355171462873745,-0.012951765035884522,-2.3001604805126945
0.8100000000000005,3.3485399999999967,-0.013038524934791185,20.35974191443337,-0.013105310557770145,-2.328928752027848
0.8200000000000005,3.3898799999999967,-0.013221461449517274,20.364315506726754,-0.013258430317405201,-2.3576956331432926
0.8300000000000005,3.4312199999999966,-0.013405158242947413,20.36889223714912,-0.013411116419082048,-2.386461062808863
0.8400000000000005,3.4725599999999965,-0.013589623026239311,20.373472103112903,-0.013563360974932603,-2.4152249802139094
0.8500000000000005,3.5138999999999965,-0.013774863495792405,20.378055102047277,-0.013715156104746773,-2.4439873247876833
0.8600000000000005,3.5552399999999964,-0.013960887333451966,20.382641231398036,-0.01386649393613737,-2.472748036199984
0.8700000000000006,3.5965799999999963,-0.014147702206569884,20.387230488627317,-0.014017366604473225,-2.501507054361864
0.8800000000000006,3.6379199999999963,-0.014335315768175011,20.391822871213375,-0.01416776625293592,-2.530264319424502
0.8900000000000006,3.679259999999996,-0.01452373565706383,20.396418376650267,-0.014317685032498861,-2.559019771782762
0.9000000000000006,3.720599999999996,-0.01471296949797235,20.401017002447706,-0.01446711510197174,-2.587773352072417
0.9100000000000006,3.761939999999996,-0.014903024901664591,20.405618746130852,-0.014616048627974776,-2.61652500117215
0.9200000000000006,3.803279999999996,-0.015093909465031502,20.410223605240006,-0.014764477784988628,-2.645274660203828
0.9300000000000006,3.844619999999996,-0.015285630771205289,20.4148315773303,-0.014912394755319525,-2.6740222705329164
0.9400000000000006,3.885959999999996,-0.01547819638962239,20.41944265997185,-0.015059791729115535,-2.702767773767876
0.9500000000000006,3.927299999999996,-0.015671613876198948,20.424056850748993,-0.015206660904410807,-2.731511111761734
0.9600000000000006,3.9686399999999957,-0.015865890773383046,20.42867414726065,-0.01535299448701355,-2.760252226611627
0.9700000000000006,4.009979999999996,-0.016061034610161146,20.433294547119498,-0.015498784690650635,-2.788991060659383
0.9800000000000006,4.051319999999996,-0.016257052902285518,20.43791804795248,-0.015644023736892387,-2.817727556491753
0.9900000000000007,4.092659999999996,-0.016453953152232997,20.442544647399906,-0.015788703855131037,-2.846461656940109
1.0000000000000007,4.133999999999996,-0.0166517428493054,20.447174343115762,-0.015932817282578615,-2.8751933050815635
1.0100000000000007,4.175339999999996,-0.016850429469760952,20.451807132767183,-0.01607635626434034,-2.9039224442389258
1.0200000000000007,4.216679999999996,-0.01705002047675716,20.45644301403449,-0.016219313053364104,-2.932649017979797
1.0300000000000007,4.258019999999996,-0.01725052332053989,20.461081984610914,-0.016361679910310623,-2.96137297011887
1.0400000000000007,4.299359999999996,-0.01745194543839551,20.465724042202332,-0.0165034491037665,-2.9900942447157264
1.0500000000000007,4.340699999999996,-0.017654294254766556,20.470369184527165,-0.016644612910112433,-3.018812786076633
1.0600000000000007,4.3820399999999955,-0.017857577181279255,20.4750174093163,-0.016785163613471876,-3.0475285387539617
1.0700000000000007,4.423379999999995,-0.018061801616753193,20.479668714312588,-0.016925093505775035,-3.0762414475467397
1.0800000000000007,4.464719999999995,-0.01826697494730528,20.484323097271123,-0.017064394886734446,-3.104951457500033
1.0900000000000007,4.506059999999995,-0.01847310454635656,20.488980555958598,-0.017203060063825548,-3.133658513905677
1.1000000000000008,4.547399999999995,-0.018680197774613966,20.493641088153513,-0.0173410813522486,-3.1623625623017135
1.1100000000000008,4.588739999999995,-0.01888826198019755,20.498304691645828,-0.017478451074931733,-3.1910635484732155
1.1200000000000008,4.630079999999995,-0.019097304498581297,20.502971364236746,-0.01761516156253684,-3.2197614184515966
1.1300000000000008,4.671419999999995,-0.01930733265263121,20.50764110373868,-0.017751205153404503,-3.2484561185153513
1.1400000000000008,4.712759999999995,-0.019518353752720985,20.512313907975106,-0.017886574193528015,-3.2771475951886195
1.1500000000000008,4.754099999999995,-0.019730375096547736,20.516989774780313,-0.01802126103661761,-3.30583579524301
1.1600000000000008,4.795439999999995,-0.019943403969349877,20.52166870199926,-0.018155258044003753,-3.33452066569656
1.1700000000000008,4.836779999999995,-0.020157447643805226,20.526350687487373,-0.018288557584585474,-3.3632021538134387
1.1800000000000008,4.878119999999995,-0.020372513380031487,20.531035729110677,-0.018421152034945598,-3.3918802071047782
1.1900000000000008,4.919459999999995,-0.02058860842561913,20.535723824745205,-0.018553033779178996,-3.420554773327316
1.2000000000000008,4.9607999999999945,-0.020805740015666846,20.540414972277254,-0.01868419520898379,-3.449225800485209
1.2100000000000009,5.0021399999999945,-0.021023915372678975,20.545109169603002,-0.018814628723553384,-3.477893236827491
1.2200000000000009,5.043479999999994,-0.02124314170665234,20.549806414628524,-0.018944326729637306,-3.5065570308503085
1.2300000000000009,5.084819999999994,-0.02146342621499786,20.554506705269432,-0.01907328164142097,-3.5352171312951017
1.2400000000000009,5.126159999999994,-0.021684776082622093,20.55921003945102,-0.01920148588063969,-3.5638734871493636
1.2500000000000009,5.167499999999994,-0.02190719848172798,20.56391641510795,-0.0193289318763471,-3.5925260476461447
1.260000000000001,5.208839999999994,-0.02213070057204644,20.56862583018409,-0.01945561206515467,-3.6211747622641086
1.270000000000001,5.250179999999994,-0.02235528950057253,20.57333828263261,-0.019581518890981364,-3.6498195807272733
1.280000000000001,5.291519999999994,-0.022580972401741756,20.57805377041558,-0.01970664480511386,-3.678460453004347
1.290000000000001,5.332859999999994,-0.022807756397257156,20.582772291504014,-0.019830982266219765,-3.7070973293091947
1.300000000000001,5.374199999999994,-0.02303564859608981,20.587493843877713,-0.01995452374022727,-3.735730160100489
1.310000000000001,5.415539999999994,-0.023264656094564906,20.592218425525115,-0.020077261700427285,-3.7643588960814163
1.320000000000001,5.456879999999994,-0.023494785976121008,20.596946034443224,-0.02019918862732445,-3.79298348819942
1.330000000000001,5.498219999999994,-0.02372604531145503,20.60167666863739,-0.02032029700867688,-3.82160388764578
1.340000000000001,5.539559999999994,-0.0239584411583883,20.606410326121335,-0.0204405793394144,-3.8502200458557576
1.350000000000001,5.5808999999999935,-0.024191980561859283,20.611147004917,-0.020560028121718477,-3.8788319145079786
1.360000000000001,5.6222399999999935,-0.024426670553847812,20.615886703054365,-0.020678635864881334,-3.90743944552445
1.370000000000001,5.663579999999993,-0.024662518153317492,20.62062941857137,-0.020796395085320385,-3.9360425910701693
1.380000000000001,5.704919999999993,-0.024899530366242595,20.625375149513797,-0.02091329830654798,-3.96464130355266
1.390000000000001,5.746259999999993,-0.025137714185472698,20.63012389393528,-0.021029338059202207,-3.9932355356218316
1.400000000000001,5.787599999999993,-0.02537707659071492,20.634875649897086,-0.021144506880894254,-4.021825240170094
1.410000000000001,5.828939999999993,-0.025617624548470747,20.639630415467916,-0.021258797316260514,-4.050410370331233
1.420000000000001,5.870279999999993,-0.025859365011984797,20.644388188724136,-0.02137220191698702,-4.078990879480796
1.430000000000001,5.911619999999993,-0.02610230492114332,20.649148967749223,-0.021484713241635034,-4.107566721234931
1.440000000000001,5.952959999999993,-0.026346451202464843,20.653912750634113,-0.02159632385576249,-4.136137849451501
1.450000000000001,5.994299999999993,-0.026591810769002938,20.6586795354768,-0.021707026331792723,-4.164704218228187
1.460000000000001,6.035639999999993,-0.026838390520296934,20.663449320382355,-0.02181681324904372,-4.193265781902943
1.470000000000001,6.076979999999993,-0.027086197342259838,20.66822210346291,-0.021925677193636972,-4.221822495053445
1.480000000000001,6.118319999999993,-0.0273352381071211,20.672997882837343,-0.022033610758540156,-4.250374312496824
1.490000000000001,6.159659999999993,-0.027585519673404946,20.677776656631423,-0.02214060654353267,-4.278921189289509
1.500000000000001,6.2009999999999925,-0.027837048885796273,20.68255842297765,-0.02224665715510421,-4.307463080726166
1.5100000000000011,6.2423399999999925,-0.028089832575038415,20.687343180015066,-0.02235175520650773,-4.335999942340066
1.5200000000000011,6.283679999999992,-0.028343877557930053,20.692130925889312,-0.022455893317691045,-4.36453172990232
1.5300000000000011,6.325019999999992,-0.02859919063720351,20.696921658752487,-0.022559064115268035,-4.393058399421452
1.5400000000000011,6.366359999999992,-0.02885577860137517,20.70171537676307,-0.022661260232501368,-4.421579907143318
1.5500000000000012,6.407699999999992,-0.029113648224768557,20.70651207808572,-0.02276247430929773,-4.4500962095501055
1.5600000000000012,6.449039999999992,-0.02937280626735761,20.711311760891505,-0.02286269899209481,-4.478607263361017
1.5700000000000012,6.490379999999992,-0.02963325947471171,20.716114423357514,-0.02296192693392901,-4.507113025530145
1.5800000000000012,6.531719999999992,-0.029895014577804302,20.720920063666924,-0.023060150794383227,-4.535613453248052
1.5900000000000012,6.573059999999992,-0.030158078293087004,20.725728680008924,-0.023157363239538764,-4.564108503939793
1.6000000000000012,6.614399999999992,-0.030422457322239277,20.730540270578576,-0.02325355694192094,-4.592598135265262
1.6100000000000012,6.655739999999992,-0.03068815835214575,20.735354833576825,-0.023348724580554037,-4.621082305118302
1.6200000000000012,6.697079999999992,-0.03095518805477515,20.74017236721043,-0.023442858840877046,-4.649560971627184
1.6300000000000012,6.738419999999992,-0.031223553087065287,20.7449928696918,-0.023535952414698802,-4.678034093152748
1.6400000000000012,6.779759999999992,-0.0314932600907947,20.749816339238997,-0.023627998000226025,-4.7065016282890175
1.6500000000000012,6.8210999999999915,-0.03176431569261995,20.754642774075666,-0.02371898830194291,-4.734963535862787
1.6600000000000013,6.862439999999991,-0.03203672650374645,20.75947217243094,-0.023808916030798044,-4.763419774932618
1.6700000000000013,6.903779999999991,-0.03231049911994982,20.764304532539512,-0.02389777390386144,-4.791870304788363
1.6800000000000013,6.945119999999991,-0.03258564012147022,20.76913985264128,-0.02398555464458052,-4.820315084951192
1.6900000000000013,6.986459999999991,-0.03286215607287166,20.773978130981604,-0.024072250982566712,-4.848754075173489
1.7000000000000013,7.027799999999991,-0.03314005352286445,20.778819365811067,-0.024157855653694715,-4.877187235436519
1.7100000000000013,7.069139999999991,-0.03341933900430477,20.783663555385477,-0.024242361400043044,-4.905614525952991
1.7200000000000013,7.110479999999991,-0.033700019034002215,20.78851069796564,-0.024325760969764354,-4.934035907163056
1.7300000000000013,7.151819999999991,-0.03398210011257086,20.79336079181779,-0.024408047117255582,-4.962451339737284
1.7400000000000013,7.193159999999991,-0.034265588724363694,20.798213835212927,-0.02448921260289394,-4.990860784573724
1.7500000000000013,7.234499999999991,-0.03455049133737134,20.803069826427013,-0.024569250193265557,-5.019264202798135
1.7600000000000013,7.275839999999991,-0.03483681440297168,20.807928763741188,-0.024648152660998623,-5.047661555764598
1.7700000000000014,7.317179999999991,-0.03512456435594907,20.81279064544121,-0.02472591278468156,-5.076052805053063
1.7800000000000014,7.358519999999991,-0.03541374761426036,20.81765546981788,-0.02480252334897154,-5.1044379124706385
1.7900000000000014,7.399859999999991,-0.035704370578941574,20.822523235166564,-0.02487797714452683,-5.132816840050124
1.8000000000000014,7.4411999999999905,-0.03599643963397001,20.827393939787612,-0.024952266967933123,-5.161189550050116
1.8100000000000014,7.48253999999999,-0.036289961146168365,20.83226758198582,-0.02502538562174933,-5.189556004953966
1.8200000000000014,7.52387999999999,-0.03658494146492741,20.837144160070835,-0.025097325914417934,-5.21791616746983
1.8300000000000014,7.56521999999999,-0.03688138692226478,20.84202367235676,-0.02516808066029691,-5.246270000529495
1.8400000000000014,7.60655999999999,-0.037179303832577476,20.84690611716234,-0.025237642679648675,-5.274617467289434
1.8500000000000014,7.64789999999999,-0.03747869849245769,20.851791492810772,-0.02530600479852796,-5.30295853112764
1.8600000000000014,7.68923999999999,-0.03777957718059757,20.856679797629667,-0.02537315984884092,-5.331293155646249
1.8700000000000014,7.73057999999999,-0.038081946157721175,20.861571029951296,-0.02543910066831878,-5.3596213046692345
1.8800000000000014,7.77191999999999,-0.038385811666286185,20.86646518811208,-0.025503820100438945,-5.387942942241357
1.8900000000000015,7.81325999999999,-0.038691179930420705,20.871362270452874,-0.02556731099444831,-5.416258032630201
1.9000000000000015,7.85459999999999,-0.03899805715582644,20.876262275318876,-0.02562956620536605,-5.444566540322988
1.9100000000000015,7.89593999999999,-0.039306449529459525,20.881165201059595,-0.025690578593875968,-5.472868430027331
1.9200000000000015,7.93727999999999,-0.03961636321956094,20.886071046028707,-0.025750341026404167,-5.50116366667115
1.9300000000000015,7.97861999999999,-0.03992780437536092,20.890979808584127,-0.025808846375029004,-5.529452215401428
1.9400000000000015,8.01995999999999,-0.04024077912704632,20.89589148708799,-0.02586608751746866,-5.5577340415841725
1.9500000000000015,8.06129999999999,-0.04055529358547408,20.90080607990654,-0.025922057337116777,-5.586009110803797
1.9600000000000015,8.10263999999999,-0.040871353842107994,20.905723585410083,-0.025976748722950416,-5.614277388862528
1.9700000000000015,8.14397999999999,-0.04118896596878513,20.910644001973132,-0.026030154569538833,-5.642538841780395
1.9800000000000015,8.18531999999999,-0.041508136017592484,20.915567327974145,-0.02608226777702205,-5.67079343579427
1.9900000000000015,8.22665999999999,-0.04182887002076216,20.920493561795688,-0.02613308125109637,-5.699041137357435
2.0000000000000013,8.26799999999999,-0.04215117399036811,20.925422701824285,-0.026182587902990606,-5.727281913140063
2.010000000000001,8.30933999999999,-0.042475053918240774,20.93035474645051,-0.026230780649450725,-5.755515730026593
2.020000000000001,8.35067999999999,-0.042800515775798575,20.935289694068782,-0.02627765241269675,-5.783742555118279
2.0300000000000007,8.39201999999999,-0.043127565513856075,20.940227543077455,-0.02632319612044054,-5.811962355729882
2.0400000000000005,8.43335999999999,-0.043456209062459505,20.945168291878943,-0.026367404705791964,-5.840175099391364
2.0500000000000003,8.47469999999999,-0.043786452330702025,20.950111938879285,-0.026410271107376704,-5.868380753845966
2.06,8.51603999999999,-0.0441183012065651,20.95505848248865,-0.02645178826915412,-5.896579287050545
2.07,8.55737999999999,-0.044451761556749875,20.960007921120862,-0.026491949140558135,-5.924770667175323
2.0799999999999996,8.59871999999999,-0.04478683922641477,20.964960253193652,-0.026530746676311723,-5.952954862602438
2.0899999999999994,8.64005999999999,-0.0451235400391051,20.969915477128488,-0.02656817383652188,-5.981131841926564
2.099999999999999,8.68139999999999,-0.045461869796525,20.974873591350704,-0.02660422358666431,-6.00930157395395
2.109999999999999,8.72273999999999,-0.045801834278318826,20.97983459428936,-0.026638888897473123,-6.0374640277023355
2.1199999999999988,8.76407999999999,-0.046143439241945,20.984798484377222,-0.02667216274500639,-6.06561917239995
2.1299999999999986,8.80541999999999,-0.04648669042245948,20.989765260050884,-0.026704038110608674,-6.0937669774856875
2.1399999999999983,8.846759999999989,-0.04683159353228544,20.994734919750687,-0.026734507980857136,-6.12190741260825
2.149999999999998,8.888099999999989,-0.04717815426112301,20.999707461920543,-0.026763565347567186,-6.150040447626284
2.159999999999998,8.929439999999989,-0.047526378275639464,21.004682885008158,-0.026791203207790104,-6.178166052607623
2.1699999999999977,8.970779999999989,-0.04787627121937266,21.009661187464932,-0.026817414563750808,-6.206284197828314
2.1799999999999975,9.012119999999989,-0.04822783871248967,21.014642367746003,-0.02684219242285496,-6.2343948537735185
2.1899999999999973,9.053459999999989,-0.04858108635157407,21.019626424309994,-0.026865529797680643,-6.262497991135989
2.199999999999997,9.094799999999989,-0.048936019709485884,21.024613355619348,-0.026887419705920013,-6.290593580816335
2.209999999999997,9.136139999999989,-0.04929264433506386,21.029603160140127,-0.026907855170400674,-6.318681593922247
2.2199999999999966,9.177479999999989,-0.04965096575303485,21.0345958363421,-0.026926829219065362,-6.346762001768272
2.2299999999999964,9.218819999999988,-0.05001098946373897,21.039591382698443,-0.02694433488486736,-6.3748347758758355
2.239999999999996,9.260159999999988,-0.05037272094293499,21.044589797686378,-0.0269603652058365,-6.402899887971561
2.249999999999996,9.301499999999988,-0.05073616564161479,21.049591079786342,-0.026974913225069952,-6.430957309989156
2.259999999999996,9.342839999999988,-0.05110132898578726,21.054595227482658,-0.02698797199068298,-6.4590070140660805
2.2699999999999956,9.384179999999988,-0.051468216376203746,21.05960223926326,-0.026999534555743943,-6.487048972546871
2.2799999999999954,9.425519999999988,-0.051836833188289994,21.06461211361959,-0.02700959397825775,-6.51508315797873
2.289999999999995,9.466859999999988,-0.052207184771784154,21.069624849046825,-0.02701814332123592,-6.543109543114526
2.299999999999995,9.508199999999988,-0.052579276450603174,21.0746404440438,-0.027025175652621136,-6.5711281009105535
2.3099999999999947,9.549539999999988,-0.05295311352256815,21.079658897112886,-0.027030684045199094,-6.599138804527212
2.3199999999999945,9.590879999999988,-0.053328701259305916,21.084680206760115,-0.027034661576672947,-6.627141627327985
2.3299999999999943,9.632219999999988,-0.05370604490586123,21.089704371495237,-0.027037101329588475,-6.6551365428795215
2.339999999999994,9.673559999999988,-0.054085149680600686,21.094731389831537,-0.027037996391330088,-6.683123524950959
2.349999999999994,9.714899999999988,-0.05446602077495716,21.099761260285998,-0.027037339854052933,-6.711102547514402
2.3599999999999937,9.756239999999988,-0.05484866335314664,21.104793981379323,-0.027035124814720368,-6.739073584743315
2.3699999999999934,9.797579999999988,-0.05523308255198611,21.109829551635823,-0.02703134437507443,-6.767036611013932
2.3799999999999932,9.838919999999987,-0.05561928348073561,21.11486796958341,-0.02702599164151981,-6.794991600903303
2.389999999999993,9.880259999999987,-0.05600727122074953,21.119909233753823,-0.027019059725233996,-6.822938529189956
2.399999999999993,9.921599999999987,-0.056397050825293754,21.12495334268239,-0.02701054174198969,-6.850877370853521
2.4099999999999926,9.962939999999987,-0.05678862731929529,21.1300002949081,-0.027000430812278597,-6.8788081010744495
2.4199999999999924,10.004279999999987,-0.05718200569913956,21.135050088973838,-0.02698872006117292,-6.906730695233385
2.429999999999992,10.045619999999987,-0.05757719093244151,21.140102723426043,-0.02697540261835424,-6.934645128911375
2.439999999999992,10.086959999999987,-0.05797418795770484,21.145158196814968,-0.026960471618045878,-6.962551377889441
2.4499999999999917,10.128299999999987,-0.058373001684215525,21.150216507694665,-0.026943920198967686,-6.990449418148323
2.4599999999999915,10.169639999999987,-0.05877363699172089,21.155277654622854,-0.026925741504427947,-7.018339225868343
2.4699999999999913,10.210979999999987,-0.05917609873016852,21.160341636161103,-0.026905928682136593,-7.0462207774291
2.479999999999991,10.252319999999987,-0.05958039171953314,21.165408450874786,-0.026884474884204757,-7.074094049408774
2.489999999999991,10.293659999999987,-0.059986520749513134,21.170478097333145,-0.0268613732672347,-7.101959018585472
2.4999999999999907,10.334999999999987,-0.06039449057927687,21.175550574109163,-0.02683661699212664,-7.1298156619350666
2.5099999999999905,10.376339999999987,-0.060804305937257525,21.18062587977981,-0.026810199224098774,-7.157663956632231
2.5199999999999902,10.417679999999987,-0.06121597152081901,21.185704012925793,-0.026782113132711616,-7.1855038800498265
2.52999999999999,10.459019999999986,-0.06162949199604656,21.190784972131976,-0.026752351891758397,-7.213335409759142
2.53999999999999,10.500359999999986,-0.06204487199758674,21.195868755986844,-0.026720908679245203,-7.241158523528934
2.5499999999999896,10.541699999999986,-0.06246211612814248,21.2009553630831,-0.026687776677366992,-7.268973199326374
2.5599999999999894,10.583039999999986,-0.06288122895847989,21.20604479201724,-0.026652949072393906,-7.296779415315544
2.569999999999989,10.624379999999986,-0.06330221502698616,21.21113704139,-0.026616419054805884,-7.324577149858452
2.579999999999989,10.665719999999986,-0.06372507883945377,21.21623210980585,-0.026578179819049252,-7.352366381514631
2.5899999999999888,10.707059999999986,-0.06414982486885495,21.221329995873646,-0.026538224563618318,-7.380147089040491
2.5999999999999885,10.748399999999986,-0.0645764575549646,21.226430698206087,-0.026496546490931583,-7.4079192513895995
2.6099999999999883,10.789739999999986,-0.06500498130426155,21.231534215420115,-0.026453138807378984,-7.4356828477130925
2.619999999999988,10.831079999999986,-0.06543540048947905,21.236640546136886,-0.026407994723135264,-7.46343785735802
2.629999999999988,10.872419999999986,-0.06586771944940131,21.241749688981553,-0.02636110745229342,-7.491184259869177
2.6399999999999877,10.913759999999986,-0.06630194248864599,21.24686164258375,-0.026312470212659755,-7.518922034987755
2.6499999999999875,10.955099999999986,-0.06673807387725747,21.25197640557711,-0.026262076225744835,-7.54665116265159
2.6599999999999873,10.996439999999986,-0.06717611785050148,21.257093976599794,-0.026209918716767422,-7.574371622994849
2.669999999999987,11.037779999999985,-0.06761607860862384,21.26221435429416,-0.02615599091454307,-7.602083396349229
2.679999999999987,11.079119999999985,-0.06805796031641947,21.267337537306947,-0.026100286051422172,-7.62978646324214
2.6899999999999866,11.120459999999985,-0.06850176710314407,21.272463524289357,-0.026042797363237558,-7.657480804397227
2.6999999999999864,11.161799999999985,-0.06894750306200229,21.277592313896964,-0.02598351808927779,-7.685166400735292
2.709999999999986,11.203139999999985,-0.0693951722500542,21.2827239047899,-0.02592244147223316,-7.71284323337347
2.719999999999986,11.244479999999985,-0.06984477868779196,21.287858295632837,-0.02585956075802487,-7.740511283624963
2.7299999999999858,11.285819999999985,-0.07029632635889949,21.292995485094952,-0.025794869195886028,-7.768170532999661
2.7399999999999856,11.327159999999985,-0.07074981920989734,21.29813547185018,-0.025728360038214437,-7.795820963204089
2.7499999999999853,11.368499999999985,-0.07120526114992967,21.30327825457687,-0.02566002654046806,-7.823462556140866
2.759999999999985,11.409839999999985,-0.0716626560503957,21.308423831958375,-0.02558986196121682,-7.851095293909388
2.769999999999985,11.451179999999985,-0.07212200774461724,21.313572202682632,-0.025517859561914213,-7.878719158805742
2.7799999999999847,11.492519999999985,-0.07258332002764414,21.318723365442445,-0.02544401260700313,-7.906334133322425
2.7899999999999845,11.533859999999985,-0.07304659665579649,21.323877318935487,-0.025368314363620137,-7.933940200148494
2.7999999999999843,11.575199999999985,-0.07351184134646446,21.32903406186429,-0.02529075810172854,-7.9615373421705105
2.809999999999984,11.616539999999985,-0.07397905777774241,21.3341935929364,-0.02521133709388068,-7.989125542470914
2.819999999999984,11.657879999999984,-0.07444824958814658,21.339355910864395,-0.025130044615239322,-8.016704784330097
2.8299999999999836,11.699219999999984,-0.0749194203762095,21.344521014365874,-0.025046873943423253,-8.04427505122448
2.8399999999999834,11.740559999999984,-0.07539257370025051,21.349688902163656,-0.024961818358436638,-8.07183632682865
2.849999999999983,11.781899999999984,-0.07586771307803228,21.35485957298567,-0.024874871142633148,-8.099388595014075
2.859999999999983,11.823239999999984,-0.07634484198636793,21.36003302556506,-0.024786025580500692,-8.126931839849924
2.869999999999983,11.864579999999984,-0.07682396386089146,21.36520925864041,-0.02469527495866325,-8.154466045602526
2.8799999999999826,11.905919999999984,-0.07730508209563197,21.37038827095553,-0.02460261256580154,-8.181991196736448
2.8899999999999824,11.947259999999984,-0.07778820004271933,21.37557006125978,-0.024508031692458687,-8.209507277914156
2.899999999999982,11.988599999999984,-0.07827332101206905,21.38075462830794,-0.024411525630987863,-8.237014273996499
2.909999999999982,12.029939999999984,-0.078760448270982,21.385941970860387,-0.024313087675441047,-8.264512170041959
2.9199999999999817,12.071279999999984,-0.0792495850438601,21.391132087683154,-0.024212711121469332,-8.292000951308736
2.9299999999999815,12.112619999999984,-0.07974073451181912,21.396324977547884,-0.024110389266213228,-8.319480603253156
2.9399999999999813,12.153959999999984,-0.08023389981235851,21.401520639232004,-0.024006115408128692,-8.346951111530071
2.949999999999981,12.195299999999984,-0.08072908403902468,21.40671907151888,-0.023899882846927956,-8.374412461995218
2.959999999999981,12.236639999999984,-0.08122629024097239,21.411920273197673,-0.02379168488341793,-8.401864640702529
2.9699999999999807,12.277979999999983,-0.08172552142277917,21.417124243063604,-0.02368151481945724,-8.429307633906252
2.9799999999999804,12.319319999999983,-0.08222678054384536,21.422330979917955,-0.023569365957691657,-8.456741428060687
2.9899999999999802,12.360659999999983,-0.08273007051830125,21.427540482568002,-0.02345523160156221,-8.484166009820978
2.99999999999998,12.401999999999983,-0.08323539421439907,21.432752749827408,-0.023339105054994203,-8.511581366042314
3.00999999999998,12.443339999999983,-0.083742754454293,21.437967780516043,-0.02322097962247399,-8.538987483781849
3.0199999999999796,12.484679999999983,-0.08425215401361272,21.44318557346018,-0.023100848608720526,-8.566384350297174
3.0299999999999794,12.526019999999983,-0.08476359562111296,21.448406127492465,-0.022978705318666692,-8.593771953048702
3.039999999999979,12.567359999999983,-0.08527708195825565,21.453629441452275,-0.022854543057160226,-8.621150279698075
3.049999999999979,12.608699999999983,-0.08579261565888557,21.458855514185387,-0.022728355129001898,-8.648519318110171
3.0599999999999787,12.650039999999983,-0.08631019930881076,21.46408434454439,-0.022600134838615726,-8.675879056352317
3.0699999999999785,12.691379999999983,-0.08682983544538217,21.46931593138876,-0.022469875489970703,-8.703229482695109
3.0799999999999783,12.732719999999983,-0.08735152655717046,21.47455027358471,-0.022337570386367522,-8.730570585613545
3.089999999999978,12.774059999999983,-0.08787527508358348,21.47978737000549,-0.022203212830381347,-8.757902353786552
3.099999999999978,12.815399999999983,-0.08840108341437117,21.485027219531464,-0.022066796123440813,-8.785224776097031
3.1099999999999777,12.856739999999983,-0.08892895388929295,21.49026982105017,-0.021928313565932334,-8.812537841634088
3.1199999999999775,12.898079999999982,-0.08945888879773262,21.495515173456326,-0.021787758456839112,-8.83984153969113
3.1299999999999772,12.939419999999982,-0.08999089037825789,21.500763275652186,-0.021645124093576495,-8.867135859768988
3.139999999999977,12.980759999999982,-0.09052496081823719,21.506014126547285,-0.021500403771805454,-8.89442079157433
3.149999999999977,13.022099999999982,-0.09106110225336358,21.511267725058797,-0.021353590785253007,-8.921696325020925
3.1599999999999766,13.063439999999982,-0.09159931676731814,21.516524070111622,-0.021204678425530032,-8.948962450230495
3.1699999999999764,13.104779999999982,-0.09213960639129792,21.521783160638442,-0.021053659981807693,-8.97621915753259
3.179999999999976,13.146119999999982,-0.09268197310364418,21.527044995579697,-0.020900528740701974,-9.003466437466132
3.189999999999976,13.187459999999982,-0.09322641882935662,21.532309573883968,-0.02074527798604664,-9.030704280778505
3.1999999999999758,13.228799999999982,-0.09377294543965473,21.537576894507904,-0.020587900998599695,-9.057932678428042
3.2099999999999755,13.270139999999982,-0.09432155475165388,21.542846956416323,-0.020428391055891948,-9.085151621582941
3.2199999999999753,13.311479999999982,-0.09487224852777293,21.548119758582402,-0.02026674143190238,-9.112361101622984
3.229999999999975,13.352819999999982,-0.09542502847542958,21.553395299987848,-0.020102945396934357,-9.139561110139695
3.239999999999975,13.394159999999982,-0.09597989624653347,21.558673579622827,-0.019936996217173042,-9.166751638936882
3.2499999999999747,13.435499999999982,-0.09653685343698495,21.5639545964863,-0.019768887154639647,-9.193932680032036
3.2599999999999745,13.476839999999982,-0.09709590158633549,21.569238349585934,-0.019598611466811466,-9.221104225656372
3.2699999999999743,13.518179999999981,-0.09765704217724444,21.57452483793847,-0.019426162406323777,-9.248266268255385
3.279999999999974,13.559519999999981,-0.09822027663506225,21.579814060569618,-0.01925153322078177,-9.275418800490284
3.289999999999974,13.600859999999981,-0.09878560632734593,21.58510601651433,-0.019074717152423315,-9.302561815238501
3.2999999999999736,13.642199999999981,-0.0993530325633673,21.59040070481692,-0.01889570743786212,-9.329695305593972
3.3099999999999734,13.683539999999981,-0.09992255659374624,21.595698124531065,-0.018714497307717903,-9.356819264868378
3.319999999999973,13.724879999999981,-0.10049417960981133,21.600998274720133,-0.01853107998636805,-9.383933686592114
3.329999999999973,13.766219999999981,-0.10106790274325261,21.60630115445719,-0.018345448691679533,-9.411038564514643
3.3399999999999728,13.807559999999981,-0.10164372706560318,21.611606762825268,-0.018157596634595374,-9.438133892605656
3.3499999999999726,13.848899999999981,-0.10222165358768046,21.61691509891729,-0.01796751701883903,-9.465219665055448
3.3599999999999723,13.89023999999998,-0.10280168325917591,21.62222616183646,-0.017775203040601817,-9.492295876276879
3.369999999999972,13.93157999999998,-0.10338381696818816,21.627539950696193,-0.017580647888215506,-9.519362520904927
3.379999999999972,13.97291999999998,-0.10396805554058289,21.632856464620474,-0.01738384474170146,-9.54641959379877
3.3899999999999717,14.01425999999998,-0.10455439973959049,21.638175702743844,-0.01718478677249813,-9.573467090041785
3.3999999999999715,14.05559999999998,-0.10514285026528813,21.643497664211665,-0.016983467143130204,-9.600505004943171
3.4099999999999713,14.09693999999998,-0.10573340775403972,21.648822348180246,-0.016779879006702247,-9.627533334038544
3.419999999999971,14.13827999999998,-0.10632607277807885,21.654149753816863,-0.01657401550663118,-9.654552073091157
3.429999999999971,14.17961999999998,-0.10692084584479583,21.659479880300236,-0.016365869776145625,-9.681561218092622
3.4399999999999706,14.22095999999998,-0.10751772739645635,21.66481272682037,-0.01615543493797872,-9.708560765264368
3.4499999999999704,14.26229999999998,-0.10811671780938853,21.670148292578904,-0.015942704103911354,-9.735550711058833
3.45999999999997,14.30363999999998,-0.10871781739370093,21.675486576789233,-0.015727670374293345,-9.762531052159334
3.46999999999997,14.34497999999998,-0.10932102639260019,21.680827578676716,-0.015510326837732402,-9.789501785482779
3.47999999999997,14.38631999999998,-0.10992634498186285,21.68617129747886,-0.015290666570501377,-9.816462908179725
3.4899999999999696,14.42765999999998,-0.11053377326930611,21.691517732445345,-0.01506868263621991,-9.843414417636232
3.4999999999999694,14.46899999999998,-0.11114331129419566,21.696866882838442,-0.014844368085276116,-9.870356311473982
3.509999999999969,14.51033999999998,-0.11175495902671018,21.702218747933102,-0.014617715954452937,-9.897288587552794
3.519999999999969,14.55167999999998,-0.11236871636734741,21.707573327017005,-0.014388719266338057,-9.924211243971301
3.5299999999999687,14.59301999999998,-0.11298458314639467,21.71293061939099,-0.014157371028862442,-9.951124279067324
3.5399999999999685,14.63435999999998,-0.11360255912331851,21.718290624369107,-0.013923664234808453,-9.978027691420557
3.5499999999999683,14.67569999999998,-0.11422264398616216,21.723653341278848,-0.013687591861321402,-10.00492147985371
3.559999999999968,14.71703999999998,-0.11484483735102502,21.729018769461327,-0.013449146869225881,-10.031805643431799
3.569999999999968,14.75837999999998,-0.11546913876136664,21.734386908271507,-0.013208322202664546,-10.058680181466428
3.5799999999999677,14.79971999999998,-0.11609554768749933,21.73975775707849,-0.012965110788429324,-10.085545093515817
3.5899999999999674,14.84105999999998,-0.11672406352597689,21.745131315265517,-0.012719505535330355,-10.112400379385003
3.5999999999999672,14.88239999999998,-0.11735468559886594,21.750507582230444,-0.012471499333766511,-10.139246039129542
3.609999999999967,14.92373999999998,-0.11798741315326669,21.755886557385818,-0.01222108505501196,-10.166082073055065
3.619999999999967,14.965079999999979,-0.11862224536065163,21.761268240158945,-0.011968255550628859,-10.192908481720456
3.6299999999999666,15.006419999999979,-0.1192591813162251,21.76665262999257,-0.011713003651804388,-10.219725265937267
3.6399999999999664,15.047759999999979,-0.11989822003822123,21.772039726344605,-0.011455322168794857,-10.24653242677363
3.649999999999966,15.089099999999979,-0.1205393604674391,21.777429528688714,-0.011195203890137784,-10.27332996555389
3.659999999999966,15.130439999999979,-0.1211826014663828,21.782822036514315,-0.010932641582092839,-10.300117883861265
3.6699999999999657,15.171779999999979,-0.12182794181882359,21.788217249327023,-0.010667627987910488,-10.326896183538988
3.6799999999999655,15.213119999999979,-0.12247538022892185,21.793615166648777,-0.010400155827062607,-10.353664866692226
3.6899999999999653,15.254459999999979,-0.12312491532080089,21.799015788018153,-0.010130217794605045,-10.380423935690029
3.699999999999965,15.295799999999979,-0.12377654563761059,21.804419112990555,-0.009857806560458537,-10.407173393165937
3.709999999999965,15.337139999999978,-0.12443026964109072,21.80982514113852,-0.009582914768470507,-10.433913242021148
3.7199999999999647,15.378479999999978,-0.1250860857107551,21.81523387205193,-0.00930553503587922,-10.460643485425672
3.7299999999999645,15.419819999999978,-0.12574399214324014,21.820645305338452,-0.009025659952385967,-10.487364126820083
3.7399999999999642,15.461159999999978,-0.12640398715159612,21.82605944062351,-0.008743282079294645,-10.514075169917383
3.749999999999964,15.502499999999978,-0.12706606886455998,21.831476277550884,-0.008458393948832632,-10.540776618704815
3.759999999999964,15.543839999999978,-0.1277302353259481,21.836895815782768,-0.008170988063194717,-10.567468477446909
3.7699999999999636,15.585179999999978,-0.12839648449383229,21.842318055000188,-0.007881056893661087,-10.59415075068525
3.7799999999999634,15.626519999999978,-0.12906481423981397,21.84774299490323,-0.007588592879785527,-10.620823443242688
3.789999999999963,15.667859999999978,-0.1297352223484227,21.85317063521131,-0.007293588428386455,-10.647486560224195
3.799999999999963,15.709199999999978,-0.1304077065161517,21.858600975663627,-0.006996035912707255,-10.674140107018864
3.8099999999999627,15.750539999999978,-0.13108226435100953,21.86403401601935,-0.006695927671442892,-10.700784089303154
3.8199999999999625,15.791879999999978,-0.13175889337150887,21.86946975605776,-0.006393256007660719,-10.727418513041991
3.8299999999999623,15.833219999999978,-0.13243759100602814,21.874908195579092,-0.00608801318794755,-10.754043384490998
3.839999999999962,15.874559999999978,-0.1331183545920148,21.880349334404286,-0.005780191441321358,-10.780658710199376
3.849999999999962,15.915899999999978,-0.13380118137530603,21.885793172375678,-0.005469782958121727,-10.807264497012014
3.8599999999999617,15.957239999999977,-0.1344860685091466,21.891239709357222,-0.005156779889029572,-10.833860752071448
3.8699999999999615,15.998579999999977,-0.13517301305357846,21.896688945234835,-0.004841174343980292,-10.860447482820694
3.8799999999999613,16.039919999999977,-0.13586201197461376,21.902140879916733,-0.004522958390894116,-10.887024697005625
3.889999999999961,16.08125999999998,-0.13655306214337914,21.907595513333845,-0.004202124054723144,-10.91359240267704
3.899999999999961,16.12259999999998,-0.13724616033532658,21.91305284544014,-0.0038786633161024264,-10.940150608194235
3.9099999999999606,16.163939999999982,-0.1379413032293982,21.918512876213036,-0.0035525681102863693,-10.966699322225862
3.9199999999999604,16.205279999999984,-0.13863848740726,21.92397560565369,-0.003223830325794097,-10.993238553754436
3.92999999999996,16.246619999999986,-0.1393377093524111,21.929441033787448,-0.00289244180321796,-11.019768312078028
3.93999999999996,16.287959999999988,-0.1400389654493098,21.93490916066428,-0.002558394333895042,-11.0462886068132
3.9499999999999598,16.32929999999999,-0.1407422519826361,21.940379986359083,-0.002221679658654052,-11.0727994478975
3.9599999999999596,16.37063999999999,-0.14144756513634918,21.945853510972178,-0.0018822894663252376,-11.09930084559309
3.9699999999999593,16.411979999999993,-0.14215490099278602,21.95132973462964,-0.0015402153925136997,-11.125792810489335
3.979999999999959,16.453319999999994,-0.14286425553186802,21.95680865748386,-0.0011954490179441613,-11.15227535350503
3.989999999999959,16.494659999999996,-0.1435756246301544,21.962290279713713,-0.0008479818673225448,-11.178748485892825
3.9999999999999587,16.535999999999998,-0.14428900406001552,21.967774601525285,-0.0004978054075409633,-11.205212219240973
4.009999999999959,16.57734,-0.14500438948864558,21.973261623152233,-0.00014491104636793484,-11.231666565477859
4.019999999999959,16.61868,-0.14572177647722492,21.978751344856164,0.00021070986929011548,-11.258111536873965
4.0299999999999585,16.660020000000003,-0.14644116047992348,21.984243766927133,0.0005690660548287041,-11.284547146046027
4.039999999999958,16.701360000000005,-0.1471625368430581,21.98973888968415,0.0009301662897340801,-11.310973405959992
4.049999999999958,16.742700000000006,-0.14788590080407676,21.995236713475748,0.0012940194191586318,-11.337390329934804
4.059999999999958,16.784040000000008,-0.1486112474906882,22.000737238680195,0.0016606343557236114,-11.363797931646001
4.069999999999958,16.82538000000001,-0.14933857191984412,22.006240465706377,0.0020300200812268243,-11.390196225128312
4.079999999999957,16.86672000000001,-0.1500678689967464,22.011746394994017,0.002402185648508637,-11.41658522478111
4.089999999999957,16.908060000000013,-0.15079913351398058,22.017255027014322,0.002777140183251481,-11.442964945370337
4.099999999999957,16.949400000000015,-0.1515323601504389,22.022766362270513,0.003154892885916305,-11.469335402033906
4.109999999999957,16.990740000000017,-0.1522675434703639,22.02828040129841,0.0035354530337485812,-11.49569661028444
4.119999999999957,17.03208000000002,-0.15300467792226805,22.033797144666888,0.003918829982607841,-11.522048586013849
4.129999999999956,17.07342000000002,-0.15374375783807753,22.03931659297852,0.004305033169191896,-11.548391345497649
4.139999999999956,17.11476000000002,-0.1544847774319949,22.044838746870187,0.004694072113061221,-11.574724905398872
4.149999999999956,17.156100000000023,-0.15522773079942487,22.05036360701355,0.005085956418859949,-11.601049282772138
4.159999999999956,17.197440000000025,-0.1559726119160473,22.055891174115853,0.005480695778351752,-11.627364495068488
4.1699999999999555,17.238780000000027,-0.1567194146366925,22.06142144892033,0.005878299972903456,-11.653670560139561
4.179999999999955,17.28012000000003,-0.15746813269426724,22.06695443220704,0.006278778875659641,-11.67996749624262
4.189999999999955,17.32146000000003,-0.15821875969874605,22.07249012479332,0.006682142453995399,-11.706255322044866
4.199999999999955,17.362800000000032,-0.15897128913600683,22.078028527534578,0.0070884007719219655,-11.732534056627957
4.209999999999955,17.404140000000034,-0.15972571436679028,22.083569641325006,0.0074975639926569415,-11.758803719494203
4.2199999999999545,17.445480000000035,-0.16048202862557592,22.08911346709811,0.007909642381088322,-11.785064330569991
4.229999999999954,17.486820000000037,-0.16124022501948707,22.094660005827564,0.008324646306517691,-11.811315910212322
4.239999999999954,17.52816000000004,-0.16200029652710624,22.10020925852782,0.00874258624535268,-11.837558479212719
4.249999999999954,17.56950000000004,-0.16276223599741876,22.105761226254987,0.009163472783854987,-11.863792058804453
4.259999999999954,17.610840000000042,-0.16352603614855973,22.11131591010753,0.009587316621011754,-11.890016670666169
4.269999999999953,17.652180000000044,-0.16429168956685117,22.116873311226826,0.01001412857142936,-11.916232336929433
4.279999999999953,17.693520000000046,-0.16505918870534858,22.122433430798424,0.010443919568475513,-11.94243908018248
4.289999999999953,17.734860000000047,-0.1658285258829092,22.12799627005239,0.010876700667184935,-11.968636923478387
4.299999999999953,17.77620000000005,-0.166599693282875,22.133561830264394,0.011312483047580035,-11.99482589033943
4.3099999999999525,17.81754000000005,-0.1673726829519469,22.139130112756508,0.011751278017866018,-12.021006004764262
4.319999999999952,17.858880000000052,-0.16814748679891522,22.144701118898045,0.012193097017751287,-12.047177291234652
4.329999999999952,17.900220000000054,-0.16892409659340984,22.150274850106452,0.012637951621972676,-12.073339774720468
4.339999999999952,17.941560000000056,-0.16970250396479658,22.155851307848252,0.013085853543790271,-12.09949348068877
4.349999999999952,17.982900000000058,-0.17048270040077268,22.16143049363996,0.01353681463861095,-12.125638435108616
4.3599999999999515,18.02424000000006,-0.17126467724624944,22.16701240904905,0.013990846907698362,-12.151774664459571
4.369999999999951,18.06558000000006,-0.17204842570202247,22.172597055694844,0.014447962502072254,-12.177902195738197
4.379999999999951,18.106920000000063,-0.17283393682346915,22.17818443524971,0.014908173726454865,-12.20402105646621
4.389999999999951,18.148260000000064,-0.1736212015193472,22.18377454943994,0.015371493043258577,-12.230131274698277
4.399999999999951,18.189600000000066,-0.17441021055042102,22.18936740004678,0.015837933076797317,-12.25623287902874
4.40999999999995,18.230940000000068,-0.1752009545282253,22.194962988907697,0.01630750661767827,-12.282325898600641
4.41999999999995,18.27228000000007,-0.1759934239136753,22.20056131791717,0.01678022662701545,-12.308410363114135
4.42999999999995,18.31362000000007,-0.17678760901578044,22.206162389028208,0.0172561062411673,-12.33448630283507
4.43999999999995,18.354960000000073,-0.17758349999034315,22.211766204253248,0.017735158776310156,-12.360553748603179
4.4499999999999496,18.396300000000075,-0.17838108683857407,22.21737276566549,0.018217397733296614,-12.386612731841748
4.459999999999949,18.437640000000076,-0.17918035940572033,22.222982075400026,0.018702836802551248,-12.412663284566722
4.469999999999949,18.478980000000078,-0.179981307379749,22.2285941356551,0.01919148986929492,-12.438705439396278
4.479999999999949,18.52032000000008,-0.18078392028997156,22.23420894869362,0.019683371018632878,-12.464739229560726
4.489999999999949,18.56166000000008,-0.18158818750561423,22.239826516844136,0.020178494541161163,-12.49076468891181
4.4999999999999485,18.603000000000083,-0.18239409823446068,22.24544684250253,0.02067687493830722,-12.516781851934867
4.509999999999948,18.644340000000085,-0.18320164152151372,22.251069928133226,0.021178526928332053,-12.542790753758009
4.519999999999948,18.685680000000087,-0.18401080624752855,22.25669577627075,0.02168346545208838,-12.568791430163422
4.529999999999948,18.72702000000009,-0.18482158112762165,22.26232438952109,0.02219170567913975,-12.594783917599631
4.539999999999948,18.76836000000009,-0.18563395470980426,22.267955770563336,0.022703263014123343,-12.620768253191512
4.549999999999947,18.809700000000092,-0.18644791537366595,22.27358992215119,0.02321815310312897,-12.6467444747545
4.559999999999947,18.851040000000093,-0.18726345132886046,22.279226847114618,0.023736391840555926,-12.672712620804624
4.569999999999947,18.892380000000095,-0.18808055061375117,22.28486654836152,0.024257995375816743,-12.698672730573016
4.579999999999947,18.933720000000097,-0.1888992010938877,22.29050902887932,0.024782980120621745,-12.724624844018855
4.589999999999947,18.9750600000001,-0.18971939046068276,22.296154291736855,0.025311362756242628,-12.750569001841832
4.599999999999946,19.0164000000001,-0.1905411062298379,22.301802340086283,0.025843160241200536,-12.776505245497434
4.609999999999946,19.057740000000102,-0.19136433573998668,22.307453177164522,0.02637838981897417,-12.802433617210506
4.619999999999946,19.099080000000104,-0.19218906615136094,22.313106806295774,0.026917069026147655,-12.828354159990758
4.629999999999946,19.140420000000105,-0.19301528444403307,22.31876323089304,0.027459215700811335,-12.854266917647562
4.6399999999999455,19.181760000000107,-0.19384297741687867,22.32442245446026,0.028004847991178028,-12.880171934806317
4.649999999999945,19.22310000000011,-0.1946721316858485,22.330084480594657,0.028553984364443452,-12.906069256924416
4.659999999999945,19.26444000000011,-0.19550273368266924,22.335749312988586,0.02910664361609927,-12.93195893030843
4.669999999999945,19.305780000000112,-0.1963347696534133,22.34141695543193,0.029662844879444428,-12.957841002131367
4.679999999999945,19.347120000000114,-0.19716822565707287,22.347087411814446,0.030222607635486454,-12.983715520450797
4.689999999999944,19.388460000000116,-0.19800308756413612,22.352760686128008,0.030785951723015237,-13.009582534227267
4.699999999999944,19.429800000000117,-0.19883934105523451,22.358436782469198,0.031352897349372355,-13.035442093343946
4.709999999999944,19.47114000000012,-0.19967697161977277,22.36411570504183,0.03192346510115135,-13.061294248626234
4.719999999999944,19.51248000000012,-0.2005159645545306,22.369797458159546,0.03249767595575537,-13.087139051862707
4.729999999999944,19.553820000000123,-0.2013563049623461,22.37548204624842,0.03307555129295736,-13.112976555825862
4.739999999999943,19.595160000000124,-0.20219797775081194,22.38116947384995,0.03365711290706258,-13.138806814294925
4.749999999999943,19.636500000000126,-0.20304096763100227,22.386859745623884,0.03424238301951876,-13.164629882077511
4.759999999999943,19.677840000000128,-0.20388525911607716,22.392552866351096,0.03483138429196331,-13.19044581503461
4.769999999999943,19.71918000000013,-0.2047308365202265,22.398248840936933,0.03542413983966214,-13.216254670104366
4.7799999999999425,19.76052000000013,-0.2055776839573856,22.403947674414177,0.03602067324563313,-13.242056505327001
4.789999999999942,19.801860000000133,-0.2064257853400583,22.40964937194644,0.03662100857514483,-13.26785137987225
4.799999999999942,19.843200000000135,-0.20727512437822326,22.415353938831647,0.03722517039076206,-13.293639354065498
4.809999999999942,19.884540000000136,-0.2081256845782447,22.42106138050557,0.037833183768062606,-13.319420489415961
4.819999999999942,19.925880000000138,-0.20897744924194803,22.426771702545544,0.03844507431184191,-13.34519484864772
4.8299999999999415,19.96722000000014,-0.2098304014654886,22.432484910674155,0.03906086817306165,-13.370962495727952
4.839999999999941,20.00856000000014,-0.2106845241386352,22.438201010763386,0.039680592066372256,-13.396723495899005
4.849999999999941,20.049900000000143,-0.21153979994382724,22.443920008838578,0.04030427328835856,-13.422477915712534
4.859999999999941,20.091240000000145,-0.21239621135549336,22.44964191108277,0.04093193973644582,-13.448225823061504
4.869999999999941,20.132580000000146,-0.2132537406393245,22.455366723841088,0.04156361992869817,-13.473967287217274
4.87999999999994,20.173920000000148,-0.21411236985179866,22.461094453625375,0.04219934302429784,-13.499702378864914
4.88999999999994,20.21526000000015,-0.21497208083961475,22.466825107118808,0.042839138844796676,-13.525431170142271
4.89999999999994,20.25660000000015,-0.21583285523939666,22.47255869118117,0.0434830378966094,-13.551153734679435
4.90999999999994,20.297940000000153,-0.21669467447748172,22.478295212853627,0.04413107139378991,-13.576870147639893
4.9199999999999395,20.339280000000155,-0.21755751976967358,22.484034679364328,0.04478327128248322,-13.60258048576364
4.929999999999939,20.380620000000157,-0.2184213721214912,22.48977709813392,0.04543967026586915,-13.628284827411825
4.939999999999939,20.42196000000016,-0.2192862123281785,22.49552247678129,0.04610030183042779,-13.653983252613662
4.949999999999939,20.46330000000016,-0.22015202097522163,22.50127082312955,0.04676520027324166,-13.67967584311449
4.959999999999939,20.504640000000162,-0.22101877843871257,22.507022145212527,0.04743440073058791,-13.705362682426902
4.9699999999999385,20.545980000000164,-0.22188646488633418,22.512776451281002,0.04810793920765716,-13.731043855882982
4.979999999999938,20.587320000000165,-0.22275506027821756,22.51853374980989,0.048785852609616154,-13.756719450689548
4.989999999999938,20.628660000000167,-0.22362454436804724,22.524294049504995,0.049468178774182525,-13.782389555986413
4.999999999999938,20.669999999999998,-0.22449489670477157,22.530057359310558,0.050154956505445436,-13.8080542629044
5.009999999999938,20.628659999999996,-0.22510241981511453,22.52701607832828,0.05069297814337281,-13.81036757591184
5.019999999999937,20.587319999999995,-0.22500328565774194,22.52181698789826,0.05097934495643003,-13.79808399250196
5.029999999999937,20.545979999999993,-0.22449338181106404,22.516393068372224,0.05093509869181323,-13.779815378601894
5.039999999999937,20.50463999999999,-0.22374286822658934,22.510786084769848,0.05065508984685113,-13.758315226303731
5.049999999999937,20.46329999999999,-0.22289529438508515,22.505118468492434,0.050217298166912006,-13.735019085380985
5.0599999999999365,20.421959999999988,-0.22201137068095786,22.49941433537149,0.0496795674804249,-13.710717621110119
5.069999999999936,20.380619999999986,-0.22112050363689273,22.49369100698094,0.04908244497657971,-13.685799662118635
5.079999999999936,20.339279999999984,-0.22023213825226656,22.4879572334721,0.0484502515970337,-13.660510778318631
5.089999999999936,20.297939999999983,-0.21934959802357312,22.482217997438962,0.04779882338344715,-13.634985974565838
5.099999999999936,20.25659999999998,-0.21847262149360186,22.47647661951405,0.04713725527222762,-13.609314268212477
5.1099999999999355,20.21525999999998,-0.21760045822054153,22.47073497057461,0.04647135327470048,-13.58354772609946
5.119999999999935,20.173919999999978,-0.21673199497879947,22.464994321464175,0.04580449820073179,-13.557720448790125
5.129999999999935,20.132579999999976,-0.21586644266318253,22.459255413249025,0.04513882806945635,-13.531853019863755
5.139999999999935,20.091239999999974,-0.21500313089127623,22.453518730613716,0.04447560492476388,-13.505958716753831
5.149999999999935,20.049899999999973,-0.21414164206846611,22.447784566551164,0.04381561211807128,-13.48004567178946
5.159999999999934,20.00855999999997,-0.213281669370045,22.44205310325252,0.04315930886409397,-13.4541190466711
5.169999999999934,19.96721999999997,-0.21242303430394044,22.436324452511442,0.042506968650400045,-13.428182003898993
5.179999999999934,19.925879999999967,-0.2115656175022139,22.430598679636987,0.04185874334755019,-13.402236507866693
5.189999999999934,19.884539999999966,-0.21070935628844237,22.42487582367112,0.041214713120509616,-13.376283740565965
5.199999999999934,19.843199999999964,-0.20985421472321503,22.419155904771575,0.040574912523148376,-13.35032440628005
5.209999999999933,19.801859999999962,-0.20900018018862593,22.413438933255932,0.03993934895165563,-13.324358903967877
5.219999999999933,19.76051999999996,-0.2081472511454872,22.40772491202461,0.03930801305524262,-13.298387445072061
5.229999999999933,19.71917999999996,-0.20729543516195587,22.402013840358087,0.038680885642284835,-13.272410123405244
5.239999999999933,19.677839999999957,-0.20644474407469343,22.396305714758057,0.03805794174808369,-13.246426960925346
5.2499999999999325,19.636499999999955,-0.20559519306391066,22.39060053047759,0.037439153218178645,-13.220437935543373
5.259999999999932,19.595159999999954,-0.20474679878568308,22.384898281823904,0.03682449025980805,-13.194442998845293
5.269999999999932,19.553819999999952,-0.2038995789787897,22.379198962755606,0.03621392239395416,-13.168442086959315
5.279999999999932,19.51247999999995,-0.2030535517584066,22.37350256699223,0.035607419026804754,-13.142435127342718
5.289999999999932,19.47113999999995,-0.20220873545980272,22.367809088240413,0.03500494978693852,-13.116422042941533
5.299999999999931,19.429799999999947,-0.20136514837699088,22.3621185202313,0.034406484722242725,-13.090402754737525
5.309999999999931,19.388459999999945,-0.20052280870478723,22.356430856802632,0.033811994407767776,-13.064377183293967
5.319999999999931,19.347119999999943,-0.19968173444504983,22.35074609190964,0.033221450002335284,-13.038345249674814
5.329999999999931,19.30577999999994,-0.19884194338754796,22.345064219651892,0.03263482327257344,-13.012306875985997
5.339999999999931,19.26443999999994,-0.1980034530784525,22.339385234274385,0.03205208659870812,-12.986261985681605
5.34999999999993,19.22309999999994,-0.19716628081578674,22.33370913017422,0.03147321296889183,-12.960210503727009
5.35999999999993,19.181759999999937,-0.19633044364079372,22.328035901898208,0.030898175967638997,-12.93415235667616
5.36999999999993,19.140419999999935,-0.1954959583386035,22.322365544141995,0.030326949760796196,-12.908087472697034
5.37999999999993,19.099079999999933,-0.19466284143766371,22.316698051746766,0.029759509078605195,-12.882015781567073
5.3899999999999295,19.05773999999993,-0.19383110921235525,22.311033419696166,0.029195829198354395,-12.855937214651902
5.399999999999929,19.01639999999993,-0.19300077768506954,22.305371643112405,0.028635885926901805,-12.829851704872452
5.409999999999929,18.975059999999928,-0.19217186262942565,22.299712717252845,0.028079655583283847,-12.80375918666888
5.419999999999929,18.933719999999926,-0.19134437957323996,22.294056637506138,0.027527114981951928,-12.777659595961207
5.429999999999929,18.892379999999925,-0.19051834380180402,22.288403399388713,0.02697824141639027,-12.75155287011009
5.4399999999999284,18.851039999999923,-0.18969377036100243,22.28275299854117,0.026433012643415466,-12.725438947876555
5.449999999999928,18.80969999999992,-0.18887067406060248,22.277105430725022,0.025891406868002953,-12.699317769385665
5.459999999999928,18.76835999999992,-0.18804906947731692,22.271460691819193,0.025353402728689245,-12.673189276086205
5.469999999999928,18.727019999999918,-0.1872289709580145,22.265818777817078,0.024818979283606213,-12.647053410717445
5.479999999999928,18.685679999999916,-0.1864103926225813,22.260179684823296,0.024288115996942472,-12.620910117273173
5.489999999999927,18.644339999999914,-0.18559334836714786,22.254543409050743,0.023760792726066293,-12.59475934096847
5.499999999999927,18.602999999999913,-0.1847778518667755,22.24890994681792,0.023236989708973532,-12.568601028208263
5.509999999999927,18.56165999999991,-0.18396391657850064,22.243279294545975,0.022716687552444215,-12.542435126555928
5.519999999999927,18.52031999999991,-0.18315155574402264,22.237651448756143,0.02219986722045969,-12.516261584703615
5.5299999999999265,18.478979999999908,-0.18234078239252438,22.232026406067263,0.02168651002308153,-12.490080352445077
5.539999999999926,18.437639999999906,-0.18153160934333132,22.22640416319319,0.02117659760584617,-12.463891380646748
5.549999999999926,18.396299999999904,-0.1807240492085515,22.220784716940436,0.02067011193945434,-12.437694621222905
5.559999999999926,18.354959999999902,-0.1799181143957119,22.21516806420596,0.020167035309893944,-12.411490027109817
5.569999999999926,18.3136199999999,-0.17911381711028154,22.20955420197496,0.0196673503089545,-12.385277552240845
5.5799999999999255,18.2722799999999,-0.17831116935811148,22.20394312731843,0.019171039824903868,-12.359057151524635
5.589999999999925,18.230939999999897,-0.17751018294795656,22.198334837391602,0.018678087033735635,-12.33282878082118
5.599999999999925,18.189599999999896,-0.17671086949379136,22.19272932943147,0.018188475390554515,-12.306592396921308
5.609999999999925,18.148259999999894,-0.17591324041729367,22.187126600755064,0.017702188621392945,-12.280347957524754
5.619999999999925,18.106919999999892,-0.17511730694999744,22.18152664875758,0.0172192107151668,-12.254095421220182
5.629999999999924,18.06557999999989,-0.17432308013567252,22.175929470910496,0.016739525916098064,-12.227834747467396
5.639999999999924,18.02423999999989,-0.1735305708325621,22.17033506475981,0.01626311871609465,-12.201565896575834
5.649999999999924,17.982899999999887,-0.17273978971545922,22.164743427924464,0.015789973847835148,-12.17528882968897
5.659999999999924,17.941559999999885,-0.17195074727799195,22.15915455809447,0.015320076277587413,-12.1490035087659
5.6699999999999235,17.900219999999884,-0.17116345383464798,22.15356845302946,0.01485341119867456,-12.122709896564114
5.679999999999923,17.858879999999882,-0.17037791952287692,22.14798511055718,0.014389964024958568,-12.096407956624125
5.689999999999923,17.81753999999988,-0.1695941543051744,22.142404528571774,0.013929720384433075,-12.07009765325289
5.699999999999923,17.77619999999988,-0.16881216797099327,22.136826705032515,0.013472666113428011,-12.04377895150931
5.709999999999923,17.734859999999877,-0.16803197013882912,22.13125163796232,0.013018787250495045,-12.017451817188975
5.7199999999999225,17.693519999999875,-0.1672535702580129,22.125679325446345,0.012568070030882839,-11.99111621681079
5.729999999999922,17.652179999999873,-0.16647697761083047,22.120109765630694,0.012120500880902496,-11.964772117601964
5.739999999999922,17.61083999999987,-0.16570220131422592,22.114542956721053,0.011676066412780184,-11.938419487486188
5.749999999999922,17.56949999999987,-0.16492925032163866,22.10897889698152,0.011234753419308963,-11.91205829506928
5.759999999999922,17.52815999999987,-0.16415813342502553,22.103417584733258,0.010796548868980849,-11.885688509627977
5.769999999999921,17.486819999999867,-0.16338885925638655,22.09785901835348,0.010361439901036773,-11.859310101097408
5.779999999999921,17.445479999999865,-0.16262143628964698,22.092303196274017,0.009929413821013422,-11.832923040058397
5.789999999999921,17.404139999999863,-0.161855872842488,22.086750116980507,0.009500458095797637,-11.806527297728671
5.799999999999921,17.36279999999986,-0.16109217707779758,22.081199779011012,0.009074560349589311,-11.780122845948346
5.809999999999921,17.32145999999986,-0.1603303570056784,22.07565218095516,0.008651708359345645,-11.753709657172676
5.81999999999992,17.280119999999858,-0.15957042048478942,22.070107321452973,0.008231890050883928,-11.727287704459243
5.82999999999992,17.238779999999856,-0.15881237522414798,22.064565199193908,0.007815093494561942,-11.700856961459614
5.83999999999992,17.197439999999855,-0.1580562287847275,22.05902581291584,0.00740130690163221,-11.674417402407881
5.84999999999992,17.156099999999853,-0.15730198858094652,22.05348916140414,0.0069905186202893765,-11.647969002113289
5.8599999999999195,17.11475999999985,-0.1565496618823369,22.04795524349069,0.006582717131960847,-11.62151173594887
5.869999999999919,17.07341999999985,-0.15579925581498563,22.042424058053072,0.006177891047970729,-11.595045579844573
5.879999999999919,17.032079999999848,-0.15505077736309256,22.03689560401352,0.0057760291056691004,-11.568570510277185
5.889999999999919,16.990739999999846,-0.15430423337046767,22.031369880338175,0.005377120165466209,-11.542086504261988
5.899999999999919,16.949399999999844,-0.15355963054192853,22.025846886036213,0.004981153207194666,-11.515593539345748
5.909999999999918,16.908059999999843,-0.15281697544483283,22.020326620158933,0.004588117327203267,-11.489091593597426
5.919999999999918,16.86671999999984,-0.1520762745104823,22.014809081799168,0.004198001735118695,-11.462580645600777
5.929999999999918,16.82537999999984,-0.1513375340354744,22.009294270090216,0.0038107957508080603,-11.436060674448013
5.939999999999918,16.784039999999838,-0.15060076018316987,22.003782184205228,0.003426488801541838,-11.409531659730648
5.949999999999918,16.742699999999836,-0.1498659589849603,21.998272823356572,0.0030450704190838063,-11.382993581533388
5.959999999999917,16.701359999999834,-0.1491331363417308,21.992766186794817,0.002666530236978215,-11.356446420427465
5.969999999999917,16.660019999999832,-0.14840229802510316,21.98726227380833,0.0022908579877615742,-11.329890157463016
5.979999999999917,16.61867999999983,-0.1476734496787598,21.981761083722294,0.0019180435004698682,-11.303324774163128
5.989999999999917,16.57733999999983,-0.14694659681979444,21.976262615898214,0.0015480766979990568,-11.276750252517523
5.9999999999999165,16.535999999999827,-0.1462217448399051,21.970766869733268,0.0011809475946382708,-11.250166574975985
6.009999999999916,16.494659999999826,-0.14549889900671378,21.965273844659396,0.0008166462936830543,-11.22357372444248
6.019999999999916,16.453319999999824,-0.14477806446494507,21.95978354014315,0.00045516298509623576,-11.196971684268982
6.029999999999916,16.411979999999822,-0.1440592462378002,21.954295955684504,9.648794316702292e-05,-11.170360438249919
6.039999999999916,16.37063999999982,-0.1433424492279075,21.948811090816662,-0.0002593884756843523,-11.143739970617148
6.0499999999999154,16.32929999999982,-0.14262767821885838,21.943328945105257,-0.000612475835033599,-11.117110266033297
6.059999999999915,16.287959999999817,-0.14191493787599443,21.93784951814797,-0.0009627836206285156,-11.090471309587032
6.069999999999915,16.246619999999815,-0.14120423274788113,21.932372809573643,-0.0013103212424197541,-11.063823086788016
6.079999999999915,16.205279999999814,-0.14049556726736598,21.92689881904207,-0.0016550980365022117,-11.037165583561825
6.089999999999915,16.163939999999812,-0.1397889457526586,21.921427546243198,-0.0019971232671768813,-11.01049878624432
6.099999999999914,16.12259999999981,-0.1390843724084341,21.915958990896787,-0.002336406128785329,-10.983822681577928
6.109999999999914,16.08125999999981,-0.13838185132709588,21.910493152751613,-0.0026729557475276833,-10.957137256705828
6.119999999999914,16.039919999999807,-0.1376813864896498,21.905030031585348,-0.0030067811833263125,-10.930442499167867
6.129999999999914,15.998579999999807,-0.13698298176697862,21.899569627203803,-0.0033378914315506103,-10.903738396896177
6.1399999999999135,15.957239999999807,-0.13628664092073006,21.89411193944034,-0.0036662954247608792,-10.877024938210788
6.149999999999913,15.915899999999807,-0.13559236760455476,21.888656968155722,-0.0039920020342988916,-10.850302111814825
6.159999999999913,15.874559999999807,-0.13490016536498595,21.883204713237415,-0.004315020072023612,-10.823569906790777
6.169999999999913,15.833219999999807,-0.1342100376424995,21.87775517459911,-0.004635358291774583,-10.79682831259664
6.179999999999913,15.791879999999807,-0.1335219877726016,21.872308352180397,-0.004953025391058907,-10.770077319060803
6.1899999999999125,15.750539999999807,-0.13283601898676242,21.866864245946296,-0.005268030012395786,-10.743316916379607
6.199999999999912,15.709199999999807,-0.13215213441340287,21.861422855886797,-0.005580380744994007,-10.71654709511312
6.209999999999912,15.667859999999807,-0.13147033707891675,21.85598418201635,-0.0058900861258911474,-10.689767846180047
6.219999999999912,15.626519999999807,-0.13079062990857568,21.85054822437362,-0.006197154641644387,-10.662979160856107
6.229999999999912,15.585179999999808,-0.1301130157275617,21.845114983021034,-0.006501594729539983,-10.636181030769308
6.239999999999911,15.543839999999808,-0.12943749726180506,21.839684458044275,-0.006803414778902339,-10.609373447896324
6.249999999999911,15.502499999999808,-0.12876407713902055,21.834256649551957,-0.007102623132512587,-10.582556404560066
6.259999999999911,15.461159999999808,-0.12809275788958374,21.828831557675358,-0.007399228087729026,-10.555729893424946
6.269999999999911,15.419819999999808,-0.1274235419474086,21.82340918256781,-0.007693237897772154,-10.528893907495476
6.2799999999999105,15.378479999999808,-0.126756431650866,21.817989524404535,-0.007984660773052321,-10.502048440111238
6.28999999999991,15.337139999999808,-0.12609142924374486,21.812572583382288,-0.008273504882158167,-10.475193484944953
6.29999999999991,15.295799999999808,-0.1254285368760234,21.807158359718684,-0.00855977835297217,-10.44832903599809
6.30999999999991,15.254459999999808,-0.12476775660478667,21.801746853652304,-0.008843489274091398,-10.421455087600394
6.31999999999991,15.213119999999808,-0.12410909039510679,21.79633806544208,-0.00912464569558824,-10.394571634404242
6.3299999999999095,15.171779999999808,-0.12345254012083046,21.790931995366996,-0.009403255630194729,-10.367678671383187
6.339999999999909,15.130439999999808,-0.12279810756548643,21.785528643725776,-0.009679327054429865,-10.340776193828837
6.349999999999909,15.089099999999808,-0.12214579442309823,21.78012801083665,-0.009952867909431173,-10.313864197348813
6.359999999999909,15.047759999999808,-0.12149560229897335,21.774730097036837,-0.010223886102114499,-10.286942677862614
6.369999999999909,15.006419999999808,-0.1208475327105146,21.769334902682413,-0.010492389506016553,-10.260011631600422
6.379999999999908,14.965079999999809,-0.1202015870880701,21.76394242814805,-0.0107583859622995,-10.233071055099563
6.389999999999908,14.923739999999809,-0.11955776677570165,21.758552673826465,-0.011021883280652178,-10.206120945202683
6.399999999999908,14.882399999999809,-0.11891607303197166,21.753165640128337,-0.011282889240172123,-10.179161299054867
6.409999999999908,14.841059999999809,-0.1182765070306889,21.747781327481903,-0.011541411590288764,-10.152192114101311
6.419999999999908,14.799719999999809,-0.11763906986175801,21.742399736332914,-0.011797458051548249,-10.125213388085108
6.429999999999907,14.758379999999809,-0.11700376253180952,21.737020867143933,-0.012051036316499564,-10.098225119044418
6.439999999999907,14.717039999999809,-0.11637058596510308,21.731644720394502,-0.012302154050466196,-10.07122730531146
6.449999999999907,14.675699999999809,-0.11573954100417744,21.726271296580546,-0.012550818892423377,-10.044219945508726
6.459999999999907,14.634359999999809,-0.11511062841056358,21.720900596214303,-0.012797038455618248,-10.01720303854801
6.4699999999999065,14.59301999999981,-0.11448384886563279,21.71553261982406,-0.013040820328533875,-9.990176583627123
6.479999999999906,14.55167999999981,-0.1138592029711741,21.710167367953687,-0.013282172075399334,-9.963140580229451
6.489999999999906,14.51033999999981,-0.11323669125019334,21.70480484116269,-0.013521101237135569,-9.936095028120628
6.499999999999906,14.46899999999981,-0.11261631414760653,21.699445040025765,-0.013757615331903061,-9.909039927346559
6.509999999999906,14.42765999999981,-0.11199807203090872,21.694087965132532,-0.013991721855798778,-9.881975278232268
6.519999999999905,14.38631999999981,-0.11138196519090518,21.688733617087593,-0.014223428283627215,-9.85490108137915
6.529999999999905,14.34497999999981,-0.11076799384235714,21.683381996509876,-0.01445274206949243,-9.827817337663669
6.539999999999905,14.30363999999981,-0.11015615812472246,21.678033104032675,-0.01467967064738468,-9.800724048235473
6.549999999999905,14.26229999999981,-0.10954645810267041,21.672686940303507,-0.014904221431908726,-9.773621214515101
6.559999999999905,14.22095999999981,-0.10893889376696902,21.667343505983492,-0.015126401818813306,-9.746508838192721
6.569999999999904,14.17961999999981,-0.10833346503495223,21.662002801747626,-0.015346219185630894,-9.719386921226299
6.579999999999904,14.13827999999981,-0.10773017175123997,21.65666482828426,-0.015563680892255571,-9.692255465840184
6.589999999999904,14.09693999999981,-0.10712901368843672,21.65132958629499,-0.0157787942814534,-9.665114474522492
6.599999999999904,14.05559999999981,-0.1065299905476283,21.645997076494304,-0.01599156667950541,-9.637963950024385
6.6099999999999035,14.01425999999981,-0.10593310195917566,21.64066729960978,-0.016202005396662833,-9.610803895358456
6.619999999999903,13.97291999999981,-0.10533834748319043,21.63534025638135,-0.016410117727752138,-9.583634313796887
6.629999999999903,13.93157999999981,-0.10474572661024592,21.630015947561542,-0.01661591095260323,-9.55645520886969
6.639999999999903,13.89023999999981,-0.10415523876193555,21.62469437391502,-0.01681939233666374,-9.529266584363812
6.649999999999903,13.84889999999981,-0.10356688329153962,21.619375536218552,-0.017020569131356633,-9.502068444321335
6.659999999999902,13.80755999999981,-0.10298065948453422,21.614059435260806,-0.017219448574674945,-9.474860793038335
6.669999999999902,13.76621999999981,-0.10239656655929527,21.60874607184202,-0.017416037891579528,-9.447643635062711
6.679999999999902,13.72487999999981,-0.10181460366756029,21.60343544677403,-0.017610344294477276,-9.420416975193863
6.689999999999902,13.68353999999981,-0.10123476989509492,21.598127560879945,-0.01780237498365922,-9.393180818480195
6.699999999999902,13.64219999999981,-0.10065706426229534,21.59282241499407,-0.01799213714777842,-9.365935170219808
6.709999999999901,13.60085999999981,-0.10008148572464004,21.58752000996169,-0.0181796379642023,-9.338680035956383
6.719999999999901,13.55951999999981,-0.09950803317333873,21.58222034663886,-0.018364884599476827,-9.311415421480294
6.729999999999901,13.518179999999811,-0.09893670543589894,21.576923425892364,-0.018547884209697996,-9.284141332825994
6.739999999999901,13.476839999999811,-0.09836750127664615,21.571629248599372,-0.01872864394094359,-9.256857776271913
6.7499999999999005,13.435499999999811,-0.09780041939726183,21.566337815647557,-0.018907170929644723,-9.229564758338022
6.7599999999999,13.394159999999811,-0.09723545843738554,21.561049127934577,-0.019083472302883986,-9.202262285785942
6.7699999999999,13.352819999999811,-0.0966726169750799,21.555763186368296,-0.019257555178952945,-9.174950365617192
6.7799999999999,13.311479999999811,-0.09611189352740065,21.550479991866307,-0.019429426667517014,-9.147629005071817
6.7899999999999,13.270139999999811,-0.09555328655093895,21.545199545356088,-0.01959909386998815,-9.120298211627432
6.7999999999998995,13.228799999999811,-0.09499679444229991,21.539921847774526,-0.019766563880019683,-9.092957992999297
6.809999999999899,13.187459999999811,-0.09444241553864938,21.53464690006808,-0.019931843783660308,-9.065608357137341
6.819999999999899,13.146119999999812,-0.09389014811825905,21.52937470319246,-0.02009494065977918,-9.038249312227089
6.829999999999899,13.104779999999812,-0.09333999040091778,21.524105258112527,-0.020255861580333268,-9.010880866686989
6.839999999999899,13.063439999999812,-0.09279194054856313,21.518838565802245,-0.02041461361074176,-8.983503029169055
6.849999999999898,13.022099999999812,-0.09224599666560618,21.513574627244395,-0.020571203810046956,-8.956115808556476
6.859999999999898,12.980759999999812,-0.09170215679963709,21.508313443430527,-0.020725639231376547,-8.92871921396332
6.869999999999898,12.939419999999812,-0.09116041894177648,21.50305501536088,-0.020877926922167667,-8.901313254734648
6.879999999999898,12.898079999999812,-0.09062078102716437,21.49779934404412,-0.021028073924373558,-8.873897940443399
6.8899999999998975,12.856739999999812,-0.09008324093547859,21.492546430497438,-0.021176087274779598,-8.846473280891573
6.899999999999897,12.815399999999812,-0.08954779649144481,21.48729627574608,-0.021321974005403532,-8.819039286108769
6.909999999999897,12.774059999999812,-0.08901444546517623,21.48204888082369,-0.02146574114353239,-8.791595966350753
6.919999999999897,12.732719999999812,-0.08848318557282822,21.476804246771735,-0.021607395712081534,-8.764143332099632
6.929999999999897,12.691379999999812,-0.08795401447685458,21.471562374639614,-0.021746944729902018,-8.7366813940624
6.9399999999998965,12.650039999999812,-0.0874269297866796,21.46632326548469,-0.02188439521188157,-8.709210163170624
6.949999999999896,12.608699999999812,-0.08690192905898042,21.46108692037184,-0.022019754169291306,-8.681729650579236
6.959999999999896,12.567359999999812,-0.08637900979819968,21.45585334037351,-0.022153028609946446,-8.65423986766653
6.969999999999896,12.526019999999813,-0.08585816945705022,21.450622526569806,-0.022284225538508673,-8.626740826032922
6.979999999999896,12.484679999999813,-0.08533940543687016,21.445394480047945,-0.02241335195664601,-8.599232537500068
6.989999999999895,12.443339999999813,-0.08482271508808334,21.440169201902584,-0.022540414863190805,-8.57171501411118
6.999999999999895,12.401999999999813,-0.08430809571065906,21.434946693235485,-0.02266542125446319,-8.544188268129536
7.009999999999895,12.360659999999813,-0.08379554455455243,21.429726955155452,-0.022788378124387165,-8.516652312037904
7.019999999999895,12.319319999999813,-0.08328505882007173,21.424509988778247,-0.022909292464728004,-8.489107158538381
7.0299999999998946,12.277979999999813,-0.08277663565838217,21.419295795226525,-0.023028171265235986,-8.461552820551299
7.039999999999894,12.236639999999813,-0.08227027217185529,21.414084375629674,-0.023145021513940378,-8.433989311215932
7.049999999999894,12.195299999999813,-0.08176596541451456,21.4088757311238,-0.02325985019719201,-8.406416643887681
7.059999999999894,12.153959999999813,-0.08126371239243732,21.4036698628515,-0.02337266429989482,-8.378834832139518
7.069999999999894,12.112619999999813,-0.08076351006423407,21.398466771962006,-0.023483470805728657,-8.351243889760628
7.0799999999998935,12.071279999999813,-0.08026535534134188,21.393266459610803,-0.02359227669725411,-8.323643830756632
7.089999999999893,12.029939999999813,-0.07976924508847388,21.38806892695985,-0.023699088956084968,-8.296034669347822
7.099999999999893,11.988599999999813,-0.07927517612403498,21.38287417517718,-0.02380391456307751,-8.26841641996962
7.109999999999893,11.947259999999813,-0.07878314522052893,21.377682205437146,-0.02390676049846374,-8.24078909727226
7.119999999999893,11.905919999999814,-0.07829314910490615,21.372493018920032,-0.024007633741965462,-8.213152716119827
7.129999999999892,11.864579999999814,-0.07780518445893275,21.367306616812144,-0.02410654127305828,-8.185507291590028
7.139999999999892,11.823239999999814,-0.07731924791968409,21.362123000305786,-0.02420349007097089,-8.157852838974279
7.149999999999892,11.781899999999814,-0.07683533607982568,21.35694217059907,-0.02429848711487126,-8.130189373776346
7.159999999999892,11.740559999999814,-0.07635344548803702,21.351764128895724,-0.024391539384131633,-8.10251691171268
7.169999999999892,11.699219999999814,-0.07587357264931704,21.3465888764054,-0.0244826538581831,-8.074835468711747
7.179999999999891,11.657879999999814,-0.07539571402547343,21.34141641434314,-0.024571837516977446,-8.047145060914184
7.189999999999891,11.616539999999814,-0.07491986603544512,21.336246743929685,-0.024659097340837988,-8.01944570467207
7.199999999999891,11.575199999999814,-0.07444602505558828,21.331079866391164,-0.02474444031071321,-7.991737416548321
7.209999999999891,11.533859999999814,-0.07397418742014436,21.325915782959182,-0.024827873408290735,-7.9640202133174816
7.2199999999998905,11.492519999999814,-0.07350434942155462,21.32075449487066,-0.024909403616060588,-7.936294111963543
7.22999999999989,11.451179999999814,-0.07303650731088052,21.31559600336776,-0.02498903791750945,-7.908559129682082
7.23999999999989,11.409839999999814,-0.07257065729798792,21.310440309697906,-0.0250667832971303,-7.880815283877848
7.24999999999989,11.368499999999814,-0.07210679555209434,21.305287415113586,-0.025142646740552277,-7.853062592165925
7.25999999999989,11.327159999999814,-0.07164491820202593,21.300137320872487,-0.025216635234806994,-7.825301072370743
7.269999999999889,11.285819999999815,-0.07118502133655291,21.294990028237333,-0.02528875576810813,-7.797530742526537
7.279999999999889,11.244479999999815,-0.07072710100472601,21.289845538475667,-0.02535901533026369,-7.769751620876439
7.289999999999889,11.203139999999815,-0.07027115321632921,21.284703852860105,-0.02542742091259731,-7.741963725872539
7.299999999999889,11.161799999999815,-0.06981717394202697,21.279564972668037,-0.025493979508070697,-7.714167076175896
7.309999999999889,11.120459999999815,-0.06936515911386598,21.274428899181704,-0.02555869811144179,-7.686361690656493
7.319999999999888,11.079119999999815,-0.06891510462551093,21.26929563368806,-0.025621583719242447,-7.658547588392382
7.329999999999888,11.037779999999815,-0.06846700633264818,21.26416517747879,-0.025682643329913823,-7.630724788670293
7.339999999999888,10.996439999999815,-0.06802086005320052,21.259037531850165,-0.025741883943971533,-7.6028933109853
7.349999999999888,10.955099999999815,-0.06757666156774092,21.25391269810317,-0.025799312563916377,-7.575053175039945
7.3599999999998875,10.913759999999815,-0.06713440661982939,21.248790677543226,-0.025854936194482703,-7.547204400746249
7.369999999999887,10.872419999999815,-0.06669409091625897,21.243671471480308,-0.025908761842599992,-7.5193470082227405
7.379999999999887,10.831079999999815,-0.06625571012741255,21.23855508122891,-0.025960796517491447,-7.491481017796433
7.389999999999887,10.789739999999815,-0.06581925988751056,21.233441508107834,-0.026011047230827866,-7.4636064500024695
7.399999999999887,10.748399999999815,-0.06538473579511578,21.228330753440293,-0.02605952099664466,-7.435723325583289
7.4099999999998865,10.707059999999816,-0.06495213341317313,21.223222818553833,-0.02610622483158509,-7.407831665489444
7.419999999999886,10.665719999999816,-0.06452144826952672,21.218117704780354,-0.026151165754796313,-7.379931490878597
7.429999999999886,10.624379999999816,-0.06409267585709102,21.21301541345585,-0.026194350788137477,-7.352022823116478
7.439999999999886,10.583039999999816,-0.06366581163423154,21.20791594592067,-0.02623578695612383,-7.324105683776428
7.449999999999886,10.541699999999816,-0.06324085102506097,21.202819303519277,-0.02627548128612739,-7.296180094639872
7.459999999999885,10.500359999999816,-0.06281778941966615,21.197725487600266,-0.026313440808296507,-7.2682460776950615
7.469999999999885,10.459019999999816,-0.06239662217450223,21.19263449951636,-0.02634967255567572,-7.240303655138543
7.479999999999885,10.417679999999816,-0.061977344612532265,21.187546340624316,-0.026384183564271302,-7.2123528493743425
7.489999999999885,10.376339999999816,-0.061559952023744285,21.182461012284918,-0.02641698087312072,-7.184393683014272
7.4999999999998845,10.334999999999816,-0.061144439665201694,21.17737851586302,-0.026448071524240502,-7.15642617887838
7.509999999999884,10.293659999999816,-0.060730802761488095,21.172298852727327,-0.026477462562855658,-7.1284503599937725
7.519999999999884,10.252319999999816,-0.060319036504891455,21.167222024250645,-0.026505161037296776,-7.100466249596131
7.529999999999884,10.210979999999816,-0.05990913605580733,21.162148031809515,-0.026531173999109703,-7.072473871129213
7.539999999999884,10.169639999999816,-0.05950109654282715,21.157076876784533,-0.026555508503113612,-7.044473248244422
7.5499999999998835,10.128299999999816,-0.0590949130632209,21.15200856055996,-0.02657817160739734,-7.016464404801825
7.559999999999883,10.086959999999817,-0.05869058068306421,21.146943084524068,-0.026599170373450165,-6.988447364869646
7.569999999999883,10.045619999999817,-0.05828809443758706,21.1418804500689,-0.02661851186612041,-6.960422152724471
7.579999999999883,10.004279999999817,-0.05788744933136708,21.136820658590178,-0.026636203153717286,-6.932388792851709
7.589999999999883,9.962939999999817,-0.057488640338725694,21.1317637114875,-0.026652251308016184,-6.904347309945384
7.599999999999882,9.921599999999817,-0.05709166240381003,21.126709610164152,-0.026666663404334212,-6.876297728908238
7.609999999999882,9.880259999999817,-0.05669651044105162,21.121658356027133,-0.026679446521514827,-6.848240074852086
7.619999999999882,9.838919999999817,-0.056303179335281256,21.116609950487174,-0.02669060774204396,-6.820174373098411
7.629999999999882,9.797579999999817,-0.05591166394206645,21.11156439495866,-0.026700154152023703,-6.792100649177534
7.6399999999998816,9.756239999999817,-0.05552195908791513,21.106521690859633,-0.02670809284123593,-6.764018928828972
7.649999999999881,9.714899999999817,-0.055134059570573185,21.101481839611868,-0.026714430903193254,-6.735929238002823
7.659999999999881,9.673559999999817,-0.05474796015928715,21.09644484264061,-0.026719175435116982,-6.70783160285896
7.669999999999881,9.632219999999817,-0.054363655594945826,21.09141070137492,-0.026722333538063858,-6.679726049766675
7.679999999999881,9.590879999999817,-0.0539811405905217,21.086379417247315,-0.02672391231686605,-6.651612605306281
7.6899999999998805,9.549539999999817,-0.053600409831130846,21.081350991693935,-0.026723918880246278,-6.623491296268451
7.69999999999988,9.508199999999817,-0.053221457974374164,21.07632542615454,-0.026722360340752427,-6.595362149654359
7.70999999999988,9.466859999999818,-0.05284427965054633,21.071302722072424,-0.02671924381492624,-6.567225192676831
7.71999999999988,9.425519999999818,-0.05246886946295273,21.06628288089452,-0.0267145764231852,-6.539080452759554
7.72999999999988,9.384179999999818,-0.05209522198797728,21.061265904071163,-0.02670836528997228,-6.510927957537642
7.739999999999879,9.342839999999818,-0.05172333177555977,21.05625179305639,-0.026700617543699845,-6.482767734858467
7.749999999999879,9.301499999999818,-0.05135319334916941,21.05124054930768,-0.026691340316862933,-6.45459981278041
7.759999999999879,9.260159999999818,-0.05098480120622639,21.046232174286068,-0.026680540746002568,-6.426424219575484
7.769999999999879,9.218819999999818,-0.050618149818327296,21.041226669456137,-0.026668225971713644,-6.398240983727422
7.779999999999879,9.177479999999818,-0.05025323363131756,21.036224036285965,-0.026654403138783256,-6.370050133933069
7.789999999999878,9.136139999999818,-0.04989004706568562,21.031224276247247,-0.02663907939608323,-6.341851699102474
7.799999999999878,9.094799999999818,-0.04952858451670081,21.026227390814967,-0.026622261896703803,-6.313645708359136
7.809999999999878,9.053459999999818,-0.04916884035467756,21.021233381467923,-0.026603957797944944,-6.2854321910399165
7.819999999999878,9.012119999999818,-0.0488108089251747,21.016242249688244,-0.026584174261277294,-6.257211176696548
7.8299999999998775,8.970779999999818,-0.04845448454922044,21.01125399696163,-0.02656291845251857,-6.228982695094501
7.839999999999877,8.929439999999818,-0.04809986152350454,21.006268624777256,-0.02654019754168402,-6.200746776214147
7.849999999999877,8.888099999999818,-0.04774693412066233,21.001286134627954,-0.026516018703120814,-6.172503450250699
7.859999999999877,8.846759999999819,-0.047395696589441705,20.99630652800995,-0.026490389115513713,-6.144252747615278
7.869999999999877,8.805419999999819,-0.047046143154867825,20.991329806423085,-0.02646331596191126,-6.115994698934084
7.879999999999876,8.764079999999819,-0.046698268018579625,20.986355971370692,-0.026434806429735114,-6.087729335049919
7.889999999999876,8.722739999999819,-0.046352065358961775,20.981385024359675,-0.026404867710801028,-6.059456687021229
7.899999999999876,8.681399999999819,-0.04600752933128016,20.97641696690053,-0.02637350700133445,-6.031176786124277
7.909999999999876,8.640059999999819,-0.04566465406802711,20.971451800507207,-0.026340731502060455,-6.0028896638511995
7.919999999999876,8.598719999999819,-0.045323433679062886,20.966489526697355,-0.02630654841813307,-5.974595351912611
7.929999999999875,8.557379999999819,-0.04498386225179701,20.961530146992164,-0.026270964959239473,-5.946293882236402
7.939999999999875,8.516039999999819,-0.04464593385141191,20.95657366291639,-0.026233988339570524,-5.9179852869687295
7.949999999999875,8.47469999999982,-0.04430964252102629,20.951620075998477,-0.026195625777824028,-5.88966959847471
7.959999999999875,8.43335999999982,-0.04397498228200222,20.94666938777037,-0.02615588449734285,-5.861346849337929
7.9699999999998745,8.39201999999982,-0.04364194713396749,20.94172159976776,-0.026114771725998798,-5.833017072361836
7.979999999999874,8.35067999999982,-0.04331053105517277,20.936776713529937,-0.026072294696286524,-5.8046803005688234
7.989999999999874,8.30933999999982,-0.04298072800255645,20.93183473059989,-0.02602846064534714,-5.776336567202295
7.999999999999874,8.26799999999982,-0.04265253191202775,20.926895652524276,-0.025983276814966483,-5.747985905725485
8.009999999999874,8.22665999999982,-0.042325936698565464,20.921959480853456,-0.025936750451614532,-5.719628349823019
8.019999999999873,8.18531999999982,-0.04200093625652526,20.91702621714155,-0.025888888806498644,-5.691263933400666
8.029999999999873,8.14397999999982,-0.0416775244596668,20.912095862946337,-0.02583969913545603,-5.662892690585709
8.039999999999873,8.10263999999982,-0.04135569516149584,20.907168419829475,-0.025789188699189447,-5.6345146557280055
8.049999999999873,8.06129999999982,-0.04103544219532204,20.90224388935637,-0.02573736476306565,-5.60612986339976
8.059999999999873,8.01995999999982,-0.040716759374511,20.89732227309622,-0.025684234597312672,-5.577738348396088
8.069999999999872,7.97861999999982,-0.04039964049261516,20.89240357262208,-0.0256298054769184,-5.549340145735389
8.079999999999872,7.93727999999982,-0.040084079323575605,20.887487789510807,-0.02557408468177441,-5.520935290660154
8.089999999999872,7.89593999999982,-0.039770069621877374,20.882574925343306,-0.025517079496608308,-5.492523818636933
8.099999999999872,7.85459999999982,-0.039457605122786704,20.877664981704157,-0.025458797210969997,-5.464105765356739
8.109999999999872,7.81325999999982,-0.03914667954239742,20.872757960182156,-0.025399245119352765,-5.435681166736029
8.119999999999871,7.77191999999982,-0.03883728657792104,20.867853862369838,-0.025338430521234412,-5.407250058916319
8.129999999999871,7.73057999999982,-0.03852941990775807,20.86295268986393,-0.025276360720942692,-5.378812478265793
8.139999999999871,7.68923999999982,-0.038223073191744644,20.858054444265086,-0.02521304302786842,-5.350368461378068
8.14999999999987,7.6478999999998205,-0.037918240071249554,20.853159127178042,-0.025148484756339518,-5.3219180450742405
8.15999999999987,7.606559999999821,-0.03761491416939347,20.848266740211635,-0.025082693225703,-5.293461266402255
8.16999999999987,7.565219999999821,-0.03731308909114214,20.843377284978878,-0.025015675760389877,-5.264998162638128
8.17999999999987,7.523879999999821,-0.037012758423541264,20.838490763096935,-0.024947439689861295,-5.236528771285465
8.18999999999987,7.482539999999821,-0.03671391573578994,20.83360717618721,-0.0248779923486927,-5.208053130077009
8.19999999999987,7.441199999999821,-0.03641655457945725,20.828726525875254,-0.024807341076565348,-5.179571276973517
8.20999999999987,7.399859999999821,-0.03612066848861989,20.82384881379107,-0.024735493218254745,-5.151083250166475
8.21999999999987,7.358519999999821,-0.03582625097999784,20.818974041568858,-0.024662456123769383,-5.122589088076171
8.229999999999869,7.317179999999821,-0.03553329555310339,20.81410221084719,-0.024588237148235492,-5.094088829353421
8.239999999999869,7.275839999999821,-0.03524179569041194,20.80923332326917,-0.024512843652057748,-5.065582512880236
8.249999999999869,7.234499999999821,-0.03495174485748051,20.80436738048216,-0.024436283000806747,-5.037070177769265
8.259999999999868,7.193159999999821,-0.034663136503124636,20.79950438413818,-0.024358562565336583,-5.008551863364754
8.269999999999868,7.151819999999821,-0.03437596405948548,20.794644335893807,-0.024279689721806386,-4.980027609243519
8.279999999999868,7.110479999999821,-0.034090220942299354,20.78978723741013,-0.024199671851662496,-4.951497455214424
8.289999999999868,7.0691399999998215,-0.033805900550906876,20.78493309035282,-0.02411851634167611,-4.922961441319494
8.299999999999867,7.0277999999998215,-0.03352299626842126,20.78008189639239,-0.024036230583982854,-4.894419607833536
8.309999999999867,6.986459999999822,-0.03324150146193586,20.775233657204016,-0.023952821976107708,-4.865871995265959
8.319999999999867,6.945119999999822,-0.032961409482589465,20.77038837446765,-0.023868297920987436,-4.837318644359654
8.329999999999867,6.903779999999822,-0.03268271366569106,20.765546049868107,-0.023782665826959426,-4.808759596092794
8.339999999999867,6.862439999999822,-0.03240540733085501,20.760706685095055,-0.023695933107833078,-4.780194891678397
8.349999999999866,6.821099999999822,-0.032129483782184,20.755870281843194,-0.02360810718296702,-4.7516245725644985
8.359999999999866,6.779759999999822,-0.03185493630833078,20.7510368418122,-0.023519195477123223,-4.723048680435877
8.369999999999866,6.738419999999822,-0.031581758182646136,20.746206366706794,-0.023429205420666732,-4.694467257213091
8.379999999999866,6.697079999999822,-0.031309942663273915,20.7413788582368,-0.023338144449538467,-4.665880345053682
8.389999999999866,6.655739999999822,-0.031039482993289264,20.736554318117328,-0.0232460200052223,-4.637287986352466
8.399999999999865,6.614399999999822,-0.030770372400871993,20.73173274806863,-0.02315283953485331,-4.608690223741738
8.409999999999865,6.573059999999822,-0.030502604099316072,20.72691414981626,-0.023058610491182574,-4.580087100091352
8.419999999999865,6.531719999999822,-0.03023617128719347,20.722098525091265,-0.022963340332662674,-4.551478658510561
8.429999999999865,6.490379999999822,-0.029971067148518993,20.717285875630076,-0.022867036523406936,-4.522864942346748
8.439999999999864,6.4490399999998225,-0.029707284852750537,20.71247620317448,-0.02276970653329169,-4.494245995186649
8.449999999999864,6.4076999999998225,-0.029444817554985486,20.70766950947206,-0.022671357837927286,-4.465621860856969
8.459999999999864,6.366359999999823,-0.029183658396040174,20.70286579627587,-0.022571997918705067,-4.436992583423704
8.469999999999864,6.325019999999823,-0.028923800502526492,20.698065065344835,-0.022471634262772877,-4.4083582071938165
8.479999999999864,6.283679999999823,-0.028665236986993303,20.69326731844354,-0.02237027436320721,-4.379718776715252
8.489999999999863,6.242339999999823,-0.028407960947985977,20.688472557342457,-0.022267925718883752,-4.351074336776352
8.499999999999863,6.200999999999823,-0.02815196547018131,20.68368078381798,-0.022164595834554934,-4.322424932407946
8.509999999999863,6.159659999999823,-0.02789724362449944,20.678891999652542,-0.022060292220931255,-4.293770608882073
8.519999999999863,6.118319999999823,-0.02764378846811602,20.67410620663466,-0.02195502239465308,-4.265111411713215
8.529999999999863,6.076979999999823,-0.027391593044590712,20.66932340655902,-0.021848793878302075,-4.236447386658779
8.539999999999862,6.035639999999823,-0.02714065038406918,20.664543601226434,-0.02174161420049603,-4.207778579719051
8.549999999999862,5.994299999999823,-0.026890953503128756,20.6597667924443,-0.021633490895861085,-4.179105037137144
8.559999999999862,5.952959999999823,-0.026642495405111516,20.654992982026215,-0.021524431505095254,-4.150426805400773
8.569999999999862,5.911619999999823,-0.026395269080037143,20.650222171792286,-0.021414443574943542,-4.12174393124096
8.579999999999862,5.870279999999823,-0.0261492675047883,20.645454363569282,-0.02130353465830992,-4.093056461633497
8.589999999999861,5.8289399999998235,-0.025904483643137854,20.64068955919058,-0.021191712314177324,-4.064364443798539
8.599999999999861,5.7875999999998236,-0.025660910445800322,20.635927760496408,-0.02107898410773995,-4.035667925201432
8.60999999999986,5.746259999999824,-0.025418540850550286,20.63116896933373,-0.020965357610365554,-4.006966953552998
8.61999999999986,5.704919999999824,-0.025177367782308002,20.626413187556523,-0.020850840399660953,-3.978261576809132
8.62999999999986,5.663579999999824,-0.024937384153170122,20.62166041702585,-0.020735440059432952,-3.949551843172398
8.63999999999986,5.622239999999824,-0.024698582862468565,20.61691065960982,-0.0206191641798244,-3.9208378010905984
8.64999999999986,5.580899999999824,-0.0244609567968698,20.61216391718384,-0.020502020357232753,-3.8921194992589543
8.65999999999986,5.539559999999824,-0.02422449883042091,20.60742019163053,-0.02038401619439162,-3.8633969866186075
8.66999999999986,5.498219999999824,-0.02398920182460121,20.60267948484011,-0.020265159300438873,-3.834670312358437
8.67999999999986,5.456879999999824,-0.023755058628413595,20.597941798710284,-0.02014545729081557,-3.805939525913958
8.68999999999986,5.415539999999824,-0.02352206207841062,20.593207135146443,-0.020024917787405283,-3.7772046769686365
8.699999999999859,5.374199999999824,-0.02329020499869816,20.588475496061537,-0.01990354841855163,-3.748465815453106
8.709999999999859,5.332859999999824,-0.02305948020110246,20.583746883376616,-0.01978135681905019,-3.719722991546751
8.719999999999859,5.291519999999824,-0.022829880485132653,20.579021299020578,-0.019658350630128052,-3.6909762556765395
8.729999999999858,5.250179999999824,-0.022601398637986575,20.574298744930445,-0.01953453749960149,-3.6622256585178334
8.739999999999858,5.2088399999998245,-0.022374027434778454,20.5695792230514,-0.019409925081744273,-3.633471250994908
8.749999999999858,5.167499999999825,-0.022147759638326048,20.56486273533698,-0.019284521037479074,-3.6047130842807675
8.759999999999858,5.126159999999825,-0.021922587999390064,20.560149283749116,-0.01915833303428105,-3.575951209796589
8.769999999999857,5.084819999999825,-0.02169850525658701,20.555438870258307,-0.019031368746160737,-3.5471856792139684
8.779999999999857,5.043479999999825,-0.021475504136483414,20.55073149684373,-0.0189036358539037,-3.518416544452906
8.789999999999857,5.002139999999825,-0.02125357735362951,20.546027165493445,-0.018775142044782533,-3.4896438576825575
8.799999999999857,4.960799999999825,-0.021032717610488832,20.541325878204255,-0.018645895012920632,-3.4608676713225752
8.809999999999857,4.919459999999825,-0.020812917597630154,20.536627636982207,-0.018515902459015243,-3.432088038041308
8.819999999999856,4.878119999999825,-0.02059416999357605,20.531932443842358,-0.01838517209056978,-3.403305010757447
8.829999999999856,4.836779999999825,-0.020376467464925885,20.52724030080923,-0.018253711621759372,-3.374518642639241
8.839999999999856,4.795439999999825,-0.020159802666334464,20.52255120991672,-0.01812152877360307,-3.345728987105072
8.849999999999856,4.754099999999825,-0.01994416824054851,20.51786517320837,-0.01798863127383421,-3.316936097823284
8.859999999999856,4.712759999999825,-0.019729556818337324,20.513182192737304,-0.01785502685703899,-3.288140028712243
8.869999999999855,4.671419999999825,-0.01951596101863129,20.50850227056677,-0.01772072326465096,-3.2593408339400955
8.879999999999855,4.6300799999998254,-0.01930337344838795,20.503825408769792,-0.017585728244829513,-3.2305385679260006
8.889999999999855,4.5887399999998255,-0.019091786702690572,20.499151609429692,-0.01745004955274221,-3.2017332853385323
8.899999999999855,4.547399999999826,-0.01888119336467381,20.494480874640082,-0.017313694950350345,-3.172925041096497
8.909999999999854,4.506059999999826,-0.01867158600557353,20.48981320650496,-0.017176672206511145,-3.1441138903692356
8.919999999999854,4.464719999999826,-0.018462957184669587,20.48514860713899,-0.017038989097045987,-3.1152998885756755
8.929999999999854,4.423379999999826,-0.018255299449298323,20.480487078667668,-0.016900653404629207,-3.0864830913851553
8.939999999999854,4.382039999999826,-0.01804860533484004,20.475828623227326,-0.01676167291891062,-3.0576635547171462
8.949999999999854,4.340699999999826,-0.017842867364692566,20.47117324296545,-0.0166220554364922,-3.0288413347409784
8.959999999999853,4.299359999999826,-0.01763807805018272,20.466520940040738,-0.01648180876095512,-3.000016487875664
8.969999999999853,4.258019999999826,-0.017434229890637004,20.461871716623325,-0.0163409407027868,-2.971189070790277
8.979999999999853,4.216679999999826,-0.017231315373353623,20.45722557489492,-0.016199459079544898,-2.9423591404032727
8.989999999999853,4.175339999999826,-0.017029326973427128,20.452582517049024,-0.016057371715739954,-2.9135267538826697
8.999999999999853,4.133999999999826,-0.016828257153874343,20.44794254529103,-0.015914686442881465,-2.8846919686459667
9.009999999999852,4.092659999999826,-0.016628098365486538,20.443305661838572,-0.0157714110994861,-2.85585484236002
9.019999999999852,4.051319999999826,-0.016428843046848607,20.43867186892141,-0.015627553531088634,-2.8270154329402546
9.029999999999852,4.0099799999998265,-0.01623048362422269,20.434041168781853,-0.0154831215902827,-2.7981737985510615
9.039999999999852,3.9686399999998265,-0.016033012511544376,20.42941356367489,-0.01533812313661681,-2.769329997605916
9.049999999999851,3.9272999999998266,-0.01583642211036182,20.424789055868356,-0.015192566036709987,-2.7404840887658106
9.059999999999851,3.8859599999998267,-0.015640704809695233,20.4201676476431,-0.015046458164213294,-2.7116361309403416
9.069999999999851,3.8446199999998267,-0.015445852986120279,20.41554934129332,-0.01489980739976815,-2.682786183287071
9.07999999999985,3.803279999999827,-0.015251859003536872,20.410934139126468,-0.014752621631077378,-2.6539343052109143
9.08999999999985,3.761939999999827,-0.015058715213209506,20.406322043463852,-0.014604908752855805,-2.6250805563635864
9.09999999999985,3.720599999999827,-0.014866413953591118,20.40171305664041,-0.014456676666841084,-2.5962249966443927
9.10999999999985,3.679259999999827,-0.01467494755035062,20.397107181005325,-0.014307933281760665,-2.5673676861987524
9.11999999999985,3.637919999999827,-0.014484308316189631,20.392504418921927,-0.01415868651339458,-2.538508685418422
9.12999999999985,3.596579999999827,-0.014294488550775336,20.387904772768067,-0.014008944284461644,-2.50964805494092
9.13999999999985,3.555239999999827,-0.014105480540639842,20.38330824493635,-0.013858714524713656,-2.480785855648978
9.14999999999985,3.5138999999998273,-0.01391727655908459,20.37871483783421,-0.01370800517085724,-2.451922148670535
9.15999999999985,3.4725599999998273,-0.013729868866113104,20.37412455388429,-0.01355682416657994,-2.4230569953778693
9.169999999999849,3.4312199999998274,-0.013543249708224736,20.36953739552453,-0.013405179462492867,-2.3941904573873454
9.179999999999849,3.3898799999998275,-0.013357411318327295,20.364953365208624,-0.013253079016154024,-2.3653225965586255
9.189999999999849,3.3485399999998275,-0.013172345915695882,20.36037246540603,-0.01310053079203194,-2.3364534749948933
9.199999999999848,3.3071999999998276,-0.012988045705722068,20.35579469860222,-0.012947542761458875,-2.307583155041284
9.209999999999848,3.2658599999998277,-0.012804502879842639,20.351220067299188,-0.012794122902691385,-2.278711699285035
9.219999999999848,3.2245199999998277,-0.01262170961540271,20.346648574015354,-0.012640279200763938,-2.2498391705550165
9.229999999999848,3.183179999999828,-0.012439658075470261,20.34208022128605,-0.012486019647598934,-2.2209656319203215
9.239999999999847,3.141839999999828,-0.012258340408738688,20.337515011663584,-0.012331352241823912,-2.192091146690554
9.249999999999847,3.100499999999828,-0.012077748749301565,20.332952947717832,-0.012176284988912045,-2.16321577841468
9.259999999999847,3.059159999999828,-0.01189787521657415,20.328394032036098,-0.01202082590103526,-2.1343395908807765
9.269999999999847,3.017819999999828,-0.011718711915024438,20.32383826722365,-0.011864982997020046,-2.1054626481139924
9.279999999999847,2.976479999999828,-0.01154025093406591,20.319285655903908,-0.011708764302380381,-2.0765850143780944
9.289999999999846,2.935139999999828,-0.011362484347845092,20.314736200718734,-0.011552177849248335,-2.047706754172601
9.299999999999846,2.8937999999998283,-0.0111854042150622,20.310189904328755,-0.01139523167634443,-2.018827932233769
9.309999999999846,2.8524599999998284,-0.011009002578778126,20.305646769413567,-0.01123793382888777,-1.98994861353225
9.319999999999846,2.8111199999998284,-0.010833271466199501,20.30110679867204,-0.011080292358605137,-1.9610688632732818
9.329999999999846,2.7697799999998285,-0.01065820288845687,20.296569994822725,-0.010922315323658671,-1.9321887468952017
9.339999999999845,2.7284399999998286,-0.010483788840415953,20.292036360604037,-0.010764010788577472,-1.9033083300693567
9.349999999999845,2.6870999999998286,-0.010310021300442895,20.287505898774597,-0.010605386824252439,-1.8744276786985348
9.359999999999845,2.6457599999998287,-0.01013689223017128,20.282978612113588,-0.010446451507843235,-1.8455468589163146
9.369999999999845,2.6044199999998288,-0.009964393574229957,20.278454503421024,-0.010287212922709732,-1.816665937086451
9.379999999999844,2.563079999999829,-0.009792517260047706,20.27393357551805,-0.01012767915839946,-1.7877849798008747
9.389999999999844,2.521739999999829,-0.009621255197558798,20.269415831247343,-0.00996785831052599,-1.758904053880016
9.399999999999844,2.480399999999829,-0.009450599278950478,20.26490127347344,-0.009807758480736006,-1.730023226371009
9.409999999999844,2.439059999999829,-0.00928054137841261,20.26038990508302,-0.009647387776651528,-1.7011425645463332
9.419999999999844,2.397719999999829,-0.00911107335181438,20.255881728985237,-0.00948675431175039,-1.6722621359040284
9.429999999999843,2.356379999999829,-0.008942187036426297,20.251376748112158,-0.00932586620533693,-1.6433820081651882
9.439999999999843,2.3150399999998292,-0.008773874250640357,20.246874965419117,-0.009164731582432473,-1.6145022492736232
9.449999999999843,2.2736999999998293,-0.008606126793677837,20.242376383884945,-0.009003358573688391,-1.5856229273943865
9.459999999999843,2.2323599999998294,-0.008438936445179734,20.237881006512538,-0.008841755315399491,-1.5567441109130198
9.469999999999843,2.1910199999998294,-0.008272294965023352,20.233388836329034,-0.008679929949222953,-1.5278658684335567
9.479999999999842,2.1496799999998295,-0.008106194092823815,20.22889987638632,-0.008517890622269764,-1.4989882687784286
9.489999999999842,2.1083399999998296,-0.007940625547765368,20.22441412976146,-0.008355645486945007,-1.4701113809861108
9.499999999999842,2.0669999999998296,-0.007775581028061973,20.219931599556908,-0.00819320270078605,-1.4412352743100056
9.509999999999842,2.0256599999998297,-0.007611052210703739,20.215452288901115,-0.008030570426504846,-1.4123600182183829
9.519999999999841,1.9843199999998298,-0.007447030751063677,20.210976200948824,-0.007867756831732797,-1.3834856823910537
9.529999999999841,1.9429799999998298,-0.007283508282511952,20.206503338881475,-0.007704770089004553,-1.3546123367194072
9.539999999999841,1.90163999999983,-0.007120476415961752,20.20203370590774,-0.007541618375609627,-1.3257400513047437
9.54999999999984,1.86029999999983,-0.006957926739492193,20.19756730526384,-0.007378309873503797,-1.2968688964564492
9.55999999999984,1.81895999999983,-0.006795850817957916,20.193104140214047,-0.007214852769177327,-1.2679989426905611
9.56999999999984,1.7776199999998301,-0.0066342401924884276,20.188644214051074,-0.007051255253514743,-1.239130260729343
9.57999999999984,1.7362799999998302,-0.006473086380079263,20.18418753009664,-0.006887525521689863,-1.21026292149809
9.58999999999984,1.6949399999998302,-0.006312380873143064,20.179734091701775,-0.006723671773028683,-1.181396996124543
9.59999999999984,1.6535999999998303,-0.006152115138988334,20.175283902247468,-0.006559702210879148,-1.15253255593774
9.60999999999984,1.6122599999998304,-0.0059922806193761224,20.170836965144954,-0.006395625042493858,-1.1236696724650905
9.61999999999984,1.5709199999998305,-0.005832868729965579,20.166393283836477,-0.0062314484787956426,-1.094808417432434
9.62999999999984,1.5295799999998305,-0.005673870859883912,20.161952861795406,-0.006067180734415922,-1.0659488627604823
9.639999999999839,1.4882399999998306,-0.0055152783711027165,20.157515702527114,-0.0059028300273342715,-1.0370910805646782
9.649999999999839,1.4468999999998307,-0.005357082597948981,20.153081809569294,-0.0057384045788344,-1.008235143152936
9.659999999999838,1.4055599999998307,-0.00519927484656868,20.14865118649248,-0.005573912613375032,-0.9793811230235739
9.669999999999838,1.3642199999998308,-0.005041846394239324,20.144223836900704,-0.005409362358333558,-0.9505290928639537
9.679999999999838,1.3228799999998309,-0.0048847884889129944,20.139799764431963,-0.0052447620439313725,-0.9216791255486416
9.689999999999838,1.281539999999831,-0.004728092348531943,20.13537897275866,-0.005080119903007219,-0.8928312941371952
9.699999999999838,1.240199999999831,-0.004571749160449223,20.130961465588413,-0.004915444170832339,-0.8639856718732032
9.709999999999837,1.198859999999831,-0.004415750080695169,20.126547246664455,-0.004750743085003006,-0.8351423321806007
9.719999999999837,1.1575199999998311,-0.004260086233473126,20.122136319766344,-0.004586024885150086,-0.8063013486640801
9.729999999999837,1.1161799999998312,-0.004104748710310302,20.117728688710336,-0.004421297812834235,-0.7774627951053408
9.739999999999837,1.0748399999998313,-0.003949728569546174,20.113324357350315,-0.004256570111337676,-0.7486267454618261
9.749999999999837,1.0334999999998313,-0.0037950168354253244,20.108923329578147,-0.004091850025423394,-0.7197932738645625
9.759999999999836,0.9921599999998313,-0.003640604497535782,20.10452560932445,-0.003927145801181031,-0.6909624546162508
9.769999999999836,0.9508199999998312,-0.003486482509912403,20.10013120055916,-0.0037624656857985217,-0.6621343621891024
9.779999999999836,0.9094799999998312,-0.00333264179041759,20.095740107292343,-0.0035978179273037925,-0.6333090712226614
9.789999999999836,0.8681399999998312,-0.0031790732197757854,20.091352333574616,-0.0034332107744434737,-0.6044866565218491
9.799999999999836,0.8267999999998311,-0.0030257676408773637,20.086967883498026,-0.003268652476410727,-0.5756671930545034
9.809999999999835,0.7854599999998311,-0.0028727158579461842,20.082586761196715,-0.003104151282564249,-0.5468507559496704
9.819999999999835,0.744119999999831,-0.0027199086355653157,20.07820897084757,-0.00293971544230337,-0.51803742049488
9.829999999999835,0.702779999999831,-0.0025673366979476753,20.073834516671003,-0.0027753532046958518,-0.48922726213444245
9.839999999999835,0.6614399999998309,-0.002414990727893307,20.06946340293171,-0.0026110728184204346,-0.46042035646638463
9.849999999999834,0.6200999999998309,-0.002262861365932123,20.065095633939283,-0.002446882531261796,-0.43161677924123015
9.859999999999834,0.5787599999998309,-0.002110939209368612,20.060731214049135,-0.002282790590163064,-0.4028166063585738
9.869999999999834,0.5374199999998308,-0.0019592148112586583,20.056370147663284,-0.0021188052406647118,-0.37401991386559424
9.879999999999834,0.4960799999998308,-0.0018076786794155586,20.052012439231017,-0.0019549347268827955,-0.3452267779542242
9.889999999999834,0.45473999999983084,-0.0016563212754264756,20.04765809324978,-0.0017911872910428839,-0.31643727495840074
9.899999999999833,0.41339999999983085,-0.0015051330135245067,20.043307114266113,-0.0016275711734034526,-0.2876514813532104
9.909999999999833,0.37205999999983086,-0.001354104259466915,20.03895950687633,-0.0014640946117756015,-0.25886947374979996
9.919999999999833,0.33071999999983087,-0.0012032253295300999,20.034615275727457,-0.0013007658413948242,-0.2300913288955218
9.929999999999833,0.2893799999998309,-0.0010524864892741959,20.030274425518186,-0.0011375930944967916,-0.20131712366977694
9.939999999999833,0.2480399999998309,-0.0009018779523728981,20.02593696099968,-0.0009745846001200098,-0.1725469350819722
9.949999999999832,0.2066999999998309,-0.0007513898793686802,20.02160288697647,-0.0008117485837838556,-0.14378084026926302
9.959999999999832,0.16535999999983092,-0.0006010123765174957,20.017272208307578,-0.0006490932671311955,-0.11501891649338641
9.969999999999832,0.12401999999983093,-0.00045073549442903316,20.01294492990733,-0.00048662686762523943,-0.08626124113840468
9.979999999999832,0.08267999999983094,-0.0003005492267890708,20.008621056746236,-0.0003243575982509461,-0.05750789170791653
9.989999999999831,0.04133999999983095,-0.00015044350893561598,20.00430059385235,-0.00016229366721159932,-0.02875894582229881
0.0,0,1.6653345369377348e-16,20.0,-2.7755575615628914e-16,0.0
0.01,0.041339999999999995,-0.00016398640063308711,20.00477955130225,-0.00016722219704345953,-0.03209879935200669
0.02,0.08267999999999999,-0.0003640642544063266,20.00978154397144,-0.00037005303936993306,-0.06739897959737559
0.03,0.12401999999999999,-0.0005525889996448874,20.01470043691823,-0.0005620436338751866,-0.1014134279398895
0.04,0.16535999999999998,-0.0007357408833386647,20.019612418467787,-0.0007488461493330711,-0.13514939102708498
0.05,0.20669999999999997,-0.0009191034465713677,20.02453049440215,-0.0009360572979637549,-0.1689240752177148
0.060000000000000005,0.24803999999999995,-0.0011031116274502484,20.029453441195585,-0.0011240960822411217,-0.20272170566492936
0.07,0.28937999999999997,-0.0012873520104931813,20.034380730582384,-0.0013125091587861126,-0.236524904887524
0.08,0.33071999999999996,-0.0014717267149770286,20.03931234798857,-0.0015011693191952502,-0.2703323248054803
0.09,0.37205999999999995,-0.0016562689332055847,20.044248304372402,-0.001690083270459497,-0.30414457630278074
0.09999999999999999,0.41339999999999993,-0.0018410067477995784,20.049188594093287,-0.0018792517180747925,-0.33796170972671746
0.10999999999999999,0.4547399999999999,-0.0020259556729987915,20.05413320882852,-0.002068662574678526,-0.3717835971882865
0.11999999999999998,0.4960799999999999,-0.0022111293755526784,20.05908214074618,-0.002258302074051699,-0.40561011466975816
0.12999999999999998,0.5374199999999999,-0.002396542215195474,20.06403538226577,-0.0024481572747725444,-0.4394411491592944
0.13999999999999999,0.5787599999999999,-0.002582208752620385,20.068992925894896,-0.002638215528159349,-0.47327658957028296
0.15,0.6201,-0.0027681434423983964,20.073954764220524,-0.002828464169660372,-0.5071163246809219
0.16,0.66144,-0.002954360623772634,20.078920889913793,-0.003018890511578609,-0.5409602433336328
0.17,0.7027800000000001,-0.0031408745479180045,20.083891295729153,-0.0032094818688487847,-0.5748082346228544
0.18000000000000002,0.7441200000000001,-0.003327699385381966,20.08886597450256,-0.003400225564535786,-0.6086601879241625
0.19000000000000003,0.7854600000000002,-0.003514849226824601,20.09384491915002,-0.0035911089289425435,-0.6425159928884867
0.20000000000000004,0.8268000000000002,-0.0037023380844511955,20.098828122665626,-0.003782119299351794,-0.6763755394426748
0.21000000000000005,0.8681400000000002,-0.0038901798937268084,20.103815578120475,-0.003973244020566313,-0.7102387177958904
0.22000000000000006,0.9094800000000003,-0.00407838851537734,20.10880727866077,-0.004164470445117974,-0.744105418443591
0.23000000000000007,0.9508200000000003,-0.004266977737159894,20.113803217506728,-0.0043557859338910765,-0.7779755321716788
0.24000000000000007,0.9921600000000004,-0.004455961275590614,20.118803387950898,-0.004547177856337237,-0.8118489500622967
0.25000000000000006,1.0335000000000003,-0.004645352777555567,20.123807783356753,-0.004738633590898378,-0.8457255634973824
0.26000000000000006,1.0748400000000002,-0.0048351658220859295,20.128816397157532,-0.004930140525338467,-0.8796052641632396
0.2700000000000001,1.1161800000000002,-0.005025413921854793,20.133829222854708,-0.005121686057065367,-0.9134879440548076
0.2800000000000001,1.15752,-0.005216110524676243,20.138846254016713,-0.005313257593507259,-0.9473734954802439
0.2900000000000001,1.19886,-0.005407269015046512,20.14386748427778,-0.005504842552395417,-0.9812618110641004
0.3000000000000001,1.2402,-0.005598902715558296,20.148892907336474,-0.0056964283620389855,-1.0151527837520882
0.3100000000000001,1.28154,-0.0057910248883343285,20.153922516954765,-0.005888002461689912,-1.0490463068153824
0.3200000000000001,1.3228799999999998,-0.0059836487363274515,20.15895630695652,-0.00607955230184104,-1.0829422738539598
0.3300000000000001,1.3642199999999998,-0.006176787404696071,20.16399427122642,-0.006271065344439275,-1.116840578799982
0.34000000000000014,1.4055599999999997,-0.006370453982009305,20.169036403709054,-0.00646252906316086,-1.1507411159223877
0.35000000000000014,1.4468999999999996,-0.006564661501572422,20.174082698407467,-0.006653930943744779,-1.184643779830263
0.36000000000000015,1.4882399999999996,-0.006759422942497539,20.179133149382103,-0.0068452584841694475,-1.2185484654764187
0.37000000000000016,1.5295799999999995,-0.006954751231027012,20.184187750750084,-0.007036499194956192,-1.2524550681606712
0.38000000000000017,1.5709199999999994,-0.007150659241492829,20.18924649668359,-0.007227640599352159,-1.2863634835331983
0.3900000000000002,1.6122599999999994,-0.007347159797530645,20.194309381409276,-0.007418670233593105,-1.320273607598743
0.4000000000000002,1.6535999999999993,-0.007544265673113282,20.199376399207125,-0.00760957564710385,-1.3541853367186385
0.4100000000000002,1.6949399999999992,-0.007741989593506915,20.20444754440932,-0.007800344402731696,-1.3880985676151498
0.4200000000000002,1.7362799999999992,-0.00794034423636547,20.209522811399495,-0.007990964076890594,-1.4220131973738601
0.4300000000000002,1.777619999999999,-0.008139342232566682,20.214602194611608,-0.008181422259810778,-1.4559291234469909
0.4400000000000002,1.818959999999999,-0.008338996167310597,20.219685688529083,-0.008371706555765523,-1.4898462436561628
0.45000000000000023,1.860299999999999,-0.008539318580879252,20.224773287683988,-0.008561804583099963,-1.5237644561955581
0.46000000000000024,1.9016399999999989,-0.008740321969572529,20.22986498665593,-0.008751703974511804,-1.557683659635228
0.47000000000000025,1.9429799999999988,-0.008942018786565364,20.234960780071262,-0.008941392377256552,-1.591603752922224
0.48000000000000026,1.9843199999999988,-0.009144421442686235,20.240060662602435,-0.009130857453231,-1.6255246353853983
0.49000000000000027,2.025659999999999,-0.009347542307246326,20.24516462896677,-0.009320086879035294,-1.6594462067362494
0.5000000000000002,2.066999999999999,-0.009551393708837508,20.250272673925984,-0.009509068346382377,-1.6933683670727064
0.5100000000000002,2.1083399999999988,-0.009755987935967991,20.25538479228513,-0.009697789561892434,-1.7272910168806823
0.5200000000000002,2.1496799999999987,-0.009961337237938683,20.260500978891997,-0.00988623824747703,-1.7612140570371877
0.5300000000000002,2.1910199999999986,-0.010167453825378814,20.265621228636185,-0.010074402140396677,-1.7951373888125308
0.5400000000000003,2.2323599999999986,-0.010374349871059563,20.27074553644844,-0.01026226899331556,-1.829060913871864
0.5500000000000003,2.2736999999999985,-0.010582037510465991,20.27587389729977,-0.010449826574437326,-1.8629845342786018
0.5600000000000003,2.3150399999999984,-0.01079052884244558,20.281006306200943,-0.010637062667681385,-1.8969081524953941
0.5700000000000003,2.3563799999999984,-0.010999835929855928,20.286142758201617,-0.010823965072652597,-1.9308316713873392
0.5800000000000003,2.3977199999999983,-0.01120997080003977,20.291283248389504,-0.011010521604819024,-1.9647549942227598
0.5900000000000003,2.4390599999999982,-0.01142094544557165,20.29642777189003,-0.011196720095585255,-1.9986780246763387
0.6000000000000003,2.480399999999998,-0.011632771824636456,20.301576323865298,-0.011382548392345704,-2.0326006668300365
0.6100000000000003,2.521739999999998,-0.011845461861724194,20.306728899513665,-0.01156799435857675,-2.066522825175214
0.6200000000000003,2.563079999999998,-0.012059027447990811,20.311885494068996,-0.011753045873914403,-2.1004444046149464
0.6300000000000003,2.604419999999998,-0.012273480441814866,20.317046102800013,-0.011937690834177672,-2.1343653104649154
0.6400000000000003,2.645759999999998,-0.012488832669352246,20.32221072100969,-0.012121917151479367,-2.1682854484553933
0.6500000000000004,2.687099999999998,-0.012705095924835597,20.327379344034618,-0.01230571275419845,-2.202204724732871
0.6600000000000004,2.7284399999999978,-0.01292228197117301,20.33255196724446,-0.012489065587133807,-2.236123045861288
0.6700000000000004,2.7697799999999977,-0.013140402540303603,20.33772858604126,-0.012671963611480097,-2.2700403188241447
0.6800000000000004,2.8111199999999976,-0.01335946933360499,20.342909195859004,-0.012854394804871883,-2.3039564510249435
0.6900000000000004,2.8524599999999976,-0.013579494022313093,20.34809379216285,-0.013036347161392459,-2.3378713502891513
0.7000000000000004,2.8937999999999975,-0.013800488247892623,20.3532823704488,-0.013217808691709687,-2.371784924865527
0.7100000000000004,2.9351399999999974,-0.01402246362240575,20.358474926242906,-0.013398767422947766,-2.4056970834270675
0.7200000000000004,2.9764799999999974,-0.014245431728830998,20.363671455100953,-0.013579211398812352,-2.4396077350720593
0.7300000000000004,3.0178199999999973,-0.014469404121547236,20.368871952607787,-0.013759128679624033,-2.473516789325769
0.7400000000000004,3.059159999999997,-0.01469439232645009,20.374076414376816,-0.013938507342211803,-2.5074241561408903
0.7500000000000004,3.100499999999997,-0.014920407841361422,20.37928483604969,-0.014117335480040238,-2.5413297458989366
0.7600000000000005,3.141839999999997,-0.015147462136400502,20.38449721329541,-0.014295601203180908,-2.575233469411118
0.7700000000000005,3.183179999999997,-0.015375566654156209,20.3897135418102,-0.014473292638277402,-2.609135237918879
0.7800000000000005,3.224519999999997,-0.01560473280999694,20.394933817316815,-0.014650397928568204,-2.6430349630954937
0.7900000000000005,3.265859999999997,-0.015834971992340907,20.400158035564218,-0.014826905233934484,-2.676932557046232
0.8000000000000005,3.307199999999997,-0.01606629556294789,20.405386192326993,-0.015002802730773757,-2.710827932309139
0.8100000000000005,3.3485399999999967,-0.016298714857071822,20.41061828340499,-0.01517807861212761,-2.744721001856606
0.8200000000000005,3.3898799999999967,-0.01653224118374852,20.415854304622677,-0.015352721087540488,-2.778611679094682
0.8300000000000005,3.4312199999999966,-0.01676688582598726,20.421094251829125,-0.015526718383052973,-2.812499877864254
0.8400000000000005,3.4725599999999965,-0.01700266004097223,20.426338120896933,-0.015700058741368206,-2.846385512442825
0.8500000000000005,3.5138999999999965,-0.017239575060297302,20.431585907722546,-0.015872730421570558,-2.880268497542639
0.8600000000000005,3.5552399999999964,-0.017477642090083678,20.4368376082252,-0.016044721699221276,-2.9141487483132673
0.8700000000000006,3.5965799999999963,-0.017716872311217186,20.44209321834685,-0.01621602086641777,-2.948026180341129
0.8800000000000006,3.6379199999999963,-0.01795727687947557,20.447352734051783,-0.016386616231537032,-2.981900709649709
0.8900000000000006,3.679259999999996,-0.018198866925672602,20.452616151326,-0.01655649611943205,-3.015772252700407
0.9000000000000006,3.720599999999996,-0.018441653555859444,20.45788346617715,-0.01672564887125494,-3.0496407263930045
0.9100000000000006,3.761939999999996,-0.01868564785136681,20.463154674633792,-0.016894062844491298,-3.083506048064638
0.9200000000000006,3.803279999999996,-0.01893086086902701,20.46842977274538,-0.017061726412902656,-3.117368135491911
0.9300000000000006,3.844619999999996,-0.019177303641250754,20.473708756581544,-0.017228627966387022,-3.151226906889719
0.9400000000000006,3.885959999999996,-0.01942498717609148,20.478991622232023,-0.017394755911139537,-3.1850822809116304
0.9500000000000006,3.927299999999996,-0.01967392245741198,20.48427836580621,-0.017560098669440527,-3.2189341766507487
0.9600000000000006,3.9686399999999957,-0.01992412044499428,20.489568983432775,-0.01772464467968976,-3.2527825136387554
0.9700000000000006,4.009979999999996,-0.02017559207447961,20.49486347125929,-0.017888382396290536,-3.2866272118467648
0.9800000000000006,4.051319999999996,-0.020428348257615192,20.500161825452015,-0.018051300289643468,-3.3204681916844905
0.9900000000000007,4.092659999999996,-0.020682399882221036,20.505464042195527,-0.018213386846129276,-3.354305374001479
1.0000000000000007,4.133999999999996,-0.02093775781227039,20.51077011769236,-0.01837463056797567,-3.3881386800856035
1.0100000000000007,4.175339999999996,-0.021194432887944537,20.516080048162706,-0.01853501997328577,-3.4219680316641967
1.0200000000000007,4.216679999999996,-0.021452435925675334,20.521393829844083,-0.018694543595919544,-3.4557933509030683
1.0300000000000007,4.258019999999996,-0.02171177771820912,20.526711458991166,-0.01885318998548552,-3.4896145604068916
1.0400000000000007,4.299359999999996,-0.021972469034544945,20.5320329318753,-0.019010947707225168,-3.5234315832184135
1.0500000000000007,4.340699999999996,-0.02223452062006498,20.537358244784322,-0.019167805341998412,-3.557244342819375
1.0600000000000007,4.3820399999999955,-0.02249794319647297,20.542687394022177,-0.019323751486262364,-3.591052763128638
1.0700000000000007,4.423379999999995,-0.022762747461866073,20.548020375908894,-0.019478774751938543,-3.624856768503469
1.0800000000000007,4.464719999999995,-0.023028944090659698,20.553357186779845,-0.01963286376636858,-3.6586562837383108
1.0900000000000007,4.506059999999995,-0.02329654373361356,20.558697822986026,-0.019786007172254483,-3.6924512340644533
1.1000000000000008,4.547399999999995,-0.023565557017886762,20.564042280893297,-0.01993819362766658,-3.72624154515045
1.1100000000000008,4.588739999999995,-0.023835994546868938,20.56939055688247,-0.02008941180584145,-3.760027143100655
1.1200000000000008,4.630079999999995,-0.024107866900333563,20.574742647348863,-0.020239650395297293,-3.7938079544555645
1.1300000000000008,4.671419999999995,-0.02438118463424363,20.580098548702143,-0.020388898099561736,-3.827583906191212
1.1400000000000008,4.712759999999995,-0.02465595828079095,20.585458257365993,-0.02053714363733411,-3.861354925719027
1.1500000000000008,4.754099999999995,-0.02493219834839086,20.59082176977797,-0.020684375742237193,-3.895120940884196
1.1600000000000008,4.795439999999995,-0.025209915321566745,20.596189082389134,-0.02083058316281927,-3.9288818799665
1.1700000000000008,4.836779999999995,-0.025489119660834836,20.601560191664028,-0.02097575466259416,-3.9626376716796807
1.1800000000000008,4.878119999999995,-0.02576982180285667,20.606935094080157,-0.021119879019726118,-3.9963882451694244
1.1900000000000008,4.919459999999995,-0.026052032160133493,20.61231378612808,-0.021262945027221924,-4.030133530014319
1.2000000000000008,4.9607999999999945,-0.0263357611210569,20.61769626431087,-0.021404941492749907,-4.063873456225155
1.2100000000000009,5.0021399999999945,-0.026621019049836436,20.623082525144216,-0.02154585723858038,-4.0976079542438875
1.2200000000000009,5.043479999999994,-0.026907816286330294,20.628472565155988,-0.021685681101505427,-4.131336954941998
1.2300000000000009,5.084819999999994,-0.02719616314606882,20.633866380886012,-0.021824401932818982,-4.165060389622434
1.2400000000000009,5.126159999999994,-0.02748606992002281,20.639263968886183,-0.02196200859825953,-4.198778190016511
1.2500000000000009,5.167499999999994,-0.02777754687467382,20.644665325719746,-0.02209848997787528,-4.232490288284378
1.260000000000001,5.208839999999994,-0.028070604251716536,20.65007044796161,-0.02223383496602499,-4.266196617014143
1.270000000000001,5.250179999999994,-0.028365252268147123,20.655479332197793,-0.022368032471266397,-4.29989710922135
1.280000000000001,5.291519999999994,-0.028661501115948063,20.660891975025475,-0.022501071416385576,-4.3335916983472735
1.290000000000001,5.332859999999994,-0.028959360962096753,20.666308373052633,-0.02263294073820804,-4.367280318259547
1.300000000000001,5.374199999999994,-0.02925884194843051,20.671728522897954,-0.022763629387634654,-4.400962903250881
1.310000000000001,5.415539999999994,-0.02955995419145188,20.677152421190677,-0.02289312632953694,-4.434639388037813
1.320000000000001,5.456879999999994,-0.029862707782289666,20.68258006457037,-0.023021420542676696,-4.46830970776042
1.330000000000001,5.498219999999994,-0.03016711278642059,20.688011449686705,-0.02314850101969862,-4.501973797981667
1.340000000000001,5.539559999999994,-0.030473179243653503,20.693446573199488,-0.023274356767052085,-4.535631594685566
1.350000000000001,5.5808999999999935,-0.030780917167921668,20.69888543177821,-0.02339897680489139,-4.569283034278204
1.360000000000001,5.6222399999999935,-0.03109033654710494,20.704328022102214,-0.023522350167076822,-4.6029280535852095
1.370000000000001,5.663579999999993,-0.03140144734294886,20.7097743408602,-0.023644465901075273,-4.636566589851879
1.380000000000001,5.704919999999993,-0.03171425949079895,20.715224384750364,-0.023765313067879434,-4.6701985807411885
1.390000000000001,5.746259999999993,-0.032028782899519576,20.720678150480058,-0.023884880742067127,-4.703823964334984
1.400000000000001,5.787599999999993,-0.032345027451288866,20.726135634765697,-0.02400315801155828,-4.737442679130818
1.410000000000001,5.828939999999993,-0.032663003001341034,20.73159683433263,-0.024120133977792058,-4.771054664042787
1.420000000000001,5.870279999999993,-0.03298271937801234,20.737061745915074,-0.024235797755404798,-4.804659858399636
1.430000000000001,5.911619999999993,-0.03330418638226379,20.742530366255764,-0.02435013847243067,-4.838258201944287
1.440000000000001,5.952959999999993,-0.03362741378768028,20.748002692106056,-0.0244631452700515,-4.871849634833009
1.450000000000001,5.994299999999993,-0.03395241134025431,20.753478720225576,-0.024574807302661483,-4.9054340976341075
1.460000000000001,6.035639999999993,-0.03427918875811206,20.758958447382348,-0.024685113737788533,-4.939011531327687
1.470000000000001,6.076979999999993,-0.03460775573137351,20.764441870352396,-0.02479405375599858,-4.972581877303788
1.480000000000001,6.118319999999993,-0.03493812192196838,20.76992898591974,-0.024901616550914996,-5.006145077362818
1.490000000000001,6.159659999999993,-0.03527029696333622,20.775419790876356,-0.025007791329077933,-5.039701073712815
1.500000000000001,6.2009999999999925,-0.0356042904602768,20.78091428202202,-0.02511256731001582,-5.073249808970374
1.5100000000000011,6.2423399999999925,-0.03594011198874228,20.786412456164022,-0.025215933726087103,-5.106791226158607
1.5200000000000011,6.283679999999992,-0.03627777109552613,20.791914310117306,-0.02531787982252237,-5.140325268705667
1.5300000000000011,6.325019999999992,-0.03661727729816039,20.797419840704137,-0.025418394857278315,-5.173851880446087
1.5400000000000011,6.366359999999992,-0.03695864008459826,20.80292904475416,-0.0255174681010924,-5.207371005617564
1.5500000000000012,6.407699999999992,-0.037301868913008435,20.80844191910434,-0.0256150888373452,-5.240882588860357
1.5600000000000012,6.449039999999992,-0.03764697321151622,20.813958460598492,-0.025711246362129014,-5.274386575217519
1.5700000000000012,6.490379999999992,-0.03799396237794325,20.819478666087676,-0.025805929984111686,-5.307882910133137
1.5800000000000012,6.531719999999992,-0.0383428457796717,20.825002532429806,-0.025899129024491818,-5.341371539451237
1.5900000000000012,6.573059999999992,-0.038693632753254575,20.830530056489522,-0.025990832817022413,-5.3748524094150465
1.6000000000000012,6.614399999999992,-0.0390463326042535,20.836061235138388,-0.026081030707968467,-5.408325466666655
1.6100000000000012,6.655739999999992,-0.03940095460690993,20.84159606525445,-0.026169712055972794,-5.441790658244299
1.6200000000000012,6.697079999999992,-0.03975750800395991,20.847134543722326,-0.02625686623212009,-5.475247931584112
1.6300000000000012,6.738419999999992,-0.04011600200627674,20.85267666743318,-0.026342482619828078,-5.508697234516401
1.6400000000000012,6.779759999999992,-0.04047644579277415,20.858222433284503,-0.026426550614893574,-5.542138515266874
1.6500000000000012,6.8210999999999915,-0.040838848509863634,20.863771838180128,-0.026509059625364095,-5.5755717224547405
1.6600000000000013,6.862439999999991,-0.04120321927142595,20.869324879030145,-0.02658999907157389,-5.608996805090847
1.6700000000000013,6.903779999999991,-0.0415695671584341,20.87488155275074,-0.026669358386033737,-5.642413712579249
1.6800000000000013,6.945119999999991,-0.04193790121861399,20.88044185626421,-0.026747127013493188,-5.675822394713669
1.6900000000000013,6.986459999999991,-0.04230823046628712,20.886005786498878,-0.026823294410839194,-5.709222801678257
1.7000000000000013,7.027799999999991,-0.04268056388193306,20.891573340388977,-0.026897850047056193,-5.742614884045862
1.7100000000000013,7.069139999999991,-0.04305491041200982,20.897144514874775,-0.026970783403244936,-5.775998592777291
1.7200000000000013,7.110479999999991,-0.04343127896860352,20.90271930690209,-0.02704208397255825,-5.809373879220879
1.7300000000000013,7.151819999999991,-0.04380967842917238,20.908297713422748,-0.027111741260186117,-5.842740695110707
1.7400000000000013,7.193159999999991,-0.044190117636139836,20.91387973139417,-0.027179744783315585,-5.876098992566175
1.7500000000000013,7.234499999999991,-0.04457260539670105,20.91946535777934,-0.027246084071110954,-5.909448724091641
1.7600000000000013,7.275839999999991,-0.04495715048246146,20.925054589547017,-0.027310748664659434,-5.94278984257419
1.7700000000000014,7.317179999999991,-0.045343761629100726,20.930647423671342,-0.027373728116957097,-5.9761223012841125
1.7800000000000014,7.358519999999991,-0.04573244753608535,20.936243857132027,-0.02743501199292603,-6.009446053873176
1.7900000000000014,7.399859999999991,-0.04612321686634657,20.941843886914178,-0.027494589869310526,-6.042761054374208
1.8000000000000014,7.4411999999999905,-0.04651607824593293,20.947447510008317,-0.027552451334720562,-6.076067257200086
1.8100000000000014,7.48253999999999,-0.046911040263706905,20.953054723410286,-0.027608585989549683,-6.10936461714263
1.8200000000000014,7.52387999999999,-0.04730811147096625,20.95866552412126,-0.027662983445971012,-6.142653089371927
1.8300000000000014,7.56521999999999,-0.04770730038117263,20.964279909147745,-0.02771563332798177,-6.175932629436356
1.8400000000000014,7.60655999999999,-0.04810861546953746,20.969897875501335,-0.027766525271225695,-6.209203193260062
1.8500000000000014,7.64789999999999,-0.048512065172772206,20.975519420198882,-0.0278156489230883,-6.2424647371430195
1.8600000000000014,7.68923999999999,-0.04891765788862562,20.981144540262463,-0.0278629939426564,-6.275717217760888
1.8700000000000014,7.73057999999999,-0.049325401975611305,20.986773232719205,-0.02790855000066922,-6.308960592163131
1.8800000000000014,7.77191999999999,-0.049735305752694775,20.992405494601392,-0.02795230677951821,-6.342194817772739
1.8900000000000015,7.81325999999999,-0.050147377498819146,20.998041322946385,-0.027994253973227468,-6.3754198523854395
1.9000000000000015,7.85459999999999,-0.0505616254526291,21.003680714796488,-0.02803438128733765,-6.408635654168822
1.9100000000000015,7.89593999999999,-0.050978057812030325,21.009323667199155,-0.028072678439076404,-6.4418421816616025
1.9200000000000015,7.93727999999999,-0.05139668273395612,21.014970177206852,-0.028109135157098675,-6.475039393772749
1.9300000000000015,7.97861999999999,-0.0518175083338594,21.020620241876976,-0.028143741181654303,-6.508227249781076
1.9400000000000015,8.01995999999999,-0.05224054268542752,21.026273858271868,-0.028176486264555545,-6.541405709334165
1.9500000000000015,8.06129999999999,-0.05266579382009054,21.031931023458867,-0.028207360168952256,-6.5745747324481725
1.9600000000000015,8.10263999999999,-0.05309326972682232,21.037591734510272,-0.028236352669593956,-6.607734279506282
1.9700000000000015,8.14397999999999,-0.05352297835158465,21.04325598850337,-0.028263453552572815,-6.640884311259032
1.9800000000000015,8.18531999999999,-0.053954927597047425,21.048923782520205,-0.028288652615420684,-6.674024788822324
1.9900000000000015,8.22665999999999,-0.0543891253221091,21.054595113647842,-0.028311939667091113,-6.707155673678619
2.0000000000000013,8.26799999999999,-0.0548255793415576,21.06026997897834,-0.028333304527855152,-6.7402769276741665
2.010000000000001,8.30933999999999,-0.055264297425689696,21.065948375608475,-0.028352737029380404,-6.773388513020501
2.020000000000001,8.35067999999999,-0.055705287299859796,21.071630300640116,-0.028370227014636817,-6.806490392291674
2.0300000000000007,8.39201999999999,-0.05614855664410448,21.07731575118003,-0.028385764337819253,-6.8395825284254235
2.0400000000000005,8.43335999999999,-0.05659411309265691,21.083004724339734,-0.028399338864512458,-6.872664884721653
2.0500000000000003,8.47469999999999,-0.05704196423370622,21.088697217235804,-0.028410940471464585,-6.905737424842252
2.06,8.51603999999999,-0.05749211760881057,21.094393226989745,-0.028420559046636706,-6.938800112810159
2.07,8.55737999999999,-0.05794458071255304,21.100092750727924,-0.02842818448921025,-6.971852913009008
2.0799999999999996,8.59871999999999,-0.05839936099206666,21.10579578558177,-0.028433806709551257,-7.00489579018274
2.0899999999999994,8.64005999999999,-0.058856465846676476,21.111502328687624,-0.02843741562913299,-7.0379287094350405
2.099999999999999,8.68139999999999,-0.05931590262749528,21.117212377186746,-0.028439001180486367,-7.070951636228364
2.109999999999999,8.72273999999999,-0.059777678636806414,21.122925928225506,-0.02843855330733097,-7.103964536384254
2.1199999999999988,8.76407999999999,-0.06024180112781791,21.128642978955174,-0.0284360619643223,-7.136967376082514
2.1299999999999986,8.80541999999999,-0.06070827730419315,21.134363526532166,-0.028431517117165628,-7.169960121860208
2.1399999999999983,8.846759999999989,-0.061177114319438314,21.14008756811792,-0.028424908742557486,-7.202942740612302
2.149999999999998,8.888099999999989,-0.06164831927673198,21.145815100878934,-0.02841622682812972,-7.235915199590175
2.159999999999998,8.929439999999989,-0.06212189922817357,21.15154612198694,-0.0284054613723681,-7.268877466401856
2.1699999999999977,8.970779999999989,-0.06259786117458224,21.157280628618622,-0.02839260238474761,-7.301829509011759
2.1799999999999975,9.012119999999989,-0.06307621206485425,21.163018617956084,-0.0283776398854666,-7.3347712957399045
2.1899999999999973,9.053459999999989,-0.0635569587955912,21.16876008718644,-0.02836056390552838,-7.36770279526161
2.199999999999997,9.094799999999989,-0.06404010821061293,21.17450503350215,-0.028341364486748566,-7.400623976607564
2.209999999999997,9.136139999999989,-0.06452566710046834,21.180253454100985,-0.02832003168158337,-7.433534809162628
2.2199999999999966,9.177479999999989,-0.065013642201987,21.186005346186015,-0.028296555553129044,-7.466435262667056
2.2299999999999964,9.218819999999988,-0.0655040401977684,21.191760706965738,-0.028270926175187505,-7.499325307214471
2.239999999999996,9.260159999999988,-0.06599686771570837,21.19751953365399,-0.028243133632054718,-7.532204913253305
2.249999999999996,9.301499999999988,-0.06649213132858894,21.203281823470128,-0.028213168018519752,-7.56507405158485
2.259999999999996,9.342839999999988,-0.06698983755338248,21.209047573639026,-0.028181019439867616,-7.5979326933644415
2.2699999999999956,9.384179999999988,-0.06748999285096491,21.21481678139119,-0.02814667801181059,-7.630780810100753
2.2799999999999954,9.425519999999988,-0.06799260362558257,21.220589443962602,-0.028110133860316022,-7.663618373655508
2.289999999999995,9.466859999999988,-0.06849767622419961,21.22636555859507,-0.028071377121729246,-7.696445356243214
2.299999999999995,9.508199999999988,-0.0690052169361641,21.23214512253613,-0.028030397942552077,-7.729261730431691
2.3099999999999947,9.549539999999988,-0.0695152319926185,21.237928133038988,-0.02798718647948989,-7.76206746914149
2.3199999999999945,9.590879999999988,-0.0700277275659634,21.243714587362874,-0.027941732899295635,-7.794862545645149
2.3299999999999943,9.632219999999988,-0.07054270976939261,21.249504482772874,-0.027894027378761177,-7.827646933569031
2.339999999999994,9.673559999999988,-0.07106018465629199,21.25529781654013,-0.02784406010459406,-7.860420606890819
2.349999999999994,9.714899999999988,-0.07158015821983352,21.261094585941777,-0.02779182127340385,-7.893183539941676
2.3599999999999937,9.756239999999988,-0.07210263639228612,21.266894788261123,-0.0277373010915668,-7.925935707404583
2.3699999999999934,9.797579999999988,-0.07262762504462658,21.272698420787748,-0.027680489775195993,-7.958677084315949
2.3799999999999932,9.838919999999987,-0.07315512998589657,21.27850548081748,-0.02762137754994437,-7.991407646063984
2.389999999999993,9.880259999999987,-0.07368515696267605,21.284315965652517,-0.02755995465103761,-8.024127368389749
2.399999999999993,9.921599999999987,-0.07421771165855648,21.29012987260153,-0.02749621132313057,-8.056836227387677
2.4099999999999926,9.962939999999987,-0.0747527996935638,21.295947198979754,-0.02743013782024084,-8.089534199503822
2.4199999999999924,10.004279999999987,-0.07529042662365293,21.301767942109034,-0.027361724405588095,-8.122221261538586
2.429999999999992,10.045619999999987,-0.07583059794002758,21.307592099317933,-0.027290961351482235,-8.154897390644912
2.439999999999992,10.086959999999987,-0.07637331906869202,21.313419667941826,-0.027217838939327554,-8.187562564329095
2.4499999999999917,10.128299999999987,-0.0769185953697997,21.319250645323063,-0.02714234745941274,-8.22021676045097
2.4599999999999915,10.169639999999987,-0.07746643213711304,21.325085028810932,-0.02706447721075167,-8.25285995722437
2.4699999999999913,10.210979999999987,-0.07801683459740957,21.33092281576178,-0.026984218501143076,-8.285492133217062
2.479999999999991,10.252319999999987,-0.07856980790989457,21.336764003539354,-0.02690156164678703,-8.318113267351217
2.489999999999991,10.293659999999987,-0.0791253571656087,21.34260858951449,-0.026816496972388193,-8.35072333890363
2.4999999999999907,10.334999999999987,-0.07968348738678302,21.34845657106566,-0.026729014810903118,-8.383322327505551
2.5099999999999905,10.376339999999987,-0.08024420352634973,21.354307945578647,-0.02663910550339138,-8.415910213144777
2.5199999999999902,10.417679999999987,-0.08080751046717508,21.36016271044714,-0.026546759398909603,-8.448486976163526
2.52999999999999,10.459019999999986,-0.08137341302162876,21.366020863072414,-0.026451966854343312,-8.481052597261018
2.53999999999999,10.500359999999986,-0.08194191593084402,21.37188240086359,-0.026354718234230634,-8.513607057492758
2.5499999999999896,10.541699999999986,-0.08251302386406859,21.37774732123808,-0.026255003910656216,-8.54615033827138
2.5599999999999894,10.583039999999986,-0.08308674141815678,21.383615621621146,-0.0261528142630148,-8.57868242136645
2.569999999999989,10.624379999999986,-0.08366307311680993,21.389487299446422,-0.026048139677853188,-8.611203288906648
2.579999999999989,10.665719999999986,-0.08424202341005188,21.395362352155928,-0.025940970548745,-8.643712923378423
2.5899999999999888,10.707059999999986,-0.08482359667346934,21.401240777200247,-0.025831297275989595,-8.676211307627488
2.5999999999999885,10.748399999999986,-0.08540779720771433,21.40712257203859,-0.02571911026656959,-8.708698424859909
2.6099999999999883,10.789739999999986,-0.08599462923761891,21.41300773413898,-0.025604399933750632,-8.741174258641523
2.619999999999988,10.831079999999986,-0.08658409691181057,21.418896260978446,-0.025487156697140856,-8.773638792899522
2.629999999999988,10.872419999999986,-0.08717620430180176,21.42478815004301,-0.02536737098216968,-8.806092011922724
2.6399999999999877,10.913759999999986,-0.0877709554014299,21.430683398828066,-0.025245033220113566,-8.838533900362675
2.6499999999999875,10.955099999999986,-0.08836835412625585,21.436582004838346,-0.025120133847713277,-8.870964443233806
2.6599999999999873,10.996439999999986,-0.08896840431269729,21.442483965588107,-0.024992663307057073,-8.903383625914712
2.669999999999987,11.037779999999985,-0.08957110971747478,21.4483892786014,-0.024862612045185195,-8.935791434148905
2.679999999999987,11.079119999999985,-0.09017647401687923,21.454297941412147,-0.02472997051399839,-8.96818785404516
2.6899999999999866,11.120459999999985,-0.0907845008060296,21.46020995156424,-0.02459472916988842,-9.000572872079607
2.6999999999999864,11.161799999999985,-0.09139519359826928,21.466125306611936,-0.024456878473506083,-9.032946475095173
2.709999999999986,11.203139999999985,-0.09200855582432904,21.47204400411973,-0.024316408889453023,-9.065308650302766
2.719999999999986,11.244479999999985,-0.09262459083166691,21.477966041662814,-0.024173310886019872,-9.097659385283837
2.7299999999999858,11.285819999999985,-0.09324330188376923,21.48389141682706,-0.024027574934929463,-9.12999866798893
2.7399999999999856,11.327159999999985,-0.09386469215934296,21.4898201272093,-0.023879191510872477,-9.162326486740655
2.7499999999999853,11.368499999999985,-0.09448876475164716,21.495752170417482,-0.023728151091437555,-9.194642830234208
2.759999999999985,11.409839999999985,-0.09511552266770126,21.50168754407096,-0.02357444415653548,-9.226947687537457
2.769999999999985,11.451179999999985,-0.09574496882756975,21.507626245800438,-0.023418061188247852,-9.259241048094188
2.7799999999999847,11.492519999999985,-0.09637710606353656,21.513568273248453,-0.023258992670325995,-9.291522901722486
2.7899999999999845,11.533859999999985,-0.09701193711946518,21.51951362406943,-0.023097229088013982,-9.323793238618867
2.7999999999999843,11.575199999999985,-0.09764946464981378,21.52546229592994,-0.022932760927488194,-9.356052049357418
2.809999999999984,11.616539999999985,-0.09828969121913514,21.53141428650887,-0.022765578675621956,-9.388299324891857
2.819999999999984,11.657879999999984,-0.09893261930106154,21.53736959349769,-0.022595672819548274,-9.420535056556991
2.8299999999999836,11.699219999999984,-0.09957825127758732,21.543328214600606,-0.022423033846132534,-9.452759236069538
2.8399999999999834,11.740559999999984,-0.1002265894382666,21.549290147534848,-0.022247652241800864,-9.484971855530063
2.849999999999983,11.781899999999984,-0.10087763597942301,21.555255390030936,-0.022069518491919293,-9.517172907423852
2.859999999999983,11.823239999999984,-0.10153139300336364,21.5612239398327,-0.021888623080384417,-9.549362384623143
2.869999999999983,11.864579999999984,-0.10218786251744011,21.567195794697852,-0.021704956489282,-9.5815402803876
2.8799999999999826,11.905919999999984,-0.10284704643333109,21.57317095239789,-0.021518509198221458,-9.613706588366558
2.8899999999999824,11.947259999999984,-0.10350894656613174,21.57914941071866,-0.021329271684026097,-9.645861302600606
2.899999999999982,11.988599999999984,-0.10417356463357355,21.58513116746031,-0.02113723442020138,-9.678004417522864
2.909999999999982,12.029939999999984,-0.10484090225513878,21.59111622043782,-0.02094238787632635,-9.71013592796143
2.9199999999999817,12.071279999999984,-0.10551096095112017,21.59710456748098,-0.020744722517622716,-9.742255829139506
2.9299999999999815,12.112619999999984,-0.10618374214196671,21.603096206435026,-0.02054422880441875,-9.774364116678356
2.9399999999999813,12.153959999999984,-0.10685924714716136,21.609091135160455,-0.020340897191518936,-9.8064607865994
2.949999999999981,12.195299999999984,-0.10753747718443446,21.6150893515337,-0.02013471812773754,-9.838545835324817
2.959999999999981,12.236639999999984,-0.1082184333689589,21.621090853447203,-0.01992568205518097,-9.87061925968039
2.9699999999999807,12.277979999999983,-0.10890211671227301,21.62709563880978,-0.019713779408722543,-9.90268105689729
2.9799999999999804,12.319319999999983,-0.10958852812154138,21.633103705546908,-0.01949900061540072,-9.934731224613435
2.9899999999999802,12.360659999999983,-0.11027766839852715,21.639115051600896,-0.019281336093717183,-9.966769760875994
2.99999999999998,12.401999999999983,-0.11096953823869538,21.645129674931457,-0.01906077625302116,-9.99879666414347
3.00999999999998,12.443339999999983,-0.11166413823023755,21.6511475735157,-0.018837311492763964,-10.030811933287955
3.0199999999999796,12.484679999999983,-0.11236146885321344,21.65716874534872,-0.018610932201928332,-10.062815567596624
3.0299999999999794,12.526019999999983,-0.1130615304785618,21.6631931884438,-0.018381628758154855,-10.094807566774275
3.039999999999979,12.567359999999983,-0.11376432336705397,21.669220900832613,-0.01814939152715922,-10.126787930946302
3.049999999999979,12.608699999999983,-0.11446984766846302,21.67525188056591,-0.017914210861884994,-10.158756660659268
3.0599999999999787,12.650039999999983,-0.11517810342046839,21.68128612571337,-0.017676077101719312,-10.19071375688527
3.0699999999999785,12.691379999999983,-0.11588909054768828,21.687323634364486,-0.017434980571714442,-10.222659221022855
3.0799999999999783,12.732719999999983,-0.11660280886075783,21.6933644046284,-0.017190911581836055,-10.254593054900287
3.089999999999978,12.774059999999983,-0.11731925805518958,21.699408434634723,-0.016943860425992052,-10.286515260777316
3.099999999999978,12.815399999999983,-0.11803843771047137,21.705455722533458,-0.01669381738120901,-10.318425841348706
3.1099999999999777,12.856739999999983,-0.11876034728896312,21.711506266495828,-0.016440772706856732,-10.350324799746529
3.1199999999999775,12.898079999999982,-0.11948498613488218,21.7175600647143,-0.01618471664353649,-10.382212139541565
3.1299999999999772,12.939419999999982,-0.12021235347325829,21.723617115403165,-0.015925639412329273,-10.414087864748568
3.139999999999977,12.980759999999982,-0.12094244840886376,21.729677416798754,-0.01566353121364139,-10.445951979826827
3.149999999999977,13.022099999999982,-0.12167526992516359,21.735740967160126,-0.015398382226372576,-10.477804489683795
3.1599999999999766,13.063439999999982,-0.12241081688314603,21.74180776476922,-0.015130182606833964,-10.509645399678346
3.1699999999999764,13.104779999999982,-0.12314908802040686,21.747877807931303,-0.01485892248768439,-10.541474715623503
3.179999999999976,13.146119999999982,-0.12389008194987114,21.753951094975637,-0.014584591976906924,-10.57329244378957
3.189999999999976,13.187459999999982,-0.12463379715878659,21.760027624255592,-0.014307181156608728,-10.605098590906326
3.1999999999999758,13.228799999999982,-0.1253802320075497,21.766107394149262,-0.014026680081999254,-10.636893164168349
3.2099999999999755,13.270139999999982,-0.1261293847285856,21.772190403059867,-0.013743078780129425,-10.668676171235777
3.2199999999999753,13.311479999999982,-0.12688125342521336,21.778276649416313,-0.01345636724876964,-10.70044762023924
3.229999999999975,13.352819999999982,-0.1276358360704945,21.784366131673476,-0.013166535455146289,-10.732207519782916
3.239999999999975,13.394159999999982,-0.12839313050603005,21.79045884831282,-0.012873573334673483,-10.76395587894801
3.2499999999999747,13.435499999999982,-0.12915313444081325,21.796554797842884,-0.012577470789650824,-10.795692707295672
3.2599999999999745,13.476839999999982,-0.12991584544997678,21.802653978799743,-0.012278217687929138,-10.827418014871327
3.2699999999999743,13.518179999999981,-0.1306812609737115,21.808756389747465,-0.01197580386166569,-10.859131812208524
3.279999999999974,13.559519999999981,-0.1314493783159437,21.814862029278725,-0.011670219105647583,-10.890834110332184
3.289999999999974,13.600859999999981,-0.1322201946431612,21.820970896015215,-0.011361453176120417,-10.92252492076201
3.2999999999999736,13.642199999999981,-0.13299370698310767,21.827082988608385,-0.011049495789176023,-10.954204255518212
3.3099999999999734,13.683539999999981,-0.13376991222360163,21.833198305739707,-0.01073433661928308,-10.985872127123583
3.319999999999973,13.724879999999981,-0.1345488071112614,21.839316846121463,-0.010415965297653262,-11.017528548608357
3.329999999999973,13.766219999999981,-0.1353303882502092,21.845438608497226,-0.010094371410687253,-11.04917353351521
3.3399999999999728,13.807559999999981,-0.13611465210075932,21.85156359164242,-0.00976954449836609,-11.080807095902072
3.3499999999999726,13.848899999999981,-0.13690159497818222,21.85769179436511,-0.009441474052434506,-11.112429250347573
3.3599999999999723,13.89023999999998,-0.13769121305130533,21.863823215506088,-0.009110149514853061,-11.144040011955482
3.369999999999972,13.93157999999998,-0.13848350234126813,21.869957853940228,-0.00877556027582782,-11.175639396358825
3.379999999999972,13.97291999999998,-0.1392784587201125,21.87609570857652,-0.008437695672045997,-11.207227419724967
3.3899999999999717,14.01425999999998,-0.14007607790946594,21.882236778358973,-0.008096544984859066,-11.238804098759655
3.3999999999999715,14.05559999999998,-0.14087635547914334,21.88838106226725,-0.007752097438277483,-11.270369450713881
3.4099999999999713,14.09693999999998,-0.1416792868457965,21.894528559317244,-0.007404342196955127,-11.301923493386433
3.419999999999971,14.13827999999998,-0.14248486727149587,21.900679268561987,-0.007053268364242138,-11.333466245130305
3.429999999999971,14.17961999999998,-0.1432930918623362,21.906833189091948,-0.006698864980002217,-11.364997724858464
3.4399999999999706,14.22095999999998,-0.14410395556699201,21.912990320036283,-0.006341121018534623,-11.396517952047923
3.4499999999999704,14.26229999999998,-0.1449174531752778,21.91915066056301,-0.005980025386309096,-11.428026946746172
3.45999999999997,14.30363999999998,-0.1457335793167022,21.92531420988018,-0.005615566919759618,-11.459524729576522
3.46999999999997,14.34497999999998,-0.14655232845903238,21.931480967236425,-0.005247734382834823,-11.491011321743622
3.47999999999997,14.38631999999998,-0.14737369490674168,21.937650931921787,-0.0048765164646843995,-11.522486745040059
3.4899999999999696,14.42765999999998,-0.14819767279957224,21.943824103268426,-0.004501901777252959,-11.553951021851267
3.4999999999999694,14.46899999999998,-0.14902425611100917,21.950000480651703,-0.004123878852587859,-11.585404175162893
3.509999999999969,14.51033999999998,-0.14985343864670486,21.95618006349065,-0.0037424361403775586,-11.616846228566278
3.519999999999969,14.55167999999998,-0.15068521404302176,21.962362851248937,-0.003357562005203485,-11.64827720626514
3.5299999999999687,14.59301999999998,-0.1515195757654035,21.96854884343597,-0.0029692447238329756,-11.679697133082268
3.5399999999999685,14.63435999999998,-0.1523565171068371,21.974738039607487,-0.002577472482398313,-11.71110603446622
3.5499999999999683,14.67569999999998,-0.1531960311862209,21.980930439366524,-0.0021822333734158317,-11.742503936498697
3.559999999999968,14.71703999999998,-0.15403811094686157,21.98712604236445,-0.0017835153928920655,-11.773890865901006
3.569999999999968,14.75837999999998,-0.15488274915473751,21.993324848301775,-0.001381306437296892,-11.80526685004134
3.5799999999999677,14.79971999999998,-0.1557299383968657,21.999526856929272,-0.0009755943002134337,-11.836631916942741
3.5899999999999674,14.84105999999998,-0.1565796710797589,22.005732068048744,-0.0005663666693161984,-11.867986095290934
3.5999999999999672,14.88239999999998,-0.15743193942771452,22.011940481514298,-0.00015361112287459733,-11.899329414441073
3.609999999999967,14.92373999999998,-0.1582867354810063,22.018152097233173,0.000262684873541863,-11.930661904426742
3.619999999999967,14.965079999999979,-0.15914405109437751,22.024366915166944,0.0006825339707109412,-11.961983595968404
3.6299999999999666,15.006419999999979,-0.16000387793516144,22.030584935332435,0.0011059489393412392,-11.9932945204806
3.6399999999999664,15.047759999999979,-0.1608662074816838,22.036806157803134,0.0015329426737496488,-12.024594710081933
3.649999999999966,15.089099999999979,-0.16173103102135378,22.04303058270985,0.001963528195816744,-12.055884197603564
3.659999999999966,15.130439999999979,-0.16259833964914508,22.049258210242492,0.002397718658743775,-12.087163016597556
3.6699999999999657,15.171779999999979,-0.1634681242654509,22.055489040650635,0.0028355273514050205,-12.11843120134781
3.6799999999999655,15.213119999999979,-0.16434037557462505,22.06172307424521,0.0032769677022740362,-12.149688786878214
3.6899999999999653,15.254459999999979,-0.16521508408303023,22.0679603113996,0.0037220532838502796,-12.180935808962861
3.699999999999965,15.295799999999979,-0.16609224009714735,22.074200752550777,0.004170797817079741,-12.212172304137171
3.709999999999965,15.337139999999978,-0.1669718337218182,22.08044439820093,0.004623215175876161,-12.243398309707286
3.7199999999999647,15.378479999999978,-0.16785385485834944,22.086691248918484,0.005079319391924908,-12.274613863760852
3.7299999999999645,15.419819999999978,-0.16873829320259767,22.09294130533973,0.005539124659405981,-12.30581900517816
3.7399999999999642,15.461159999999978,-0.16962513824316133,22.09919456817012,0.006002645340036639,-12.337013773643886
3.749999999999964,15.502499999999978,-0.17051437925933757,22.10545103818586,0.006469895968174599,-12.368198209657963
3.759999999999964,15.543839999999978,-0.17140600531928177,22.111710716235024,0.006940891256206783,-12.399372354548296
3.7699999999999636,15.585179999999978,-0.17230000527803682,22.11797360323967,0.00741564609983919,-12.430536250481849
3.7799999999999634,15.626519999999978,-0.17319636777558917,22.12423970019699,0.0078941755838694,-12.461689940478978
3.789999999999963,15.667859999999978,-0.17409508123486522,22.130509008180972,0.008376494987923866,-12.49283346842476
3.799999999999963,15.709199999999978,-0.17499613385969198,22.13678152834423,0.00886261979234959,-12.523966879083266
3.8099999999999627,15.750539999999978,-0.17589951363289813,22.143057261919555,0.00935256568452264,-12.555090218111651
3.8199999999999625,15.791879999999978,-0.1768052083142271,22.149336210221726,0.009846348565029028,-12.58620353207328
3.8299999999999623,15.833219999999978,-0.17771320543821176,22.155618374649336,0.010343984554396779,-12.617306868452362
3.839999999999962,15.874559999999978,-0.17862349231232466,22.16190375668652,0.01084548999965218,-12.648400275670843
3.849999999999962,15.915899999999978,-0.17953605601472816,22.168192357905035,0.01135088148147645,-12.679483803100926
3.8599999999999617,15.957239999999977,-0.18045088339227075,22.174484179966075,0.011860175821238217,-12.710557501083665
3.8699999999999615,15.998579999999977,-0.181367961058419,22.1807792246223,0.01237339008855709,-12.741621420943645
3.8799999999999613,16.039919999999977,-0.18228727539101547,22.187077493720004,0.012890541608878148,-12.772675615006962
3.889999999999961,16.08125999999998,-0.18320881253035606,22.193378989201094,0.013411647971373064,-12.803720136618388
3.899999999999961,16.12259999999998,-0.18413255837695558,22.199683713105383,0.013936727037224428,-12.834755040158342
3.9099999999999606,16.163939999999982,-0.18505849858939638,22.205991667572796,0.014465796947947862,-12.865780381063642
3.9199999999999604,16.205279999999984,-0.1859866185821762,22.21230285484568,0.014998876134174388,-12.896796215844837
3.92999999999996,16.246619999999986,-0.18691690352362705,22.21861727727134,0.015535983324679148,-12.927802602106393
3.93999999999996,16.287959999999988,-0.18784933833366685,22.224934937304283,0.016077137555644272,-12.958799598567827
3.9499999999999598,16.32929999999999,-0.1887839076817022,22.23125583750885,0.016622358180365893,-12.989787265084109
3.9599999999999596,16.37063999999999,-0.18972059598438257,22.237579980561918,0.01717166487919708,-13.020765662667428
3.9699999999999593,16.411979999999993,-0.19065938740350002,22.24390736925547,0.01772507766979481,-13.05173485351038
3.979999999999959,16.453319999999994,-0.19160026584372833,22.25023800649944,0.01828261691786276,-13.08269490100856
3.989999999999959,16.494659999999996,-0.19254321495048846,22.256571895324573,0.018844303348143077,-13.11364586978501
3.9999999999999587,16.535999999999998,-0.19348821810776087,22.262909038885386,0.019410158055885807,-13.144587825714604
4.009999999999959,16.57734,-0.19443525843592047,22.269249440463216,0.01998020251861271,-13.17552083595095
4.019999999999959,16.61868,-0.19538431878956417,22.275593103469475,0.020554458608372628,-13.20644496895112
4.0299999999999585,16.660020000000003,-0.1963353817553048,22.2819400314487,0.021132948604586754,-13.237360294505189
4.039999999999958,16.701360000000005,-0.19728842964967844,22.288290228082165,0.021715695206915575,-13.268266883763577
4.049999999999958,16.742700000000006,-0.19824344451699039,22.29464369719122,0.02230272154914953,-13.299164809266962
4.059999999999958,16.784040000000008,-0.19920040812714324,22.30100044274083,0.022894051213210864,-13.33005414497677
4.069999999999958,16.82538000000001,-0.20015930197359066,22.307360468843566,0.023489708243793817,-13.360934966307145
4.079999999999957,16.86672000000001,-0.2011201072712642,22.313723779763233,0.024089717163692848,-13.39180735015719
4.089999999999957,16.908060000000013,-0.20208280495441183,22.32009037991875,0.024694102989403277,-13.42267137494624
4.099999999999957,16.949400000000015,-0.20304737567475273,22.326460273888728,0.025302891247673598,-13.453527120647667
4.109999999999957,16.990740000000017,-0.20401379979928952,22.33283346641518,0.025916107992319914,-13.484374668827234
4.119999999999957,17.03208000000002,-0.20498205740848174,22.33920996240841,0.02653377982210353,-13.515214102679387
4.129999999999956,17.07342000000002,-0.20595212829435444,22.345589766951342,0.027155933898903417,-13.546045507068508
4.139999999999956,17.11476000000002,-0.20692399195854166,22.35197288530436,0.02778259796684268,-13.576868968568618
4.149999999999956,17.156100000000023,-0.20789762761058994,22.358359322910246,0.028413800372079745,-13.607684575506733
4.159999999999956,17.197440000000025,-0.2088730141661543,22.36474908539924,0.029049570083567067,-13.638492418006981
4.1699999999999555,17.238780000000027,-0.20985013024541752,22.371142178594482,0.02968993671429132,-13.669292588036559
4.179999999999955,17.28012000000003,-0.21082895417140174,22.37753860851731,0.03033493054370573,-13.700085179454174
4.189999999999955,17.32146000000003,-0.21180946396858322,22.38393838139324,0.030984582541006556,-13.730870288058524
4.199999999999955,17.362800000000032,-0.21279163736142792,22.390341503657645,0.03163892438921373,-13.761648011642146
4.209999999999955,17.404140000000034,-0.21377545177312207,22.39674798196218,0.03229798851054766,-13.792418450043565
4.2199999999999545,17.445480000000035,-0.21476088432435952,22.40315782318107,0.032961808092521305,-13.823181705204636
4.229999999999954,17.486820000000037,-0.21574791183245484,22.409571034417773,0.033630417115430966,-13.853937881228791
4.239999999999954,17.52816000000004,-0.2167365108102317,22.41598762301202,0.034303850380991374,-13.884687084441865
4.249999999999954,17.56950000000004,-0.2177266574654713,22.42240759654696,0.03498214354200746,-13.915429423455977
4.259999999999954,17.610840000000042,-0.21871832770028016,22.42883096285695,0.035665333133613863,-13.946165009236502
4.269999999999953,17.652180000000044,-0.219711497110615,22.43525773003494,0.03635345660571132,-13.976893955170231
4.279999999999953,17.693520000000046,-0.22070614098638014,22.44168790644111,0.03704655235692417,-14.00761637713803
4.289999999999953,17.734860000000047,-0.22170223431123182,22.44812150071131,0.03774465977007707,-14.038332393591428
4.299999999999953,17.77620000000005,-0.22269975176304685,22.454558521765573,0.03844781924938623,-14.069042125629643
4.3099999999999525,17.81754000000005,-0.22369866771450578,22.460998978818054,0.03915607225906803,-14.099745697084206
4.319999999999952,17.858880000000052,-0.2246989562339567,22.4674428813863,0.039869461364175574,-14.130443234603284
4.329999999999952,17.900220000000054,-0.22570059108663643,22.473890239301415,0.040588030272952824,-14.161134867743128
4.339999999999952,17.941560000000056,-0.2267035457362551,22.480341062718814,0.041311823881424015,-14.191820729062105
4.349999999999952,17.982900000000058,-0.2277077933470805,22.486795362129328,0.04204088832008501,-14.222500954219441
4.3599999999999515,18.02424000000006,-0.2287133067862081,22.493253148370513,0.04277527100285117,-14.253175682079071
4.369999999999951,18.06558000000006,-0.22972005862651562,22.499714432639024,0.043515020678304206,-14.283845054818014
4.379999999999951,18.106920000000063,-0.23072802115011898,22.50617922650338,0.0442601874836247,-14.314509218040289
4.389999999999951,18.148260000000064,-0.2317371663521813,22.512647541917055,0.04501082300115633,-14.345168320896143
4.399999999999951,18.189600000000066,-0.2327474659456581,22.519119391232604,0.04576698031780979,-14.375822516207558
4.40999999999995,18.230940000000068,-0.2337588913664284,22.525594787216235,0.04652871408749021,-14.406471960600237
4.41999999999995,18.27228000000007,-0.23477141377935604,22.53207374306314,0.047296080596928414,-14.437116814640445
4.42999999999995,18.31362000000007,-0.2357850040850541,22.538556272413718,0.04806913783456562,-14.467757242982296
4.43999999999995,18.354960000000073,-0.2367996329275249,22.545042389370494,0.04884794556349359,-14.4983934145192
4.4499999999999496,18.396300000000075,-0.23781527070285094,22.551532108515822,0.0496325653980908,-14.52902550254543
4.459999999999949,18.437640000000076,-0.23883188756888468,22.55802544493086,0.05042306088480297,-14.559653684925138
4.469999999999949,18.478980000000078,-0.2398494534560171,22.564522414215,0.051219497587342344,-14.590278144270508
4.479999999999949,18.52032000000008,-0.24086793807938162,22.5710230325069,0.05202194317662767,-14.620899068130626
4.489999999999949,18.56166000000008,-0.24188731095228622,22.577527316506238,0.05283046752578946,-14.65151664918952
4.4999999999999485,18.603000000000083,-0.24290754140124193,22.58403528349669,0.05364514281042332,-14.682131085475357
4.509999999999948,18.644340000000085,-0.24392859858262464,22.590546951370513,0.05446604361474994,-14.712742580581256
4.519999999999948,18.685680000000087,-0.24495045150122122,22.597062338654002,0.05529324704375593,-14.743351343899342
4.529999999999948,18.72702000000009,-0.2459730690306201,22.603581464534873,0.05612683284208769,-14.773957590867134
4.539999999999948,18.76836000000009,-0.24699641993608076,22.61010434889069,0.056966883519941836,-14.804561543229376
4.549999999999947,18.809700000000092,-0.24802047289956275,22.616631012319473,0.057813484486313405,-14.835163429314202
4.559999999999947,18.851040000000093,-0.24904519654744978,22.623161476171727,0.058666724190765074,-14.865763484325868
4.569999999999947,18.892380000000095,-0.25007055948143675,22.629695762584344,0.05952669427361218,-14.896361950656047
4.579999999999947,18.933720000000097,-0.25109653031226287,22.636233894517034,0.060393489725478366,-14.92695907821187
4.589999999999947,18.9750600000001,-0.252123077697328,22.642775895790244,0.06126720905719635,-14.957555124766792
4.599999999999946,19.0164000000001,-0.2531501703820954,22.649321791126034,0.06214795448029714,-14.988150356331186
4.609999999999946,19.057740000000102,-0.2541777772456488,22.655871606191155,0.06303583209930885,-15.01874504754767
4.619999999999946,19.099080000000104,-0.25520586735137846,22.662425367642967,0.0639309521167491,-15.049339482110302
4.629999999999946,19.140420000000105,-0.2562344100025743,22.668983103178306,0.06483342905166262,-15.07993395321203
4.6399999999999455,19.181760000000107,-0.2572633748041166,22.675544841585676,0.06574338197292218,-15.110528764020668
4.649999999999945,19.22310000000011,-0.258292731730431,22.682110612800237,0.06666093474845503,-15.141124228187312
4.659999999999945,19.26444000000011,-0.2593224512007646,22.68868044796362,0.0675862163118216,-15.171720670387296
4.669999999999945,19.305780000000112,-0.260352504162152,22.69525437948644,0.06851936094739608,-15.202318426898625
4.679999999999945,19.347120000000114,-0.26138286218151074,22.70183244111635,0.06946050859585395,-15.232917846221106
4.689999999999944,19.388460000000116,-0.2624134975473043,22.708414668009706,0.07040980518177303,-15.263519289737344
4.699999999999944,19.429800000000117,-0.26344438338206466,22.71500109680924,0.07136740296518879,-15.294123132420358
4.709999999999944,19.47114000000012,-0.26447549376723467,22.721591765726643,0.07233346091919418,-15.32472976359276
4.719999999999944,19.51248000000012,-0.265506803881401,22.728186714631427,0.07330814513594086,-15.35533958773959
4.729999999999944,19.553820000000123,-0.26653829015364255,22.734785985146182,0.07429162926373656,-15.385953025382047
4.739999999999943,19.595160000000124,-0.2675699304338095,22.74138962074902,0.07528409497791327,-15.416570514015644
4.749999999999943,19.636500000000126,-0.26860170418160667,22.747997666883787,0.07628573248873594,-15.447192509117485
4.759999999999943,19.677840000000128,-0.26963359267698717,22.754610171078575,0.07729674108976897,-15.477819485233878
4.769999999999943,19.71918000000013,-0.270665579254118,22.761227183073654,0.07831732975076994,-15.508451937147868
4.7799999999999425,19.76052000000013,-0.2716976495622493,22.767848754959246,0.07934771775894683,-15.539090381141357
4.789999999999942,19.801860000000133,-0.2727297918563768,22.774474941324577,0.08038813541418316,-15.569735356355304
4.799999999999942,19.843200000000135,-0.2737619973219143,22.78110579941894,0.08143882478260311,-15.600387426261005
4.809999999999942,19.884540000000136,-0.2747942604374754,22.787741389325834,0.08250004051530074,-15.631047180249642
4.819999999999942,19.925880000000138,-0.27582657938096866,22.79438177415205,0.08357205073828483,-15.66171523535328
4.8299999999999415,19.96722000000014,-0.2768589564842392,22.801027020232247,0.08465513802131241,-15.692392238111061
4.839999999999941,20.00856000000014,-0.27789139874342883,22.807677197351822,0.08574960043405438,-15.723078866591868
4.849999999999941,20.049900000000143,-0.2789239183920886,22.814332378988375,0.08685575269860774,-15.753775832590637
4.859999999999941,20.091240000000145,-0.27995653354602734,22.820992642575167,0.08797392744923987,-15.784483884015943
4.869999999999941,20.132580000000146,-0.2809892689295124,22.827658069788022,0.08910447661076054,-15.815203807488153
4.87999999999994,20.173920000000148,-0.2820221566949783,22.834328746858237,0.09024777290903224,-15.84593643116631
4.88999999999994,20.21526000000015,-0.2830552373491557,22.841004764914583,0.09140421152854145,-15.876682627833983
4.89999999999994,20.25660000000015,-0.2840885608013223,22.847686220356703,0.09257421193384313,-15.907443318260492
4.90999999999994,20.297940000000153,-0.2851221875520994,22.854373215264754,0.09375821987394717,-15.938219474878572
4.9199999999999395,20.339280000000155,-0.28615619004365644,22.861065857847624,0.09495670959137376,-15.969012125798839
4.929999999999939,20.380620000000157,-0.287190654196045,22.867764262935033,0.09617018626011625,-15.999822359205394
4.939999999999939,20.42196000000016,-0.28822568115903185,22.874468552518,0.09739918868039305,-16.030651328168965
4.949999999999939,20.46330000000016,-0.28926138931314566,22.881178856342984,0.09864429226174881,-16.061500255919178
4.959999999999939,20.504640000000162,-0.2902979165599767,22.887895312566037,0.09990611232978502,-16.09237044162892
4.9699999999999385,20.545980000000164,-0.2913354229495042,22.894618068473054,0.10118530779798329,-16.123263266758766
4.979999999999938,20.587320000000165,-0.292374093699863,22.901347281274106,0.10248258525024057,-16.15418020202268
4.989999999999938,20.628660000000167,-0.2934141426760468,22.90808311897983,0.10379870348709963,-16.185122815036465
4.999999999999938,20.669999999999998,-0.294455816406867,22.91482576136864,0.10513447859572728,-16.216092778717012
5.009999999999938,20.628659999999996,-0.2951903410976815,22.911658027910654,0.10623359755040923,-16.222650117097903
5.019999999999937,20.587319999999995,-0.2951949165587599,22.90592472671745,0.10704323757162088,-16.21236025284373
5.029999999999937,20.545979999999993,-0.29470981874163715,22.899861787915228,0.10744233666384423,-16.194564039656747
5.039999999999937,20.50463999999999,-0.2938683639137174,22.893530292384817,0.10747255340325884,-16.172366168098627
5.049999999999937,20.46329999999999,-0.29284361263596775,22.887088394670513,0.10720564543743238,-16.14747490771699
5.0599999999999365,20.421959999999988,-0.29172882507271813,22.880573334904874,0.10670182128904088,-16.120930041691672
5.069999999999936,20.380619999999986,-0.2905795697624292,22.8740081902963,0.10601689339345166,-16.093217867750113
5.079999999999936,20.339279999999984,-0.2894211506250341,22.867407936970878,0.10518985059200303,-16.064680189074068
5.089999999999936,20.297939999999983,-0.2882675200376392,22.860780445523137,0.10425218351352455,-16.03550503763973
5.099999999999936,20.25659999999998,-0.28712377559563984,22.854132814451585,0.10322621419885236,-16.005838761442703
5.1099999999999355,20.21525999999998,-0.28599288308566106,22.847469440608222,0.10213025461178454,-15.975776821473442
5.119999999999935,20.173919999999978,-0.28487515718837614,22.840794333565672,0.10097857018365464,-15.945396921000441
5.129999999999935,20.132579999999976,-0.28377081570286133,22.834110462701066,0.09978335129644628,-15.914757141175565
5.139999999999935,20.091239999999974,-0.2826791877652861,22.827420436440207,0.09855482774484825,-15.883906332468754
5.149999999999935,20.049899999999973,-0.2815997385940704,22.820726415191075,0.09730192411277871,-15.85288446670615
5.159999999999934,20.00855999999997,-0.2805315587815458,22.814030257939127,0.09603234123187748,-15.821725988646556
5.169999999999934,19.96721999999997,-0.2794738012648781,22.807333568506913,0.09475277528437859,-15.79046031412595
5.179999999999934,19.925879999999967,-0.2784254308916556,22.80063770670114,0.09346897459580317,-15.759112955816917
5.189999999999934,19.884539999999966,-0.27738543320588427,22.79394384237621,0.09218583252458074,-15.727705860148255
5.199999999999934,19.843199999999964,-0.2763527161373818,22.787252946338718,0.09090744225254804,-15.696257849049113
5.209999999999933,19.801859999999962,-0.275326222768813,22.78056583134988,0.08963716453800469,-15.664784866032704
5.219999999999933,19.76051999999996,-0.27430490329696045,22.77388314904573,0.08837769103243187,-15.633300237913279
5.229999999999933,19.71917999999996,-0.2732877785553741,22.76720542017744,0.08713111343583524,-15.601814903476042
5.239999999999933,19.677839999999957,-0.2722739355958243,22.76053303949069,0.08589899359659525,-15.570337647170964
5.2499999999999325,19.636499999999955,-0.27126255995881154,22.75386629903936,0.0846824344340939,-15.53887533357632
5.259999999999932,19.595159999999954,-0.2702529334601308,22.74720539765824,0.08348214935901566,-15.507433140682092
5.269999999999932,19.553819999999952,-0.26924444532054276,22.740550459342813,0.0822985283158551,-15.476014791005651
5.279999999999932,19.51247999999995,-0.2682365856116051,22.733901543905105,0.08113169910682844,-15.444622772607875
5.289999999999932,19.47113999999995,-0.2672289433440387,22.727258661199475,0.0799815826900892,-15.413258548214692
5.299999999999931,19.429799999999947,-0.2662211960557053,22.720621780738774,0.07884794196363265,-15.381922746661981
5.309999999999931,19.388459999999945,-0.26521310148502597,22.713990842195088,0.07773042365553601,-15.350615335537261
5.319999999999931,19.347119999999943,-0.2642044858837814,22.707365762943706,0.0766285935240213,-15.319335772543058
5.329999999999931,19.30577999999994,-0.26319523396340616,22.7007464453296,0.07554196517113065,-15.288083135913956
5.339999999999931,19.26443999999994,-0.262185278191434,22.69413278195609,0.07447002308068718,-15.256856233975448
5.34999999999993,19.22309999999994,-0.261174589699814,22.687524660334493,0.07341224051766371,-15.225653695401911
5.35999999999993,19.181759999999937,-0.2601631697645364,22.680921966207542,0.07236809303026731,-15.194474041714228
5.36999999999993,19.140419999999935,-0.25915104278328954,22.674324586244865,0.07133706825283687,-15.163315744173216
5.37999999999993,19.099079999999933,-0.2581382501944872,22.667732409875526,0.07031867269496633,-15.132177267131071
5.3899999999999295,19.05773999999993,-0.2571248456386325,22.66114533063804,0.06931243612119709,-15.101057100020078
5.399999999999929,19.01639999999993,-0.25611089101155643,22.654563246998816,0.06831791406343235,-15.069953779959251
5.409999999999929,18.975059999999928,-0.25509645344378684,22.647986062852432,0.06733468891910649,-15.038865906835193
5.419999999999929,18.933719999999926,-0.25408160296725263,22.641413687717986,0.06636237001730122,-15.007792152463704
5.429999999999929,18.892379999999925,-0.2530664108105843,22.63484603675349,0.06540059295732742,-14.976731265229486
5.4399999999999284,18.851039999999923,-0.2520509481597576,22.628283030614604,0.06444901846337969,-14.94568207136308
5.449999999999928,18.80969999999992,-0.25103528531027974,22.62172459522609,0.06350733094059247,-14.914643473810232
5.459999999999928,18.76835999999992,-0.2500194911030911,22.61517066148855,0.06257523687266481,-14.883614449446942
5.469999999999928,18.727019999999918,-0.24900363258401936,22.608621164956276,0.061652463162445104,-14.852594045236671
5.479999999999928,18.685679999999916,-0.24798777481918227,22.60207604550091,0.060738755486604956,-14.821581373775166
5.489999999999927,18.644339999999914,-0.24697198082552088,22.59553524697862,0.05983387671195445,-14.790575608556995
5.499999999999927,18.602999999999913,-0.24595631157695555,22.588998716907547,0.058937605402964166,-14.759575979203097
5.509999999999927,18.56165999999991,-0.24494082606139392,22.582466406163842,0.05804973443714695,-14.728581766806423
5.519999999999927,18.52031999999991,-0.24392558136749648,22.57593826869824,0.05717006973473554,-14.69759229951079
5.5299999999999265,18.478979999999908,-0.24291063278799874,22.569414261275433,0.056298429103522785,-14.666606948377012
5.539999999999926,18.437639999999906,-0.2418960339285581,22.562894343235946,0.055434641194546164,-14.635625123572932
5.549999999999926,18.396299999999904,-0.24088183681713887,22.55637847628065,0.05457854456206285,-14.604646270894001
5.559999999999926,18.354959999999902,-0.23986809200819542,22.5498666242758,0.05372998681983471,-14.573669868612201
5.569999999999926,18.3136199999999,-0.2388548486806219,22.543358753077413,0.052888823884769676,-14.542695424630033
5.5799999999999255,18.2722799999999,-0.23784215472732056,22.536854830373947,0.052054919299506286,-14.511722473928671
5.589999999999925,18.230939999999897,-0.23683005683670455,22.530354825544013,0.051228143625346056,-14.480750576277465
5.599999999999925,18.189599999999896,-0.23581860056587844,22.523858709529605,0.05040837389765157,-14.449779314182884
5.609999999999925,18.148259999999894,-0.2348078304060194,22.51736645472108,0.049595493136712854,-14.418808291053745
5.619999999999925,18.106919999999892,-0.23379778984080085,22.51087803485417,0.04878938990757248,-14.387837129556106
5.629999999999924,18.06557999999989,-0.2327885213985081,22.50439342491683,0.04798995792299582,-14.35686547014081
5.639999999999924,18.02423999999989,-0.2317800666983158,22.49791260106503,0.047197095684538504,-14.325892969718565
5.649999999999924,17.982899999999887,-0.23077246649180982,22.49143554054643,0.0464107061573899,-14.294919300468429
5.659999999999924,17.941559999999885,-0.22976576070007892,22.484962221631243,0.04563069647487744,-14.263944148765505
5.6699999999999235,17.900219999999884,-0.22875998844707324,22.478492623548902,0.0448569776693411,-14.232967214209534
5.679999999999923,17.858879999999882,-0.227755188089731,22.472026726430492,0.04408946442659112,-14.201988208746132
5.689999999999923,17.81753999999988,-0.2267513972453863,22.465564511256055,0.04332807486096396,-14.171006855867796
5.699999999999923,17.77619999999988,-0.22574865281651563,22.45910595980646,0.04257273030920333,-14.140022889888122
5.709999999999923,17.734859999999877,-0.22474699101362738,22.45265105461841,0.041823355140740426,-14.109036055278645
5.7199999999999225,17.693519999999875,-0.22374644737613764,22.44619977894392,0.041079876583163366,-14.078046106061635
5.729999999999922,17.652179999999873,-0.22274705679180987,22.439752116712377,0.040342224560851236,-14.047052805254864
5.739999999999922,17.61083999999987,-0.22174885351459706,22.433308052495374,0.0396103315458563,-14.016055924360755
5.749999999999922,17.56949999999987,-0.2207518711814674,22.42686757147447,0.038884132419712614,-13.985055242896138
5.759999999999922,17.52815999999987,-0.21975614282799186,22.42043065941092,0.038163564345067735,-13.95405054795812
5.769999999999921,17.486819999999867,-0.21876170090307528,22.413997302617588,0.03744856664650431,-13.923041633823575
5.779999999999921,17.445479999999865,-0.21776857728268817,22.407567487933022,0.0367390806993364,-13.892028301578732
5.789999999999921,17.404139999999863,-0.21677680328306403,22.40114120269681,0.03603504982606487,-13.861010358773914
5.799999999999921,17.36279999999986,-0.2157864096729805,22.394718434726894,0.03533641919957853,-13.829987619104568
5.809999999999921,17.32145999999986,-0.2147974266855197,22.388299172298254,0.03464313575271166,-13.798959902113088
5.81999999999992,17.280119999999858,-0.21380988402928305,22.381883404122775,0.03395514809346556,-13.76792703291308
5.82999999999992,17.238779999999856,-0.21282381089906216,22.37547111933069,0.033272406425555734,-13.736888841929256
5.83999999999992,17.197439999999855,-0.2118392359859927,22.36906230745263,0.032594862473778075,-13.705845164656902
5.84999999999992,17.156099999999853,-0.2108561874874495,22.362656958403097,0.03192246941410992,-13.67479584143524
5.8599999999999195,17.11475999999985,-0.20987469311626666,22.356255062465035,0.03125518180753356,-13.643740717236907
5.869999999999919,17.07341999999985,-0.208894780109838,22.349856610274788,0.03059295553811403,-13.612679641467968
5.879999999999919,17.032079999999848,-0.20791647523884296,22.343461592808385,0.02993574775450064,-13.581612467782609
5.889999999999919,16.990739999999846,-0.20693980481540597,22.337070001368158,0.029283516814519794,-13.550539053907592
5.899999999999919,16.949399999999844,-0.20596479470139678,22.330681827570473,0.02863622223317308,-13.519459261478456
5.909999999999918,16.908059999999843,-0.20499147031603224,22.324297063333862,0.027993824633277264,-13.488372955882904
5.919999999999918,16.86671999999984,-0.20401985664350103,22.31791570086791,0.027356285698837135,-13.457280006115962
5.929999999999918,16.82537999999984,-0.2030499782401811,22.311537732662472,0.026723568130872566,-13.426180284641676
5.939999999999918,16.784039999999838,-0.2020818592417467,22.305163151477817,0.02609563560551259,-13.395073667261823
5.949999999999918,16.742699999999836,-0.20111552336997884,22.298791950334973,0.02547245273446397,-13.363960032994253
5.959999999999917,16.701359999999834,-0.2001509939394111,22.29242412250669,0.024853985027091574,-13.33283926395574
5.969999999999917,16.660019999999832,-0.1991882938637445,22.2860596615087,0.02424019885478257,-13.30171124525176
5.979999999999917,16.61867999999983,-0.1982274456621773,22.279698561091543,0.02363106141699406,-13.270575864871997
5.989999999999917,16.57733999999983,-0.19726847146537596,22.27334081523267,0.023026540708737164,-13.239433013591643
5.9999999999999165,16.535999999999827,-0.19631139302155334,22.266986418129072,0.022426605489944074,-13.20828258487631
6.009999999999916,16.494659999999826,-0.19535623170204908,22.26063536418983,0.021831225256068787,-13.177124474794656
6.019999999999916,16.453319999999824,-0.19440300850709885,22.254287648029756,0.021240370210128923,-13.145958581930826
6.029999999999916,16.411979999999822,-0.1934517440712472,22.247943264462478,0.02065401123610816,-13.114784807307453
6.039999999999916,16.37063999999982,-0.1925024586686515,22.241602208494314,0.020072119873522754,-13.083603054305454
6.0499999999999154,16.32929999999982,-0.1915551722183069,22.23526447531833,0.01949466829319052,-13.05241322859263
6.059999999999915,16.287959999999817,-0.19060990428914237,22.22893006030868,0.018921629273962515,-13.021215238053548
6.069999999999915,16.246619999999815,-0.1896666741049664,22.22259895901503,0.01835297618059839,-12.990008992723839
6.079999999999915,16.205279999999814,-0.18872550054927045,22.21627116715729,0.017788682942679213,-12.958794404725895
6.089999999999915,16.163939999999812,-0.187786402170038,22.209946680620753,0.017228724034204612,-12.927571388209405
6.099999999999914,16.12259999999981,-0.18684939718428742,22.20362549545102,0.016673074454296943,-12.896339859292132
6.109999999999914,16.08125999999981,-0.18591450348260644,22.19730760784965,0.016121709708528054,-12.865099736006922
6.119999999999914,16.039919999999807,-0.1849817386336589,22.190993014169344,0.015574605791226381,-12.833850938246673
6.129999999999914,15.998579999999807,-0.18405111988834924,22.184681710910006,0.015031739168347324,-12.802593387715007
6.1399999999999135,15.957239999999807,-0.18312266418423068,22.178373694714384,0.014493086761062979,-12.771327007878567
6.149999999999913,15.915899999999807,-0.18219638814946656,22.172068962364275,0.01395862593027114,-12.74005172391946
6.159999999999913,15.874559999999807,-0.18127230810709125,22.165767510776604,0.013428334461239477,-12.70876746269154
6.169999999999913,15.833219999999807,-0.18035044007881168,22.1594693369998,0.012902190549338388,-12.677474152677794
6.179999999999913,15.791879999999807,-0.17943079978896603,22.15317443821023,0.012380172786150612,-12.64617172395029
6.1899999999999125,15.750539999999807,-0.17851340266843077,22.146882811708828,0.011862260145914572,-12.614860108129676
6.199999999999912,15.709199999999807,-0.17759826385817915,22.140594454917714,0.011348431972983852,-12.583539238348965
6.209999999999912,15.667859999999807,-0.1766853982130981,22.134309365377156,0.010838667969188587,-12.552209049216762
6.219999999999912,15.626519999999807,-0.17577482030552768,22.12802754074239,0.010332948182178114,-12.520869476782705
6.229999999999912,15.585179999999808,-0.17486654442879396,22.121748978780772,0.00983125299380827,-12.48952045850488
6.239999999999911,15.543839999999808,-0.1739605846007089,22.11547367736872,0.00933356310933764,-12.458161933216193
6.249999999999911,15.502499999999808,-0.17305695456690426,22.109201634489295,0.008839859546589501,-12.426793841095652
6.259999999999911,15.461159999999808,-0.17215566780424055,22.10293284822918,0.008350123625957662,-12.39541612363681
6.269999999999911,15.419819999999808,-0.17125673752407566,22.096667316776315,0.007864336960390572,-12.364028723620912
6.2799999999999105,15.378479999999808,-0.17036017667541076,22.090405038417323,0.007382481446028155,-12.332631585087924
6.28999999999991,15.337139999999808,-0.16946599794809744,22.08414601153512,0.006904539252967801,-12.301224653310536
6.29999999999991,15.295799999999808,-0.16857421377599718,22.07789023460663,0.006430492816503375,-12.269807874769574
6.30999999999991,15.254459999999808,-0.16768483633992762,22.071637706200328,0.0059603248285612365,-12.238381197127989
6.31999999999991,15.213119999999808,-0.16679787757075176,22.065388424974305,0.005494018229460218,-12.206944569207602
6.3299999999999095,15.171779999999808,-0.16591334915231445,22.059142389673934,0.005031556200107479,-12.175497940966654
6.339999999999909,15.130439999999808,-0.16503126252424385,22.052899599129976,0.00457292215415811,-12.144041263477027
6.349999999999909,15.089099999999808,-0.1641516288849586,22.04666005225638,0.004118099730682279,-12.112574488903277
6.359999999999909,15.047759999999808,-0.16327445919430375,22.04042374804866,0.0036670727871119246,-12.081097570481687
6.369999999999909,15.006419999999808,-0.16239976417648305,22.034190685581635,0.0032198253921683073,-12.049610462500757
6.379999999999908,14.965079999999809,-0.16152755432257215,22.02796086400786,0.0027763418192672806,-12.018113120281052
6.389999999999908,14.923739999999809,-0.16065783989338078,22.02173428255588,0.0023366065401355662,-11.986605500157866
6.399999999999908,14.882399999999809,-0.15979063092196394,22.015510940528202,0.0019006042183355443,-11.955087559461543
6.409999999999908,14.841059999999809,-0.15892593721618659,22.009290837300025,0.0014683197034552897,-11.92355925650195
6.419999999999908,14.799719999999809,-0.15806376836138106,22.0030739723174,0.001039738025102821,-11.892020550550052
6.429999999999907,14.758379999999809,-0.1572041337227085,21.99686034509562,0.0006148443874114395,-11.860471401821645
6.439999999999907,14.717039999999809,-0.15634704244776612,21.990649955217762,0.00019362416334395283,-11.828911771462854
6.449999999999907,14.675699999999809,-0.1554925034688839,21.984442802333245,-0.00022393711042389963,-11.797341621532922
6.459999999999907,14.634359999999809,-0.15464052550558993,21.97823888615619,-0.0006378537387249361,-11.76576091499106
6.4699999999999065,14.59301999999981,-0.15379111706697876,21.97203820646437,-0.0010481398728699465,-11.734169615680601
6.479999999999906,14.55167999999981,-0.15294428645399727,21.965840763097233,-0.001454809515426314,-11.702567688316112
6.489999999999906,14.51033999999981,-0.15210004176168446,21.959646555955285,-0.0018578765249442908,-11.670955098469152
6.499999999999906,14.46899999999981,-0.15125839088154225,21.95345558499827,-0.002257354620448959,-11.639331812555554
6.509999999999906,14.42765999999981,-0.15041934150357614,21.947267850244035,-0.0026532573857417363,-11.607697797822427
6.519999999999905,14.38631999999981,-0.14958290111870184,21.941083351767354,-0.0030455982738955556,-11.576053022335435
6.529999999999905,14.34497999999981,-0.14874907702072007,21.934902089698724,-0.003434390611057825,-11.544397454967736
6.539999999999905,14.30363999999981,-0.147917876308512,21.92872406422319,-0.0038196476006670532,-11.512731065387523
6.549999999999905,14.26229999999981,-0.14708930588813698,21.922549275579154,-0.004201382327274739,-11.481053824046372
6.559999999999905,14.22095999999981,-0.14626337247487747,21.916377724057185,-0.00457960776024624,-11.449365702169585
6.569999999999904,14.17961999999981,-0.14544008259525223,21.91020940999919,-0.004954336757495126,-11.417666671743808
6.579999999999904,14.13827999999981,-0.14461944258910503,21.90404433379704,-0.005325582068974932,-11.38595670550831
6.589999999999904,14.09693999999981,-0.14380145861150465,21.897882495891796,-0.005693356340038813,-11.354235776943398
6.599999999999904,14.05559999999981,-0.14298613663467122,21.89172389677256,-0.006057672114934687,-11.322503860260788
6.6099999999999035,14.01425999999981,-0.1421734824500496,21.88556853697551,-0.006418541839903313,-11.29076093039553
6.619999999999903,13.97291999999981,-0.14136350167003936,21.87941641708295,-0.006775977866386229,-11.25900696299443
6.629999999999903,13.93157999999981,-0.14055619972995262,21.87326753772245,-0.007129992453976219,-11.227241934409086
6.639999999999903,13.89023999999981,-0.13975158188983844,21.867121899565728,-0.007480597773546482,-11.195465821685419
6.649999999999903,13.84889999999981,-0.13894965323635444,21.860979503328007,-0.007827805909919161,-11.163678602556347
6.659999999999902,13.80755999999981,-0.13815041868451197,21.854840349766917,-0.008171628864839131,-11.131880255432261
6.669999999999902,13.76621999999981,-0.1373538829794195,21.848704439681857,-0.008512078559560043,-11.100070759394358
6.679999999999902,13.72487999999981,-0.13656005069814747,21.84257177391294,-0.008849166837521072,-11.068250094184874
6.689999999999902,13.68353999999981,-0.1357689262513646,21.836442353340303,-0.00918290546687317,-11.036418240200739
6.699999999999902,13.64219999999981,-0.1349805138851097,21.830316178883365,-0.00951330614303375,-11.004575178486151
6.709999999999901,13.60085999999981,-0.13419481768236702,21.8241932514999,-0.009840380491002776,-10.972720890724075
6.719999999999901,13.55951999999981,-0.13341184156491176,21.818073572185405,-0.010164140067763783,-10.94085535923005
6.729999999999901,13.518179999999811,-0.1326315892947534,21.811957141972304,-0.01048459636459148,-10.908978566945478
6.739999999999901,13.476839999999811,-0.1318540644759068,21.805843961929156,-0.010801760809143524,-10.877090497428807
6.7499999999999005,13.435499999999811,-0.13107927055593177,21.799734033160156,-0.011115644767761612,-10.845191134852174
6.7599999999999,13.394159999999811,-0.1303072108275174,21.79362735680405,-0.011426259547415052,-10.813280463992221
6.7699999999999,13.352819999999811,-0.12953788843003608,21.78752393403403,-0.011733616397909652,-10.781358470224992
6.7799999999999,13.311479999999811,-0.1287713063511358,21.78142376605637,-0.012037726513614733,-10.749425139519214
6.7899999999999,13.270139999999811,-0.12800746742818797,21.775326854110485,-0.012338601035680963,-10.717480458431524
6.7999999999998995,13.228799999999811,-0.12724637434989186,21.769233199467674,-0.012636251053639802,-10.68552441409918
6.809999999999899,13.187459999999811,-0.12648802965765626,21.763142803431002,-0.012930687607318025,-10.653556994234613
6.819999999999899,13.146119999999812,-0.12573243574708962,21.757055667334292,-0.013221921688714722,-10.621578187120956
6.829999999999899,13.104779999999812,-0.12497959486954269,21.75097179254174,-0.013509964243478223,-10.58958798160507
6.839999999999899,13.063439999999812,-0.12422950913347133,21.744891180447368,-0.013794826172777275,-10.557586367094038
6.849999999999898,13.022099999999812,-0.12348218050577395,21.738813832474236,-0.014076518334841304,-10.525573333547648
6.859999999999898,12.980759999999812,-0.12273761081341916,21.73273975007411,-0.014355051546495967,-10.493548871475927
6.869999999999898,12.939419999999812,-0.12199580174454683,21.72666893472677,-0.014630436584757545,-10.461512971931983
6.879999999999898,12.898079999999812,-0.12125675485008602,21.720601387939602,-0.014902684188302096,-10.42946562650892
6.8899999999998975,12.856739999999812,-0.12052047154491691,21.714537111246834,-0.015171805058895427,-10.397406827333727
6.899999999999897,12.815399999999812,-0.11978695310929666,21.708476106209357,-0.015437809862846152,-10.365336567063693
6.909999999999897,12.774059999999812,-0.11905620069023987,21.702418374413853,-0.015700709232283006,-10.333254838881084
6.919999999999897,12.732719999999812,-0.11832821530265353,21.696363917472667,-0.01596051376662727,-10.301161636490237
6.929999999999897,12.691379999999812,-0.11760299783075207,21.69031273702302,-0.016217234033692074,-10.26905695411101
6.9399999999998965,12.650039999999812,-0.1168805490293745,21.684264834726655,-0.016470880571138602,-10.236940786476746
6.949999999999896,12.608699999999812,-0.11616086952504387,21.678220212269473,-0.016721463887570065,-10.204813128829022
6.959999999999896,12.567359999999812,-0.1154439598174565,21.6721788713608,-0.016968994463780807,-10.17267397691405
6.969999999999896,12.526019999999813,-0.11472982028058579,21.666140813733342,-0.017213482753841713,-10.140523326978336
6.979999999999896,12.484679999999813,-0.11401845116383641,21.66010604114226,-0.017454939186360985,-10.108361175765527
6.989999999999895,12.443339999999813,-0.11330985259341225,21.654074555365263,-0.017693374165389575,-10.07618752051251
6.999999999999895,12.401999999999813,-0.11260402457336571,21.648046358201675,-0.017928798071634222,-10.044002358945324
7.009999999999895,12.360659999999813,-0.11190096698688803,21.642021451472463,-0.018161221263481298,-10.011805689276054
7.019999999999895,12.319319999999813,-0.11120067959736346,21.635999837019494,-0.018390654077834856,-9.979597510199683
7.0299999999998946,12.277979999999813,-0.11050316204961294,21.629981516705413,-0.018617106831352426,-9.947377820889553
7.039999999999894,12.236639999999813,-0.10980841387098059,21.623966492413036,-0.018840589821158216,-9.915146620995452
7.049999999999894,12.195299999999813,-0.10911643447249805,21.61795476604514,-0.01906111332591537,-9.882903910639417
7.059999999999894,12.153959999999813,-0.10842722314992398,21.611946339523886,-0.019278687606630873,-9.850649690412808
7.069999999999894,12.112619999999813,-0.10774077908497545,21.60594121479071,-0.019493322907661037,-9.818383961373721
7.0799999999998935,12.071279999999813,-0.10705710134627464,21.59993939380577,-0.01970502945733127,-9.786106725043242
7.089999999999893,12.029939999999813,-0.10637618889051811,21.593940878547613,-0.01991381746899601,-9.753817983402918
7.099999999999893,11.988599999999813,-0.10569804056356555,21.587945671012925,-0.02011969714166012,-9.721517738891663
7.109999999999893,11.947259999999813,-0.1050226551014121,21.581953773216192,-0.020322678660894766,-9.689205994403423
7.119999999999893,11.905919999999814,-0.10435003113123967,21.575965187189173,-0.020522772199479178,-9.656882753284448
7.129999999999892,11.864579999999814,-0.1036801671725579,21.56997991498087,-0.020719987918219274,-9.624548019329334
7.139999999999892,11.823239999999814,-0.10301306163809901,21.56399795865691,-0.020914335966630948,-9.592201796780397
7.149999999999892,11.781899999999814,-0.10234871283492075,21.558019320299536,-0.021105826483571066,-9.55984409032305
7.159999999999892,11.740559999999814,-0.10168711896535748,21.55204400200704,-0.021294469598015064,-9.527474905085866
7.169999999999892,11.699219999999814,-0.10102827812797077,21.546072005893556,-0.02148027542965336,-9.49509424663534
7.179999999999891,11.657879999999814,-0.10037218831868025,21.54010333408884,-0.02166325408956593,-9.462702120975786
7.189999999999891,11.616539999999814,-0.0997188474315881,21.534137988737896,-0.021843415680769696,-9.430298534545503
7.199999999999891,11.575199999999814,-0.09906825326000088,21.528175972000685,-0.022020770298858572,-9.397883494215902
7.209999999999891,11.533859999999814,-0.09842040349733513,21.522217286051966,-0.02219532803258034,-9.365457007287832
7.2199999999998905,11.492519999999814,-0.09777529573814878,21.51626193308079,-0.022367098964424292,-9.333019081490527
7.22999999999989,11.451179999999814,-0.09713292747896815,21.51030991529055,-0.022536093171145022,-9.300569724979347
7.23999999999989,11.409839999999814,-0.0964932961192887,21.504361234898386,-0.022702320724288405,-9.268108946333378
7.24999999999989,11.368499999999814,-0.09585639896246909,21.498415894135224,-0.02286579169073988,-9.235636754553603
7.25999999999989,11.327159999999814,-0.09522223321657552,21.492473895245315,-0.023026516133164032,-9.203153159061548
7.269999999999889,11.285819999999815,-0.09459079599534903,21.486535240486035,-0.02318450411058537,-9.170658169696152
7.279999999999889,11.244479999999815,-0.09396208431907757,21.480599932127873,-0.02333976567875934,-9.138151796713238
7.289999999999889,11.203139999999815,-0.09333609511544286,21.474667972453673,-0.023492310890709633,-9.105634050783001
7.299999999999889,11.161799999999815,-0.0927128252204103,21.468739363759035,-0.02364214979713858,-9.073104942988714
7.309999999999889,11.120459999999815,-0.09209227137910816,21.462814108351584,-0.023789292446846355,-9.040564484824525
7.319999999999888,11.079119999999815,-0.09147443024662646,21.456892208551047,-0.023933748887193185,-9.008012688194544
7.329999999999888,11.037779999999815,-0.09085929838889681,21.45097366668883,-0.024075529164429843,-8.975449565409727
7.339999999999888,10.996439999999815,-0.09024687228350245,21.44505848510802,-0.024214643324171004,-8.942875129189101
7.349999999999888,10.955099999999815,-0.08963714832055006,21.439146666162962,-0.024351101411749676,-8.910289392655173
7.3599999999998875,10.913759999999815,-0.08903012280344119,21.433238212219287,-0.024484913472537007,-8.87769236933477
7.369999999999887,10.872419999999815,-0.08842579194970324,21.42733312565337,-0.024616089552375375,-8.845084073156157
7.379999999999887,10.831079999999815,-0.08782415189179588,21.421431408852527,-0.02474463969788865,-8.81246451844871
7.389999999999887,10.789739999999815,-0.08722519867786346,21.415533064214564,-0.024870573956844666,-8.77983371994072
7.399999999999887,10.748399999999815,-0.08662892827262131,21.409638094147635,-0.024993902378423194,-8.747191692759413
7.4099999999998865,10.707059999999816,-0.08603533655801124,21.403746501070103,-0.025114635013552267,-8.714538452427627
7.419999999999886,10.665719999999816,-0.08544441933403926,21.397858287410394,-0.025232781915305424,-8.681874014864526
7.429999999999886,10.624379999999816,-0.08485617231958723,21.391973455606685,-0.025348353139062196,-8.649198396383426
7.439999999999886,10.583039999999816,-0.08427059115307822,21.386092008106907,-0.025461358742856988,-8.616511613691443
7.449999999999886,10.541699999999816,-0.08368767139322025,21.38021394736832,-0.02557180878765436,-8.583813683887474
7.459999999999885,10.500359999999816,-0.08310740851989154,21.374339275857626,-0.02567971333766178,-8.551104624461665
7.469999999999885,10.459019999999816,-0.08252979793472714,21.36846799605081,-0.025785082460477393,-8.518384453294082
7.479999999999885,10.417679999999816,-0.08195483496193645,21.362600110432574,-0.025887926227455227,-8.48565318865443
7.489999999999885,10.376339999999816,-0.08138251484891099,21.35673562149664,-0.025988254713906034,-8.452910849200332
7.4999999999998845,10.334999999999816,-0.0808128327671466,21.35087453174547,-0.026086077999303403,-8.420157453977342
7.509999999999884,10.293659999999816,-0.08024578381273081,21.345016843689912,-0.02618140616755582,-8.387393022416628
7.519999999999884,10.252319999999816,-0.07968136300719772,21.339162559849385,-0.02627424930718264,-8.354617574335396
7.529999999999884,10.210979999999816,-0.07911956529813824,21.333311682751482,-0.026364617511571486,-8.321831129935559
7.539999999999884,10.169639999999816,-0.07856038555989711,21.32746421493197,-0.026452520879175656,-8.289033709803626
7.5499999999998835,10.128299999999816,-0.07800381859439984,21.32162015893456,-0.026537969513674986,-8.256225334908885
7.559999999999883,10.086959999999817,-0.07744985913159505,21.315779517310823,-0.02662097352424425,-8.223406026603213
7.569999999999883,10.045619999999817,-0.07689850183025121,21.309942292620118,-0.02670154302561334,-8.19057580662077
7.579999999999883,10.004279999999817,-0.07634974127870395,21.304108487429332,-0.026779688138383884,-8.157734697077144
7.589999999999883,9.962939999999817,-0.07580357199534285,21.298278104312946,-0.026855418989107094,-8.124882720468156
7.599999999999882,9.921599999999817,-0.07525998842936052,21.292451145852624,-0.026928745710492585,-8.092019899670463
7.609999999999882,9.880259999999817,-0.07471898496141538,21.28662761463748,-0.026999678441596953,-8.059146257939952
7.619999999999882,9.838919999999817,-0.07418055590424699,21.280807513263586,-0.027068227327879224,-8.026261818911324
7.629999999999882,9.797579999999817,-0.07364469550324926,21.27499084433423,-0.027134402521457823,-7.993366606598786
7.6399999999998816,9.756239999999817,-0.07311139793723379,21.269177610459472,-0.027198214181206604,-7.960460645394068
7.649999999999881,9.714899999999817,-0.07258065731896662,21.263367814256178,-0.02725967247290023,-7.927543960066675
7.659999999999881,9.673559999999817,-0.07205246769577295,21.25756145834803,-0.027318787569335035,-7.8946165757639735
7.669999999999881,9.632219999999817,-0.07152682305019092,21.251758545365238,-0.027375569650502696,-7.861678518009709
7.679999999999881,9.590879999999817,-0.07100371730060107,21.245959077944562,-0.027430028903676296,-7.82872981270505
7.6899999999998805,9.549539999999817,-0.07048314430174776,21.24016305872918,-0.027482175523514174,-7.795770486127096
7.69999999999988,9.508199999999817,-0.06996509784544025,21.234370490368583,-0.027532019712213696,-7.762800564929185
7.70999999999988,9.466859999999818,-0.06944957166101545,21.228581375518544,-0.027579571679676007,-7.729820076140477
7.71999999999988,9.425519999999818,-0.06893655941609111,21.222795716841,-0.02762484164345025,-7.696829047165725
7.72999999999988,9.384179999999818,-0.06842605471697857,21.217013517003867,-0.027667839829011664,-7.663827505785316
7.739999999999879,9.342839999999818,-0.06791805110937241,21.211234778681188,-0.027708576469792134,-7.630815480154691
7.749999999999879,9.301499999999818,-0.06741254207890335,21.20545950455289,-0.027747061807193718,-7.597792998804674
7.759999999999879,9.260159999999818,-0.06690952105160447,21.1996876973047,-0.027783306090853443,-7.564760090640908
7.769999999999879,9.218819999999818,-0.06640898139468579,21.193919359628143,-0.02781731957861816,-7.531716784944321
7.779999999999879,9.177479999999818,-0.06591091641684454,21.18815449422039,-0.027849112536624865,-7.498663111370063
7.789999999999878,9.136139999999818,-0.06541531936900011,21.1823931037844,-0.027878695239465623,-7.465599099948904
7.799999999999878,9.094799999999818,-0.06492218344474987,21.176635191028552,-0.027906077970127174,-7.432524781085493
7.809999999999878,9.053459999999818,-0.06443150178089985,21.17088075866681,-0.027931271020256276,-7.399440185560227
7.819999999999878,9.012119999999818,-0.06394326745810225,21.165129809418552,-0.02795428469011868,-7.366345344527755
7.8299999999998775,8.970779999999818,-0.06345747350128059,21.15938234600857,-0.027975129288593914,-7.333240289517919
7.839999999999877,8.929439999999818,-0.06297411288019486,21.153638371166977,-0.027993815133459832,-7.300125052435418
7.849999999999877,8.888099999999818,-0.06249317850999836,21.14789788762915,-0.028010352551252005,-7.266999665559857
7.859999999999877,8.846759999999819,-0.06201466325167729,21.142160898135746,-0.02802475187750736,-7.233864161546273
7.869999999999877,8.805419999999819,-0.061538559912676816,21.1364274054326,-0.028037023456580268,-7.2007185734249495
7.879999999999876,8.764079999999819,-0.06106486124730884,21.130697412270607,-0.02804717764198067,-7.167562934601836
7.889999999999876,8.722739999999819,-0.06059355995728591,21.124970921405886,-0.02805522479628042,-7.134397278858176
7.899999999999876,8.681399999999819,-0.06012464869226361,21.11924793559954,-0.028061175291166862,-7.101221640351792
7.909999999999876,8.640059999999819,-0.0596581200502653,21.11352845761766,-0.028065039507549683,-7.0680360536159235
7.919999999999876,8.598719999999819,-0.059193966578250684,21.107812490231353,-0.028066827835556696,-7.034840553560291
7.929999999999875,8.557379999999819,-0.058732180772532255,21.1021000362167,-0.02806655067463898,-7.001635175471899
7.939999999999875,8.516039999999819,-0.05827275507933488,21.096391098354644,-0.028064218433541233,-6.968419955013806
7.949999999999875,8.47469999999982,-0.057815681895161425,21.090685679430983,-0.02805984153047908,-6.935194928227461
7.959999999999875,8.43335999999982,-0.057360953567401146,21.084983782236456,-0.028053430393041867,-6.901960131530525
7.9699999999998745,8.39201999999982,-0.056908562394722056,21.079285409566655,-0.028044995458360755,-6.868715601719577
7.979999999999874,8.35067999999982,-0.05645850062749461,21.073590564221853,-0.028034547173006796,-6.8354613759690706
7.989999999999874,8.30933999999982,-0.05601076046839981,21.067899249007176,-0.028022095993197882,-6.802197491832477
7.999999999999874,8.26799999999982,-0.05556533407272532,21.06221146673257,-0.028007652384709814,-6.768923987241943
8.009999999999874,8.22665999999982,-0.055122213548898236,21.056527220212608,-0.027991226822965454,-6.735640900508986
8.019999999999873,8.18531999999982,-0.05468139095893715,21.050846512266727,-0.02797282979310245,-6.702348270326081
8.029999999999873,8.14397999999982,-0.0542428583189038,21.045169345719067,-0.027952471789934097,-6.669046135765086
8.039999999999873,8.10263999999982,-0.053806607599305056,21.039495723398336,-0.02793016331806214,-6.635734536279016
8.049999999999873,8.06129999999982,-0.05337263072553494,21.033825648138166,-0.027905914891876715,-6.602413511702043
8.059999999999873,8.01995999999982,-0.05294091957834948,21.02815912277681,-0.02787973703554747,-6.569083102250748
8.069999999999872,7.97861999999982,-0.052511465994254464,21.02249615015713,-0.02785164028318371,-6.535743348523712
8.079999999999872,7.93727999999982,-0.052084261765919515,21.016836733126727,-0.027821635178700344,-6.502394291502301
8.089999999999872,7.89593999999982,-0.051659298642711404,21.01118087453803,-0.027789732276000734,-6.469035972551645
8.099999999999872,7.85459999999982,-0.051236568330909005,21.005528577248047,-0.02775594213893101,-6.43566843342101
8.109999999999872,7.81325999999982,-0.050816062494322606,20.99987984411847,-0.027720275341308998,-6.402291716243784
8.119999999999871,7.77191999999982,-0.050397772754550096,20.99423467801578,-0.027682742466965782,-6.3689058635391165
8.129999999999871,7.73057999999982,-0.04998169069146155,20.98859308181109,-0.027643354109856855,-6.335510918211509
8.139999999999871,7.68923999999982,-0.049567807843625855,20.982955058380412,-0.027602120873914393,-6.302106923552098
8.14999999999987,7.6478999999998205,-0.0491561157086049,20.977320610604288,-0.027559053373245823,-6.26869392323915
8.15999999999987,7.606559999999821,-0.04874660574342318,20.97168974136822,-0.027514162232116668,-6.23527196133869
8.16999999999987,7.565219999999821,-0.048339269364940596,20.966062453562362,-0.027467458084897922,-6.20184108230495
8.17999999999987,7.523879999999821,-0.04793409795025885,20.96043875008171,-0.02741895157620372,-6.168401330981233
8.18999999999987,7.482539999999821,-0.04753108283704208,20.954818633826132,-0.027368653360892448,-6.134952752600637
8.19999999999987,7.441199999999821,-0.04713021532393957,20.949202107700266,-0.027316574104097324,-6.101495392787085
8.20999999999987,7.399859999999821,-0.046731486671001604,20.94358917461367,-0.027262724481185885,-6.068029297554573
8.21999999999987,7.358519999999821,-0.04633488809995712,20.93797983748081,-0.027207115177888708,-6.034554513310308
8.229999999999869,7.317179999999821,-0.04594041079462005,20.93237409922099,-0.0271497568903043,-6.001071086853047
8.239999999999869,7.275839999999821,-0.04554804590127681,20.926771962758714,-0.027090660324857352,-5.967579065375518
8.249999999999869,7.234499999999821,-0.04515778452902172,20.921173431023252,-0.027029836198483925,-5.9340784964637185
8.259999999999868,7.193159999999821,-0.04476961775009988,20.915578506949032,-0.026967295238452316,-5.900569428099644
8.269999999999868,7.151819999999821,-0.044383536600272805,20.9099871934755,-0.026903048182588485,-5.867051908659961
8.279999999999868,7.110479999999821,-0.04399953207917348,20.904399493547295,-0.026837105779205284,-5.833525986917706
8.289999999999868,7.0691399999998215,-0.04361759515066066,20.89881541011417,-0.02676947878712921,-5.799991712043841
8.299999999999867,7.0277999999998215,-0.04323771674304669,20.89323494613116,-0.026700177975804706,-5.766449133606657
8.309999999999867,6.986459999999822,-0.04285988774965477,20.88765810455848,-0.026629214125238887,-5.732898301572894
8.319999999999867,6.945119999999822,-0.04248409902890185,20.882084888361625,-0.026556598026105993,-5.699339266309902
8.329999999999867,6.903779999999822,-0.04211034140480582,20.87651530051165,-0.026482340479734245,-5.665772078584364
8.339999999999867,6.862439999999822,-0.04173860566722931,20.870949343984805,-0.026406452298156857,-5.632196789564656
8.349999999999866,6.821099999999822,-0.04136888257221796,20.86538702176297,-0.026328944304183588,-5.598613450821072
8.359999999999866,6.779759999999822,-0.04100116284228725,20.859828336833495,-0.026249827331333908,-5.565022114326546
8.369999999999866,6.738419999999822,-0.04063543716680501,20.854273292189394,-0.026169112223975555,-5.531422832457804
8.379999999999866,6.697079999999822,-0.04027169620220389,20.848721890829243,-0.02608680983735223,-5.4978156579964255
8.389999999999866,6.655739999999822,-0.03990993057239192,20.84317413575743,-0.026002931037551857,-5.464200644128831
8.399999999999865,6.614399999999822,-0.03955013086893863,20.83763002998415,-0.02591748670157079,-5.430577844447886
8.409999999999865,6.573059999999822,-0.03919228765149532,20.83208957652544,-0.025830487717402373,-5.396947312953511
8.419999999999865,6.531719999999822,-0.03883639144796355,20.826552778403308,-0.025741944984000786,-5.3633091040532825
8.429999999999865,6.490379999999822,-0.03848243275483795,20.8210196386458,-0.025651869411388695,-5.329663272564126
8.439999999999864,6.4490399999998225,-0.03813040203757037,20.815490160287,-0.025560271920676336,-5.29600987371197
8.449999999999864,6.4076999999998225,-0.03778028973067926,20.809964346367256,-0.02546716344403105,-5.262348963133766
8.459999999999864,6.366359999999823,-0.03743208623816466,20.804442199933177,-0.02537255492483914,-5.228680596877287
8.469999999999864,6.325019999999823,-0.03708578193373191,20.798923724037707,-0.025276457317648382,-5.19500483140279
8.479999999999864,6.283679999999823,-0.03674136716103399,20.79340892174015,-0.025178881588292734,-5.161321723584074
8.489999999999863,6.242339999999823,-0.03639883223406157,20.787897796106584,-0.025079838713851887,-5.127631330708114
8.499999999999863,6.200999999999823,-0.036058167437156174,20.78239035020951,-0.02497933968275301,-5.093933710476939
8.509999999999863,6.159659999999823,-0.035719363025566025,20.776886587128175,-0.02487739549479906,-5.060228921008786
8.519999999999863,6.118319999999823,-0.03538240922541444,20.771386509948822,-0.02477401716121791,-5.026517020837509
8.529999999999863,6.076979999999823,-0.03504729623417077,20.765890121764393,-0.0246692157046996,-4.992798068915188
8.539999999999862,6.035639999999823,-0.03471401422075143,20.76039742567505,-0.024563002159461833,-4.959072124611703
8.549999999999862,5.994299999999823,-0.034382553325859905,20.754908424788038,-0.024455387571281684,-4.925339247716788
8.559999999999862,5.952959999999823,-0.03405290366211752,20.749423122217795,-0.024346382997535165,-4.8915994984387865
8.569999999999862,5.911619999999823,-0.033725055314373364,20.74394152108627,-0.02423599950725258,-4.85785293740795
8.579999999999862,5.870279999999823,-0.03339899833993504,20.738463624522762,-0.024124248181225383,-4.824099625676239
8.589999999999861,5.8289399999998235,-0.03307472276870982,20.73298943566416,-0.02401114011191946,-4.790339624717791
8.599999999999861,5.7875999999998236,-0.03275221860349098,20.727518957655214,-0.023896686403723666,-4.756572996429779
8.60999999999986,5.746259999999824,-0.03243147582018549,20.722052193648445,-0.023780898172777787,-4.7227998031342
8.61999999999986,5.704919999999824,-0.03211248436795097,20.71658914680433,-0.023663786547224563,-4.68902010757771
8.62999999999986,5.663579999999824,-0.03179523416943175,20.711129820291447,-0.023545362667131087,-4.65523397293337
8.63999999999986,5.622239999999824,-0.031479715121036256,20.705674217286695,-0.02342563768465461,-4.621441462799549
8.64999999999986,5.580899999999824,-0.031165917092989243,20.700222340975273,-0.0233046227638945,-4.587642641203603
8.65999999999986,5.539559999999824,-0.03085382992962432,20.694774194550867,-0.023182329081224085,-4.553837572600377
8.66999999999986,5.498219999999824,-0.030543443449546626,20.689329781215946,-0.023058767825135495,-4.520026321873412
8.67999999999986,5.456879999999824,-0.030234747445802124,20.683889104181677,-0.022933950196394326,-4.486208954337041
8.68999999999986,5.415539999999824,-0.02992773168607432,20.678452166668222,-0.022807887408075544,-4.452385535735231
8.699999999999859,5.374199999999824,-0.029622385912840637,20.673018971904888,-0.02268059068556194,-4.41855613224407
8.709999999999859,5.332859999999824,-0.02931869984352456,20.667589523130154,-0.02255207126670189,-4.384720810471039
8.719999999999859,5.291519999999824,-0.029016663170706586,20.662163823591925,-0.022422340401815233,-4.350879637457167
8.729999999999858,5.250179999999824,-0.028716265562259008,20.65674187654779,-0.02229140935373225,-4.317032680675986
8.739999999999858,5.2088399999998245,-0.028417496661443276,20.651323685265055,-0.022159289397928883,-4.28318000803655
8.749999999999858,5.167499999999825,-0.02812034608717298,20.64590925302083,-0.022025991822459345,-4.249321687882167
8.759999999999858,5.126159999999825,-0.027824803434027656,20.64049858310245,-0.021891527928167676,-4.21545778899179
8.769999999999857,5.084819999999825,-0.027530858272506148,20.635091678807484,-0.02175590902858554,-4.181588380580919
8.779999999999857,5.043479999999825,-0.027238500149078748,20.62968854344394,-0.021619146450196913,-4.147713532301943
8.789999999999857,5.002139999999825,-0.026947718586359054,20.624289180330393,-0.021481251532283974,-4.113833314244841
8.799999999999857,4.960799999999825,-0.026658503083206664,20.618893592796418,-0.021342235627102024,-4.079947796937879
8.809999999999857,4.919459999999825,-0.02637084311483212,20.613501784182358,-0.02120211009991213,-4.0460570513482015
8.819999999999856,4.878119999999825,-0.026084728132947765,20.60811375783996,-0.021060886329120843,-4.012161148882516
8.829999999999856,4.836779999999825,-0.02580014756586954,20.602729517132264,-0.0209185757061911,-3.9782601613869066
8.839999999999856,4.795439999999825,-0.025517090818528487,20.59734906543398,-0.020775189635842406,-3.9443541611492923
8.849999999999856,4.754099999999825,-0.025235547272714598,20.59197240613157,-0.020630739536014964,-3.910443220897668
8.859999999999856,4.712759999999825,-0.024955506287059337,20.586599542623595,-0.02048523683800535,-3.876527413801775
8.869999999999855,4.671419999999825,-0.024676957197129062,20.5812304783208,-0.020338692986458518,-3.842606813473729
8.879999999999855,4.6300799999998254,-0.02439988931556933,20.57586521664638,-0.020191119439505134,-3.8086814939683795
8.889999999999855,4.5887399999998255,-0.024124291932097613,20.57050376103629,-0.020042527668749033,-3.774751529783398
8.899999999999855,4.547399999999826,-0.023850154313617727,20.565146114939388,-0.019892929159359585,-3.7408169958601203
8.909999999999854,4.506059999999826,-0.023577465704277212,20.55979228181753,-0.019742335410123046,-3.706877967583385
8.919999999999854,4.464719999999826,-0.023306215325444857,20.554442265146093,-0.019590757933565406,-3.672934520783008
8.929999999999854,4.423379999999826,-0.02303639237593616,20.549096068414133,-0.019438208255887157,-3.6389867317328832
8.939999999999854,4.382039999999826,-0.02276798603186969,20.543753695124334,-0.019284697917117732,-3.6050346771519455
8.949999999999854,4.340699999999826,-0.022500985446797295,20.53841514879377,-0.019130238471172456,-3.5710784342047845
8.959999999999853,4.299359999999826,-0.022235379751712497,20.53308043295373,-0.018974841485823235,-3.537118080501316
8.969999999999853,4.258019999999826,-0.021971158055095252,20.52774955115016,-0.0188185185428964,-3.503153694097195
8.979999999999853,4.216679999999826,-0.021708309442874246,20.52242250694398,-0.01866128123820232,-3.469185353494499
8.989999999999853,4.175339999999826,-0.021446822978490987,20.51709930391117,-0.01850314118160823,-3.435213137640916
8.999999999999853,4.133999999999826,-0.02118668770288762,20.511779945643212,-0.01834410999717112,-3.401237125931351
9.009999999999852,4.092659999999826,-0.020927892634488354,20.506464435747407,-0.018184199323131978,-3.367257398207152
9.019999999999852,4.051319999999826,-0.020670426769183514,20.50115277784688,-0.018023420811947632,-3.333274034755888
9.029999999999852,4.0099799999998265,-0.02041427908036139,20.495844975581186,-0.01786178613042122,-3.299287116312258
9.039999999999852,3.9686399999998265,-0.020159438518787987,20.490541032606473,-0.017699306959645,-3.2652967240575883
9.049999999999851,3.9272999999998266,-0.019905894012697933,20.485240952595753,-0.017535994995168447,-3.231302939620475
9.059999999999851,3.8859599999998267,-0.019653634467611286,20.479944739239336,-0.01737186194693624,-3.197305845075699
9.069999999999851,3.8446199999998267,-0.01940264876644815,20.474652396244924,-0.01720691953938258,-3.163305522945462
9.07999999999985,3.803279999999827,-0.019152925769322204,20.469363927338172,-0.017041179511510407,-3.1293020561982963
9.08999999999985,3.761939999999827,-0.018904454313574792,20.464079336262856,-0.016874653616855306,-3.095295528249083
9.09999999999985,3.720599999999827,-0.01865722321362745,20.458798626781313,-0.016707353623599486,-3.06128602295973
9.10999999999985,3.679259999999827,-0.018411221260955513,20.4535218026746,-0.016539291314562887,-3.027273624637788
9.11999999999985,3.637919999999827,-0.01816643722404368,20.448248867743132,-0.016370478487279128,-2.9932584180373176
9.12999999999985,3.596579999999827,-0.017922859848140293,20.442979825806702,-0.016200926953992723,-2.9592404883574273
9.13999999999985,3.555239999999827,-0.01768047785529589,20.437714680705085,-0.016030648541719983,-2.9252199212431047
9.14999999999985,3.5138999999998273,-0.01743927994419167,20.432453436298275,-0.015859655092244518,-2.8911968027845036
9.15999999999985,3.4725599999998273,-0.017199254790002172,20.42719609646694,-0.015687958462236862,-2.8571712195159056
9.169999999999849,3.4312199999998274,-0.016960391044264028,20.42194266511263,-0.015515570523125188,-2.823143258416332
9.179999999999849,3.3898799999998275,-0.016722677334796515,20.416693146158515,-0.015342503161285492,-2.789113006908204
9.189999999999849,3.3485399999998275,-0.016486102265452718,20.411447543549283,-0.015168768277971811,-2.7550805528571143
9.199999999999848,3.3071999999998276,-0.016250654416028132,20.406205861251983,-0.014994377789308344,-2.721045984571809
9.209999999999848,3.2658599999998277,-0.01601632234204145,20.400968103256194,-0.014819343626448267,-2.687009390802677
9.219999999999848,3.2245199999998277,-0.015783094574644302,20.39573427357444,-0.014643677735362959,-2.652970860741374
9.229999999999848,3.183179999999828,-0.015550959620258958,20.390504376242795,-0.014467392077088082,-2.6189304840208796
9.239999999999847,3.141839999999828,-0.015319905960579638,20.385278415321064,-0.014290498627571646,-2.5848883507135714
9.249999999999847,3.100499999999828,-0.015089922052177851,20.38005639489336,-0.014113009377724861,-2.5508445513310427
9.259999999999847,3.059159999999828,-0.014860996326400588,20.374838319068626,-0.013934936333432568,-2.5167991768234423
9.269999999999847,3.017819999999828,-0.014633117189062156,20.36962419198084,-0.013756291515574226,-2.4827523185785347
9.279999999999847,2.976479999999828,-0.014406273020287352,20.364414017789755,-0.013577086959947193,-2.4487040684200236
9.289999999999846,2.935139999999828,-0.014180452174094527,20.3592078006812,-0.013397334717362708,-2.4146545186072133
9.299999999999846,2.8937999999998283,-0.013955642978285415,20.354005544867615,-0.01321704685348396,-2.3806037618345344
9.309999999999846,2.8524599999998284,-0.013731833734057952,20.3488072545885,-0.01303623544898902,-2.346551891229013
9.319999999999846,2.8111199999998284,-0.0135090127158079,20.343612934110972,-0.012854912599388923,-2.3124990003501793
9.329999999999846,2.7697799999998285,-0.013287168170661667,20.338422587730243,-0.012673090415105781,-2.2784451831887353
9.339999999999845,2.7284399999998286,-0.013066288318311331,20.33323621977013,-0.012490781021405772,-2.2443905341648454
9.349999999999845,2.6870999999998286,-0.012846361350621449,20.328053834583578,-0.01230799655838033,-2.210335148127375
9.359999999999845,2.6457599999998287,-0.012627375431238708,20.322875436553225,-0.01212474918087253,-2.17627912035184
9.369999999999845,2.6044199999998288,-0.012409318695276339,20.317701030091982,-0.011941051058479979,-2.1422225465402494
9.379999999999844,2.563079999999829,-0.012192179248941892,20.31253061964344,-0.011756914375510685,-2.108165522818108
9.389999999999844,2.521739999999829,-0.011975945169084956,20.3073642096826,-0.011572351330851771,-2.074108145733557
9.399999999999844,2.480399999999829,-0.011760604502836391,20.30220180471634,-0.011387374138062623,-2.040050512256393
9.409999999999844,2.439059999999829,-0.011546145267214314,20.297043409284203,-0.011201995025108658,-2.005992719775125
9.419999999999844,2.397719999999829,-0.01133255544856121,20.291889027958597,-0.011016226234553117,-1.9719348660962088
9.429999999999843,2.356379999999829,-0.011119823002259388,20.28673866534589,-0.010830080023211008,-1.9378770494422746
9.439999999999843,2.3150399999998292,-0.010907935852056683,20.281592326086685,-0.010643568662295488,-1.9038193684494047
9.449999999999843,2.2736999999998293,-0.010696881889808663,20.276450014856678,-0.010456704437181996,-1.869761922166325
9.459999999999843,2.2323599999998294,-0.010486648974745605,20.27131173636706,-0.010269499647432234,-1.8357048100521753
9.469999999999843,2.1910199999998294,-0.010277224933100348,20.266177495365476,-0.010081966606613757,-1.8016481319735227
9.479999999999842,2.1496799999998295,-0.010068597557462089,20.261047296636427,-0.00989411764226844,-1.7675919882036664
9.489999999999842,2.1083399999998296,-0.009860754606305977,20.255921145002105,-0.009705965095737956,-1.7335364794197428
9.499999999999842,2.0669999999998296,-0.009653683803325375,20.250799045323163,-0.00951752132213357,-1.699481706700354
9.509999999999842,2.0256599999998297,-0.009447372836869972,20.24568100249927,-0.009328798690137752,-1.6654277715238193
9.519999999999841,1.9843199999998298,-0.009241809359320896,20.240567021469747,-0.009139809581945268,-1.631374775765473
9.529999999999841,1.9429799999998298,-0.009036980986416532,20.23545710721472,-0.008950566393074622,-1.5973228216953896
9.539999999999841,1.90163999999983,-0.008832875296618858,20.230351264755512,-0.008761081532270565,-1.5632720119753045
9.54999999999984,1.86029999999983,-0.008629479830416786,20.225249499155506,-0.008571367421379483,-1.529222449657929
9.55999999999984,1.81895999999983,-0.008426782089587304,20.22015181552095,-0.008381436495107586,-1.4951742381814415
9.56999999999984,1.7776199999998301,-0.008224769536475163,20.215058219001826,-0.008191301200960288,-1.4611274813693125
9.57999999999984,1.7362799999998302,-0.008023429593272902,20.20996871479261,-0.00800097399901828,-1.4270822834264674
9.58999999999984,1.6949399999998302,-0.007822749641147153,20.204883308132985,-0.007810467361813345,-1.3930387489366804
9.59999999999984,1.6535999999998303,-0.007622717019479586,20.199802004308946,-0.007619793774051475,-1.3589969828591102
9.60999999999984,1.6122599999998304,-0.00742331902504717,20.194724808653476,-0.007428965732588277,-1.3249570905264567
9.61999999999984,1.5709199999998305,-0.007224542911141052,20.18965172654753,-0.0072379957460468325,-1.2909191776408158
9.62999999999984,1.5295799999998305,-0.007026375886634961,20.18458276342092,-0.007046896334754416,-1.2568833502714352
9.639999999999839,1.4882399999998306,-0.006828805115149328,20.179517924753238,-0.006855680030468714,-1.2228497148511006
9.649999999999839,1.4468999999998307,-0.00663181771400273,20.17445721607468,-0.006664359376158946,-1.188818378172669
9.659999999999838,1.4055599999998307,-0.006435400753311782,20.16940064296728,-0.00647294692578082,-1.1547894473865459
9.669999999999838,1.3642199999998308,-0.006239541254926373,20.164348211065615,-0.006281455244091738,-1.1207630299961937
9.679999999999838,1.3228799999998309,-0.006044226191446123,20.159299926058075,-0.006089896906298964,-1.0867392338556754
9.689999999999838,1.281539999999831,-0.005849442485058753,20.15425579368758,-0.005898284497922013,-1.052718167165581
9.699999999999838,1.240199999999831,-0.005655177006524126,20.149215819752875,-0.0057066306144416545,-1.018699938469653
9.709999999999837,1.198859999999831,-0.005461416573946665,20.144180010109515,-0.00551494786107426,-0.9846846566508957
9.719999999999837,1.1575199999998311,-0.005268147951672741,20.13914837067097,-0.005323248852477314,-0.9506724309281557
9.729999999999837,1.1161799999998312,-0.005075357849000983,20.134120907409688,-0.00513154621246914,-0.9166633708512609
9.739999999999837,1.0748399999998313,-0.004883032918995889,20.12909762635825,-0.004939852573735193,-0.8826575862990833
9.749999999999837,1.0334999999998313,-0.004691159757146679,20.124078533610724,-0.004748180577481165,-0.8486551874739116
9.759999999999836,0.9921599999998313,-0.004499724900046798,20.11906363532343,-0.004556542873172975,-0.8146562848978025
9.769999999999836,0.9508199999998312,-0.004308714824032611,20.114052937716593,-0.004364952118159848,-0.780660989408394
9.779999999999836,0.9094799999998312,-0.004118115943742562,20.10904644707535,-0.004173420977344189,-0.7466694121556969
9.789999999999836,0.8681399999998312,-0.003927914610689864,20.104044169751063,-0.003981962122848015,-0.7126816645962808
9.799999999999836,0.8267999999998311,-0.003738097111741001,20.099046112162632,-0.0037905882337294083,-0.6786978584899402
9.809999999999835,0.7854599999998311,-0.0035486496675446455,20.094052280797754,-0.003599311995427734,-0.6447181058951823
9.819999999999835,0.744119999999831,-0.003359558430933607,20.08906268221447,-0.0034081460995595836,-0.6107425191643825
9.829999999999835,0.702779999999831,-0.00317080948533488,20.08407732304231,-0.003217103243466801,-0.5767712109397235
9.839999999999835,0.6614399999998309,-0.002982388843010886,20.079096209983742,-0.003026196129806924,-0.5428042941483299
9.849999999999834,0.6200999999998309,-0.0027942824433231372,20.074119349815856,-0.002835437466153834,-0.5088418819972864
9.859999999999834,0.5787599999998309,-0.002606476150922632,20.069146749391553,-0.002644839964591139,-0.47488408796932924
9.869999999999834,0.5374199999998308,-0.0024189557539023854,20.06417841564124,-0.002454416341238219,-0.440931025818245
9.879999999999834,0.4960799999998308,-0.0022317069618841834,20.059214355574284,-0.0022641793158818535,-0.40698280956281857
9.889999999999834,0.45473999999983084,-0.002044715404029007,20.05425457628065,-0.0020741416114566924,-0.3730395534833418
9.899999999999833,0.41339999999983085,-0.0018579666269830097,20.049299084932546,-0.001884315953572524,-0.339101372115417
9.909999999999833,0.37205999999983086,-0.0016714460928378694,20.04434788878604,-0.0016947150701104863,-0.30516838024541487
9.919999999999833,0.33071999999983087,-0.0014851391769026279,20.03940099518267,-0.0015053516907314046,-0.2712406929053861
9.929999999999833,0.2893799999998309,-0.0012990311655130538,20.034458411551388,-0.001316238546195836,-0.23731842536733827
9.939999999999833,0.2480399999998309,-0.0011131072537164943,20.029520145410174,-0.0011273883680854024,-0.20340169313843892
9.949999999999832,0.2066999999998309,-0.0009273525428987739,20.024586204367917,-0.0009388138881998853,-0.16949061195526327
9.959999999999832,0.16535999999983092,-0.0007417520383972143,20.01965659612631,-0.0007505278379372204,-0.13558529777862938
9.969999999999832,0.12401999999983093,-0.0005562906469112061,20.014731328481695,-0.0005625429478773314,-0.10168586678819916
9.979999999999832,0.08267999999983094,-0.00037095317389729265,20.009810409327088,-0.00037487194712865213,-0.06779243537623207
9.989999999999831,0.04133999999983095,-0.00018572432100688596,20.004893846654113,-0.00018752756273243687,-0.03390512014272423
