Time,Pressure,Position_X,Position_Y,Position_Z,Angle
0.0,0,1.6653345369377348e-16,20.0,-2.7755575615628914e-16,0.0
0.01,0.041339999999999995,-0.00016398640063308711,20.00477955130225,-0.00016722219704345953,-0.03209879935200669
0.02,0.08267999999999999,-0.0003640642544063266,20.00978154397144,-0.00037005303936993306,-0.06739897959737556
0.03,0.12401999999999999,-0.0005525889996448319,20.01470043691823,-0.0005620436338765744,-0.10141342793992225
0.04,0.16535999999999998,-0.000735740883344993,20.019612418467794,-0.0007488461493246334,-0.13514939102703263
0.05,0.20669999999999997,-0.0009191034465708681,20.024530494402132,-0.0009360572979605353,-0.16892407521763314
0.060000000000000005,0.24803999999999995,-0.001103111627458242,20.029453441195585,-0.0011240960822438972,-0.20272170566509481
0.07,0.28937999999999997,-0.0012873520104914604,20.03438073058237,-0.0013125091587880555,-0.236524904887524
0.08,0.33071999999999996,-0.0014717267149708113,20.039312347988545,-0.0015011693191834818,-0.2703323248054114
0.09,0.37205999999999995,-0.0016562689332185743,20.04424830437241,-0.0016900832704477842,-0.30414457630278224
0.09999999999999999,0.41339999999999993,-0.0018410067478041858,20.049188594093295,-0.0018792517180644674,-0.3379617097267844
0.10999999999999999,0.4547399999999999,-0.002025955673007618,20.054133208828517,-0.002068662574678082,-0.3717835971883636
0.11999999999999998,0.4960799999999999,-0.0022111293755532335,20.05908214074617,-0.002258302074064522,-0.40561011466969493
0.12999999999999998,0.5374199999999999,-0.0023965422151999705,20.064035382265793,-0.0024481572747798164,-0.4394411491592426
0.13999999999999999,0.5787599999999999,-0.0025822087526198856,20.068992925894868,-0.002638215528162957,-0.4732765895703149
0.15,0.6201,-0.0027681434423982854,20.07395476422057,-0.002828464169634448,-0.5071163246809838
0.16,0.66144,-0.0029543606237709685,20.07892088991381,-0.003018890511563399,-0.5409602433335992
0.17,0.7027800000000001,-0.0031408745479135636,20.083891295729178,-0.0032094818688578886,-0.5748082346231371
0.18000000000000002,0.7441200000000001,-0.0033276993853614822,20.08886597450257,-0.0034002255645473878,-0.6086601879243032
0.19000000000000003,0.7854600000000002,-0.003514849226811778,20.09384491914999,-0.00359110892893838,-0.6425159928884085
0.20000000000000004,0.8268000000000002,-0.003702338084453083,20.098828122665605,-0.0037821192993565123,-0.6763755394427489
0.21000000000000005,0.8681400000000002,-0.0038901798937285847,20.103815578120418,-0.003973244020550826,-0.7102387177959605
0.22000000000000006,0.9094800000000003,-0.004078388515385445,20.108807278660773,-0.004164470445126023,-0.74410541844352
0.23000000000000007,0.9508200000000003,-0.004266977737170885,20.113803217506746,-0.004355785933883194,-0.777975532171773
0.24000000000000007,0.9921600000000004,-0.004455961275582121,20.118803387950898,-0.00454717785632891,-0.8118489500622247
0.25000000000000006,1.0335000000000003,-0.004645352777550571,20.123807783356792,-0.004738633590894381,-0.8457255634973251
0.26000000000000006,1.0748400000000002,-0.004835165822082432,20.128816397157525,-0.004930140525344129,-0.8796052641632355
0.2700000000000001,1.1161800000000002,-0.005025413921859456,20.133829222854693,-0.0051216860570719724,-0.9134879440547844
0.2800000000000001,1.15752,-0.005216110524672635,20.138846254016702,-0.005313257593507592,-0.9473734954801355
0.2900000000000001,1.19886,-0.005407269015040239,20.14386748427778,-0.005504842552391809,-0.9812618110638937
0.3000000000000001,1.2402,-0.00559890271555763,20.148892907336492,-0.005696428362041761,-1.0151527837519145
0.3100000000000001,1.28154,-0.005791024888330609,20.153922516954744,-0.00588800246169946,-1.0490463068154448
0.3200000000000001,1.3228799999999998,-0.005983648736343883,20.15895630695652,-0.006079552301843372,-1.0829422738540042
0.3300000000000001,1.3642199999999998,-0.00617678740469213,20.16399427122642,-0.0062710653444420505,-1.116840578799934
0.34000000000000014,1.4055599999999997,-0.006370453982014801,20.169036403709057,-0.006462529063170408,-1.1507411159224223
0.35000000000000014,1.4468999999999996,-0.006564661501571867,20.174082698407457,-0.006653930943743669,-1.184643779830377
0.36000000000000015,1.4882399999999996,-0.006759422942500148,20.179133149382128,-0.006845258484160399,-1.2185484654764605
0.37000000000000016,1.5295799999999995,-0.006954751231026901,20.184187750750077,-0.007036499194970569,-1.252455068160485
0.38000000000000017,1.5709199999999994,-0.007150659241481394,20.1892464966836,-0.007227640599341112,-1.2863634835332212
0.3900000000000002,1.6122599999999994,-0.007347159797540415,20.194309381409305,-0.0074186702335960475,-1.320273607598672
0.4000000000000002,1.6535999999999993,-0.007544265673113948,20.199376399207125,-0.007609575647115729,-1.3541853367186876
0.4100000000000002,1.6949399999999992,-0.007741989593518073,20.204447544409327,-0.007800344402734305,-1.3880985676152047
0.4200000000000002,1.7362799999999992,-0.007940344236348817,20.209522811399488,-0.007990964076888707,-1.4220131973738601
0.4300000000000002,1.777619999999999,-0.008139342232573621,20.214602194611615,-0.00818142225981161,-1.455929123446914
0.4400000000000002,1.818959999999999,-0.008338996167313872,20.21968568852909,-0.008371706555751701,-1.4898462436560862
0.45000000000000023,1.860299999999999,-0.008539318580872646,20.224773287683995,-0.00856180458307848,-1.5237644561956947
0.46000000000000024,1.9016399999999989,-0.008740321969588016,20.229864986655922,-0.008751703974498648,-1.5576836596351515
0.47000000000000025,1.9429799999999988,-0.008942018786570083,20.23496078007127,-0.008941392377262769,-1.5916037529222773
0.48000000000000026,1.9843199999999988,-0.009144421442681794,20.240060662602463,-0.009130857453223784,-1.6255246353854647
0.49000000000000027,2.025659999999999,-0.009347542307250767,20.245164628966766,-0.009320086879058387,-1.6594462067363576
0.5000000000000002,2.066999999999999,-0.009551393708834344,20.250272673925995,-0.00950906834638382,-1.6933683670727557
0.5100000000000002,2.1083399999999988,-0.009755987935975652,20.255384792285138,-0.009697789561874282,-1.727291016880681
0.5200000000000002,2.1496799999999987,-0.009961337237941459,20.26050097889204,-0.00988623824747048,-1.7612140570371542
0.5300000000000002,2.1910199999999986,-0.01016745382537887,20.265621228636196,-0.010074402140394345,-1.7951373888124418
0.5400000000000003,2.2323599999999986,-0.010374349871073996,20.270745536448423,-0.010262268993308288,-1.8290609138718479
0.5500000000000003,2.2736999999999985,-0.010582037510464604,20.27587389729979,-0.010449826574444543,-1.862984534278611
0.5600000000000003,2.3150399999999984,-0.0107905288424604,20.281006306200958,-0.010637062667691155,-1.896908152495558
0.5700000000000003,2.3563799999999984,-0.010999835929844104,20.28614275820161,-0.010823965072652597,-1.930831671387383
0.5800000000000003,2.3977199999999983,-0.01120997080003483,20.291283248389504,-0.011010521604813639,-1.9647549942228146
0.5900000000000003,2.4390599999999982,-0.011420945445568875,20.296427771890034,-0.011196720095591028,-1.9986780246762603
0.6000000000000003,2.480399999999998,-0.01163277182465261,20.30157632386529,-0.011382548392345593,-2.0326006668301053
0.6100000000000003,2.521739999999998,-0.011845461861731799,20.306728899513665,-0.011567994358580802,-2.066522825175178
0.6200000000000003,2.563079999999998,-0.012059027447987758,20.311885494068992,-0.011753045873919343,-2.1004444046149566
0.6300000000000003,2.604419999999998,-0.01227348044182075,20.31704610280003,-0.011937690834187886,-2.134365310465022
0.6400000000000003,2.645759999999998,-0.012488832669343974,20.32221072100966,-0.012121917151467765,-2.1682854484553533
0.6500000000000004,2.687099999999998,-0.01270509592482652,20.32737934403462,-0.012305712754195786,-2.2022047247328413
0.6600000000000004,2.7284399999999978,-0.012922281971180949,20.332551967244456,-0.012489065587133086,-2.2361230458612784
0.6700000000000004,2.7697799999999977,-0.013140402540313234,20.337728586041266,-0.01267196361148537,-2.2700403188240363
0.6800000000000004,2.8111199999999976,-0.0133594693335988,20.342909195859008,-0.012854394804868108,-2.3039564510249666
0.6900000000000004,2.8524599999999976,-0.013579494022310179,20.348093792162857,-0.013036347161388517,-2.3378713502891872
0.7000000000000004,2.8937999999999975,-0.013800488247880882,20.353282370448806,-0.013217808691709965,-2.3717849248656084
0.7100000000000004,2.9351399999999974,-0.014022463622393067,20.358474926242923,-0.013398767422940772,-2.4056970834270013
0.7200000000000004,2.9764799999999974,-0.014245431728848817,20.363671455100942,-0.013579211398825008,-2.4396077350720073
0.7300000000000004,3.0178199999999973,-0.014469404121552176,20.368871952607783,-0.013759128679619592,-2.473516789325741
0.7400000000000004,3.059159999999997,-0.014694392326439848,20.374076414376855,-0.013938507342207362,-2.507424156140988
0.7500000000000004,3.100499999999997,-0.014920407841366806,20.379284836049678,-0.014117335480047677,-2.541329745898919
0.7600000000000005,3.141839999999997,-0.015147462136403028,20.384497213295393,-0.01429560120318124,-2.575233469411112
0.7700000000000005,3.183179999999997,-0.015375566654149936,20.38971354181018,-0.01447329263826741,-2.6091352379188253
0.7800000000000005,3.224519999999997,-0.015604732809991001,20.39493381731682,-0.014650397928572312,-2.643034963095513
0.7900000000000005,3.265859999999997,-0.01583497199233791,20.40015803556423,-0.014826905233943921,-2.6769325570462392
0.8000000000000005,3.307199999999997,-0.016066295562953387,20.405386192327008,-0.015002802730793519,-2.7108279323092277
0.8100000000000005,3.3485399999999967,-0.016298714857073376,20.41061828340498,-0.015178078612128165,-2.7447210018564623
0.8200000000000005,3.3898799999999967,-0.01653224118375002,20.41585430462271,-0.01535272108751401,-2.7786116790945994
0.8300000000000005,3.4312199999999966,-0.016766885825992978,20.42109425182909,-0.015526718383056082,-2.8124998778642842
0.8400000000000005,3.4725599999999965,-0.01700266004096762,20.42633812089698,-0.01570005874137198,-2.8463855124427657
0.8500000000000005,3.5138999999999965,-0.017239575060281093,20.43158590772254,-0.015872730421560455,-2.8802684975426263
0.8600000000000005,3.5552399999999964,-0.017477642090070772,20.43683760822516,-0.016044721699236764,-2.914148748313305
0.8700000000000006,3.5965799999999963,-0.017716872311225984,20.442093218346855,-0.01621602086641777,-2.9480261803411105
0.8800000000000006,3.6379199999999963,-0.017957276879478568,20.44735273405178,-0.016386616231536033,-2.981900709649726
0.8900000000000006,3.679259999999996,-0.018198866925666385,20.45261615132599,-0.016556496119424058,-3.0157722527004007
0.9000000000000006,3.720599999999996,-0.018441653555860305,20.45788346617715,-0.016725648871274257,-3.049640726392943
0.9100000000000006,3.761939999999996,-0.01868564785136606,20.463154674633813,-0.016894062844501234,-3.0835060480646646
0.9200000000000006,3.803279999999996,-0.018930860869015964,20.46842977274538,-0.01706172641288506,-3.1173681354919425
0.9300000000000006,3.844619999999996,-0.019177303641234184,20.47370875658156,-0.017228627966390353,-3.151226906889652
0.9400000000000006,3.885959999999996,-0.01942498717607971,20.478991622232037,-0.01739475591114914,-3.185082280911725
0.9500000000000006,3.927299999999996,-0.01967392245743113,20.484278365806208,-0.017560098669460567,-3.218934176650853
0.9600000000000006,3.9686399999999957,-0.01992412044498304,20.489568983432797,-0.017724644679709134,-3.252782513638745
0.9700000000000006,4.009979999999996,-0.020175592074471116,20.494863471259297,-0.01788838239628493,-3.286627211846666
0.9800000000000006,4.051319999999996,-0.02042834825761808,20.500161825452004,-0.01805130028964691,-3.3204681916845065
0.9900000000000007,4.092659999999996,-0.020682399882223146,20.50546404219554,-0.0182133868461285,-3.3543053740014064
1.0000000000000007,4.133999999999996,-0.020937757812258068,20.510770117692346,-0.018374630567975447,-3.3881386800855124
1.0100000000000007,4.175339999999996,-0.021194432887938736,20.516080048162706,-0.018535019973287603,-3.421968031664288
1.0200000000000007,4.216679999999996,-0.021452435925691488,20.521393829844058,-0.01869454359591899,-3.455793350902901
1.0300000000000007,4.258019999999996,-0.021711777718198738,20.52671145899116,-0.0188531899854682,-3.4896145604067446
1.0400000000000007,4.299359999999996,-0.021972469034549025,20.532032931875307,-0.01901094770721906,-3.523431583218505
1.0500000000000007,4.340699999999996,-0.02223452062006029,20.537358244784308,-0.019167805342007738,-3.557244342819402
1.0600000000000007,4.3820399999999955,-0.022497943196473497,20.54268739402221,-0.019323751486274132,-3.5910527631288107
1.0700000000000007,4.423379999999995,-0.022762747461857552,20.548020375908862,-0.01947877475194215,-3.624856768503624
1.0800000000000007,4.464719999999995,-0.023028944090646236,20.553357186779884,-0.019632863766364472,-3.658656283738305
1.0900000000000007,4.506059999999995,-0.023296543733620334,20.558697822986037,-0.01978600717225354,-3.6924512340645883
1.1000000000000008,4.547399999999995,-0.023565557017885014,20.564042280893304,-0.019938193627645928,-3.7262415451503403
1.1100000000000008,4.588739999999995,-0.023835994546857447,20.56939055688248,-0.02008941180583851,-3.7600271431005954
1.1200000000000008,4.630079999999995,-0.02410786690032421,20.57474264734887,-0.020239650395289965,-3.7938079544554832
1.1300000000000008,4.671419999999995,-0.024381184634223785,20.580098548702164,-0.02038889809956862,-3.8275839061912866
1.1400000000000008,4.712759999999995,-0.0246559582807937,20.58545825736601,-0.02053714363732495,-3.861354925718889
1.1500000000000008,4.754099999999995,-0.024932198348394025,20.59082176977798,-0.020684375742225314,-3.8951209408840772
1.1600000000000008,4.795439999999995,-0.0252099153215416,20.59618908238914,-0.020830583162838867,-3.928881879966683
1.1700000000000008,4.836779999999995,-0.025489119660842968,20.60156019166404,-0.020975754662590107,-3.962637671679511
1.1800000000000008,4.878119999999995,-0.02576982180284959,20.606935094080157,-0.021119879019720733,-3.996388245169364
1.1900000000000008,4.919459999999995,-0.026052032160116173,20.612313786128038,-0.02126294502723225,-4.0301335300144165
1.2000000000000008,4.9607999999999945,-0.026335761121061285,20.617696264310865,-0.02140494149276384,-4.063873456225237
1.2100000000000009,5.0021399999999945,-0.02662101904983405,20.623082525144227,-0.021545857238597477,-4.097607954243663
1.2200000000000009,5.043479999999994,-0.02690781628633615,20.628472565155974,-0.02168568110149366,-4.131336954941902
1.2300000000000009,5.084819999999994,-0.02719616314607612,20.633866380886033,-0.021824401932825754,-4.16506038962249
1.2400000000000009,5.126159999999994,-0.027486069920029943,20.63926396888617,-0.021962008598258753,-4.198778190016552
1.2500000000000009,5.167499999999994,-0.027777546874666464,20.644665325719743,-0.022098489977863678,-4.2324902882844535
1.260000000000001,5.208839999999994,-0.02807060425172156,20.65007044796161,-0.02223383496603093,-4.266196617014443
1.270000000000001,5.250179999999994,-0.028365252268145597,20.65547933219781,-0.02236803247127922,-4.299897109221282
1.280000000000001,5.291519999999994,-0.028661501115928245,20.66089197502545,-0.02250107141639507,-4.3335916983472655
1.290000000000001,5.332859999999994,-0.028959360962087233,20.666308373052654,-0.022632940738220086,-4.367280318259683
1.300000000000001,5.374199999999994,-0.02925884194842182,20.671728522897954,-0.022763629387648754,-4.400962903250949
1.310000000000001,5.415539999999994,-0.02955995419146437,20.677152421190655,-0.02289312632955015,-4.434639388037847
1.320000000000001,5.456879999999994,-0.029862707782295383,20.682580064570367,-0.02302142054268408,-4.46830970776055
1.330000000000001,5.498219999999994,-0.03016711278641876,20.688011449686705,-0.023148501019706502,-4.501973797981555
1.340000000000001,5.539559999999994,-0.03047317924367149,20.69344657319948,-0.023274356767055637,-4.535631594685625
1.350000000000001,5.5808999999999935,-0.03078091716793191,20.698885431778173,-0.02339897680488473,-4.56928303427832
1.360000000000001,5.6222399999999935,-0.03109033654710594,20.70432802210221,-0.02352235016706955,-4.6029280535853445
1.370000000000001,5.663579999999993,-0.031401447342944255,20.70977434086021,-0.023644465901059897,-4.636566589851737
1.380000000000001,5.704919999999993,-0.03171425949079601,20.715224384750364,-0.023765313067885208,-4.67019858074133
1.390000000000001,5.746259999999993,-0.03202878289952865,20.720678150480058,-0.02388488074206041,-4.703823964334987
1.400000000000001,5.787599999999993,-0.032345027451275904,20.72613563476568,-0.0240031580115585,-4.7374426791308295
1.410000000000001,5.828939999999993,-0.03266300300136407,20.73159683433263,-0.02412013397777324,-4.771054664042728
1.420000000000001,5.870279999999993,-0.03298271937800504,20.73706174591511,-0.024235797755414068,-4.804659858399661
1.430000000000001,5.911619999999993,-0.03330418638226354,20.74253036625577,-0.024350138472430116,-4.838258201944236
1.440000000000001,5.952959999999993,-0.03362741378768622,20.74800269210604,-0.02446314527004767,-4.871849634832896
1.450000000000001,5.994299999999993,-0.03395241134024285,20.753478720225605,-0.024574807302677026,-4.905434097634143
1.460000000000001,6.035639999999993,-0.034279188758105705,20.758958447382362,-0.02468511373779325,-4.939011531327676
1.470000000000001,6.076979999999993,-0.03460775573136418,20.76444187035237,-0.024794053756001022,-4.972581877303854
1.480000000000001,6.118319999999993,-0.03493812192196283,20.769928985919726,-0.024901616550916383,-5.006145077362856
1.490000000000001,6.159659999999993,-0.03527029696332479,20.7754197908764,-0.025007791329085594,-5.039701073712838
1.500000000000001,6.2009999999999925,-0.035604290460268195,20.780914282022025,-0.025112567310009937,-5.073249808970316
1.5100000000000011,6.2423399999999925,-0.03594011198872715,20.786412456164005,-0.025215933726097428,-5.106791226158365
1.5200000000000011,6.283679999999992,-0.03627777109552821,20.791914310117285,-0.02531787982252487,-5.140325268705789
1.5300000000000011,6.325019999999992,-0.036617277298166856,20.797419840704148,-0.025418394857283366,-5.173851880446247
1.5400000000000011,6.366359999999992,-0.036958640084607614,20.8029290447542,-0.025517468101087792,-5.207371005617512
1.5500000000000012,6.407699999999992,-0.037301868913004965,20.808441919104343,-0.025615088837340427,-5.240882588860475
1.5600000000000012,6.449039999999992,-0.03764697321150565,20.813958460598492,-0.025711246362134177,-5.274386575217629
1.5700000000000012,6.490379999999992,-0.03799396237793676,20.81947866608766,-0.025805929984103748,-5.3078829101331575
1.5800000000000012,6.531719999999992,-0.03834284577966948,20.825002532429767,-0.025899129024484324,-5.341371539451251
1.5900000000000012,6.573059999999992,-0.038693632753258156,20.830530056489547,-0.02599083281702924,-5.3748524094151335
1.6000000000000012,6.614399999999992,-0.03904633260424498,20.836061235138402,-0.026081030707968134,-5.408325466666547
1.6100000000000012,6.655739999999992,-0.03940095460690646,20.841596065254404,-0.026169712055971073,-5.441790658244295
1.6200000000000012,6.697079999999992,-0.039757508003958164,20.84713454372232,-0.026256866232100717,-5.475247931583933
1.6300000000000012,6.738419999999992,-0.04011600200627913,20.852676667433197,-0.02634248261981903,-5.508697234516433
1.6400000000000012,6.779759999999992,-0.040476445792771404,20.85822243328449,-0.02642655061489413,-5.542138515267055
1.6500000000000012,6.8210999999999915,-0.04083884850986677,20.863771838180135,-0.026509059625368148,-5.575571722454624
1.6600000000000013,6.862439999999991,-0.04120321927143902,20.869324879030124,-0.026589999071561066,-5.608996805090909
1.6700000000000013,6.903779999999991,-0.04156956715844168,20.874881552750743,-0.02666935838603457,-5.6424137125793115
1.6800000000000013,6.945119999999991,-0.04193790121862723,20.88044185626422,-0.02674712701350279,-5.675822394713757
1.6900000000000013,6.986459999999991,-0.04230823046629406,20.88600578649885,-0.026823294410834475,-5.709222801678251
1.7000000000000013,7.027799999999991,-0.04268056388193278,20.891573340389016,-0.026897850047050142,-5.742614884045846
1.7100000000000013,7.069139999999991,-0.04305491041200882,20.89714451487476,-0.026970783403226617,-5.77599859277733
1.7200000000000013,7.110479999999991,-0.04343127896861387,20.9027193069021,-0.027042083972555586,-5.809373879220996
1.7300000000000013,7.151819999999991,-0.04380967842917374,20.908297713422748,-0.02711174126019178,-5.842740695110629
1.7400000000000013,7.193159999999991,-0.04419011763614075,20.913879731394104,-0.027179744783326854,-5.876098992566259
1.7500000000000013,7.234499999999991,-0.044572605396711595,20.919465357779313,-0.027246084071125887,-5.909448724091755
1.7600000000000013,7.275839999999991,-0.04495715048244939,20.92505458954701,-0.027310748664659268,-5.942789842574126
1.7700000000000014,7.317179999999991,-0.04534376162909584,20.93064742367134,-0.027373728116965867,-5.976122301284224
1.7800000000000014,7.358519999999991,-0.04573244753609049,20.93624385713202,-0.02743501199292525,-6.009446053873352
1.7900000000000014,7.399859999999991,-0.04612321686634746,20.941843886914196,-0.027494589869304253,-6.0427610543742505
1.8000000000000014,7.4411999999999905,-0.046516078245933734,20.94744751000831,-0.027552451334719785,-6.076067257200159
1.8100000000000014,7.48253999999999,-0.04691104026370599,20.953054723410272,-0.02760858598953536,-6.109364617142641
1.8200000000000014,7.52387999999999,-0.04730811147097275,20.95866552412133,-0.027662983445983613,-6.142653089372198
1.8300000000000014,7.56521999999999,-0.0477073003811844,20.96427990914774,-0.027715633327975442,-6.175932629436573
1.8400000000000014,7.60655999999999,-0.04810861546955364,20.96989787550133,-0.027766525271203546,-6.20920319325992
1.8500000000000014,7.64789999999999,-0.04851206517275075,20.975519420198854,-0.027815648923079972,-6.242464737143026
1.8600000000000014,7.68923999999999,-0.04891765788860575,20.981144540262456,-0.02786299394266306,-6.275717217760845
1.8700000000000014,7.73057999999999,-0.04932540197562685,20.986773232719216,-0.027908550000666832,-6.308960592163141
1.8800000000000014,7.77191999999999,-0.04973530575270271,20.992405494601428,-0.027952306779527702,-6.342194817772673
1.8900000000000015,7.81325999999999,-0.05014737749882586,20.998041322946364,-0.02799425397323224,-6.375419852385516
1.9000000000000015,7.85459999999999,-0.050561625452615555,21.003680714796474,-0.02803438128734831,-6.408635654168865
1.9100000000000015,7.89593999999999,-0.05097805781203521,21.009323667199173,-0.028072678439061194,-6.441842181661526
1.9200000000000015,7.93727999999999,-0.051396682733959226,21.014970177206845,-0.028109135157085297,-6.475039393772694
1.9300000000000015,7.97861999999999,-0.05181750833385909,21.02062024187697,-0.02814374118167684,-6.508227249781012
0.0,0,1.6653345369377348e-16,20.0,-2.7755575615628914e-16,0.0
0.01,0.055119999999999995,-0.00021870597508910627,20.006379810766905,-0.00022283142184481575,-0.04280790280408308
0.02,0.11023999999999999,-0.00048521203190970974,20.01304987501748,-0.0004933609239030634,-0.08985516095926668
0.03,0.16535999999999998,-0.0007362990073945253,20.019610607074895,-0.0007495875614797476,-0.13518791080826845
0.04,0.22047999999999998,-0.0009803093542703478,20.026164249787826,-0.0009990347110058195,-0.1801529242321581
0.05,0.27559999999999996,-0.0012246912717794323,20.032727963570032,-0.0012491455872629675,-0.22517149480864365
0.060000000000000005,0.33071999999999996,-0.0014700325802141645,20.039300092216592,-0.0015004612329176936,-0.2702224632065841
0.07,0.38583999999999996,-0.0017157976669032737,20.04587992866245,-0.0017523647954932886,-0.3152826540381495
0.08,0.44095999999999996,-0.001961871811467397,20.052467445234026,-0.0020046741940301094,-0.3603501398897581
0.09,0.49607999999999997,-0.0022083142913392195,20.059062648266156,-0.0022573851499753106,-0.4054256085236998
0.09999999999999999,0.5511999999999999,-0.002455177353411775,20.065665522561034,-0.002510485354031866,-0.450509013541126
0.10999999999999999,0.6063199999999999,-0.00270249638583836,20.072276049506833,-0.002763945544061619,-0.49560007186924676
0.11999999999999998,0.6614399999999998,-0.0029503041666092966,20.078894211263297,-0.0030177342448510225,-0.5406985050366201
0.12999999999999998,0.7165599999999998,-0.0031986342410596502,20.08551999046976,-0.0032718210839837725,-0.5858040495771488
0.13999999999999999,0.7716799999999997,-0.0034475202770269386,20.092153370028182,-0.0035261760910156315,-0.6309164451575747
0.15,0.8267999999999996,-0.0036969956637327717,20.098794333085362,-0.003780769291236552,-0.6760354318089913
0.16,0.8819199999999996,-0.0039470935046741484,20.105442863034227,-0.004035570696582003,-0.7211607501859547
0.17,0.9370399999999995,-0.0041978466584482454,20.112098943508766,-0.004290550340441679,-0.7662921418294525
0.18000000000000002,0.9921599999999995,-0.004449287753604092,20.11876255837768,-0.004545678286088706,-0.8114293492174028
0.19000000000000003,1.0472799999999995,-0.00470144919438753,20.12543369173818,-0.004800924626503944,-0.8565721157719066
0.20000000000000004,1.1023999999999996,-0.004954363166882525,20.132112327910285,-0.0050562594850246945,-0.9017201858727361
0.21000000000000005,1.1575199999999997,-0.0052080616456676165,20.1387984514308,-0.005311653016674689,-0.9468733048742345
0.22000000000000006,1.2126399999999997,-0.005462576400467711,20.145492047048165,-0.005567075409732114,-0.9920312191246147
0.23000000000000007,1.2677599999999998,-0.005717939002291894,20.152193099716975,-0.005822496886917439,-1.0371936759825189
0.24000000000000007,1.3228799999999998,-0.005974180829418196,20.158901594592535,-0.0060778877067330095,-1.0823604238344158
0.25000000000000006,1.378,-0.006231333073196066,20.165617517026227,-0.006333218164598808,-1.1275312121100525
0.26000000000000006,1.43312,-0.006489426743436499,20.172340852560126,-0.006588458594020574,-1.1727057912985661
0.2700000000000001,1.48824,-0.006748492673731621,20.179071586922635,-0.00684357936773522,-1.2178839129645058
0.2800000000000001,1.54336,-0.007008561526548607,20.185809706023605,-0.007098550898646805,-1.2630653297615853
0.2900000000000001,1.5984800000000001,-0.0072696637979842715,20.19255519594973,-0.007353343640968679,-1.3082497954486272
0.3000000000000001,1.6536000000000002,-0.00753182982254802,20.19930804296052,-0.007607928091000082,-1.353437064902394
0.3100000000000001,1.7087200000000002,-0.00779508977757587,20.206068233483606,-0.00786227478817364,-1.3986268941320033
0.3200000000000001,1.7638400000000003,-0.008059473687440866,20.212835754110912,-0.008116354315839014,-1.4438190402920819
0.3300000000000001,1.8189600000000004,-0.008325011427788132,20.21961059159436,-0.00837013730204167,-1.4890132616954896
0.34000000000000014,1.8740800000000004,-0.008591732729381407,20.22639273284214,-0.00862359442039673,-1.5342093178253948
0.35000000000000014,1.9292000000000005,-0.008859667181933928,20.23318216491479,-0.008876696390716421,-1.579406969348092
0.36000000000000015,1.9843200000000005,-0.009128844237638933,20.239978875021414,-0.00912941397967959,-1.6246059781239117
0.37000000000000016,2.0394400000000004,-0.009399293214784332,20.24678285051624,-0.009381718001545636,-1.6698061072183665
0.38000000000000017,2.0945600000000004,-0.00967104330088514,20.253594078894857,-0.009633579318735652,-1.7150071209138011
0.3900000000000002,2.1496800000000005,-0.009944123556041629,20.26041254779097,-0.009884968842331476,-1.760208784718904
0.4000000000000002,2.2048000000000005,-0.010218562915885188,20.267238244972877,-0.010135857532650283,-1.8054108653785914
0.4100000000000002,2.2599200000000006,-0.010494390194474679,20.274071158340455,-0.010386216399776993,-1.8506131308847913
0.4200000000000002,2.3150400000000007,-0.010771634087131332,20.28091127592176,-0.010636016503827117,-1.8958153504845698
0.4300000000000002,2.3701600000000007,-0.011050323173129595,20.287758585870023,-0.010885228955686665,-1.9410172946890605
0.4400000000000002,2.4252800000000008,-0.01133048591815361,20.294613076460607,-0.011133824917016255,-1.9862187352830767
0.45000000000000023,2.480400000000001,-0.011612150676786115,20.301474736088164,-0.011381775600904254,-2.0314194453316508
0.46000000000000024,2.535520000000001,-0.011895345694820425,20.30834355326362,-0.011629052272018103,-2.0766191991894347
0.47000000000000025,2.590640000000001,-0.012180099111507248,20.31521951661152,-0.011875626246950766,-2.1218177725064393
0.48000000000000026,2.645760000000001,-0.012466438961628773,20.322102614867326,-0.012121468894486676,-2.1670149422361398
0.49000000000000027,2.700880000000001,-0.012754393177521084,20.328992836874605,-0.012366551635772383,-2.2122104866430874
0.5000000000000002,2.756000000000001,-0.013043989591064703,20.335890171582612,-0.012610845944595772,-2.257404185306876
0.5100000000000002,2.811120000000001,-0.013335255935368745,20.34279460804367,-0.012854323347458896,-2.302595819130494
0.5200000000000002,2.8662400000000012,-0.013628219846678502,20.349706135410827,-0.013096955423867962,-2.347785170344698
0.5300000000000002,2.9213600000000013,-0.01392290886588779,20.356624742935352,-0.013338713806342994,-2.392972022514458
0.5400000000000003,2.9764800000000013,-0.014219350440225792,20.36355041996449,-0.013579570180498601,-2.4381561605426754
0.5500000000000003,3.0316000000000014,-0.014517571924659883,20.370483155939116,-0.013819496285211175,-2.483337370676736
0.5600000000000003,3.0867200000000015,-0.014817600583306362,20.37742294039156,-0.014058463912668961,-2.5285154405110593
0.5700000000000003,3.1418400000000015,-0.015119463590864829,20.38436976294343,-0.014296444908264538,-2.5736901589936028
0.5800000000000003,3.1969600000000016,-0.01542318803376208,20.391323613303527,-0.014533411170810306,-2.6188613164273793
0.5900000000000003,3.2520800000000016,-0.0157288009114058,20.398284481265723,-0.014769334652349864,-2.6640287044755073
0.6000000000000003,3.3072000000000017,-0.01603632913731587,20.4052523567071,-0.015004187358250765,-2.709192116164449
0.6100000000000003,3.3623200000000018,-0.016345799540081918,20.41222722958576,-0.015237941347073902,-2.7543513458865867
0.6200000000000003,3.417440000000002,-0.016657238864497992,20.41920908993911,-0.015470568730590495,-2.799506189403645
0.6300000000000003,3.472560000000002,-0.016970673772384898,20.426197927881997,-0.01570204167361483,-2.8446564438481277
0.6400000000000003,3.527680000000002,-0.01728613084346503,20.433193733604714,-0.015932332394045512,-2.889801907727321
0.6500000000000004,3.582800000000002,-0.017603636576204756,20.440196497371417,-0.016161413162563976,-2.9349423809236064
0.6600000000000004,3.637920000000002,-0.017923217388537444,20.447206209518324,-0.016389256302697608,-2.9800776646970975
0.6700000000000004,3.693040000000002,-0.018244899618571814,20.454222860451956,-0.01661583419052476,-3.02520756168733
0.6800000000000004,3.748160000000002,-0.018568709525203675,20.461246440647667,-0.01684111925466747,-3.0703318759139027
0.6900000000000004,3.803280000000002,-0.018894673288704006,20.46827694064781,-0.017065083976005035,-3.115450412778457
0.7000000000000004,3.8584000000000023,-0.019222817011237237,20.475314351060415,-0.017287700887586355,-3.1605629790646064
0.7100000000000004,3.9135200000000023,-0.019553166717443365,20.482358662557395,-0.017508942574430586,-3.205669382939437
0.7200000000000004,3.9686400000000024,-0.01988574835464446,20.489409865873316,-0.017728781673317928,-3.2507694339531317
0.7300000000000004,4.023760000000002,-0.020220587793527145,20.49646795180371,-0.017947190872539376,-3.295862943040035
0.7400000000000004,4.078880000000002,-0.020557710828253806,20.50353291120389,-0.018164142911794134,-3.3409497225175437
0.7500000000000004,4.134000000000001,-0.020897143176772076,20.510604734987314,-0.018379610581917172,-3.3860295860874627
0.7600000000000005,4.189120000000001,-0.021238910481223394,20.5176834141244,-0.01859356672457968,-3.4311023488347043
0.7700000000000005,4.2442400000000005,-0.021583038307943364,20.524768939641156,-0.018805984232200035,-3.4761678272263508
0.7800000000000005,4.29936,-0.021929552147824022,20.53186130261793,-0.01901683604756288,-3.52122583911179
0.7900000000000005,4.35448,-0.022278477416212555,20.53896049418812,-0.01922609516369833,-3.5662762037217774
0.8000000000000005,4.409599999999999,-0.022629839453186862,20.546066505536793,-0.019433734623555132,-3.611318741666997
0.8100000000000005,4.464719999999999,-0.022983663523537423,20.553179327899972,-0.019639727519743244,-3.6563532749368832
0.8200000000000005,4.5198399999999985,-0.02333997481669034,20.560298952562842,-0.019844046994310804,-3.7013796268983215
0.8300000000000005,4.574959999999998,-0.02369879844681838,20.567425370859,-0.020046666238465904,-3.7463976222944675
0.8400000000000005,4.630079999999998,-0.024060159452615887,20.574558574169394,-0.020247558492331286,-3.791407087242797
0.8500000000000005,4.685199999999997,-0.024424082797308094,20.581698553920916,-0.020446697044616324,-3.8364078492325486
0.8600000000000005,4.740319999999997,-0.02479059336847786,20.58884530158567,-0.02064405523244256,-3.8813997371246343
0.8700000000000006,4.795439999999997,-0.025159715977835756,20.59599880867983,-0.020839606440998137,-3.9263825811477964
0.8800000000000006,4.850559999999996,-0.025531475361111583,20.603159066762508,-0.0210333241032597,-3.9713562128971684
0.8900000000000006,4.905679999999996,-0.02590589617771205,20.610326067434933,-0.021225181699787377,-4.016320465331697
0.9000000000000006,4.960799999999995,-0.026283003010541067,20.617499802339537,-0.021415152758407552,-4.0612751727725955
0.9100000000000006,5.015919999999995,-0.02666282036553899,20.624680263158837,-0.021603210853900878,-4.106220170898773
0.9200000000000006,5.071039999999995,-0.027045372671532952,20.631867441614666,-0.021789329607819374,-4.15115529674678
0.9300000000000006,5.126159999999994,-0.027430684279758144,20.639061329467303,-0.021973482688139867,-4.196080388705795
0.9400000000000006,5.181279999999994,-0.027818779463476495,20.64626191851447,-0.022155643809016745,-4.2409952865161875
0.9500000000000006,5.2363999999999935,-0.028209682417550258,20.653469200590738,-0.022335786730539264,-4.285899831266076
0.9600000000000006,5.291519999999993,-0.028603417257958508,20.660683167566436,-0.022513885258388766,-4.330793865387884
0.9700000000000006,5.346639999999993,-0.02900000802140007,20.667903811347042,-0.022689913243625293,-4.3756772326558675
0.9800000000000006,5.401759999999992,-0.029399478664659806,20.675131123872262,-0.02286384458249663,-4.420549778182988
0.9900000000000007,5.456879999999992,-0.029801853064158695,20.68236509711554,-0.023035653215976504,-4.465411348416498
1.0000000000000007,5.511999999999992,-0.03020715501533172,20.68960572308299,-0.023205313129683547,-4.510261791135945
1.0100000000000007,5.567119999999991,-0.030615408232101238,20.69685299381289,-0.02337279835360262,-4.555100955448999
1.0200000000000007,5.622239999999991,-0.031026636346088404,20.70410690137494,-0.02353808296173049,-4.599928691788193
1.0300000000000007,5.67735999999999,-0.03144086290619125,20.7113674378696,-0.023701141071930998,-4.644744851907264
1.0400000000000007,5.73247999999999,-0.03185811137778552,20.718634595427375,-0.0238619468456156,-4.689549288877352
1.0500000000000007,5.78759999999999,-0.03227840514202354,20.725908366208248,-0.02402047448760064,-4.734341857083793
1.0600000000000007,5.842719999999989,-0.03270176749511397,20.733188742400863,-0.024176698245684247,-4.779122412222074
1.0700000000000007,5.897839999999989,-0.03312822164761228,20.74047571622242,-0.02433059241068869,-4.823890811294315
1.0800000000000007,5.9529599999999885,-0.03355779072365064,20.747769279917406,-0.024482131315923028,-4.868646912605099
1.0900000000000007,6.008079999999988,-0.033990497760075344,20.755069425757526,-0.02463128933718639,-4.913390575757943
1.1000000000000008,6.063199999999988,-0.03442636570569882,20.76237614604097,-0.02477804089246799,-4.958121661651328
1.1100000000000008,6.118319999999987,-0.03486541742041058,20.769689433091894,-0.024922360441653912,-5.002840032474892
1.1200000000000008,6.173439999999987,-0.03530767567434814,20.77700927925988,-0.025064222486500642,-5.047545551705409
1.1300000000000008,6.2285599999999866,-0.03575316314697041,20.784335676919447,-0.025203601570223888,-5.092238084102645
1.1400000000000008,6.283679999999986,-0.03620190242620036,20.791668618469544,-0.025340472277449233,-5.136917495705661
1.1500000000000008,6.338799999999986,-0.03665391600741652,20.799008096333182,-0.02547480923390172,-5.181583653828605
1.1600000000000008,6.393919999999985,-0.03710922629259536,20.80635410295678,-0.025606587106278778,-5.226236427057352
1.1700000000000008,6.449039999999985,-0.03756785558919978,20.813706630809875,-0.025735780602083758,-5.270875685244241
1.1800000000000008,6.504159999999985,-0.03802982610935787,20.821065672384677,-0.02586236446935991,-5.315501299505094
1.1900000000000008,6.559279999999984,-0.03849515996869238,20.828431220195505,-0.025986313496581315,-5.360113142214832
1.2000000000000008,6.614399999999984,-0.03896387918531885,20.835803266778555,-0.026107602512472183,-5.404711087003388
1.2100000000000009,6.6695199999999835,-0.039436005678819164,20.843181804691568,-0.0262262063857725,-5.449295008752018
1.2200000000000009,6.724639999999983,-0.039911561269161455,20.850566826513177,-0.02634210002515286,-5.493864783588591
1.2300000000000009,6.779759999999983,-0.040390567675551575,20.85795832484284,-0.026455258379048052,-5.538420288884355
1.2400000000000009,6.834879999999982,-0.04087304651532392,20.865356292300245,-0.026565656435419527,-5.582961403248971
1.2500000000000009,6.889999999999982,-0.041359019302824124,20.872760721525175,-0.02667326922173263,-5.627488006527887
1.260000000000001,6.9451199999999815,-0.041848507448194905,20.880171605177175,-0.0267780718047107,-5.671999979797055
1.270000000000001,7.000239999999981,-0.042341532256267356,20.887588935935018,-0.0268800392902373,-5.716497205359313
1.280000000000001,7.055359999999981,-0.04283811492528217,20.89501270649677,-0.026979146823204403,-5.760979566741113
1.290000000000001,7.11047999999998,-0.04333827654571881,20.902442909579097,-0.027075369587381493,-5.805446948687453
1.300000000000001,7.16559999999998,-0.043842038098991065,20.909879537917462,-0.02716868280533019,-5.849899237159205
1.310000000000001,7.22071999999998,-0.044349420456257505,20.91732258426533,-0.027259061738196366,-5.894336319328577
1.320000000000001,7.275839999999979,-0.04486044437707751,20.924772041394483,-0.02734648168564252,-5.938758083574618
1.330000000000001,7.330959999999979,-0.04537513050814368,20.932227902094397,-0.02743091798576408,-5.983164419481406
1.340000000000001,7.386079999999978,-0.04589349938194312,20.93969015917213,-0.02751234601489616,-6.02755521783186
1.350000000000001,7.441199999999978,-0.04641557141542621,20.94715880545214,-0.027590741187547008,-6.0719303706058465
1.360000000000001,7.496319999999978,-0.04694136690866574,20.954633833776157,-0.027666078956314843,-6.116289770975714
1.370000000000001,7.551439999999977,-0.04747090604340143,20.962115237002774,-0.02773833481172694,-6.160633313302943
1.380000000000001,7.606559999999977,-0.048004208881709476,20.96960300800756,-0.027807484282155293,-6.204960893133984
1.390000000000001,7.6616799999999765,-0.0485412953646118,20.977097139682755,-0.027873502933808192,-6.249272407197702
1.400000000000001,7.716799999999976,-0.04908218531052522,20.98459762493696,-0.027936366370481414,-6.29356775340061
1.410000000000001,7.771919999999976,-0.0496268984139325,20.992104456695387,-0.027996050233515424,-6.337846830824576
1.420000000000001,7.827039999999975,-0.050175454243834655,20.999617627899358,-0.028052530201802928,-6.382109539722948
1.430000000000001,7.882159999999975,-0.050727872242271405,21.00713713150653,-0.02810578199157515,-6.426355781517367
1.440000000000001,7.937279999999975,-0.05128417172275704,21.01466296049044,-0.028155781356332565,-6.47058545879398
1.450000000000001,7.992399999999974,-0.05184437186886798,21.02219510784055,-0.02820250408680136,-6.514798475300829
1.460000000000001,8.047519999999974,-0.05240849173262485,21.029733566562406,-0.02824592601082826,-6.5589947359449265
1.470000000000001,8.102639999999974,-0.05297655023284242,21.037278329677267,-0.02828602299324584,-6.6031741467882865
1.480000000000001,8.157759999999975,-0.05354856615368858,21.044829390222112,-0.028322770935825525,-6.647336615045424
1.490000000000001,8.212879999999975,-0.05412455814296327,21.05238674124964,-0.028356145777194808,-6.691482049080486
1.500000000000001,8.267999999999976,-0.0547045447105409,21.059950375828308,-0.028386123492699755,-6.735610358404337
1.5100000000000011,8.323119999999976,-0.05528854422666857,21.067520287042154,-0.02841268009439124,-6.779721453671623
1.5200000000000011,8.378239999999977,-0.055876574920313976,21.07509646799086,-0.028435791630815832,-6.82381524667814
1.5300000000000011,8.433359999999977,-0.05646865487751948,21.082678911789756,-0.028455434187027062,-6.867891650358161
1.5400000000000011,8.488479999999978,-0.05706480203965794,21.090267611569892,-0.028471583884427276,-6.911950578781723
1.5500000000000012,8.543599999999978,-0.05766503420169722,21.097862560477875,-0.028484216880645508,-6.955991947152413
1.5600000000000012,8.598719999999979,-0.058269369010463895,21.10546375167622,-0.02849330936955541,-7.000015671805044
1.5700000000000012,8.65383999999998,-0.05887782396291835,21.11307117834295,-0.02849883758099192,-7.044021670203092
1.5800000000000012,8.70895999999998,-0.05949041640430705,21.12068483367206,-0.028500777780767594,-7.088009860936143
1.5900000000000012,8.76407999999998,-0.06010716352641879,21.12830471087341,-0.02849910627050467,-7.131980163718726
1.6000000000000012,8.81919999999998,-0.06072808236575536,21.135930803172773,-0.02849379938749219,-7.175932499387053
1.6100000000000012,8.874319999999981,-0.06135318980156562,21.14356310381196,-0.02848483350461739,-7.21986678989788
1.6200000000000012,8.929439999999982,-0.061982502554210034,21.151201606049078,-0.02847218503016158,-7.263782958326628
1.6300000000000012,8.984559999999982,-0.06261603718303499,21.158846303158303,-0.028455830407717653,-7.307680928865167
1.6400000000000012,9.039679999999983,-0.06325381008461972,21.166497188430345,-0.028435746115997362,-7.35156062682039
1.6500000000000012,9.094799999999983,-0.06389583749085098,21.174154255172375,-0.028411908668675656,-7.395421978612874
1.6600000000000013,9.149919999999984,-0.06454213546684914,21.1818174967083,-0.028384294614252847,-7.4392649117747
1.6700000000000013,9.205039999999984,-0.06519271990913075,21.189486906378797,-0.028352880535882363,-7.483089354949045
1.6800000000000013,9.260159999999985,-0.06584760654354663,21.197162477541664,-0.02831764305112816,-7.5268952378880885
1.6900000000000013,9.315279999999985,-0.06650681092331703,21.204844203571795,-0.028278558811831556,-7.570682491452356
1.7000000000000013,9.370399999999986,-0.06717034842697647,21.212532077861507,-0.028235604503843992,-7.614451047608931
1.7100000000000013,9.425519999999986,-0.0678382342562753,21.22022609382083,-0.028188756846928675,-7.658200839431958
1.7200000000000013,9.480639999999987,-0.06851048343417401,21.227926244877406,-0.028137992594346795,-7.7019318011000015
1.7300000000000013,9.535759999999987,-0.06918711080276368,21.235632524477197,-0.02808328853277503,-7.745643867897069
1.7400000000000013,9.590879999999988,-0.06986813102097389,21.243344926084326,-0.028024621481950285,-7.789336976210139
1.7500000000000013,9.645999999999988,-0.07055355856270668,21.2510634431815,-0.027961968294451356,-7.833011063530568
1.7600000000000013,9.701119999999989,-0.07124340771434276,21.258788069270356,-0.02789530585542427,-7.87666606845212
1.7700000000000014,9.75623999999999,-0.07193769257287977,21.266518797871505,-0.027824611082239437,-7.920301930672187
1.7800000000000014,9.81135999999999,-0.07263642704346315,21.274255622525207,-0.027749860924085268,-7.963918590990151
1.7900000000000014,9.86647999999999,-0.07333962483725762,21.28199853679125,-0.027671032361822667,-8.007515991308175
1.8000000000000014,9.92159999999999,-0.07404729946920399,21.289747534249695,-0.027588102407519077,-8.051094074631651
1.8100000000000014,9.976719999999991,-0.07475946425566676,21.297502608500807,-0.027501048104094095,-8.094652785068481
1.8200000000000014,10.031839999999992,-0.07547613231218281,21.305263753165804,-0.027409846524845738,-8.138192067830262
1.8300000000000014,10.086959999999992,-0.07619731655109732,21.313030961886867,-0.027314474773191433,-8.1817118692327
1.8400000000000014,10.142079999999993,-0.07692302967922199,21.320804228327887,-0.027214909982064384,-8.225212136694985
1.8500000000000014,10.197199999999993,-0.07765328419538606,21.328583546174407,-0.02711112931361065,-8.268692818742869
1.8600000000000014,10.252319999999994,-0.07838809238813113,21.336368909134595,-0.027003109958512572,-8.312153865007467
1.8700000000000014,10.307439999999994,-0.07912746633318202,21.34416031093905,-0.02689082913566232,-8.35559522622682
1.8800000000000014,10.362559999999995,-0.0798714178910116,21.351957745341778,-0.026774264091522115,-8.399016854247979
1.8900000000000015,10.417679999999995,-0.08061995870436714,21.35976120612032,-0.02665339209960016,-8.442418702027084
1.9000000000000015,10.472799999999996,-0.08137310019572658,21.367570687076284,-0.026528190459803702,-8.485800723631513
1.9100000000000015,10.527919999999996,-0.08213085356477601,21.375386182036085,-0.026398636497922567,-8.529162874241413
1.9200000000000015,10.583039999999997,-0.08289322978580652,21.383207684850905,-0.026264707564816636,-8.572505110150862
1.9300000000000015,10.638159999999997,-0.08366023960514088,21.391035189397837,-0.026126381035916635,-8.61582738877054
1.9400000000000015,10.693279999999998,-0.0844318935384529,21.398868689579935,-0.025983634310349668,-8.659129668629188
1.9500000000000015,10.748399999999998,-0.08520820186820002,21.406708179326955,-0.02583644481028985,-8.702411909376393
1.9600000000000015,10.803519999999999,-0.08598917464081843,21.4145536525961,-0.025684789980120637,-8.745674071783634
1.9700000000000015,10.85864,-0.08677482166409511,21.422405103372117,-0.02552864728564408,-8.788916117748336
1.9800000000000015,10.91376,-0.0875651525043912,21.430262525668475,-0.0253679942132245,-8.832138010295905
1.9900000000000015,10.96888,-0.088360176483815,21.438125913527585,-0.025202808268831034,-8.875339713581631
2.0000000000000013,11.024000000000001,-0.08915990267747242,21.445995261021547,-0.025033066977090346,-8.918521192894989
2.010000000000001,11.079120000000001,-0.08996433991057734,21.453870562252803,-0.024858747880467325,-8.961682414662304
2.020000000000001,11.134240000000002,-0.09077349675563745,21.46175181135488,-0.02467982853801276,-9.004823346449388
2.0300000000000007,11.189360000000002,-0.0915873815294117,21.469639002493057,-0.024496286524474165,-9.047943956966172
2.0400000000000005,11.244480000000003,-0.09240600229017853,21.47753212986494,-0.02430809942902956,-9.091044216069207
2.0500000000000003,11.299600000000003,-0.09322936683454658,21.48543118770148,-0.02411524485423089,-9.134124094766152
2.06,11.354720000000004,-0.09405748269458472,21.493336170267312,-0.0239177004147057,-9.177183565219476
2.07,11.409840000000004,-0.09489035713468882,21.501247071861926,-0.02371544373596779,-9.22022260075066
2.0799999999999996,11.464960000000005,-0.09572799714861205,21.509163886820218,-0.02350845245304295,-9.263241175844257
2.0899999999999994,11.520080000000005,-0.09657040945621048,21.517086609513363,-0.023296704209064212,-9.306239266153552
2.099999999999999,11.575200000000006,-0.097417600500394,21.52501523434985,-0.02308017665388118,-9.349216848503394
2.109999999999999,11.630320000000006,-0.09826957644390133,21.532949755775874,-0.02285884744258171,-9.392173900896085
2.1199999999999988,11.685440000000007,-0.09912634316606625,21.540890168276732,-0.022632694233828243,-9.435110402517434
2.1299999999999986,11.740560000000007,-0.09998790625960016,21.54883646637737,-0.02240169468838571,-9.478026333740058
2.1399999999999983,11.795680000000008,-0.10085427102720493,21.556788644643433,-0.02216582646729426,-9.520921676130163
2.149999999999998,11.850800000000008,-0.10172544247829202,21.564746697682335,-0.021925067230250173,-9.563796412452747
2.159999999999998,11.905920000000009,-0.10260142532562824,21.572710620143837,-0.021679394633621396,-9.60665052667781
2.1699999999999977,11.96104000000001,-0.10348222398182347,21.58068040672166,-0.021428786328703875,-9.649484003986007
2.1799999999999975,12.01616000000001,-0.10436784255595752,21.588656052153944,-0.021173219959606082,-9.692296830775339
2.1899999999999973,12.07128000000001,-0.1052582848499986,21.59663755122456,-0.020912673161349316,-9.735088994667173
2.199999999999997,12.126400000000011,-0.10615355435533466,21.604624898764236,-0.02064712355764603,-9.777860484513436
2.209999999999997,12.181520000000011,-0.1070536542491273,21.612618089651445,-0.020376548758645363,-9.820611290403486
2.2199999999999966,12.236640000000012,-0.10795858739069428,21.6206171188138,-0.02010092635874794,-9.863341403671356
2.2299999999999964,12.291760000000012,-0.10886835631786138,21.628621981229003,-0.01982023393415716,-9.906050816902193
2.239999999999996,12.346880000000013,-0.10978296324314804,21.63663267192615,-0.019534449040363555,-9.948739523941502
2.249999999999996,12.402000000000013,-0.11070241005012668,21.644649185986825,-0.01924354920963106,-9.991407519902141
2.259999999999996,12.457120000000014,-0.1116266982895478,21.652671518546608,-0.018947511948398055,-10.034054801172084
2.2699999999999956,12.512240000000014,-0.11255582917542564,21.660699664796013,-0.01864631473426953,-10.076681365423799
2.2799999999999954,12.567360000000015,-0.11348980358126715,21.668733619982127,-0.01833993501343234,-10.11928721162212
2.289999999999995,12.622480000000015,-0.11442862203592324,21.676773379409696,-0.018028350197450804,-10.16187234003291
2.299999999999995,12.677600000000016,-0.11537228471981972,21.684818938442696,-0.017711537660309584,-10.20443675223341
2.3099999999999947,12.732720000000016,-0.11632079146066085,21.692870292505585,-0.017389474735180044,-10.24698045112056
2.3199999999999945,12.787840000000017,-0.11727414172951481,21.700927437084914,-0.017062138710999764,-10.289503440920969
2.3299999999999943,12.842960000000017,-0.11823233463650665,21.708990367730614,-0.016729506829192275,-10.332005727201604
2.339999999999994,12.898080000000018,-0.11919536892675414,21.717059080057815,-0.016391556279934272,-10.374487316878637
2.349999999999994,12.953200000000018,-0.12016324297597031,21.725133569748046,-0.016048264198592233,-10.416948218230107
2.3599999999999937,13.008320000000019,-0.12113595478625414,21.733213832551225,-0.015699607661746995,-10.459388440904053
2.3699999999999934,13.06344000000002,-0.12211350198160084,21.741299864286834,-0.015345563683311747,-10.501807995932728
2.3799999999999932,13.11856000000002,-0.12309588180362716,21.749391660846115,-0.014986109210415988,-10.544206895742029
2.389999999999993,13.17368000000002,-0.12408309110698104,21.757489218193285,-0.01462122111903058,-10.586585154164341
2.399999999999993,13.228800000000021,-0.12507512635478668,21.76559253236781,-0.014250876209684349,-10.628942786449835
2.4099999999999926,13.283920000000021,-0.1260719836141292,21.773701599485808,-0.013875051202744515,-10.671279809280534
2.4199999999999924,13.339040000000022,-0.12707365855137553,21.781816415742114,-0.013493722733765035,-10.71359624078149
2.429999999999992,13.394160000000022,-0.12808014642742127,21.789936977412218,-0.013106867348501472,-10.75589210053516
2.439999999999992,13.449280000000023,-0.12909144209289067,21.798063280853924,-0.01271446149785721,-10.79816740959521
2.4499999999999917,13.504400000000023,-0.1301075399834235,21.80619532250983,-0.012316481532577639,-10.840422190499153
2.4599999999999915,13.559520000000024,-0.13112843411465838,21.814333098908936,-0.011912903697744615,-10.882656467284997
2.4699999999999913,13.614640000000025,-0.13215411807732264,21.822476606669063,-0.011503704127247882,-10.924870265503408
2.479999999999991,13.669760000000025,-0.13318458503219546,21.83062584249882,-0.011088858837743243,-10.967063612236034
2.489999999999991,13.724880000000026,-0.13421982770497526,21.838780803200084,-0.010668343722644025,-11.00923653610817
2.4999999999999907,13.780000000000026,-0.1352598383812121,21.846941485669795,-0.010242134545876413,-11.051389067307435
2.5099999999999905,13.835120000000027,-0.13630460890103124,21.85510788690299,-0.009810206935352617,-11.093521237599058
2.5199999999999902,13.890240000000027,-0.1373541306538261,21.863280003994493,-0.009372536376035467,-11.13563308034287
2.52999999999999,13.945360000000028,-0.13840839457294374,21.871457834141967,-0.008929098203236563,-11.177724630511708
2.53999999999999,14.000480000000028,-0.13946739113020593,21.879641374647953,-0.008479867595154233,-11.219795924709016
2.5499999999999896,14.055600000000029,-0.1405311103304916,21.887830622923016,-0.008024819565442765,-11.261847001187467
2.5599999999999894,14.110720000000029,-0.14159954170610925,21.89602557648783,-0.0075639289553933176,-11.30387789986877
2.569999999999989,14.16584000000003,-0.1426726743111746,21.904226232976434,-0.007097170425995225,-11.345888662362428
2.579999999999989,14.22096000000003,-0.1437504967158506,21.912432590138664,-0.006624518449400929,-11.387879331986493
2.5899999999999888,14.27608000000003,-0.14483299700064342,21.920644645843364,-0.006145947300507215,-11.429849953789713
2.5999999999999885,14.331200000000031,-0.14592016275053507,21.928862398081094,-0.005661431047798149,-11.471800574570524
2.6099999999999883,14.386320000000032,-0.1470119810489492,21.93708584496744,-0.005170943544142881,-11.513731242901555
2.619999999999988,14.441440000000032,-0.14810843847188374,21.945314984745952,-0.004674458417245009,-11.555642009151354
2.629999999999988,14.496560000000033,-0.14920952108170626,21.953549815791575,-0.0041719490595514275,-11.597532925508764
2.6399999999999877,14.551680000000033,-0.15031521442108467,21.96179033661375,-0.0036633886180459374,-11.639404046006703
2.6499999999999875,14.606800000000034,-0.15142550350666376,21.970036545860136,-0.003148749983378385,-11.681255426546869
2.6599999999999873,14.661920000000034,-0.1525403728227764,21.9782884423198,-0.002628005779024778,-11.723087124926735
2.669999999999987,14.717040000000035,-0.1536598063150903,21.986546024927282,-0.0021011283494635213,-11.764899200864788
2.679999999999987,14.772160000000035,-0.15478378738402523,21.994809292765833,-0.0015680897484816603,-11.806691716029809
2.6899999999999866,14.827280000000036,-0.15591229887833552,22.003078245071656,-0.0010288617267291134,-11.848464734066916
2.6999999999999864,14.882400000000036,-0.157045323088351,22.011352881237585,-0.0004834157188803867,-11.890218320629312
2.709999999999986,14.937520000000037,-0.15818284173928054,22.01963320081758,6.827716968582642e-05,-11.931952543406616
2.719999999999986,14.992640000000037,-0.15932483598446764,22.02791920353041,0.0006262461767248539,-11.973667472157114
2.7299999999999858,15.047760000000038,-0.16047128639844696,22.03621088926441,0.0011905208973136405,-12.01536317873994
2.7399999999999856,15.102880000000038,-0.16162217296998224,22.04450825808177,0.0017611312988897176,-12.057039737148026
2.7499999999999853,15.158000000000039,-0.16277747509506785,22.052811310223163,0.0023381077366216863,-12.098697223542453
2.759999999999985,15.213120000000039,-0.163937171569721,22.06112004611255,0.0029214809693264843,-12.140335716289114
2.769999999999985,15.26824000000004,-0.16510124058283498,22.069434466362093,0.0035112821763483293,-12.181955295993454
2.7799999999999847,15.32336000000004,-0.166269659708897,22.07775457177719,0.0041075429744988345,-12.223556045541681
2.7899999999999845,15.37848000000004,-0.16744240590050458,22.086080363361702,0.004710295436338219,-12.265138050136823
2.7999999999999843,15.433600000000041,-0.16861945548105947,22.09441184232353,0.0053195721086127246,-12.306701397342007
2.809999999999984,15.488720000000042,-0.16980078413711924,22.102749010079854,0.0059354060316429424,-12.348246177121517
2.819999999999984,15.543840000000042,-0.17098636691084115,22.111091868263383,0.006557830759562622,-12.389772481884894
2.8299999999999836,15.598960000000043,-0.17217617819229092,22.119440418727848,0.007186880381106819,-12.43128040653217
2.8399999999999834,15.654080000000043,-0.17337019171164492,22.12779466355451,0.00782258954153825,-12.472770048501072
2.849999999999983,15.709200000000044,-0.17456838053137258,22.1361546050585,0.008464993465163995,-12.514241507815932
2.859999999999983,15.764320000000044,-0.17577071703832797,22.144520245795256,0.009114127978945008,-12.555694887137387
2.869999999999983,15.819440000000045,-0.17697717293578613,22.152891588567563,0.009770029537079672,-12.597130291815704
2.8799999999999826,15.874560000000045,-0.17818771923534837,22.161268636432517,0.010432735246312719,-12.63854782994518
2.8899999999999824,15.929680000000046,-0.17940232624885472,22.16965139270904,0.011102282892836768,-12.679947612419983
2.899999999999982,15.984800000000046,-0.18062096358025329,22.178039860985415,0.01177871096959443,-12.721329752993627
2.909999999999982,16.039920000000045,-0.18184360011731396,22.18643404512693,0.012462058705488999,-12.762694368339629
2.9199999999999817,16.095040000000044,-0.18307020402338864,22.194833949284494,0.013152366095173118,-12.804041578114889
2.9299999999999815,16.150160000000042,-0.18430074272906105,22.20323957790284,0.013849673930487139,-12.845371505025826
2.9399999999999813,16.20528000000004,-0.1855351829238625,22.211650935729526,0.014554023833139196,-12.886684274897553
2.949999999999981,16.26040000000004,-0.18677349054777542,22.22006802782391,0.015265458288816314,-12.927980016743959
2.959999999999981,16.31552000000004,-0.18801563078290506,22.228490859566897,0.01598402068271848,-12.96925886284316
2.9699999999999807,16.370640000000037,-0.18926156804498992,22.236919436670643,0.016709755336693333,-13.010520948815524
2.9799999999999804,16.425760000000036,-0.19051126597498394,22.24535376518887,0.017442707548157355,-13.051766413702667
2.9899999999999802,16.480880000000035,-0.19176468743068512,22.253793851527597,0.01818292363047752,-13.092995400053061
2.99999999999998,16.536000000000033,-0.193021794478178,22.262239702456526,0.01893045095541457,-13.134208054009088
3.00999999999998,16.591120000000032,-0.19428254838360481,22.270691325120154,0.0196853379973721,-13.175404525400253
3.0199999999999796,16.64624000000003,-0.1955469096047019,22.279148727050178,0.020447634379805624,-13.216584967835873
3.0299999999999794,16.70136000000003,-0.1968148377826307,22.287611916178122,0.02121739092359487,-13.257749538808524
3.039999999999979,16.75648000000003,-0.1980862917336618,22.296080900848303,0.02199465969793407,-13.298898399795272
3.049999999999979,16.811600000000027,-0.19936122944118606,22.304555689831645,0.022779494073388973,-13.340031716369321
3.0599999999999787,16.866720000000026,-0.2006396080476763,22.31303629234003,0.023571948777690865,-13.381149658312797
3.0699999999999785,16.921840000000024,-0.2019213838469019,22.32152271804099,0.024372079954033177,-13.42225239973625
3.0799999999999783,16.976960000000023,-0.20320651227621772,22.330014977073727,0.025179945222411515,-13.463340119204641
3.089999999999978,17.032080000000022,-0.20449494790925898,22.33851308006511,0.02599560374385962,-13.504412999867272
3.099999999999978,17.08720000000002,-0.20578664444857922,22.347017038146817,0.026819116287978284,-13.545471229595728
3.1099999999999777,17.14232000000002,-0.2070815547188979,22.355526862973328,0.027650545303719076,-13.586515001127697
3.1199999999999775,17.197440000000018,-0.2083796306603698,22.364042566740526,0.028489954993898225,-13.62754451221877
3.1299999999999772,17.252560000000017,-0.2096808233225383,22.372564162205382,0.02933741139365631,-13.668559965798659
3.139999999999977,17.307680000000015,-0.21098508285836753,22.38109166270649,0.030192982452615924,-13.709561570140677
3.149999999999977,17.362800000000014,-0.21229235851909528,22.389625082185667,0.03105673812187404,-13.750549539034294
3.1599999999999766,17.417920000000013,-0.21360259864940107,22.398164435210564,0.03192875044511978,-13.791524091970887
3.1699999999999764,17.47304000000001,-0.2149157506832709,22.406709736998533,0.03280909365510687,-13.832485454335892
3.179999999999976,17.52816000000001,-0.21623176114066028,22.415261003441564,0.03369784427509792,-13.873433857612747
3.189999999999976,17.58328000000001,-0.21755057562476526,22.42381825113268,0.03459508122601168,-13.914369539598153
3.1999999999999758,17.638400000000008,-0.2188721388202969,22.432381497393514,0.0355008859394787,-13.95529274462752
3.2099999999999755,17.693520000000007,-0.22019639449283146,22.440950760303497,0.036415342477451706,-13.996203723812611
3.2199999999999753,17.748640000000005,-0.22152328548907713,22.449526058730726,0.03733853765836126,-14.037102735294788
3.229999999999975,17.803760000000004,-0.2228527537386534,22.458107412364136,0.03827056119088895,-14.077990044509201
3.239999999999975,17.858880000000003,-0.2241847402570732,22.466694841747834,0.03921150581535282,-14.118865924465211
3.2499999999999747,17.914,-0.225519185150471,22.475288368317322,0.040161467453621924,-14.15973065604424
3.2599999999999745,17.96912,-0.22685602762201923,22.483888014437433,0.041120545367927475,-14.200584528312111
3.2699999999999743,18.02424,-0.22819520598033363,22.49249380344289,0.04208884232944582,-14.24142783885157
3.279999999999974,18.079359999999998,-0.22953665765029152,22.501105759681035,0.04306646479710857,-14.282260894114797
3.289999999999974,18.134479999999996,-0.23088031918596247,22.50972390855695,0.04405352310789268,-14.323084009794519
3.2999999999999736,18.189599999999995,-0.23222612628685088,22.518348276581698,0.045050131678716576,-14.363897511222255
3.3099999999999734,18.244719999999994,-0.23357401381671494,22.526978891423056,0.04605640922174681,-14.404701733785652
3.319999999999973,18.299839999999993,-0.23492391582641986,22.53561578195967,0.04707247897338018,-14.445497023375971
3.329999999999973,18.35495999999999,-0.23627576558027297,22.54425897833853,0.048098468938352346,-14.486283736862962
3.3399999999999728,18.41007999999999,-0.2376294955870465,22.55290851203611,0.04913451215039194,-14.527062242598253
3.3499999999999726,18.46519999999999,-0.23898503763581838,22.56156441592349,0.05018074695019176,-14.567832920953693
3.3599999999999723,18.520319999999987,-0.24034232283728962,22.570226724335466,0.051237317282766426,-14.608596164893774
3.369999999999972,18.575439999999986,-0.24170128167136534,22.578895473144975,0.052304373015322925,-14.649352380587533
3.379999999999972,18.630559999999985,-0.24306184404167436,22.58757069984167,0.05338207027774394,-14.690101988058972
3.3899999999999717,18.685679999999984,-0.24442393933786927,22.59625244361638,0.054470571827428205,-14.730845421884958
3.3999999999999715,18.740799999999982,-0.24578749650676696,22.60494074545147,0.05557004744049643,-14.771583131941876
3.4099999999999713,18.79591999999998,-0.24715244413318205,22.613635648217297,0.05668067433231072,-14.81231558419986
3.419999999999971,18.85103999999998,-0.24851871053203123,22.62233719677586,0.05780263760896431,-14.853043261579861
3.429999999999971,18.90615999999998,-0.24988622385291584,22.63104543809184,0.0589361307535356,-14.893766664868657
3.4399999999999706,18.961279999999977,-0.2512549121986847,22.639760421351824,0.06008135614964999,-14.934486313701642
3.4499999999999704,19.016399999999976,-0.25262470376003643,22.64848219809259,0.06123852564614801,-14.975202747620784
3.45999999999997,19.071519999999975,-0.2539955269681087,22.657210822339106,0.062407861166647594,-15.015916527208182
3.46999999999997,19.126639999999973,-0.25536731066721996,22.6659463507531,0.06358959536848385,-15.056628235310894
3.47999999999997,19.181759999999972,-0.2567399843108453,22.674688842793536,0.06478397235571048,-15.0973384783561
3.4899999999999696,19.23687999999997,-0.2581134781835672,22.683438360889774,0.06599124845142956,-15.138047887774107
3.4999999999999694,19.29199999999997,-0.25948772365275785,22.69219497062864,0.06721169303580876,-15.178757121529872
3.509999999999969,19.34711999999997,-0.260862653453865,22.700958740957194,0.06844558945608537,-15.21946686578331
3.519999999999969,19.402239999999967,-0.2622382020140465,22.70972974440217,0.06969323601638377,-15.260177836681814
3.5299999999999687,19.457359999999966,-0.2636143058195546,22.718508057308295,0.07095494705525285,-15.300890782303952
3.5399999999999685,19.512479999999965,-0.26499090383292834,22.727293760097094,0.07223105412114039,-15.341606484765938
3.5499999999999683,19.567599999999963,-0.2663679379675491,22.736086937548382,0.07352190725538782,-15.382325762508554
3.559999999999968,19.622719999999962,-0.2677453536270993,22.744887679107062,0.07482787639563904,-15.423049472782736
3.569999999999968,19.67783999999996,-0.2691231003203366,22.753696079217235,0.07614935291220987,-15.46377851435309
3.5799999999999677,19.73295999999996,-0.2705011323620042,22.76251223768761,0.07748675129341787,-15.504513830442153
3.5899999999999674,19.788079999999958,-0.27187940967286306,22.771336260090834,0.0788405109962213,-15.54525641194175
3.5999999999999672,19.843199999999957,-0.27325789869434614,22.780168258200447,0.08021109848222796,-15.586007300915783
3.609999999999967,19.898319999999956,-0.2746365734354484,22.789008350470638,0.08159900946068177,-15.626767594430362
3.619999999999967,19.953439999999954,-0.2760154166729578,22.79785666256236,0.08300477136375156,-15.667538448741839
3.6299999999999666,20.008559999999953,-0.27739442132961123,22.80671332792214,0.08442894608226337,-15.708321083882732
3.6399999999999664,20.06367999999995,-0.2787735920591141,22.81557848841896,0.08587213299470858,-15.749116788689044
3.649999999999966,20.11879999999995,-0.2801529470724859,22.824452295046704,0.08733497232621268,-15.789926926315484
3.659999999999966,20.17391999999995,-0.28153252024642095,22.833334908699342,0.08881814887998735,-15.830752940291006
3.6699999999999657,20.229039999999948,-0.2829123635616423,22.8422265010276,0.09032239618968457,-15.871596361176099
3.6799999999999655,20.284159999999947,-0.2842925499291781,22.851127255387205,0.09184850114787368,-15.91245881388307
3.6899999999999653,20.339279999999945,-0.28567317647302526,22.860037367889092,0.09339730917476985,-15.95334202573069
3.699999999999965,20.394399999999944,-0.2870543683514324,22.86895704856479,0.09496972999982473,-15.994247835315962
3.709999999999965,20.449519999999943,-0.2884362832154558,22.87788652265943,0.09656674414025174,-16.035178202279468
3.7199999999999647,20.50463999999994,-0.2898191164239195,22.886826032069106,0.09818941017323318,-16.076135218062404
3.7299999999999645,20.55975999999994,-0.29120310715802494,22.89577583693864,0.09983887291254046,-16.117121117747146
3.7399999999999642,20.61487999999994,-0.2925885456094164,22.904736217438987,0.10151637261707536,-16.15813829308672
3.749999999999964,20.669999999999938,-0.29397578145274317,22.913707475744538,0.10322325537853572,-16.19918930681821
3.759999999999964,20.725119999999936,-0.2953652338592566,22.92268993823229,0.10496098485546351,-16.24027690836644
3.7699999999999636,20.780239999999935,-0.2967574033652001,22.931683957926342,0.10673115554705381,-16.281404051021784
3.7799999999999634,20.835359999999934,-0.2981528859784272,22.94068991721086,0.10853550782605509,-16.322573910665223
3.789999999999963,20.890479999999933,-0.29955238999377376,22.949708230835093,0.11037594498017778,-16.36378990607324
3.799999999999963,20.94559999999993,-0.30095675609618994,22.958739349231358,0.11225455254355704,-16.40505572078177
3.8099999999999627,21.00071999999993,-0.3023669814643215,22.96778376216089,0.11417362023241429,-16.44637532640123
3.8199999999999625,21.05583999999993,-0.3037842487545214,22.97684200269444,0.11613566683098298,-16.48775300713143
3.8299999999999623,21.110959999999928,-0.305209961052452,22.985914651517284,0.11814346840071116,-16.52919338504188
3.839999999999962,21.166079999999926,-0.30664578413562926,22.99500234152361,0.12020009020372108,-16.570701445365856
3.849999999999962,21.221199999999925,-0.30809369770727657,23.004105762624732,0.12230892272828081,-16.612282560647373
3.8599999999999617,21.276319999999924,-0.3095560576490685,23.013225666634963,0.12447372216959629,-16.653942511941025
3.8699999999999615,21.331439999999922,-0.3110356718107596,23.022362872007616,0.12669865562810861,-16.69568750438206
3.8799999999999613,21.38655999999992,-0.3125358924153104,23.031518268057305,0.12898835110885765,-16.73752417315868
3.889999999999961,21.44167999999992,-0.3140607288103917,23.040692818106457,0.13134795208932576,-16.779459574099537
3.899999999999961,21.49679999999992,-0.31561498502658014,23.049887560701904,0.133783175894447,-16.82150115052121
3.9099999999999606,21.551919999999917,-0.3172044273611143,23.059103607632743,0.136300374269599,-16.863656664375764
3.9199999999999604,21.607039999999916,-0.3188359878897373,23.068342136886656,0.13890659321805832,-16.90593407472499
3.92999999999996,21.662159999999915,-0.3205180102080935,23.077604377857114,0.14160962714817932,-16.94834133972448
3.93999999999996,21.717279999999914,-0.32226054343217636,23.086891584986663,0.1444180593546729,-16.990886109104046
3.9499999999999598,21.772399999999912,-0.3240756888595541,23.09620499455287,0.14734127643943196,-17.03357526223051
3.9599999999999596,21.82751999999991,-0.32597799954563944,23.105545757459872,0.15038943797236637,-17.07641423215868
3.9699999999999593,21.88263999999991,-0.32798492448591005,23.114914838831247,0.15357337396665427,-17.119406039743605
3.979999999999959,21.93775999999991,-0.3301172731432076,23.12431287333294,0.15690437116596412,-17.162549947194726
3.989999999999959,21.992879999999907,-0.3323996483712876,23.133739964531543,0.16039379466719184,-17.205839635698215
3.9999999999999587,22.047999999999906,-0.3348607505640144,23.143195419297133,0.16405247496164188,-17.249260833895622
4.009999999999959,22.103119999999905,-0.33753338670093175,23.152677418024737,0.16788977483536038,-17.292788405148652
4.019999999999959,22.158239999999903,-0.34045392086851284,23.162182643942394,0.17191224150952766,-17.33638309484584
4.0299999999999585,22.213359999999902,-0.3436607835437705,23.17170593663837,0.17612175679496012,-17.379988519038537
4.039999999999958,22.2684799999999,-0.34719154506402944,23.18124009917456,0.18051313606669922,-17.423529612585124
4.049999999999958,22.3235999999999,-0.35107802891345247,23.190776062756637,0.18507121283806655,-17.466914626113986
4.059999999999958,22.3787199999999,-0.35533913069385875,23.20030365230066,0.18976759834962292,-17.51004355449393
4.069999999999958,22.433839999999897,-0.3599716044588064,23.20981310822206,0.19455754626536814,-17.552825717495974
4.079999999999957,22.488959999999896,-0.3649402065725606,23.219297197797744,0.199377707719955,-17.595206594335345
4.089999999999957,22.544079999999894,-0.37017008208320135,23.228753200198646,0.20414603688384914,-17.637197700055196
4.099999999999957,22.599199999999893,-0.37554541684462917,23.238183579199614,0.20876556553311593,-17.67889473445403
4.109999999999957,22.654319999999892,-0.3809179425984698,23.247594362858003,0.21313371866341801,-17.72046500376639
4.119999999999957,22.70943999999989,-0.3861259517877774,23.256991492705346,0.2171574634257858,-17.762094391580792
4.129999999999956,22.76455999999989,-0.3910197276298772,23.266377051219038,0.22077147980965078,-17.80390828483885
4.139999999999956,22.819679999999888,-0.3954854674265917,23.275747800921295,0.22395309396431973,-17.845904419224585
4.149999999999956,22.874799999999887,-0.3994599582852076,23.285096989906464,0.2267270544993676,-17.887936054134656
4.159999999999956,22.929919999999886,-0.40293279099550666,23.294418029710183,0.22915729620185504,-17.92975632106252
4.1699999999999555,22.985039999999884,-0.405938417577192,23.303707609083848,0.2313293025497743,-17.971100314135242
4.179999999999955,23.040159999999883,-0.4085430086125678,23.31296679287078,0.23333065738156483,-18.011765774788557
4.189999999999955,23.09527999999988,-0.4108302500598206,23.322200298044628,0.23523644669340038,-18.051661637068676
4.199999999999955,23.15039999999988,-0.4128882803805073,23.331414943019873,0.23710219992370363,-18.090814298254745
4.209999999999955,23.20551999999988,-0.41479889692401645,23.34061810590905,0.23896336807957957,-18.129340289466036
4.2199999999999545,23.260639999999878,-0.41662992621183786,23.349816572842276,0.24083868653477775,-18.167403388638746
4.229999999999954,23.315759999999877,-0.4184313452214387,23.359015850468804,0.24273493143359093,-18.205173384810273
4.239999999999954,23.370879999999875,-0.4202350290015476,23.368219889168866,0.24465149777677458,-18.24279676933247
4.249999999999954,23.425999999999874,-0.42205724647216836,23.377431120381107,0.24658409058436698,-18.28038197704606
4.259999999999954,23.481119999999873,-0.4239026433208975,23.386650698847355,0.24852734907908303,-18.317996780311706
4.269999999999953,23.53623999999987,-0.42576852149630134,23.39587884547168,0.2504764732554174,-18.35567356547558
4.279999999999953,23.59135999999987,-0.42764857650406374,23.40511520471113,0.25242802436003803,-18.393418417524742
4.289999999999953,23.64647999999987,-0.42953566995120246,23.414359156142243,0.25438011101240693,-18.431220972325647
4.299999999999953,23.701599999999868,-0.43142355622175743,23.423610047050914,0.2563321809206968,-18.469063121145098
4.3099999999999525,23.756719999999866,-0.4333076999648081,23.43286733694494,0.25828461928104307,-18.506925588446364
4.319999999999952,23.811839999999865,-0.4351854234312135,23.442130662793367,0.2602383128028761,-18.544792105315814
4.329999999999952,23.866959999999864,-0.4370556404796706,23.451399844282925,0.2621942830645614,-18.582651385375623
4.339999999999952,23.922079999999863,-0.4389184003640698,23.460674851835478,0.2641534378742318,-18.620497397693743
4.349999999999952,23.97719999999986,-0.44077440624020636,23.46995575823206,0.2661164453241215,-18.65832854362021
4.3599999999999515,24.03231999999986,-0.4426246100533046,23.479242689664147,0.26808370749396226,-18.69614631588647
4.369999999999951,24.08743999999986,-0.4444699295481358,23.48853578596049,0.2700553989875779,-18.73395389675966
4.379999999999951,24.142559999999857,-0.4463110912618875,23.497835174158027,0.27203153586660284,-18.771754989839142
4.389999999999951,24.197679999999856,-0.4481485775253876,23.50714095535409,0.27401204809349733,-18.809553021727623
4.399999999999951,24.252799999999855,-0.44998264424372075,23.516453202190537,0.2759968387877993,-18.847350724610973
4.40999999999995,24.307919999999854,-0.4518133759850661,23.525771963244793,0.2779858232026754,-18.885150031092024
4.41999999999995,24.363039999999852,-0.45364075137248294,23.53509727067905,0.279978947550463,-18.922952177206454
4.42999999999995,24.41815999999985,-0.45546470098901987,23.54442914827727,0.2819761920741152,-18.960757908674207
4.43999999999995,24.47327999999985,-0.4572851490185556,23.553767618056153,0.2839775643489919,-18.99856770614622
4.4499999999999496,24.52839999999985,-0.45910203691179385,23.563112704655406,0.2859830884460132,-19.036381974957543
4.459999999999949,24.583519999999847,-0.46091533184115807,23.572464437496016,0.28799279414300544,-19.074201174206763
4.469999999999949,24.638639999999846,-0.4627250247332768,23.58182285117145,0.29000670860057265,-19.112025882904067
4.479999999999949,24.693759999999845,-0.46453112283515896,23.591187984724982,0.2920248513400913,-19.14985681522617
4.489999999999949,24.748879999999843,-0.4663336408122605,23.60055988044138,0.29404723225399354,-19.187694802895198
4.4999999999999485,24.803999999999842,-0.46813259296968607,23.609938582626498,0.29607385179578233,-19.22554076242759
4.509999999999948,24.85911999999984,-0.46992798781586925,23.619324136657017,0.29810470235403075,-19.263395660949747
4.519999999999948,24.91423999999984,-0.47171982513708344,23.628716588404167,0.3001397699639214,-19.301260488895178
4.529999999999948,24.96935999999984,-0.4735080951120441,23.638115984008763,0.30217903578925037,-19.3391362428899
4.539999999999948,25.024479999999837,-0.47529277873750947,23.64752236991457,0.3042224771030819,-19.377023918432617
4.549999999999947,25.079599999999836,-0.4770738488508964,23.6569357930461,0.3062700677257288,-19.4149245099246
4.559999999999947,25.134719999999835,-0.47885127120607485,23.66635630103338,0.30832177801984967,-19.452839014954655
4.569999999999947,25.189839999999833,-0.48062500527818963,23.67578394241515,0.31037757459824855,-19.490768440076717
4.579999999999947,25.244959999999832,-0.4823950046695691,23.685218766785347,0.3124374198934836,-19.52871380614932
4.589999999999947,25.30007999999983,-0.48416121712947174,23.69466082487708,0.31450127169849196,-19.566676152234752
4.599999999999946,25.35519999999983,-0.4859235842740258,23.704110168593267,0.3165690827374131,-19.60465653781963
4.609999999999946,25.410319999999828,-0.48768204111407604,23.71356685100207,0.3186408002840872,-19.64265604361016
4.619999999999946,25.465439999999827,-0.4894365154832274,23.72303092631472,0.32071636581617124,-19.680675771374815
4.629999999999946,25.520559999999826,-0.4911869274282867,23.732502449858696,0.3227957146795548,-19.718716843321147
4.6399999999999455,25.575679999999824,-0.4929331885906564,23.74198147805424,0.324878775736102,-19.756780401367504
4.649999999999945,25.630799999999823,-0.4946752015822357,23.751468068396264,0.32696547097162026,-19.794867606542315
4.659999999999945,25.685919999999822,-0.49641285934194784,23.76096227944072,0.32905571504866965,-19.832979638571828
4.669999999999945,25.74103999999982,-0.4981460444530608,23.77046417079224,0.3311494147950759,-19.871117695647104
4.679999999999945,25.79615999999982,-0.4998746284001061,23.779973803089852,0.3332464686232753,-19.9092829942981
4.689999999999944,25.851279999999818,-0.5015984707479056,23.78949123798757,0.33534676587771467,-19.947476769285984
4.699999999999944,25.906399999999817,-0.5033174182283856,23.79901653812762,0.3374501861066857,-19.985700273449122
4.709999999999944,25.961519999999815,-0.5050313037251756,23.808549767105532,0.3395565982547952,-20.023954777452865
4.719999999999944,26.016639999999814,-0.5067399451466285,23.81809098942517,0.3416658597687159,-20.062241569415153
4.729999999999944,26.071759999999813,-0.5084431441783753,23.82764027044422,0.34377781560779186,-20.100561954397847
4.739999999999943,26.12687999999981,-0.510140684906177,23.83719767630859,0.34589229714919073,-20.138917253758525
4.749999999999943,26.18199999999981,-0.5118323322968216,23.84676327387594,0.34800912097472275,-20.177308804363918
4.759999999999943,26.23711999999981,-0.513517830522919,23.85633713062567,0.3501280875258416,-20.215737957652042
4.769999999999943,26.292239999999808,-0.5151969011151754,23.865919314556088,0.35224897961063517,-20.2542060785391
4.7799999999999425,26.347359999999806,-0.5168692409227903,23.875509894065516,0.3543715607463739,-20.292714544146136
4.789999999999942,26.402479999999805,-0.5185345198592998,23.88510893781649,0.35649557331672754,-20.33126474232304
4.799999999999942,26.457599999999804,-0.5201923784095356,23.89471651458014,0.35862073652295917,-20.369858069944872
4.809999999999942,26.512719999999803,-0.5218424248683717,23.904332693059764,0.3607467441039809,-20.40849593093352
4.819999999999942,26.5678399999998,-0.5234842322795268,23.91395754168971,0.36287326179653556,-20.447179733984452
4.8299999999999415,26.6229599999998,-0.5251173350373641,23.92359112840799,0.36499992450488855,-20.48591088992699
4.839999999999941,26.6780799999998,-0.526741225109895,23.933233520398986,0.3671263331425574,-20.524690808691243
4.849999999999941,26.733199999999798,-0.5283553478355164,23.942884783803393,0.3692520511062297,-20.56352089579957
4.859999999999941,26.788319999999796,-0.5299590972383972,23.952544983391803,0.3713766003336947,-20.602402548325763
4.869999999999941,26.843439999999795,-0.531551810800633,23.962214182197478,0.37349945689372044,-20.641337150234467
4.87999999999994,26.898559999999794,-0.5331327636188393,23.971892441105247,0.37562004604606725,-20.680326067004607
4.88999999999994,26.953679999999792,-0.534701161863534,23.98157981839072,0.3777377367027414,-20.7193706394335
4.89999999999994,27.00879999999979,-0.5362561354465465,23.991276369206073,0.3798518352112984,-20.758472176487487
4.90999999999994,27.06391999999979,-0.5377967297885342,24.00098214500632,0.3819615783694314,-20.79763194706097
4.9199999999999395,27.11903999999979,-0.5393218965617631,24.010697192911877,0.38406612556806996,-20.83685117047369
4.929999999999939,27.174159999999787,-0.5408304832659588,24.02042155500074,0.3861645499442316,-20.876131005518097
4.939999999999939,27.229279999999786,-0.5423212214732203,24.030155267526073,0.388255828410101,-20.91547253784537
4.949999999999939,27.284399999999785,-0.543792713555055,24.039898360053733,0.39033883040350065,-20.954876765449658
4.959999999999939,27.339519999999784,-0.545243417677402,24.049650854515242,0.39241230518617404,-20.994344581988027
4.9699999999999385,27.394639999999782,-0.546671630820291,24.059412764173512,0.39447486749106936,-21.03387675764657
4.979999999999938,27.44975999999978,-0.5480754695462017,24.069184092499555,0.3965249812943083,-21.073473917246215
4.989999999999938,27.50487999999978,-0.5494528482066773,24.07896483196146,0.39856094145965226,-21.113136515269254
4.999999999999938,27.55999999999978,-0.5508014542399612,24.08875496273166,0.40058085297359164,-21.15286480748877
5.009999999999938,27.56,-0.5519078604994252,24.091789527204924,0.4022500500173917,-21.180939611753615
5.019999999999937,27.50488,-0.5525922341801621,24.086161826806393,0.40329770989031793,-21.18781973955853
5.029999999999937,27.44976,-0.5529896333021609,24.078191833711195,0.40385076661390895,-21.179935374791626
5.039999999999937,27.394640000000003,-0.5531163937127915,24.06947069164317,0.40388357952920073,-21.16342523244167
5.049999999999937,27.339520000000004,-0.5528947061624588,24.060314244361276,0.40336045353872535,-21.141165914192754
5.0599999999999365,27.284400000000005,-0.5523926903229189,24.050954427139303,0.40238849902493745,-21.115056919939942
5.069999999999936,27.229280000000006,-0.5516904984043057,24.041465138356056,0.401070881035337,-21.086310788013655
5.079999999999936,27.174160000000008,-0.5508456656629759,24.03189598873418,0.3995118837505569,-21.05551742743971
5.089999999999936,27.11904000000001,-0.5499027540720842,24.022274393443027,0.3977961928338001,-21.023043437248756
5.099999999999936,27.06392000000001,-0.5488852135283655,24.012617726856714,0.39598398477303914,-20.98913585545672
5.1099999999999355,27.00880000000001,-0.5478091019927431,24.002940948278034,0.39411688023541447,-20.953999049827335
5.119999999999935,26.953680000000013,-0.5466817559443932,23.993251961783706,0.39222092696233535,-20.91781175159677
5.129999999999935,26.898560000000014,-0.5455081505430864,23.983558836484256,0.3903114259445278,-20.88073555305742
5.139999999999935,26.843440000000015,-0.5442892810747479,23.97386517894849,0.38839590462220364,-20.84290993312761
5.149999999999935,26.788320000000017,-0.543025775669836,23.964174873941413,0.38647713377255954,-20.804457918463978
5.159999999999934,26.733200000000018,-0.5417165038397286,23.954489168117448,0.3845547480338639,-20.76548228460851
5.169999999999934,26.67808000000002,-0.5403612357653816,23.944809729209624,0.38262677363338093,-20.726074931881683
5.179999999999934,26.62296000000002,-0.5389591523032625,23.935136650549257,0.38069048135951966,-20.686311980728057
5.189999999999934,26.56784000000002,-0.5375109324626591,23.925470545007332,0.37874294298420685,-20.646263950712118
5.199999999999934,26.512720000000023,-0.536017121850861,23.91581105740437,0.37678156487105036,-20.60598907677283
5.209999999999933,26.457600000000024,-0.5344797978890883,23.906158368958145,0.37480413007840424,-20.565542654023314
5.219999999999933,26.402480000000025,-0.5329009580775341,23.89651205480046,0.3728091690288153,-20.524969876089738
5.229999999999933,26.347360000000027,-0.5312838485344171,23.886872189161156,0.3707957456183206,-20.484313917018127
5.239999999999933,26.292240000000028,-0.5296315026170936,23.877238459867037,0.3687637067125496,-20.443609360673513
5.2499999999999325,26.23712000000003,-0.527947799771802,23.867610982569087,0.36671335865763727,-20.402888964879317
5.259999999999932,26.18200000000003,-0.5262362217234077,23.857989613489174,0.36464562760725905,-20.36217814859807
5.269999999999932,26.126880000000032,-0.5245007050327769,23.848374548455922,0.362561718932234,-20.32150053274275
5.279999999999932,26.071760000000033,-0.5227446363260536,23.838765791686313,0.36046322480330567,-20.280873570312917
5.289999999999932,26.016640000000034,-0.5209715521217643,23.829163597544913,0.35835182178409947,-20.240313021745735
5.299999999999931,25.961520000000036,-0.5191843630909422,23.819568063504768,0.35622935611478723,-20.199829622400884
5.309999999999931,25.906400000000037,-0.5173859381788104,23.809979458524694,0.3540976047726663,-20.15943265726973
5.319999999999931,25.85128000000004,-0.5155785275493424,23.800397914961287,0.35195835620408417,-20.119127483853266
5.329999999999931,25.79616000000004,-0.5137642520302073,23.79082367544825,0.3498132380234854,-20.078918354359377
5.339999999999931,25.74104000000004,-0.5119446847803042,23.78125686284644,0.34766379863049884,-20.03880660096151
5.34999999999993,25.685920000000042,-0.5101212567299466,23.771697667756207,0.3455113915975906,-19.998792832879012
5.35999999999993,25.630800000000043,-0.5082949567052788,23.762146178808976,0.3433572559107311,-19.958875612398433
5.36999999999993,25.575680000000045,-0.5064666595754979,23.75260252580052,0.3412024421859321,-19.919053136298338
5.37999999999993,25.520560000000046,-0.5046369104512207,23.743066755565827,0.33904788673765657,-19.87932226473227
5.3899999999999295,25.465440000000047,-0.502806182590872,23.73353894103172,0.3368943654919439,-19.839679782514473
5.399999999999929,25.41032000000005,-0.5009747197128779,23.724019090828655,0.3347425579707841,-19.800121678023565
5.409999999999929,25.35520000000005,-0.49914273260166575,23.71450723172648,0.33259301811653785,-19.760644068793304
5.419999999999929,25.30008000000005,-0.49731028167276076,23.705003342884627,0.3304462264345808,-19.721242658261865
5.429999999999929,25.244960000000052,-0.49547742268082473,23.695507417445125,0.32830257065086654,-19.681913400028442
5.4399999999999284,25.189840000000054,-0.49364411795901525,23.686019414689024,0.3261623862305127,-19.64265208391785
5.449999999999928,25.134720000000055,-0.4918103418623171,23.676539305451033,0.32402594273421625,-19.603454802779545
5.459999999999928,25.079600000000056,-0.4899760132767545,23.667067037312954,0.32189347415669395,-19.564317635626423
5.469999999999928,25.024480000000057,-0.4881410705137977,23.65760256765077,0.31976516876958744,-19.525236969687786
5.479999999999928,24.96936000000006,-0.48630542015326617,23.648145838364922,0.3176411912109035,-19.486209258541233
5.489999999999927,24.91424000000006,-0.48446898951555545,23.638696799633422,0.31552167468400644,-19.447231240947183
5.499999999999927,24.85912000000006,-0.482631688270011,23.62925539164717,0.31340673671638153,-19.408299757835096
5.509999999999927,24.804000000000062,-0.4807934448432344,23.619821561491747,0.311296473118984,-19.369411899188023
5.519999999999927,24.748880000000064,-0.47895417800487233,23.610395250032628,0.3091909690685294,-19.330564867251017
5.5299999999999265,24.693760000000065,-0.4771138219523645,23.60097640378929,0.3070902944667327,-19.291756074115714
5.539999999999926,24.638640000000066,-0.47527230560266087,23.591564965595246,0.3049945116582888,-19.252983040848008
5.549999999999926,24.583520000000068,-0.4734295697745053,23.5821608828683,0.302903671925375,-19.214243461688863
5.559999999999926,24.52840000000007,-0.4715855523253917,23.572764101019757,0.30081782082787645,-19.175535130635147
5.569999999999926,24.47328000000007,-0.4697401998522321,23.563374569159084,0.29873699561055794,-19.136855983208054
5.5799999999999255,24.41816000000007,-0.46789345717443137,23.55399223548795,0.29666122888168817,-19.098204043628563
5.589999999999925,24.363040000000073,-0.46604527524681094,23.544617051196674,0.29459054673748797,-19.059577451600134
5.599999999999925,24.307920000000074,-0.4641956038115838,23.53524896727697,0.2925249712870415,-19.020974424649225
5.609999999999925,24.252800000000075,-0.46234439670253347,23.52588793715552,0.2904645193243154,-18.982393274948397
5.619999999999925,24.197680000000076,-0.46049160676486023,23.516533914509154,0.2884092040543216,-18.943832382642324
5.629999999999924,24.142560000000078,-0.45863718936897524,23.507186855025353,0.2863590341706706,-18.905290206092264
5.639999999999924,24.08744000000008,-0.45678109892514357,23.49784671491737,0.2843140150282879,-18.866765263040563
5.649999999999924,24.03232000000008,-0.45492329117345587,23.48851345208618,0.2822741480117399,-18.82825613654858
5.659999999999924,23.97720000000008,-0.45306372080105234,23.47918702511882,0.2802394313237816,-18.78976146168037
5.6699999999999235,23.922080000000083,-0.4512023428986185,23.46986739404394,0.27820985955481564,-18.751279928650604
5.679999999999923,23.866960000000084,-0.4493391113272135,23.460554519659546,0.2761854242030191,-18.712810273355657
5.689999999999923,23.811840000000085,-0.44747397960898794,23.451248364015076,0.27416611337767044,-18.67435127873688
5.699999999999923,23.756720000000087,-0.44560689979377843,23.44194888996107,0.27215191212977613,-18.635901767966203
5.709999999999923,23.701600000000088,-0.44373782296618774,23.432656061448878,0.27014280223944337,-18.597460604689584
5.7199999999999225,23.64648000000009,-0.44186669843789805,23.423369843227764,0.26813876241076245,-18.559026688027423
5.729999999999922,23.59136000000009,-0.43999347399307553,23.41409020102416,0.2661397681070889,-18.520598952129983
5.739999999999922,23.53624000000009,-0.4381180952865653,23.404817101335368,0.2641457916461553,-18.48217636240752
5.749999999999922,23.481120000000093,-0.43624050590810143,23.39555051152974,0.2621568020572891,-18.44375791467301
5.759999999999922,23.426000000000094,-0.4343606469037583,23.386290399702773,0.26017276510013254,-18.405342632198003
5.769999999999921,23.370880000000096,-0.43247845671096824,23.37703673472528,0.258193643125332,-18.36692956461081
5.779999999999921,23.315760000000097,-0.43059387074610017,23.36778948613915,0.25621939503125163,-18.328517785498256
5.789999999999921,23.260640000000098,-0.42870682124238496,23.35854862417122,0.25424997611419337,-18.290106391158595
5.799999999999921,23.2055200000001,-0.4268172368635702,23.349314119653013,0.25228533797129976,-18.25169449855416
5.809999999999921,23.1504000000001,-0.4249250424627341,23.340085944012333,0.25032542832916144,-18.213281243970226
5.81999999999992,23.095280000000102,-0.423030158693183,23.330864069205834,0.2483701908964115,-18.174865781178315
5.82999999999992,23.040160000000103,-0.42113250169609806,23.32164846769549,0.24641956516084973,-18.136447280021404
5.83999999999992,22.985040000000104,-0.4192319826859567,23.312439112387757,0.24447348619121023,-18.098024924685422
5.84999999999992,22.929920000000106,-0.4173285075680387,23.303235976597605,0.24253188439353557,-18.059597912205682
5.8599999999999195,22.874800000000107,-0.41542197647921353,23.294039033989627,0.24059468525809857,-18.021165450764833
5.869999999999919,22.81968000000011,-0.41351228333023365,23.284848258532186,0.2386618090649878,-17.982726758101318
5.879999999999919,22.76456000000011,-0.41159931528345733,23.275663624435804,0.2367331705687648,-17.944281059762
5.889999999999919,22.70944000000011,-0.40968295221010226,23.266485106097644,0.2348086786418142,-17.905827587377885
5.899999999999919,22.654320000000112,-0.40776306608570567,23.257312678034346,0.23288823588592233,-17.86736557680085
5.909999999999918,22.599200000000113,-0.4058395203472841,23.248146314815727,0.2309717381989293,-17.828894266198642
5.919999999999918,22.544080000000115,-0.4039121691848959,23.23898599098876,0.22905907429888345,-17.790412894003218
5.929999999999918,22.488960000000116,-0.4019808567780908,23.229831680998164,0.22715012519556826,-17.751920696756528
5.939999999999918,22.433840000000117,-0.40004541645776315,23.22068335909782,0.22524476360788054,-17.713416906785703
5.949999999999918,22.37872000000012,-0.39810566979510786,23.211540999255682,0.22334285331726167,-17.674900749714887
5.959999999999917,22.32360000000012,-0.3961614256016911,23.202404575047527,0.22144424845220828,-17.636371441761124
5.969999999999917,22.26848000000012,-0.39421247883624366,23.19327405954111,0.2195487926936005,-17.597828186796647
5.979999999999917,22.213360000000122,-0.39225860940277724,23.184149425167426,0.21765631839277133,-17.559270173132866
5.989999999999917,22.158240000000124,-0.3902995808303658,23.175030643577514,0.21576664558930309,-17.520696569985137
5.9999999999999165,22.103120000000125,-0.38833513881806864,23.16591768548282,0.2138795809174252,-17.482106523564077
6.009999999999916,22.048000000000126,-0.386365009629918,23.15681052047623,0.21199491638497614,-17.443499152740838
6.019999999999916,21.992880000000127,-0.38438889832055156,23.147709116831223,0.2101124280084395,-17.404873544212148
6.029999999999916,21.93776000000013,-0.38240648677075034,23.138613441274895,0.20823187428390305,-17.366228747090272
6.039999999999916,21.88264000000013,-0.3804174315080699,23.129523458731327,0.2063529944710487,-17.32756376681809
6.0499999999999154,21.82752000000013,-0.3784213612853265,23.1204391320297,0.204475506663568,-17.28887755830656
6.059999999999915,21.772400000000133,-0.3764178743849778,23.111360421571693,0.20259910561433536,-17.25016901815634
6.069999999999915,21.717280000000134,-0.37440653561289333,23.10228728495085,0.20072346027956905,-17.211436975813438
6.079999999999915,21.662160000000135,-0.3723868729402446,23.09321967651568,0.19884821103850087,-17.172680183475126
6.089999999999915,21.607040000000136,-0.3703583737455806,23.084157546866052,0.19697296653936075,-17.13389730452309
6.099999999999914,21.551920000000138,-0.36832048060205314,23.07510084227135,0.195097300111656,-17.095086900223837
6.109999999999914,21.49680000000014,-0.3662725865472582,23.066049503995004,0.1932207456760094,-17.056247414380895
6.119999999999914,21.44168000000014,-0.3642140297634269,23.057003467508135,0.19134279306837115,-17.01737715555901
6.129999999999914,21.38656000000014,-0.3621440875852764,23.047962661570985,0.18946288268156758,-16.978474276417817
6.1399999999999135,21.331440000000143,-0.36006196974071614,23.038927007155177,0.18758039930707615,-16.93953674960298
6.149999999999913,21.276320000000144,-0.3579668107169735,23.02989641617559,0.18569466503910642,-16.900562339516924
6.159999999999913,21.221200000000145,-0.35585766112865425,23.020870789991886,0.18380493107468227,-16.861548569138535
6.169999999999913,21.166080000000147,-0.35373347794901083,23.011850017631886,0.1819103682110848,-16.82249268088946
6.179999999999913,21.110960000000148,-0.35159311344831784,23.002833973676548,0.18001005580209872,-16.783391590300905
6.1899999999999125,21.05584000000015,-0.3494353026655087,22.993822515732955,0.17810296888567967,-16.744241830957048
6.199999999999912,21.00072000000015,-0.34725864922308075,22.98481548140346,0.17618796313636165,-16.705039488834252
6.209999999999912,20.94560000000015,-0.3450616092814822,22.975812684636377,0.17426375722443904,-16.665780123708828
6.219999999999912,20.890480000000153,-0.34284247342195273,22.966813911316187,0.1723289120749414,-16.626458674755597
6.229999999999912,20.835360000000154,-0.34059934625165894,22.957818913914238,0.17038180641550055,-16.587069346762284
6.239999999999911,20.780240000000155,-0.33833012354881087,22.94882740497725,0.16842060787214425,-16.547605472540162
6.249999999999911,20.725120000000157,-0.336032466823241,22.939839049174566,0.16644323871997863,-16.508059346043964
6.259999999999911,20.670000000000158,-0.3337037752787449,22.9308534535551,0.16444733521379296,-16.468422019426693
6.269999999999911,20.61488000000016,-0.3313411553564039,22.921870155579406,0.1624301992126616,-16.42868305569401
6.2799999999999105,20.55976000000016,-0.3289413883616919,22.912888608388847,0.16038874057366825,-16.38883022677705
6.28999999999991,20.504640000000162,-0.3265008972006135,22.903908162650744,0.15831940853345156,-16.348849144738477
6.29999999999991,20.449520000000163,-0.3240157140744057,22.894928044181214,0.1562181100436556,-16.3087228115598
6.30999999999991,20.394400000000164,-0.3214814522664122,22.88594732640323,0.1540801128250328,-16.268431070774533
6.31999999999991,20.339280000000166,-0.31889328711944537,22.876964896568765,0.15189993084667164,-16.227949942623674
6.3299999999999095,20.284160000000167,-0.3162459542806284,22.8679794146138,0.14967119018571695,-16.18725082441998
6.339999999999909,20.229040000000168,-0.3135337777334034,22.85898926360069,0.14738647407928324,-16.146299541180074
6.349999999999909,20.17392000000017,-0.310750746660861,22.849992491109415,0.14503714795836725,-16.105055241446887
6.359999999999909,20.11880000000017,-0.3078906695569387,22.84098674193239,0.14261316923417156,-16.06346915474306
6.369999999999909,20.063680000000172,-0.3049474470364665,22.831969184475167,0.14010289403526172,-16.021483268542397
6.379999999999908,20.008560000000173,-0.30191552205263167,22.822936437065746,0.1374929062683194,-15.979029056353518
6.389999999999908,19.953440000000175,-0.2987905872162032,22.813884506949698,0.13476791670506172,-15.93602651139488
6.399999999999908,19.898320000000176,-0.29557065040535935,22.80480876531073,0.13191081582105962,-15.892383931630787
6.409999999999908,19.843200000000177,-0.29225757270133956,22.79570399723024,0.1289030184775503,-15.847999174850798
6.419999999999908,19.78808000000018,-0.2888591765784324,22.78656458565545,0.12572531243301183,-15.802763442136682
6.429999999999907,19.73296000000018,-0.28539193927017176,22.777384908787358,0.12235950482302921,-15.756568967873521
6.439999999999907,19.67784000000018,-0.2818840781202603,22.768160038356147,0.1187912102433007,-15.709322068537094
6.449999999999907,19.622720000000182,-0.2783784390395717,22.758886797621102,0.11501404771876328,-15.660962407276429
6.459999999999907,19.567600000000184,-0.27493401131599027,22.749565138915216,0.11103516100973004,-15.611487506657276
6.4699999999999065,19.512480000000185,-0.2716242950154647,22.740199609304636,0.10688121012965845,-15.560978179271546
6.479999999999906,19.457360000000186,-0.26853065253487696,22.730800426860437,0.1026028903136954,-15.509616428710713
6.489999999999906,19.402240000000187,-0.26572993489201313,22.72138353461371,0.09827521127123084,-15.457685170577681
6.499999999999906,19.34712000000019,-0.2632784264152489,22.711969155720787,0.09399125228435934,-15.405542562379411
6.509999999999906,19.29200000000019,-0.2611974035046486,22.70257894725095,0.08984951505987299,-15.353573903572974
6.519999999999905,19.23688000000019,-0.2594667549315578,22.69323258986729,0.08593833786808536,-15.302135664169809
6.529999999999905,19.181760000000192,-0.2580301939646344,22.683945008518577,0.08232271400117647,-15.251510243881546
6.539999999999905,19.126640000000194,-0.25680994225753845,22.674725060228475,0.0790376629080568,-15.201883151663212
6.549999999999905,19.071520000000195,-0.2557244549245574,22.66557574026654,0.07608899013426135,-15.153342721356749
6.559999999999905,19.016400000000196,-0.25470266077987463,22.65649536194222,0.07345932302356795,-15.105894835973817
6.569999999999904,18.961280000000198,-0.25369145361725276,22.647479057207125,0.07111627035580931,-15.059484017137198
6.579999999999904,18.9061600000002,-0.25265681606547497,22.63852016141582,0.06902016635424385,-15.014014800191044
6.589999999999904,18.8510400000002,-0.25158091329273935,22.629611300844285,0.06713006020572576,-14.96937025800301
6.599999999999904,18.7959200000002,-0.2504576273425449,22.62074515872873,0.06540762618804807,-14.925426506642525
6.6099999999999035,18.740800000000203,-0.24928821047445493,22.61191496049347,0.06381925611644668,-14.882063076147817
6.619999999999903,18.685680000000204,-0.2480778443026978,22.603114736890433,0.06233681842430805,-14.839169552487146
6.629999999999903,18.630560000000205,-0.24683327204910183,22.594339424350544,0.060937569488673404,-14.79664915212597
6.639999999999903,18.575440000000206,-0.24556135830111403,22.585584855725607,0.059603605080709554,-14.754419983120995
6.649999999999903,18.520320000000208,-0.24426832998061448,22.576847685174407,0.05832112036888737,-14.712414721033207
6.659999999999902,18.46520000000021,-0.2429594625290919,22.568125280250342,0.0570796432788776,-14.670579323772493
6.669999999999902,18.41008000000021,-0.24163902755668476,22.55941560403877,0.05587132989598781,-14.628871268360305
6.679999999999902,18.35496000000021,-0.2403103756138038,22.55071710160217,0.05469036066383598,-14.587257648906867
6.689999999999902,18.299840000000213,-0.23897607519742678,22.542028598481377,0.05353244643545729,-14.545713350383433
6.699999999999902,18.244720000000214,-0.23763806312798544,22.53334921449271,0.052394437631835766,-14.504219416206933
6.709999999999901,18.189600000000215,-0.23629778359056203,22.52467829321893,0.051274022697092136,-14.462761659637447
6.719999999999901,18.134480000000217,-0.23495630645133292,22.51601534599227,0.05016950004721249,-14.421329525431979
6.729999999999901,18.079360000000218,-0.23361442282800482,22.5073600084184,0.04907960839055403,-14.379915183234724
6.739999999999901,18.02424000000022,-0.23227271955115386,22.498712007277973,0.04800340219357746,-14.338512822227381
6.7499999999999005,17.96912000000022,-0.23093163564820948,22.490071135732073,0.04694016134119561,-14.297118112913369
6.7599999999999,17.91400000000022,-0.2295915043073833,22.48143723500334,0.045889326258561014,-14.255727803135626
6.7699999999999,17.858880000000223,-0.22825258353234282,22.472810181000042,0.04485045172114244,-14.214339419096918
6.7799999999999,17.803760000000224,-0.2269150782221297,22.46418987464871,0.04382317421139026,-14.172951046777037
6.7899999999999,17.748640000000226,-0.2255791558841791,22.455576234966863,0.042807188988072564,-14.131561173819298
6.7999999999998995,17.693520000000227,-0.22424495769996786,22.446969194134347,0.04180223405203232,-14.09016857619458
6.809999999999899,17.638400000000228,-0.22291260624710446,22.438368694006897,0.04080807896596028,-14.04877223759495
6.819999999999899,17.58328000000023,-0.22158221084544819,22.429774683658408,0.03982451706456169,-14.007371292465121
6.829999999999899,17.52816000000023,-0.22025387123401324,22.421187117651744,0.03885136001695533,-13.965964985930084
6.839999999999899,17.473040000000232,-0.21892768008647284,22.412605954821657,0.03788843401194292,-13.924552645691678
6.849999999999898,17.417920000000233,-0.21760372472579909,22.404031157414188,0.0369355770579195,-13.883133662334274
6.859999999999898,17.362800000000234,-0.2162820882914946,22.395462690474144,0.03599263704651201,-13.841707475495069
6.869999999999898,17.307680000000236,-0.2149628505351036,22.386900521404215,0.035059470338896004,-13.800273564106638
6.879999999999898,17.252560000000237,-0.2136460883651397,22.37834461964197,0.03413594071050424,-13.758831439449574
6.8899999999998975,17.19744000000024,-0.21233187622363525,22.369794956419184,0.03322191854252854,-13.717380640140492
6.899999999999897,17.14232000000024,-0.21102028635068634,22.36125150457736,0.0323172801849167,-13.67592072845483
6.909999999999897,17.08720000000024,-0.20971138897375607,22.35271423842283,0.031421907440200625,-13.634451287565353
6.919999999999897,17.032080000000242,-0.20840525244741628,22.34418313360992,0.03053568713320859,-13.59297191942165
6.929999999999897,16.976960000000243,-0.20710194335939874,22.335658167043544,0.029658510744576427,-13.551482243069996
6.9399999999998965,16.921840000000245,-0.20580152661449042,22.327139316797055,0.02879027409108853,-13.509981893290401
6.949999999999896,16.866720000000246,-0.20450406550302977,22.318626562040002,0.027930877043116253,-13.46847051946034
6.959999999999896,16.811600000000247,-0.2032096217588516,22.310119882974796,0.027080223270909254,-13.426947784583088
6.969999999999896,16.75648000000025,-0.2019182556099452,22.301619260779994,0.0262382200146975,-13.385413364444481
6.979999999999896,16.70136000000025,-0.2006300258233866,22.293124677558296,0.025404777874866724,-13.343866946864146
6.989999999999895,16.64624000000025,-0.19934498974653264,22.284636116289583,0.024579810619167752,-13.302308231025037
6.999999999999895,16.591120000000252,-0.19806320334481634,22.276153560787243,0.02376323500461741,-13.260736926868635
7.009999999999895,16.536000000000254,-0.1967847212371142,22.2676769956581,0.022954970612945103,-13.219152754540165
7.019999999999895,16.480880000000255,-0.19550959672887225,22.259206406264827,0.02215493969723359,-13.177555443881642
7.0299999999998946,16.425760000000256,-0.1942378818435775,22.250741778691378,0.02136306703977836,-13.135944733962608
7.039999999999894,16.370640000000257,-0.19296962735246936,22.242283099710118,0.02057927981888802,-13.094320372648538
7.049999999999894,16.31552000000026,-0.1917048828030885,22.233830356751717,0.019803507484916716,-13.052682116197825
7.059999999999894,16.26040000000026,-0.19044369654617957,22.225383537876276,0.0190356816439618,-13.011029728889541
7.069999999999894,16.20528000000026,-0.18918611576184535,22.216942631746672,0.018275735949051297,-12.969362982672921
7.0799999999998935,16.150160000000263,-0.187932186484343,22.20850762760326,0.017523605997992686,-12.927681656844648
7.089999999999893,16.095040000000264,-0.18668195362612652,22.200078515240115,0.01677922923752484,-12.885985537743789
7.099999999999893,16.039920000000265,-0.18543546100066416,22.19165528498257,0.016042544872922226,-12.84427441846698
7.109999999999893,15.984800000000265,-0.18419275134471286,22.183237927666063,0.015313493783353949,-12.802548098602477
7.119999999999893,15.929680000000264,-0.18295386633968036,22.1748264346161,0.014592018441678012,-12.760806383978961
7.129999999999892,15.874560000000264,-0.18171884663224508,22.166420797629325,0.013878062839106475,-12.7190490864315
7.139999999999892,15.819440000000263,-0.18048773185419134,22.15802100895556,0.013171572413997967,-12.677276023578315
7.149999999999892,15.764320000000263,-0.17926056064175427,22.149627061280874,0.012472493984468314,-12.635487018614874
7.159999999999892,15.709200000000262,-0.17803737065423747,22.141238947711233,0.011780775684978262,-12.59368190011446
7.169999999999892,15.654080000000262,-0.1768181985919628,22.132856661757447,0.01109636690598681,-12.55186050184534
7.179999999999891,15.598960000000261,-0.1756030802139534,22.12448019732037,0.01041921823691161,-12.510022662594752
7.189999999999891,15.54384000000026,-0.17439205035473931,22.116109548677077,0.009749281412217203,-12.468168226002836
7.199999999999891,15.48872000000026,-0.1731851429408596,22.107744710467706,0.009086509260207098,-12.426297040406867
7.209999999999891,15.43360000000026,-0.17198239100691037,22.099385677682733,0.008430855654113056,-12.384408958692646
7.2199999999998905,15.378480000000259,-0.17078382671105483,22.09103244565115,0.007782275466232558,-12.342503838153924
7.22999999999989,15.323360000000259,-0.16958948135009294,22.082685010028932,0.007140724523873654,-12.30058154035874
7.23999999999989,15.268240000000258,-0.16839938537420973,22.074343366787815,0.006506159567581549,-12.25864193102415
7.24999999999989,15.213120000000258,-0.16721356840127694,22.066007512205303,0.005878538211493867,-12.216684879894194
7.25999999999989,15.158000000000257,-0.16603205923078732,22.057677442854356,0.005257818905542944,-12.174710260627162
7.269999999999889,15.102880000000257,-0.16485488585740152,22.049353155593757,0.004643960899363253,-12.132717950685825
7.279999999999889,15.047760000000256,-0.1636820754842441,22.041034647559044,0.00403692420794638,-12.090707831234957
7.289999999999889,14.992640000000256,-0.162513654535734,22.03272191615384,0.0034366695790453705,-12.04867978704147
7.299999999999889,14.937520000000255,-0.16134964867020438,22.024414959041053,0.0028431584618003325,-12.006633706380859
7.309999999999889,14.882400000000255,-0.16019008279222904,22.01611377413517,0.0022563529769456525,-11.964569480949134
7.319999999999888,14.827280000000254,-0.15903498106453995,22.00781835959418,0.0016762158884184863,-11.92248700577384
7.329999999999888,14.772160000000254,-0.1578843669198291,21.999528713812282,0.0011027105760369471,-11.880386179135655
7.339999999999888,14.717040000000253,-0.15673826307210423,21.991244835412665,0.0005358010096301324,-11.838266902488105
7.349999999999888,14.661920000000253,-0.15559669152793185,21.982966723240615,-2.454827592018871e-05,-11.79612908038363
7.3599999999998875,14.606800000000252,-0.154459673597426,21.97469437635677,-0.0005783722044295225,-11.753972620401747
7.369999999999887,14.551680000000252,-0.1533272299047711,21.9664277940308,-0.0011257051811429664,-11.711797433080914
7.379999999999887,14.496560000000251,-0.1521993803989005,21.958166975735388,-0.0016665811146264198,-11.669603431853304
7.389999999999887,14.44144000000025,-0.1510761443635836,21.94991192114003,-0.0022010334374681917,-11.6273905329803
7.399999999999887,14.38632000000025,-0.1499575404274975,21.941662630105554,-0.0027290951264268837,-11.585158655494721
7.4099999999998865,14.33120000000025,-0.14884358657408164,21.933419102678396,-0.0032507987214387968,-11.542907721140514
7.419999999999886,14.276080000000249,-0.14773430015105146,21.925181339085473,-0.0037661763441474427,-11.500637654319034
7.429999999999886,14.220960000000249,-0.14662969787989608,21.916949339728966,-0.004275259715354307,-11.458348382034297
7.439999999999886,14.165840000000248,-0.1455297958650904,21.908723105181235,-0.004778080172036903,-11.416039833843426
7.449999999999886,14.110720000000248,-0.14443460960306828,21.900502636180278,-0.005274668683442119,-11.373711941805905
7.459999999999885,14.055600000000247,-0.1433441539911836,21.892287933624857,-0.005765055866714497,-11.331364640437027
7.469999999999885,14.000480000000247,-0.14225844333635143,21.884078998570224,-0.006249272001805417,-11.288997866662234
7.479999999999885,13.945360000000246,-0.14117749136348268,21.875875832223723,-0.0067273470458045215,-11.246611559772914
7.489999999999885,13.890240000000246,-0.14010131122406394,21.86767843594042,-0.007199310646709367,-11.204205661384941
7.4999999999998845,13.835120000000245,-0.1390299155040756,21.859486811219384,-0.007665192156651068,-11.16178011539722
7.509999999999884,13.780000000000244,-0.13796331623230038,21.851300959699522,-0.008125020644581593,-11.119334867952835
7.519999999999884,13.724880000000244,-0.13690152488802534,21.843120883155862,-0.008578824908506089,-11.076869867401587
7.529999999999884,13.669760000000243,-0.13584455240886145,21.834946583495864,-0.009026633487208835,-11.034385064263027
7.539999999999884,13.614640000000243,-0.13479240919844632,21.82677806275587,-0.009468474671587623,-10.991880411191586
7.5499999999998835,13.559520000000242,-0.13374510513369312,21.81861532309763,-0.009904376515427804,-10.949355862942872
7.559999999999883,13.504400000000242,-0.13270264957241285,21.8104583668049,-0.010334366845879184,-10.906811376340869
7.569999999999883,13.449280000000241,-0.13166505136027895,21.802307196280367,-0.010758473273415614,-10.864246910245939
7.579999999999883,13.394160000000241,-0.13063231883801352,21.794161814042322,-0.011176723201709482,-10.821662425524814
7.589999999999883,13.33904000000024,-0.12960445984840308,21.786022222721666,-0.011589143836584936,-10.779057885020928
7.599999999999882,13.28392000000024,-0.12858148174302028,21.777888425058915,-0.011995762195265491,-10.73643325352598
7.609999999999882,13.22880000000024,-0.12756339138901382,21.769760423901417,-0.012396605114793346,-10.693788497752424
7.619999999999882,13.173680000000239,-0.1265501951757078,21.761638222200446,-0.012791699260350953,-10.651123586306694
7.629999999999882,13.118560000000238,-0.12554189902109386,21.75352182300855,-0.013181071133202549,-10.608438489663493
7.6399999999998816,13.063440000000238,-0.12453850837816893,21.745411229476893,-0.013564747078431971,-10.565733180141223
7.649999999999881,13.008320000000237,-0.1235400282413597,21.737306444852727,-0.013942753292305932,-10.523007631877848
7.659999999999881,12.953200000000237,-0.12254646315249823,21.729207472476798,-0.014315115829296343,-10.480261820806875
7.669999999999881,12.898080000000236,-0.12155781720704736,21.721114315781072,-0.014681860608949104,-10.437495724635614
7.679999999999881,12.842960000000236,-0.12057409406004072,21.713026978286294,-0.01504301342259523,-10.394709322823244
7.6899999999998805,12.787840000000235,-0.11959529693191412,21.704945463599675,-0.015398599939544066,-10.351902596559071
7.69999999999988,12.732720000000235,-0.11862142861437777,21.69686977541286,-0.015748645713236253,-10.3090755287431
7.70999999999988,12.677600000000234,-0.1176524914760127,21.6887999174995,-0.016093176187133573,-10.26622810396504
7.71999999999988,12.622480000000234,-0.11668848746798141,21.680735893713234,-0.01643221670038919,-10.223360308485939
7.72999999999988,12.567360000000233,-0.11572941812943877,21.672677707985827,-0.016765792493257492,-10.180472130219629
7.739999999999879,12.512240000000233,-0.11477528459301378,21.66462536432503,-0.017093928712406392,-10.137563558713948
7.749999999999879,12.457120000000232,-0.11382608759016993,21.656578866812545,-0.017416650415914225,-10.094634585134333
7.759999999999879,12.402000000000232,-0.11288182745644976,21.6485382196023,-0.017733982578164664,-10.051685202245869
7.769999999999879,12.346880000000231,-0.11194250413663998,21.64050342691865,-0.018045950094492114,-10.0087154043976
7.779999999999879,12.291760000000231,-0.1110081171898813,21.632474493054396,-0.018352577785797186,-9.965725187506797
7.789999999999878,12.23664000000023,-0.11007866579473274,21.62445142236921,-0.01865389040279447,-9.922714549043613
7.799999999999878,12.18152000000023,-0.10915414875406726,21.616434219288003,-0.018949912630185084,-9.879683488014942
7.809999999999878,12.12640000000023,-0.10823456449998503,21.60842288829904,-0.019240669090738516,-9.836632004951923
7.819999999999878,12.071280000000229,-0.10731991109859548,21.60041743395247,-0.019526184349208997,-9.793560101894354
7.8299999999998775,12.016160000000228,-0.1064101862547768,21.59241786085893,-0.019806482915923795,-9.750467782378758
7.839999999999877,11.961040000000228,-0.10550538731684325,21.58442417368775,-0.020081589250490195,-9.707355051423212
7.849999999999877,11.905920000000227,-0.10460551128105924,21.576436377165688,-0.020351527765255728,-9.6642219155172
7.859999999999877,11.850800000000227,-0.10371055479629923,21.56845447607528,-0.020616322828508782,-9.621068382606765
7.869999999999877,11.795680000000226,-0.10282051416836005,21.56047847525365,-0.020875998767882875,-9.57789446208433
7.879999999999876,11.740560000000226,-0.10193538536455549,21.55250837959099,-0.02113057987319683,-9.53470016477702
7.889999999999876,11.685440000000225,-0.10105516401783626,21.544544194029445,-0.02138009039966493,-9.491485502934975
7.899999999999876,11.630320000000225,-0.10017984543121233,21.5365859235615,-0.021624554570512433,-9.448250490220364
7.909999999999876,11.575200000000224,-0.09930942458193642,21.528633573228987,-0.021863996579887746,-9.404995141698135
7.919999999999876,11.520080000000224,-0.09844389612561774,21.520687148121716,-0.02209844059539834,-9.361719473824621
7.929999999999875,11.464960000000223,-0.09758325440036661,21.512746653376396,-0.02232791076072449,-9.318423504438698
7.939999999999875,11.409840000000223,-0.09672749343080131,21.50481209417537,-0.022552431197948086,-9.27510725275178
7.949999999999875,11.354720000000222,-0.09587660693211147,21.496883475745467,-0.022772026010004498,-9.231770739339307
7.959999999999875,11.299600000000222,-0.09503058831377581,21.48896080335708,-0.022986719282848178,-9.188413986131282
7.9699999999998745,11.244480000000221,-0.09418943068379626,21.481044082322853,-0.023196535087683046,-9.145037016404105
7.979999999999874,11.189360000000221,-0.09335312685211636,21.473133317996723,-0.023401497482963662,-9.101639854772646
7.989999999999874,11.13424000000022,-0.0925216693347117,21.465228515773106,-0.023601630516488725,-9.05822252718171
7.999999999999874,11.07912000000022,-0.09169505035714223,21.457329681085522,-0.023796958227182308,-9.014785060899072
8.009999999999874,11.02400000000022,-0.09087326185830047,21.44943681940602,-0.023987504647077496,-8.971327484507947
8.019999999999873,10.968880000000219,-0.09005629549393845,21.441549936243902,-0.02417329380294836,-8.927849827899577
8.029999999999873,10.913760000000218,-0.08924414264038366,21.433669037145187,-0.024354349718154367,-8.884352122266575
8.039999999999873,10.858640000000218,-0.0884367943979528,21.42579412769122,-0.02453069641409711,-8.84083440009667
8.049999999999873,10.803520000000217,-0.0876342415944655,21.41792521349844,-0.024702357911902895,-8.797296695166345
8.059999999999873,10.748400000000217,-0.08683647478866652,21.410062300216882,-0.024869358233895078,-8.753739042534018
8.069999999999872,10.693280000000216,-0.08604348427367867,21.40220539352993,-0.025031721404939755,-8.710161478535635
8.079999999999872,10.638160000000216,-0.0852552600802747,21.39435449915313,-0.025189471453965606,-8.66656404077825
8.089999999999872,10.583040000000215,-0.0844717919802068,21.386509622833735,-0.025342632415145006,-8.622946768134184
8.099999999999872,10.527920000000215,-0.08369306948945093,21.378670770349533,-0.025491228329273696,-8.57930970073716
8.109999999999872,10.472800000000214,-0.08291908187149793,21.370837947508655,-0.025635283244874185,-8.53565287997659
8.119999999999871,10.417680000000214,-0.08214981814045538,21.36301116014846,-0.025774821219411548,-8.491976348493283
8.129999999999871,10.362560000000213,-0.0813852670641445,21.355190414134967,-0.025909866320406205,-8.448280150174856
8.139999999999871,10.307440000000213,-0.08062541716738805,21.3473757153623,-0.0260404426264233,-8.404564330151409
8.14999999999987,10.252320000000212,-0.07987025673482587,21.339567069751894,-0.02616657422818469,-8.360828934791853
8.15999999999987,10.197200000000212,-0.07911977381412763,21.331764483251916,-0.02628828522948734,-8.317074011699928
8.16999999999987,10.142080000000211,-0.0783739562188786,21.323967961836736,-0.026405599748129394,-8.273299609710552
8.17999999999987,10.08696000000021,-0.07763279153154959,21.316177511506282,-0.02651854191678238,-8.229505778886153
8.18999999999987,10.03184000000021,-0.07689626710641237,21.308393138285343,-0.026627135883888597,-8.18569257051447
8.19999999999987,9.97672000000021,-0.07616437007242466,21.30061484822333,-0.026731405814392095,-8.141860037104239
8.20999999999987,9.92160000000021,-0.07543708733603732,21.292842647393392,-0.026831375890584597,-8.098008232383222
8.21999999999987,9.866480000000209,-0.07471440558402234,21.285076541892202,-0.026927070312825263,-8.054137211295139
8.229999999999869,9.811360000000208,-0.07399631128627893,21.277316537839237,-0.02701851330020394,-8.010247029997926
8.239999999999869,9.756240000000208,-0.0732827906984323,21.26956264137642,-0.02710572909123926,-7.966337745859825
8.249999999999869,9.701120000000207,-0.07257382986468705,21.26181485866752,-0.027188741944552786,-7.922409417459478
8.259999999999868,9.646000000000207,-0.07186941462050103,21.25407319589811,-0.027267576139416716,-7.878462104582392
8.269999999999868,9.590880000000206,-0.07116953059507591,21.246337659274424,-0.027342255976350982,-7.834495868219624
8.279999999999868,9.535760000000206,-0.070474163214096,21.238608255023593,-0.027412805777717597,-7.790510770566038
8.289999999999868,9.480640000000205,-0.06978329770223962,21.23088498939302,-0.027479249888233415,-7.746506875019431
8.299999999999867,9.425520000000205,-0.06909691908578303,21.223167868649828,-0.027541612675414884,-7.70248424617866
8.309999999999867,9.370400000000204,-0.06841501219506538,21.215456899080795,-0.027599918530137546,-7.658442949842546
8.319999999999867,9.315280000000204,-0.06773756166694658,21.207752086991725,-0.027654191867064803,-7.6143830530098695
8.329999999999867,9.260160000000203,-0.06706455194733676,21.20005343870727,-0.027704457125061477,-7.570304623876373
8.339999999999867,9.205040000000203,-0.06639596729359462,21.19236096057059,-0.027750738767579997,-7.52620773183679
8.349999999999866,9.149920000000202,-0.06573179177687302,21.18467465894301,-0.02779306128319614,-7.4820924474825015
8.359999999999866,9.094800000000202,-0.06507200928454632,21.17699454020368,-0.02783144918577707,-7.437958842601677
8.369999999999866,9.039680000000201,-0.06441660352256395,21.169320610749473,-0.02786592701501195,-7.393806990179294
8.379999999999866,8.9845600000002,-0.06376555801770031,21.161652876994374,-0.02789651933662257,-7.349636964396607
8.389999999999866,8.9294400000002,-0.06311885611983181,21.15399134536977,-0.02792325074282126,-7.305448840631566
8.399999999999865,8.8743200000002,-0.06247648100433448,21.14633602232356,-0.027946145852475013,-7.261242695458533
8.409999999999865,8.8192000000002,-0.06183841567408366,21.13868691432035,-0.027965229311477102,-7.217018606649373
8.419999999999865,8.764080000000199,-0.061204642961900674,21.1310440278413,-0.027980525793055877,-7.172776653173201
8.429999999999865,8.708960000000198,-0.0605751455325611,21.12340736938355,-0.027992059997945795,-7.128516915197023
8.439999999999864,8.653840000000198,-0.05994990588496171,21.115776945460393,-0.027999856654761124,-7.0842394740869015
8.449999999999864,8.598720000000197,-0.059328906354428,21.10815276260098,-0.028003940520081705,-7.039944412408027
8.459999999999864,8.543600000000197,-0.058712129114534384,21.100534827349918,-0.02800433637885641,-6.995631813926495
8.469999999999864,8.488480000000196,-0.05809955617939916,21.092923146267655,-0.0280010690444617,-6.951301763609558
8.479999999999864,8.433360000000196,-0.05749116940563806,21.085317725929862,-0.027994163359079782,-6.906954347627609
8.489999999999863,8.378240000000195,-0.0568869504943752,21.077718572927484,-0.027983644193718515,-6.862589653354191
8.499999999999863,8.323120000000195,-0.05628688099331913,21.07012569386665,-0.027969536448605725,-6.8182077693690655
8.509999999999863,8.268000000000194,-0.05569094229873192,21.0625390953686,-0.027951865053148006,-6.7738087854581766
8.519999999999863,8.212880000000194,-0.05509911565730749,21.05495878406953,-0.02793065496633146,-6.729392792616437
8.529999999999863,8.157760000000193,-0.05451138216812876,21.04738476662057,-0.027905931176756715,-6.684959883048305
8.539999999999862,8.102640000000193,-0.05392772278464106,21.03981704968764,-0.02787771870281791,-6.640510150170622
8.549999999999862,8.047520000000192,-0.053348118316463855,21.03225563995153,-0.027846042592931608,-6.596043688613438
8.559999999999862,7.992400000000193,-0.052772549431281957,21.02470054410785,-0.027810927925635442,-6.551560594223307
8.569999999999862,7.937280000000193,-0.05220099665662861,21.01715176886684,-0.027772399809761594,-6.507060964064529
8.579999999999862,7.8821600000001935,-0.05163344038177767,21.009609320953615,-0.027730483384542814,-6.46254489642077
8.589999999999861,7.827040000000194,-0.05106986085951043,21.002073207107856,-0.02768520381985018,-6.418012490798399
8.599999999999861,7.771920000000194,-0.05051023820782857,20.994543434084235,-0.027636586316226952,-6.373463847928633
8.60999999999986,7.716800000000195,-0.049954552411737324,20.98702000865199,-0.02758465610512395,-6.328899069769406
8.61999999999986,7.661680000000195,-0.04940278332503287,20.97950293759535,-0.027529438448945176,-6.284318259508304
8.62999999999986,7.606560000000195,-0.04885491067183759,20.971992227713322,-0.027470958641303722,-6.239721521564928
8.63999999999986,7.551440000000196,-0.04831091404844409,20.96448788581988,-0.027409242006961654,-6.19510896159386
8.64999999999986,7.496320000000196,-0.04777077292486684,20.956989918744,-0.02734431390220038,-6.1504806864867945
8.65999999999986,7.4412000000001965,-0.0472344666465431,20.949498333329792,-0.027276199714744653,-6.105836804375866
8.66999999999986,7.386080000000197,-0.04670197443583335,20.942013136436486,-0.027204924864064006,-6.061177424636628
8.67999999999986,7.330960000000197,-0.04617327539374,20.934534334938775,-0.02713051480139317,-6.016502657890248
8.68999999999986,7.275840000000198,-0.04564834850143015,20.9270619357266,-0.027052995009852532,-5.971812616007032
8.699999999999859,7.220720000000198,-0.045127172621712036,20.919595945705616,-0.026972391004709273,-5.927107412109538
8.709999999999859,7.1656000000001985,-0.04460972650060041,20.912136371797164,-0.026888728333365808,-5.882387160575293
8.719999999999859,7.110480000000199,-0.044095988768891425,20.9046832209384,-0.026802032575576173,-5.83765197704003
8.729999999999858,7.055360000000199,-0.04358593794350463,20.897236500082705,-0.02671232934360407,-5.7929019784012805
8.739999999999858,7.0002400000002,-0.043079552429004325,20.88979621619952,-0.02661964428225222,-5.748137282820895
8.749999999999858,6.9451200000002,-0.042576810519037805,20.882362376274767,-0.026524003069145707,-5.703358009729288
8.759999999999858,6.8900000000002,-0.042077690397761464,20.874934987311153,-0.026425431414754008,-5.658564279827587
8.769999999999857,6.834880000000201,-0.04158217014117735,20.86751405632814,-0.02632395506258811,-5.6137562150922165
8.779999999999857,6.779760000000201,-0.041090227718522,20.86009959036231,-0.026219599789396142,-5.568933938777553
8.789999999999857,6.724640000000202,-0.04060184099362843,20.852691596467693,-0.026112391405217927,-5.524097575419069
8.799999999999857,6.669520000000202,-0.04011698772623465,20.845290081715888,-0.026002355753590112,-5.479247250838177
8.809999999999857,6.614400000000202,-0.03963564557327817,20.83789505319644,-0.025889518711723125,-5.434383092143806
8.819999999999856,6.559280000000203,-0.03915779209013398,20.830506518017074,-0.02577390619064407,-5.389505227737456
8.829999999999856,6.504160000000203,-0.03868340473198639,20.823124483304003,-0.025655544135293307,-5.344613787315993
8.839999999999856,6.4490400000002035,-0.038212460854934044,20.815748956202288,-0.02553445852483327,-5.299708901875702
8.849999999999856,6.393920000000204,-0.03774493771723467,20.808379943876226,-0.025410675372697422,-5.254790703715038
8.859999999999856,6.338800000000204,-0.03728081248055193,20.801017453509445,-0.025284220726811135,-5.2098593264392745
8.869999999999855,6.283680000000205,-0.036820062211046195,20.79366149230554,-0.025155120669764663,-5.164914904962598
8.879999999999855,6.228560000000205,-0.03636266388050857,20.786312067488343,-0.025023401319002547,-5.1199575755138165
8.889999999999855,6.173440000000205,-0.03590859436756666,20.778969186302245,-0.024889088826992478,-5.074987475637727
8.899999999999855,6.118320000000206,-0.03545783045866696,20.771632856012783,-0.024752209381451673,-5.030004744200138
8.909999999999854,6.063200000000206,-0.035010348849246364,20.76430308390681,-0.024612789205515684,-4.985009521391088
8.919999999999854,6.008080000000207,-0.03456612614470006,20.756979877293112,-0.02447085455789688,-4.940001948727806
8.929999999999854,5.952960000000207,-0.034125138861403975,20.749663243502802,-0.024326431733149523,-4.894982169059412
8.939999999999854,5.897840000000207,-0.033687363427783334,20.742353189889798,-0.02417954706188724,-4.849950326569607
8.949999999999854,5.842720000000208,-0.03325277618523814,20.735049723831235,-0.02403022691090545,-4.8049065667803585
8.959999999999853,5.787600000000208,-0.03282135338908995,20.72775285272805,-0.023878497683441524,-4.759851036555541
8.969999999999853,5.7324800000002085,-0.03239307120952453,20.7204625840055,-0.02372438581945563,-4.7147838841039995
8.979999999999853,5.677360000000209,-0.03196790573245589,20.713178925113496,-0.023567917795732307,-4.669705258983776
8.989999999999853,5.622240000000209,-0.03154583296047847,20.70590188352747,-0.023409120126221428,-4.62461531210472
8.999999999999853,5.56712000000021,-0.031126828813600016,20.69863146674861,-0.023248019362159922,-4.579514195732314
9.009999999999852,5.51200000000021,-0.030710869130187418,20.691367682304794,-0.023084642092367325,-4.534402063490601
9.019999999999852,5.4568800000002105,-0.03029792966768255,20.68411053775076,-0.02291901494348164,-4.489279070365708
9.029999999999852,5.401760000000211,-0.02988798610341084,20.67686004066906,-0.022751164580149474,-4.444145372709167
9.039999999999852,5.346640000000211,-0.029481014035306313,20.669616198670603,-0.02258111770533694,-4.399001128240866
9.049999999999851,5.291520000000212,-0.029076988982631363,20.66237901939513,-0.022408901060479658,-4.353846496052329
9.059999999999851,5.236400000000212,-0.028675886386721056,20.655148510512255,-0.02223454142584458,-4.308681636609005
9.069999999999851,5.181280000000212,-0.028277681611520777,20.647924679721747,-0.02205806562064322,-4.263506711754887
9.07999999999985,5.126160000000213,-0.027882349944351736,20.640707534754462,-0.0218795005034092,-4.218321884713546
9.08999999999985,5.071040000000213,-0.02748986659648378,20.633497083373115,-0.02169887297215395,-4.173127320092293
9.09999999999985,5.0159200000002135,-0.02710020670368163,20.626293333372807,-0.021516209964678235,-4.127923183883943
9.10999999999985,4.960800000000214,-0.026713345326737026,20.619096292582025,-0.02133153845880492,-4.082709643470314
9.11999999999985,4.905680000000214,-0.02632925745206799,20.611905968863308,-0.021144885472609176,-4.037486867624351
9.12999999999985,4.850560000000215,-0.025947917992158454,20.60472237011408,-0.020956278064700185,-3.9922550265121437
9.13999999999985,4.795440000000215,-0.02556930178600031,20.597545504267504,-0.02076574333450687,-3.9470142916965685
9.14999999999985,4.7403200000002155,-0.02519338359957063,20.590375379293274,-0.020573308422528802,-3.901764836138605
9.15999999999985,4.685200000000216,-0.024820138126200597,20.583212003198547,-0.020379000510468814,-3.8565068341989512
9.169999999999849,4.630080000000216,-0.024449539986929114,20.576055384028884,-0.0201828468216369,-3.8112404616415536
9.179999999999849,4.574960000000217,-0.024081563730890182,20.568905529869106,-0.019984874621208237,-3.765965895634373
9.189999999999849,4.519840000000217,-0.023716183835536087,20.561762448844192,-0.019785111216312712,-3.7206833147517613
9.199999999999848,4.464720000000217,-0.023353374706964414,20.554626149120388,-0.01958358395651788,-3.6753928989756104
9.209999999999848,4.409600000000218,-0.022993110680110063,20.547496638906132,-0.019380320233803372,-3.630094829697836
9.219999999999848,4.354480000000218,-0.022635366018982223,20.540373926453054,-0.019175347483076255,-3.584789289720425
9.229999999999848,4.299360000000219,-0.022280114916837873,20.533258020057065,-0.018968693182281338,-3.5394764632576243
9.239999999999847,4.244240000000219,-0.021927331496232993,20.526148928059428,-0.018760384852582135,-3.4941565359369795
9.249999999999847,4.189120000000219,-0.021576989809172886,20.519046658847834,-0.018550450058703705,-3.4488296947999286
9.259999999999847,4.13400000000022,-0.021229063837121337,20.51195122085759,-0.0183389164091341,-3.403496128303288
9.269999999999847,4.07888000000022,-0.02088352749111111,20.504862622572716,-0.018125811556340465,-3.358156026318787
9.279999999999847,4.0237600000002205,-0.02054035461157802,20.49778087252718,-0.017911163196963564,-3.3128095801342363
9.289999999999846,3.9686400000002204,-0.02019951896840394,20.490705979306107,-0.017694999072048412,-3.2674569824540836
9.299999999999846,3.9135200000002204,-0.01986099426078136,20.48363795154697,-0.01747734696728731,-3.2220984273989086
9.309999999999846,3.8584000000002203,-0.01952475411698093,20.476576797941043,-0.01725823471314769,-3.17673411050543
9.319999999999846,3.8032800000002203,-0.01919077209434536,20.46952252723449,-0.017037690185119414,-3.131364228726491
9.329999999999846,3.74816000000022,-0.018859021678887256,20.46247514822984,-0.01681574130382779,-3.0859889804306713
9.339999999999845,3.69304000000022,-0.018529476285033236,20.455434669787405,-0.016592416035362656,-3.0406085654010035
9.349999999999845,3.63792000000022,-0.018202109255401416,20.448401100826523,-0.01636774239121125,-2.995223184834692
9.359999999999845,3.58280000000022,-0.017876893860300058,20.44137445032728,-0.01614174842861077,-2.9498330413421314
9.369999999999845,3.52768000000022,-0.01755380329740855,20.434354727331694,-0.015914462250543215,-2.9044383389448294
9.379999999999844,3.47256000000022,-0.017232810691227757,20.42734194094548,-0.015685912005988345,-2.8590392830744156
9.389999999999844,3.41744000000022,-0.01691388909263583,20.420336100339455,-0.015456125889925065,-2.813636080570892
9.399999999999844,3.36232000000022,-0.01659701147821696,20.41333721475123,-0.015225132143533548,-2.768228939680664
9.409999999999844,3.3072000000002197,-0.016282150749765745,20.406345293486783,-0.014992959054177524,-2.722818070053661
9.419999999999844,3.2520800000002197,-0.015969279733499847,20.399360345922158,-0.01475963495560445,-2.6774036827418293
9.429999999999843,3.1969600000002196,-0.015658371179356034,20.39238238150528,-0.014525188227894892,-2.63198599019554
9.439999999999843,3.1418400000002196,-0.015349397760199834,20.38541140975758,-0.01428964729753368,-2.5865652062609135
9.449999999999843,3.0867200000002195,-0.015042332070972775,20.37844744027585,-0.014053040637436842,-2.541141546176737
9.459999999999843,3.0316000000002195,-0.014737146627770842,20.37149048273418,-0.013815396767035582,-2.49571522657075
9.469999999999843,2.9764800000002194,-0.014433813866896184,20.364540546885696,-0.0135767442520916,-2.450286465455401
9.479999999999842,2.9213600000002193,-0.01413230614375402,20.357597642564652,-0.013337111704821825,-2.4048554822251855
9.489999999999842,2.8662400000002193,-0.013832595731812891,20.350661779688416,-0.013096527783751977,-2.3594224976498817
9.499999999999842,2.811120000000219,-0.013534654821342168,20.343732968259317,-0.012855021193713956,-2.3139877338721133
9.509999999999842,2.756000000000219,-0.013238455518267495,20.33681121836716,-0.012612620685691966,-2.2685514144012053
9.519999999999841,2.700880000000219,-0.012943969842798692,20.32989654019091,-0.012369355056692288,-2.2231137641080787
9.529999999999841,2.645760000000219,-0.012651169727980693,20.322988944001143,-0.012125253149656234,-2.177675009220241
9.539999999999841,2.590640000000219,-0.012360027018314956,20.31608844016231,-0.011880343853269137,-2.132235377314742
9.54999999999984,2.535520000000219,-0.012070513468151967,20.309195039135012,-0.011634656101724594,-2.0867950973130034
9.55999999999984,2.480400000000219,-0.011782600740060378,20.302308751478375,-0.011388218874573641,-2.0413543994744137
9.56999999999984,2.425280000000219,-0.011496260403094427,20.295429587852464,-0.011141061196435709,-1.9959135153876806
9.57999999999984,2.3701600000002188,-0.011211463931043941,20.288557559020784,-0.010893212136674157,-1.9504726779662929
9.58999999999984,2.3150400000002187,-0.010928182700483013,20.28169267585291,-0.010644700809211094,-1.9050321214383061
9.59999999999984,2.2599200000002186,-0.010646387988745842,20.27483494932718,-0.010395556372034376,-1.8595920813404228
9.60999999999984,2.2048000000002186,-0.010366050971898022,20.2679843905331,-0.010145808027030856,-1.814152794509251
9.61999999999984,2.1496800000002185,-0.010087142722555176,20.261141010674386,-0.009895485019317196,-1.7687144990719141
9.62999999999984,2.0945600000002185,-0.009809634207509355,20.254304821071717,-0.009644616637085102,-1.7232774344380697
9.639999999999839,2.0394400000002184,-0.009533496285401677,20.247475833165673,-0.009393232210897273,-1.677841841290226
9.649999999999839,1.9843200000002184,-0.009258699704138729,20.240654058519617,-0.009141361113384816,-1.6324079615736073
9.659999999999838,1.9292000000002183,-0.008985215098369637,20.23383950882294,-0.008889032758535975,-1.586976038487158
9.669999999999838,1.8740800000002182,-0.00871301298661925,20.227032195894065,-0.008636276601224235,-1.5415463164724004
9.679999999999838,1.8189600000002182,-0.00844206376851292,20.22023213168366,-0.008383122136558396,-1.4961190412024192
9.689999999999838,1.7638400000002181,-0.008172337721709666,20.21343932827818,-0.008129598899243584,-1.4506944595713858
9.699999999999838,1.708720000000218,-0.00790380499877924,20.206653797902998,-0.007875736462818306,-1.4052728196825326
9.709999999999837,1.653600000000218,-0.0076364356240132825,20.19987555292603,-0.007621564439062478,-1.359854370836227
9.719999999999837,1.598480000000218,-0.0073701994899108,20.19310460586136,-0.007367112477080107,-1.3144393635178693
9.729999999999837,1.543360000000218,-0.007105066353639389,20.186340969372832,-0.00711241026250975,-1.269028049384839
9.739999999999837,1.4882400000002178,-0.00684100583340419,20.179584656278003,-0.00685748751673998,-1.2236206812538104
9.749999999999837,1.4331200000002178,-0.006577987404477348,20.17283567955181,-0.006602373995871658,-1.1782175130866916
9.759999999999836,1.3780000000002177,-0.006315980395232845,20.166094052330802,-0.006347099489918517,-1.1328187999770416
9.769999999999836,1.3228800000002177,-0.006054953982878364,20.159359787917033,-0.006091693821628774,-1.0874247981356782
9.779999999999836,1.2677600000002176,-0.005794877189150116,20.15263289978251,-0.00583618684556797,-1.0420357648762653
9.789999999999836,1.2126400000002175,-0.005535718875655127,20.14591340157334,-0.005580608446964119,-0.9966519585992828
9.799999999999836,1.1575200000002175,-0.005277447739174546,20.139201307114348,-0.005324988540568454,-0.9512736387773439
9.809999999999835,1.1024000000002174,-0.0050200323067356445,20.132496630413623,-0.005069357069453384,-0.9059010659393651
9.819999999999835,1.0472800000002174,-0.004763440930351026,20.1257993856671,-0.00481374400375606,-0.8605345016533936
9.829999999999835,0.9921600000002174,-0.004507641781688221,20.11910958726374,-0.004558179339411661,-0.8151742085104883
9.839999999999835,0.9370400000002175,-0.004252602846503917,20.112427249790255,-0.004302693096714272,-0.7698204501074324
9.849999999999834,0.8819200000002175,-0.003998291918774655,20.105752388036283,-0.004047315318968514,-0.7244734910292461
9.859999999999834,0.8268000000002176,-0.003744676594608032,20.099085016999897,-0.003792076071039596,-0.6791335968310909
9.869999999999834,0.7716800000002176,-0.0034917242659697756,20.092425151892776,-0.0035370054377148463,-0.633801034019673
9.879999999999834,0.7165600000002177,-0.0032394021140453866,20.08577280814603,-0.003282133522267361,-0.5884760700357948
9.889999999999834,0.6614400000002177,-0.0029876771024169857,20.079128001415864,-0.0030274904447087914,-0.5431589732330637
9.899999999999833,0.6063200000002178,-0.002736515969953446,20.07249074758959,-0.002773106340165643,-0.49785001286011904
9.909999999999833,0.5512000000002178,-0.0024858852233172746,20.06586106279179,-0.0025190113570074946,-0.4525494590401681
9.919999999999833,0.49608000000021785,-0.0022357511292641075,20.059238963390566,-0.0022652356551289277,-0.4072575827503879
9.929999999999833,0.44096000000021784,-0.001986079706645494,20.052624466004122,-0.002011809404041054,-0.36197465580166305
9.939999999999833,0.38584000000021784,-0.0017368367179347866,20.046017587507404,-0.0017587627808788864,-0.31670095081708266
9.949999999999832,0.33072000000021784,-0.0014879876605614628,20.039418345039067,-0.0015061259684825967,-0.2714367412109538
9.959999999999832,0.27560000000021784,-0.0012394977578403799,20.03282675600878,-0.0012539291531075136,-0.22618230116667998
9.969999999999832,0.22048000000021784,-0.000991331949468377,20.026242838104253,-0.001002202522607576,-0.18093790561494677
9.979999999999832,0.16536000000021783,-0.0007434548817537578,20.019666609299268,-0.0007509762639205664,-0.13570383021055532
9.989999999999831,0.11024000000021783,-0.0004958308973418979,20.013098087861067,-0.0005002805609588545,-0.09048035131027853
9.999999999999831,0.055120000000217835,-0.00024842402446112466,20.006537292358868,-0.0002501455921897766,-0.04526774594933277
10.009999999999831,2.1783963521926353e-13,-1.1979660325955876e-06,19.999984241671942,-6.015282340010586e-07,-6.629181748253523e-05
0.0,0,1.6653345369377348e-16,20.0,-2.7755575615628914e-16,0.0
0.01,0.055119999999999995,-0.00024319752895318736,20.006846070624462,-0.00023912861638653027,-0.04669844678163705
0.02,0.11023999999999999,-0.0005428985730938085,20.014029155375226,-0.0005333189515731585,-0.09834807894432131
0.0,0,1.6653345369377348e-16,20.0,-2.7755575615628914e-16,0.0
0.01,0.055119999999999995,-0.00024319752895318736,20.006846070624462,-0.00023912861638653027,-0.04669844678163705
0.02,0.11023999999999999,-0.0005428985730938085,20.014029155375226,-0.0005333189515731585,-0.09834807894432142
0.03,0.16535999999999998,-0.0008250922250506165,20.021085848151372,-0.000811833477656343,-0.1480290661000103
0.04,0.22047999999999998,-0.0010984515165325393,20.02813278973743,-0.0010821466008574254,-0.19725332698571454
0.05,0.27559999999999996,-0.0013721048856460416,20.035191411374154,-0.0013531397078366814,-0.2465391402158516
0.060000000000000005,0.33071999999999996,-0.0016469719784717451,20.042259815385066,-0.0016256542028040277,-0.2958661526787797
0.07,0.38583999999999996,-0.0019223859085107375,20.04933706515473,-0.0018989390410295015,-0.3452045833791325
0.08,0.44095999999999996,-0.0021981734966685096,20.056423113058717,-0.002172740643220261,-0.39455145948823767
0.09,0.49607999999999997,-0.0024744054266535587,20.063517969428197,-0.0024470485313832224,-0.44390768721743123
0.09999999999999999,0.5511999999999999,-0.002751150981631645,20.070621615718657,-0.002721849677093935,-0.4932732641398684
0.10999999999999999,0.6063199999999999,-0.003028455813580855,20.0777340279256,-0.002997107845592928,-0.5426478407948779
0.11999999999999998,0.6614399999999998,-0.0033063609056517285,20.084855183025994,-0.003272782790159523,-0.5920310650818867
0.12999999999999998,0.7165599999999998,-0.0035849082351097628,20.09198505869322,-0.003548835706381037,-0.6414226065029324
0.13999999999999999,0.7716799999999997,-0.003864140076543565,20.099123632959493,-0.003825228467624786,-0.690822139864075
0.15,0.8267999999999996,-0.004144098352914571,20.106270884180198,-0.00410192298247819,-0.7402293405909183
0.16,0.8819199999999996,-0.0044248245886699955,20.113426791036524,-0.004378881147102609,-0.7896438849194687
0.17,0.9370399999999995,-0.004706359971261509,20.120591332528505,-0.004656064897303747,-0.8390654503123043
0.18000000000000002,0.9921599999999995,-0.004988745377122017,20.12776448796637,-0.004933436224354271,-0.8884937155590344
0.19000000000000003,1.0472799999999995,-0.0052720213801557,20.13494623696134,-0.005210957175168285,-0.937928360786489
0.20000000000000004,1.1023999999999996,-0.005556228259987583,20.142136559417423,-0.005488589852404802,-0.9873690674768297
0.21000000000000005,1.1575199999999997,-0.005841406011282468,20.14933543552324,-0.00576629641608134,-1.0368155184927856
0.22000000000000006,1.2126399999999997,-0.006127594352947352,20.156542845744063,-0.006044039085614794,-1.0862673981036182
0.23000000000000007,1.2677599999999998,-0.006414832736929721,20.163758770814308,-0.006321780141177902,-1.1357243920112392
0.24000000000000007,1.3228799999999998,-0.006703160356503257,20.17098319173016,-0.006599481925482098,-1.1851861873732528
0.25000000000000006,1.378,-0.006992616154193776,20.17821608974236,-0.006877106845018854,-1.234652472827286
0.26000000000000006,1.43312,-0.00728323882949472,20.18545744634909,-0.007154617371648908,-1.2841229385125579
0.2700000000000001,1.48824,-0.007575066846059297,20.192707243289586,-0.007431976043678068,-1.3335972760924617
0.2800000000000001,1.54336,-0.007868138438752559,20.199965462537357,-0.007709145467316991,-1.383075178775841
0.2900000000000001,1.5984800000000001,-0.008162491620264611,20.207232086293757,-0.00798608831769243,-1.432556341337403
0.3000000000000001,1.6536000000000002,-0.008458164187506223,20.214507096982096,-0.00826276733995035,-1.4820404601373365
0.3100000000000001,1.7087200000000002,-0.008755193727698674,20.22179047724139,-0.008539145350386412,-1.5315272331403016
0.3200000000000001,1.7638400000000003,-0.009053617624218413,20.22908220992087,-0.008815185237223633,-1.5810163599344005
0.3300000000000001,1.8189600000000004,-0.009353473062139572,20.23638227807399,-0.00909084996172732,-1.6305075417487427
0.34000000000000014,1.8740800000000004,-0.009654797033617546,20.243690664953263,-0.009366102558810874,-1.680000481470494
0.35000000000000014,1.9292000000000005,-0.009957626342877612,20.251007354004745,-0.009640906137978522,-1.7294948836606716
0.36000000000000015,1.9843200000000005,-0.010261997611168139,20.258332328862977,-0.009915223883932012,-1.7789904545711754
0.37000000000000016,2.0394400000000004,-0.01056794728128152,20.26566557334594,-0.01018901905726105,-1.8284869021590742
0.38000000000000017,2.0945600000000004,-0.01087551162211825,20.27300707145018,-0.010462254995034559,-1.8779839361011326
0.3900000000000002,2.1496800000000005,-0.011184726732782757,20.28035680734604,-0.010734895111363996,-1.927481267807815
0.4000000000000002,2.2048000000000005,-0.011495628546662418,20.287714765373156,-0.011006902897858606,-1.9769786104362506
0.4100000000000002,2.2599200000000006,-0.011808252835326993,20.29508093003592,-0.011278241924038312,-2.0264756789040668
0.4200000000000002,2.3150400000000007,-0.012122635212016952,20.302455285999088,-0.01154887583782388,-2.0759721898997867
0.4300000000000002,2.3701600000000007,-0.01243881113534051,20.30983781808355,-0.011818768365788601,-2.1254678618950815
0.4400000000000002,2.4252800000000008,-0.012756815912413205,20.317228511262396,-0.012087883313412484,-2.174962415155974
0.45000000000000023,2.480400000000001,-0.013076684702120756,20.32462735065662,-0.012356184565511241,-2.224455571752336
0.46000000000000024,2.535520000000001,-0.013398452517981885,20.33203432153151,-0.01262363608625594,-2.2739470555683887
0.47000000000000025,2.590640000000001,-0.013722154231235545,20.339449409292722,-0.012890201919430577,-2.323436592311667
0.48000000000000026,2.645760000000001,-0.014047824573273221,20.346872599482587,-0.01315584618855642,-2.3729239095210266
0.49000000000000027,2.700880000000001,-0.014375498138389481,20.354303877776548,-0.013420533096939025,-2.422408736576281
0.5000000000000002,2.756000000000001,-0.014705209386103812,20.3617432299797,-0.013684226927772825,-2.4718908047042087
0.5100000000000002,2.811120000000001,-0.015036992643544633,20.369190642023433,-0.01394689204412708,-2.5213698469867967
0.5200000000000002,2.8662400000000012,-0.015370882107588246,20.37664609996205,-0.014208492888941882,-2.5708455983672556
0.5300000000000002,2.9213600000000013,-0.01570691184685158,20.38410958996956,-0.014468993984945167,-2.6203177956563612
0.5400000000000003,2.9764800000000013,-0.016045115803719562,20.391581098336665,-0.01472835993466065,-2.669786177538296
0.5500000000000003,3.0316000000000014,-0.016385527796135724,20.399060611467586,-0.014986555420159142,-2.719250484575419
0.5600000000000003,3.0867200000000015,-0.016728181519260837,20.40654811587708,-0.015243545203103392,-2.768710459213628
0.5700000000000003,3.1418400000000015,-0.017073110547142667,20.414043598187753,-0.01549929412440404,-2.818165845785744
0.5800000000000003,3.1969600000000016,-0.017420348334225316,20.421547045127095,-0.015753767104158378,-2.8676163905167393
0.5900000000000003,3.2520800000000016,-0.017769928216677944,20.42905844352466,-0.01600692914136609,-2.9170618415253498
0.6000000000000003,3.3072000000000017,-0.018121883413797335,20.436577780309733,-0.016258745313781964,-2.9665019488294604
0.6100000000000003,3.3623200000000018,-0.01847624702915282,20.444105042508358,-0.016509180777582677,-3.0159364643462547
0.6200000000000003,3.417440000000002,-0.01883305205170846,20.45164021724108,-0.01675820076709028,-3.065365141896151
0.6300000000000003,3.472560000000002,-0.01919233135691617,20.45918329172035,-0.01700577059453906,-3.114787737204363
0.6400000000000003,3.527680000000002,-0.01955411770760257,20.466734253248248,-0.017251855649752623,-3.164204007902062
0.6500000000000004,3.582800000000002,-0.019918443754883303,20.474293089214033,-0.01749642139975577,-3.2136137135274985
0.6600000000000004,3.637920000000002,-0.020285342038954046,20.48185978709197,-0.017739433388540227,-3.2630166155274707
0.6700000000000004,3.693040000000002,-0.02065484498971018,20.48943433443907,-0.01798085723658155,-3.312412477256545
0.6800000000000004,3.748160000000002,-0.021026984927511205,20.497016718892958,-0.018220658640601795,-3.3618010639789278
0.6900000000000004,3.803280000000002,-0.021401794063654528,20.504606928169775,-0.018458803373121613,-3.411182142866532
0.7000000000000004,3.8584000000000023,-0.021779304500867125,20.51220495006219,-0.018695257282052125,-3.4605554829996006
0.7100000000000004,3.9135200000000023,-0.02215954823375546,20.519810772437314,-0.018929986290404544,-3.509920855365299
0.7200000000000004,3.9686400000000024,-0.022542557149163006,20.527424383234873,-0.019162956395709974,-3.5592780328571325
0.7300000000000004,4.023760000000002,-0.02292836302638146,20.535045770465235,-0.01939413366978371,-3.608626790273301
0.7400000000000004,4.078880000000002,-0.023316997537449258,20.542674922207695,-0.019623484258193158,-3.657966904315137
0.7500000000000004,4.134000000000001,-0.02370849224727617,20.550311826608535,-0.019850974379880204,-3.707298153585019
0.7600000000000005,4.189120000000001,-0.024102878613726647,20.557956471879418,-0.02007657032672272,-3.756620318584872
0.7700000000000005,4.2442400000000005,-0.02450018798765219,20.56560884629566,-0.020300238463055953,-3.8059331817129176
0.7800000000000005,4.29936,-0.02490045161291607,20.57326893819464,-0.02052194522534928,-3.855236527261327
0.7900000000000005,4.35448,-0.025303700626242265,20.580936735974003,-0.020741657121651935,-3.9045301414141007
0.8000000000000005,4.409599999999999,-0.025709966057102546,20.588612228090337,-0.0209593407311488,-3.9538138122426965
0.8100000000000005,4.464719999999999,-0.026119278827573755,20.596295403057574,-0.02117496270382435,-4.003087329704394
0.8200000000000005,4.5198399999999985,-0.026531669751979764,20.60398624944535,-0.021388489759993856,-4.052350485637162
0.8300000000000005,4.574959999999998,-0.026947169536728377,20.61168475587791,-0.02159988868976659,-4.1016030737572144
0.8400000000000005,4.630079999999998,-0.027365808779844236,20.619390911032447,-0.021809126352678454,-4.150844889654804
0.8500000000000005,4.685199999999997,-0.027787617970650713,20.62710470363776,-0.022016169677304964,-4.200075730789972
0.8600000000000005,4.740319999999997,-0.028212627489271808,20.63482612247305,-0.02222098566070463,-4.2492953964888445
0.8700000000000006,4.795439999999997,-0.028640867606138654,20.642555156366562,-0.022423541368102373,-4.298503687938974
0.8800000000000006,4.850559999999996,-0.029072368481496108,20.650291794194345,-0.022623803932395936,-4.347700408184977
0.8900000000000006,4.905679999999996,-0.029507160164766177,20.658036024878967,-0.022821740553789438,-4.3968853621239425
0.9000000000000006,4.960799999999995,-0.02994527259386026,20.665787837388585,-0.02301731849929678,-4.446058356500892
0.9100000000000006,5.015919999999995,-0.03038673559460406,20.673547220735355,-0.023210505102367884,-4.4952191999030475
0.9200000000000006,5.071039999999995,-0.030831578879987193,20.681314163974776,-0.02340126776252338,-4.544367702756416
0.9300000000000006,5.126159999999994,-0.0312798320493283,20.689088656204373,-0.023589573944905462,-4.593503677319137
0.9400000000000006,5.181279999999994,-0.03173152458752554,20.69687068656263,-0.02377539117990285,-4.642626937677154
0.9500000000000006,5.2363999999999935,-0.032186685864189546,20.704660244227977,-0.02395868706273596,-4.691737299738486
0.9600000000000006,5.291519999999993,-0.032645345132733344,20.712457318417925,-0.024139429253124123,-4.7408345812284995
0.9700000000000006,5.346639999999993,-0.03310753152945095,20.720261898387978,-0.024317585474859904,-4.78991860168325
0.9800000000000006,5.401759999999992,-0.03357327407259508,20.72807397343074,-0.02449312351551719,-4.838989182445955
0.9900000000000007,5.456879999999992,-0.034042601661291444,20.73589353287491,-0.024666011225993545,-4.888046146658415
1.0000000000000007,5.511999999999992,-0.034515543074456506,20.74372056608465,-0.024836216520255472,-4.937089319258158
1.0100000000000007,5.567119999999991,-0.034992126969847714,20.751555062458454,-0.02500370737497426,-4.986118526971137
1.0200000000000007,5.622239999999991,-0.03547238188280949,20.759397011428483,-0.025168451829151395,-5.035133598307043
1.0300000000000007,5.67735999999999,-0.0359563362251705,20.767246402459747,-0.02533041798384894,-5.084134363551362
1.0400000000000007,5.73247999999999,-0.03644401828404342,20.775103225049207,-0.025489574001844872,-5.133120654762246
1.0500000000000007,5.78759999999999,-0.03693545622052136,20.782967468725314,-0.02564588810734081,-5.182092305762851
1.0600000000000007,5.842719999999989,-0.03743067806853573,20.790839123046883,-0.025799328585734915,-5.2310491521359035
1.0700000000000007,5.897839999999989,-0.0379297117334399,20.798718177602815,-0.02594986378319103,-5.27999103121733
1.0800000000000007,5.9529599999999885,-0.03843258499071597,20.806604622011037,-0.026097462106460356,-5.328917782091012
1.0900000000000007,6.008079999999988,-0.03893932548454812,20.814498445918154,-0.026242092022631447,-5.377829245582486
1.1000000000000008,6.063199999999988,-0.03944996072651821,20.822399638998558,-0.02638372205883388,-5.426725264252767
1.1100000000000008,6.118319999999987,-0.039964518094077306,20.830308190954128,-0.02652232080198791,-5.47560568239236
1.1200000000000008,6.173439999999987,-0.040483024829091246,20.83822409151329,-0.026657856898592625,-5.524470346015788
1.1300000000000008,6.2285599999999866,-0.04100550803633066,20.84614733043078,-0.026790299054463895,-5.573319102854891
1.1400000000000008,6.283679999999986,-0.04153199468194696,20.85407789748686,-0.026919616034576432,-5.622151802353212
1.1500000000000008,6.338799999999986,-0.04206251159188909,20.862015782486917,-0.027045776662757703,-5.670968295660429
1.1600000000000008,6.393919999999985,-0.04259708545026877,20.869960975260938,-0.02716874982162426,-5.719768435625792
1.1700000000000008,6.449039999999985,-0.0431357427978081,20.877913465663084,-0.02728850445222486,-5.768552076792502
1.1800000000000008,6.504159999999985,-0.04367851003010492,20.885873243571147,-0.02740500955396663,-5.817319075392073
1.1900000000000008,6.559279999999984,-0.044225413395908575,20.89384029888614,-0.02751823418444399,-5.86606928933862
1.2000000000000008,6.614399999999984,-0.04477647899545406,20.90181462153193,-0.027628147459234753,-5.914802578221994
1.2100000000000009,6.6695199999999835,-0.04533173277868818,20.909796201454718,-0.027734718551759907,-5.963518803303622
1.2200000000000009,6.724639999999983,-0.045891200543457966,20.91778502862282,-0.027837916693060016,-6.012217827509606
1.2300000000000009,6.779759999999983,-0.04645490793370727,20.92578109302618,-0.027937711171801494,-6.060899515426368
1.2400000000000009,6.834879999999982,-0.04702288043760913,20.93378438467617,-0.028034071333986055,-6.109563733293269
1.2500000000000009,6.889999999999982,-0.04759514338567036,20.941794893605127,-0.028126966582992907,-6.158210348998978
1.260000000000001,6.9451199999999815,-0.04817172194888966,20.949812609866047,-0.02821636637923053,-6.206839232075123
1.270000000000001,7.000239999999981,-0.048752641136744684,20.9578375235325,-0.028302240240215437,-6.255450253690728
1.280000000000001,7.055359999999981,-0.04933792579521759,20.965869624698094,-0.02838455774040244,-6.30404328664774
1.290000000000001,7.11047999999998,-0.04992760060489457,20.973908903476485,-0.028463288511013707,-6.35261820537515
1.300000000000001,7.16559999999998,-0.05052169007878907,20.981955350000938,-0.028538402240074257,-6.401174885924166
1.310000000000001,7.22071999999998,-0.05112021856039675,20.99000895442428,-0.028609868672173466,-6.449713205963333
1.320000000000001,7.275839999999979,-0.05172321022157994,20.99806970691857,-0.02867765760850599,-6.498233044773197
1.330000000000001,7.330959999999979,-0.05233068906040095,21.006137597675103,-0.02874173890661491,-6.546734283241635
1.340000000000001,7.386079999999978,-0.052942678899027484,21.014212616904018,-0.028802082480541724,-6.595216803859805
1.350000000000001,7.441199999999978,-0.05355920338156031,21.022294754834473,-0.02885865830052531,-6.643680490716391
1.360000000000001,7.496319999999978,-0.05418028597182645,21.03038400171418,-0.02891143639304422,-6.692125229493348
1.370000000000001,7.551439999999977,-0.054805949951075156,21.038480347809525,-0.028960386840734875,-6.740550907461918
1.380000000000001,7.606559999999977,-0.05543621841576479,21.046583783405428,-0.02900547978222734,-6.788957413478993
1.390000000000001,7.6616799999999765,-0.05607111427535652,21.05469429880533,-0.029046685412218554,-6.837344637980809
1.400000000000001,7.716799999999976,-0.056710660249804645,21.06281188433106,-0.02908397398124718,-6.885712472980578
1.410000000000001,7.771919999999976,-0.05735487886741514,21.070936530322832,-0.02911731579567367,-6.934060812064174
1.420000000000001,7.827039999999975,-0.058003792462248904,21.07906822713926,-0.029146681217685433,-6.982389550386242
1.430000000000001,7.882159999999975,-0.0586574231719042,21.087206965157304,-0.029172040665057797,-7.030698584666236
1.440000000000001,7.937279999999975,-0.05931579293493219,21.095352734772348,-0.029193364611216355,-7.078987813185292
1.450000000000001,7.992399999999974,-0.059978923488471975,21.103505526398372,-0.029210623585018747,-7.127257135782324
1.460000000000001,8.047519999999974,-0.060646836365721324,21.11166533046764,-0.029223788170799625,-7.175506453851277
1.470000000000001,8.102639999999974,-0.061319552893368434,21.119832137431054,-0.029232829008208616,-7.22373567033774
1.480000000000001,8.157759999999975,-0.06199709418902,21.128005937758346,-0.029237716792063995,-7.271944689735025
1.490000000000001,8.212879999999975,-0.06267948115875521,21.13618672193785,-0.02923842227228729,-7.320133418083174
1.500000000000001,8.267999999999976,-0.06336673449427399,21.14437448047697,-0.029234916253816523,-7.36830176296456
1.5100000000000011,8.323119999999976,-0.06405887467048141,21.15256920390205,-0.029227169596473757,-7.416449633502345
1.5200000000000011,8.378239999999977,-0.06475592194265692,21.160770882758772,-0.029215153214727507,-7.464576940357276
1.5300000000000011,8.433359999999977,-0.06545789634378521,21.16897950761223,-0.029198838077701406,-7.51268359572589
1.5400000000000011,8.488479999999978,-0.06616481768180482,21.17719506904709,-0.029178195208914792,-7.560769513338613
1.5500000000000012,8.543599999999978,-0.06687670553686045,21.185417557667858,-0.029153195686143607,-7.608834608457478
1.5600000000000012,8.598719999999979,-0.06759357925846482,21.19364696409923,-0.0291238106412684,-7.65687879787407
1.5700000000000012,8.65383999999998,-0.06831545796269198,21.20188327898606,-0.029090011260001547,-7.704901999908483
1.5800000000000012,8.70895999999998,-0.06904236052929014,21.210126492994057,-0.029051768781797604,-7.752904134407961
1.5900000000000012,8.76407999999998,-0.06977430559872691,21.21837659680965,-0.02900905449945712,-7.800885122744714
1.6000000000000012,8.81919999999998,-0.0705113115693353,21.226633581140668,-0.028961839759063635,-7.848844887816426
1.6100000000000012,8.874319999999981,-0.0712533965943854,21.234897436716377,-0.0289100959596299,-7.8967833540434835
1.6200000000000012,8.929439999999982,-0.07200057857891265,21.243168154288046,-0.02885379455273146,-7.9447004473694465
1.6300000000000012,8.984559999999982,-0.07275287517681991,21.2514457246292,-0.02879290704239057,-7.992596095260468
1.6400000000000012,9.039679999999983,-0.07351030378775761,21.259730138536153,-0.0287274049846023,-8.040470226704704
1.6500000000000012,9.094799999999983,-0.0742728815540793,21.26802138682826,-0.028657259987017514,-8.088322772211596
1.6600000000000013,9.149919999999984,-0.07504062535756015,21.27631946034843,-0.028582443708632777,-8.13615366381362
1.6700000000000013,9.205039999999984,-0.07581355181639987,21.28462434996355,-0.02850292785929459,-8.183962835063857
1.6800000000000013,9.260159999999985,-0.07659167728192434,21.29293604656514,-0.028418684199311317,-8.231750221039045
1.6900000000000013,9.315279999999985,-0.07737501783528897,21.301254541069532,-0.028329684538969502,-8.279515758338714
1.7000000000000013,9.370399999999986,-0.07816358928430392,21.309579824418694,-0.02823590073815485,-8.327259385086013
1.7100000000000013,9.425519999999986,-0.07895740716001101,21.317911887580593,-0.02813730470563236,-8.374981040929814
1.7200000000000013,9.480639999999987,-0.07975648671345378,21.326250721549787,-0.028033868398738948,-8.422680667044904
1.7300000000000013,9.535759999999987,-0.08056084291214435,21.33459631734808,-0.027925563822499166,-8.470358206133772
1.7400000000000013,9.590879999999988,-0.08137049043670855,21.342948666025066,-0.02781236302928436,-8.5180136024282
1.7500000000000013,9.645999999999988,-0.08218544367739203,21.351307758658866,-0.02769423811798616,-8.565646801691232
1.7600000000000013,9.701119999999989,-0.08300571673055859,21.35967358635656,-0.027571161233297392,-8.613257751219452
1.7700000000000014,9.75623999999999,-0.08383132339517174,21.368046140255093,-0.027443104565120835,-8.660846399845369
1.7800000000000014,9.81135999999999,-0.0846622771691023,21.376425411521964,-0.027310040347527376,-8.708412697939089
1.7900000000000014,9.86647999999999,-0.08549859124557427,21.384811391355814,-0.027171940858174037,-8.755956597412158
1.8000000000000014,9.92159999999999,-0.08634027850952075,21.393204070987238,-0.027028778417254373,-8.803478051720594
1.8100000000000014,9.976719999999991,-0.08718735153375148,21.401603441679637,-0.026880525386623833,-8.85097701586724
1.8200000000000014,10.031839999999992,-0.08803982257529652,21.410009494729984,-0.02672715416881316,-8.898453446405437
1.8300000000000014,10.086959999999992,-0.08889770357155127,21.418422221469594,-0.02656863720595143,-8.945907301444082
1.8400000000000014,10.142079999999993,-0.08976100613647978,21.42684161326506,-0.026404946978742905,-8.993338540649688
1.8500000000000014,10.197199999999993,-0.09062974155664247,21.43526766151918,-0.02623605600519613,-9.04074712525234
1.8600000000000014,10.252319999999994,-0.09150392078731764,21.44370035767169,-0.026061936839579303,-9.088133018048593
1.8700000000000014,10.307439999999994,-0.09238355444853769,21.452139693200383,-0.0258825620709614,-9.135496183407792
1.8800000000000014,10.362559999999995,-0.09326865282092414,21.460585659621977,-0.02569790432201058,-9.182836587275816
1.8900000000000015,10.417679999999995,-0.09415922584183054,21.46903824849325,-0.02550793624745762,-9.23015419718089
1.9000000000000015,10.472799999999996,-0.09505528310100447,21.47749745141191,-0.025312630532735136,-9.27744898223935
1.9100000000000015,10.527919999999996,-0.09595683383655973,21.485963260017677,-0.025111959892352376,-9.32472091316058
1.9200000000000015,10.583039999999997,-0.09686388693061967,21.4944356659935,-0.024905897068279392,-9.371969962254285
1.9300000000000015,10.638159999999997,-0.09777645090517548,21.502914661066583,-0.024694414828258404,-9.419196103436063
1.9400000000000015,10.693279999999998,-0.09869453391772298,21.51140023700945,-0.024477485964005452,-9.466399312234154
1.9500000000000015,10.748399999999998,-0.09961814375675837,21.519892385641505,-0.02425508328927639,-9.513579565796638
1.9600000000000015,10.803519999999999,-0.10054728783749264,21.528391098829722,-0.024027179637984397,-9.56073684289823
1.9700000000000015,10.85864,-0.1014819731973502,21.536896368490297,-0.023793747862158376,-9.607871123948456
1.9800000000000015,10.91376,-0.10242220649137695,21.54540818658981,-0.02355476082969088,-9.654982390998917
1.9900000000000015,10.96888,-0.1033679939876537,21.55392654514656,-0.02331019142221824,-9.70207062775189
2.0000000000000013,11.024000000000001,-0.10431934156263725,21.562451436231896,-0.02306001253267831,-9.74913581956793
2.010000000000001,11.079120000000001,-0.10527625469649621,21.57098285197166,-0.022804197062923692,-9.796177953476242
2.020000000000001,11.134240000000002,-0.10623873846830809,21.579520784547665,-0.02254271792109258,-9.843197018182131
2.0300000000000007,11.189360000000002,-0.10720679755126974,21.588065226199117,-0.022275548019052294,-9.890193004077396
2.0400000000000005,11.244480000000003,-0.10818043620770645,21.59661616922413,-0.022002660269477947,-9.937165903249964
2.0500000000000003,11.299600000000003,-0.10915965828426596,21.605173605981314,-0.02172402758305292,-9.984115709493611
2.06,11.354720000000004,-0.11014446720683072,21.613737528891406,-0.02143962286541118,-10.031042418319512
2.07,11.409840000000004,-0.11113486597542618,21.622307930438925,-0.02114941901389189,-10.077946026965638
2.0799999999999996,11.464960000000005,-0.1121308571591787,21.630884803173693,-0.020853388914359783,-10.12482653440902
2.0899999999999994,11.520080000000005,-0.11313244289101662,21.639468139712804,-0.02055150543769757,-10.171683941377085
2.099999999999999,11.575200000000006,-0.11413962486243975,21.648057932742315,-0.020243741436282825,-10.218518250359153
2.109999999999999,11.630320000000006,-0.11515240431819604,21.6566541750191,-0.01993006974020367,-10.265329465619923
2.1199999999999988,11.685440000000007,-0.11617078205088952,21.665256859372626,-0.019610463153401314,-10.312117593210964
2.1299999999999986,11.740560000000007,-0.117194758395497,21.673865978706964,-0.019284894449707435,-10.358882640984604
2.1399999999999983,11.795680000000008,-0.11822433322383152,21.682481526002928,-0.018953336368504436,-10.405624618607844
2.149999999999998,11.850800000000008,-0.11925950593890064,21.691103494319815,-0.01861576161041567,-10.452343537574961
2.159999999999998,11.905920000000009,-0.12030027546928362,21.699731876797653,-0.01827214283279066,-10.499039411224151
2.1699999999999977,11.96104000000001,-0.12134664026334005,21.708366666659373,-0.017922452644915376,-10.545712254750807
2.1799999999999975,12.01616000000001,-0.12239859828340285,21.717007857212977,-0.017566663603148347,-10.59236208522296
2.1899999999999973,12.07128000000001,-0.12345614699984503,21.72565544185379,-0.0172047482056773,-10.63898892159793
2.199999999999997,12.126400000000011,-0.12451928338512352,21.7343094140668,-0.016836678887371503,-10.685592784738642
2.209999999999997,12.181520000000011,-0.12558800390771055,21.74296976742899,-0.016462428014091646,-10.732173697429431
2.2199999999999966,12.236640000000012,-0.12666230452593352,21.7516364956119,-0.016081967877007053,-10.778731684394876
2.2299999999999964,12.291760000000012,-0.12774218068183354,21.76030959238414,-0.015695270686623075,-10.825266772316429
2.239999999999996,12.346880000000013,-0.12882762729475908,21.768989051613804,-0.015302308566471634,-10.8717789898517
2.249999999999996,12.402000000000013,-0.12991863875508441,21.777674867271326,-0.01490305354682725,-10.918268367653047
2.259999999999996,12.457120000000014,-0.13101520891769627,21.786367033432082,-0.014497477557820326,-10.964734938387483
2.2699999999999956,12.512240000000014,-0.13211733109547247,21.795065544279296,-0.01408555242254661,-11.011178736756422
2.2799999999999954,12.567360000000015,-0.13322499805256768,21.80377039410681,-0.013667249849811103,-11.057599799516733
2.289999999999995,12.622480000000015,-0.1343382019978285,21.81248157732221,-0.013242541426589816,-11.103998165502517
2.299999999999995,12.677600000000016,-0.1354569345779489,21.82119908844962,-0.012811398610242497,-11.150373875646478
2.3099999999999947,12.732720000000016,-0.13658118687040421,21.8299229221331,-0.012373792720326293,-11.196726973003159
2.3199999999999945,12.787840000000017,-0.13771094937674042,21.838653073139632,-0.011929694930228218,-11.243057502772457
2.3299999999999943,12.842960000000017,-0.13884621201530079,21.847389536362684,-0.011479076258294862,-11.28936551232375
2.339999999999994,12.898080000000018,-0.13998696411409958,21.856132306825323,-0.011021907558864785,-11.335651051220225
2.349999999999994,12.953200000000018,-0.14113319440361125,21.86488137968385,-0.010558159512785492,-11.381914171246024
2.3599999999999937,13.008320000000019,-0.14228489100934102,21.87363675023144,-0.010087802617414099,-11.428154926430608
2.3699999999999934,13.06344000000002,-0.14344204144441575,21.882398413901917,-0.00961080717665419,-11.474373373078437
2.3799999999999932,13.11856000000002,-0.14460463260202402,21.891166366273197,-0.009127143290227346,-11.520569569795411
2.389999999999993,13.17368000000002,-0.14577265074774878,21.899940603071748,-0.008636780842672553,-11.566743577519004
2.399999999999993,13.228800000000021,-0.14694608151186522,21.90872112017599,-0.008139689491944824,-11.612895459547634
2.4099999999999926,13.283920000000021,-0.14812490988143365,21.917507913621094,-0.007635838657486849,-11.659025281571534
2.4199999999999924,13.339040000000022,-0.1493091201924008,21.926300979602786,-0.007125197507900749,-11.705133111705761
2.429999999999992,13.394160000000022,-0.15049869612151437,21.935100314482064,-0.0066077349481811765,-11.751219020521832
2.439999999999992,13.449280000000023,-0.15169362067822265,21.943905914789404,-0.0060834196062800605,-11.797283081083172
2.4499999999999917,13.504400000000023,-0.15289387619635642,21.952717777229868,-0.005552219819336457,-11.84332536897899
2.4599999999999915,13.559520000000024,-0.154099444325833,21.961535898687387,-0.005014103619261745,-11.889345962361519
2.4699999999999913,13.614640000000025,-0.15531030602412468,21.97036027623038,-0.004469038717770768,-11.935344941982923
2.479999999999991,13.669760000000025,-0.1565264415477487,21.979190907116237,-0.003916992490832993,-11.981322391235532
2.489999999999991,13.724880000000026,-0.15774783044362178,21.98802778879709,-0.0033579319625479664,-12.027278396190184
2.4999999999999907,13.780000000000026,-0.1589744515401588,21.996870918924962,-0.0027918237882366137,-12.073213045638648
2.5099999999999905,13.835120000000027,-0.1602062829385046,22.005720295357534,-0.002218634237089845,-12.119126431137115
2.5199999999999902,13.890240000000027,-0.1614433020035501,22.014575916163977,-0.0016383291738900074,-12.165018647049639
2.52999999999999,13.945360000000028,-0.16268548535471913,22.023437779630896,-0.0010508740401648509,-12.210889790594708
2.53999999999999,14.000480000000028,-0.16393280885689182,22.032305884268425,-0.0004562338344560324,-12.256739961893109
2.5499999999999896,14.055600000000029,-0.16518524761102496,22.04118022881697,0.00014562690806979584,-12.302569264016709
2.5599999999999894,14.110720000000029,-0.16644277594478016,22.050060812253335,0.0007547441370164276,-12.348377803039883
2.569999999999989,14.16584000000003,-0.16770536740303682,22.058947633798017,0.0013711543088747447,-12.394165688093217
2.579999999999989,14.22096000000003,-0.16897299473821434,22.067840692921976,0.0019948944101007005,-12.439933031417175
2.5899999999999888,14.27608000000003,-0.17024562990052153,22.076739989354188,0.002626001981215653,-12.485679948419799
2.5999999999999885,14.331200000000031,-0.17152324402828475,22.085645523088935,0.0032645151418092544,-12.531406557736963
2.6099999999999883,14.386320000000032,-0.17280580743792004,22.094557294393997,0.003910472616626415,-12.577112981291105
2.619999999999988,14.441440000000032,-0.17409328961397483,22.103475303818474,0.004563913762774541,-12.622799344357702
2.629999999999988,14.496560000000033,-0.1753856591990053,22.112399552201367,0.005224878598109217,-12.668465775630116
2.6399999999999877,14.551680000000033,-0.1766828839833944,22.121330040680217,0.005893407830654285,-12.714112407288786
2.6499999999999875,14.606800000000034,-0.1779849308951215,22.13026677070033,0.006569542889550695,-12.759739375072765
2.6599999999999873,14.661920000000034,-0.17929176598937208,22.139209744023695,0.00725332595718492,-12.805346818354023
2.669999999999987,14.717040000000035,-0.18060335443806674,22.148158962739384,0.007944800002688213,-12.850934880215037
2.679999999999987,14.772160000000035,-0.1819196605195439,22.15711442927303,0.00864400881697186,-12.896503707529547
2.6899999999999866,14.827280000000036,-0.18324064760781422,22.166076146397824,0.009350997049361542,-12.942053451046101
2.6999999999999864,14.882400000000036,-0.1845662781620495,22.175044117244948,0.010065810245689033,-12.987584265476135
2.709999999999986,14.937520000000037,-0.18589651371587246,22.184018345315316,0.010788494888323008,-13.033096309583822
2.719999999999986,14.992640000000037,-0.18723131486682648,22.192998834491085,0.011519098437756947,-13.078589746282663
2.7299999999999858,15.047760000000038,-0.18857064126543432,22.201985589048025,0.012257669376359859,-13.12406474273423
2.7399999999999856,15.102880000000038,-0.18991445160462447,22.21097861366829,0.013004257253853235,-13.169521470450334
2.7499999999999853,15.158000000000039,-0.19126270360897824,22.219977913453704,0.013758912735222006,-13.214960105402909
2.759999999999985,15.213120000000039,-0.1926153540239992,22.22898349393942,0.014521687650568327,-13.260380828135851
2.769999999999985,15.26824000000004,-0.1939723586054455,22.237995361108677,0.0152926350475443,-13.30578382388214
2.7799999999999847,15.32336000000004,-0.19533367210872848,22.247013521407514,0.016071809246078872,-13.351169282689552
2.7899999999999845,15.37848000000004,-0.19669924827832516,22.256037981760755,0.016859265895963982,-13.396537399547341
2.7999999999999843,15.433600000000041,-0.19806903983735114,22.26506874958816,0.0176550620370316,-13.441888374521636
2.809999999999984,15.488720000000042,-0.19944299847725847,22.274105832821714,0.018459256162464632,-13.487222412898797
2.819999999999984,15.543840000000042,-0.2008210748476284,22.2831492399235,0.019271908285121153,-13.532539725330661
2.8299999999999836,15.598960000000043,-0.20220321854613593,22.29219897990425,0.020093080007194397,-13.577840527992349
2.8399999999999834,15.654080000000043,-0.2035893781088936,22.30125506234309,0.02092283459347749,-13.623125042743085
2.849999999999983,15.709200000000044,-0.20497950100093953,22.310317497408104,0.021761237048294968,-13.668393497298919
2.859999999999983,15.764320000000044,-0.20637353360687571,22.319386295877447,0.022608354196434477,-13.713646125411131
2.869999999999983,15.819440000000045,-0.20777142122231995,22.328461469162296,0.023464254768292225,-13.758883167054842
2.8799999999999826,15.874560000000045,-0.20917310804524136,22.337543029330106,0.024329009489517772,-13.80410486862789
2.8899999999999824,15.929680000000046,-0.21057853716821456,22.346630989129594,0.025202691175576553,-13.849311483158196
2.899999999999982,15.984800000000046,-0.21198765057088628,22.355725362016596,0.026085374831163854,-13.894503270524606
2.909999999999982,16.039920000000045,-0.21340038911336387,22.364826162181423,0.026977137755177738,-13.939680497686313
2.9199999999999817,16.095040000000044,-0.21481669253007024,22.37393340457775,0.027878059651716303,-13.984843438927241
2.9299999999999815,16.150160000000042,-0.21623649942459003,22.38304710495256,0.02878822274678633,-14.029992376112949
2.9399999999999813,16.20528000000004,-0.217659747265358,22.392167279878276,0.029707711912143497,-14.07512759895985
2.949999999999981,16.26040000000004,-0.21908637238231135,22.401293946786183,0.030636614795902517,-14.120249405322783
2.959999999999981,16.31552000000004,-0.2205163099650134,22.410427124001657,0.03157502196076717,-14.165358101495471
2.9699999999999807,16.370640000000037,-0.22194949406170197,22.419566830781623,0.03252302703043636,-14.210454002530575
2.9799999999999804,16.425760000000036,-0.223385857580083,22.428713087354048,0.03348072684487896,-14.255537432576217
2.9899999999999802,16.480880000000035,-0.22482533228989723,22.437865914959414,0.03444822162447875,-14.300608725233594
2.99999999999998,16.536000000000033,-0.2262678488270788,22.44702533589479,0.03542561514469722,-14.345668223935911
3.00999999999998,16.591120000000032,-0.2277133367003437,22.456191373560422,0.03641301492133864,-14.390716282348503
3.0199999999999796,16.64624000000003,-0.22916172430000803,22.465364052509162,0.03741053240729908,-14.435753264793762
3.0299999999999794,16.70136000000003,-0.23061293890955054,22.474543398498852,0.038418283201953674,-14.480779546703761
3.039999999999979,16.75648000000003,-0.23206690672022426,22.4837294385476,0.039436387274012163,-14.52579551509886
3.049999999999979,16.811600000000027,-0.23352355284903886,22.492922200993004,0.04046496919876558,-14.570801569098293
3.0599999999999787,16.866720000000026,-0.2349828013606356,22.502121715554647,0.04150415841112587,-14.615798120460818
3.0699999999999785,16.921840000000024,-0.23644457529326815,22.511328013400806,0.042554089475624446,-14.660785594164725
3.0799999999999783,16.976960000000023,-0.23790879669003984,22.520541127219385,0.04361490237466287,-14.705764429020114
3.089999999999978,17.032080000000022,-0.23937538663493912,22.529761091293505,0.04468674281669954,-14.750735078327915
3.099999999999978,17.08720000000002,-0.24084426529561787,22.53898794158215,0.04576976256599835,-14.795698010578135
3.1099999999999777,17.14232000000002,-0.24231535197261034,22.548221715806314,0.046864119795665626,-14.840653710199316
3.1199999999999775,17.197440000000018,-0.24378856515653136,22.557462453540968,0.047969979466143675,-14.88560267835826
3.1299999999999772,17.252560000000017,-0.24526382259386698,22.56671019631353,0.049087513731515986,-14.930545433816242
3.139999999999977,17.307680000000015,-0.2467410413627399,22.57596498770915,0.05021690237546078,-14.975482513846233
3.149999999999977,17.362800000000014,-0.24822013795954137,22.585226873483744,0.0513583332806799,-15.02041447521531
3.1599999999999766,17.417920000000013,-0.24970102839835154,22.594495901685317,0.05251200293334546,-15.06534189524149
3.1699999999999764,17.47304000000001,-0.25118362832439567,22.603772122783994,0.053678116967520006,-15.110265372926357
3.179999999999976,17.52816000000001,-0.2526678531434101,22.613055589812177,0.054856890751906306,-15.155185530173474
3.189999999999976,17.58328000000001,-0.2541536181693794,22.62234635851509,0.05604855002357345,-15.200103013102002
3.1999999999999758,17.638400000000008,-0.25564083879257765,22.631644487513558,0.057253331573482114,-15.245018493459613
3.2099999999999755,17.693520000000007,-0.25712943067122057,22.64095003847889,0.058471483988335404,-15.289932670145987
3.2199999999999753,17.748640000000005,-0.2586193099493276,22.650263076322602,0.05970326845462842,-15.334846270861208
3.229999999999975,17.803760000000004,-0.2601103935049469,22.659583669400984,0.06094895963152713,-15.379760053884445
3.239999999999975,17.858880000000003,-0.2616025992325276,22.66891188973696,0.06220884659907039,-15.42467480999903
3.2499999999999747,17.914,-0.26309584636475924,22.678247813260604,0.06348323389015187,-15.469591364579502
3.2599999999999745,17.96912,-0.2645900558387634,22.68759152007016,0.06477244261459592,-15.514510579854285
3.2699999999999743,18.02424,-0.2660851507138409,22.69694309471569,0.06607681168598944,-15.559433357360225
3.279999999999974,18.079359999999998,-0.2675810566476526,22.706302626508172,0.06739669916179974,-15.604360640614901
3.289999999999974,18.134479999999996,-0.2690777024396845,22.71567020985599,0.06873248370983609,-15.649293418022074
3.2999999999999736,18.189599999999995,-0.2705750206522689,22.725045944632363,0.07008456621512427,-15.694232726036878
3.3099999999999734,18.244719999999994,-0.27207294832053697,22.734429936576756,0.07145337154354175,-15.739179652621669
3.319999999999973,18.299839999999993,-0.2735714277652952,22.74382229773439,0.07283935048003393,-15.784135341017981
3.329999999999973,18.35495999999999,-0.27507040752468565,22.753223146937795,0.07424298186281342,-15.829100993871265
3.3399999999999728,18.41007999999999,-0.27656984342359947,22.76263261033521,0.07566477493608104,-15.874077877748263
3.3499999999999726,18.46519999999999,-0.27806969980273544,22.772050821971227,0.07710527194905442,-15.919067328086705
3.3599999999999723,18.520319999999987,-0.27956995093367404,22.78147792442614,0.07856505103107808,-15.9640707546275
3.369999999999972,18.575439999999986,-0.28107058265039886,22.790914069520255,0.08004472937777674,-16.00908964738384
3.379999999999972,18.630559999999985,-0.2825715942340803,22.80035941909133,0.0815449667882776,-16.05412558320384
3.3899999999999717,18.685679999999984,-0.2840730005941219,22.809814145853665,0.0830664695986747,-16.099180232998226
3.3999999999999715,18.740799999999982,-0.2855748347972991,22.81927843434908,0.08460999506412248,-16.144255369704968
3.4099999999999713,18.79591999999998,-0.2870771510061807,22.828752482000368,0.08617635624950426,-16.189352877075244
3.419999999999971,18.85103999999998,-0.28858002790085785,22.838236500280352,0.08776642749735847,-16.234474759373583
3.429999999999971,18.90615999999998,-0.29008357267201057,22.847730716010258,0.08938115055239293,-16.279623152094327
3.4399999999999706,18.961279999999977,-0.29158792569195513,22.857235372803707,0.09102154143395713,-16.324800333807588
3.4499999999999704,19.016399999999976,-0.2930932659920464,22.866750732673616,0.09268869816120284,-16.370008739257504
3.45999999999997,19.071519999999975,-0.2945998177017621,22.87627707782236,0.09438380945245295,-16.4152509738477
3.46999999999997,19.126639999999973,-0.29610785763830905,22.885814712636403,0.09610816453819421,-16.460529829655073
3.47999999999997,19.181759999999972,-0.297617724276595,22.895363965910107,0.0978631642485891,-16.505848303120246
3.4899999999999696,19.23687999999997,-0.29912982837984753,22.904925193324413,0.09965033356057856,-16.551209614571523
3.4999999999999694,19.29199999999997,-0.300644665634911,22.91449878020736,0.1014713358167082,-16.596617229730285
3.509999999999969,19.34711999999997,-0.30216283171328057,22.92408514460608,0.10332798885946781,-16.642074883325186
3.519999999999969,19.402239999999967,-0.30368504027741416,22.93368474069748,0.10522228335698214,-16.687586604935834
3.5299999999999687,19.457359999999966,-0.3052121445726106,22.943298062563436,0.10715640363453632,-16.73315674710348
3.5399999999999685,19.512479999999965,-0.3067451633959511,22.952925648351616,0.10913275136194578,-16.778790015682045
3.5499999999999683,19.567599999999963,-0.30828531242297563,22.962568084830313,0.11115397248562381,-16.824491502248907
3.559999999999968,19.622719999999962,-0.30983404210744675,22.972226012330378,0.11322298782498191,-16.87026671817987
3.569999999999968,19.67783999999996,-0.3113930836625329,22.981900130035086,0.11534302777451222,-16.91612162967468
3.5799999999999677,19.73295999999996,-0.3129645049932439,22.991591201534575,0.117517671552339,-16.962062692511918
3.5899999999999674,19.788079999999958,-0.3145507788955935,23.001300060488592,0.11975089139697448,-17.00809688462169
3.5999999999999672,19.843199999999957,-0.3161548663789697,23.011027616133106,0.12204710201327568,-17.05423173348645
3.609999999999967,19.898319999999956,-0.3177803186168707,23.02077485820427,0.12441121536377031,-17.100475333879672
3.619999999999967,19.953439999999954,-0.31943140178563384,23.030542860611796,0.12684870053783237,-17.14683634924207
3.6299999999999666,20.008559999999953,-0.3211132498948403,23.040332782844338,0.1293656478175355,-17.193323986860285
3.6399999999999664,20.06367999999995,-0.32283205158683553,23.050145867577,0.13196883506813123,-17.239947932541405
3.649999999999966,20.11879999999995,-0.3245952776553161,23.059983432227874,0.1346657930246548,-17.286718224208485
3.659999999999966,20.17391999999995,-0.3264119564418246,23.06984685118864,0.13746486365870464,-17.333645035171475
3.6699999999999657,20.229039999999948,-0.32829300382575216,23.079737524064285,0.14037524222572179,-17.380738326053194
3.6799999999999655,20.284159999999947,-0.3302516123600793,23.08965682342591,0.1434069883360753,-17.428007308973694
3.6899999999999653,20.339279999999945,-0.33230369874438814,23.099606013318475,0.1465709838793926,-17.47545964849759
3.699999999999965,20.394399999999944,-0.3344683978450032,23.1095861272741,0.14987880524743996,-17.523100302443098
3.709999999999965,20.449519999999943,-0.33676857110212544,23.119597792484054,0.15334246358354386,-17.57092988655725
3.7199999999999647,20.50463999999994,-0.3392312619196377,23.12964098654586,0.15697394983825153,-17.618942441582433
3.7299999999999645,20.55975999999994,-0.34188797338835697,23.13971471773922,0.16078450261650318,-17.66712251306672
3.7399999999999642,20.61487999999994,-0.34477455709933674,23.149816634182447,0.1647834999485852,-17.71544156762779
3.749999999999964,20.669999999999938,-0.3479303828937246,23.159942598902205,0.16897686876195145,-17.763854036713266
3.759999999999964,20.725119999999936,-0.35139632027668866,23.170086324529002,0.17336492034693834,-17.812293796580825
3.7699999999999636,20.780239999999935,-0.3552109497123994,23.180239243360674,0.17793957363969348,-17.860672735562147
3.7799999999999634,20.835359999999934,-0.3594044442399304,23.190390871838108,0.18268104120153222,-17.908884136907197
3.789999999999963,20.890479999999933,-0.36398990354324123,23.20052994072426,0.187554249147882,-17.95681437887114
3.799999999999963,20.94559999999993,-0.3689528000341238,23.21064637803184,0.19250557393525114,-18.00436561447365
3.8099999999999627,21.00071999999993,-0.37424067930214583,23.22073374687396,0.19746094406808923,-18.05148774966691
3.8199999999999625,21.05583999999993,-0.37975694607911703,23.230791071037736,0.20232695064862588,-18.098209420218115
3.8299999999999623,21.110959999999928,-0.38536335344032346,23.24082265291625,0.2069970445872113,-18.14464849390389
3.839999999999962,21.166079999999926,-0.3908942434429005,23.250835209774593,0.21136438139930097,-18.190982608601203
3.849999999999962,21.221199999999925,-0.3961811527069239,23.26083345592179,0.21534044672604857,-18.237378230275816
3.8599999999999617,21.276319999999924,-0.4010809458274755,23.270816822309808,0.21887449443260043,-18.28390660524026
3.8699999999999615,21.331439999999922,-0.40549797204202426,23.28077957988408,0.22196577351475721,-18.33049263460665
3.8799999999999613,21.38655999999992,-0.4093934664936126,23.29071416822793,0.2246621604733255,-18.376927940471635
3.889999999999961,21.44167999999992,-0.4127817880260119,23.30061525935028,0.22704536362195127,-18.42294142976722
3.899999999999961,21.49679999999992,-0.41571818860599746,23.310482098861293,0.22920955600763904,-18.468290173544244
3.9099999999999606,21.551919999999917,-0.41828361124072116,23.320318476875304,0.2312421132821207,-18.512829937549988
3.9199999999999604,21.607039999999916,-0.420569937185216,23.33013122376146,0.23321186199890243,-18.55654273333012
3.92999999999996,21.662159999999915,-0.4226672196764978,23.339928386029193,0.23516548098638185,-18.59952185037913
3.93999999999996,21.717279999999914,-0.4246538769559795,23.349717746989416,0.23712964023613642,-18.641930637943588
3.9499999999999598,21.772399999999912,-0.42659068872890016,23.359505880785218,0.23911582351202149,-18.683955416114244
3.9599999999999596,21.82751999999991,-0.42851887767698654,23.36929770256261,0.2411255828838169,-18.725767619520695
3.9699999999999593,21.88263999999991,-0.4304616726797692,23.37909640798012,0.24315505103599483,-18.767501511592
3.979999999999959,21.93775999999991,-0.43242809544922123,23.388903679536863,0.24519830359321282,-18.809246712261796
3.989999999999959,21.992879999999907,-0.43441757721954244,23.398720040567007,0.2472495594872583,-18.851051302600197
3.9999999999999587,22.047999999999906,-0.4364243002279781,23.408545254353932,0.24930437587031157,-18.89293073120385
4.009999999999959,22.103119999999905,-0.4384406172861195,23.418378691683053,0.251360062168774,-18.93487866772841
4.019999999999959,22.158239999999903,-0.44045932777829877,23.428219619760583,0.25341556161853485,-18.976877225576068
4.0299999999999585,22.213359999999902,-0.4424748858037794,23.438067393598523,0.2554710399106967,-19.018905112455975
4.039999999999958,22.2684799999999,-0.4444837753145912,23.447921553708852,0.25752738184680213,-19.06094314477897
4.049999999999958,22.3235999999999,-0.44648433708337687,23.457781848835705,0.25958573724568396,-19.10297718953596
4.059999999999958,22.3787199999999,-0.4484763114990769,23.46764820900799,0.261647192000078,-19.14499899848669
4.069999999999958,22.433839999999897,-0.4504603030427825,23.477520693789735,0.2637125837943923,-19.187005593586314
4.079999999999957,22.488959999999896,-0.4524373017275418,23.487399435681574,0.265782443344519,-19.228997880298714
4.089999999999957,22.544079999999894,-0.4544083304414111,23.497284591767087,0.26785702282314283,-19.270979056217627
4.099999999999957,22.599199999999893,-0.4563742347110638,23.50717630995354,0.26993636995236747,-19.31295320635048
4.109999999999957,22.654319999999892,-0.4583355968632764,23.517074710780285,0.2720204133215445,-19.354924289634507
4.119999999999957,22.70943999999989,-0.46029273938946286,23.52697988228059,0.2741090361196322,-19.396895564252038
4.129999999999956,22.76455999999989,-0.4622457790306647,23.536891883738146,0.2762021272886174,-19.438869392569547
4.139999999999956,22.819679999999888,-0.4641946988617375,23.546810754006962,0.2782996084914897,-19.480847312803718
4.149999999999956,22.874799999999887,-0.46613941569309425,23.556736520834612,0.2804014412043795,-19.522830254615414
4.159999999999956,22.929919999999886,-0.4680798306536216,23.566669208835098,0.28250762080627995,-19.564818795048556
4.1699999999999555,22.985039999999884,-0.4700158594925542,23.576608844982303,0.28461816454199035,-19.60681338437651
4.179999999999955,23.040159999999883,-0.4719474449059751,23.586555461475513,0.2867330987109322,-19.648814506221566
4.189999999999955,23.09527999999988,-0.47387455604666295,23.596509096452174,0.28885244834125573,-19.690822764833666
4.199999999999955,23.15039999999988,-0.4757971809201196,23.606469793296988,0.2909762306523439,-19.732838911019766
4.209999999999955,23.20551999999988,-0.47771531645135407,23.616437599292937,0.2931044521750468,-19.774863826865158
4.2199999999999545,23.260639999999878,-0.47962895943863254,23.626412564199534,0.29523710860067426,-19.81689849009503
4.229999999999954,23.315759999999877,-0.48153810000374747,23.636394739113463,0.29737418618675626,-19.85894393475163
4.239999999999954,23.370879999999875,-0.4834427178778565,23.64638417575519,0.29951566368224924,-19.90100121869023
4.249999999999954,23.425999999999874,-0.48534278106141004,23.65638092616699,0.30166151405712655,-19.943071402389624
4.259999999999954,23.481119999999873,-0.48723824604974686,23.666385042718552,0.3038117056722508,-19.98515553908233
4.269999999999953,23.53623999999987,-0.4891290588019661,23.676396578289395,0.3059662028131689,-20.02725467356696
4.279999999999953,23.59135999999987,-0.49101515581271205,23.68641558651108,0.30812496568848147,-20.069369846176826
4.289999999999953,23.64647999999987,-0.49289646489488737,23.696442121987083,0.3102879500703095,-20.111502098670602
4.299999999999953,23.701599999999868,-0.4947729055110994,23.70647624044856,0.3124551067507864,-20.153652479749553
4.3099999999999525,23.756719999999866,-0.49664438865543586,23.716517998836377,0.3146263809450836,-20.195822048977288
4.319999999999952,23.811839999999865,-0.49851081637861505,23.72656745532018,0.31680171171221466,-20.238011878781204
4.329999999999952,23.866959999999864,-0.5003720810737027,23.736624669274665,0.31898103141488643,-20.280223054797876
4.339999999999952,23.922079999999863,-0.5022280646260634,23.74668970123248,0.32116426520500296,-20.32245667509231
4.349999999999952,23.97719999999986,-0.5040786374957363,23.756762612829394,0.32335133050419584,-20.364713848790576
4.3599999999999515,24.03231999999986,-0.5059236577631041,23.766843466749485,0.3255421364464859,-20.4069956945479
4.369999999999951,24.08743999999986,-0.5077629701394297,23.776932326673144,0.32773658325385785,-20.449303339096684
4.379999999999951,24.142559999999857,-0.5095964049245669,23.78702925722578,0.3299345615242613,-20.491637915959256
4.389999999999951,24.197679999999856,-0.5114237768863288,23.797134323923974,0.3321359514178768,-20.5340005642972
4.399999999999951,24.252799999999855,-0.5132448840343838,23.807247593114184,0.33434062173216156,-20.57639242782213
4.40999999999995,24.307919999999854,-0.515059506264869,23.817369131900634,0.33654842885721614,-20.6188146536665
4.41999999999995,24.363039999999852,-0.5168674038553979,23.827499008059526,0.3387592156029476,-20.66126839113534
4.42999999999995,24.41815999999985,-0.5186683157926285,23.837637289936957,0.3409728098861371,-20.703754790283302
4.43999999999995,24.47327999999985,-0.5204619579156635,23.847784046329245,0.3431890232636333,-20.746275000277375
4.4499999999999496,24.52839999999985,-0.5222480208574471,23.857939346344196,0.3454076492929547,-20.78883016753218
4.459999999999949,24.583519999999847,-0.524026167764135,23.868103259241423,0.34762846170018247,-20.831421433592674
4.469999999999949,24.638639999999846,-0.525796031768258,23.878275854249907,0.3498512123300394,-20.87404993276229
4.479999999999949,24.693759999999845,-0.527557213187939,23.888457200360357,0.35207562885103466,-20.916716789439825
4.489999999999949,24.748879999999843,-0.5293092764187128,23.89864736608968,0.35430141218400296,-20.959423115147665
4.4999999999999485,24.803999999999842,-0.5310517464802045,23.90884641921427,0.35652823361871094,-21.002170005194767
4.509999999999948,24.85911999999984,-0.5327841051730805,23.919054426468495,0.35875573157828805,-21.044958534934075
4.519999999999948,24.91423999999984,-0.5345057867958699,23.929271453204336,0.36098350798536427,-21.08778975554322
4.529999999999948,24.96935999999984,-0.5362161733629245,23.939497563007066,0.36321112417796597,-21.130664689251294
4.539999999999948,25.024479999999837,-0.5379145892562845,23.94973281726387,0.36543809631467733,-21.17358432392844
4.549999999999947,25.079599999999836,-0.5396002952338933,23.95997727467708,0.36766389020055007,-21.21654960692564
4.559999999999947,25.134719999999835,-0.541272481703723,23.970230990718886,0.3698879154545014,-21.259561438047324
4.569999999999947,25.189839999999833,-0.5429302611599851,23.980494017018913,0.37210951892761923,-21.302620661506122
4.579999999999947,25.244959999999832,-0.5445726596598033,23.99076640067901,0.37432797726708333,-21.345728056691364
4.589999999999947,25.30007999999983,-0.5461986072001566,24.001048183506818,0.37654248850583116,-21.388884327554035
4.599999999999946,25.35519999999983,-0.5478069268306363,24.011339401160004,0.37875216253779287,-21.43209009036859
4.609999999999946,25.410319999999828,-0.5493963223122158,24.021640082193514,0.3809560103191172,-21.475345859612062
4.619999999999946,25.465439999999827,-0.550965364099754,24.03195024700004,0.3831529316082335,-21.518652031635412
4.629999999999946,25.520559999999826,-0.5525124733911226,24.042269906636207,0.3853417010320552,-21.56200886578612
4.6399999999999455,25.575679999999824,-0.5540359039431223,24.052599061525704,0.3875209522290893,-21.605416462571387
4.649999999999945,25.630799999999823,-0.5555337213076937,24.062937700032982,0.3896891597848451,-21.648874738416037
4.659999999999945,25.685919999999822,-0.5570037790877623,24.07328579690236,0.3918446186303019,-21.69238339653274
4.669999999999945,25.74103999999982,-0.5584436917514768,24.083643311560998,0.3939854205261764,-21.735941893373962
4.679999999999945,25.79615999999982,-0.5598508034785148,24.094010186289676,0.396109427202121,-21.779549400142027
4.689999999999944,25.851279999999818,-0.5612221524406511,24.104386344271347,0.3982142396611846,-21.823204758838095
4.699999999999944,25.906399999999817,-0.562554429848663,24.114771687539807,0.40029716309994023,-21.8669064324038
4.709999999999944,25.961519999999815,-0.5638439330295236,24.12516609486409,0.4023551668339101,-21.91065244866656
4.719999999999944,26.016639999999814,-0.5650865117434929,24.135569419625554,0.404384838565239,-21.95444033804157
4.729999999999944,26.071759999999813,-0.5662775069250309,24.145981487772996,0.40638233229177506,-21.998267065404175
4.739999999999943,26.12687999999981,-0.5674116810539755,24.156402095977697,0.40834330915280004,-22.042128957184815
4.749999999999943,26.18199999999981,-0.5684831394714234,24.166831010161914,0.4102628705580332,-22.08602162576723
4.759999999999943,26.23711999999981,-0.5694852421990195,24.177267964638084,0.41213548309263476,-22.129939894699906
4.769999999999943,26.292239999999808,-0.5704105062734754,24.187712662183042,0.4139548949883122,-22.17387773028261
4.7799999999999425,26.347359999999806,-0.5712504993829809,24.19816477547609,0.4157140444831005,-22.217828187872385
4.789999999999942,26.402479999999805,-0.5719957268356303,24.208623950464407,0.4174049612850823,-22.261783384934038
4.799999999999942,26.457599999999804,-0.5726355158162818,24.219089812379046,0.41901866378216285,-22.30573451753129
4.809999999999942,26.512719999999803,-0.5731579037639865,24.22956197531132,0.42054505685342014,-22.349671942514036
4.819999999999942,26.5678399999998,-0.5735495418767858,24.24004005646519,0.42197283846908906,-22.39358535370822
4.8299999999999415,26.6229599999998,-0.5737956306067131,24.250523696413378,0.42328942815257187,-22.43746408585294
4.839999999999941,26.6780799999998,-0.5738799119210369,24.261012586869466,0.42448093733776365,-22.481297582669555
4.849999999999941,26.733199999999798,-0.5737847532888215,24.27150650760192,0.4255322112285147,-22.52507606139218
4.859999999999941,26.788319999999796,-0.573491370568675,24.282005374074267,0.42642698434548754,-22.56879138894432
4.869999999999941,26.843439999999795,-0.572980250079622,24.292509297081555,0.42714820740771975,-22.61243814555722
4.87999999999994,26.898559999999794,-0.5722318413362709,24.30301865488486,0.42767862024348147,-22.656014778519644
4.88999999999994,26.953679999999792,-0.5712275959050054,24.313534176864074,0.4280016604864379,-22.69952463153639
4.89999999999994,27.00879999999979,-0.5699514159566661,24.32405703515927,0.42810280354755925,-22.742976472540686
4.90999999999994,27.06391999999979,-0.5683915365082206,24.334588936698648,0.42797141306554193,-22.78638395788242
4.9199999999999395,27.11903999999979,-0.5665427852693042,24.345132202000837,0.4276031241883354,-22.829763333040226
4.929999999999939,27.174159999999787,-0.564409035682717,24.3556898091269,0.42700266313200996,-22.873128713756103
4.939999999999939,27.229279999999786,-0.5620054997867544,24.366265372275354,0.4261868107064544,-22.91648470542716
4.949999999999939,27.284399999999785,-0.5593603328970839,24.376863018277007,0.4251869555955072,-22.959817063379397
4.959999999999939,27.339519999999784,-0.5565149099512446,24.38748712768468,0.42405041603919413,-23.003083523456528
4.9699999999999385,27.394639999999782,-0.5535221733214719,24.398141929551407,0.42283956316865684,-23.046208360402172
4.979999999999938,27.44975999999978,-0.5504427196673476,24.408830985502306,0.4216279295639072,-23.08908469787851
4.989999999999938,27.50487999999978,-0.5473388006040162,24.419556658840207,0.42049307652210505,-23.131587063099133
4.999999999999938,27.55999999999978,-0.5442670661809239,24.430319706325875,0.4195070096876329,-23.17359293440719
5.009999999999938,27.56,-0.5410444911245267,24.433937813547196,0.41839567958384677,-23.203128875303683
5.019999999999937,27.50488,-0.5377525574370228,24.428300697573945,0.4170177014238957,-23.210734746769962
5.029999999999937,27.44976,-0.5349184403299037,24.420070997521034,0.4156350168610072,-23.203271577400763
5.039999999999937,27.394640000000003,-0.5326268673409538,24.41093381965954,0.41412902145397534,-23.187194978752867
5.049999999999937,27.339520000000004,-0.5307561618627539,24.40124376524863,0.41241717735515016,-23.16524600506717
5.0599999999999365,27.284400000000005,-0.529382866825396,24.391280444614317,0.41068529613215915,-23.139153726907676
5.069999999999936,27.229280000000006,-0.5285998672866874,24.38112794039558,0.40910153732345084,-23.11016286749046
5.079999999999936,27.174160000000008,-0.5284109350960765,24.37084812409454,0.40776537946942887,-23.07902119907401
5.089999999999936,27.11904000000001,-0.5287292406957802,24.360460833546245,0.4066493993638467,-23.046381281690326
5.099999999999936,27.06392000000001,-0.5294041388102805,24.3499817842157,0.40564963800658893,-23.012705581930128
5.1099999999999355,27.00880000000001,-0.5302776120062863,24.339419298252754,0.40464729880801964,-22.97823265362359
5.119999999999935,26.953680000000013,-0.5312410042634591,24.328792317730134,0.40357608971349096,-22.942993714273445
5.129999999999935,26.898560000000014,-0.5322393229906184,24.3181182352976,0.4024343875128346,-22.9068763479085
5.139999999999935,26.843440000000015,-0.5332757234618671,24.30742083290599,0.4012779835886961,-22.86977536190665
5.149999999999935,26.788320000000017,-0.5343685996865182,24.296712707087707,0.40017940858959866,-22.83163370118335
5.159999999999934,26.733200000000018,-0.5355396567284374,24.28600573976034,0.3991936482880679,-22.792543037740273
5.169999999999934,26.67808000000002,-0.5367825544786177,24.27530070169047,0.39833531176040377,-22.752654853629753
5.179999999999934,26.62296000000002,-0.5380736982869605,24.26459902916381,0.397580098691374,-22.712181244379
5.189999999999934,26.56784000000002,-0.5393723305207287,24.25389820967568,0.39688377798747565,-22.671265397226907
5.199999999999934,26.512720000000023,-0.5406430512346317,24.243199497032624,0.39620257699390166,-22.63001223589757
5.209999999999933,26.457600000000024,-0.5418614808026947,24.23250555008155,0.3955111684889672,-22.588442682919865
5.219999999999933,26.402480000000025,-0.5430203768123019,24.22182092071023,0.39480387294381025,-22.54657139525484
5.229999999999933,26.347360000000027,-0.5441253257921321,24.211151288950933,0.39409229113301103,-22.50439779544675
5.239999999999933,26.292240000000028,-0.5451854771586384,24.200499685316345,0.39339169251662603,-22.4619503069061
5.2499999999999325,26.23712000000003,-0.5462104432752749,24.1898698365937,0.39271533290750654,-22.419265018873077
5.259999999999932,26.18200000000003,-0.5472010446690756,24.179261129153236,0.3920668032014834,-22.376383358944565
5.269999999999932,26.126880000000032,-0.5481563696850326,24.168675389396792,0.3914436231301266,-22.333339330627624
5.279999999999932,26.071760000000033,-0.5490679822529396,24.158110641902326,0.39083823996760164,-22.290144787817518
5.289999999999932,26.016640000000034,-0.5499318756185304,24.147568978944754,0.39024405117260247,-22.246808564023883
5.299999999999931,25.961520000000036,-0.5507405813350973,24.137048970301855,0.3896560251257632,-22.20331829875117
5.309999999999931,25.906400000000037,-0.5514934767983641,24.126553280420577,0.38907209279523103,-22.159677013265437
5.319999999999931,25.85128000000004,-0.552185836824641,24.11608071978206,0.388491407607112,-22.115869764662214
5.329999999999931,25.79616000000004,-0.5528176721492716,24.10563349179641,0.3879130161125292,-22.071902606010454
5.339999999999931,25.74104000000004,-0.5533832171509709,24.09521001102855,0.3873351802318108,-22.02775818487488
5.34999999999993,25.685920000000042,-0.5538799021281289,24.0848116078102,0.386754314393233,-21.983438149626554
5.35999999999993,25.630800000000043,-0.5542998829651495,24.07443644195468,0.3861662351987191,-21.938919243620745
5.36999999999993,25.575680000000045,-0.5546384205818231,24.064085224439992,0.3855651602481554,-21.89419830957538
5.37999999999993,25.520560000000046,-0.554886869860185,24.053756147501225,0.38494548563744174,-21.84925211685499
5.3899999999999295,25.465440000000047,-0.5550394505249023,24.043449423584853,0.384300221881075,-21.804078621984385
5.399999999999929,25.41032000000005,-0.5550874497626359,24.033163211301527,0.3836226759370022,-21.75866061152854
5.409999999999929,25.35520000000005,-0.5550245044484912,24.02289710438772,0.3829047419293171,-21.713000192045797
5.419999999999929,25.30008000000005,-0.5548422558009527,24.012649042355463,0.38213859882434914,-21.667088416967978
5.429999999999929,25.244960000000052,-0.5545345472148762,24.00241795117599,0.38131532579584004,-21.620933342069677
5.4399999999999284,25.189840000000054,-0.5540944323115795,23.992201506601038,0.3804265690668827,-21.574536693899447
5.449999999999928,25.134720000000055,-0.5535174326587999,23.981998085302145,0.37946356593490144,-21.527915537764628
5.459999999999928,25.079600000000056,-0.5527995191298111,23.971805196035394,0.37841862680310107,-21.481084814918127
5.469999999999928,25.024480000000057,-0.5519395049658634,23.96162089819341,0.3772845160473686,-21.434072685442015
5.479999999999928,24.96936000000006,-0.5509376265491266,23.95144274136231,0.3760556643092976,-21.38690738727029
5.489999999999927,24.91424000000006,-0.5497971568928645,23.94126879772593,0.37472779534598544,-21.339627149212856
5.499999999999927,24.85912000000006,-0.5485232617598262,23.931096965974092,0.3732987948304367,-21.29227019642572
5.509999999999927,24.804000000000062,-0.5471239035409257,23.92092571503594,0.37176840278789564,-21.24488056805844
5.519999999999927,24.748880000000064,-0.5456087445612543,23.910753614277052,0.3701386662359693,-21.197500483883843
5.5299999999999265,24.693760000000065,-0.5439894636785796,23.90057984261494,0.36841353688428574,-21.150173527461995
5.539999999999926,24.638640000000066,-0.5422786524642322,23.890403833931437,0.3665989117869544,-21.102939026847174
5.549999999999926,24.583520000000068,-0.5404897663851643,23.880225591979922,0.3647020961869569,-21.055833962210823
5.559999999999926,24.52840000000007,-0.5386361140972751,23.870045386202577,0.36273155630880194,-21.008889209718735
5.569999999999926,24.47328000000007,-0.5367307064576162,23.859863920683388,0.36069633915822075,-20.96213109181247
5.5799999999999255,24.41816000000007,-0.534785481070894,23.849682062847492,0.3586057357461997,-20.915579209309225
5.589999999999925,24.363040000000073,-0.5328112486332693,23.83950092460214,0.3564688000195145,-20.869247997969183
5.599999999999925,24.307920000000074,-0.5308172275546521,23.829321635245186,0.3542940945229596,-20.823145709578075
5.609999999999925,24.252800000000075,-0.5288111630024892,23.81914538820927,0.35208940020260376,-20.777275980330426
5.619999999999925,24.197680000000076,-0.5267991448072645,23.808973272473,0.3498616188353306,-20.731637516292203
5.629999999999924,24.142560000000078,-0.5247858668353321,23.798806318314107,0.3476166743493593,-20.68622557189013
5.639999999999924,24.08744000000008,-0.5227746348082117,23.78864538854099,0.3453595521262067,-20.64103200368903
5.649999999999924,24.03232000000008,-0.5207676845559344,23.778491233716377,0.3430943300983808,-20.59604656879897
5.659999999999924,23.97720000000008,-0.5187662752171195,23.76834443116526,0.3408242918098209,-20.55125712094394
5.6699999999999235,23.922080000000083,-0.5167709896467655,23.758205445347187,0.3385520142708039,-20.506650666116236
5.679999999999923,23.866960000000084,-0.5147818354504835,23.74807459730284,0.336279496121493,-20.462213552542593
5.689999999999923,23.811840000000085,-0.5127984824218209,23.737952121595303,0.3340082504404864,-20.417932250002924
5.699999999999923,23.756720000000087,-0.5108203323190081,23.727838151178563,0.3317394140867852,-20.37379345046334
5.709999999999923,23.701600000000088,-0.508846681676133,23.71773276470763,0.32947382111014195,-20.329784576728255
5.7199999999999225,23.64648000000009,-0.5068767523168637,23.707635977376853,0.32721208230750753,-20.285893771587553
5.729999999999922,23.59136000000009,-0.5049097899030203,23.697547776566058,0.32495463423706905,-20.242110180460358
5.739999999999922,23.53624000000009,-0.5029450640386622,23.687468114294663,0.3227017912627094,-20.198423851763398
5.749999999999922,23.481120000000093,-0.5009819213860045,23.677396932257942,0.3204537743140406,-20.154825859678258
5.759999999999922,23.426000000000094,-0.4990197687849646,23.66733415467469,0.31821074241273356,-20.111308157327866
5.769999999999921,23.370880000000096,-0.4970580988464189,23.657279705097057,0.3159728075896655,-20.06786360478818
5.779999999999921,23.315760000000097,-0.4950964671927641,23.647233499748634,0.31374005289963913,-20.024485813454998
5.789999999999921,23.260640000000098,-0.49313450351484256,23.63719545855187,0.3115125390335532,-19.981169128827023
5.799999999999921,23.2055200000001,-0.49117188964906905,23.627165499310532,0.3092903141531325,-19.93790849072842
5.809999999999921,23.1504000000001,-0.48920836391484784,23.617143544896,0.3070734160487884,-19.894699401311566
5.81999999999992,23.095280000000102,-0.4872437029706841,23.607129518478075,0.3048618773260569,-19.851537811708955
5.82999999999992,23.040160000000103,-0.48527772345454695,23.597123348223477,0.3026557254626996,-19.80842009032589
5.83999999999992,22.985040000000104,-0.4833102682162272,23.587124963579345,0.3004549854905796,-19.765342936842757
5.84999999999992,22.929920000000106,-0.4813412070372834,23.57713429836691,0.29825967925160585,-19.722303356284883
5.8599999999999195,22.874800000000107,-0.47937042673074937,23.56715128799477,0.29606982679274535,-19.679298596523793
5.869999999999919,22.81968000000011,-0.47739783159760574,23.557175871508854,0.29388544546447115,-19.636326128852993
5.879999999999919,22.76456000000011,-0.475423336545337,23.5472079895633,0.2917065506800908,-19.59338360375434
5.889999999999919,22.70944000000011,-0.473446867465687,23.537247585783472,0.28953315512593747,-19.55046883691222
5.899999999999919,22.654320000000112,-0.47146835655057023,23.527294605321764,0.28736526921158095,-19.507579778362082
5.909999999999918,22.599200000000113,-0.4694877426136392,23.517348995762877,0.2852029004672102,-19.46471450252672
5.919999999999918,22.544080000000115,-0.46750496793632634,23.507410706114033,0.283046053837018,-19.42187118681681
5.929999999999918,22.488960000000116,-0.4655199785174901,23.49747968740254,0.28089473125186976,-19.37904810446435
5.939999999999918,22.433840000000117,-0.46353272195296014,23.487555891978204,0.27874893183114613,-19.33624360964812
5.949999999999918,22.37872000000012,-0.46154314759895065,23.477639273902884,0.2766086515891553,-19.293456132202582
5.959999999999917,22.32360000000012,-0.45955120513228004,23.46772978847153,0.27447388357155006,-19.25068416718159
5.969999999999917,22.26848000000012,-0.45755684462381374,23.457827392460008,0.2723446176506796,-19.20792627080162
5.979999999999917,22.213360000000122,-0.4555600155362169,23.447932043796328,0.2702208406074455,-19.16518105298964
5.989999999999917,22.158240000000124,-0.453560666711329,23.43804370171153,0.2681025359777274,-19.122447174132642
5.9999999999999165,22.103120000000125,-0.45155874564140314,23.428162326511718,0.26598968408478113,-19.07972333961395
6.009999999999916,22.048000000000126,-0.4495541983780906,23.41828787966266,0.26388226190832464,-19.037008297092715
6.019999999999916,21.992880000000127,-0.44754696896760815,23.408420323628253,0.2617802430701195,-18.994300832356494
6.029999999999916,21.93776000000013,-0.44553699928933277,23.398559621909968,0.2596835977053528,-18.951599766948103
6.039999999999916,21.88264000000013,-0.4435242285815627,23.38870573892754,0.25759229240292414,-18.908903954883026
6.0499999999999154,21.82752000000013,-0.441508593215915,23.378858640027808,0.2555062900640149,-18.866212280500662
6.059999999999915,21.772400000000133,-0.4394900262635763,23.36901829139151,0.2534255497973809,-18.823523655743248
6.069999999999915,21.717280000000134,-0.43746845720861566,23.35918466002047,0.25135002675369733,-18.780837018146148
6.079999999999915,21.662160000000135,-0.43544381151950873,23.349357713659785,0.24927967197455841,-18.738151328464625
6.089999999999915,21.607040000000136,-0.43341601030047583,23.339537420769187,0.24721443219295197,-18.695465568737436
6.099999999999914,21.551920000000138,-0.43138496984189795,23.329723750453223,0.2451542496325539,-18.65277874011063
6.109999999999914,21.49680000000014,-0.42935060120528407,23.31991667241992,0.2430990617654707,-18.61008986091337
6.119999999999914,21.44168000000014,-0.4273128097301815,23.310116156913466,0.24104880105635845,-18.56739796456702
6.129999999999914,21.38656000000014,-0.4252714945447593,23.300322174662327,0.23900339466725395,-18.52470209761501
6.1399999999999135,21.331440000000143,-0.4232265480090324,23.29053469680971,0.23696276413877532,-18.482001317618643
6.149999999999913,21.276320000000144,-0.42117785513836486,23.28075369485121,0.23492682503047202,-18.439294691082996
6.159999999999913,21.221200000000145,-0.4191252929621901,23.27097914055976,0.23289548652783476,-18.39658129125076
6.169999999999913,21.166080000000147,-0.41706872984358534,23.261211005911633,0.23086865100380993,-18.353860195854743
6.179999999999913,21.110960000000148,-0.4150080247302009,23.251449263002122,0.22884621353675605,-18.311130484719563
6.1899999999999125,21.05584000000015,-0.41294302634750474,23.241693883958124,0.22682806137480727,-18.26839123725662
6.199999999999912,21.00072000000015,-0.4108735723141044,23.23194484084004,0.22481407334481512,-18.225641529774066
6.209999999999912,20.94560000000015,-0.40879948818028305,23.22220210553755,0.22280411919621118,-18.18288043261041
6.219999999999912,20.890480000000153,-0.40672058637300773,23.21246564965342,0.22079805887447884,-18.140107007030263
6.229999999999912,20.835360000000154,-0.40463666504299406,23.20273544437674,0.21879574171406363,-18.097320301865082
6.239999999999911,20.780240000000155,-0.40254750679671747,23.193011460342653,0.21679700554149084,-18.05451934984159
6.249999999999911,20.725120000000157,-0.40045287730359547,23.183293667476764,0.2148016756770938,-18.011703163557048
6.259999999999911,20.670000000000158,-0.39835252376051833,23.17358203482149,0.21280956382213528,-17.968870731037878
6.269999999999911,20.61488000000016,-0.3962461731974613,23.163876530342414,0.21082046681571331,-17.926021010820858
6.2799999999999105,20.55976000000016,-0.3941335306035213,23.15417712071057,0.20883416524459447,-17.883152926475134
6.28999999999991,20.504640000000162,-0.39201427685078083,23.14448377105683,0.2068504218846257,-17.84026536047663
6.29999999999991,20.449520000000163,-0.38988806638980045,23.13479644469447,0.2048689799505652,-17.79735714732779
6.30999999999991,20.394400000000164,-0.387754524686935,23.125115102803832,0.20288956112642764,-17.75442706579944
6.31999999999991,20.339280000000166,-0.38561324536894614,23.1154397040727,0.2009118633440577,-17.711473830142527
6.3299999999999095,20.284160000000167,-0.3834637870359111,23.105770204285083,0.19893555827199394,-17.668496080100915
6.339999999999909,20.229040000000168,-0.38130566969689345,23.096106555848948,0.19696028847051444,-17.625492369510866
6.349999999999909,20.17392000000017,-0.3791383707766363,23.086448707251616,0.19498566416044844,-17.58246115324042
6.359999999999909,20.11880000000017,-0.3769613206334485,23.07679660243026,0.19301125954438342,-17.539400772171525
6.369999999999909,20.063680000000172,-0.3747738975194938,23.06715018004023,0.19103660860750887,-17.496309435864383
6.379999999999908,20.008560000000173,-0.3725754219044494,23.057509372603,0.18906120031161056,-17.453185202472863
6.389999999999908,19.953440000000175,-0.3703651500714005,23.047874105508996,0.18708447308021947,-17.410025955387162
6.399999999999908,19.898320000000176,-0.36814226688080703,23.038244295846855,0.1851058084522456,-17.366829375971033
6.409999999999908,19.843200000000177,-0.36590587758263515,23.028619851023546,0.18312452375826815,-17.323592911617073
6.419999999999908,19.78808000000018,-0.3636549985401053,23.01900066713139,0.1811398636447098,-17.280313738179238
6.429999999999907,19.73296000000018,-0.3613885467095842,23.00938662700824,0.17915099023544828,-17.236988715623873
6.439999999999907,19.67784000000018,-0.3591053277016091,22.999777597924798,0.17715697167786476,-17.19361433547816
6.449999999999907,19.622720000000182,-0.3568040222261069,22.99017342881474,0.17515676876830788,-17.15018665832238
6.459999999999907,19.567600000000184,-0.3544831707065681,22.980573946946382,0.17314921928703875,-17.106701239160166
6.4699999999999065,19.512480000000185,-0.35214115582865757,22.970978953905625,0.1711330195957661,-17.063153037989377
6.479999999999906,19.457360000000186,-0.34977618277930606,22.961388220729475,0.16910670295500174,-17.019536312241172
6.489999999999906,19.402240000000187,-0.34738625693289577,22.951801481988063,0.1670686139028723,-16.97584448696541
6.499999999999906,19.34712000000019,-0.3449691587647022,22.94221842856089,0.16501687789643982,-16.932069997625312
6.509999999999906,19.29200000000019,-0.342522415830832,22.932638698788438,0.16294936524798947,-16.888204099143937
6.519999999999905,19.23688000000019,-0.3400432717723025,22.923061867599554,0.16086364818721238,-16.84423663332093
6.529999999999905,19.181760000000192,-0.33752865251325415,22.91348743311324,0.15875694964537873,-16.80015574492031
6.539999999999905,19.126640000000194,-0.3349751301831903,22.90391480009445,0.1566260820904652,-16.755947534573277
6.549999999999905,19.071520000000195,-0.33237888588144165,22.89434325949648,0.1544673744522837,-16.711595634194794
6.559999999999905,19.016400000000196,-0.3297356733433914,22.884771963161565,0.15227658488974544,-16.667080688011275
6.569999999999904,18.961280000000198,-0.3270407870432744,22.875199892580774,0.1500487969219475,-16.62237971985849
6.579999999999904,18.9061600000002,-0.32428904055372343,22.865625820465784,0.14777829637323753,-16.577465365818785
6.589999999999904,18.8510400000002,-0.3214747644678143,22.85604826381666,0.1454584268669612,-16.53230495181769
6.599999999999904,18.7959200000002,-0.31859183843668826,22.846465427293317,0.14308142259098056,-16.48685940083805
6.6099999999999035,18.740800000000203,-0.31563377963278216,22.836875136221277,0.14063821937177234,-16.44108196800735
6.619999999999903,18.685680000000204,-0.31259392115791607,22.8272747598352,0.13811824978939735,-16.394916830788986
6.629999999999903,18.630560000000205,-0.309465729567475,22.817661127977928,0.13550923691121985,-16.348297616656726
6.639999999999903,18.575440000000206,-0.30624333140369747,22.808030449336286,0.13279701703636426,-16.301146048034166
6.649999999999903,18.520320000000208,-0.30292234361439796,22.798378247690113,0.129965448818687,-16.25337104546503
6.659999999999902,18.46520000000021,-0.29950112746255764,22.788699346090233,0.1269965097881699,-16.204868878082213
6.669999999999902,18.41008000000021,-0.295982597453046,22.778987948446783,0.1238707469423907,-16.15552529695848
6.679999999999902,18.35496000000021,-0.29237668840519193,22.769237892562977,0.1205683357233317,-16.105220998417753
6.689999999999902,18.299840000000213,-0.28870346462587476,22.759443171239717,0.11707109342669852,-16.053842099281066
6.699999999999902,18.244720000000214,-0.28499657099232545,22.74959882050329,0.1133658300337031,-16.001297224696277
6.709999999999901,18.189600000000215,-0.2813062075031862,22.739702222859748,0.10944927503655788,-15.947541720781246
6.719999999999901,18.134480000000217,-0.2777000882015854,22.72975472764462,0.10533430614266825,-15.892606732970938
6.729999999999901,18.079360000000218,-0.2742602328481182,22.719763236366703,0.10105620229017509,-15.836626346833441
6.739999999999901,18.02424000000022,-0.2710736625699889,22.709741118321144,0.09667639376674414,-15.779851355489818
6.7499999999999005,17.96912000000022,-0.26821699825417283,22.699707728412253,0.0922805835929858,-15.722637562025305
6.7599999999999,17.91400000000022,-0.2657385791849312,22.689686152639865,0.08796937826808482,-15.665403991890164
6.7699999999999,17.858880000000223,-0.26364501912215355,22.679699612125567,0.08384289867171052,-15.608570636623954
6.7799999999999,17.803760000000224,-0.26189886140773877,22.669767741009565,0.07998434350487876,-15.55249690659306
6.7899999999999,17.748640000000226,-0.26042902798020895,22.659904061078482,0.07644833650018668,-15.497440942132847
6.7999999999998995,17.693520000000227,-0.25914926690600426,22.65011527344179,0.07325729478929932,-15.443547402875344
6.809999999999899,17.638400000000228,-0.25797665693607086,22.640402073788923,0.07040515485413323,-15.390858237693228
6.819999999999899,17.58328000000023,-0.2568440951341041,22.630760734433913,0.06786531479877372,-15.339335501664687
6.829999999999899,17.52816000000023,-0.25570505455145537,22.62118478125256,0.06559944778816434,-15.288886928709273
6.839999999999899,17.473040000000232,-0.2545323558145851,22.611666404817385,0.06356499064704879,-15.239388968178917
6.849999999999898,17.417920000000233,-0.2533138680052359,22.6021974997744,0.06172043153756068,-15.190705182504166
6.859999999999898,17.362800000000234,-0.2520475459367219,22.592770353243935,0.060028425875346625,-15.142699649581461
6.869999999999898,17.307680000000236,-0.25073715819160675,22.583378045661245,0.05845719941874494,-15.095245802086705
6.879999999999898,17.252560000000237,-0.2493891780215423,22.574014634991677,0.056980796136224865,-15.04823146776177
6.8899999999998975,17.19744000000024,-0.2480107972724918,22.564675190452157,0.05557865564598857,-15.001560992400329
6.899999999999897,17.14232000000024,-0.2466088152595357,22.55535573180269,0.05423487410595773,-14.95515531299506
6.909999999999897,17.08720000000024,-0.24518912343609398,22.546053117799715,0.05293737543850918,-14.908950742424205
6.919999999999897,17.032080000000242,-0.24375655319759226,22.536764914814725,0.051677121073131105,-14.862897070067499
6.929999999999897,16.976960000000243,-0.2423149203470617,22.527489265603982,0.05044741923880913,-14.816955414087854
6.9399999999998965,16.921840000000245,-0.24086715919190996,22.51822476961327,0.049243353678593615,-14.771096108997751
6.949999999999896,16.866720000000246,-0.23941548368300475,22.50897038008889,0.04806132897138732,-14.725296790782075
6.959999999999896,16.811600000000247,-0.23796154272321976,22.499725319319843,0.04689871885811325,-14.67954075426679
6.969999999999896,16.75648000000025,-0.23650655499747564,22.490489011042452,0.045753600224832436,-14.633815599975833
6.979999999999896,16.70136000000025,-0.2350514189697308,22.481261027898253,0.044624555465230364,-14.588112153905417
6.989999999999895,16.64624000000025,-0.2335967989551581,22.472041051442435,0.04351052782154424,-14.542423626665038
6.999999999999895,16.591120000000252,-0.2321431904632418,22.462828842232494,0.042410716834647755,-14.496744972454033
7.009999999999895,16.536000000000254,-0.2306909686668278,22.45362421778696,0.04132450359709938,-14.451072408904066
7.019999999999895,16.480880000000255,-0.22924042369184067,22.44442703654802,0.040251397808652334,-14.405403062787219
7.0299999999998946,16.425760000000256,-0.22779178591965143,22.435237186338675,0.0391910005684018,-14.359734711971868
7.039999999999894,16.370640000000257,-0.2263452438928449,22.426054576131435,0.03814297839285946,-14.314065599577237
7.049999999999894,16.31552000000026,-0.22490095684515995,22.416879130221716,0.03710704515947105,-14.268394301410682
7.059999999999894,16.26040000000026,-0.22345906338441546,22.40771078412856,0.03608294959394298,-14.22271963217689
7.069999999999894,16.20528000000026,-0.22201968745935918,22.398549481721048,0.035070466604374295,-14.177040579551324
7.0799999999998935,16.150160000000263,-0.22058294243189827,22.38939517320754,0.03406939126537767,-14.131356258060977
7.089999999999893,16.095040000000264,-0.21914893384108575,22.380247813727564,0.03307953461782681,-14.085665876908353
7.099999999999893,16.039920000000265,-0.21771776127319672,22.37110736236048,0.03210072070698111,-14.039968717534872
7.109999999999893,15.984800000000265,-0.2162895196252387,22.36197378142278,0.03113278446286094,-13.994264117930117
7.119999999999893,15.929680000000264,-0.2148642999611465,22.352847035962796,0.030175570153637143,-13.94855146159319
7.129999999999892,15.874560000000264,-0.21344219009513415,22.34372709339167,0.029228930229680816,-13.90283016968564
7.139999999999892,15.819440000000263,-0.21202327499419008,22.33461392320713,0.028292724435187377,-13.857099695370447
7.149999999999892,15.764320000000263,-0.2106076370606835,22.325507496781597,0.027366819105546614,-13.81135951964578
7.159999999999892,15.709200000000262,-0.2091953563354415,22.316407787195644,0.02645108659500023,-13.765609148206867
7.169999999999892,15.654080000000262,-0.20778651064883807,22.30731476910201,0.02554540479773104,-13.719848109017649
7.179999999999891,15.598960000000261,-0.20638117573658746,22.298228418612688,0.024649656737578796,-13.67407595037625
7.189999999999891,15.54384000000026,-0.2049794253326349,22.289148713202362,0.023763730209562017,-13.62829223933341
7.199999999999891,15.48872000000026,-0.2035813312458106,22.280075631623877,0.022887517461657847,-13.582496560362534
7.209999999999891,15.43360000000026,-0.202186963425871,22.271009153833734,0.0220209149090268,-13.536688514218518
7.2199999999998905,15.378480000000259,-0.20079639002135952,22.261949260924744,0.02116382287455676,-13.490867716939189
7.22999999999989,15.323360000000259,-0.19940967743201174,22.252895935064934,0.02031614535202625,-13.445033798957846
7.23999999999989,15.268240000000258,-0.19802689035657184,22.243849159441634,0.019477789788525046,-13.399186404305846
7.24999999999989,15.213120000000258,-0.19664809183733173,22.234808918210142,0.018648666883742226,-13.353325189889802
7.25999999999989,15.158000000000257,-0.19527334330166637,22.22577519644586,0.017828690404240233,-13.307449824830586
7.269999999999889,15.102880000000257,-0.1939027046013877,22.216747980100298,0.017017777011124502,-13.261559989858224
7.279999999999889,15.047760000000256,-0.19253623404986833,22.20772725595957,0.016215846099746356,-13.215655376752178
7.289999999999889,14.992640000000256,-0.1911739884574336,22.19871301160627,0.015422819650419028,-13.169735687824756
7.299999999999889,14.937520000000255,-0.18981602316517182,22.189705235383236,0.014638622088966269,-13.123800635442816
7.309999999999889,14.882400000000255,-0.18846239207715665,22.18070391635985,0.013863180156618193,-13.077849941580443
7.319999999999888,14.827280000000254,-0.18711314769140225,22.171709044300613,0.013096422787980067,-13.031883337406104
7.329999999999888,14.772160000000254,-0.18576834112959642,22.16272060963486,0.012338280996885831,-12.985900562894887
7.339999999999888,14.717040000000253,-0.1844280221655712,22.15373860342943,0.011588687769129025,-12.939901366467208
7.349999999999888,14.661920000000253,-0.18309223925287116,22.1447630173616,0.010847577961926036,-12.89388550465118
7.3599999999998875,14.606800000000252,-0.18176103955117498,22.135793843694692,0.010114888209189432,-12.847852741765175
7.369999999999887,14.551680000000252,-0.18043446895192938,22.12683107525404,0.00939055683248552,-12.801802849622064
7.379999999999887,14.496560000000251,-0.17911257210286127,22.117874705405185,0.008674523757149555,-12.75573560724892
7.389999999999887,14.44144000000025,-0.17779539243209996,22.108924728032427,0.007966730433108526,-12.709650800626042
7.399999999999887,14.38632000000025,-0.17648297217102582,22.099981137519112,0.007267119760304197,-12.663548222439793
7.4099999999998865,14.33120000000025,-0.1751753523767133,22.09104392872842,0.006575636018062325,-12.61742767185015
7.419999999999886,14.276080000000249,-0.17387257295367364,22.082113096985637,0.00589222479855489,-12.571288954272624
7.429999999999886,14.220960000000249,-0.17257467267472965,22.073188638060742,0.005216832943564231,-12.52513188116972
7.439999999999886,14.165840000000248,-0.17128168920152476,22.064270548152503,0.00454940848495361,-12.478956269857083
7.449999999999886,14.110720000000248,-0.16999365910431832,22.055358823872545,0.0038899005879591275,-12.43276194331798
7.459999999999885,14.055600000000247,-0.16871061788113506,22.046453462231035,0.003238259497653273,-12.386548730028927
7.469999999999885,14.000480000000247,-0.1674325999766582,22.037554460622367,0.0025944364879912363,-12.340316463793368
7.479999999999885,13.945360000000246,-0.1661596388002555,22.028661816811656,0.0019583838135481813,-12.294064983586242
7.489999999999885,13.890240000000246,-0.16489176674390768,22.019775528922114,0.0013300546636626498,-12.247794133402389
7.4999999999998845,13.835120000000245,-0.16362901519925577,22.010895595422724,0.0007094031188020766,-12.201503762117579
7.509999999999884,13.780000000000244,-0.16237141457460644,22.002022015116392,9.638410912210515e-05,-12.155193723353046
7.519999999999884,13.724880000000244,-0.1611189943111991,21.993154787128965,-0.0005090466250450287,-12.108863875347565
7.529999999999884,13.669760000000243,-0.15987178289936715,21.984293910898227,-0.0011069325706431488,-12.062514080835813
7.539999999999884,13.614640000000243,-0.15862980789395517,21.97543938616385,-0.0016973164777930871,-12.016144206933085
7.5499999999998835,13.559520000000242,-0.15739309592968312,21.96659121295727,-0.0022802403938133597,-11.969754125024096
7.559999999999883,13.504400000000242,-0.1561616727359746,21.957749391592557,-0.002855745695641787,-11.923343710658312
7.569999999999883,13.449280000000241,-0.1549355631515067,21.94891392265692,-0.003423873120997678,-11.87691284344904
7.579999999999883,13.394160000000241,-0.15371479113836803,21.94008480700234,-0.003984662797790306,-11.830461406977728
7.589999999999883,13.33904000000024,-0.15249937979600364,21.931262045736936,-0.0045381542724677315,-11.78398928870242
7.599999999999882,13.28392000000024,-0.15128935137472513,21.922445640217035,-0.005084386536936658,-11.737496379869457
7.609999999999882,13.22880000000024,-0.1500847272890251,21.91363559203936,-0.005623398054254547,-11.690982575430876
7.619999999999882,13.173680000000239,-0.14888552813055433,21.904831903033575,-0.006155226783325085,-11.644447773963273
7.629999999999882,13.118560000000238,-0.1476917736808187,21.89603457525512,-0.006679910202370853,-11.59789187759097
7.6399999999998816,13.063440000000238,-0.14650348292363244,21.887243610978167,-0.007197485331393028,-11.551314791912365
7.649999999999881,13.008320000000237,-0.14532067405727042,21.878459012689206,-0.007707988753820505,-11.504716425930171
7.659999999999881,12.953200000000237,-0.14414336450648763,21.869680783080174,-0.00821145663687739,-11.458096691983194
7.669999999999881,12.898080000000236,-0.14297157093415108,21.860908925042846,-0.008707924751507112,-11.411455505681024
7.679999999999881,12.842960000000236,-0.14180530925265655,21.852143441662236,-0.009197428491072024,-11.364792785842072
7.6899999999998805,12.787840000000235,-0.14064459463527937,21.843384336211198,-0.009680002889491168,-11.318108454433846
7.69999999999988,12.732720000000235,-0.1394894415270342,21.834631612144765,-0.01015568263848099,-11.271402436515295
7.70999999999988,12.677600000000234,-0.13833986365557055,21.825885273094602,-0.010624502104211841,-11.22467466018158
7.71999999999988,12.622480000000234,-0.137195874041762,21.817145322864043,-0.011086495343042235,-11.177925056509673
7.72999999999988,12.567360000000233,-0.1360574850100215,21.808411765422846,-0.011541696116875833,-11.131153559510025
7.739999999999879,12.512240000000233,-0.13492470819857552,21.799684604902424,-0.011990137907635978,-11.084360106074117
7.749999999999879,12.457120000000232,-0.13379755456941891,21.790963845591058,-0.012431853931297143,-11.037544635929073
7.759999999999879,12.402000000000232,-0.1326760344180886,21.782249491929363,-0.012866877151253453,-10.990707091590929
7.769999999999879,12.346880000000231,-0.13156015738342577,21.77354154850596,-0.013295240291290145,-10.9438474183221
7.779999999999879,12.291760000000231,-0.1304499324569155,21.764840020053054,-0.013716975847629653,-10.896965564086601
7.789999999999878,12.23664000000023,-0.12934536799202523,21.75614491144238,-0.014132116101069403,-10.850061479511597
7.799999999999878,12.18152000000023,-0.12824647171328246,21.747456227681166,-0.0145406931281159,-10.803135117846269
7.809999999999878,12.12640000000023,-0.12715325072537406,21.738773973908266,-0.014942738811988321,-10.756186434924862
7.819999999999878,12.071280000000229,-0.12606571152179571,21.730098155390372,-0.015338284852944362,-10.709215389129582
7.8299999999998775,12.016160000000228,-0.12498385999356645,21.721428777518295,-0.015727362778386655,-10.662221941354678
7.839999999999877,11.961040000000228,-0.12390770143779695,21.71276584580371,-0.016110003952356733,-10.615206054973276
7.849999999999877,11.905920000000227,-0.12283724056586229,21.70410936587529,-0.016486239584935447,-10.568167695803748
7.859999999999877,11.850800000000227,-0.12177248151191297,21.695459343475722,-0.0168561007409489,-10.521106832078074
7.869999999999877,11.795680000000226,-0.12071342784060818,21.686815784458254,-0.01721961834846747,-10.47402343441061
7.879999999999876,11.740560000000226,-0.11966008255537655,21.678178694783796,-0.01757682320699927,-10.42691747576946
7.889999999999876,11.685440000000225,-0.1186124481059781,21.66954808051755,-0.017927745995289845,-10.379788931446143
7.899999999999876,11.630320000000225,-0.11757052639633342,21.6609239478265,-0.01827241727884754,-10.332637779029673
7.909999999999876,11.575200000000224,-0.11653431879208351,21.65230630297606,-0.018610867517094898,-10.285463998378384
7.919999999999876,11.520080000000224,-0.1155038261278882,21.643695152327613,-0.018943127070326138,-10.238267571594509
7.929999999999875,11.464960000000223,-0.1144790487148703,21.635090502335732,-0.019269226206314105,-10.191048482998994
7.939999999999875,11.409840000000223,-0.1134599863477451,21.626492359545487,-0.019589195106660073,-10.143806719107667
7.949999999999875,11.354720000000222,-0.11244663831198723,21.617900730590016,-0.019903063872921456,-10.096542268607488
7.959999999999875,11.299600000000222,-0.11143900339066581,21.609315622187907,-0.020210862532449747,-10.049255122334086
7.9699999999998745,11.244480000000221,-0.11043707987140128,21.60073704114096,-0.020512621044008195,-10.00194527324975
7.979999999999874,11.189360000000221,-0.10944086555310509,21.592164994331615,-0.02080836930316371,-9.954612716422753
7.989999999999874,11.13424000000022,-0.10845035775260184,21.583599488721042,-0.02109813714745845,-9.907257449006238
7.999999999999874,11.07912000000022,-0.10746555331117438,21.575040531346485,-0.021381954361317734,-9.859879470219674
8.009999999999874,11.02400000000022,-0.10648644860104067,21.566488129319417,-0.021659850680868953,-9.812478781327869
8.019999999999873,10.968880000000219,-0.10551303953164617,21.557942289823554,-0.021931855798428268,-9.765055385624565
8.029999999999873,10.913760000000218,-0.10454532155600338,21.549403020112386,-0.022197999366886934,-9.717609288413987
8.039999999999873,10.858640000000218,-0.10358328967671812,21.540870327507765,-0.022458311003959897,-9.670140496992564
8.049999999999873,10.803520000000217,-0.10262693845218654,21.53234421939754,-0.02271282029608568,-9.6226490206342
8.059999999999873,10.748400000000217,-0.10167626200250299,21.523824703233988,-0.02296155680231271,-9.575134870573017
8.069999999999872,10.693280000000216,-0.10073125401532954,21.515311786531825,-0.02320455005801436,-9.527598059988167
8.079999999999872,10.638160000000216,-0.09979190775171823,21.506805476866642,-0.02344182957831531,-9.480038603989133
8.089999999999872,10.583040000000215,-0.09885821605184442,21.498305781872936,-0.02367342486155144,-9.432456519601065
8.099999999999872,10.527920000000215,-0.09793017134057927,21.489812709242713,-0.02389936539247195,-9.384851825751161
8.109999999999872,10.472800000000214,-0.09700776563313554,21.48132626672385,-0.024119680645337038,-9.337224543255314
8.119999999999871,10.417680000000214,-0.0960909905404326,21.472846462118348,-0.024334400086767738,-9.289574694805026
8.129999999999871,10.362560000000213,-0.09517983727454218,21.464373303280926,-0.024543553178771826,-9.241902304954733
8.139999999999871,10.307440000000213,-0.09427429665403983,21.455906798117603,-0.024747169381215517,-9.194207400111104
8.14999999999987,10.252320000000212,-0.09337435910914485,21.447446954584255,-0.02494527815463876,-9.146490008519885
8.15999999999987,10.197200000000212,-0.09248001468698192,21.438993780685106,-0.02513790896247392,-9.098750160256078
8.16999999999987,10.142080000000211,-0.09159125305660451,21.43054728447152,-0.02532509127365623,-9.050987887212765
8.17999999999987,10.08696000000021,-0.09070806351408922,21.42210747404058,-0.025506854564618597,-9.00320322309114
8.18999999999987,10.03184000000021,-0.089830434987416,21.413674357534028,-0.025683228321676077,-8.955396203390617
8.19999999999987,9.97672000000021,-0.08895835604140381,21.40524794313663,-0.025854242042987585,-8.907566865400087
8.20999999999987,9.92160000000021,-0.08809181488252843,21.396828239075436,-0.026019925240328534,-8.859715248187275
8.21999999999987,9.866480000000209,-0.08723079936363254,21.388415253618277,-0.026180307441314055,-8.811841392592154
8.229999999999869,9.811360000000208,-0.08637529698868504,21.380008995072934,-0.026335418190852833,-8.76394534121748
8.239999999999869,9.756240000000208,-0.08552529491730243,21.37160947178571,-0.026485287053028717,-8.716027138421385
8.249999999999869,9.701120000000207,-0.08468077996939924,21.36321669214071,-0.026629943612648532,-8.66808683030952
8.259999999999868,9.646000000000207,-0.08384173862968833,21.354830664558527,-0.026769417476773805,-8.620124464729205
8.269999999999868,9.590880000000206,-0.08300815705203246,21.346451397495468,-0.02690373827614262,-8.572140091260389
8.279999999999868,9.535760000000206,-0.0821800210639933,21.338078899442596,-0.027032935666679747,-8.524133761211402
8.289999999999868,9.480640000000205,-0.08135731617094188,21.329713178924507,-0.02715703933070912,-8.47610552761111
8.299999999999867,9.425520000000205,-0.08054002756051204,21.32135424449886,-0.02727607897827461,-8.428055445205368
8.309999999999867,9.370400000000204,-0.07972814010669799,21.313002104755128,-0.02739008434821172,-8.379983570448694
8.319999999999867,9.315280000000204,-0.07892163837407282,21.304656768314068,-0.02749908520948613,-8.331889961501558
8.329999999999867,9.260160000000203,-0.07812050662189521,21.29631824382666,-0.027603111362015098,-8.283774678224331
8.339999999999867,9.205040000000203,-0.0773247288080812,21.287986539973513,-0.027702192637918843,-8.235637782172985
8.349999999999866,9.149920000000202,-0.076534288593255,21.27966166546404,-0.027796358902317353,-8.187479336595112
8.359999999999866,9.094800000000202,-0.07574916934476314,21.27134362903564,-0.02788564005435995,-8.139299406425524
8.369999999999866,9.039680000000201,-0.07496935414046427,21.26303243945314,-0.02797006602799973,-8.091098058283373
8.379999999999866,8.9845600000002,-0.07419482577256872,21.25472810550806,-0.02804966679284243,-8.042875360467553
8.389999999999866,8.9294400000002,-0.07342556675152798,21.246430636018,-0.028124472354958796,-7.9946313829549736
8.399999999999865,8.8743200000002,-0.07266155930972368,21.238140039825957,-0.02819451275752738,-7.946366197396815
8.409999999999865,8.8192000000002,-0.07190278540521908,21.229856325799723,-0.028259818081627308,-7.898079877116781
8.419999999999865,8.764080000000199,-0.07114922672526885,21.221579502831446,-0.02832041844684552,-7.849772497107542
8.429999999999865,8.708960000000198,-0.07040086469013068,21.21330957983689,-0.028376344011837085,-7.801444134029704
8.439999999999864,8.653840000000198,-0.06965768045643575,21.20504656575506,-0.02842762497501039,-7.75309486621054
8.449999999999864,8.598720000000197,-0.0689196549208988,21.196790469547544,-0.028474291574970723,-7.70472477364031
8.459999999999864,8.543600000000197,-0.06818676872361207,21.18854130019834,-0.028516374091117902,-7.6563339379731845
8.469999999999864,8.488480000000196,-0.06745900225155271,21.180299066712934,-0.028553902844121515,-7.607922442525424
8.479999999999864,8.433360000000196,-0.06673633564199016,21.172063778118396,-0.02858690819628501,-7.559490372274406
8.489999999999863,8.378240000000195,-0.0660187487858086,21.16383544346252,-0.02861542055209776,-7.511037813857469
8.499999999999863,8.323120000000195,-0.06530622133077735,21.155614071813616,-0.028639470358540864,-7.4625648555728485
8.509999999999863,8.268000000000194,-0.06459873268484817,21.1473996722603,-0.02865908810560902,-7.414071587378839
8.519999999999863,8.212880000000194,-0.0638962620193757,21.13919225391083,-0.02867430432648338,-7.365558100893407
8.529999999999863,8.157760000000193,-0.06319878827227352,21.13099182589305,-0.0286851495979889,-7.317024489395343
8.539999999999862,8.102640000000193,-0.06250629015113512,21.122798397353975,-0.028691654540898726,-7.26847084782396
8.549999999999862,8.047520000000192,-0.0618187461363745,21.114611977459493,-0.028693849820192463,-7.219897272780244
8.559999999999862,7.992400000000193,-0.06113613448429875,21.106432575394095,-0.02869176614538599,-7.171303862527756
8.569999999999862,7.937280000000193,-0.06045843323004818,21.098260200360794,-0.028685434270768195,-7.122690716993725
8.579999999999862,7.8821600000001935,-0.05978562019063588,21.090094861580702,-0.02867488499565929,-7.074057937769794
8.589999999999861,7.827040000000194,-0.0591176729679295,21.08193656829288,-0.02866014916467491,-7.025405628114163
8.599999999999861,7.771920000000194,-0.058454568951405494,21.07378532975431,-0.02864125766788772,-6.97673389295278
8.60999999999986,7.716800000000195,-0.057796285321240065,21.065641155239472,-0.028618241441093484,-6.928042838881255
8.61999999999986,7.661680000000195,-0.057142799050942106,21.057504054040482,-0.028591131466000952,-6.8793325741671705
8.62999999999986,7.606560000000195,-0.05649408691021743,21.04937403546672,-0.028559958770444205,-6.830603208751613
8.63999999999986,7.551440000000196,-0.055850125467785755,21.041251108844982,-0.028524754428464028,-6.781854854252203
8.64999999999986,7.496320000000196,-0.05521089109400576,21.03313528351911,-0.028485549560692325,-6.733087623965145
8.65999999999986,7.4412000000001965,-0.05457635996361057,21.025026568850237,-0.028442375334276127,-6.684301632867878
8.66999999999986,7.386080000000197,-0.053946508058356074,21.01692497421649,-0.02839526296322209,-6.63549699762203
8.67999999999986,7.330960000000197,-0.05332131116963046,21.00883050901308,-0.02834424370848937,-6.586673836576241
8.68999999999986,7.275840000000198,-0.05270074490102247,21.000743182652393,-0.0282893488781506,-6.53783226976955
8.699999999999859,7.220720000000198,-0.05208478467083591,20.99266300456375,-0.028230609827521014,-6.488972418934173
8.709999999999859,7.1656000000001985,-0.05147340571470166,20.984589984193736,-0.028168057959359005,-6.440094407499374
8.719999999999859,7.110480000000199,-0.0508665830878971,20.97652413100605,-0.02810172472393757,-6.391198360594078
8.729999999999858,7.055360000000199,-0.05026429166791371,20.96846545448154,-0.028031641619275793,-6.342284405052134
8.739999999999858,7.0002400000002,-0.049666506156786666,20.960413964118583,-0.027957840191219385,-6.293352669414245
8.749999999999858,6.9451200000002,-0.04907320108352009,20.952369669432905,-0.027880352033612776,-6.244403283933032
8.759999999999858,6.8900000000002,-0.0484843508063314,20.9443325799578,-0.027799208788475582,-6.19543638057648
8.769999999999857,6.834880000000201,-0.047899929515056505,20.936302705244366,-0.027714442146050622,-6.146452093032589
8.779999999999857,6.779760000000201,-0.047319911233334094,20.928280054861556,-0.027626083845013027,-6.097450556712518
8.789999999999857,6.724640000000202,-0.04674426982084398,20.920264638396386,-0.02753416567266992,-6.048431908756037
8.799999999999857,6.669520000000202,-0.04617297897554379,20.912256465454277,-0.02743871946505483,-5.999396288035754
8.809999999999857,6.614400000000202,-0.04560601223582242,20.904255545659048,-0.027339777107086738,-5.95034383516082
8.819999999999856,6.559280000000203,-0.045043342982591356,20.896261888653463,-0.02723737053273073,-5.901274692482226
8.829999999999856,6.504160000000203,-0.04448494444135451,20.888275504099127,-0.027131531725191782,-5.852189004097187
8.839999999999856,6.4490400000002035,-0.0439307896843979,20.880296401677153,-0.027022292717027774,-5.80308691585426
8.849999999999856,6.393920000000204,-0.043380851632629475,20.872324591088233,-0.026909685590417842,-5.7539685753571845
8.859999999999856,6.338800000000204,-0.04283510305772767,20.864360082052922,-0.02679374247727284,-5.7048341319713165
8.869999999999855,6.283680000000205,-0.04229351658397368,20.8564028843123,-0.026674495559381284,-5.655683736826902
8.879999999999855,6.228560000000205,-0.04175606469021273,20.84845300762793,-0.026551977068724475,-5.606517542825851
8.889999999999855,6.173440000000205,-0.04122271971180075,20.840510461782632,-0.026426219287539576,-5.557335704644709
8.899999999999855,6.118320000000206,-0.04069345384235651,20.83257525658058,-0.02629725454865839,-5.508138378741675
8.909999999999854,6.063200000000206,-0.040168239135611655,20.82464740184787,-0.02616511523560333,-5.458925723360618
8.919999999999854,6.008080000000207,-0.03964704750718542,20.816726907433065,-0.026029833782884038,-5.409697898536878
8.929999999999854,5.952960000000207,-0.03912985073636649,20.80881378320745,-0.025891442676170495,-5.360455066101699
8.939999999999854,5.897840000000207,-0.03861662046776265,20.80090803906579,-0.025749974452569546,-5.3111973896888465
8.949999999999854,5.842720000000208,-0.038107328212978214,20.79300968492659,-0.025605461700844323,-5.261925034738006
8.959999999999853,5.787600000000208,-0.03760194535226172,20.785118730732826,-0.0254579370616414,-5.2126381685018295
8.969999999999853,5.7324800000002085,-0.0371004431361498,20.777235186452444,-0.025307433227841014,-5.163336960050084
8.979999999999853,5.677360000000209,-0.03660279268686592,20.769359062078845,-0.025153982944663478,-5.114021580275386
8.989999999999853,5.622240000000209,-0.03610896500008867,20.761490367631737,-0.02499761901010994,-5.06469220189821
8.999999999999853,5.56712000000021,-0.03561893094621649,20.753629113157547,-0.024838374275132136,-5.0153489994733444
9.009999999999852,5.51200000000021,-0.035132661271948196,20.745775308730174,-0.024676281643958076,-4.96599214939264
9.019999999999852,5.4568800000002105,-0.03465012660161565,20.73792896445166,-0.024511374074385472,-4.916621829893078
9.029999999999852,5.401760000000211,-0.03417129743862088,20.7300900904529,-0.024343684578117863,-4.867238221060585
9.039999999999852,5.346640000000211,-0.033696144166692005,20.722258696894386,-0.0241732462210012,-4.817841504834191
9.049999999999851,5.291520000000212,-0.03322463705125969,20.714434793966866,-0.02400009212341614,-4.768431865013911
9.059999999999851,5.236400000000212,-0.03275674624066102,20.706618391892345,-0.023824255460594246,-4.7190094872634045
9.069999999999851,5.181280000000212,-0.03229244176737148,20.698809500924725,-0.02364576946287078,-4.66957455911575
9.07999999999985,5.126160000000213,-0.03183169354913218,20.691008131350543,-0.023464667416176477,-4.620127269979149
9.08999999999985,5.071040000000213,-0.03137447139017796,20.683214293490188,-0.02328098266228318,-4.570667811140842
9.09999999999985,5.0159200000002135,-0.03092074498222777,20.675427997698428,-0.023094748599146675,-4.521196375772459
9.10999999999985,4.960800000000214,-0.03047048390562565,20.667649254365564,-0.022905998681339246,-4.4717131589347145
9.11999999999985,4.905680000000214,-0.03002365763022649,20.659878073918346,-0.02271476642036202,-4.422218357582111
9.12999999999985,4.850560000000215,-0.029580235516508013,20.652114466820777,-0.02252108538500147,-4.3727121705675405
9.13999999999985,4.795440000000215,-0.029140186816355135,20.64435844357541,-0.022324989201855827,-4.323194798646218
9.14999999999985,4.7403200000002155,-0.02870348067405734,20.636610014724116,-0.022126511555532302,-4.273666444481375
9.15999999999985,4.685200000000216,-0.028270086127035687,20.628869190849414,-0.02192568618910745,-4.224127312646574
9.169999999999849,4.630080000000216,-0.02783997210671857,20.621135982575325,-0.021722546904556883,-4.174577609631935
9.179999999999849,4.574960000000217,-0.027413107439140383,20.613410400568693,-0.02151712756312274,-4.125017543846297
9.189999999999849,4.519840000000217,-0.026989460845805335,20.605692455540304,-0.021309462085720432,-4.0754473256225445
9.199999999999848,4.464720000000217,-0.026569000944227872,20.597982158246054,-0.021099584453326825,-4.025867167220072
9.209999999999848,4.409600000000218,-0.0261516962485826,20.590279519488284,-0.020887528707376368,-3.9762772828291943
9.219999999999848,4.354480000000218,-0.025737515170188574,20.582584550116927,-0.020673328950224612,-3.926677888574119
9.229999999999848,4.299360000000219,-0.025326426018021986,20.57489726103092,-0.020457019345516914,-3.8770692025162385
9.239999999999847,4.244240000000219,-0.02491839699922463,20.5672176631795,-0.020238634118588672,-3.8274514446569285
9.249999999999847,4.189120000000219,-0.024513396219413897,20.55954576756369,-0.020018207556883272,-3.777824836941019
9.259999999999847,4.13400000000022,-0.024111391683078798,20.55188158523751,-0.01979577401035859,-3.728189603258601
9.269999999999847,4.07888000000022,-0.023712351293822514,20.544225127309822,-0.019571367891938973,-3.6785459694476925
9.279999999999847,4.0237600000002205,-0.023316242854644065,20.536576404945386,-0.01934502367781521,-3.628894163297083
9.289999999999846,3.9686400000002204,-0.022923034068029258,20.52893542936676,-0.019116775907914052,-3.5792344145470385
9.299999999999846,3.9135200000002204,-0.022532692536182286,20.52130221185572,-0.018886659186296006,-3.5295669548924473
9.309999999999846,3.8584000000002203,-0.022145185760988784,20.513676763754944,-0.01865470818156878,-3.47989201798327
9.319999999999846,3.8032800000002203,-0.021760481144042693,20.50605909646967,-0.01842095762718793,-3.430209839425941
9.329999999999846,3.74816000000022,-0.021378545986592695,20.498449221469524,-0.0181854423218909,-3.3805206567848054
9.339999999999845,3.69304000000022,-0.02099934748940996,20.4908471502902,-0.017948197130070842,-3.3308247095822177
9.349999999999845,3.63792000000022,-0.020622852752595733,20.483252894535276,-0.017709256982118116,-3.2811222392991786
9.359999999999845,3.58280000000022,-0.020249028775318145,20.475666465878078,-0.017468656874786326,-3.2314134893756576
9.369999999999845,3.52768000000022,-0.019877842455492595,20.468087876063784,-0.01722643187152184,-3.181698705210291
9.379999999999844,3.47256000000022,-0.019509260589404775,20.460517136911093,-0.016982617102800357,-3.131978134159362
9.389999999999844,3.41744000000022,-0.01914324987126159,20.45295426031452,-0.016737247766501984,-3.0822520255365875
9.399999999999844,3.36232000000022,-0.018779776892570405,20.445399258246322,-0.016490359128042198,-3.032520630611969
9.409999999999844,3.3072000000002197,-0.018418808141630605,20.43785214275891,-0.01624198652081421,-2.9827842026096323
9.419999999999844,3.2520800000002197,-0.01806031000278091,20.430312925986403,-0.015992165346517817,-2.933042996706603
9.429999999999843,3.1969600000002196,-0.017704248755684104,20.422781620147816,-0.015740931075173437,-2.8832972700303516
9.439999999999843,3.1418400000002196,-0.01735059057443694,20.415258237548528,-0.015488319245546722,-2.8335472816558918
9.449999999999843,3.0867200000002195,-0.016999301526676197,20.4077427905832,-0.015234365465386757,-2.7837932926033284
9.459999999999843,3.0316000000002195,-0.016650347572551405,20.400235291737946,-0.014979105411472682,-2.734035565834198
9.469999999999843,2.9764800000002194,-0.016303694563608778,20.392735753593048,-0.01472257482985595,-2.6842743662476356
9.479999999999842,2.9213600000002193,-0.015959308241643655,20.385244188825233,-0.014464809536054724,-2.6345099606757154
9.489999999999842,2.8662400000002193,-0.015617154237337477,20.3777606102107,-0.014205845415146523,-2.584742617879971
9.499999999999842,2.811120000000219,-0.015277198069006126,20.37028503062755,-0.013945718421825737,-2.534972608545249
9.509999999999842,2.756000000000219,-0.014939405141004808,20.362817463058768,-0.013684464580523137,-2.4852002052747424
9.519999999999841,2.700880000000219,-0.014603740742172688,20.35535792059499,-0.013422119985397163,-2.4354256825834883
9.529999999999841,2.645760000000219,-0.014270170044205777,20.347906416437308,-0.013158720800446777,-2.385649316892676
9.539999999999841,2.590640000000219,-0.01393865809976419,20.340462963900684,-0.01289430325931612,-2.3358713865220677
9.54999999999984,2.535520000000219,-0.013609169840724716,20.33302757641674,-0.01262890366540298,-2.286092171682799
9.55999999999984,2.480400000000219,-0.013281670075937169,20.325600267536995,-0.012362558391690814,-2.2363119544697
9.56999999999984,2.425280000000219,-0.012956123489306609,20.31818105093622,-0.01209530388064134,-2.1865310188520235
9.57999999999984,2.3701600000002188,-0.012632494637385194,20.310769940415895,-0.011827176643971926,-2.1367496506662755
9.58999999999984,2.3150400000002187,-0.012310747947026746,20.303366949907453,-0.011558213262531924,-2.086968137604547
9.59999999999984,2.2599200000002186,-0.011990847712879282,20.29597209347598,-0.011288450386001347,-2.037186769205906
9.60999999999984,2.2048000000002186,-0.011672758094673441,20.28858538532383,-0.011017924732655282,-1.9874058368459013
9.61999999999984,2.1496800000002185,-0.011356443114490633,20.28120683979448,-0.01074667308897953,-1.9376256337245927
9.62999999999984,2.0945600000002185,-0.011041866653744625,20.273836471376196,-0.010474732309238288,-1.8878464548555722
9.639999999999839,2.0394400000002184,-0.010728992450109165,20.26647429470624,-0.010202139315222125,-1.8380685970534663
9.649999999999839,1.9843200000002184,-0.01041778409425187,20.25912032457483,-0.00992893109558024,-1.788292358921286
9.659999999999838,1.9292000000002183,-0.010108205026425676,20.25177457592927,-0.009655144705437102,-1.738518040836935
9.669999999999838,1.8740800000002182,-0.009800218532862448,20.244437063878415,-0.009380817265732977,-1.6887459449393332
9.679999999999838,1.8189600000002182,-0.00949378774198023,20.23710780369698,-0.009105985962555851,-1.6389763751130497
9.689999999999838,1.7638400000002181,-0.009188875620463721,20.229786810830262,-0.00883068804658127,-1.5892096369744637
9.699999999999838,1.708720000000218,-0.008885444969096878,20.22247410089868,-0.008554960832233227,-1.5394460378545138
9.709999999999837,1.653600000000218,-0.008583458418457146,20.21516968970272,-0.008278841696875205,-1.4896858867834195
9.719999999999837,1.598480000000218,-0.008282878424291762,20.20787359322776,-0.008002368080014255,-1.439929494472498
9.729999999999837,1.543360000000218,-0.00798366726283134,20.20058582764946,-0.0077255774822688195,-1.3901771732971648
9.739999999999837,1.4882400000002178,-0.0076857870257788785,20.193306409338568,-0.00744850746449538,-1.3404292372788649
9.749999999999837,1.4331200000002178,-0.007389199615098541,20.18603535486695,-0.007171195646633766,-1.2906860020648836
9.759999999999836,1.3780000000002177,-0.007093866737564125,20.1787726810126,-0.006893679706648281,-1.2409477849092518
9.769999999999836,1.3228800000002177,-0.006799749899037699,20.17151840476573,-0.006615997379312566,-1.1912149046528921
9.779999999999836,1.2677600000002176,-0.006506810398523022,20.16427254333461,-0.00633818645496409,-1.141487681702138
9.789999999999836,1.2126400000002175,-0.006215009321936249,20.157035114151512,-0.006060284778115765,-1.0917664380065413
9.799999999999836,1.1575200000002175,-0.005924307535568496,20.149806134879228,-0.0057823302461622594,-1.0420514970379937
9.809999999999835,1.1024000000002174,-0.0056346656793382355,20.14258562341738,-0.005504360807744912,-0.9923431837661881
9.819999999999835,1.0472800000002174,-0.005346044159571461,20.135373597909098,-0.0052264144613662356,-0.9426418246354875
9.829999999999835,0.9921600000002174,-0.0050584031416321396,20.12817007674794,-0.004948529253588796,-0.8929477475410992
9.839999999999835,0.9370400000002175,-0.004771702542171019,20.12097507858492,-0.004670743277484957,-0.8432612818036603
9.849999999999834,0.8819200000002175,-0.004485902021025945,20.113788622335843,-0.0043930946706735585,-0.7935827581427488
9.859999999999834,0.8268000000002176,-0.004200960972641443,20.106610727188986,-0.004115621613596188,-0.7439125086521495
9.869999999999834,0.7716800000002176,-0.003916838517369681,20.0994414126124,-0.0038383623274098055,-0.6942508667713905
9.879999999999834,0.7165600000002177,-0.00363349349207881,20.09228069836259,-0.003561355072133676,-0.644598167258431
9.889999999999834,0.6614400000002177,-0.0033508844406531235,20.08512860449223,-0.00328463814426333,-0.5949547461622094
9.899999999999833,0.6063200000002178,-0.0030689696038314618,20.07798515135896,-0.003008249874771496,-0.5453209407921568
9.909999999999833,0.5512000000002178,-0.0027877069086980066,20.070850359634218,-0.002732228626678601,-0.4956970896890688
9.919999999999833,0.49608000000021785,-0.0025070539576828033,20.063724250312212,-0.002456612792648749,-0.44608353259555517
9.929999999999833,0.44096000000021784,-0.0022269680171469464,20.056606844719443,-0.002181440792569267,-0.3964806104236531
9.939999999999833,0.38584000000021784,-0.00194740600530241,20.049498164524483,-0.0019067510708581925,-0.3468886652245755
9.949999999999832,0.33072000000021784,-0.00166832447985088,20.04239823174774,-0.001632582093870183,-0.29730804015536816
9.959999999999832,0.27560000000021784,-0.0013896796247918064,20.035307068772134,-0.0013589723470198156,-0.247739079446714
9.969999999999832,0.22048000000021784,-0.0011114272368653588,20.02822469835372,-0.0010859603319632871,-0.19818212836909566
9.979999999999832,0.16536000000021783,-0.0008335227112922228,20.0211511436328,-0.0008135845635952599,-0.14863753319932502
9.989999999999831,0.11024000000021783,-0.0005559210268751835,20.014086428145504,-0.0005418835669285249,-0.09910564118463595
9.999999999999831,0.055120000000217835,-0.00027857673049691556,20.007030575835373,-0.00027089587393230863,-0.049586800508808745
10.009999999999831,2.1783963521926353e-13,-1.4439209755079396e-06,19.99998361106607,-6.600202240858444e-07,-8.136025573519209e-05
