# vtk DataFile Version 2.0
, Created by Gmsh 4.15.2 
ASCII
DATASET UNSTRUCTURED_GRID
POINTS 1466 double
-1.959434878635765e-15 17.5 8
-1.959434878635765e-15 2.5 8
-10 0 10
-10 0 -10
-10 20 10
-10 20 -10
10 0 -10
10 0 10
10 20 10
10 20 -10
-9.9 0.25 9.9
9.9 0.25 9.9
9.9 0.25 -9.9
-9.9 0.25 -9.9
-9.9 19.75 9.9
9.9 19.75 9.9
9.9 19.75 -9.9
-9.9 19.75 -9.9
1.914525314300462 17.5 7.767534539408416
3.717785376350148 17.5 7.083648205225679
5.304981265926361 17.5 5.98808598536881
6.583870927149251 17.5 4.544517973849247
7.480129941483318 17.5 2.836839096340286
7.941670992784432 17.5 0.9642934420425858
7.941670992784432 17.5 -0.964293442042583
7.480129941483319 17.5 -2.836839096340284
6.583870927149252 17.5 -4.544517973849246
5.304981265926364 17.5 -5.988085985368807
3.717785376350149 17.5 -7.083648205225678
1.914525314300465 17.5 -7.767534539408415
9.797174393178826e-16 17.5 -8
-1.914525314300459 17.5 -7.767534539408417
-3.717785376350148 17.5 -7.083648205225679
-5.30498126592636 17.5 -5.98808598536881
-6.583870927149251 17.5 -4.544517973849247
-7.480129941483318 17.5 -2.836839096340287
-7.941670992784432 17.5 -0.9642934420425886
-7.941670992784433 17.5 0.9642934420425786
-7.480129941483319 17.5 2.836839096340285
-6.583870927149253 17.5 4.544517973849245
-5.304981265926364 17.5 5.988085985368806
-3.717785376350153 17.5 7.083648205225677
-1.914525314300469 17.5 7.767534539408414
-1.959434878635765e-15 4.375 8
-1.959434878635765e-15 6.25 8
-1.959434878635765e-15 8.125 8
-1.959434878635765e-15 10 8
-1.959434878635765e-15 11.875 8
-1.959434878635765e-15 13.75 8
-1.959434878635765e-15 15.625 8
1.914525314300462 2.5 7.767534539408416
3.717785376350148 2.5 7.083648205225679
5.304981265926361 2.5 5.98808598536881
6.583870927149251 2.5 4.544517973849247
7.480129941483318 2.5 2.836839096340286
7.941670992784432 2.5 0.9642934420425858
7.941670992784432 2.5 -0.964293442042583
7.480129941483319 2.5 -2.836839096340284
6.583870927149252 2.5 -4.544517973849246
5.304981265926364 2.5 -5.988085985368807
3.717785376350149 2.5 -7.083648205225678
1.914525314300465 2.5 -7.767534539408415
9.797174393178826e-16 2.5 -8
-1.914525314300459 2.5 -7.767534539408417
-3.717785376350148 2.5 -7.083648205225679
-5.30498126592636 2.5 -5.98808598536881
-6.583870927149251 2.5 -4.544517973849247
-7.480129941483318 2.5 -2.836839096340287
-7.941670992784432 2.5 -0.9642934420425886
-7.941670992784433 2.5 0.9642934420425786
-7.480129941483319 2.5 2.836839096340285
-6.583870927149253 2.5 4.544517973849245
-5.304981265926364 2.5 5.988085985368806
-3.717785376350153 2.5 7.083648205225677
-1.914525314300469 2.5 7.767534539408414
-10 0 -8
-10 0 -6
-10 0 -4
-10 0 -2
-10 0 0
-10 0 2
-10 0 4
-10 0 6
-10 0 8
-10 2 10
-10 4 10
-10 6 10
-10 8 10
-10 10 10
-10 12 10
-10 14 10
-10 16 10
-10 18 10
-10 20 -8
-10 20 -6
-10 20 -4
-10 20 -2
-10 20 0
-10 20 2
-10 20 4
-10 20 6
-10 20 8
-10 2 -10
-10 4 -10
-10 6 -10
-10 8 -10
-10 10 -10
-10 12 -10
-10 14 -10
-10 16 -10
-10 18 -10
-8 0 -10
-6 0 -10
-4 0 -10
-2 0 -10
0 0 -10
2 0 -10
4 0 -10
6 0 -10
8 0 -10
10 0 -8
10 0 -6
10 0 -4
10 0 -2
10 0 0
10 0 2
10 0 4
10 0 6
10 0 8
-8 0 10
-6 0 10
-4 0 10
-2 0 10
0 0 10
2 0 10
4 0 10
6 0 10
8 0 10
-8 20 10
-6 20 10
-4 20 10
-2 20 10
0 20 10
2 20 10
4 20 10
6 20 10
8 20 10
10 2 10
10 4 10
10 6 10
10 8 10
10 10 10
10 12 10
10 14 10
10 16 10
10 18 10
-8 20 -10
-6 20 -10
-4 20 -10
-2 20 -10
0 20 -10
2 20 -10
4 20 -10
6 20 -10
8 20 -10
10 20 -8
10 20 -6
10 20 -4
10 20 -2
10 20 0
10 20 2
10 20 4
10 20 6
10 20 8
10 2 -10
10 4 -10
10 6 -10
10 8 -10
10 10 -10
10 12 -10
10 14 -10
10 16 -10
10 18 -10
-7.92 0.25 9.9
-5.94 0.25 9.9
-3.960000000000001 0.25 9.9
-1.98 0.25 9.9
0 0.25 9.9
1.979999999999999 0.25 9.9
3.959999999999999 0.25 9.9
5.94 0.25 9.9
7.92 0.25 9.9
9.9 0.25 7.92
9.9 0.25 5.94
9.9 0.25 3.960000000000001
9.9 0.25 1.98
9.9 0.25 0
9.9 0.25 -1.979999999999999
9.9 0.25 -3.959999999999999
9.9 0.25 -5.94
9.9 0.25 -7.92
7.92 0.25 -9.9
5.94 0.25 -9.9
3.960000000000001 0.25 -9.9
1.98 0.25 -9.9
0 0.25 -9.9
-1.979999999999999 0.25 -9.9
-3.959999999999999 0.25 -9.9
-5.94 0.25 -9.9
-7.92 0.25 -9.9
-9.9 0.25 -7.92
-9.9 0.25 -5.94
-9.9 0.25 -3.960000000000001
-9.9 0.25 -1.98
-9.9 0.25 0
-9.9 0.25 1.979999999999999
-9.9 0.25 3.959999999999999
-9.9 0.25 5.94
-9.9 0.25 7.92
-7.92 19.75 9.9
-5.94 19.75 9.9
-3.960000000000001 19.75 9.9
-1.98 19.75 9.9
0 19.75 9.9
1.979999999999999 19.75 9.9
3.959999999999999 19.75 9.9
5.94 19.75 9.9
7.92 19.75 9.9
9.9 19.75 7.92
9.9 19.75 5.94
9.9 19.75 3.960000000000001
9.9 19.75 1.98
9.9 19.75 0
9.9 19.75 -1.979999999999999
9.9 19.75 -3.959999999999999
9.9 19.75 -5.94
9.9 19.75 -7.92
7.92 19.75 -9.9
5.94 19.75 -9.9
3.960000000000001 19.75 -9.9
1.98 19.75 -9.9
0 19.75 -9.9
-1.979999999999999 19.75 -9.9
-3.959999999999999 19.75 -9.9
-5.94 19.75 -9.9
-7.92 19.75 -9.9
-9.9 19.75 -7.92
-9.9 19.75 -5.94
-9.9 19.75 -3.960000000000001
-9.9 19.75 -1.98
-9.9 19.75 0
-9.9 19.75 1.979999999999999
-9.9 19.75 3.959999999999999
-9.9 19.75 5.94
-9.9 19.75 7.92
5.973292945625325 4.160686848892123 -5.321632398591877
-7.767534539408417 4.169186404814107 1.914525314300459
0.9422457467893829 15.82797581930657 -7.944317022416548
-4.543959465137079 15.89974699239278 -6.58425640290467
7.06230410801784 15.85509535200697 3.758172519440045
7.773743594581834 15.87119950776957 -1.889156035296688
-7.777305468608941 15.961703856807 -1.874438488706805
-0.8929188886781281 4.026067837926417 -7.950012318118873
-5.983681348840699 4.118029790947933 -5.309948918354672
-7.140872248358495 15.86657085481724 3.60665267701556
7.743989306841931 4.13111089500502 2.007642800778521
1.615413688117301 9.0625 7.835205078122924
-1.893792044251869 9.148811959237472 7.77261549886062
-1.615413688107232 12.8125 7.835205078125
1.615413688107231 12.8125 7.835205078125
4.544517973849249 15.83081359518589 -6.583870927149249
2.738568454589638 4.167664833517305 -7.51666434128374
-5.991332555146785 4.17479510280663 5.301314385474445
-7.767857406212596 4.152832219447945 -1.913214916507844
5.946358073802673 4.143857243672809 5.351712404279752
7.773165038308338 4.140441681372527 -1.891535166794668
-4.544517973849247 15.83081359518572 6.583870927149251
4.488333572247281 15.8329198989923 6.622300336305955
-2.953960578527732 4.151652916328819 7.434656474949203
2.998888284876285 4.175728204271588 7.416648101051564
-4.584805187130245 4.172411855501718 6.555879910131332
-5.304981265926402 5.900254782122572 5.988085985368773
-6.614454996980555 5.907852252530731 4.499887231133572
-6.02298067408297 7.619741090459395 5.265330359970117
-7.140821755554683 7.598098523469899 3.606752646827466
-6.645874568911609 9.336506193408718 4.453352805953503
-7.543323822990671 9.311874357444429 2.664257063704891
-7.160940519798384 11.05527118103399 3.566641399399391
-7.82180390332081 11.02991305775651 1.679102051096161
-7.968420200142035 9.286464680032932 0.7101264070349452
-7.993860292568478 11.0044732931268 -0.3133649994766724
-7.895571651231103 9.261054433121569 -1.288389809132217
-7.666363377763963 10.97912533263825 -2.286235455958007
-7.329329087639281 9.235644908875425 -3.206389733810401
-6.859806886506159 10.95371576948759 -4.116193566857938
-6.305078189272233 9.210235822692816 -4.924021631467879
-5.624568294542153 10.92830626278919 -5.688956978219396
-4.886822673105724 9.184826206036551 -6.333953280662861
-4.037852887538404 10.90289675257247 -6.906210542591196
-3.163181520435109 9.159463216925653 -7.348080202935854
-2.198813631274846 10.87748942372362 -7.691893044948033
-1.241880508936859 9.134071615784171 -7.90302048596122
-0.2223711083498396 10.85208150908257 -7.996908845933612
0.7570159483407244 9.108597303629651 -7.964102388465244
1.767965706568414 10.82666820747638 -7.802198232575102
2.708615584976706 9.083187782623613 -7.527509655445239
3.64782287734805 10.8012586864705 -7.119928950171919
4.490954072562999 9.057778261617717 -6.620523507860222
5.299727918200681 10.77584916546464 -5.99273593553431
5.992653236183792 9.032368740611865 -5.299821430091388
6.62045342879467 10.75043964445883 -4.491057380746866
7.11987202752988 9.006959219606056 -3.64793397851408
7.527467388439455 10.72503012345305 -2.708733046274675
7.802170643732381 8.981549698600279 -1.768087454307805
7.964090574780458 10.69962060244655 -0.7571402226094414
7.996912304432434 8.956140177594509 0.2222466990016726
7.903037033917707 10.67416157167006 1.241775197258025
7.691927548975389 8.930728334474306 2.198692925652297
7.34814126182605 10.64872075888482 3.163039676679613
6.906275057722466 8.905321135591722 4.037742540960302
6.334065770221553 10.62336098395234 4.886676868640656
-6.052681508219205 11.08074522005079 5.231161110122808
5.689052966126489 8.879911654266376 5.62447120613195
-4.075609904247727 7.44156262297194 -6.883996216471783
-7.972204236359602 12.74801516315333 0.6663029444404556
7.995569606876633 12.41769150629306 0.26620792924074
-6.277828131548656 12.67106026440223 -4.958716966185538
4.924959867062251 10.5990206922963 6.304345351249896
-1.196949416875535 12.5886262103899 -7.909950195383111
6.021171167240063 12.49010427515922 -5.267399526787098
2.749612666708204 12.5346806100963 -7.512631375428838
-7.995420633668574 7.548509129258964 -0.2706453227137413
5.657618906166707 12.33734756856709 5.656089489442775
-6.881423621467562 7.499881935936321 -4.079952075932789
1.728040682360805 7.377219770877209 -7.811137906867732
-4.557124565640119 7.624511266378438 6.575151381773606
5.269344754443935 7.327704021206486 -6.019468901723322
7.36699716306802 7.202459496419965 3.118870436447744
7.959427186602728 7.252515193254679 -0.8046855666466194
-6.673425872235503 12.78377767053641 4.411959556453097
-5.361028598336731 12.80206801526308 5.93796028681699
-4.565626950765338 11.10493565750207 6.56925037933897
4.26937254070695 8.836787267304748 6.76553457670992
4.958709591422511 7.136431189742963 6.277833956703092
3.314912335917179 7.13228731329286 7.280889794879752
4.219985239990024 12.29560239018557 6.796449409380338
-6.036795655697802 14.47110777095678 5.249485518729253
-3.627299842925823 12.80363654171233 7.130406429475833
-3.031137484166716 11.07149252979787 7.403526561854119
-2.786847378943936 14.61948571215539 7.498898698240517
-3.78602503110512 9.352084082106222 7.047411898267724
-5.365613459771799 9.348242293659617 5.933817675014603
3.210778499878949 10.57530552920561 7.327407551427386
-7.555946681714858 12.75261280059996 2.62824461248991
-7.83093140583318 14.49149735111717 1.636005292514537
-7.998007017138508 14.4015967483387 -0.1785602245831638
-7.890031606046899 12.71176289259058 -1.32189305754323
-7.812985810419783 7.575251888268832 1.719666457828124
-7.961022775649294 5.908469284378715 0.7887435360072438
-7.677724451608409 7.528181613461044 -2.247787188586669
-7.368373258075033 5.897494050295865 -3.115618001245456
-4.850434574850746 12.63616472376746 -6.361861711409047
-5.676918088679018 14.32684523993174 -5.63671899374352
-6.698585703376501 14.28498815228299 -4.373665462117554
-7.306680317049955 12.68213620247153 -3.257671368391042
-3.128102551684545 12.60499702498577 -7.363081856542452
-2.106781102157854 14.1783997171706 -7.71760800945413
-5.65445302391863 7.477513715429639 -5.659254456224553
-4.827493944287976 5.784608468254902 -6.379286967825081
-3.396185200616656 5.806215004675307 -7.243336667801132
-2.255966766158683 7.425396620440223 -7.675325006147136
7.908244141054166 7.239221127326192 1.20816994064678
7.998291930771077 5.557771984951984 0.1653063524558884
6.355492597677088 7.183343923680197 4.858776990238566
6.958286695676628 5.520507711073956 3.947435402988837
0.7953915759347018 12.55101901936718 -7.960361313466375
7.514378358468947 7.283453041179817 -2.744834764748788
6.600742320952191 7.315101337901678 -4.519977965918715
7.10914423743616 5.599816217068166 -3.668796561725416
7.139578160700202 12.46278040845519 -3.609213721470747
6.598835881274629 14.13009795605945 -4.522760773244865
7.81119623125089 12.43663600652665 -1.727777021751328
7.967440208137575 14.11996943588142 -0.7210385078154127
7.917708108521533 14.08511260552005 1.144507889117571
7.68232978277796 12.3891427726163 2.231996664119985
3.615020335484134 7.361585059152262 -7.136639823757128
4.495796497670512 5.635670160239329 -6.617236118768436
4.523695960843308 12.50583709571629 -6.598194817815698
-0.267536407207314 7.409322063575715 -7.995525265473095
0.8234814837359264 5.675594756013114 -7.957504523777795
6.884103313417893 12.36673078136008 4.075429004434844
6.377012505484968 14.01415999111479 4.830498059712718
-3.748932091813105 5.887018810000974 7.067213607283553
-7.083648205225681 4.168581275125814 3.717785376350144
-0.9642934420425826 15.83412012315074 -7.941670992784432
2.819457226484714 15.82723089083231 -7.486698935313422
2.836839096340285 15.83081359518583 7.480129941483319
4.639614997473566 4.16503848870722 6.517205894800192
5.985439150804222 15.83596287696418 -5.307967423790394
-1.860783861989866 5.809938684126354 7.780583745385566
-7.52886067926585 5.92376044830398 2.704858013316886
7.100942121430018 15.84338015423384 -3.684646657157367
5.323742856732796 14.14651743915154 -5.971412060424782
-7.999970953828567 4.138836950671121 -0.02155778048055176
5.925237516809358 15.82222656950278 5.375087010402239
7.999890138193472 15.87107905454239 0.04192584924395826
7.751052598272968 15.84349203918477 1.980197873649468
-2.827887932473204 7.617078715001743 7.48351854687168
4.931935948347194 13.98013944758512 6.298889410158005
7.537141036957481 14.09568528324025 -2.681698153971009
7.364023027907264 14.0425158331607 3.125886249442153
3.681546661856315 14.15278840778919 -7.102549836261244
3.255517222637224 13.97984177713277 7.307640358769198
-7.902274403908192 5.931468767259368 -1.246619126011397
1.809144672282478 14.1517960751968 -7.792752758477066
-7.042982707483305 4.148177657122194 -3.794258106941479
2.075080127406128 7.164426817118551 7.7261919769602
1.531658908859936 10.9375 7.852007449494046
1.516879076292004 14.6875 7.854876056813851
1.516879076291956 5.3125 7.85487605681386
-0.1805125131394041 14.14760376220879 -7.997963192751021
-6.330614422755816 5.933891417412347 -4.891147210051651
-2.891635828476479 15.92467615559228 -7.459118060164428
-4.460277048905172 4.041402344913738 -6.641229452971022
-4.002311764943712 14.13807147402046 -6.926868017812462
-2.694400515601562 4.065962926693606 -7.53260949880757
-6.036019346013548 16.00859663527299 -5.250378124911593
-1.360090787841622 5.882614039154948 -7.883536836270149
0.9642934420425846 3.934008014976883 -7.941670992784432
-7.083648205225677 16.0682781438291 -3.717785376350153
2.67070697892825 5.915201106506691 -7.541042648911617
-7.655051732699295 14.13649219278319 -2.3238293762016
4.544517973849249 3.897918294935542 -6.583870927149249
-7.999737160151589 16.09679703295707 0.06484881255495398
5.966188755454208 5.897127177746988 -5.329595832170743
7.083648205225679 3.868247573743072 -3.717785376350148
-7.767534539408417 16.13872926973251 1.914525314300459
7.793345155356596 5.872563007687557 -1.806591068692599
8 3.845323396817605 2.266215559059192e-15
-7.178423344341768 14.1490788138061 3.531322456164143
7.702623697414398 5.841193398512211 2.16092299169363
7.083648205225678 3.829495823661857 3.71778537635015
5.716470593481864 5.802682600909961 5.596602894065033
-5.988085985368813 16.17698296574819 5.304981265926357
4.267031403538387 5.757555552718052 6.767011378830187
-2.836839096340294 16.18553948168895 7.480129941483315
-4.597977139573159 14.16516178664018 6.546648472612733
-1.275756128252491 10.9375 7.897622825966445
-1.415052594053096 7.337366503580077 7.873857133328214
-1.200294653417149 14.6875 7.909443263907909
-1.595111928960679 3.977332782012633 7.839363362804874
-1.366538612650858 16.14445544715864 7.882421723057849
1.36538133948263 16.14522190298219 7.882622266593308
1.365381339482628 3.854778097017815 7.882622266593308
2.881969879170915 12.03313373606873 7.462858005854834
2.850801057432337 5.727931600496607 7.474819953078647
2.978316537977717 8.557196178935026 7.42493303670871
-6.07596398841115 17.5 1.5755294346173
5.857051066042231 17.5 -1.48849949834998
-2.38825496027864 17.5 -5.911085979134788
2.52123276601468 17.5 5.994969453303902
-2.223892406622046 17.5 5.863922348952116
2.131954509517137 17.5 -5.533425477531922
-5.304388146657064 17.5 -2.916986240214314
5.553107144887429 17.5 2.914495460310664
4.733617012019681 17.5 -4.316254333292814
-4.693744589262137 17.5 4.193622038115659
-0.8155936944450982 17.5 6.558241178628804
-0.8304921543065584 17.5 4.717161976650402
-2.752340311379234 17.5 3.948388700929912
-0.940254771362439 17.5 2.723665412229029
-2.733661738639107 17.5 1.886510289411026
-1.171809956954188 17.5 0.7307270040612255
0.6805554017192762 17.5 1.532729109508919
0.4575256745427483 17.5 -0.4566389334709497
-1.403120361320436 17.5 -1.251345150330886
2.295243277008876 17.5 0.3412549366769629
0.2308501400428272 17.5 -2.44331411948692
2.425099740957833 17.5 2.303490916453559
-1.534694086473476 17.5 -3.147962736877388
0.2811189348179817 17.5 -4.27446435128254
-3.298294829865626 17.5 -2.04296760817637
1.845044570127425 17.5 -3.633452720864464
4.274862855054354 17.5 1.351610752006392
3.907151728456704 17.5 -0.7658083762428467
-3.383695769976544 17.5 -4.052698836961497
-4.842656602913866 17.5 -0.9312664640114703
-2.967840561993182 17.5 -0.06498502588621564
0.7530871124462628 17.5 3.51916232690342
2.057079369510465 17.5 -1.604479976303211
0.4249712006527708 17.5 -6.216744435421006
3.83901674075284 17.5 -2.703846334101273
2.599678405109632 17.5 4.115138107194999
-4.445060083627644 17.5 1.028599079601557
-6.434734230262489 17.5 -0.09517158014558755
3.790238681753324 17.5 5.285737975306802
5.346369374400404 17.5 -0.006384772689263185
0.660350841829205 17.5 5.745572417279904
6.236549324678252 17.5 1.343475663001778
3.82327233207555 17.5 -5.408661779797666
-5.780233338729529 17.5 3.178320767302631
5.698737137489465 17.5 -3.177991447186719
-3.738548789907988 17.5 5.415533455718434
-4.93239264354618 17.5 -4.515035671764915
3.940911560549137 17.5 3.279800066855438
-3.910293993466559 17.5 -5.518024838015755
5.044316928649444 17.5 4.377153916005368
-6.400715982820234 17.5 -1.548911364550849
-4.193566368211444 17.5 2.702489763247741
6.66466235013795 17.5 -0.03028172160749243
-1.057844359777025 17.5 -6.513450314295551
3.261278879660209 17.5 -4.262775777246622
-1.3622097786081 17.5 -4.798531840356807
-6.07596398841115 2.5 1.5755294346173
5.857051066042231 2.5 -1.48849949834998
-2.38825496027864 2.5 -5.911085979134788
2.52123276601468 2.5 5.994969453303902
-2.223892406622046 2.5 5.863922348952116
2.131954509517137 2.5 -5.533425477531922
-5.304388146657064 2.5 -2.916986240214314
5.553107144887429 2.5 2.914495460310664
4.733617012019681 2.5 -4.316254333292814
-4.693744589262137 2.5 4.193622038115659
-0.8155936944450982 2.5 6.558241178628804
-0.8304921543065584 2.5 4.717161976650402
-2.752340311379234 2.5 3.948388700929912
-0.940254771362439 2.5 2.723665412229029
-2.733661738639107 2.5 1.886510289411026
-1.171809956954188 2.5 0.7307270040612255
0.6805554017192762 2.5 1.532729109508919
0.4575256745427483 2.5 -0.4566389334709497
-1.403120361320436 2.5 -1.251345150330886
2.295243277008876 2.5 0.3412549366769629
0.2308501400428272 2.5 -2.44331411948692
2.425099740957833 2.5 2.303490916453559
-1.534694086473476 2.5 -3.147962736877388
0.2811189348179817 2.5 -4.27446435128254
-3.298294829865626 2.5 -2.04296760817637
1.845044570127425 2.5 -3.633452720864464
4.274862855054354 2.5 1.351610752006392
3.907151728456704 2.5 -0.7658083762428467
-3.383695769976544 2.5 -4.052698836961497
-4.842656602913866 2.5 -0.9312664640114703
-2.967840561993182 2.5 -0.06498502588621564
0.7530871124462628 2.5 3.51916232690342
2.057079369510465 2.5 -1.604479976303211
0.4249712006527708 2.5 -6.216744435421006
3.83901674075284 2.5 -2.703846334101273
2.599678405109632 2.5 4.115138107194999
-4.445060083627644 2.5 1.028599079601557
-6.434734230262489 2.5 -0.09517158014558755
3.790238681753324 2.5 5.285737975306802
5.346369374400404 2.5 -0.006384772689263185
0.660350841829205 2.5 5.745572417279904
6.236549324678252 2.5 1.343475663001778
3.82327233207555 2.5 -5.408661779797666
-5.780233338729529 2.5 3.178320767302631
5.698737137489465 2.5 -3.177991447186719
-3.738548789907988 2.5 5.415533455718434
-4.93239264354618 2.5 -4.515035671764915
3.940911560549137 2.5 3.279800066855438
-3.910293993466559 2.5 -5.518024838015755
5.044316928649444 2.5 4.377153916005368
-6.400715982820234 2.5 -1.548911364550849
-4.193566368211444 2.5 2.702489763247741
6.66466235013795 2.5 -0.03028172160749243
-1.057844359777025 2.5 -6.513450314295551
3.261278879660209 2.5 -4.262775777246622
-1.3622097786081 2.5 -4.798531840356807
-10 9.259280815754654 -8.12907304179468
-10 1.732050807568877 1
-10 10.93680581256686 8.304434373556862
-10 18.26794919243112 -1
-10 13.01840399803314 -8.22291395856379
-10 1.732050807568877 -3
-10 7 8.267949192431121
-10 18.26794919243113 3
-10 18.27738658026878 -4.983653964774446
-10 5.040830656741902 -8.225498044701768
-10 1.591845137926809 4.919576064647581
-10 15.17345130941317 8.207407750089146
-10 1.909905656204798 -6.891118908211388
-10 3.011864633986453 8.341005191702365
-10 18.30645590988833 6.991525261438245
-10 16.81634876188519 -8.18860550511841
-10 18.26952209040407 -2.997275660795742
-10 16.53616053452441 -1.99954594346595
-10 16.53594207647261 7.567608901482004e-05
-10 14.80389855083879 -0.9999117112294762
-10 14.80386335481934 1.000027327476598
-10 13.07180789490306 1.926937453866628e-05
-10 13.07924820128595 -2.006679354668812
-10 11.34826473423307 -1.014219475724108
-10 11.3411676116983 0.9976332989417607
-10 9.609351891523435 -0.002764362797027076
-10 9.608208218999984 1.999144822690818
-10 9.616666085376535 -2.015940101261915
-10 7.87741562497228 -1.003117410676454
-10 7.878463740225669 -3.004958575717061
-10 11.34006841448162 2.999463020272117
-10 9.673218548278841 4.089084371304214
-10 7.886650423368769 3.014704865665871
-10 9.606708387084801 -4.011883181653463
-10 6.144140047920678 -2.000961426951562
-10 6.145183548146002 -4.002768990838763
-10 6.143979837186679 -0.0006798062712967123
-10 4.411542731880113 -0.9999999999999307
-10 11.40260647275742 5.032249595923087
-10 13.08232726354581 4.005285436032546
-10 7.974509341757607 5.070716218776498
-10 6.143593539449014 4.000000000000059
-10 13.07179676972453 6.000000000000025
-10 14.77210901054305 4.942868204113214
-10 4.411542731880125 1.000000000000069
-10 6.095072196280001 6.21962108515736
-10 4.431255172099855 4.975474734236734
-10 4.411542731880099 -2.99999999999993
-10 4.43450016368844 -4.962349941933811
-10 6.063998059080791 -6.286399515021062
-10 14.80031552805954 2.991363494603728
-10 4.411542731880131 3.000000000000071
-10 16.53777712410771 -3.996745928172682
-10 16.59396352338424 -6.011821531118696
-10 14.82115766704031 -5.00142790988188
-10 14.86320296494898 -7.01012177887227
-10 13.06972722428616 -6.065140164061287
-10 11.23116781062805 -7.055436164310491
-10 11.31248352125813 -5.063118624868068
-10 9.567911518756079 -6.086446146302613
-10 11.34651405994619 -3.018640123029392
-10 7.881818497520515 -5.01069394236415
-10 18.274366978674 4.99858754357304
-10 1.630925000537115 -4.918002300841541
-10 1.732050807568878 -1
-10 1.732050807568877 3
-10 13.05796777858226 7.988367911987059
-10 7 -8.267949192431123
-10 5.017822805044406 8.264939634894564
-10 8.989467635427809 8.315481940279462
-10 9.799634669455671 6.335912237469053
-10 13.07284075176744 1.999260934131112
-10 7.878199922583358 1.001214684768659
-10 6.145918197724679 2.002539957360572
-10 18.26795647436618 1.000012612681502
-10 14.81565925137264 -3.000718474569798
-10 16.53532083516851 1.998579851808472
-10 16.53099332162308 3.988566515683077
-10 16.36602657167977 6.300778940428632
-10 13.07413165419823 -4.025954108513207
-10 1.877086879539357 6.881867797218206
-10 17.01743443673756 8.335069855180379
-10 18.35744924965445 -6.938642437931646
-10 3.069692019622265 -8.402163482349648
-10 3.999999999999985 6.761062340076556
-10 4.003314189649135 -6.760465556322483
-10 7.985579983971533 6.813857876538872
-10 7.945531366462523 -6.770135865498329
-10 14.93959114497346 -8.684328248510894
-10 3.071796769724538 4.00000000000008
-10 3.071796769724513 2.00000000000005
-10 3.071796769724511 5.329070518200751e-14
-10 3.071796769724505 -1.999999999999945
-10 3.071796769724514 -3.999999999999926
-10 14.60288568297007 6.651923788646691
-10 11 -8.694874729368017
-10 11.65376230061735 6.732192823787216
-10 1.464101615137755 -8.535898384862247
-10 1.464101615137759 8.535898384862239
-10 18.53589838486224 8.535898384862239
-10 18.53589838486224 -8.535898384862245
-10 3.027719331321857 -5.537960928712145
-10 2.994396791858108 5.507596187235832
8.267949192431121 0 -1
-0.8561968184377839 0 8.201209903606149
-8.267949192431123 0 -1
-0.8561968184377839 0 -8.201209903606156
-8.267949192431125 0 3.000000000000007
3 0 -8.267949192431123
8.267949192431121 0 3
3 0 8.267949192431121
-5.17345130941316 0 -8.207407750089144
8.4081548620732 0 -4.919576064647568
-5.173451309413158 0 8.207407750089146
-8.267949192431123 0 -5
6.988135366013548 0 8.341005191702365
-8.306455909888335 0 6.991525261438248
6.988135366013545 0 -8.341005191702367
-8.267949192431123 0 1
-6.535898384862247 0 0
-6.535898384862245 0 -2
-4.803847577293368 0 -0.9999999999999982
-4.803847577293372 0 1.000000000000004
-3.071796769724493 0 5.329070518200751e-15
-3.071796769724489 0 -2
-1.339745962155613 0 -0.9999999999999929
-1.339745962155618 0 1.000000000000007
0.3923048454132623 0 7.105427357601002e-15
0.3923048454132676 0 -2.000000000000002
0.3923048454132605 0 2.000000000000007
2.124355652982139 0 1.000000000000007
-1.339745962155618 0 3.000000000000005
2.124355652982135 0 3.000000000000007
3.856406460551014 0 2.000000000000009
3.856406460551018 0 8.881784197001252e-15
3.856406460551014 0 4.000000000000009
2.103629710818447 0 4.964101615137761
5.588457268119891 0 1.000000000000012
5.588457268119898 0 -0.9999999999999858
3.856406460551023 0 -1.999999999999993
5.588457268119903 0 -2.999999999999988
3.85640646055103 0 -3.999999999999994
5.565797710360771 0 -4.962135261134298
3.935499062784196 0 6.292238861557582
5.570601682799603 0 4.979885434941259
3.935222831984852 0 -6.291957953842799
2.124355652982159 0 -5.000000000000005
2.124355652982148 0 -3.000000000000002
0.3923048454132747 0 -4.00000000000001
0.2558902802517249 0 -6.275018546234073
-1.339745962155598 0 -5.000000000000021
-1.339745962155606 0 -3.000000000000009
-3.071796769724489 0 -4.000000000000004
-3.057960291363912 0 -5.93187233630875
-4.768047848512716 0 -4.930632687492572
0.3888505217193092 0 3.994016935856298
-1.371944981752 0 4.944229662105167
-3.07716327299056 0 3.990704943684202
-3.064221211840986 0 5.921028103940305
-4.769985752469907 0 4.927276139378543
-4.799098357033806 0 2.986330180510464
-6.529463210681742 0 3.98560105331484
-3.031425694032125 0 -7.951967830775057
0.2478360966154316 0 6.261068290962527
-8.267949192431123 0 -3
1.047582554977852 0 -8.258555404158638
4.987226366333065 0 -8.276995779675469
-3.071899650225578 0 1.996172520699114
-8.306455909888335 0 -6.991525261438247
8.267949192431118 0 -3.000000000000001
8.267949192431121 0 1
8.408154862073197 0 4.919576064647561
-3.03232011124313 0 7.950418654722423
1.046623723592578 0 8.25689465948345
4.987272404799626 0 8.277042597627929
5.588457268119898 0 3.000000000000014
-4.797880955829926 0 -2.988438781248763
-6.52893732648823 0 -3.98651191145689
-6.364235865478612 0 -6.298939274082942
-6.534034319122236 0 1.995321872304219
2.124355652982144 0 -0.9999999999999947
-6.364587835214425 0 6.298329644617787
-8.244742691369272 0 5.045909326561812
-7.017221257427904 0 -8.334850847282086
8.122913120460641 0 -6.881867797218202
8.122913120460641 0 6.881867797218199
-7.017263158586928 0 8.334778272345755
6 0 -6.761062340076519
6.000000000000014 0 6.761062340076528
2.000000000000012 0 6.784609690826528
2.018901047490465 0 -6.793482693873901
-1.615369405331695 0 6.655590923067315
-1.605887697147539 0 -6.672013723384811
6.928203230275511 0 2.000000000000004
6.928203230275507 0 7.105427357601002e-15
6.928203230275514 0 -1.999999999999991
6.928203230275521 0 3.999999999999984
6.928203230275525 0 -4.000000000000014
-4.479024201760105 0 -6.664163975749693
-4.480913244036321 0 6.660892058549639
-8.535898384862245 0 -8.535898384862245
-8.535898384862245 0 8.535898384862243
8.535898384862243 0 -8.535898384862245
8.535898384862239 0 8.535898384862239
7.005013784634027 0 -5.50492829261532
7.005974579121794 0 5.508478327376706
8.267949192431121 11 10
-8.267949192431121 11 10
-0.9346158590977858 1.790637413823981 10
-1 18.26794919243112 10
-8.267949192431123 7 10
3 1.732050807568877 10
8.267949192431121 7 10
3 18.26794919243112 10
-8.362933879517428 14.88665085741267 10
-4.883323991063679 1.664687882401521 10
8.408154862073197 14.91957606464757 10
-4.999999999999999 18.26794919243112 10
6.988135366013545 1.658994808297633 10
-8.306455909888337 3.008474738561752 10
6.988135366013545 18.34100519170237 10
-8.274366978673992 5.001412456426959 10
-6.54893414419014 6.020961351568182 10
-6.538071011416894 8.003493558594695 10
-4.818348436561208 7.024801760524166 10
-4.806626491597116 9.004715886519808 10
-3.074676731986418 8.004919607840659 10
-3.072739915818769 10.00160591572674 10
-1.340383146881644 9.001087587261232 10
-1.340009350625666 11.00044891716466 10
0.3921547498805822 10.00025608407098 10
0.392173632036819 8.000223945222038 10
0.3922359314128023 12.00011750020595 10
2.124343448479282 9.000020825927269 10
-3.116994855781789 11.88713619091424 10
2.124331750002266 7.000040795191557 10
-3.057392837739957 6.108663392311056 10
3.856400442637234 8.000010270186484 10
3.856403423481574 10.00000518268564 10
3.856401473735421 6.000008510896352 10
0.3922789926872206 6.000044123402267 10
5.588457268119898 9.000000000000027 10
5.588457268119887 11.00000000000003 10
3.856405954372768 12.00000086378095 10
5.588457268119884 13.00000000000002 10
3.856406376187962 14.00000014396351 10
5.565797705236651 14.96213526987847 10
3.935222819200961 16.29195797565818 10
2.124355652982123 15.00000000000001 10
2.103620587064874 5.035913956443946 10
0.1745053940712467 3.721965639745525 10
3.935497046988605 3.707764578796434 10
5.570601257470955 5.020115290960753 10
-1.369597856625202 5.026390885559157 10
-6.717557554358734 3.991196511873588 10
5.588457268119916 7.000000000000022 10
-6.536319434254963 10.00069808206756 10
-8.268381471755683 9.000698606777041 10
-6.535898384862245 12 10
-8.30914871828139 12.98110847623544 10
-6.991525261438246 18.30645590988833 10
-6.035511415539022 16.70567603482518 10
-4.005918569256497 16.56419465985607 10
-4.967448125544172 14.83035170577114 10
-2.815090848301297 14.87522149619815 10
1 18.3094010767585 10
0.1904512197377457 16.25823583261544 10
4.987226364202417 18.27699578331137 10
-3 1.732050807568877 10
-3.842197347063329 3.235878155739599 10
4.987272068833692 1.722957975764405 10
-1.999999999999996 16.53589838486224 10
1.000000000000002 1.732050807568878 10
8.267949192431118 9.000000000000002 10
8.408154862073197 5.080423935352437 10
8.267949192431118 13 10
-3.000986428209416 18.27266523826342 10
-1.342932991418198 7.0235549235994 10
2.124344068891839 13.00001975132507 10
0.3923048454132481 14.00000000000001 10
-4.803379156415308 10.96730444075877 10
2.124314596086474 11.00007003466598 10
-1.580712387247743 13.15482976159749 10
-4.917626974683568 12.84931401345232 10
8.122913120460641 16.8818677972182 10
8.122913120460641 3.118132202781799 10
-8.117548379099397 16.83609464897396 10
-6.853739041440726 1.830224824964735 10
-4.754092294887401 4.856564699385075 10
-6.665004299204607 13.82756773478348 10
-1.978016875879687 3.334137705826086 10
-1.162609434079608 14.96483709505467 10
6 3.238937659923485 10
6 16.76106234007654 10
2.015570191554289 3.204661026684868 10
2.025513233869473 16.80547659116639 10
6.928203230275496 14.00000000000002 10
6.9282032302755 12.00000000000002 10
6.9282032302755 10.00000000000002 10
6.928203230275507 8.000000000000021 10
6.928203230275514 6.000000000000025 10
8.535898384862243 1.464101615137755 10
-8.535898384862245 1.464101615137754 10
-8.535898384862241 18.53589838486224 10
8.535898384862239 18.53589838486224 10
-3.000259442439116 4.512326967764194 10
7.005013783609197 15.50492829436416 10
7.005974494056058 4.4915218178037 10
-3.393930472620347 13.4110917432698 10
-5.39802015773539 3.116548391159554 10
-6.896969712338841 15.41798135582932 10
0.7217941261796685 20 -8.099998237636779
-0.8561968184377928 20 8.201209903606149
-8.267949192431123 20 -1
8.267949192431121 20 1
-8.267949192431123 20 3
-3.02551780969966 20 -8.228400973187501
3 20 8.267949192431121
8.267949192431121 20 -3
-8.287759318245765 20 -5.041730342981612
-5.173451309413167 20 8.207407750089139
4.959169343258099 20 -8.22549804470178
8.408154862073197 20 4.919576064647568
-8.306455909888337 20 6.991525261438245
6.988135366013545 20 8.341005191702365
-6.746526950437287 20 -8.24823692498066
8.090094343795201 20 -6.891118908211396
-8.267949192431123 20 1
-6.535898384862246 20 0
-6.544340930827524 20 -1.985377081442905
-4.813697214252859 20 -0.9829399283500564
-4.805489183453284 20 1.002843345274989
-3.07371197691106 20 0.003317236154156689
-3.117862079841575 20 -1.983142667885399
-1.347742715039555 20 -0.9966375719552012
-1.341397955500705 20 1.001113277366496
0.3906967210417562 20 0.0007459509018907795
0.3919167361612779 20 2.000221336698626
0.3923048454132694 20 -1.999999999999989
2.124087632253557 20 -0.9998756748496742
2.124310982860715 20 -2.999979279141602
-1.339745962155629 20 3.000000000000005
0.3922401605379129 20 4.000036889449781
2.124280187294243 20 3.000043037691414
0.3922974003930317 20 -3.999996546523593
3.856354345409352 20 -1.999975825665203
3.856398230511644 20 -3.999996182381518
3.856353104572641 20 2.474991419632033e-05
5.588457268119898 20 -0.9999999999999858
-1.371380041948919 20 4.945232987704076
-3.077069116356721 20 3.99087216461734
2.103606352391232 20 4.964114936327967
3.852935666171208 20 3.994026329003242
-3.064111362434849 20 5.921223195028976
-4.769951751463251 20 4.927336524715495
5.588457268119893 20 1.000000000000018
3.934999898097477 20 6.291387383013792
5.570360553118679 20 4.979470885042067
0.2483976995003498 20 6.262073519588615
2.123956806979081 20 1.000193233392745
3.855740050209493 20 1.999047891666937
5.588457268119898 20 3.000000000000016
2.103619653288284 20 -4.964096949812202
3.929190043646972 20 -6.286087945210804
5.570016682870936 20 -4.979558101357664
0.3923048454132747 20 -5.999999999999989
-1.375409159786443 20 -5.00116122883044
-1.258811318665606 20 -6.997260621411252
-3.10441017045077 20 -6.099804720931234
-4.831348479526088 20 -7.162515286043567
-4.888075827099566 20 -5.128001897958961
-3.113334342069833 20 -4.02072883404391
-6.582318483171578 20 -6.227809743933606
-8.274366978673994 20 4.998587543573038
-8.272657971061109 20 -3.004517904070752
-6.536171985888899 20 2.00047389087916
3 20 -8.267949192431121
-3.03230441847084 20 7.950446524877943
1.046690581078877 20 8.25701432955799
4.987189210685173 20 8.276900684537299
8.369074999462889 20 -4.918002300841557
8.267949192431118 20 -1.000000000000002
8.267949192431121 20 3.000000000000002
-6.545194211007477 20 -4.013002371366326
-1.361624341821852 20 -3.000277808206422
5.588457268119898 20 -2.999999999999984
-3.071796769724494 20 1.999999999999998
-6.366419115131107 20 6.300193483988519
-4.799396198624818 20 2.98692098758116
-6.502375870368866 20 4.035585405122895
-4.845615734597672 20 -2.966651761540332
-7.01748116810082 20 8.335000157985125
6.930307980377734 20 -8.402163482349655
8.122913120460641 20 6.881867797218199
-8.354769383049282 20 -6.941866301944156
6.000000000000014 20 6.761062340076535
5.996685810350863 20 -6.760465556322512
2.000000000000014 20 -6.784609690826516
2.000000000000014 20 6.784609690826539
-1.615118988358413 20 6.656037226161153
-1.029286495324115 20 -8.652037064833124
6.928203230275503 20 2.000000000000016
6.928203230275503 20 1.4210854715202e-14
6.928203230275493 20 4.000000000000036
6.928203230275503 20 -1.999999999999989
6.928203230275511 20 -3.999999999999979
-4.481247591382643 20 6.661321495740015
-5 20 -8.762599127587272
-8.535898384862247 20 -8.535898384862245
-8.535898384862245 20 8.535898384862243
8.535898384862239 20 8.535898384862239
8.535898384862239 20 -8.535898384862241
6.972925932472346 20 -5.540419237201291
7.005926353185604 20 5.508395417396878
8.267949192431121 11 -10
-8.267949192431121 11 -10
-0.9346158590977858 1.790637413823981 -10
-1 18.26794919243112 -10
-8.267949192431123 7 -10
3 1.732050807568877 -10
8.267949192431121 7 -10
3 18.26794919243112 -10
-4.999999999999999 18.26794919243112 -10
-4.883323991063679 1.664687882401521 -10
8.408154862073197 14.91957606464757 -10
-8.362933879517428 14.88665085741267 -10
6.988135366013545 1.658994808297633 -10
-8.306455909888337 3.008474738561752 -10
6.988135366013545 18.34100519170237 -10
-8.274366978673992 5.001412456426959 -10
-6.54893414419014 6.020961351568182 -10
-6.538071011416894 8.003493558594695 -10
-4.818348436561208 7.024801760524166 -10
-4.806626491597116 9.004715886519808 -10
-3.074676731986418 8.004919607840659 -10
-3.072739915818769 10.00160591572674 -10
-1.340383146881644 9.001087587261232 -10
-1.340009350625666 11.00044891716466 -10
0.3921547498805822 10.00025608407098 -10
0.392173632036819 8.000223945222038 -10
0.3922359314128023 12.00011750020595 -10
2.124343448479282 9.000020825927269 -10
-3.116994855781789 11.88713619091424 -10
2.124331750002266 7.000040795191557 -10
-3.057392837739957 6.108663392311056 -10
3.856400442637234 8.000010270186484 -10
3.856403423481574 10.00000518268564 -10
3.856401473735421 6.000008510896352 -10
0.3922789926872206 6.000044123402267 -10
5.588457268119898 9.000000000000027 -10
5.588457268119887 11.00000000000003 -10
3.856405954372768 12.00000086378095 -10
5.588457268119884 13.00000000000002 -10
3.856406376187962 14.00000014396351 -10
5.565797705236651 14.96213526987847 -10
3.935222819200961 16.29195797565818 -10
2.124355652982123 15.00000000000001 -10
2.103620587064874 5.035913956443946 -10
0.1745053940712467 3.721965639745525 -10
3.935497046988605 3.707764578796434 -10
5.570601257470955 5.020115290960753 -10
-1.369597856625202 5.026390885559157 -10
-6.717557554358734 3.991196511873588 -10
5.588457268119916 7.000000000000022 -10
-6.536319434254963 10.00069808206756 -10
-8.268381471755683 9.000698606777041 -10
-6.535898384862245 12 -10
-8.30914871828139 12.98110847623544 -10
-6.991525261438246 18.30645590988833 -10
-6.035511415539022 16.70567603482518 -10
-4.005918569256497 16.56419465985607 -10
-4.967448125544172 14.83035170577114 -10
-2.815090848301297 14.87522149619815 -10
1 18.3094010767585 -10
0.1904512197377457 16.25823583261544 -10
4.987226364202417 18.27699578331137 -10
-3 1.732050807568877 -10
-3.842197347063329 3.235878155739599 -10
4.987272068833692 1.722957975764405 -10
-1.999999999999996 16.53589838486224 -10
1.000000000000002 1.732050807568878 -10
8.267949192431118 9.000000000000002 -10
8.408154862073197 5.080423935352437 -10
8.267949192431118 13 -10
-3.000986428209416 18.27266523826342 -10
-1.342932991418198 7.0235549235994 -10
2.124344068891839 13.00001975132507 -10
0.3923048454132481 14.00000000000001 -10
-4.803379156415308 10.96730444075877 -10
2.124314596086474 11.00007003466598 -10
-1.580712387247743 13.15482976159749 -10
-4.917626974683568 12.84931401345232 -10
8.122913120460641 16.8818677972182 -10
8.122913120460641 3.118132202781799 -10
-8.117548379099397 16.83609464897396 -10
-6.853739041440726 1.830224824964735 -10
-4.754092294887401 4.856564699385075 -10
-6.665004299204607 13.82756773478348 -10
-1.978016875879687 3.334137705826086 -10
-1.162609434079608 14.96483709505467 -10
6 3.238937659923485 -10
6 16.76106234007654 -10
2.015570191554289 3.204661026684868 -10
2.025513233869473 16.80547659116639 -10
6.928203230275496 14.00000000000002 -10
6.9282032302755 12.00000000000002 -10
6.9282032302755 10.00000000000002 -10
6.928203230275507 8.000000000000021 -10
6.928203230275514 6.000000000000025 -10
8.535898384862243 1.464101615137755 -10
-8.535898384862245 1.464101615137754 -10
-8.535898384862241 18.53589838486224 -10
8.535898384862239 18.53589838486224 -10
-3.000259442439116 4.512326967764194 -10
7.005013783609197 15.50492829436416 -10
7.005974494056058 4.4915218178037 -10
-3.393930472620347 13.4110917432698 -10
-5.39802015773539 3.116548391159554 -10
-6.896969712338841 15.41798135582932 -10
10 9.259280815754654 -8.12907304179468
10 1.732050807568877 1
10 10.93680581256686 8.304434373556862
10 18.26794919243112 -1
10 13.01840399803314 -8.22291395856379
10 1.732050807568877 -3
10 7 8.267949192431121
10 18.26794919243113 3
10 18.27738658026878 -4.983653964774446
10 5.040830656741902 -8.225498044701768
10 1.591845137926809 4.919576064647581
10 15.17345130941317 8.207407750089146
10 1.909905656204798 -6.891118908211388
10 3.011864633986453 8.341005191702365
10 18.30645590988833 6.991525261438245
10 16.81634876188519 -8.18860550511841
10 18.26952209040407 -2.997275660795742
10 16.53616053452441 -1.99954594346595
10 16.53594207647261 7.567608901482004e-05
10 14.80389855083879 -0.9999117112294762
10 14.80386335481934 1.000027327476598
10 13.07180789490306 1.926937453866628e-05
10 13.07924820128595 -2.006679354668812
10 11.34826473423307 -1.014219475724108
10 11.3411676116983 0.9976332989417607
10 9.609351891523435 -0.002764362797027076
10 9.608208218999984 1.999144822690818
10 9.616666085376535 -2.015940101261915
10 7.87741562497228 -1.003117410676454
10 7.878463740225669 -3.004958575717061
10 11.34006841448162 2.999463020272117
10 9.673218548278841 4.089084371304214
10 7.886650423368769 3.014704865665871
10 9.606708387084801 -4.011883181653463
10 6.144140047920678 -2.000961426951562
10 6.145183548146002 -4.002768990838763
10 6.143979837186679 -0.0006798062712967123
10 4.411542731880113 -0.9999999999999307
10 11.40260647275742 5.032249595923087
10 13.08232726354581 4.005285436032546
10 7.974509341757607 5.070716218776498
10 6.143593539449014 4.000000000000059
10 13.07179676972453 6.000000000000025
10 14.77210901054305 4.942868204113214
10 4.411542731880125 1.000000000000069
10 6.095072196280001 6.21962108515736
10 4.431255172099855 4.975474734236734
10 4.411542731880099 -2.99999999999993
10 4.43450016368844 -4.962349941933811
10 6.063998059080791 -6.286399515021062
10 14.80031552805954 2.991363494603728
10 4.411542731880131 3.000000000000071
10 16.53777712410771 -3.996745928172682
10 16.59396352338424 -6.011821531118696
10 14.82115766704031 -5.00142790988188
10 14.86320296494898 -7.01012177887227
10 13.06972722428616 -6.065140164061287
10 11.23116781062805 -7.055436164310491
10 11.31248352125813 -5.063118624868068
10 9.567911518756079 -6.086446146302613
10 11.34651405994619 -3.018640123029392
10 7.881818497520515 -5.01069394236415
10 18.274366978674 4.99858754357304
10 1.630925000537115 -4.918002300841541
10 1.732050807568878 -1
10 1.732050807568877 3
10 13.05796777858226 7.988367911987059
10 7 -8.267949192431123
10 5.017822805044406 8.264939634894564
10 8.989467635427809 8.315481940279462
10 9.799634669455671 6.335912237469053
10 13.07284075176744 1.999260934131112
10 7.878199922583358 1.001214684768659
10 6.145918197724679 2.002539957360572
10 18.26795647436618 1.000012612681502
10 14.81565925137264 -3.000718474569798
10 16.53532083516851 1.998579851808472
10 16.53099332162308 3.988566515683077
10 16.36602657167977 6.300778940428632
10 13.07413165419823 -4.025954108513207
10 1.877086879539357 6.881867797218206
10 17.01743443673756 8.335069855180379
10 18.35744924965445 -6.938642437931646
10 3.069692019622265 -8.402163482349648
10 3.999999999999985 6.761062340076556
10 4.003314189649135 -6.760465556322483
10 7.985579983971533 6.813857876538872
10 7.945531366462523 -6.770135865498329
10 14.93959114497346 -8.684328248510894
10 3.071796769724538 4.00000000000008
10 3.071796769724513 2.00000000000005
10 3.071796769724511 5.329070518200751e-14
10 3.071796769724505 -1.999999999999945
10 3.071796769724514 -3.999999999999926
10 14.60288568297007 6.651923788646691
10 11 -8.694874729368017
10 11.65376230061735 6.732192823787216
10 1.464101615137755 -8.535898384862247
10 1.464101615137759 8.535898384862239
10 18.53589838486224 8.535898384862239
10 18.53589838486224 -8.535898384862245
10 3.027719331321857 -5.537960928712145
10 2.994396791858108 5.507596187235832
1.00630800621864 0.25 8.184796123074008
8.09942202924203 0.25 -0.7943605364702169
-0.9834612103020826 0.25 -8.221728365140851
-8.116423309943949 0.25 0.8215762517335587
-2.96687579496697 0.25 8.180582792393478
-8.185269700506812 0.25 -2.97
8.179333720555201 0.25 2.989754179843694
2.980005370440022 0.25 -8.219918424143939
4.949999999999999 0.25 8.185269700506812
8.418878015129238 0.25 -4.91419832736714
-4.875990513746622 0.25 -8.342458576858736
-8.129308121083968 0.25 5.108467715315066
-6.92254493725077 0.25 8.221782940572554
8.114985201202424 0.25 6.678411160057991
6.857632068539528 0.25 -8.021744295458589
-8.236802626201213 0.25 -6.921610008823865
-4.950802232306384 0.25 8.183273860184432
-3.960000000000002 0.25 6.453218892937935
-1.964660172344278 0.25 6.45351433194292
-2.955453597176466 0.25 4.723411605346851
-0.9557162581092326 0.25 4.726691543995576
-1.949210471577882 0.25 2.994923289819865
0.05081799389096019 0.25 3.00187806070796
-0.9430099706319127 0.25 1.26729658442194
1.056955631771008 0.25 1.274096430766378
0.06300302665784095 0.25 -0.4612921940567873
-1.937004117169913 0.25 -0.4682114313818035
2.062992138101995 0.25 -0.4543406734507999
1.069023205981545 0.25 -2.189832750127362
2.050919198154962 0.25 3.009592715943132
3.04085801959817 0.25 -2.166756228470288
-3.949115722827392 0.25 2.988633305525078
4.033129400385576 0.25 -0.4335299466860611
2.070348183395567 0.25 -3.915706553573049
0.07427044421494793 0.25 -3.92490001575722
4.009154583294738 0.25 -3.910947123983955
1.081069490865024 0.25 -5.653910107071233
-0.9189184171079926 0.25 -5.660864813620303
-1.925065718505274 0.25 -3.932227236515909
-2.918906325085401 0.25 -5.667819520155846
-3.924944976934078 0.25 -3.939244046029309
-4.918894233063084 0.25 -5.674774226690539
-6.21655929403454 0.25 -3.965117756189905
-4.930940138132797 0.25 -2.210693555549786
-4.89380243670405 0.25 4.682539186439489
-5.884954114670102 0.25 2.977015654561373
-4.873695212291478 0.25 1.286726003923509
1.044796405836741 0.25 4.733921083390813
3.044907128700644 0.25 4.738106538062704
4.053847120284879 0.25 3.01383739339586
5.045404631697975 0.25 4.744154939566009
6.07874309082081 0.25 3.008411710959724
7.044885363349493 0.25 4.759226839600032
7.02377589408523 0.25 1.168614404873054
6.029922812339449 0.25 6.493161939534257
2.023996142480042 0.25 6.458124322807211
5.074458043997078 0.25 1.278147962504063
5.972611359958511 0.25 -0.5443184523146278
6.704801401494292 0.25 -2.405605818541265
-2.931516605275123 0.25 1.265708105701167
-3.923526854422017 0.25 -0.4687045797310365
-6.185722371031541 0.25 -0.3115332465827274
3.055383588782582 0.25 1.281300647078762
-0.9311209110086612 0.25 -2.196700353452562
3.081057399434314 0.25 -5.646955400110802
5.024700116523105 0.25 -5.608612432382522
-2.928767119362123 0.25 -2.202630200443401
-6.241663441674515 0.25 6.283718621733894
-0.9777113245694492 0.25 8.177517696264728
4.924873451040169 0.25 -8.309272492592903
-2.961699848774535 0.25 -8.231060273075894
-8.188329043355905 0.25 -4.949454627502296
-8.161111508531274 0.25 -1.085178243318145
1.002585739581106 0.25 -8.23935195389301
-7.873641691147193 0.25 2.971768349448847
0.03220438480174444 0.25 6.453032873083609
2.993218241524499 0.25 8.178410241456424
4.032645847531681 0.25 6.448501339654
6.850606381160492 0.25 8.248243977842321
8.383716942843124 0.25 -6.863458002038652
-6.821872847108027 0.25 -8.053701048482125
-8.252766974196765 0.25 6.943271381007101
4.920625916128424 0.25 -2.164481539944147
5.787549610948347 0.25 -3.978655388049087
8.40592465826342 0.25 -2.969999999999999
-6.69134263939286 0.25 -5.939999999999999
-6.67925366970534 0.25 -2.071112465059704
6.781658309656587 0.25 -5.795904394426749
-6.586887339816852 0.25 1.549110602616912
-6.604673961055965 0.25 4.404701905499734
8.637708480314993 0.25 4.950000000000001
8.647288270755828 0.25 0.9900000000000005
-3.914603782317639 0.25 -6.906854623704437
-1.914629327947207 0.25 -6.896031018825145
0.08534581496830448 0.25 -6.885405419550845
2.085321641357085 0.25 -6.874976213955596
4.043417328209118 0.25 -6.890283264942205
-8.450539401013623 0.25 8.450539401013623
8.450539401013623 0.25 8.450539401013623
8.450539401013623 0.25 -8.450539401013623
-8.450539401013623 0.25 -8.450539401013623
5.5264562547937 0.25 -6.925163375960594
-5.499939073490286 0.25 -6.965769597299026
7.290763475873166 0.25 -3.848019425050079
1.00630800621864 19.75 8.184796123074008
8.09942202924203 19.75 -0.7943605364702169
-0.9834612103020826 19.75 -8.221728365140851
-8.116423309943949 19.75 0.8215762517335587
-2.96687579496697 19.75 8.180582792393478
-8.185269700506812 19.75 -2.97
8.179333720555201 19.75 2.989754179843694
2.980005370440022 19.75 -8.219918424143939
4.949999999999999 19.75 8.185269700506812
8.418878015129238 19.75 -4.91419832736714
-4.875990513746622 19.75 -8.342458576858736
-8.129308121083968 19.75 5.108467715315066
-6.92254493725077 19.75 8.221782940572554
8.114985201202424 19.75 6.678411160057991
6.857632068539528 19.75 -8.021744295458589
-8.236802626201213 19.75 -6.921610008823865
-4.950802232306384 19.75 8.183273860184432
-3.960000000000002 19.75 6.453218892937935
-1.964660172344278 19.75 6.45351433194292
-2.955453597176466 19.75 4.723411605346851
-0.9557162581092326 19.75 4.726691543995576
-1.949210471577882 19.75 2.994923289819865
0.05081799389096019 19.75 3.00187806070796
-0.9430099706319127 19.75 1.26729658442194
1.056955631771008 19.75 1.274096430766378
0.06300302665784095 19.75 -0.4612921940567873
-1.937004117169913 19.75 -0.4682114313818035
2.062992138101995 19.75 -0.4543406734507999
1.069023205981545 19.75 -2.189832750127362
2.050919198154962 19.75 3.009592715943132
3.04085801959817 19.75 -2.166756228470288
-3.949115722827392 19.75 2.988633305525078
4.033129400385576 19.75 -0.4335299466860611
2.070348183395567 19.75 -3.915706553573049
0.07427044421494793 19.75 -3.92490001575722
4.009154583294738 19.75 -3.910947123983955
1.081069490865024 19.75 -5.653910107071233
-0.9189184171079926 19.75 -5.660864813620303
-1.925065718505274 19.75 -3.932227236515909
-2.918906325085401 19.75 -5.667819520155846
-3.924944976934078 19.75 -3.939244046029309
-4.918894233063084 19.75 -5.674774226690539
-6.21655929403454 19.75 -3.965117756189905
-4.930940138132797 19.75 -2.210693555549786
-4.89380243670405 19.75 4.682539186439489
-5.884954114670102 19.75 2.977015654561373
-4.873695212291478 19.75 1.286726003923509
1.044796405836741 19.75 4.733921083390813
3.044907128700644 19.75 4.738106538062704
4.053847120284879 19.75 3.01383739339586
5.045404631697975 19.75 4.744154939566009
6.07874309082081 19.75 3.008411710959724
7.044885363349493 19.75 4.759226839600032
7.02377589408523 19.75 1.168614404873054
6.029922812339449 19.75 6.493161939534257
2.023996142480042 19.75 6.458124322807211
5.074458043997078 19.75 1.278147962504063
5.972611359958511 19.75 -0.5443184523146278
6.704801401494292 19.75 -2.405605818541265
-2.931516605275123 19.75 1.265708105701167
-3.923526854422017 19.75 -0.4687045797310365
-6.185722371031541 19.75 -0.3115332465827274
3.055383588782582 19.75 1.281300647078762
-0.9311209110086612 19.75 -2.196700353452562
3.081057399434314 19.75 -5.646955400110802
5.024700116523105 19.75 -5.608612432382522
-2.928767119362123 19.75 -2.202630200443401
-6.241663441674515 19.75 6.283718621733894
-0.9777113245694492 19.75 8.177517696264728
4.924873451040169 19.75 -8.309272492592903
-2.961699848774535 19.75 -8.231060273075894
-8.188329043355905 19.75 -4.949454627502296
-8.161111508531274 19.75 -1.085178243318145
1.002585739581106 19.75 -8.23935195389301
-7.873641691147193 19.75 2.971768349448847
0.03220438480174444 19.75 6.453032873083609
2.993218241524499 19.75 8.178410241456424
4.032645847531681 19.75 6.448501339654
6.850606381160492 19.75 8.248243977842321
8.383716942843124 19.75 -6.863458002038652
-6.821872847108027 19.75 -8.053701048482125
-8.252766974196765 19.75 6.943271381007101
4.920625916128424 19.75 -2.164481539944147
5.787549610948347 19.75 -3.978655388049087
8.40592465826342 19.75 -2.969999999999999
-6.69134263939286 19.75 -5.939999999999999
-6.67925366970534 19.75 -2.071112465059704
6.781658309656587 19.75 -5.795904394426749
-6.586887339816852 19.75 1.549110602616912
-6.604673961055965 19.75 4.404701905499734
8.637708480314993 19.75 4.950000000000001
8.647288270755828 19.75 0.9900000000000005
-3.914603782317639 19.75 -6.906854623704437
-1.914629327947207 19.75 -6.896031018825145
0.08534581496830448 19.75 -6.885405419550845
2.085321641357085 19.75 -6.874976213955596
4.043417328209118 19.75 -6.890283264942205
-8.450539401013623 19.75 8.450539401013623
8.450539401013623 19.75 8.450539401013623
8.450539401013623 19.75 -8.450539401013623
-8.450539401013623 19.75 -8.450539401013623
5.5264562547937 19.75 -6.925163375960594
-5.499939073490286 19.75 -6.965769597299026
7.290763475873166 19.75 -3.848019425050079
7.391101730918773 11.11241163197908 7.399406436261783
-7.376434005873636 8.718879427063685 -7.411356338507285
-7.423608170782312 11.53755845158965 7.501691470317239
-7.317461800405548 13.0748821118628 -7.454397197404747
-7.519179008783905 2.766545563278542 -7.458714528359382
-7.401518397593929 8.412996278597564 7.461968351572867
7.373668154414053 7.676375430054305 7.357061371294069
7.38109815535603 14.73130886731595 7.409732315561961
-7.450476467402843 3.334219285300545 7.438166029273445
7.411044455225322 8.151240910526928 -7.380536859987513
7.174492333911068 16.50959894188792 -7.565584183786596
7.440005674430668 5.270142659057079 -7.475241257417268
7.22487113059642 13.00000000000002 -7.568104176735809
-7.410538801799403 5.509305418388207 -7.444499657610473
7.490885512020456 3.236433238214646 7.382482371403803
7.546124025435667 2.675392423942165 -7.300032825317214
-7.472101111914153 14.71679914078014 7.492525603379211
-7.456361268853179 17.32126614306674 7.445922149671631
-7.103354666735862 16.4746809381116 -7.604426303566356
7.46411006789039 17.34107465545445 7.44827766522873
-7.626295109628051 5.874440449722815 7.684382718836069
7.541743669823187 10.57547129505296 -7.700299134311907
-6.578665587530299 10.88256500477244 -7.829063258915687
6.459069714193801 5.219569418942775 7.895006853092541
-7.914963038357016 10.44868277642832 -6.054173401872964
-5.961410012956332 7.105154962473575 -8.036051549859696
7.825902323492431 9.400326831363564 6.011589796702044
8.112294301034925 17.75530591098556 -6.060016091547021
8.011428623622455 11.77561052240814 -5.906207750960555
-8.063177089210884 7.151555126303121 -5.957314004452765
6.089957822701435 9.394702802586041 7.885234159428441
-6.015719693725794 13.15050066223623 8.009595770418512
-8.081155747368049 17.73041190384553 -6.113362802683865
7.909737417536435 5.112831482201756 6.09688898134877
7.854431860998585 14.76328585682179 -6.296319705377842
7.784611541841052 12.92648528744654 6.169711283609362
-8.026974798278694 4.73506215634476 5.863615356656694
-8.00058587362717 15.17561610061742 -5.989691350759717
-5.568384512883076 2.227646388866271 -8.067197691047179
-5.898168346547466 10.04689578702394 7.922351025833839
6.150755069489845 12.91720368133377 7.839764895494201
-5.581358863480642 6.440730089010147 8.054756439372085
8.023939961742702 3.590719554303724 -5.523559322114091
-5.760183965869611 17.96979436476882 -7.913457579824794
-8.106113907167359 3.955356024510248 -5.798208498010306
5.831110264226085 17.991153524881 -7.880365935888985
-5.87474765151197 14.67056369247608 -7.984958061557411
-7.873426418339243 13.11678124235847 6.142179521621897
5.953104943259333 6.712413556952391 -7.930544457562218
6.015572624924594 14.7380515104617 -7.914213241088469
8.193136788449605 2.081555918026979 5.718213255178594
-8.050532381866109 7.042490816650783 5.875476192615284
5.48442709519232 10.26853680751969 -8.028107960469848
-8.095781335651244 10.5547071608371 5.398132815031509
-5.720858318231817 2.244123229636553 8.072175711107443
8.086075742025098 8.883024114530023 -5.519896933345265
5.765310370522521 1.990458709894274 -7.851766973520188
5.731907806469896 2.234222439726798 8.064205233108478
-8.136988878745047 2.172719462884717 5.870576314138754
5.533223670737956 17.78125259026077 8.016258417023961
-8.079648868662918 15.600049362358 5.585457359705629
-5.505047245826535 17.47838914597025 8.144702219758665
7.991958790850716 6.668859092013539 -5.982035296478543
-5.843190368418178 4.397522784053629 8.175651248380049
-8.315980633438551 12.47824307011263 -5.028505932401468
5.927077217683807 4.025510634444102 -8.101114937829861
-8.122675917533849 14.81055718245679 -8.020602977073619

CELLS 8485 39145
1 0
1 1
1 2
1 3
1 4
1 5
1 6
1 7
1 8
1 9
1 10
1 11
1 12
1 13
1 14
1 15
1 16
1 17
2 0 18
2 18 19
2 19 20
2 20 21
2 21 22
2 22 23
2 23 24
2 24 25
2 25 26
2 26 27
2 27 28
2 28 29
2 29 30
2 30 31
2 31 32
2 32 33
2 33 34
2 34 35
2 35 36
2 36 37
2 37 38
2 38 39
2 39 40
2 40 41
2 41 42
2 42 0
2 1 43
2 43 44
2 44 45
2 45 46
2 46 47
2 47 48
2 48 49
2 49 0
2 1 50
2 50 51
2 51 52
2 52 53
2 53 54
2 54 55
2 55 56
2 56 57
2 57 58
2 58 59
2 59 60
2 60 61
2 61 62
2 62 63
2 63 64
2 64 65
2 65 66
2 66 67
2 67 68
2 68 69
2 69 70
2 70 71
2 71 72
2 72 73
2 73 74
2 74 1
2 3 75
2 75 76
2 76 77
2 77 78
2 78 79
2 79 80
2 80 81
2 81 82
2 82 83
2 83 2
2 2 84
2 84 85
2 85 86
2 86 87
2 87 88
2 88 89
2 89 90
2 90 91
2 91 92
2 92 4
2 5 93
2 93 94
2 94 95
2 95 96
2 96 97
2 97 98
2 98 99
2 99 100
2 100 101
2 101 4
2 3 102
2 102 103
2 103 104
2 104 105
2 105 106
2 106 107
2 107 108
2 108 109
2 109 110
2 110 5
2 3 111
2 111 112
2 112 113
2 113 114
2 114 115
2 115 116
2 116 117
2 117 118
2 118 119
2 119 6
2 6 120
2 120 121
2 121 122
2 122 123
2 123 124
2 124 125
2 125 126
2 126 127
2 127 128
2 128 7
2 2 129
2 129 130
2 130 131
2 131 132
2 132 133
2 133 134
2 134 135
2 135 136
2 136 137
2 137 7
2 4 138
2 138 139
2 139 140
2 140 141
2 141 142
2 142 143
2 143 144
2 144 145
2 145 146
2 146 8
2 7 147
2 147 148
2 148 149
2 149 150
2 150 151
2 151 152
2 152 153
2 153 154
2 154 155
2 155 8
2 5 156
2 156 157
2 157 158
2 158 159
2 159 160
2 160 161
2 161 162
2 162 163
2 163 164
2 164 9
2 9 165
2 165 166
2 166 167
2 167 168
2 168 169
2 169 170
2 170 171
2 171 172
2 172 173
2 173 8
2 6 174
2 174 175
2 175 176
2 176 177
2 177 178
2 178 179
2 179 180
2 180 181
2 181 182
2 182 9
2 10 183
2 183 184
2 184 185
2 185 186
2 186 187
2 187 188
2 188 189
2 189 190
2 190 191
2 191 11
2 11 192
2 192 193
2 193 194
2 194 195
2 195 196
2 196 197
2 197 198
2 198 199
2 199 200
2 200 12
2 12 201
2 201 202
2 202 203
2 203 204
2 204 205
2 205 206
2 206 207
2 207 208
2 208 209
2 209 13
2 13 210
2 210 211
2 211 212
2 212 213
2 213 214
2 214 215
2 215 216
2 216 217
2 217 218
2 218 10
2 14 219
2 219 220
2 220 221
2 221 222
2 222 223
2 223 224
2 224 225
2 225 226
2 226 227
2 227 15
2 15 228
2 228 229
2 229 230
2 230 231
2 231 232
2 232 233
2 233 234
2 234 235
2 235 236
2 236 16
2 16 237
2 237 238
2 238 239
2 239 240
2 240 241
2 241 242
2 242 243
2 243 244
2 244 245
2 245 17
2 17 246
2 246 247
2 247 248
2 248 249
2 249 250
2 250 251
2 251 252
2 252 253
2 253 254
2 254 14
3 0 452 18
3 42 451 0
3 0 451 49
3 49 452 0
3 43 450 1
3 1 453 43
3 50 453 1
3 1 450 74
3 18 396 19
3 18 452 396
3 19 277 20
3 19 396 277
3 20 404 21
3 277 404 20
3 21 259 22
3 21 404 259
3 22 406 23
3 259 406 22
3 23 405 24
3 23 406 405
3 24 260 25
3 24 405 260
3 25 401 26
3 260 401 25
3 26 398 27
3 26 401 398
3 27 270 28
3 27 398 270
3 28 395 29
3 270 395 28
3 29 257 30
3 29 395 257
3 30 394 31
3 257 394 30
3 31 422 32
3 394 422 31
3 32 258 33
3 32 422 258
3 33 426 34
3 258 426 33
3 34 429 35
3 426 429 34
3 35 261 36
3 35 429 261
3 36 433 37
3 261 433 36
3 37 436 38
3 433 436 37
3 38 264 39
3 38 436 264
3 39 443 40
3 264 443 39
3 40 276 41
3 40 443 276
3 41 445 42
3 276 445 41
3 445 451 42
3 44 399 43
3 43 419 44
3 399 450 43
3 43 453 419
3 44 416 45
3 45 448 44
3 44 448 399
3 44 419 416
3 45 266 46
3 46 267 45
3 45 416 266
3 267 448 45
3 46 417 47
3 47 447 46
3 266 417 46
3 46 447 267
3 48 268 47
3 47 269 48
3 268 447 47
3 47 417 269
3 48 418 49
3 49 449 48
3 48 449 268
3 269 418 48
3 418 452 49
3 49 451 449
3 51 279 50
3 279 453 50
3 52 397 51
3 51 397 279
3 53 274 52
3 274 397 52
3 54 441 53
3 53 441 274
3 55 265 54
3 265 441 54
3 56 438 55
3 55 438 265
3 57 275 56
3 275 438 56
3 58 435 57
3 57 435 275
3 59 255 58
3 255 435 58
3 60 432 59
3 59 432 255
3 61 271 60
3 271 432 60
3 62 428 61
3 61 428 271
3 63 262 62
3 262 428 62
3 64 425 63
3 63 425 262
3 65 423 64
3 423 425 64
3 66 263 65
3 263 423 65
3 67 415 66
3 66 415 263
3 68 273 67
3 273 415 67
3 69 403 68
3 68 403 273
3 70 256 69
3 256 403 69
3 71 393 70
3 70 393 256
3 72 272 71
3 272 393 71
3 73 280 72
3 72 280 272
3 74 278 73
3 278 280 73
3 74 450 278
3 255 434 378
3 378 435 255
3 255 432 386
3 386 434 255
3 256 400 358
3 358 403 256
3 393 400 256
3 257 420 394
3 395 414 257
3 414 420 257
3 258 424 362
3 362 426 258
3 422 424 258
3 259 404 391
3 391 410 259
3 259 410 406
3 260 405 382
3 382 409 260
3 260 409 401
3 261 431 355
3 355 433 261
3 429 431 261
3 262 427 389
3 389 428 262
3 425 427 262
3 263 421 368
3 368 423 263
3 415 421 263
3 264 439 346
3 346 443 264
3 264 436 354
3 354 439 264
3 265 438 372
3 372 440 265
3 265 440 374
3 374 441 265
3 352 417 266
3 266 456 352
3 416 456 266
3 348 350 267
3 267 447 348
3 350 407 267
3 407 448 267
3 347 348 268
3 268 349 347
3 348 447 268
3 268 449 349
3 412 418 269
3 269 454 412
3 417 454 269
3 270 411 395
3 398 402 270
3 402 411 270
3 271 430 386
3 386 432 271
3 271 428 389
3 389 430 271
3 280 281 272
3 281 282 272
3 282 393 272
3 273 413 360
3 360 415 273
3 403 413 273
3 274 441 374
3 374 442 274
3 274 442 397
3 275 437 372
3 372 438 275
3 275 435 378
3 378 437 275
3 276 443 346
3 346 446 276
3 349 445 276
3 276 446 349
3 396 412 277
3 277 408 404
3 277 412 408
3 278 392 280
3 278 399 392
3 278 450 399
3 397 444 279
3 419 453 279
3 279 455 419
3 444 455 279
3 280 392 281
3 281 283 282
3 281 335 283
3 281 392 335
3 283 284 282
3 284 400 282
3 282 400 393
3 283 285 284
3 283 351 285
3 335 351 283
3 285 286 284
3 286 357 284
3 357 400 284
3 285 287 286
3 285 321 287
3 285 351 321
3 287 288 286
3 288 289 286
3 289 357 286
3 287 353 288
3 321 339 287
3 339 353 287
3 288 290 289
3 288 324 290
3 288 353 324
3 290 291 289
3 291 331 289
3 331 357 289
3 290 292 291
3 290 356 292
3 324 356 290
3 292 293 291
3 293 359 291
3 291 359 331
3 292 294 293
3 292 364 294
3 356 364 292
3 294 295 293
3 295 333 293
3 333 359 293
3 294 296 295
3 294 326 296
3 294 364 326
3 296 297 295
3 297 367 295
3 295 367 333
3 296 298 297
3 296 361 298
3 326 361 296
3 298 299 297
3 299 323 297
3 323 367 297
3 298 300 299
3 298 365 300
3 361 365 298
3 300 301 299
3 301 370 299
3 299 370 323
3 300 302 301
3 300 328 302
3 300 365 328
3 302 303 301
3 303 388 301
3 301 388 370
3 302 304 303
3 302 375 304
3 328 375 302
3 304 305 303
3 305 334 303
3 334 388 303
3 304 306 305
3 304 330 306
3 304 375 330
3 306 307 305
3 307 385 305
3 305 385 334
3 306 308 307
3 306 387 308
3 330 387 306
3 308 309 307
3 309 336 307
3 336 385 307
3 308 310 309
3 308 329 310
3 308 387 329
3 310 311 309
3 311 377 309
3 309 377 336
3 310 312 311
3 310 379 312
3 329 379 310
3 312 313 311
3 313 376 311
3 376 377 311
3 312 314 313
3 312 381 314
3 379 381 312
3 314 315 313
3 315 338 313
3 338 376 313
3 314 316 315
3 314 325 316
3 314 381 325
3 316 317 315
3 317 371 315
3 315 371 338
3 316 318 317
3 316 384 318
3 325 384 316
3 318 319 317
3 319 337 317
3 337 371 317
3 318 320 319
3 318 390 320
3 384 390 318
3 320 322 319
3 322 373 319
3 319 373 337
3 320 327 322
3 320 332 327
3 320 390 332
3 321 340 339
3 321 341 340
3 321 351 341
3 327 342 322
3 342 343 322
3 343 373 322
3 323 368 367
3 323 369 368
3 323 370 369
3 353 354 324
3 354 355 324
3 355 356 324
3 381 382 325
3 382 383 325
3 383 384 325
3 326 362 361
3 326 363 362
3 326 364 363
3 332 345 327
3 327 352 342
3 345 352 327
3 365 366 328
3 366 420 328
3 328 420 375
3 329 380 379
3 329 402 380
3 387 402 329
3 375 414 330
3 330 411 387
3 330 414 411
3 331 358 357
3 331 413 358
3 359 413 331
3 332 408 345
3 390 391 332
3 391 408 332
3 333 360 359
3 333 421 360
3 367 421 333
3 385 430 334
3 334 389 388
3 334 430 389
3 350 351 335
3 335 407 350
3 392 407 335
3 377 434 336
3 336 386 385
3 336 434 386
3 337 440 371
3 373 374 337
3 374 440 337
3 371 372 338
3 372 437 338
3 338 437 376
3 340 346 339
3 346 439 339
3 339 439 353
3 341 347 340
3 340 446 346
3 347 446 340
3 341 348 347
3 341 350 348
3 341 351 350
3 342 344 343
3 342 456 344
3 352 456 342
3 344 444 343
3 343 442 373
3 343 444 442
3 416 455 344
3 344 456 416
3 344 455 444
3 345 454 352
3 408 412 345
3 412 454 345
3 349 446 347
3 349 451 445
3 449 451 349
3 352 454 417
3 353 439 354
3 354 433 355
3 354 436 433
3 355 431 356
3 356 431 364
3 358 400 357
3 358 413 403
3 360 413 359
3 360 421 415
3 362 424 361
3 361 424 365
3 363 426 362
3 364 431 363
3 363 429 426
3 363 431 429
3 365 424 366
3 394 420 366
3 366 422 394
3 366 424 422
3 368 421 367
3 369 423 368
3 370 427 369
3 369 425 423
3 369 427 425
3 388 427 370
3 371 440 372
3 373 442 374
3 375 420 414
3 376 378 377
3 376 437 378
3 378 434 377
3 380 409 379
3 379 409 381
3 398 401 380
3 380 402 398
3 401 409 380
3 381 409 382
3 382 405 383
3 383 410 384
3 405 406 383
3 406 410 383
3 384 410 390
3 386 430 385
3 387 411 402
3 389 427 388
3 390 410 391
3 404 408 391
3 399 407 392
3 411 414 395
3 396 418 412
3 396 452 418
3 442 444 397
3 399 448 407
3 419 455 416
3 18 497 0
3 0 467 42
3 0 497 467
3 19 460 18
3 460 497 18
3 20 495 19
3 19 495 460
3 21 506 20
3 20 506 495
3 22 464 21
3 464 506 21
3 23 498 22
3 22 498 464
3 24 509 23
3 23 509 498
3 25 458 24
3 458 509 24
3 26 501 25
3 25 501 458
3 27 465 26
3 465 501 26
3 28 499 27
3 27 499 465
3 29 462 28
3 462 499 28
3 30 490 29
3 29 490 462
3 31 510 30
3 30 510 490
3 32 459 31
3 459 510 31
3 33 505 32
3 32 505 459
3 34 503 33
3 503 505 33
3 35 463 34
3 463 503 34
3 36 507 35
3 35 507 463
3 37 494 36
3 494 507 36
3 38 457 37
3 457 494 37
3 39 500 38
3 38 500 457
3 40 466 39
3 466 500 39
3 41 502 40
3 40 502 466
3 42 461 41
3 461 502 41
3 42 467 461
3 493 494 457
3 457 508 493
3 500 508 457
3 458 491 484
3 484 496 458
3 458 501 491
3 496 509 458
3 459 505 485
3 485 512 459
3 459 512 510
3 460 495 492
3 492 497 460
3 467 468 461
3 468 469 461
3 469 502 461
3 480 482 462
3 462 490 480
3 482 511 462
3 462 511 499
3 481 485 463
3 463 486 481
3 485 503 463
3 463 507 486
3 464 498 483
3 483 504 464
3 504 506 464
3 491 501 465
3 465 511 491
3 499 511 465
3 466 502 469
3 469 508 466
3 466 508 500
3 467 497 468
3 468 470 469
3 468 488 470
3 468 497 488
3 470 471 469
3 471 508 469
3 470 472 471
3 470 473 472
3 470 488 473
3 472 487 471
3 487 493 471
3 493 508 471
3 473 474 472
3 474 475 472
3 475 487 472
3 473 476 474
3 473 478 476
3 473 488 478
3 474 477 475
3 476 489 474
3 474 489 477
3 477 479 475
3 479 481 475
3 481 487 475
3 478 483 476
3 483 484 476
3 484 489 476
3 477 480 479
3 477 482 480
3 477 489 482
3 478 504 483
3 488 492 478
3 492 504 478
3 480 512 479
3 479 485 481
3 479 512 485
3 490 512 480
3 486 487 481
3 489 491 482
3 491 511 482
3 483 496 484
3 483 498 496
3 484 491 489
3 485 505 503
3 486 493 487
3 486 494 493
3 486 507 494
3 488 497 492
3 510 512 490
3 495 504 492
3 495 506 504
3 498 509 496
3 50 1 553
3 1 74 523
3 1 523 553
3 51 50 516
3 516 50 553
3 52 51 551
3 51 516 551
3 53 52 562
3 52 551 562
3 54 53 520
3 520 53 562
3 55 54 554
3 54 520 554
3 56 55 565
3 55 554 565
3 57 56 514
3 514 56 565
3 58 57 557
3 57 514 557
3 59 58 521
3 521 58 557
3 60 59 555
3 59 521 555
3 61 60 518
3 518 60 555
3 62 61 546
3 61 518 546
3 63 62 566
3 62 546 566
3 64 63 515
3 515 63 566
3 65 64 561
3 64 515 561
3 66 65 559
3 559 65 561
3 67 66 519
3 519 66 559
3 68 67 563
3 67 519 563
3 69 68 550
3 550 68 563
3 70 69 513
3 513 69 550
3 71 70 556
3 70 513 556
3 72 71 522
3 522 71 556
3 73 72 558
3 72 522 558
3 74 73 517
3 517 73 558
3 74 517 523
3 549 513 550
3 513 549 564
3 556 513 564
3 514 540 547
3 540 514 552
3 514 547 557
3 552 514 565
3 515 541 561
3 541 515 568
3 515 566 568
3 516 548 551
3 548 516 553
3 523 517 524
3 524 517 525
3 525 517 558
3 536 518 538
3 518 536 546
3 538 518 567
3 518 555 567
3 537 519 541
3 519 537 542
3 541 519 559
3 519 542 563
3 520 539 554
3 539 520 560
3 560 520 562
3 547 521 557
3 521 547 567
3 555 521 567
3 522 525 558
3 525 522 564
3 522 556 564
3 523 524 553
3 524 525 526
3 524 526 544
3 524 544 553
3 526 525 527
3 527 525 564
3 526 527 528
3 526 528 529
3 526 529 544
3 528 527 543
3 543 527 549
3 549 527 564
3 529 528 530
3 530 528 531
3 531 528 543
3 529 530 532
3 529 532 534
3 529 534 544
3 530 531 533
3 532 530 545
3 530 533 545
3 533 531 535
3 535 531 537
3 537 531 543
3 534 532 539
3 539 532 540
3 540 532 545
3 533 535 536
3 533 536 538
3 533 538 545
3 534 539 560
3 544 534 548
3 548 534 560
3 536 535 568
3 535 537 541
3 535 541 568
3 546 536 568
3 542 537 543
3 545 538 547
3 547 538 567
3 539 540 552
3 539 552 554
3 540 545 547
3 541 559 561
3 542 543 549
3 542 549 550
3 542 550 563
3 544 548 553
3 566 546 568
3 551 548 560
3 551 560 562
3 554 552 565
3 83 2 667
3 2 84 667
3 3 75 666
3 102 3 666
3 92 4 668
3 4 101 668
3 93 5 669
3 5 110 669
3 75 76 581
3 75 581 666
3 76 77 632
3 581 76 632
3 77 78 574
3 77 574 632
3 78 79 633
3 574 78 633
3 79 80 570
3 79 570 633
3 80 81 634
3 570 80 634
3 81 82 579
3 81 579 634
3 82 83 649
3 579 82 649
3 649 83 667
3 84 85 582
3 84 582 667
3 85 86 637
3 582 85 637
3 86 87 575
3 86 575 637
3 87 88 638
3 575 87 638
3 88 89 571
3 88 571 638
3 89 90 635
3 571 89 635
3 90 91 580
3 90 580 635
3 91 92 650
3 580 91 650
3 650 92 668
3 94 93 651
3 651 93 669
3 95 94 577
3 577 94 651
3 96 95 585
3 95 577 585
3 97 96 572
3 572 96 585
3 98 97 643
3 97 572 643
3 99 98 576
3 576 98 643
3 100 99 631
3 99 576 631
3 101 100 583
3 583 100 631
3 101 583 668
3 103 102 652
3 652 102 666
3 104 103 578
3 578 103 652
3 105 104 636
3 104 578 636
3 106 105 569
3 569 105 636
3 107 106 664
3 106 569 664
3 108 107 573
3 573 107 664
3 109 108 657
3 108 573 657
3 110 109 584
3 584 109 657
3 110 584 669
3 626 569 628
3 569 626 664
3 628 569 656
3 569 636 656
3 633 570 660
3 570 634 659
3 570 659 660
3 571 635 665
3 638 571 639
3 639 571 665
3 572 585 586
3 572 586 587
3 572 587 643
3 624 573 625
3 573 624 657
3 625 573 626
3 626 573 664
3 632 574 662
3 574 633 661
3 574 661 662
3 575 614 637
3 614 575 655
3 575 638 655
3 631 576 646
3 576 643 645
3 576 645 646
3 585 577 621
3 621 577 622
3 622 577 651
3 578 618 636
3 618 578 654
3 578 652 654
3 634 579 658
3 579 649 671
3 658 579 671
3 635 580 663
3 647 580 650
3 580 647 663
3 581 632 670
3 652 581 654
3 581 652 666
3 654 581 670
3 582 637 653
3 649 582 653
3 582 649 667
3 583 631 647
3 583 647 650
3 583 650 668
3 622 584 624
3 584 622 651
3 624 584 657
3 584 651 669
3 586 585 621
3 587 586 588
3 588 586 644
3 586 621 644
3 587 588 589
3 587 589 645
3 643 587 645
3 589 588 590
3 590 588 591
3 591 588 644
3 589 590 640
3 619 589 640
3 589 619 645
3 590 591 592
3 590 592 593
3 590 593 640
3 592 591 629
3 629 591 648
3 591 644 648
3 593 592 594
3 594 592 596
3 596 592 629
3 593 594 595
3 593 595 599
3 593 599 640
3 595 594 641
3 594 596 597
3 594 597 641
3 599 595 600
3 600 595 601
3 601 595 641
3 597 596 598
3 598 596 602
3 602 596 629
3 597 598 603
3 597 603 605
3 597 605 641
3 598 602 630
3 603 598 604
3 604 598 630
3 599 600 607
3 599 607 608
3 599 608 640
3 600 601 609
3 607 600 639
3 600 609 639
3 609 601 610
3 610 601 642
3 601 641 642
3 602 627 628
3 627 602 629
3 602 628 630
3 603 604 616
3 605 603 606
3 606 603 616
3 616 604 617
3 617 604 618
3 618 604 630
3 605 606 613
3 605 613 642
3 641 605 642
3 613 606 660
3 606 616 661
3 660 606 661
3 608 607 611
3 611 607 665
3 607 639 665
3 608 611 612
3 608 612 619
3 608 619 640
3 609 610 614
3 609 614 655
3 639 609 655
3 614 610 615
3 615 610 620
3 620 610 642
3 612 611 663
3 611 635 663
3 635 611 665
3 619 612 646
3 646 612 647
3 647 612 663
3 613 620 642
3 620 613 659
3 659 613 660
3 614 615 653
3 637 614 653
3 615 620 658
3 653 615 671
3 615 658 671
3 616 617 662
3 661 616 662
3 617 618 654
3 617 654 670
3 662 617 670
3 618 630 656
3 636 618 656
3 645 619 646
3 658 620 659
3 621 622 623
3 621 623 644
3 623 622 624
3 623 624 625
3 623 625 648
3 644 623 648
3 625 626 627
3 625 627 648
3 627 626 628
3 627 629 648
3 630 628 656
3 631 646 647
3 632 662 670
3 633 660 661
3 634 658 659
3 638 639 655
3 649 653 671
3 2 83 770
3 129 2 770
3 75 3 769
3 3 111 769
3 119 6 771
3 6 120 771
3 128 7 772
3 7 137 772
3 76 75 737
3 737 75 769
3 77 76 683
3 683 76 737
3 78 77 733
3 77 683 733
3 79 78 674
3 674 78 733
3 80 79 687
3 79 674 687
3 81 80 676
3 676 80 687
3 82 81 751
3 81 676 751
3 83 82 685
3 685 82 751
3 83 685 770
3 111 112 752
3 111 752 769
3 112 113 680
3 112 680 752
3 113 114 731
3 680 113 731
3 114 115 675
3 114 675 731
3 115 116 734
3 675 115 734
3 116 117 677
3 116 677 734
3 117 118 735
3 677 117 735
3 118 119 686
3 118 686 735
3 686 119 771
3 120 121 753
3 120 753 771
3 121 122 681
3 121 681 753
3 122 123 738
3 681 122 738
3 123 124 672
3 123 672 738
3 124 125 739
3 672 124 739
3 125 126 678
3 125 678 739
3 126 127 740
3 678 126 740
3 127 128 754
3 740 127 754
3 754 128 772
3 130 129 755
3 755 129 770
3 131 130 682
3 682 130 755
3 132 131 741
3 131 682 741
3 133 132 673
3 673 132 741
3 134 133 742
3 133 673 742
3 135 134 679
3 679 134 742
3 136 135 743
3 135 679 743
3 137 136 684
3 684 136 743
3 137 684 772
3 738 672 764
3 672 739 763
3 672 763 764
3 673 732 742
3 732 673 760
3 673 741 760
3 687 674 688
3 688 674 689
3 689 674 733
3 718 675 734
3 675 718 761
3 731 675 761
3 676 687 748
3 730 676 748
3 676 730 751
3 714 677 735
3 677 714 759
3 734 677 759
3 739 678 762
3 678 740 765
3 762 678 765
3 679 712 743
3 712 679 758
3 679 742 758
3 680 731 767
3 680 747 752
3 747 680 767
3 681 738 766
3 753 681 773
3 681 766 773
3 741 682 768
3 750 682 755
3 682 750 768
3 733 683 746
3 683 737 747
3 746 683 747
3 684 743 757
3 754 684 757
3 684 754 772
3 750 685 751
3 685 750 755
3 685 755 770
3 735 686 756
3 686 753 756
3 753 686 771
3 687 688 748
3 688 689 690
3 688 690 691
3 688 691 748
3 690 689 745
3 689 733 746
3 745 689 746
3 691 690 692
3 692 690 693
3 693 690 745
3 691 692 736
3 729 691 736
3 691 729 748
3 692 693 694
3 692 694 695
3 692 695 736
3 694 693 720
3 720 693 721
3 721 693 745
3 695 694 696
3 696 694 697
3 697 694 720
3 695 696 698
3 695 698 700
3 695 700 736
3 696 697 749
3 698 696 699
3 699 696 749
3 716 697 717
3 697 716 749
3 717 697 720
3 698 699 701
3 700 698 724
3 698 701 724
3 701 699 702
3 702 699 703
3 703 699 749
3 700 724 725
3 700 725 726
3 700 726 736
3 701 702 704
3 701 704 705
3 701 705 724
3 702 703 706
3 704 702 744
3 702 706 744
3 706 703 707
3 707 703 708
3 708 703 749
3 705 704 712
3 712 704 713
3 713 704 744
3 705 712 758
3 724 705 732
3 732 705 758
3 706 707 763
3 744 706 762
3 762 706 763
3 707 708 709
3 707 709 764
3 763 707 764
3 709 708 710
3 710 708 716
3 716 708 749
3 709 710 711
3 709 711 766
3 764 709 766
3 711 710 714
3 714 710 715
3 715 710 716
3 711 714 756
3 711 756 773
3 766 711 773
3 712 713 757
3 743 712 757
3 713 744 765
3 757 713 774
3 713 765 774
3 714 715 759
3 714 735 756
3 715 716 717
3 715 717 718
3 715 718 759
3 718 717 719
3 719 717 720
3 718 719 761
3 718 734 759
3 719 720 721
3 719 721 722
3 719 722 761
3 722 721 723
3 723 721 745
3 722 723 767
3 722 731 761
3 731 722 767
3 723 745 746
3 723 746 747
3 723 747 767
3 725 724 732
3 726 725 727
3 727 725 760
3 725 732 760
3 726 727 728
3 726 728 729
3 726 729 736
3 728 727 768
3 741 727 760
3 727 741 768
3 729 728 730
3 730 728 750
3 750 728 768
3 729 730 748
3 730 750 751
3 742 732 758
3 747 737 752
3 752 737 769
3 738 764 766
3 739 762 763
3 740 754 774
3 765 740 774
3 744 762 765
3 756 753 773
3 754 757 774
3 2 871 84
3 129 871 2
3 92 872 4
3 4 872 138
3 7 870 137
3 147 870 7
3 146 873 8
3 8 873 155
3 84 788 85
3 84 871 788
3 85 790 86
3 788 790 85
3 86 779 87
3 86 790 779
3 87 826 88
3 779 826 87
3 88 776 89
3 88 826 776
3 89 828 90
3 776 828 89
3 90 783 91
3 90 828 783
3 91 855 92
3 783 855 91
3 855 872 92
3 130 856 129
3 856 871 129
3 131 784 130
3 784 856 130
3 132 837 131
3 131 837 784
3 133 777 132
3 777 837 132
3 134 841 133
3 133 841 777
3 135 780 134
3 780 841 134
3 136 839 135
3 135 839 780
3 137 787 136
3 787 839 136
3 137 870 787
3 138 829 139
3 138 872 829
3 139 786 140
3 139 829 786
3 140 845 141
3 786 845 140
3 141 778 142
3 141 845 778
3 142 834 143
3 778 834 142
3 143 782 144
3 143 834 782
3 144 836 145
3 782 836 144
3 145 789 146
3 145 836 789
3 789 873 146
3 148 854 147
3 854 870 147
3 149 843 148
3 843 854 148
3 150 781 149
3 781 843 149
3 151 842 150
3 150 842 781
3 152 775 151
3 775 842 151
3 153 844 152
3 152 844 775
3 154 785 153
3 785 844 153
3 155 853 154
3 154 853 785
3 155 873 853
3 775 867 842
3 844 866 775
3 866 867 775
3 776 826 825
3 825 827 776
3 827 828 776
3 777 841 819
3 819 859 777
3 777 859 837
3 778 835 834
3 778 840 835
3 778 845 840
3 790 791 779
3 791 792 779
3 792 826 779
3 780 839 820
3 820 863 780
3 780 863 841
3 842 868 781
3 781 869 843
3 868 869 781
3 816 836 782
3 782 864 816
3 834 864 782
3 828 858 783
3 783 879 855
3 858 879 783
3 837 838 784
3 838 878 784
3 784 878 856
3 785 865 844
3 853 875 785
3 785 875 865
3 829 830 786
3 830 831 786
3 831 845 786
3 787 861 839
3 854 861 787
3 787 870 854
3 788 823 790
3 788 856 823
3 788 871 856
3 836 862 789
3 789 862 853
3 853 873 789
3 790 823 791
3 791 793 792
3 791 857 793
3 823 857 791
3 793 794 792
3 794 825 792
3 825 826 792
3 793 795 794
3 793 805 795
3 793 857 805
3 795 796 794
3 796 849 794
3 794 849 825
3 795 797 796
3 795 846 797
3 805 846 795
3 797 798 796
3 798 803 796
3 803 849 796
3 797 799 798
3 797 800 799
3 797 846 800
3 799 801 798
3 801 851 798
3 798 851 803
3 800 802 799
3 799 850 801
3 802 850 799
3 800 804 802
3 800 809 804
3 800 846 809
3 847 848 801
3 801 850 847
3 848 851 801
3 804 806 802
3 806 807 802
3 807 850 802
3 803 852 849
3 851 877 803
3 803 877 852
3 804 808 806
3 804 818 808
3 809 818 804
3 822 846 805
3 805 874 822
3 857 874 805
3 806 810 807
3 808 824 806
3 806 824 810
3 810 811 807
3 811 812 807
3 812 850 807
3 818 820 808
3 820 821 808
3 821 824 808
3 809 819 818
3 809 822 819
3 809 846 822
3 810 867 811
3 824 868 810
3 810 868 867
3 811 813 812
3 811 866 813
3 811 867 866
3 813 814 812
3 814 847 812
3 847 850 812
3 813 815 814
3 813 865 815
3 813 866 865
3 815 816 814
3 816 817 814
3 817 847 814
3 815 862 816
3 815 875 862
3 865 875 815
3 816 864 817
3 816 862 836
3 835 848 817
3 817 864 835
3 817 848 847
3 819 863 818
3 818 863 820
3 822 859 819
3 841 863 819
3 820 861 821
3 839 861 820
3 821 869 824
3 861 876 821
3 821 876 869
3 822 874 859
3 856 878 823
3 823 878 857
3 824 869 868
3 825 849 827
3 827 858 828
3 849 852 827
3 852 858 827
3 829 855 830
3 829 872 855
3 830 832 831
3 830 879 832
3 855 879 830
3 832 833 831
3 833 840 831
3 840 845 831
3 832 877 833
3 832 858 852
3 852 877 832
3 832 879 858
3 833 860 840
3 851 860 833
3 833 877 851
3 835 864 834
3 840 860 835
3 835 860 848
3 837 859 838
3 838 874 857
3 857 878 838
3 859 874 838
3 867 868 842
3 843 876 854
3 869 876 843
3 865 866 844
3 848 860 851
3 862 875 853
3 854 876 861
3 4 978 101
3 138 978 4
3 93 977 5
3 5 977 156
3 8 979 146
3 173 979 8
3 164 980 9
3 9 980 165
3 94 963 93
3 963 977 93
3 95 888 94
3 888 963 94
3 96 943 95
3 95 943 888
3 97 882 96
3 882 943 96
3 98 896 97
3 97 896 882
3 99 884 98
3 884 896 98
3 100 942 99
3 99 942 884
3 101 892 100
3 892 942 100
3 101 978 892
3 139 960 138
3 960 978 138
3 140 889 139
3 889 960 139
3 141 946 140
3 140 946 889
3 142 881 141
3 881 946 141
3 143 947 142
3 142 947 881
3 144 886 143
3 886 947 143
3 145 948 144
3 144 948 886
3 146 893 145
3 893 948 145
3 146 979 893
3 156 894 157
3 156 977 894
3 157 976 158
3 894 976 157
3 158 885 159
3 158 976 885
3 159 969 160
3 885 969 159
3 160 880 161
3 160 969 880
3 161 945 162
3 880 945 161
3 162 890 163
3 162 945 890
3 163 961 164
3 890 961 163
3 961 980 164
3 165 895 166
3 165 980 895
3 166 949 167
3 895 949 166
3 167 887 168
3 167 949 887
3 168 950 169
3 887 950 168
3 169 883 170
3 169 950 883
3 170 951 171
3 883 951 170
3 171 891 172
3 171 951 891
3 172 962 173
3 891 962 172
3 962 979 173
3 880 936 934
3 934 966 880
3 880 969 936
3 880 966 945
3 881 947 927
3 927 968 881
3 881 968 946
3 896 897 882
3 897 898 882
3 898 943 882
3 950 971 883
3 883 970 951
3 883 971 970
3 884 944 896
3 942 958 884
3 884 958 944
3 885 937 936
3 936 969 885
3 885 938 937
3 885 976 938
3 886 948 925
3 925 967 886
3 886 967 947
3 949 974 887
3 887 973 950
3 887 974 973
3 888 952 941
3 941 963 888
3 943 952 888
3 946 975 889
3 956 960 889
3 889 975 956
3 890 945 932
3 932 965 890
3 890 965 961
3 951 972 891
3 891 982 962
3 972 982 891
3 892 956 942
3 892 960 956
3 892 978 960
3 893 964 948
3 962 964 893
3 893 979 962
3 894 941 938
3 938 976 894
3 894 963 941
3 894 977 963
3 895 981 949
3 961 965 895
3 895 980 961
3 965 981 895
3 896 944 897
3 897 899 898
3 897 900 899
3 897 944 900
3 899 959 898
3 898 952 943
3 898 959 952
3 900 901 899
3 901 902 899
3 902 959 899
3 900 955 901
3 944 957 900
3 900 957 955
3 901 903 902
3 901 904 903
3 901 955 904
3 903 953 902
3 902 953 940
3 940 959 902
3 904 905 903
3 905 907 903
3 907 953 903
3 904 906 905
3 904 910 906
3 904 955 910
3 906 928 905
3 905 908 907
3 905 928 908
3 910 911 906
3 911 912 906
3 912 928 906
3 908 909 907
3 909 913 907
3 913 953 907
3 908 914 909
3 908 916 914
3 908 928 916
3 909 931 913
3 914 915 909
3 915 931 909
3 910 918 911
3 910 919 918
3 910 955 919
3 911 920 912
3 918 927 911
3 911 927 920
3 920 921 912
3 921 929 912
3 912 929 928
3 931 934 913
3 934 935 913
3 935 953 913
3 914 954 915
3 916 917 914
3 917 954 914
3 915 932 931
3 915 933 932
3 915 954 933
3 916 924 917
3 916 929 924
3 928 929 916
3 924 971 917
3 917 973 954
3 971 973 917
3 919 922 918
3 922 968 918
3 918 968 927
3 919 923 922
3 919 957 923
3 955 957 919
3 920 925 921
3 920 967 925
3 927 967 920
3 925 926 921
3 926 930 921
3 921 930 929
3 923 975 922
3 946 968 922
3 922 975 946
3 923 958 956
3 956 975 923
3 957 958 923
3 929 930 924
3 930 970 924
3 970 971 924
3 925 964 926
3 948 964 925
3 926 972 930
3 964 982 926
3 926 982 972
3 947 967 927
3 930 972 970
3 932 966 931
3 931 966 934
3 933 965 932
3 945 966 932
3 954 974 933
3 933 981 965
3 974 981 933
3 934 936 935
3 936 937 935
3 937 940 935
3 940 953 935
3 938 939 937
3 939 940 937
3 938 941 939
3 939 959 940
3 941 952 939
3 952 959 939
3 956 958 942
3 944 958 957
3 949 981 974
3 950 973 971
3 970 972 951
3 973 974 954
3 962 982 964
3 3 102 1079
3 111 3 1079
3 110 5 1080
3 5 156 1080
3 6 119 1078
3 174 6 1078
3 164 9 1081
3 9 182 1081
3 102 103 996
3 102 996 1079
3 103 104 998
3 996 103 998
3 104 105 987
3 104 987 998
3 105 106 1034
3 987 105 1034
3 106 107 984
3 106 984 1034
3 107 108 1036
3 984 107 1036
3 108 109 994
3 108 994 1036
3 109 110 1063
3 994 109 1063
3 1063 110 1080
3 112 111 1064
3 1064 111 1079
3 113 112 992
3 992 112 1064
3 114 113 1045
3 113 992 1045
3 115 114 985
3 985 114 1045
3 116 115 1049
3 115 985 1049
3 117 116 988
3 988 116 1049
3 118 117 1047
3 117 988 1047
3 119 118 995
3 995 118 1047
3 119 995 1078
3 156 157 1037
3 156 1037 1080
3 157 158 991
3 157 991 1037
3 158 159 1053
3 991 158 1053
3 159 160 986
3 159 986 1053
3 160 161 1042
3 986 160 1042
3 161 162 990
3 161 990 1042
3 162 163 1044
3 990 162 1044
3 163 164 997
3 163 997 1044
3 997 164 1081
3 175 174 1062
3 1062 174 1078
3 176 175 1051
3 1051 175 1062
3 177 176 989
3 989 176 1051
3 178 177 1050
3 177 989 1050
3 179 178 983
3 983 178 1050
3 180 179 1052
3 179 983 1052
3 181 180 993
3 993 180 1052
3 182 181 1061
3 181 993 1061
3 182 1061 1081
3 983 1050 1075
3 1052 983 1074
3 1074 983 1075
3 984 1033 1034
3 1033 984 1035
3 1035 984 1036
3 985 1027 1049
3 1027 985 1067
3 985 1045 1067
3 986 1042 1043
3 986 1043 1048
3 986 1048 1053
3 998 987 999
3 999 987 1000
3 1000 987 1034
3 988 1028 1047
3 1028 988 1071
3 988 1049 1071
3 1050 989 1076
3 989 1051 1077
3 1076 989 1077
3 1024 990 1044
3 990 1024 1072
3 1042 990 1072
3 1037 991 1038
3 1038 991 1039
3 1039 991 1053
3 1045 992 1046
3 1046 992 1086
3 992 1064 1086
3 993 1052 1073
3 1061 993 1083
3 993 1073 1083
3 1036 994 1066
3 994 1063 1087
3 1066 994 1087
3 995 1047 1069
3 1062 995 1069
3 995 1062 1078
3 996 998 1031
3 996 1031 1064
3 996 1064 1079
3 1044 997 1070
3 997 1061 1070
3 1061 997 1081
3 998 999 1031
3 999 1000 1001
3 999 1001 1065
3 1031 999 1065
3 1001 1000 1002
3 1002 1000 1033
3 1033 1000 1034
3 1001 1002 1003
3 1001 1003 1013
3 1001 1013 1065
3 1003 1002 1004
3 1004 1002 1057
3 1002 1033 1057
3 1003 1004 1005
3 1003 1005 1054
3 1013 1003 1054
3 1005 1004 1006
3 1006 1004 1011
3 1011 1004 1057
3 1005 1006 1007
3 1005 1007 1008
3 1005 1008 1054
3 1007 1006 1009
3 1009 1006 1059
3 1006 1011 1059
3 1008 1007 1010
3 1007 1009 1058
3 1010 1007 1058
3 1008 1010 1012
3 1008 1012 1017
3 1008 1017 1054
3 1055 1009 1056
3 1009 1055 1058
3 1056 1009 1059
3 1012 1010 1014
3 1014 1010 1015
3 1015 1010 1058
3 1011 1057 1060
3 1059 1011 1085
3 1011 1060 1085
3 1012 1014 1016
3 1012 1016 1026
3 1017 1012 1026
3 1030 1013 1054
3 1013 1030 1082
3 1065 1013 1082
3 1014 1015 1018
3 1016 1014 1032
3 1014 1018 1032
3 1018 1015 1019
3 1019 1015 1020
3 1020 1015 1058
3 1026 1016 1028
3 1028 1016 1029
3 1029 1016 1032
3 1017 1026 1027
3 1017 1027 1030
3 1017 1030 1054
3 1018 1019 1075
3 1032 1018 1076
3 1018 1075 1076
3 1019 1020 1021
3 1019 1021 1074
3 1019 1074 1075
3 1021 1020 1022
3 1022 1020 1055
3 1055 1020 1058
3 1021 1022 1023
3 1021 1023 1073
3 1021 1073 1074
3 1023 1022 1024
3 1024 1022 1025
3 1025 1022 1055
3 1023 1024 1070
3 1023 1070 1083
3 1073 1023 1083
3 1024 1025 1072
3 1024 1044 1070
3 1043 1025 1056
3 1025 1043 1072
3 1025 1055 1056
3 1027 1026 1071
3 1026 1028 1071
3 1030 1027 1067
3 1049 1027 1071
3 1028 1029 1069
3 1047 1028 1069
3 1029 1032 1077
3 1069 1029 1084
3 1029 1077 1084
3 1030 1067 1082
3 1064 1031 1086
3 1031 1065 1086
3 1032 1076 1077
3 1033 1035 1057
3 1035 1036 1066
3 1057 1035 1060
3 1060 1035 1066
3 1037 1038 1063
3 1037 1063 1080
3 1038 1039 1040
3 1038 1040 1087
3 1063 1038 1087
3 1040 1039 1041
3 1041 1039 1048
3 1048 1039 1053
3 1040 1041 1085
3 1040 1060 1066
3 1060 1040 1085
3 1040 1066 1087
3 1041 1048 1068
3 1059 1041 1068
3 1041 1059 1085
3 1043 1042 1072
3 1048 1043 1068
3 1043 1056 1068
3 1045 1046 1067
3 1046 1065 1082
3 1065 1046 1086
3 1067 1046 1082
3 1075 1050 1076
3 1051 1062 1084
3 1077 1051 1084
3 1073 1052 1074
3 1056 1059 1068
3 1070 1061 1083
3 1062 1069 1084
3 6 1185 120
3 174 1185 6
3 128 1186 7
3 7 1186 147
3 155 1187 8
3 8 1187 173
3 165 1188 9
3 9 1188 182
3 120 1100 121
3 120 1185 1100
3 121 1151 122
3 1100 1151 121
3 122 1093 123
3 122 1151 1093
3 123 1152 124
3 1093 1152 123
3 124 1089 125
3 124 1152 1089
3 125 1153 126
3 1089 1153 125
3 126 1098 127
3 126 1153 1098
3 127 1168 128
3 1098 1168 127
3 1168 1186 128
3 147 1101 148
3 147 1186 1101
3 148 1156 149
3 1101 1156 148
3 149 1094 150
3 149 1156 1094
3 150 1157 151
3 1094 1157 150
3 151 1090 152
3 151 1157 1090
3 152 1154 153
3 1090 1154 152
3 153 1099 154
3 153 1154 1099
3 154 1169 155
3 1099 1169 154
3 1169 1187 155
3 166 1170 165
3 1170 1188 165
3 167 1096 166
3 1096 1170 166
3 168 1104 167
3 167 1104 1096
3 169 1091 168
3 1091 1104 168
3 170 1162 169
3 169 1162 1091
3 171 1095 170
3 1095 1162 170
3 172 1150 171
3 171 1150 1095
3 173 1102 172
3 1102 1150 172
3 173 1187 1102
3 175 1171 174
3 1171 1185 174
3 176 1097 175
3 1097 1171 175
3 177 1155 176
3 176 1155 1097
3 178 1088 177
3 1088 1155 177
3 179 1183 178
3 178 1183 1088
3 180 1092 179
3 1092 1183 179
3 181 1176 180
3 180 1176 1092
3 182 1103 181
3 1103 1176 181
3 182 1188 1103
3 1145 1147 1088
3 1088 1183 1145
3 1147 1175 1088
3 1088 1175 1155
3 1152 1179 1089
3 1089 1178 1153
3 1089 1179 1178
3 1090 1184 1154
3 1157 1158 1090
3 1158 1184 1090
3 1091 1105 1104
3 1091 1106 1105
3 1091 1162 1106
3 1143 1144 1092
3 1092 1176 1143
3 1144 1145 1092
3 1145 1183 1092
3 1151 1181 1093
3 1093 1180 1152
3 1093 1181 1180
3 1094 1156 1133
3 1133 1174 1094
3 1094 1174 1157
3 1150 1165 1095
3 1095 1164 1162
3 1095 1165 1164
3 1104 1140 1096
3 1140 1141 1096
3 1141 1170 1096
3 1097 1155 1137
3 1137 1173 1097
3 1097 1173 1171
3 1153 1177 1098
3 1098 1190 1168
3 1177 1190 1098
3 1154 1182 1099
3 1166 1169 1099
3 1099 1182 1166
3 1100 1189 1151
3 1171 1173 1100
3 1100 1185 1171
3 1173 1189 1100
3 1101 1172 1156
3 1168 1172 1101
3 1101 1186 1168
3 1102 1166 1150
3 1102 1169 1166
3 1102 1187 1169
3 1141 1143 1103
3 1103 1170 1141
3 1143 1176 1103
3 1103 1188 1170
3 1105 1140 1104
3 1106 1107 1105
3 1107 1163 1105
3 1105 1163 1140
3 1106 1108 1107
3 1106 1164 1108
3 1162 1164 1106
3 1108 1109 1107
3 1109 1110 1107
3 1110 1163 1107
3 1108 1159 1109
3 1138 1159 1108
3 1108 1164 1138
3 1109 1111 1110
3 1109 1112 1111
3 1109 1159 1112
3 1111 1148 1110
3 1148 1167 1110
3 1110 1167 1163
3 1112 1113 1111
3 1113 1115 1111
3 1115 1148 1111
3 1112 1114 1113
3 1112 1118 1114
3 1112 1159 1118
3 1114 1160 1113
3 1113 1116 1115
3 1113 1160 1116
3 1118 1119 1114
3 1119 1120 1114
3 1120 1160 1114
3 1116 1117 1115
3 1117 1121 1115
3 1121 1148 1115
3 1116 1122 1117
3 1116 1124 1122
3 1116 1160 1124
3 1117 1149 1121
3 1122 1123 1117
3 1123 1149 1117
3 1118 1126 1119
3 1118 1127 1126
3 1118 1159 1127
3 1119 1128 1120
3 1126 1158 1119
3 1119 1158 1128
3 1128 1129 1120
3 1129 1161 1120
3 1120 1161 1160
3 1121 1147 1146
3 1146 1148 1121
3 1121 1149 1147
3 1122 1135 1123
3 1124 1125 1122
3 1125 1135 1122
3 1135 1136 1123
3 1136 1137 1123
3 1137 1149 1123
3 1124 1132 1125
3 1124 1161 1132
3 1160 1161 1124
3 1132 1179 1125
3 1125 1180 1135
3 1179 1180 1125
3 1127 1130 1126
3 1130 1184 1126
3 1126 1184 1158
3 1127 1131 1130
3 1127 1138 1131
3 1127 1159 1138
3 1128 1133 1129
3 1128 1174 1133
3 1158 1174 1128
3 1133 1134 1129
3 1134 1139 1129
3 1139 1161 1129
3 1131 1182 1130
3 1130 1182 1154
3 1154 1184 1130
3 1138 1165 1131
3 1165 1166 1131
3 1166 1182 1131
3 1132 1161 1139
3 1139 1178 1132
3 1178 1179 1132
3 1133 1172 1134
3 1156 1172 1133
3 1134 1177 1139
3 1172 1190 1134
3 1134 1190 1177
3 1135 1181 1136
3 1180 1181 1135
3 1136 1173 1137
3 1136 1189 1173
3 1181 1189 1136
3 1137 1175 1149
3 1155 1175 1137
3 1164 1165 1138
3 1177 1178 1139
3 1140 1142 1141
3 1140 1163 1142
3 1142 1143 1141
3 1142 1144 1143
3 1142 1167 1144
3 1163 1167 1142
3 1144 1146 1145
3 1144 1167 1146
3 1146 1147 1145
3 1146 1167 1148
3 1149 1175 1147
3 1150 1166 1165
3 1151 1189 1181
3 1152 1180 1179
3 1153 1178 1177
3 1157 1174 1158
3 1168 1190 1172
3 183 1288 10
3 10 1288 218
3 11 1289 191
3 192 1289 11
3 12 1290 200
3 201 1290 12
3 13 1291 209
3 210 1291 13
3 184 1203 183
3 1203 1288 183
3 185 1207 184
3 184 1207 1203
3 186 1195 185
3 1195 1207 185
3 187 1259 186
3 186 1259 1195
3 188 1191 187
3 1191 1259 187
3 189 1267 188
3 188 1267 1191
3 190 1199 189
3 1199 1267 189
3 191 1269 190
3 190 1269 1199
3 191 1289 1269
3 193 1204 192
3 1204 1289 192
3 194 1281 193
3 193 1281 1204
3 195 1197 194
3 1197 1281 194
3 196 1282 195
3 195 1282 1197
3 197 1192 196
3 1192 1282 196
3 198 1275 197
3 197 1275 1192
3 199 1200 198
3 1200 1275 198
3 200 1270 199
3 199 1270 1200
3 200 1290 1270
3 202 1205 201
3 1205 1290 201
3 203 1260 202
3 202 1260 1205
3 204 1198 203
3 1198 1260 203
3 205 1264 204
3 204 1264 1198
3 206 1193 205
3 1193 1264 205
3 207 1261 206
3 206 1261 1193
3 208 1201 207
3 1201 1261 207
3 209 1271 208
3 208 1271 1201
3 209 1291 1271
3 211 1206 210
3 1206 1291 210
3 212 1262 211
3 211 1262 1206
3 213 1196 212
3 1196 1262 212
3 214 1263 213
3 213 1263 1196
3 215 1194 214
3 1194 1263 214
3 216 1265 215
3 215 1265 1194
3 217 1202 216
3 1202 1265 216
3 218 1272 217
3 217 1272 1202
3 218 1288 1272
3 1246 1266 1191
3 1191 1267 1246
3 1191 1266 1259
3 1192 1248 1244
3 1244 1282 1192
3 1192 1249 1248
3 1192 1275 1249
3 1261 1284 1193
3 1193 1285 1264
3 1284 1285 1193
3 1252 1263 1194
3 1194 1279 1252
3 1265 1279 1194
3 1195 1208 1207
3 1195 1209 1208
3 1195 1259 1209
3 1233 1262 1196
3 1196 1277 1233
3 1263 1277 1196
3 1242 1243 1197
3 1197 1244 1242
3 1243 1281 1197
3 1197 1282 1244
3 1198 1287 1260
3 1264 1286 1198
3 1286 1287 1198
3 1245 1268 1199
3 1199 1269 1245
3 1199 1268 1267
3 1270 1278 1200
3 1200 1294 1275
3 1278 1294 1200
3 1201 1283 1261
3 1271 1293 1201
3 1201 1293 1283
3 1202 1272 1258
3 1258 1280 1202
3 1202 1280 1265
3 1207 1258 1203
3 1258 1272 1203
3 1272 1288 1203
3 1243 1245 1204
3 1204 1281 1243
3 1245 1269 1204
3 1269 1289 1204
3 1260 1292 1205
3 1205 1278 1270
3 1270 1290 1205
3 1205 1292 1278
3 1262 1276 1206
3 1206 1276 1271
3 1271 1291 1206
3 1208 1258 1207
3 1209 1210 1208
3 1210 1235 1208
3 1235 1258 1208
3 1209 1211 1210
3 1209 1266 1211
3 1259 1266 1209
3 1211 1212 1210
3 1212 1222 1210
3 1222 1235 1210
3 1211 1213 1212
3 1211 1238 1213
3 1211 1266 1238
3 1213 1214 1212
3 1214 1250 1212
3 1212 1250 1222
3 1213 1215 1214
3 1213 1220 1215
3 1213 1238 1220
3 1215 1216 1214
3 1216 1217 1214
3 1217 1250 1214
3 1215 1218 1216
3 1215 1253 1218
3 1220 1253 1215
3 1216 1254 1217
3 1218 1219 1216
3 1219 1254 1216
3 1217 1251 1250
3 1217 1257 1251
3 1254 1257 1217
3 1218 1221 1219
3 1218 1223 1221
3 1218 1253 1223
3 1221 1224 1219
3 1224 1225 1219
3 1225 1254 1219
3 1238 1239 1220
3 1239 1240 1220
3 1240 1253 1220
3 1223 1273 1221
3 1221 1226 1224
3 1221 1273 1226
3 1222 1236 1235
3 1222 1237 1236
3 1222 1250 1237
3 1247 1248 1223
3 1223 1253 1247
3 1248 1273 1223
3 1224 1227 1225
3 1226 1255 1224
3 1224 1255 1227
3 1227 1228 1225
3 1228 1229 1225
3 1229 1254 1225
3 1226 1256 1255
3 1226 1274 1256
3 1273 1274 1226
3 1227 1285 1228
3 1255 1286 1227
3 1227 1286 1285
3 1228 1230 1229
3 1228 1284 1230
3 1228 1285 1284
3 1230 1231 1229
3 1231 1257 1229
3 1229 1257 1254
3 1230 1232 1231
3 1230 1283 1232
3 1230 1284 1283
3 1232 1233 1231
3 1233 1234 1231
3 1234 1257 1231
3 1232 1276 1233
3 1232 1293 1276
3 1283 1293 1232
3 1233 1277 1234
3 1233 1276 1262
3 1234 1252 1251
3 1251 1257 1234
3 1234 1277 1252
3 1236 1280 1235
3 1235 1280 1258
3 1237 1279 1236
3 1236 1279 1265
3 1265 1280 1236
3 1250 1251 1237
3 1251 1252 1237
3 1252 1279 1237
3 1238 1246 1239
3 1238 1266 1246
3 1239 1241 1240
3 1239 1268 1241
3 1246 1268 1239
3 1241 1242 1240
3 1242 1247 1240
3 1247 1253 1240
3 1241 1243 1242
3 1241 1245 1243
3 1241 1268 1245
3 1244 1247 1242
3 1244 1248 1247
3 1267 1268 1246
3 1249 1273 1248
3 1249 1274 1273
3 1249 1294 1274
3 1275 1294 1249
3 1252 1277 1263
3 1256 1287 1255
3 1255 1287 1286
3 1274 1278 1256
3 1278 1292 1256
3 1256 1292 1287
3 1287 1292 1260
3 1283 1284 1261
3 1285 1286 1264
3 1276 1293 1271
3 1274 1294 1278
3 219 1392 14
3 14 1392 254
3 15 1393 227
3 228 1393 15
3 16 1394 236
3 237 1394 16
3 17 1395 245
3 246 1395 17
3 220 1307 219
3 1307 1392 219
3 221 1311 220
3 220 1311 1307
3 222 1299 221
3 1299 1311 221
3 223 1363 222
3 222 1363 1299
3 224 1295 223
3 1295 1363 223
3 225 1371 224
3 224 1371 1295
3 226 1303 225
3 1303 1371 225
3 227 1373 226
3 226 1373 1303
3 227 1393 1373
3 229 1308 228
3 1308 1393 228
3 230 1385 229
3 229 1385 1308
3 231 1301 230
3 1301 1385 230
3 232 1386 231
3 231 1386 1301
3 233 1296 232
3 1296 1386 232
3 234 1379 233
3 233 1379 1296
3 235 1304 234
3 1304 1379 234
3 236 1374 235
3 235 1374 1304
3 236 1394 1374
3 238 1309 237
3 1309 1394 237
3 239 1364 238
3 238 1364 1309
3 240 1302 239
3 1302 1364 239
3 241 1368 240
3 240 1368 1302
3 242 1297 241
3 1297 1368 241
3 243 1365 242
3 242 1365 1297
3 244 1305 243
3 1305 1365 243
3 245 1375 244
3 244 1375 1305
3 245 1395 1375
3 247 1310 246
3 1310 1395 246
3 248 1366 247
3 247 1366 1310
3 249 1300 248
3 1300 1366 248
3 250 1367 249
3 249 1367 1300
3 251 1298 250
3 1298 1367 250
3 252 1369 251
3 251 1369 1298
3 253 1306 252
3 1306 1369 252
3 254 1376 253
3 253 1376 1306
3 254 1392 1376
3 1350 1370 1295
3 1295 1371 1350
3 1295 1370 1363
3 1296 1352 1348
3 1348 1386 1296
3 1296 1353 1352
3 1296 1379 1353
3 1365 1388 1297
3 1297 1389 1368
3 1388 1389 1297
3 1356 1367 1298
3 1298 1383 1356
3 1369 1383 1298
3 1299 1312 1311
3 1299 1313 1312
3 1299 1363 1313
3 1337 1366 1300
3 1300 1381 1337
3 1367 1381 1300
3 1346 1347 1301
3 1301 1348 1346
3 1347 1385 1301
3 1301 1386 1348
3 1302 1391 1364
3 1368 1390 1302
3 1390 1391 1302
3 1349 1372 1303
3 1303 1373 1349
3 1303 1372 1371
3 1374 1382 1304
3 1304 1398 1379
3 1382 1398 1304
3 1305 1387 1365
3 1375 1397 1305
3 1305 1397 1387
3 1306 1376 1362
3 1362 1384 1306
3 1306 1384 1369
3 1311 1362 1307
3 1362 1376 1307
3 1376 1392 1307
3 1347 1349 1308
3 1308 1385 1347
3 1349 1373 1308
3 1373 1393 1308
3 1364 1396 1309
3 1309 1382 1374
3 1374 1394 1309
3 1309 1396 1382
3 1366 1380 1310
3 1310 1380 1375
3 1375 1395 1310
3 1312 1362 1311
3 1313 1314 1312
3 1314 1339 1312
3 1339 1362 1312
3 1313 1315 1314
3 1313 1370 1315
3 1363 1370 1313
3 1315 1316 1314
3 1316 1326 1314
3 1326 1339 1314
3 1315 1317 1316
3 1315 1342 1317
3 1315 1370 1342
3 1317 1318 1316
3 1318 1354 1316
3 1316 1354 1326
3 1317 1319 1318
3 1317 1324 1319
3 1317 1342 1324
3 1319 1320 1318
3 1320 1321 1318
3 1321 1354 1318
3 1319 1322 1320
3 1319 1357 1322
3 1324 1357 1319
3 1320 1358 1321
3 1322 1323 1320
3 1323 1358 1320
3 1321 1355 1354
3 1321 1361 1355
3 1358 1361 1321
3 1322 1325 1323
3 1322 1327 1325
3 1322 1357 1327
3 1325 1328 1323
3 1328 1329 1323
3 1329 1358 1323
3 1342 1343 1324
3 1343 1344 1324
3 1344 1357 1324
3 1327 1377 1325
3 1325 1330 1328
3 1325 1377 1330
3 1326 1340 1339
3 1326 1341 1340
3 1326 1354 1341
3 1351 1352 1327
3 1327 1357 1351
3 1352 1377 1327
3 1328 1331 1329
3 1330 1359 1328
3 1328 1359 1331
3 1331 1332 1329
3 1332 1333 1329
3 1333 1358 1329
3 1330 1360 1359
3 1330 1378 1360
3 1377 1378 1330
3 1331 1389 1332
3 1359 1390 1331
3 1331 1390 1389
3 1332 1334 1333
3 1332 1388 1334
3 1332 1389 1388
3 1334 1335 1333
3 1335 1361 1333
3 1333 1361 1358
3 1334 1336 1335
3 1334 1387 1336
3 1334 1388 1387
3 1336 1337 1335
3 1337 1338 1335
3 1338 1361 1335
3 1336 1380 1337
3 1336 1397 1380
3 1387 1397 1336
3 1337 1381 1338
3 1337 1380 1366
3 1338 1356 1355
3 1355 1361 1338
3 1338 1381 1356
3 1340 1384 1339
3 1339 1384 1362
3 1341 1383 1340
3 1340 1383 1369
3 1369 1384 1340
3 1354 1355 1341
3 1355 1356 1341
3 1356 1383 1341
3 1342 1350 1343
3 1342 1370 1350
3 1343 1345 1344
3 1343 1372 1345
3 1350 1372 1343
3 1345 1346 1344
3 1346 1351 1344
3 1351 1357 1344
3 1345 1347 1346
3 1345 1349 1347
3 1345 1372 1349
3 1348 1351 1346
3 1348 1352 1351
3 1371 1372 1350
3 1353 1377 1352
3 1353 1378 1377
3 1353 1398 1378
3 1379 1398 1353
3 1356 1381 1367
3 1360 1391 1359
3 1359 1391 1390
3 1378 1382 1360
3 1382 1396 1360
3 1360 1396 1391
3 1391 1396 1364
3 1387 1388 1365
3 1389 1390 1368
3 1380 1397 1375
3 1378 1398 1382
4 731 1283 767 722
4 1333 1332 935 1329
4 1031 423 1412 1437
4 297 1002 1400 1421
4 1215 1216 1218 696
4 1318 1321 1354 904
4 1217 1214 1250 695
4 1128 1405 373 1432
4 1320 1319 1322 905
4 404 1166 21 1418
4 259 1131 1166 1406
4 1002 297 1400 1424
4 1332 1331 1389 934
4 683 747 1276 746
4 824 343 342 1429
4 1399 1405 842 1429
4 749 696 699 1218
4 1065 1031 423 1412
4 928 905 908 1322
4 344 343 342 824
4 297 298 1002 1421
4 832 1415 879 1460
4 1297 1388 1389 936
4 824 1405 343 1429
4 404 1406 1166 1418
4 361 1060 298 1421
4 1334 937 940 935
4 1223 703 708 707
4 1327 914 916 917
4 1316 1317 910 1315
4 1212 1213 1211 700
4 1314 1313 1315 918
4 1209 1210 1211 725
4 1021 1411 387 1451
4 344 342 806 824
4 361 1402 1060 1421
4 342 806 824 1429
4 815 862 1406 1458
4 391 1131 259 1406
4 843 781 1094 1422
4 842 1399 1157 1405
4 307 1014 1018 1447
4 1316 1317 1318 910
4 1213 1212 1214 700
4 343 1405 824 1422
4 670 632 581 1443
4 307 385 1014 1447
4 844 1434 1399 1439
4 298 1060 1057 1421
4 703 702 706 1247
4 781 1405 1094 1422
4 259 1166 404 1406
4 630 293 295 1423
4 1351 924 916 929
4 295 630 1423 1428
4 293 630 295 1428
4 844 1406 1434 1439
4 1002 297 299 298
4 1031 1412 1403 1437
4 1248 1223 1273 707
4 1327 1352 1377 917
4 1166 404 21 259
4 1129 1128 373 1432
4 327 811 1429 1439
4 1057 1002 298 1421
4 811 327 345 1439
4 1131 1406 391 1434
4 1020 1021 387 1451
4 1244 762 706 763
4 970 971 1348 924
4 1403 1412 423 1437
4 631 39 1416 1459
4 815 1406 277 1458
4 1060 1402 361 1445
4 1031 1065 423 1437
4 815 862 875 1406
4 1157 1405 1399 1425
4 1086 1065 1031 1437
4 1385 21 1150 1418
4 361 365 298 1060
4 1065 1412 368 1424
4 1262 1403 632 1443
4 1176 993 1411 1433
4 320 1425 1126 1434
4 794 1438 335 1440
4 1385 1308 21 1418
4 162 163 238 1044
4 333 293 295 1428
4 380 1167 1427 1433
4 909 1328 931 915
4 1033 1400 1002 1421
4 373 1405 1128 1425
4 1065 423 368 1412
4 330 411 387 1020
4 1411 1433 993 1448
4 276 1415 832 1460
4 875 1406 862 1418
4 630 602 293 1423
4 1128 1133 1405 1432
4 320 1126 390 1434
4 1166 1150 21 1418
4 1409 993 1433 1448
4 1176 1409 993 1433
4 343 824 444 1422
4 337 373 1129 1128
4 632 1403 581 1443
4 1002 323 297 1424
4 1399 1425 1405 1429
4 750 1280 730 751
4 815 408 1406 1439
4 1331 913 931 934
4 1345 925 926 921
4 297 299 323 1002
4 444 343 344 824
4 1018 307 1447 1451
4 411 387 1021 1448
4 712 704 1241 713
4 776 826 571 1401
4 1352 1296 1353 973
4 1192 1248 1249 764
4 826 1404 1401 1438
4 380 1167 379 1427
4 924 1351 930 929
4 1247 702 706 744
4 1333 1335 1361 940
4 664 984 1402 1421
4 1262 66 1403 1443
4 1151 1270 1200 1441
4 792 1438 794 1440
4 826 1401 825 1438
4 844 1154 1399 1434
4 806 810 824 1429
4 862 1418 1406 1458
4 1156 843 1094 1422
4 270 1024 1444 1448
4 327 811 345 352
4 1395 669 1417 1431
4 318 1126 320 1425
4 390 320 318 1126
4 1306 631 39 1416
4 276 832 1415 1430
4 844 1406 1154 1434
4 825 826 776 1401
4 1035 1060 1402 1421
4 365 1057 298 1060
4 794 350 335 1438
4 1019 1021 1020 1451
4 1144 1427 1167 1433
4 1014 307 1018 1451
4 811 352 327 1429
4 1142 401 1140 1433
4 984 569 1400 1421
4 387 1411 1021 1448
4 1194 1252 1279 688
4 1395 669 1080 1417
4 1356 1298 1383 897
4 333 630 293 1428
4 1141 401 1426 1433
4 1074 1411 1021 1451
4 1022 411 387 1021
4 1022 387 1020 1021
4 387 411 1022 1020
4 407 335 794 350
4 632 670 662 1443
4 1400 1421 569 1423
4 1057 1002 299 298
4 401 1141 1140 1433
4 820 1422 821 1456
4 1188 1394 1409 1426
4 1002 1400 1000 1424
4 1039 258 1442 1445
4 1014 305 307 1451
4 1065 999 1412 1424
4 380 1142 1167 1433
4 347 341 849 1430
4 811 345 812 1439
4 1140 1141 401 1426
4 1126 1425 1399 1434
4 984 664 569 1421
4 1002 1033 1000 1400
4 792 1404 1438 1440
4 1182 1166 1131 1406
4 1165 1166 21 259
4 391 259 404 1406
4 360 604 1428 1443
4 1182 1406 1131 1434
4 1385 1150 1308 1418
4 1262 632 66 1443
4 608 607 287 339
4 360 1428 421 1443
4 241 242 1297 969
4 996 998 652 1403
4 830 832 879 1460
4 794 793 335 407
4 664 569 1421 1423
4 397 1422 820 1456
4 1020 387 306 1451
4 794 335 793 1440
4 1313 1363 1370 968
4 1188 1394 1081 1409
4 1259 1209 1266 760
4 1039 1442 1038 1445
4 1400 1412 987 1424
4 849 1430 341 1438
4 345 811 812 352
4 1074 1021 1019 1451
4 1070 1444 1024 1448
4 735 1287 714 1292
4 1015 305 1014 1451
4 319 373 1128 1425
4 664 984 1036 1402
4 1129 373 374 1432
4 636 987 1400 1412
4 861 821 1422 1456
4 1399 1429 811 1439
4 1080 1037 1395 1417
4 607 287 339 1452
4 1146 312 310 1121
4 327 1429 1399 1439
4 1142 1140 1141 1433
4 373 337 319 1128
4 277 815 408 1406
4 664 1402 626 1421
4 411 330 1022 1020
4 608 607 339 1446
4 270 411 395 1448
4 1146 1121 310 1454
4 1018 1447 1408 1451
4 690 1252 689 688
4 347 849 852 1430
4 320 1399 1425 1434
4 983 1183 1052 1411
4 1126 1399 1184 1434
4 1183 1411 983 1420
4 1146 310 1427 1454
4 1184 1399 1126 1425
4 632 662 66 1443
4 1057 299 1002 1004
4 609 1450 285 1452
4 1151 57 58 1200
4 700 695 1214 698
4 1100 1270 1151 1441
4 1205 1278 1292 756
4 910 1318 904 906
4 998 578 1403 1412
4 607 339 1446 1452
4 335 1438 1404 1440
4 1223 1247 1253 703
4 1351 1327 1357 916
4 1383 944 897 896
4 984 569 1034 1400
4 1336 939 938 941
4 1024 395 411 1448
4 843 869 781 1422
4 578 652 998 1403
4 1150 1166 21 1165
4 373 374 337 1129
4 1171 1410 1062 1414
4 1002 299 323 1003
4 1394 997 1081 1409
4 687 688 1279 748
4 1004 1057 299 298
4 409 1142 1167 380
4 1382 1309 1396 965
4 1100 1414 1270 1441
4 815 412 814 396
4 379 1146 312 1427
4 816 815 814 396
4 446 347 832 1430
4 1127 1131 410 1434
4 339 287 608 353
4 216 215 1265 676
4 57 1151 58 1441
4 424 1060 361 1445
4 412 815 277 396
4 984 1400 1034 1421
4 251 252 1369 884
4 312 1146 310 1427
4 1356 898 897 899
4 807 352 811 1429
4 408 815 412 1439
4 1227 1228 1285 718
4 1140 401 26 1426
4 455 444 808 279
4 58 1151 1200 1441
4 1395 1037 1375 1417
4 277 815 816 396
4 879 1415 1416 1460
4 993 1409 1083 1448
4 1408 1447 307 1451
4 942 1384 958 956
4 285 1450 1404 1452
4 32 1039 258 1442
4 1376 583 1306 1416
4 1014 307 305 385
4 1024 270 395 1448
4 1401 1415 828 1430
4 669 1063 1080 1417
4 1396 890 1391 932
4 639 1401 571 1404
4 1177 1190 1134 1449
4 832 347 877 1430
4 1133 1128 1129 1432
4 609 284 285 1450
4 365 361 424 1060
4 812 814 813 1439
4 276 446 832 1430
4 1065 999 1031 1412
4 635 828 1401 1415
4 345 814 812 1439
4 26 25 1140 1426
4 1359 1360 1391 932
4 639 1401 1404 1452
4 1406 1418 277 1458
4 639 1404 1450 1452
4 379 312 310 1427
4 1375 1395 1417 1431
4 669 584 1417 1431
4 658 1435 671 1457
4 1242 1240 1247 744
4 623 648 363 644
4 1344 1346 1351 930
4 867 1399 842 1429
4 423 1046 64 1437
4 842 775 1090 1399
4 636 1412 1400 1428
4 1320 1319 905 1318
4 1121 311 310 1454
4 1121 312 310 311
4 25 1304 1096 1426
4 1134 1432 441 1449
4 664 1036 573 1402
4 1256 1255 1287 714
4 1276 1262 66 1403
4 1216 1215 1214 696
4 861 820 821 1456
4 73 838 278 1462
4 1188 1081 1061 1409
4 617 1428 604 1443
4 286 285 600 284
4 1375 1417 1037 1442
4 276 1415 446 1430
4 380 409 1142 401
4 1388 1389 936 1332
4 335 407 793 1440
4 1119 1126 318 1425
4 577 35 621 1431
4 344 808 444 824
4 1206 1262 1276 1403
4 444 824 808 1422
4 379 1148 312 1146
4 25 1096 1140 1426
4 1181 1151 57 1441
4 323 1001 1002 1003
4 270 1024 28 1444
4 1118 390 318 1126
4 806 342 456 807
4 631 1416 647 1459
4 1052 1183 1092 1411
4 1142 1144 1167 1433
4 664 1421 626 1423
4 869 1405 781 1422
4 26 1304 25 1426
4 1149 376 377 1461
4 1126 1118 390 1127
4 628 1423 630 1428
4 71 393 70 1457
4 365 1011 1057 1060
4 26 25 401 1140
4 1073 1411 993 1448
4 793 794 795 407
4 387 306 330 1020
4 609 600 285 284
4 1022 411 1021 1448
4 73 1453 838 1462
4 67 66 632 662
4 843 1156 1413 1422
4 410 1131 391 1434
4 1171 1097 1062 1410
4 1394 1309 997 1409
4 815 814 412 1439
4 626 1421 1402 1423
4 21 22 1385 1150
4 630 628 602 1423
4 1014 1018 1015 1451
4 1062 1097 1051 1410
4 638 639 571 1404
4 298 1011 1057 365
4 816 862 815 1458
4 1309 997 1409 1444
4 1306 583 631 1416
4 842 1090 1157 1399
4 853 1099 1406 1418
4 387 1411 308 1451
4 832 879 1415 1430
4 1128 1133 1174 1405
4 263 423 1403 1412
4 70 393 658 1457
4 54 1281 1098 1449
4 658 393 1435 1457
4 277 816 815 1458
4 794 849 796 350
4 54 1153 1098 1281
4 844 1090 775 1399
4 1167 379 409 380
4 237 238 1309 961
4 1032 1018 1014 1447
4 1001 323 1002 1424
4 1188 1409 1103 1426
4 811 807 812 352
4 658 579 70 1457
4 794 849 350 1438
4 1188 1170 1394 1426
4 876 843 1413 1422
4 398 1426 401 1433
4 739 125 124 1282
4 883 169 170 1386
4 1155 1408 989 1410
4 34 621 35 1431
4 744 765 762 1242
4 832 877 852 1430
4 972 1346 930 970
4 390 1127 410 1434
4 785 875 853 1406
4 1066 1402 1060 1445
4 360 617 604 1443
4 1241 1240 1242 744
4 627 602 294 629
4 1344 1345 1346 930
4 368 369 1065 1424
4 853 1406 875 1418
4 1134 1190 1432 1449
4 1404 1438 351 1452
4 1142 380 401 1433
4 1004 1011 298 300
4 377 376 1149 1454
4 669 584 1063 1417
4 608 607 599 287
4 631 646 39 1459
4 259 1165 1166 1131
4 803 852 347 849
4 1202 70 579 1457
4 1394 1309 1409 1426
4 1413 1422 1156 1432
4 600 609 285 1452
4 1039 422 258 1445
4 1308 1150 1102 1418
4 639 1404 655 1450
4 667 871 1288 1407
4 1057 1004 1011 298
4 790 788 582 1407
4 348 347 341 849
4 441 1177 1134 1449
4 706 707 1248 763
4 924 971 1352 917
4 815 408 412 277
4 1126 1127 390 1434
4 749 699 703 1218
4 393 282 400 1435
4 908 916 928 1322
4 785 853 1099 1406
4 411 1022 1024 1448
4 635 1415 1401 1446
4 871 582 788 1407
4 991 1305 32 1053
4 602 294 629 292
4 989 1410 1408 1447
4 1040 422 1039 1445
4 1173 1410 1171 1414
4 648 623 363 1463
4 21 1308 1349 1418
4 333 293 630 598
4 39 38 646 631
4 1163 1142 409 401
4 824 868 1405 1429
4 287 599 608 353
4 877 347 852 1430
4 1035 1060 1066 1402
4 794 795 407 350
4 1411 1420 308 1451
4 602 294 293 1423
4 310 309 1420 1454
4 347 446 832 349
4 21 1349 20 1418
4 602 627 294 1423
4 842 867 775 1399
4 1174 1128 1405 1425
4 397 820 51 1456
4 25 1104 1096 1304
4 243 244 1305 976
4 1387 1305 1397 938
4 1127 1118 390 384
4 21 22 1150 1165
4 1407 1453 1203 1457
4 634 70 579 1265
4 617 360 415 1443
4 52 1413 1245 1449
4 787 1289 1269 1413
4 998 1403 1031 1412
4 610 400 282 1435
4 1365 32 1305 1053
4 1074 1420 1411 1451
4 617 618 1428 1443
4 831 276 445 832
4 439 612 608 1446
4 1401 1438 1404 1452
4 855 1415 580 1416
4 1375 1310 1395 1431
4 39 38 631 1306
4 52 1245 1413 1456
4 393 400 610 1435
4 832 877 347 349
4 639 1450 609 1452
4 294 602 293 292
4 1188 1061 1103 1409
4 658 615 671 1435
4 308 310 309 1420
4 57 1151 1093 1200
4 871 667 582 1407
4 787 870 1289 1413
4 294 627 629 1463
4 276 1416 1415 1460
4 369 370 1013 323
4 1366 35 577 1431
4 844 785 1154 1406
4 370 1001 323 1003
4 1395 651 669 1431
4 54 1098 1177 1449
4 987 1034 636 1400
4 1203 1288 856 1407
4 1188 1103 1170 1426
4 1075 1018 1408 1451
4 370 1001 1013 323
4 1120 319 337 1128
4 871 856 1288 1407
4 831 276 832 1460
4 283 1440 1404 1450
4 870 1186 1289 1413
4 781 842 1157 1405
4 364 648 363 1463
4 844 1399 866 1439
4 310 1420 1427 1454
4 1149 377 1454 1461
4 1045 1261 64 1201
4 423 1065 368 369
4 1133 1094 1405 1432
4 1080 1063 1037 1417
4 1057 1033 1002 1421
4 808 820 279 821
4 1148 312 1146 1121
4 992 1045 64 1201
4 1149 1123 376 1461
4 456 342 806 344
4 1062 1051 1084 1410
4 579 658 70 634
4 808 824 821 1422
4 784 1195 73 837
4 1076 1408 1018 1447
4 296 326 1402 1423
4 401 398 26 1426
4 259 391 410 1131
4 869 824 1405 1422
4 67 66 1262 632
4 1098 1153 54 1177
4 1176 1143 1409 1433
4 283 281 1440 1450
4 1176 1103 993 1409
4 1288 649 667 1407
4 615 393 610 1435
4 1153 54 1197 1281
4 1301 1385 22 1095
4 318 390 1118 384
4 321 351 1438 1452
4 412 814 345 1439
4 1163 1142 1167 409
4 1065 369 1001 1424
4 1035 1402 984 1421
4 1028 1029 1016 1464
4 309 1420 1408 1451
4 813 811 812 1439
4 1081 997 1061 1409
4 844 1154 1090 1399
4 1347 1308 21 1385
4 1419 1440 281 1450
4 1022 1024 395 411
4 441 1432 53 1449
4 308 1420 1411 1427
4 608 339 439 1446
4 1147 1420 1408 1454
4 1303 782 19 1458
4 583 647 631 1416
4 1375 1431 1417 1442
4 286 600 601 284
4 272 281 1419 1462
4 662 67 66 1443
4 992 1201 64 1437
4 1057 1060 1035 1421
4 795 794 796 350
4 39 1362 1306 1416
4 612 1446 439 1459
4 1075 1018 1076 1408
4 1100 1151 1189 1441
4 1046 423 425 1065
4 879 1416 830 1460
4 849 827 1430 1438
4 272 1419 1435 1462
4 397 51 820 279
4 1102 1150 1166 1418
4 664 626 569 1423
4 853 1169 1099 1418
4 870 1101 1186 1413
4 282 284 610 1450
4 806 808 344 824
4 1204 1269 1413 1456
4 1366 34 35 1431
4 296 1402 1421 1423
4 272 1419 281 1435
4 321 1438 1401 1452
4 379 1167 1148 1146
4 1031 998 996 1403
4 1022 1023 1024 1448
4 1404 1440 1419 1450
4 1371 19 1303 782
4 1374 1394 1170 1426
4 1272 649 1288 1407
4 906 1318 904 905
4 610 1435 282 1450
4 342 352 807 1429
4 792 1419 1404 1440
4 1073 993 1083 1448
4 423 425 64 1046
4 779 1404 792 1419
4 1150 22 1385 1095
4 664 573 626 1402
4 576 38 1369 1306
4 258 1039 32 422
4 826 779 638 1404
4 1013 1001 370 1003
4 644 648 363 431
4 347 348 803 849
4 443 1415 276 1416
4 1171 1173 1097 1410
4 698 695 1214 696
4 984 1035 1036 1402
4 369 1013 1001 323
4 604 359 333 598
4 628 1400 1423 1428
4 393 620 615 610
4 443 40 1416 1460
4 1305 991 32 1442
4 348 796 849 350
4 65 1403 423 1437
4 293 333 359 598
4 654 1403 578 1412
4 884 1369 944 958
4 285 1404 351 1452
4 992 64 1046 1437
4 621 1431 429 1436
4 454 345 812 352
4 1117 311 1121 1454
4 32 1039 991 1053
4 998 987 578 1412
4 626 1423 1402 1463
4 1394 1374 1309 1426
4 1028 1016 271 1464
4 1157 1399 1158 1425
4 70 1202 579 1265
4 1146 379 1167 1427
4 21 22 1165 259
4 621 622 1431 1436
4 64 1045 992 1046
4 984 1034 1033 1421
4 38 576 631 1306
4 308 1411 329 1427
4 849 348 350 1438
4 650 855 580 1416
4 377 311 376 1454
4 669 651 584 1431
4 1034 1400 1033 1421
4 1204 1413 1245 1456
4 621 34 429 1431
4 1155 989 1051 1410
4 1199 780 51 1267
4 424 1040 1060 1445
4 1020 306 1058 1015
4 855 783 580 1415
4 378 1136 1441 1461
4 1077 1410 989 1447
4 1075 1408 1420 1451
4 326 1436 1402 1463
4 658 393 615 1435
4 295 1423 1400 1428
4 72 1453 1407 1457
4 1038 1442 1417 1445
4 610 282 400 284
4 393 620 610 400
4 623 363 429 644
4 598 293 630 602
4 1347 1308 1349 21
4 1408 1410 1155 1461
4 629 292 294 1463
4 837 73 784 838
4 865 1406 844 1439
4 424 422 1040 1445
4 54 1177 441 1449
4 1120 337 319 317
4 318 319 1119 1425
4 787 1413 1269 1456
4 1070 1409 1444 1448
4 278 838 857 1462
4 385 1016 1014 1447
4 306 1058 304 1020
4 1204 1245 1269 1456
4 1245 1413 1204 1449
4 1104 1140 25 1096
4 308 310 1420 1427
4 270 1444 1409 1448
4 1402 1423 326 1463
4 1299 41 845 1311
4 42 41 445 831
4 401 1163 1142 1140
4 299 1004 298 300
4 794 793 792 1440
4 637 790 582 1407
4 65 1293 1276 1437
4 1203 1272 1407 1457
4 73 784 838 1453
4 651 1395 1310 1431
4 577 35 1366 585
4 1409 1426 1309 1444
4 1050 989 1155 1408
4 283 1404 285 1450
4 937 1336 939 938
4 445 831 832 349
4 1039 32 991 1442
4 1104 25 1379 1304
4 1272 649 1407 1457
4 1200 1093 57 1275
4 41 831 845 1460
4 1168 1289 1186 1413
4 926 930 1345 921
4 639 655 609 1450
4 1039 32 31 1053
4 41 42 845 831
4 1000 1400 987 1424
4 783 828 635 1415
4 832 276 445 349
4 617 616 415 360
4 858 1415 879 1430
4 813 814 815 1439
4 304 330 306 1020
4 1258 1203 1453 1457
4 744 1241 704 713
4 276 831 445 1460
4 277 1406 404 1418
4 600 609 601 284
4 623 1436 363 1463
4 329 308 387 1411
4 732 725 1211 724
4 270 395 28 1024
4 386 271 1016 1464
4 843 854 876 1413
4 662 415 67 1443
4 1119 1120 319 317
4 1011 298 300 365
4 832 858 879 1430
4 1052 1074 983 1411
4 831 445 833 349
4 1276 66 65 1403
4 927 1315 918 911
4 1060 424 365 1085
4 604 617 618 1428
4 309 1408 307 1451
4 574 67 1196 632
4 278 857 392 1462
4 299 370 323 1003
4 1151 1181 57 1093
4 309 308 1420 1451
4 781 1157 1094 1405
4 838 1453 878 1462
4 983 1411 1074 1420
4 1119 319 1120 1128
4 1203 1272 1288 1407
4 585 577 35 621
4 843 1156 854 1413
4 578 654 652 1403
4 775 866 844 1399
4 630 604 333 598
4 434 1441 1410 1461
4 1207 1195 73 784
4 824 868 869 1405
4 1061 993 1103 1409
4 854 1101 870 1413
4 993 1073 1052 1411
4 1085 1060 424 1040
4 1403 1412 654 1443
4 277 1418 20 1458
4 1014 1016 1032 1447
4 1294 58 57 1200
4 73 278 280 1462
4 730 676 1265 748
4 941 938 1336 1397
4 26 25 1304 1398
4 776 571 828 1401
4 1362 39 40 1416
4 856 1203 1407 1453
4 1166 1406 1099 1418
4 425 1046 1065 1082
4 274 53 1432 1449
4 1015 1020 306 1451
4 424 1041 1040 422
4 1034 569 636 1400
4 709 766 1249 764
4 1353 973 974 954
4 1410 1441 1137 1461
4 304 1058 306 1015
4 879 1415 855 1416
4 421 415 360 1443
4 1101 854 1156 1413
4 113 680 731 1201
4 441 274 53 1432
4 857 838 278 874
4 617 616 360 604
4 910 918 1315 911
4 19 816 277 1458
4 871 788 856 1407
4 785 1099 1154 1406
4 72 1258 1453 1457
4 67 415 66 1443
4 439 339 608 353
4 632 574 67 662
4 333 360 359 604
4 54 53 1243 1449
4 1039 1038 1040 1445
4 628 656 1400 1428
4 637 790 1407 1419
4 849 341 348 1438
4 858 828 1415 1430
4 1070 1024 1023 1448
4 1408 1420 309 1454
4 647 1416 1415 1459
4 294 1423 627 1463
4 1168 1204 1289 1413
4 1088 1408 1147 1420
4 1045 64 63 1046
4 621 34 35 429
4 307 1408 336 1447
4 258 1417 1442 1445
4 1127 1130 1131 1434
4 1174 1405 1157 1425
4 65 263 423 1403
4 297 295 296 1400
4 629 364 292 1463
4 1347 22 1385 21
4 277 816 19 396
4 296 297 1400 1421
4 700 1211 725 724
4 330 304 1058 1020
4 313 1121 1117 311
4 296 1400 295 1423
4 625 1436 1402 1465
4 381 1167 1148 379
4 575 638 779 1404
4 580 1415 647 1416
4 1147 1427 1420 1454
4 378 377 376 1461
4 988 1260 60 1198
4 1302 28 990 1364
4 656 636 1400 1428
4 264 39 38 646
4 296 1421 1400 1423
4 351 1404 335 1438
4 839 780 51 1199
4 369 323 1001 1424
4 344 444 808 455
4 65 1276 1403 1437
4 620 658 70 393
4 807 342 456 352
4 374 441 1139 1134
4 276 832 446 349
4 54 1243 1281 1449
4 334 1014 385 1012
4 294 292 364 1463
4 306 305 1015 1451
4 285 286 600 1452
4 335 1404 283 1440
4 1155 1051 1097 1410
4 630 333 604 1428
4 575 1404 779 1419
4 866 1399 811 1439
4 815 1406 865 1439
4 842 1405 868 1429
4 987 636 578 1412
4 667 649 582 1407
4 625 626 1402 1463
4 1184 1126 1158 1425
4 836 782 1303 1458
4 445 831 41 1460
4 1133 1156 1094 1432
4 1269 1289 1204 1413
4 625 1402 1436 1463
4 272 1435 1407 1462
4 312 1121 313 311
4 1154 1184 1399 1434
4 333 360 604 1428
4 362 1402 326 1436
4 646 264 39 1459
4 1050 1075 1408 1420
4 1131 410 259 1138
4 429 621 623 644
4 1190 1172 1432 1449
4 845 831 786 1460
4 1092 1411 1144 1433
4 1149 1117 1121 1454
4 857 805 392 1440
4 824 810 868 1429
4 1177 1139 441 1134
4 791 1419 792 1440
4 51 839 1199 1456
4 833 832 831 349
4 1136 1135 435 1181
4 1271 1276 1293 1437
4 1128 1119 319 1425
4 1041 1085 424 1040
4 74 73 837 838
4 329 1427 1411 1433
4 1362 1376 1306 1416
4 363 623 429 1436
4 73 74 278 838
4 634 69 70 1265
4 576 38 37 1369
4 897 900 944 1383
4 791 779 792 1419
4 1411 1420 1145 1427
4 1175 1147 1408 1454
4 1139 441 54 1177
4 1155 1088 1050 1408
4 364 363 648 431
4 350 796 795 267
4 381 1167 379 409
4 1137 1410 1173 1441
4 281 1435 1419 1450
4 1015 306 304 305
4 1065 423 425 369
4 329 380 1427 1433
4 60 1455 1028 1464
4 1401 1430 827 1438
4 1262 1196 67 632
4 1135 435 378 1136
4 1050 1408 1088 1420
4 1300 1366 35 585
4 385 1014 1016 1012
4 844 865 785 1406
4 385 430 334 1012
4 1409 1426 398 1433
4 1000 1034 987 1400
4 296 1402 361 1421
4 1078 1185 1171 1414
4 1176 1143 1103 1409
4 215 634 69 570
4 1117 1149 1123 376
4 37 251 643 576
4 1039 31 32 422
4 787 854 870 1413
4 1157 1090 1158 1399
4 861 876 1413 1422
4 361 296 326 1402
4 633 574 68 1263
4 610 284 609 1450
4 1076 989 1408 1447
4 378 376 1123 1461
4 1082 1065 425 369
4 572 36 585 1367
4 1115 312 1121 313
4 58 1278 59 1414
4 790 823 1407 1419
4 1417 1431 622 1436
4 855 879 783 1415
4 1197 55 54 1153
4 1350 1295 1371 967
4 55 1282 1089 1153
4 1191 1246 1267 758
4 1301 22 23 1095
4 1123 1136 378 1461
4 385 305 1014 334
4 1204 1413 1168 1449
4 23 1095 1162 1386
4 828 571 635 1401
4 435 1136 1181 1441
4 665 1401 639 1452
4 1050 1075 1076 1408
4 1365 31 32 1053
4 1167 381 1110 409
4 53 52 1245 1449
4 287 599 288 286
4 1203 1258 1272 1457
4 1141 1409 1143 1433
4 1358 1323 1329 907
4 880 161 945 1368
4 439 608 619 353
4 812 454 847 814
4 619 612 608 439
4 1167 1110 381 1148
4 341 1430 1401 1438
4 42 41 845 1299
4 823 1407 1419 1462
4 277 404 20 1418
4 1415 1416 443 1459
4 730 1280 750 728
4 393 70 620 256
4 615 658 620 393
4 1015 304 1058 305
4 386 1016 385 1447
4 599 287 600 286
4 635 580 783 1415
4 429 623 621 1436
4 53 54 441 1449
4 1010 1015 1058 305
4 327 1425 1399 1429
4 602 596 293 292
4 1207 784 73 1453
4 1016 386 430 271
4 1013 1001 1065 369
4 1016 430 385 1012
4 1039 1040 1041 422
4 351 285 283 1404
4 281 282 1435 1450
4 607 599 287 1452
4 1137 1441 1136 1461
4 373 1405 442 1432
4 411 395 1022 414
4 301 1003 299 1004
4 1404 1419 575 1450
4 263 1412 1403 1443
4 1405 1422 442 1432
4 363 1436 326 1463
4 319 1119 317 318
4 933 954 915 1378
4 443 276 40 1460
4 827 1401 828 1430
4 426 1436 1417 1445
4 717 716 1219 697
4 1415 1430 1401 1446
4 857 1440 392 1462
4 640 619 608 353
4 1407 1435 1419 1462
4 1010 1014 305 334
4 327 320 1399 1425
4 1369 1340 1383 944
4 274 1432 1413 1449
4 260 1163 401 1140
4 57 435 1135 1181
4 1283 1232 1293 767
4 1010 1058 304 305
4 421 1428 1412 1443
4 1141 1426 1409 1433
4 999 987 1412 1424
4 1282 55 1197 1153
4 622 1436 624 1465
4 839 51 820 1456
4 1261 64 63 1045
4 815 875 865 1406
4 1095 23 1301 1386
4 33 1431 1380 1442
4 352 802 807 850
4 71 72 1407 1457
4 867 811 1399 1429
4 367 1424 1412 1428
4 1003 1002 299 1004
4 1118 318 1119 1126
4 1330 1328 511 1325
4 1221 1224 567 1226
4 272 71 72 1407
4 861 1422 1413 1456
4 1236 1265 1279 748
4 390 410 1127 384
4 1171 1062 1078 1414
4 1085 424 366 1041
4 655 1404 575 1450
4 1047 1260 60 988
4 1044 990 28 1364
4 1121 1117 1115 313
4 913 953 935 1329
4 1061 1083 993 1409
4 443 1416 276 1460
4 1343 504 506 495
4 560 1239 562 551
4 1184 1158 1399 1425
4 1139 1129 374 1134
4 397 1413 1422 1456
4 582 790 85 788
4 1089 1282 55 1152
4 1126 1130 1127 1434
4 596 293 291 598
4 610 601 609 284
4 1136 435 378 1441
4 576 646 38 631
4 1412 1424 1400 1428
4 202 201 1205 686
4 1169 1166 1099 1418
4 1386 1162 23 1091
4 1168 1186 1101 1413
4 22 1347 1385 1301
4 1243 54 1281 1197
4 1147 1146 1427 1454
4 327 322 1425 1429
4 386 430 385 1016
4 1411 1427 1144 1433
4 1131 1127 410 1138
4 1095 1150 22 1165
4 620 70 658 659
4 1309 965 895 961
4 359 291 293 598
4 1065 1082 1013 369
4 1144 1411 1092 1427
4 374 441 1134 1432
4 650 580 647 1416
4 506 1343 495 1345
4 562 1239 1241 551
4 71 1435 393 1457
4 1410 1414 1173 1441
4 1327 1322 1357 916
4 1218 1223 1253 703
4 852 849 827 1430
4 378 1441 434 1461
4 1412 1428 618 1443
4 390 410 391 1434
4 662 617 616 415
4 1139 54 1178 1177
4 1003 301 1005 1004
4 443 1416 39 1459
4 337 1129 1120 1128
4 1077 1051 989 1410
4 622 1417 584 1431
4 810 807 811 1429
4 571 639 665 1401
4 1382 1426 27 1444
4 601 610 400 284
4 608 611 607 1446
4 1413 1432 1172 1449
4 1041 424 366 422
4 272 71 1407 1457
4 425 63 64 1046
4 1078 995 1290 1414
4 259 1165 1131 1138
4 376 313 1117 311
4 329 1411 402 1433
4 644 363 429 431
4 1092 1411 1145 1427
4 435 1181 57 1441
4 600 286 287 1452
4 831 832 830 1460
4 599 600 287 1452
4 1290 1185 1078 1414
4 258 422 424 1445
4 1044 28 1024 1444
4 869 868 781 1405
4 795 407 350 267
4 1147 1088 1175 1408
4 1260 1047 60 1455
4 327 322 320 1425
4 1265 634 69 215
4 1195 74 73 837
4 37 251 576 1369
4 811 866 867 1399
4 624 1436 625 1465
4 442 1405 343 1422
4 1304 25 1379 1398
4 1200 57 1294 1275
4 781 868 842 1405
4 1300 1337 1366 952
4 272 72 280 1407
4 1329 1328 1331 913
4 398 1409 27 1426
4 853 875 862 1418
4 633 68 69 1194
4 572 37 36 1298
4 795 805 793 407
4 1010 1014 334 1012
4 72 280 1407 1462
4 842 150 781 1157
4 780 51 820 839
4 87 638 826 779
4 318 320 319 1425
4 1271 1403 1276 1437
4 336 307 309 1408
4 573 625 1402 1465
4 1028 60 1047 1455
4 619 612 439 264
4 28 1044 1364 1444
4 596 602 629 292
4 399 278 874 805
4 1172 1413 1156 1432
4 357 601 400 284
4 783 858 828 1415
4 616 67 662 415
4 1154 1406 1182 1434
4 591 629 364 356
4 995 1414 1069 1455
4 402 1411 387 1448
4 987 578 104 998
4 426 362 1436 1445
4 1352 498 496 509
4 1248 554 565 552
4 617 415 662 1443
4 293 294 295 1423
4 472 1318 473 1320
4 529 1214 528 1216
4 574 633 213 1263
4 1143 1092 1144 1433
4 26 398 27 1426
4 256 70 620 659
4 249 572 585 1367
4 278 392 280 1462
4 787 861 1413 1456
4 1103 1143 1141 1409
4 53 1413 52 1449
4 634 579 216 1265
4 612 611 608 1446
4 356 629 364 292
4 1206 581 211 632
4 327 1399 332 1439
4 340 1401 341 1430
4 711 1274 710 709
4 877 852 347 803
4 666 1291 1079 1403
4 595 288 599 286
4 362 326 363 1436
4 668 872 650 1416
4 1090 1154 1184 1399
4 779 790 637 1419
4 206 1193 63 1261
4 1297 242 31 1365
4 668 1392 872 1416
4 665 1446 1401 1452
4 1262 1206 211 632
4 264 612 439 1459
4 648 629 364 591
4 1028 1455 1069 1464
4 456 802 806 807
4 312 381 1148 379
4 816 18 19 396
4 1076 1077 989 1447
4 633 69 570 1194
4 1298 572 37 643
4 386 432 271 1464
4 818 455 808 279
4 1278 1200 1294 773
4 596 293 598 602
4 51 1268 52 1456
4 1365 242 31 1053
4 272 1407 280 1462
4 952 941 1380 888
4 784 185 1195 837
4 320 332 1399 1434
4 1187 1169 873 1418
4 1060 365 1011 1085
4 577 1366 248 585
4 1380 1431 1375 1442
4 472 473 474 1320
4 530 529 528 1216
4 1278 59 1414 1455
4 1145 1420 1147 1427
4 71 70 556 1280
4 1199 189 780 1267
4 1303 1371 782 225
4 936 1297 969 880
4 1320 1319 1318 473
4 1216 1215 529 1214
4 1393 1187 873 1418
4 401 25 260 1140
4 1182 1131 1130 1434
4 1363 1299 42 222
4 1134 1129 374 1432
4 1175 1408 1155 1461
4 1299 845 42 222
4 1034 1000 1033 1400
4 1358 1321 903 1361
4 1384 500 38 1340
4 1236 556 70 1280
4 1032 1076 1018 1447
4 52 1413 397 1456
4 199 1200 1151 1270
4 1015 1019 1020 1451
4 1122 437 1123 1135
4 1254 1217 1257 694
4 445 840 42 831
4 440 1129 374 1139
4 41 1311 40 1460
4 309 377 336 1408
4 1319 1357 928 1324
4 1135 1180 57 1181
4 1215 1253 1220 699
4 1336 937 1387 938
4 251 1298 37 643
4 69 215 570 1194
4 1114 317 1119 318
4 1094 1174 1133 1405
4 652 996 103 998
4 283 335 351 1404
4 823 788 790 1407
4 280 1453 73 1462
4 38 39 500 1384
4 645 38 37 576
4 40 1362 1416 1460
4 412 847 454 814
4 312 1111 314 1115
4 1050 1076 989 1408
4 1151 1181 1189 1441
4 826 792 779 1404
4 779 86 637 790
4 1003 299 370 301
4 1095 22 23 1164
4 1022 330 411 414
4 367 1412 421 1428
4 1103 1409 1141 1426
4 573 625 626 1402
4 338 1117 1122 376
4 63 206 1261 1045
4 304 1055 330 1058
4 838 74 278 859
4 628 1400 569 1423
4 1410 1447 1077 1464
4 375 1055 330 304
4 1093 1152 56 1275
4 604 603 359 598
4 647 1415 663 1459
4 1137 1155 1410 1461
4 24 1091 1104 1379
4 584 622 624 1465
4 1048 1039 31 1053
4 840 845 42 831
4 825 776 827 1401
4 1069 995 1062 1414
4 263 368 423 1412
4 636 569 656 1400
4 1084 1410 1077 1464
4 1082 427 1013 369
4 1392 829 872 1416
4 313 1117 338 376
4 1069 1455 1414 1464
4 825 1401 827 1438
4 1135 378 1123 1136
4 186 74 1259 1195
4 1064 1079 1291 1403
4 343 1405 322 1429
4 362 1402 1436 1445
4 375 1055 304 1058
4 1105 260 25 1140
4 336 1408 377 1461
4 1159 1127 410 384
4 807 812 352 850
4 1192 1249 1275 764
4 1296 1353 973 1379
4 377 1408 309 1454
4 165 166 895 1374
4 1196 212 574 632
4 1268 1245 52 1456
4 1163 260 1105 1140
4 295 1400 367 1428
4 1117 338 1116 313
4 665 607 1446 1452
4 312 1148 1111 1115
4 1069 1414 1062 1464
4 278 399 392 805
4 1205 1290 995 1414
4 1138 1127 410 1159
4 329 402 380 1433
4 255 1410 434 1441
4 642 357 601 400
4 1019 1420 1074 1451
4 27 1426 1409 1444
4 1025 1022 395 414
4 367 1400 297 1424
4 53 1241 1245 52
4 635 1401 665 1446
4 33 1417 1431 1442
4 1392 1307 829 1416
4 367 368 1412 1424
4 1344 1346 506 464
4 1240 1242 520 562
4 221 845 786 1311
4 1369 252 576 1306
4 1206 1291 581 1403
4 616 662 67 661
4 1345 1344 1346 506
4 1240 1241 1242 562
4 1393 789 1373 1418
4 873 789 1393 1418
4 1099 1166 1182 1406
4 845 221 1299 1311
4 234 1096 1104 1304
4 341 340 321 1401
4 857 793 805 1440
4 1151 1093 1200 198
4 618 1412 636 1428
4 717 719 720 1225
4 276 445 41 1460
4 341 1401 321 1438
4 352 812 454 850
4 1114 318 1118 316
4 272 1407 1435 1457
4 404 21 20 1418
4 338 1122 1117 1116
4 366 365 424 1085
4 629 648 364 1463
4 1241 562 53 1242
4 27 1409 270 1444
4 998 999 987 1412
4 600 595 599 286
4 367 1400 1424 1428
4 414 1022 330 1055
4 853 873 1169 1418
4 1305 1365 1053 243
4 1280 71 72 1235
4 816 19 18 782
4 1014 1015 1010 305
4 360 616 273 603
4 872 855 650 1416
4 1053 991 1305 243
4 879 855 830 1416
4 436 38 645 646
4 988 203 1260 1198
4 990 239 1302 1364
4 1058 1055 330 1020
4 1195 186 74 837
4 1336 34 33 503
4 559 66 65 1232
4 1387 1334 1388 937
4 28 990 1044 1024
4 1047 60 1028 988
4 306 307 305 1451
4 436 645 619 646
4 1319 1317 473 1324
4 1215 1213 1220 529
4 58 1256 521 59
4 1408 1454 377 1461
4 42 41 1299 1313
4 307 336 385 1447
4 65 64 1293 1437
4 1360 26 465 27
4 20 1418 1349 1458
4 273 67 616 415
4 1137 1173 1136 1441
4 1199 1268 51 1456
4 861 854 787 1413
4 1147 1121 1146 1454
4 371 1120 337 1161
4 39 443 40 1416
4 775 151 842 1090
4 668 583 1392 1416
4 272 1435 71 1457
4 53 274 52 1413
4 344 808 806 804
4 1280 556 71 1235
4 876 854 861 1413
4 1148 1111 381 312
4 1358 475 477 1320
4 533 531 1254 1216
4 867 842 868 1429
4 85 637 790 582
4 1208 73 72 1453
4 1090 775 152 844
4 571 776 88 826
4 447 798 803 796
4 281 1440 1419 1462
4 426 34 1431 1436
4 314 381 1111 312
4 321 1401 1446 1452
4 58 1414 59 1441
4 1163 1110 1107 409
4 1243 53 1245 1449
4 39 40 1339 1384
4 1064 1291 1271 1403
4 1094 781 150 1157
4 638 87 575 779
4 1070 1083 1409 1448
4 828 827 776 1401
4 874 838 278 859
4 1224 1225 1227 717
4 1123 437 1122 376
4 329 380 379 1427
4 318 1119 1114 1118
4 1382 27 1396 1444
4 274 1413 53 1449
4 252 631 576 1306
4 1346 21 1345 506
4 281 335 283 1440
4 603 359 360 604
4 213 1196 574 1263
4 426 33 1417 1431
4 440 337 1129 1161
4 373 322 1405 1425
4 285 287 286 1452
4 422 1039 31 1048
4 113 114 1261 731
4 33 1397 32 1442
4 1307 1416 1362 1460
4 663 1415 635 1446
4 585 1300 249 1367
4 1178 54 55 1153
4 72 1407 1453 1462
4 832 833 877 349
4 70 69 634 659
4 21 1349 1345 20
4 333 421 360 1428
4 820 50 51 780
4 620 393 256 400
4 29 28 395 1024
4 395 1072 29 1024
4 500 39 1339 1384
4 1019 1075 1074 1420
4 1261 1045 207 1201
4 32 33 1387 1397
4 1293 64 65 1283
4 1278 1292 59 1455
4 1314 468 1315 461
4 524 1210 1211 517
4 654 1412 618 1443
4 1263 68 633 1194
4 625 1436 623 1463
4 1367 572 36 1298
4 1393 1102 1187 1418
4 994 1063 657 1465
4 1021 1411 1073 1448
4 1233 1196 1262 746
4 251 37 1298 1369
4 215 69 1265 1194
4 1436 1445 1402 1465
4 1309 1426 1382 1444
4 1330 511 491 1325
4 567 547 1221 1226
4 666 581 1291 1403
4 597 291 359 598
4 1120 1129 337 1161
4 321 1401 340 1446
4 812 454 850 847
4 195 1089 1282 1153
4 441 54 265 1139
4 902 1361 940 953
4 231 1162 1095 1386
4 579 1202 216 1265
4 477 475 474 1320
4 531 533 530 1216
4 1029 1077 1447 1464
4 1144 1092 1145 1427
4 1063 1417 584 1465
4 1342 1343 1350 460
4 1239 1238 1246 516
4 1235 556 71 522
4 260 1163 409 401
4 440 371 337 1161
4 599 288 640 353
4 467 1313 1315 461
4 1211 523 517 1209
4 263 65 66 1403
4 636 578 104 987
4 952 1337 939 959
4 1380 1397 33 1442
4 1410 1414 255 1464
4 1268 1199 1245 1456
4 153 844 785 1154
4 448 805 795 407
4 1123 437 378 1135
4 655 639 638 1404
4 1370 1295 18 1350
4 1246 1191 50 1266
4 607 600 599 1452
4 575 779 637 1419
4 1004 299 301 300
4 178 1183 983 1050
4 270 1409 398 1448
4 1366 1300 248 585
4 992 207 1045 1201
4 53 52 562 1241
4 989 177 1050 1155
4 105 636 987 1034
4 309 307 308 1451
4 796 803 348 849
4 846 448 805 795
4 1093 56 57 1275
4 1209 74 73 1195
4 1044 1024 1070 1444
4 698 1215 701 699
4 1375 1380 1310 1431
4 25 24 1104 1379
4 1319 906 912 928
4 1075 1420 1019 1451
4 283 285 284 1450
4 264 619 612 646
4 1078 1062 995 1414
4 269 847 454 412
4 628 630 656 1428
4 993 180 1176 1052
4 578 652 103 998
4 803 348 447 796
4 408 1434 1406 1439
4 1230 719 721 722
4 610 642 601 400
4 647 580 663 1415
4 71 1258 72 1457
4 1148 312 1121 1115
4 820 51 50 279
4 802 799 850 417
4 1319 1320 474 473
4 1216 1215 530 529
4 1339 466 39 500
4 351 335 350 1438
4 601 357 286 284
4 336 1447 1408 1461
4 780 839 189 1199
4 1195 1207 185 784
4 782 836 1303 225
4 1036 573 1402 1465
4 1089 196 1282 1152
4 232 1162 1386 1091
4 1409 1433 398 1448
4 32 33 505 1387
4 1283 64 65 561
4 985 1193 63 206
4 1174 1157 1158 1425
4 597 596 291 598
4 427 1082 425 369
4 291 592 290 292
4 1376 1392 583 1416
4 398 270 27 1409
4 983 179 1052 1183
4 288 599 287 353
4 1165 259 406 1138
4 1028 1047 1069 1455
4 426 1417 258 1445
4 1190 1172 1134 1432
4 149 843 781 1094
4 573 624 625 1465
4 570 214 633 1194
4 572 1298 250 643
4 255 1414 1410 1441
4 804 419 455 818
4 291 596 592 292
4 1307 829 1416 1460
4 19 20 1372 1458
4 1287 59 1292 1455
4 705 1239 704 701
4 621 623 622 1436
4 434 1447 336 1461
4 321 285 351 1452
4 434 1410 1447 1461
4 827 828 858 1430
4 1100 199 1151 1270
4 382 1107 1110 409
4 396 816 18 864
4 1352 498 1351 496
4 554 1248 1247 552
4 89 828 776 571
4 1256 58 521 1274
4 1114 317 318 316
4 328 1011 300 365
4 612 264 646 1459
4 194 1098 1153 1281
4 36 585 586 572
4 35 36 585 586
4 783 90 635 828
4 26 1360 465 1378
4 1222 1250 736 1237
4 1107 1163 409 260
4 261 586 621 644
4 28 29 990 1024
4 60 61 1028 988
4 387 402 329 1411
4 997 1070 1409 1444
4 1140 25 1105 1104
4 1022 1021 1023 1448
4 1326 1354 1341 955
4 263 1403 66 1443
4 1001 999 1065 1424
4 621 429 261 644
4 435 57 58 1441
4 656 569 628 1400
4 37 38 1383 1369
4 69 70 1265 1279
4 1305 976 938 885
4 346 1430 1415 1446
4 575 86 637 779
4 1158 1090 1184 1399
4 321 1446 339 1452
4 64 1283 1293 1437
4 341 350 348 1438
4 1360 465 1330 499
4 521 555 1256 1226
4 1022 330 1055 1020
4 1084 1069 1062 1464
4 1100 1189 1173 1441
4 410 1138 1159 383
4 1031 1403 1064 1437
4 1157 842 151 1090
4 281 272 280 1462
4 212 1196 1262 632
4 274 397 1413 1422
4 67 616 661 273
4 629 356 592 292
4 638 571 88 826
4 596 291 293 292
4 23 1095 1164 1162
4 1359 1330 511 499
4 1255 555 567 1226
4 1313 42 41 461
4 1072 990 29 1024
4 847 418 817 412
4 1051 176 989 1155
4 367 368 421 1412
4 1382 26 27 1426
4 342 327 352 1429
4 1242 562 53 520
4 912 1343 921 920
4 645 619 589 436
4 1174 1094 1157 1405
4 1197 195 1282 1153
4 1345 21 20 506
4 1110 1163 1167 409
4 1095 1301 231 1386
4 1368 1302 29 240
4 204 1198 61 1264
4 37 643 645 576
4 1312 1311 40 41
4 335 392 407 1440
4 1101 1156 1172 1413
4 1029 1084 1077 1464
4 61 1071 1028 988
4 327 320 332 1399
4 601 357 595 286
4 74 1259 777 186
4 472 475 1321 1320
4 1217 531 528 1216
4 1315 1313 467 1370
4 1209 1211 523 1266
4 1118 1127 1159 384
4 1276 1271 1206 1403
4 1379 234 1104 1304
4 792 825 794 1438
4 866 775 867 1399
4 264 436 619 646
4 1339 500 1384 1340
4 1280 1236 556 1235
4 370 1003 301 1005
4 1323 1320 1358 477
4 1216 1219 1254 533
4 661 574 68 633
4 856 1407 823 1453
4 1275 1200 1093 198
4 473 1324 1317 488
4 1220 1213 544 529
4 206 63 985 1045
4 1315 468 467 461
4 523 524 1211 517
4 411 402 387 1448
4 1297 30 241 1368
4 205 62 1193 1264
4 865 844 866 1439
4 748 691 1237 729
4 426 1431 1417 1436
4 1006 1004 301 300
4 1320 1322 474 1323
4 530 1216 1219 1218
4 789 1418 862 1458
4 640 288 324 353
4 577 621 622 1431
4 761 1284 731 722
4 406 22 1165 1164
4 1387 32 1397 1442
4 1319 1320 1322 474
4 1216 1215 1218 530
4 274 397 52 1413
4 1102 1393 1308 1418
4 367 295 297 1400
4 946 1312 975 922
4 670 581 654 1443
4 429 1431 34 1436
4 1208 768 727 741
4 1089 1178 55 1153
4 416 344 806 804
4 816 814 817 396
4 995 1205 1414 1455
4 998 1031 999 1412
4 642 620 256 400
4 688 690 1252 691
4 847 269 418 412
4 621 35 585 586
4 1360 1391 27 499
4 555 59 1256 1287
4 1011 328 1059 365
4 1388 31 32 1365
4 64 63 1284 1261
4 791 823 1419 1462
4 640 608 599 353
4 63 1045 1046 1067
4 640 593 288 599
4 1322 489 474 1323
4 1219 545 530 1218
4 468 1315 467 1370
4 1211 524 523 1266
4 413 360 273 603
4 57 435 275 1135
4 572 36 37 587
4 21 1346 464 506
4 343 442 373 1405
4 20 1349 1372 1458
4 1036 1402 1066 1465
4 1258 71 72 1280
4 345 327 332 1439
4 665 607 611 1446
4 610 614 1435 1450
4 1344 464 506 504
4 1240 560 562 520
4 865 875 785 1406
4 790 791 823 1419
4 472 1321 487 1354
4 528 543 1217 1250
4 823 856 788 1407
4 303 1007 304 1010
4 1035 1066 1036 1402
4 537 543 1257 1217
4 481 1321 1361 487
4 1097 1137 1155 1410
4 301 1005 1004 1006
4 570 634 69 659
4 242 31 986 1297
4 34 1380 33 1431
4 619 640 354 353
4 1122 1117 1123 376
4 1373 1418 789 1458
4 1216 1219 533 530
4 1323 1320 477 474
4 416 419 455 804
4 410 406 259 1138
4 324 593 288 640
4 1155 1175 1088 1408
4 356 591 629 592
4 582 653 637 1407
4 844 152 1090 1154
4 361 1402 362 1445
4 616 273 415 360
4 179 1092 1052 1183
4 469 468 1314 461
4 524 525 1210 517
4 437 1122 1124 1125
4 1154 1099 1182 1406
4 242 986 31 1053
4 301 1054 370 1005
4 657 994 109 1063
4 517 74 73 1209
4 320 390 332 1434
4 39 40 1384 1362
4 663 1446 612 1459
4 222 42 1363 778
4 657 1063 584 1465
4 994 657 108 1465
4 1241 53 1245 1243
4 439 619 354 353
4 634 658 70 659
4 631 647 646 1459
4 1315 1317 1342 488
4 1213 1211 1238 544
4 107 664 984 1036
4 847 454 850 269
4 802 800 266 804
4 40 1311 1362 1460
4 1007 1058 304 1010
4 621 35 586 261
4 994 108 1036 1465
4 1349 1418 1373 1458
4 222 845 42 778
4 209 208 1271 752
4 186 777 74 837
4 829 830 1416 1460
4 1258 71 1280 1457
4 1037 1417 1038 1442
4 655 638 575 1404
4 1297 510 30 1389
4 566 1193 62 1285
4 395 1024 1022 1025
4 1137 1136 1123 1461
4 469 468 1315 1314
4 525 1210 1211 524
4 197 1152 1093 1275
4 1104 1091 233 1379
4 525 1211 1212 524
4 468 469 1315 1316
4 1153 1197 194 1281
4 603 360 616 604
4 1243 765 740 774
4 982 1347 972 891
4 1385 1301 230 1095
4 289 595 357 286
4 384 1118 318 316
4 220 829 1307 1460
4 1153 1178 54 1177
4 1039 991 1038 1442
4 1152 1192 56 1275
4 1091 24 1296 1379
4 1251 1237 1252 691
4 838 837 74 859
4 1260 1047 203 988
4 402 398 1433 1448
4 239 990 1044 1364
4 54 1178 265 1139
4 177 1088 1050 1155
4 105 636 1034 569
4 1244 1192 565 55
4 1363 1313 467 42
4 441 265 374 1139
4 646 38 645 576
4 900 1341 957 944
4 1003 370 1054 1005
4 574 68 67 661
4 59 255 1414 1464
4 268 877 347 803
4 1296 1348 509 23
4 1305 1387 32 1365
4 1261 64 1201 1283
4 22 1165 259 406
4 496 458 1327 1352
4 552 1223 514 1248
4 1336 1335 503 505
4 1231 1232 559 561
4 1046 425 63 1067
4 291 592 594 290
4 366 1059 328 365
4 346 340 1430 1446
4 815 865 813 1439
4 1162 1106 23 1091
4 54 1243 53 1242
4 1325 1322 484 1327
4 1223 1221 1218 540
4 663 1415 1446 1459
4 1210 1222 726 1235
4 1092 1176 180 1052
4 1314 1326 1339 919
4 1371 18 19 782
4 72 1453 280 1462
4 22 1095 1165 1164
4 474 1319 476 1322
4 530 532 1215 1218
4 465 511 1330 499
4 521 567 555 1226
4 458 496 1327 484
4 1223 552 514 540
4 382 1107 409 260
4 1323 482 477 1329
4 533 1225 538 1219
4 633 69 68 660
4 1321 1318 1354 472
4 1214 1217 1250 528
4 417 850 454 269
4 864 816 18 782
4 591 356 588 590
4 276 443 346 1415
4 1359 1360 1330 499
4 555 1255 1256 1226
4 1158 1126 1119 1425
4 643 572 37 587
4 1327 1357 476 483
4 1223 1253 539 532
4 592 291 594 596
4 25 24 1105 1104
4 1349 21 1345 1347
4 322 343 373 1405
4 1129 440 1161 1139
4 37 38 645 436
4 1322 484 489 1325
4 545 1218 1221 540
4 1341 1355 1356 900
4 853 862 789 1418
4 28 27 1396 1391
4 265 440 374 1139
4 838 878 857 1462
4 1316 1318 471 1354
4 1214 527 1250 1212
4 510 30 31 1297
4 62 63 1193 566
4 633 214 1263 1194
4 1298 1367 572 250
4 1355 1361 1321 487
4 543 1251 1257 1217
4 878 838 784 1453
4 820 863 50 780
4 1064 996 1079 1403
4 1334 1388 32 1387
4 1283 1284 64 1230
4 475 1321 1361 481
4 1217 1257 537 531
4 473 1319 1324 478
4 534 1215 1220 529
4 274 1422 1413 1432
4 846 448 795 797
4 408 391 1406 1434
4 402 1433 1411 1448
4 298 296 361 1421
4 29 30 1389 1368
4 61 62 1264 1285
4 1315 488 1342 468
4 544 1211 1238 524
4 618 654 578 1412
4 1334 32 505 1387
4 1230 64 1283 561
4 1417 1445 1436 1465
4 814 412 817 396
4 365 1059 1011 1085
4 509 1352 24 458
4 565 514 56 1248
4 1265 1236 1280 730
4 500 1326 466 508
4 556 1222 564 522
4 384 1112 1118 316
4 1061 997 1070 1409
4 628 569 626 1423
4 581 1403 654 1443
4 1362 1384 39 1306
4 317 1120 337 371
4 1252 1263 68 563
4 899 897 1356 900
4 1325 1323 1328 482
4 1219 1221 1224 538
4 1074 1073 1021 1411
4 1372 1350 19 1371
4 1183 178 1088 1050
4 300 1006 1011 328
4 681 1294 766 738
4 620 256 613 642
4 820 50 863 279
4 1374 1382 1309 1426
4 1382 895 1374 1309
4 1361 1333 479 485
4 535 1257 541 1229
4 876 869 843 1422
4 1209 1259 523 74
4 999 1000 987 1424
4 296 294 326 1423
4 326 1423 294 1463
4 1350 19 460 1372
4 340 1401 1430 1446
4 108 657 573 1465
4 671 1435 653 1457
4 591 364 648 431
4 22 1347 1346 21
4 1327 1351 483 496
4 539 1247 1223 552
4 1031 996 1064 1403
4 1192 1282 196 1152
4 1386 1296 232 1091
4 388 1054 370 301
4 27 28 1396 1444
4 1337 34 1336 503
4 559 1233 66 1232
4 1096 1141 1140 1426
4 469 1314 1326 466
4 525 1222 1210 522
4 276 346 446 1415
4 466 1314 1339 502
4 522 1235 1210 558
4 1361 1358 475 479
4 531 1254 1257 535
4 35 34 1366 1300
4 1196 67 66 1262
4 272 393 71 1435
4 602 628 627 1423
4 853 154 785 1099
4 1318 471 470 1316
4 1212 1214 527 526
4 1123 437 376 378
4 1325 1323 482 489
4 1219 1221 538 545
4 641 289 595 357
4 346 446 1415 1430
4 475 472 474 1320
4 530 528 531 1216
4 1088 1147 1145 1420
4 1377 1378 501 1330
4 1273 1274 1226 557
4 780 50 51 1267
4 1154 785 153 1099
4 1315 470 468 1316
4 524 1211 1212 526
4 635 571 665 1401
4 365 366 1059 1085
4 283 282 281 1450
4 296 298 297 1421
4 828 89 635 571
4 19 1372 1303 1458
4 1152 55 1089 1179
4 653 1407 649 1457
4 1352 498 509 1348
4 1248 554 1244 565
4 1314 461 1312 502
4 517 1210 1208 558
4 1336 505 33 1387
4 1232 1283 65 561
4 1314 1326 466 1339
4 1210 1222 1235 522
4 649 653 582 1407
4 1271 1064 1403 1437
4 465 1330 501 1378
4 521 1226 1274 557
4 418 817 412 396
4 1030 1082 427 1013
4 637 614 1419 1435
4 1316 1317 1315 470
4 1212 1213 526 1211
4 817 418 49 452
4 804 455 808 818
4 614 575 1419 1450
4 481 475 1321 487
4 537 543 1217 531
4 1244 55 54 1197
4 1032 1016 1029 1447
4 107 664 1036 573
4 1317 1318 1319 473
4 1214 1213 1215 529
4 1384 40 1339 1362
4 1317 1318 473 470
4 1214 1213 529 526
4 1051 176 1155 1097
4 1120 317 1160 371
4 1130 1126 1184 1434
4 1048 30 31 394
4 304 303 1010 305
4 317 1119 1120 1114
4 1154 1182 1130 1434
4 635 580 90 783
4 1304 1398 981 1382
4 653 1435 1407 1457
4 343 322 342 1429
4 61 988 1198 204
4 1301 23 22 1348
4 1302 990 29 240
4 69 633 570 660
4 1049 204 61 1264
4 500 457 38 1340
4 1236 70 556 513
4 1296 1352 24 509
4 56 565 1248 1192
4 1105 24 1091 1104
4 799 802 266 417
4 1211 544 1213 524
4 1315 488 468 1317
4 1280 72 1258 1235
4 220 786 829 1460
4 618 578 636 1412
4 1387 1388 32 1365
4 1261 1284 64 1283
4 1330 511 1328 1359
4 567 1224 1255 1226
4 482 480 1328 1331
4 1227 1224 538 536
4 1252 1277 1263 563
4 38 436 264 646
4 108 573 1036 1465
4 1363 1313 1370 467
4 1209 1259 1266 523
4 357 595 641 601
4 606 273 616 603
4 477 479 1358 1329
4 1225 535 1254 533
4 1295 224 18 1371
4 50 1267 188 1191
4 399 392 805 407
4 1389 1390 29 1368
4 1285 1264 61 1286
4 855 829 830 1416
4 348 796 350 267
4 887 949 1398 974
4 258 1417 33 1442
4 1113 1116 315 313
4 1246 51 1267 1268
4 426 34 33 1431
4 408 332 1434 1439
4 1318 472 471 1354
4 1250 528 527 1214
4 1331 1328 482 462
4 518 1227 1224 538
4 388 1054 301 1005
4 338 1122 437 376
4 825 827 849 1438
4 454 352 850 417
4 272 281 282 1435
4 1344 483 478 1357
4 539 1240 534 1253
4 872 829 855 1416
4 1268 1246 51 516
4 358 613 256 642
4 1316 469 1315 1314
4 1210 1211 1212 525
4 28 1391 1396 1444
4 1077 1084 1051 1410
4 439 1446 346 1459
4 1100 1173 1414 1441
4 18 0 1295 1370
4 1 50 1191 1266
4 1382 1304 26 1426
4 301 1005 303 1008
4 1235 71 72 522
4 1278 1414 1205 1455
4 820 818 808 279
4 471 1326 469 1316
4 1222 527 525 1212
4 600 639 609 1452
4 1201 1293 1283 1437
4 35 36 507 1381
4 386 1447 1410 1464
4 1350 1342 1370 927
4 873 853 789 1418
4 468 470 1315 1317
4 526 524 1211 1213
4 1168 1413 1172 1449
4 988 60 61 1198
4 29 28 990 1302
4 1276 1271 1293 747
4 538 1225 1224 1219
4 1323 482 1329 1328
4 797 448 795 267
4 1217 528 1214 1216
4 1318 472 1321 1320
4 59 1414 1455 1464
4 620 642 610 400
4 1038 1417 1087 1445
4 1049 62 205 1264
4 58 1256 59 1278
4 565 56 55 1192
4 1238 1246 1266 732
4 1116 1113 1115 313
4 1129 374 337 440
4 1165 406 1164 1138
4 301 1005 302 1007
4 1360 26 27 1382
4 1056 420 328 375
4 1030 1082 425 427
4 1313 1314 1315 461
4 1210 1209 1211 517
4 1115 1113 314 313
4 1152 197 1192 1275
4 1296 233 1091 1379
4 1303 1372 1349 1458
4 1296 24 23 509
4 1388 1334 32 459
4 1230 1284 64 515
4 1402 1445 1066 1465
4 1175 1454 1408 1461
4 1346 1348 22 498
4 1244 1242 54 554
4 29 1368 240 1042
4 1326 1354 508 1341
4 1222 1250 1237 564
4 466 469 1314 502
4 1210 525 522 558
4 255 386 1410 1464
4 462 1359 1328 511
4 1224 1255 518 567
4 668 650 583 1416
4 1180 1152 56 1093
4 1270 120 121 753
4 362 361 326 1402
4 861 821 876 1422
4 466 39 40 1339
4 1324 473 478 488
4 534 1220 544 529
4 1146 1167 1144 1427
4 493 486 1356 1341
4 549 1252 542 1237
4 813 866 811 1439
4 1276 65 66 1232
4 33 34 1336 1380
4 303 1008 1010 334
4 1159 1112 384 325
4 476 483 484 1327
4 532 539 1223 540
4 460 1350 1372 1343
4 516 1268 1246 1239
4 1207 73 1208 1453
4 1329 480 1332 1331
4 1225 1227 1228 536
4 263 421 1412 1443
4 1240 539 534 560
4 483 1344 478 504
4 1180 56 57 1093
4 1373 1349 1308 1418
4 855 91 580 783
4 381 1109 325 1111
4 434 1410 386 1447
4 1005 1007 303 1008
4 1097 1173 1137 1410
4 483 1344 464 1351
4 1240 539 520 1247
4 1355 1341 1356 486
4 1237 1251 1252 542
4 1388 1297 1389 510
4 1284 1193 566 1285
4 405 1106 1107 1105
4 1106 24 23 1091
4 149 843 1094 1156
4 1181 1180 57 1093
4 1266 673 760 732
4 32 505 459 1334
4 561 1230 64 515
4 823 1453 1407 1462
4 968 881 1370 927
4 1180 57 275 1135
4 1328 1329 1331 480
4 1225 1224 1227 536
4 663 611 612 1446
4 958 1384 923 956
4 366 1068 1041 394
4 459 31 32 1388
4 63 64 1284 515
4 1118 1159 1112 384
4 658 671 579 1457
4 291 331 594 597
4 290 288 593 289
4 590 324 589 640
4 1342 1343 460 492
4 1239 1238 516 548
4 1388 1297 510 31
4 1193 63 1284 566
4 584 657 109 1063
4 516 551 1268 1239
4 1372 495 460 1343
4 666 652 581 1403
4 383 1159 410 384
4 209 1271 1291 752
4 1187 1102 1169 1418
4 290 356 592 590
4 799 46 47 417
4 256 358 642 400
4 1358 1321 1361 475
4 1254 1217 531 1257
4 1368 30 241 1042
4 331 291 594 289
4 593 594 290 289
4 301 1005 1007 303
4 1171 1185 1100 1414
4 295 367 333 1428
4 1196 1233 1262 66
4 1337 1300 1366 34
4 600 601 595 286
4 590 290 356 324
4 1408 1447 1410 1461
4 1405 1425 322 1429
4 1063 1038 1037 1417
4 24 1353 1352 1296
4 1249 56 1248 1192
4 590 593 290 324
4 1303 1372 19 1371
4 635 663 580 1415
4 1298 37 1383 1369
4 1194 69 1265 1279
4 426 429 34 1436
4 289 288 593 595
4 412 817 847 814
4 858 783 879 1415
4 428 61 62 1071
4 469 468 470 1316
4 1212 525 524 526
4 344 806 456 416
4 1111 381 1109 1110
4 1278 1205 1292 1455
4 1115 314 312 313
4 487 471 472 1354
4 543 528 527 1250
4 1050 983 1075 1420
4 471 470 472 1318
4 528 527 1214 526
4 476 473 1319 474
4 529 532 1215 530
4 478 1344 1324 504
4 560 1240 1220 534
4 1377 1325 484 1327
4 540 1221 1273 1223
4 41 1312 461 502
4 723 1233 746 745
4 491 465 1330 501
4 1226 521 547 557
4 985 62 1193 205
4 367 297 323 1424
4 362 426 258 1445
4 154 853 1169 1099
4 315 1114 317 1160
4 1278 1270 1205 1414
4 413 597 359 603
4 255 386 434 1410
4 1200 1278 1294 58
4 494 36 37 1298
4 69 68 550 1194
4 583 650 647 1416
4 1337 1300 34 35
4 1196 1233 66 67
4 315 314 1113 313
4 512 1334 485 1333
4 1230 568 541 1229
4 1305 32 1387 1442
4 1398 1304 26 1382
4 447 798 268 803
4 863 453 818 279
4 648 644 591 431
4 1355 486 493 1341
4 542 1251 549 1237
4 464 1346 22 498
4 54 554 1242 520
4 593 290 592 590
4 457 1383 38 1340
4 70 1236 1279 513
4 1380 1375 1397 1442
4 1201 1283 64 1437
4 1150 1385 230 1095
4 55 1244 1282 1197
4 275 435 378 1135
4 1166 1169 1102 1418
4 1168 1101 1172 1413
4 1312 1299 41 1313
4 477 474 489 1323
4 533 545 530 1219
4 1152 56 55 1179
4 603 597 359 598
4 1361 1355 481 487
4 537 543 1251 1257
4 331 594 641 289
4 1364 1302 28 1391
4 1260 1287 60 1198
4 449 48 49 860
4 1386 23 1301 1348
4 28 27 1391 499
4 60 59 555 1287
4 1360 1359 1391 499
4 1255 1256 1287 555
4 38 1369 1384 1340
4 1236 1265 1280 70
4 1134 1133 1129 1432
4 662 574 67 661
4 1377 491 1330 501
4 1226 547 1273 557
4 1399 1434 332 1439
4 654 581 652 1403
4 1309 1382 1396 1444
4 796 447 798 267
4 258 426 33 1417
4 558 517 73 1208
4 61 60 1028 271
4 1319 476 1357 478
4 532 1215 1253 534
4 831 445 840 833
4 52 1268 551 1241
4 348 447 268 803
4 614 655 575 1450
4 436 589 645 433
4 260 405 1107 1105
4 1313 1312 461 41
4 22 1347 1301 1346
4 54 1243 1242 1197
4 592 596 629 292
4 796 348 447 267
4 1138 410 406 383
4 818 419 455 279
4 378 255 434 1441
4 1346 1344 1351 464
4 1240 1242 1247 520
4 1070 1023 1083 1448
4 53 54 1242 520
4 334 1008 1010 1012
4 73 1208 1209 1195
4 50 188 841 1191
4 1370 18 497 1350
4 50 1246 1266 553
4 1357 1344 1324 478
4 1253 1220 1240 534
4 416 266 800 804
4 38 37 1383 457
4 1279 69 70 513
4 1322 1327 1357 476
4 1223 1218 1253 532
4 51 1199 1267 1268
4 280 1440 281 1462
4 1001 1002 1000 1424
4 408 412 345 1439
4 348 268 347 803
4 1327 1377 458 484
4 1273 1223 514 540
4 1028 1071 61 271
4 471 1326 1316 1354
4 1222 527 1212 1250
4 587 588 586 433
4 1352 1327 1377 458
4 1223 1248 1273 514
4 627 1423 626 1463
4 331 594 597 641
4 449 833 349 851
4 498 464 1346 1351
4 554 1247 1242 520
4 380 398 401 1433
4 562 52 551 1241
4 373 319 322 1425
4 1267 780 50 188
4 1371 224 18 782
4 29 30 1072 257
4 1352 1351 1327 496
4 1247 1223 552 1248
4 1333 1329 1358 479
4 1225 1229 1254 535
4 321 340 339 1446
4 305 303 1010 334
4 1305 1387 1397 1442
4 1124 371 1160 338
4 1208 1209 517 73
4 1312 1311 1362 40
4 392 1440 280 1462
4 422 366 1041 394
4 275 378 437 1135
4 1108 1138 406 383
4 20 495 1372 1345
4 619 354 436 264
4 408 404 277 1406
4 308 329 310 1427
4 1353 24 1352 458
4 56 1249 1248 514
4 255 59 1414 1441
4 36 35 1367 1381
4 805 448 399 407
4 637 653 614 1435
4 1350 18 19 1371
4 753 756 1205 686
4 204 61 988 1049
4 280 392 281 1440
4 505 459 1334 485
4 561 541 1230 515
4 483 484 1327 496
4 540 539 1223 552
4 1173 1171 1100 1414
4 1106 23 405 1164
4 1063 1087 1417 1465
4 650 91 580 855
4 1027 428 62 1071
4 1360 27 465 499
4 59 555 1256 521
4 289 593 594 595
4 1319 1357 1324 478
4 1215 1253 534 1220
4 27 1396 1391 1360
4 1287 59 1256 1292
4 965 1396 1360 932
4 303 388 301 1008
4 452 817 396 864
4 1006 302 1005 1007
4 425 1046 1082 1067
4 35 621 429 261
4 1083 1061 1070 1409
4 1005 301 302 1006
4 597 359 331 413
4 460 18 19 1350
4 1112 316 314 1113
4 33 1336 1387 1397
4 1232 1283 1293 65
4 1320 1321 1358 475
4 1217 1216 1254 531
4 302 1009 304 1007
4 334 388 1008 1017
4 22 21 1346 464
4 1292 1256 714 756
4 40 1339 1312 502
4 1124 1122 437 338
4 1190 1168 1172 1449
4 58 1256 1278 1274
4 18 834 224 1295
4 49 418 817 848
4 20 495 1345 506
4 233 1296 950 1379
4 672 1192 197 1275
4 1120 317 1114 1160
4 1360 26 1382 1378
4 558 72 1235 1208
4 1012 334 1008 1017
4 461 1314 1312 1313
4 1210 517 1208 1209
4 1356 1338 486 507
4 1234 1252 542 563
4 1389 29 1390 490
4 1285 61 546 1286
4 485 479 1361 481
4 541 537 1257 535
4 405 1106 1164 1108
4 1376 1362 1307 1416
4 850 417 801 269
4 30 29 1389 490
4 62 61 546 1285
4 355 588 356 590
4 24 1353 1296 25
4 56 1249 57 1192
4 986 30 241 1297
4 1108 1159 1138 383
4 273 606 413 603
4 417 47 799 801
4 817 816 396 864
4 505 1334 1336 1335
4 1231 1232 561 1230
4 479 475 1361 481
4 531 1257 537 535
4 1058 304 1009 1007
4 1137 1175 1155 1461
4 1294 57 58 557
4 1115 1117 1116 313
4 1154 1130 1184 1434
4 482 480 1331 462
4 518 1227 538 536
4 1109 381 382 1110
4 25 26 501 1398
4 610 614 615 1435
4 240 990 29 1042
4 1331 480 1332 490
4 1227 546 1228 536
4 641 642 358 357
4 1005 301 388 1008
4 229 1308 1385 1150
4 1344 929 1357 1324
4 1074 1052 1073 1411
4 395 257 1072 1025
4 1267 50 51 1246
4 1253 1240 1220 702
4 507 463 35 1381
4 563 1277 67 519
4 804 416 419 809
4 1356 507 1381 1338
4 563 1252 1277 1234
4 1334 512 485 459
4 568 1230 541 515
4 1291 1206 1271 1403
4 1086 1031 1064 1437
4 1192 1249 57 1275
4 1296 1353 1379 25
4 47 48 851 801
4 869 821 824 1422
4 1057 1035 1033 1421
4 877 347 349 268
4 656 618 636 1428
4 1383 494 37 1298
4 1194 550 69 1279
4 1337 1335 463 503
4 1231 1233 519 559
4 1308 229 1102 1150
4 1307 1311 220 1460
4 63 62 1193 985
4 1246 50 51 516
4 611 635 665 1446
4 255 58 59 1441
4 1043 1072 30 257
4 1344 483 464 504
4 539 1240 520 560
4 820 863 818 279
4 1313 1299 42 1363
4 1106 405 24 1105
4 407 795 448 267
4 1296 1348 1352 509
4 1244 1192 1248 565
4 315 1160 338 1116
4 1339 40 466 502
4 1287 60 59 1455
4 341 347 340 1430
4 797 796 798 267
4 24 25 1296 1379
4 57 56 1192 1275
4 406 23 22 1164
4 421 368 263 1412
4 1358 1333 479 1361
4 1254 1229 1257 535
4 36 494 507 1356
4 68 1252 563 550
4 58 1274 1294 557
4 1242 1243 53 1241
4 341 321 351 1438
4 1358 1323 477 1329
4 1254 1219 1225 533
4 470 472 1318 473
4 526 1214 528 529
4 270 398 402 1448
4 33 505 1336 503
4 65 559 1232 561
4 992 1046 1086 1437
4 498 1352 1351 1348
4 1248 554 1247 1244
4 72 1235 522 558
4 1041 1068 1048 394
4 1026 1016 430 271
4 26 501 1398 1378
4 1164 406 405 1108
4 314 325 1112 1111
4 187 1259 1 1191
4 0 1363 223 1295
4 1307 1362 1311 1460
4 371 1160 1120 1161
4 471 1326 1354 508
4 1222 527 1250 564
4 1048 422 1041 394
4 1048 31 30 986
4 591 356 431 588
4 1373 789 226 1458
4 1110 1111 381 1148
4 1396 1391 1364 1444
4 346 1415 443 1459
4 476 484 1322 1327
4 1223 1218 532 540
4 1024 395 1072 1025
4 1112 384 325 316
4 1327 1351 1357 483
4 1247 1223 1253 539
4 451 833 449 860
4 1087 1445 1417 1465
4 358 331 605 641
4 833 877 349 851
4 1132 1161 265 1139
4 370 1054 1013 1003
4 375 328 1056 1009
4 262 1067 1082 1030
4 554 55 54 1244
4 408 332 391 1434
4 476 1319 473 478
4 534 532 1215 529
4 316 1114 315 1113
4 503 505 1335 485
4 541 1231 559 561
4 611 663 635 1446
4 482 480 477 1329
4 1225 538 536 533
4 498 22 23 1348
4 1335 505 1334 485
4 1231 541 1230 561
4 619 354 589 436
4 1341 508 493 1354
4 1250 549 1237 564
4 1160 1124 338 1116
4 586 36 587 433
4 317 315 1160 371
4 1350 460 497 1342
4 553 516 1246 1238
4 1033 1035 984 1421
4 983 1074 1075 1420
4 394 420 1068 1043
4 1258 1280 1202 1457
4 74 1209 1259 1195
4 659 256 69 613
4 1346 1347 1345 21
4 985 63 62 1067
4 597 413 605 603
4 1334 505 1336 1387
4 1283 1232 1230 561
4 413 359 360 603
4 331 597 413 605
4 346 340 446 1430
4 1349 1303 1373 964
4 757 1245 1199 1269
4 641 358 331 357
4 268 449 349 851
4 317 1114 315 316
4 132 131 1195 741
4 1340 1369 1383 38
4 1265 1236 1279 70
4 141 140 946 1299
4 394 1048 30 1043
4 69 70 256 659
4 46 47 798 799
4 644 429 261 431
4 1145 1147 1146 1427
4 1356 1341 1383 457
4 513 1279 1252 1237
4 479 512 1333 1329
4 1229 568 535 1225
4 381 325 1109 382
4 642 358 605 641
4 512 1334 1333 1332
4 568 1230 1228 1229
4 188 780 50 841
4 1041 1039 422 1048
4 859 74 278 450
4 1013 427 370 369
4 315 1160 371 338
4 486 1356 494 493
4 542 550 1252 549
4 1333 1335 485 1361
4 1229 1231 1257 541
4 606 661 68 660
4 791 1419 1440 1462
4 1170 1103 1141 1426
4 275 1122 1125 1135
4 1036 1066 994 1465
4 447 46 798 797
4 1270 753 1278 1205
4 28 1359 1390 462
4 1255 518 60 1286
4 265 1161 440 1139
4 462 1359 511 499
4 1255 555 518 567
4 1007 302 301 303
4 1112 1114 1118 316
4 467 1363 0 1370
4 1259 523 1 1266
4 985 62 205 1049
4 779 791 790 1419
4 406 405 23 1164
4 1107 1163 260 1105
4 1132 1161 440 265
4 798 268 47 447
4 1016 1026 1028 271
4 797 798 447 267
4 437 1122 275 1135
4 28 1364 1391 1444
4 52 1268 1241 1245
4 835 817 49 452
4 1125 437 1122 275
4 786 220 1311 1460
4 369 368 323 1424
4 1361 1338 1335 481
4 1231 537 1234 1257
4 19 495 460 1372
4 273 661 68 606
4 55 1132 1178 1179
4 354 619 439 264
4 1348 1346 22 1301
4 1242 1244 54 1197
4 316 325 1112 314
4 1124 372 437 1125
4 406 1164 1138 1108
4 413 606 403 605
4 278 874 859 450
4 477 480 479 1329
4 535 1225 536 533
4 1265 215 1194 687
4 1298 896 251 1369
4 1335 1338 463 481
4 519 1234 1231 537
4 1325 1377 484 491
4 1221 540 1273 547
4 1112 314 1111 1113
4 462 28 1359 499
4 555 518 60 1255
4 260 24 405 1105
4 795 796 797 267
4 1345 495 1372 1343
4 1268 551 1241 1239
4 463 1337 35 1381
4 519 1277 67 1233
4 1006 301 302 300
4 847 850 801 269
4 1055 375 1009 1058
4 31 30 986 1297
4 224 834 18 782
4 262 1082 425 1030
4 660 659 69 613
4 1359 28 1391 499
4 1255 60 555 1287
4 1066 1060 1040 1445
4 501 1353 25 1398
4 557 1294 57 1249
4 381 382 1110 409
4 1343 921 1344 1324
4 387 308 306 1451
4 846 448 399 805
4 1066 1445 1087 1465
4 1326 471 469 508
4 527 1222 525 564
4 418 269 847 848
4 1349 20 1372 1345
4 860 449 48 851
4 1071 61 62 1049
4 1380 34 1336 1337
4 1233 1276 66 1232
4 414 1025 1022 1055
4 493 1356 494 1341
4 549 550 1252 1237
4 442 343 444 1422
4 587 645 589 433
4 617 662 670 1443
4 485 1335 463 481
4 541 519 1231 537
4 287 321 339 1452
4 860 833 449 851
4 468 470 1317 488
4 524 526 544 1213
4 1314 469 1326 1316
4 1222 525 1210 1212
4 268 349 877 851
4 1205 1270 1290 1414
4 1359 1391 28 1390
4 1287 1255 60 1286
4 614 1419 1435 1450
4 595 289 288 286
4 622 584 651 1431
4 445 451 840 833
4 941 1380 1375 1397
4 42 1313 467 461
4 483 1344 1351 1357
4 539 1240 1253 1247
4 330 414 1055 375
4 328 1006 1011 1059
4 476 484 489 1322
4 1218 545 532 540
4 47 48 268 851
4 730 729 1235 728
4 1042 29 30 1072
4 1380 34 1366 1431
4 497 468 467 1370
4 1266 524 523 553
4 1293 680 1271 1201
4 551 1268 51 516
4 404 408 391 1406
4 1333 1332 1329 512
4 1229 1228 568 1225
4 1373 1308 1393 1418
4 331 291 359 597
4 438 1132 55 1179
4 1159 383 1109 325
4 278 874 450 399
4 27 270 28 1444
4 50 453 863 279
4 304 1009 375 1058
4 1226 1256 521 1274
4 465 1330 1378 1360
4 60 432 1455 1464
4 1161 440 372 1132
4 508 471 493 1354
4 1250 527 549 564
4 257 1072 29 395
4 1398 501 1353 1378
4 557 1274 1294 1249
4 645 37 436 433
4 290 592 356 292
4 364 591 356 431
4 60 1287 1260 1455
4 383 1159 384 325
4 1339 923 957 958
4 1359 462 1328 1331
4 1255 1224 518 1227
4 860 48 49 848
4 1390 1331 1389 490
4 1286 546 1285 1227
4 1336 1335 1337 503
4 1231 1232 1233 559
4 1011 1004 1006 300
4 1370 497 1315 1342
4 553 1266 1211 1238
4 629 627 648 1463
4 1351 498 464 483
4 1247 554 539 520
4 427 370 1054 1013
4 328 1059 420 1056
4 1239 1240 704 1220
4 588 261 586 433
4 476 1319 1357 1322
4 1215 532 1253 1218
4 477 489 482 1323
4 545 533 538 1219
4 1112 1159 1109 325
4 1348 1346 1351 498
4 1244 1242 554 1247
4 388 1054 1005 1008
4 517 523 74 1209
4 797 447 46 267
4 266 800 802 799
4 357 641 642 601
4 841 187 1 1191
4 487 475 1321 472
4 543 1217 531 528
4 606 403 605 613
4 226 1303 1373 1458
4 339 346 439 1446
4 73 280 72 1453
4 325 314 381 1111
4 346 1446 1415 1459
4 355 590 324 589
4 0 18 497 1370
4 1 50 1266 553
4 1317 1316 1318 470
4 1212 1213 1214 526
4 1043 394 420 257
4 801 47 48 269
4 1007 304 302 303
4 1068 366 1059 420
4 257 420 1056 414
4 1145 1183 1088 1420
4 491 482 489 1325
4 538 545 1221 547
4 798 47 46 447
4 1382 1396 27 1360
4 1278 1256 59 1292
4 1322 1323 1325 489
4 1219 1218 1221 545
4 1391 1302 28 1390
4 1198 1287 60 1286
4 648 625 623 1463
4 274 442 1422 1432
4 495 19 20 1372
4 44 45 800 416
4 494 493 1341 457
4 549 513 550 1237
4 1067 63 62 262
4 371 1160 1161 1124
4 1055 414 1056 375
4 1116 338 315 313
4 644 261 586 588
4 799 850 417 801
4 1063 994 1087 1465
4 1244 1192 55 1282
4 839 820 861 1456
4 59 432 255 1464
4 41 40 1312 502
4 62 1027 1071 1049
4 1392 1376 1307 1416
4 336 377 434 1461
4 840 42 0 451
4 1348 1296 1386 23
4 190 787 1269 1456
4 1312 1339 1314 502
4 1235 1210 558 1208
4 255 432 386 1464
4 1160 315 1114 1113
4 822 450 874 399
4 1098 1190 1177 1449
4 497 468 1315 1342
4 553 1211 524 1238
4 43 419 818 453
4 851 268 47 798
4 452 396 18 864
4 1149 1454 1175 1461
4 1268 51 52 551
4 653 649 671 1457
4 1388 1389 1332 510
4 1284 1228 1285 566
4 1297 936 1389 880
4 1108 1109 382 1107
4 354 589 324 640
4 599 593 288 595
4 30 986 241 1042
4 745 1231 1234 1257
4 1367 35 1300 1381
4 1263 1196 67 1277
4 403 606 68 660
4 1279 550 69 513
4 1383 37 494 457
4 1332 510 459 1388
4 1284 1228 566 515
4 1009 375 302 304
4 1072 30 1042 1043
4 801 417 47 269
4 44 419 416 809
4 0 223 834 1295
4 1315 468 497 1370
4 1211 524 1266 553
4 256 403 69 613
4 314 316 315 1113
4 1204 1243 1245 1449
4 382 405 1108 1107
4 1317 1342 488 1324
4 1213 1238 1220 544
4 492 1324 1344 504
4 1240 548 560 1220
4 418 48 269 848
4 1128 1158 1119 1425
4 1049 61 62 1264
4 878 856 823 1453
4 1040 1038 1087 1445
4 448 846 45 797
4 512 1334 1332 459
4 568 1230 515 1228
4 833 445 451 349
4 1328 511 482 462
4 538 1224 518 567
4 513 1252 550 1237
4 1341 1356 494 457
4 558 73 72 1208
4 45 797 800 799
4 507 463 1381 1338
4 519 563 1277 1234
4 613 403 605 358
4 1109 383 1108 382
4 461 1314 469 502
4 525 1210 517 558
4 1363 0 42 467
4 660 69 403 613
4 419 818 453 279
4 1287 1292 1260 1455
4 1317 911 912 906
4 823 878 1453 1462
4 605 403 413 358
4 1344 1343 1324 492
4 548 1240 1239 1220
4 777 1259 1 187
4 508 466 469 1326
4 564 1222 525 522
4 357 642 358 400
4 958 1384 1369 1340
4 1067 1082 425 262
4 1133 1172 1156 1432
4 1334 1333 1335 485
4 1229 1230 1231 541
4 1043 420 1068 1056
4 485 1361 1335 481
4 1231 541 537 1257
4 37 645 587 433
4 349 451 833 449
4 852 858 832 1430
4 1298 1356 1383 494
4 1252 1194 1279 550
4 476 489 474 1322
4 530 545 532 1218
4 799 47 798 801
4 644 591 431 588
4 493 487 1355 1354
4 1251 543 549 1250
4 316 1112 1114 1113
4 1351 498 483 496
4 1247 539 554 552
4 24 1353 25 458
4 56 1249 514 57
4 794 825 849 1438
4 1310 247 651 1431
4 1388 1297 31 1365
4 1193 1284 63 1261
4 572 586 36 587
4 1374 235 1304 1426
4 848 817 49 835
4 1113 314 1111 1115
4 1125 1179 56 1180
4 68 273 606 403
4 457 1341 1383 1340
4 1236 1279 513 1237
4 338 1124 1122 1116
4 1297 1368 1389 30
4 62 1193 1264 1285
4 749 703 708 1223
4 480 1332 512 1329
4 1228 568 1225 536
4 1304 235 1096 1426
4 1368 29 30 1042
4 516 553 548 1238
4 1342 460 497 492
4 914 916 908 1327
4 503 1335 463 485
4 559 519 1231 541
4 356 431 588 355
4 724 1213 701 698
4 328 1059 1056 1009
4 810 867 868 1429
4 614 575 637 1419
4 482 480 1329 1328
4 538 1224 1225 536
4 625 627 626 1463
4 523 1 74 1259
4 594 596 291 597
4 797 45 46 799
4 25 24 260 1105
4 1245 713 1243 774
4 982 1349 926 1347
4 47 851 798 801
4 674 1194 687 688
4 1164 1106 23 1162
4 258 33 32 1442
4 1199 190 1269 1456
4 1076 1032 1077 1447
4 1298 897 882 896
4 1012 1016 430 1026
4 481 1355 1338 486
4 1251 542 537 1234
4 1295 0 1363 1370
4 1191 1259 1 1266
4 694 695 696 1216
4 645 643 37 587
4 624 623 625 1436
4 1274 58 521 557
4 462 1331 1390 490
4 518 546 1286 1227
4 501 26 465 1378
4 420 1068 366 394
4 1025 257 1056 414
4 1025 395 257 414
4 1353 1377 1378 501
4 1273 1249 1274 557
4 399 874 822 805
4 1302 29 28 1390
4 1198 60 61 1286
4 200 1290 1270 1185
4 36 586 261 433
4 247 577 651 1431
4 356 591 592 590
4 1063 1087 1038 1417
4 867 810 811 1429
4 471 469 470 1316
4 525 1212 527 526
4 510 1332 512 490
4 568 1228 566 546
4 1368 1297 1389 880
4 257 420 1043 1056
4 986 30 1048 1043
4 758 1246 712 705
4 1311 1299 41 1312
4 1355 1338 1361 481
4 537 1251 1234 1257
4 247 1366 577 1431
4 302 1006 328 1009
4 430 334 1012 389
4 799 266 46 417
4 968 922 918 1313
4 925 1350 967 920
4 833 451 840 860
4 512 479 480 1329
4 568 535 1225 536
4 302 1006 300 328
4 1179 56 438 1125
4 418 49 48 848
4 1271 1201 208 1437
4 725 727 760 1209
4 661 68 67 273
4 1390 29 28 462
4 518 61 60 1286
4 1008 303 388 334
4 244 1037 991 1442
4 1109 1112 325 1111
4 269 48 801 848
4 45 800 266 799
4 31 422 1048 394
4 402 398 380 1433
4 62 985 1067 1027
4 1141 1143 1142 1433
4 223 1363 0 778
4 1388 459 1332 1334
4 1228 1284 1230 515
4 452 0 835 864
4 431 261 644 588
4 418 817 396 452
4 586 35 36 261
4 1203 856 184 1453
4 1221 1218 749 1223
4 905 904 903 1320
4 816 836 862 1458
4 798 851 268 803
4 593 288 290 324
4 1174 1158 1128 1425
4 226 789 836 1458
4 1380 1336 33 1397
4 1276 1293 65 1232
4 1064 1271 208 1437
4 908 1322 1325 1327
4 247 1310 1366 1431
4 1195 73 1208 1207
4 492 478 1324 504
4 1220 548 560 534
4 1342 1343 492 1324
4 1238 1239 1220 548
4 1021 1073 1023 1448
4 507 463 1338 486
4 563 519 542 1234
4 1358 475 479 477
4 535 531 1254 533
4 383 1108 1159 1109
4 361 362 424 1445
4 266 800 45 416
4 1244 554 55 565
4 1238 544 548 1220
4 1324 1342 488 492
4 453 819 1 863
4 289 641 331 357
4 1312 1362 1339 40
4 315 1160 1116 1113
4 797 46 798 799
4 996 102 1079 652
4 23 498 1348 509
4 1375 1037 244 1442
4 1321 1354 1355 487
4 1250 1217 1251 543
4 865 866 813 1439
4 1208 1258 72 1235
4 290 594 291 289
4 51 52 397 1456
4 473 1317 470 488
4 526 544 1213 529
4 1178 1132 55 265
4 493 1355 1341 1354
4 1251 549 1237 1250
4 778 42 0 840
4 1334 937 939 940
4 1343 1344 504 492
4 1240 1239 560 548
4 856 1203 183 1288
4 992 208 1201 1437
4 480 512 1332 490
4 568 1228 546 536
4 1274 1226 1256 711
4 84 582 788 871
4 1374 1170 235 1426
4 859 1 74 450
4 1019 1015 1018 1451
4 463 34 1337 503
4 66 519 1233 559
4 462 1390 29 490
4 518 546 61 1286
4 405 1108 383 382
4 35 34 1337 463
4 519 67 66 1233
4 1026 428 1071 271
4 459 510 31 1388
4 566 63 1284 515
4 605 413 606 603
4 18 0 452 864
4 791 1440 857 1462
4 871 856 183 1288
4 59 1455 432 1464
4 487 493 471 1354
4 543 527 549 1250
4 1017 427 1030 389
4 1107 1109 382 1110
4 1383 494 1356 457
4 1279 1252 550 513
4 324 590 593 640
4 654 618 617 1443
4 1161 372 371 1124
4 486 481 1355 487
4 537 543 542 1251
4 587 589 588 433
4 1259 1 74 777
4 491 465 511 1330
4 547 567 521 1226
4 478 476 1357 483
4 1253 539 532 534
4 453 1 50 863
4 484 491 489 1325
4 540 1221 545 547
4 1342 497 468 488
4 544 553 524 1238
4 817 418 847 848
4 818 419 43 809
4 1389 510 30 490
4 546 566 62 1285
4 435 255 378 1441
4 1026 430 1012 389
4 1096 235 1170 1426
4 1278 1274 1294 58
4 460 497 18 1350
4 1246 50 516 553
4 1142 1143 1144 1433
4 1378 1382 1398 26
4 797 846 45 800
4 1377 1353 458 501
4 514 1273 557 1249
4 427 262 1030 389
4 1032 1029 1077 1447
4 202 1205 995 1455
4 1300 35 1337 1381
4 1277 1196 67 1233
4 102 666 1079 652
4 1389 1332 510 490
4 546 1228 566 1285
4 630 604 618 1428
4 1270 1100 200 1185
4 1295 1350 1371 18
4 1246 1191 1267 50
4 265 1132 55 438
4 492 1343 495 504
4 548 560 551 1239
4 1008 1007 303 1010
4 329 379 310 1427
4 270 402 411 1448
4 187 1 777 841
4 605 613 358 642
4 818 804 419 809
4 913 907 953 1329
4 290 592 594 593
4 244 991 1305 1442
4 1337 1380 34 1366
4 1262 1276 66 1233
4 877 268 851 803
4 48 851 801 848
4 851 48 860 848
4 777 1 74 859
4 1325 1377 491 1330
4 1221 1273 1226 547
4 1059 366 1068 1041
4 1017 334 388 389
4 871 84 582 667
4 484 491 1377 458
4 547 540 1273 514
4 262 62 1067 1027
4 1124 437 372 338
4 1178 55 54 265
4 42 0 1363 778
4 1342 1350 1370 497
4 1246 1238 1266 553
4 605 331 597 641
4 274 442 397 1422
4 405 1106 1108 1107
4 1091 1106 24 1105
4 620 256 659 613
4 375 302 328 1009
4 266 46 45 799
4 856 784 184 1453
4 1123 1149 1137 1461
4 493 508 1341 457
4 1237 549 513 564
4 992 1064 208 1437
4 1331 1332 1389 490
4 1228 1227 1285 546
4 846 44 822 399
4 801 847 269 848
4 927 967 1350 920
4 732 1246 758 705
4 997 1309 238 1444
4 1028 1026 1071 271
4 1045 63 985 1067
4 497 467 0 1370
4 1266 523 1 553
4 594 641 289 595
4 283 284 282 1450
4 450 859 1 819
4 994 1066 1087 1465
4 226 836 1303 1458
4 428 389 1026 1027
4 372 1161 1132 1124
4 0 840 451 835
4 440 372 371 1161
4 705 724 1238 701
4 778 845 42 840
4 986 1048 31 1053
4 310 311 309 1454
4 414 420 1056 375
4 1338 1356 486 1355
4 1252 1234 542 1251
4 427 1054 1030 1013
4 1107 382 405 260
4 427 1054 388 1017
4 328 1059 366 420
4 1108 406 405 383
4 324 354 640 353
4 1030 425 262 427
4 1378 1330 933 1360
4 481 1338 463 486
4 542 519 537 1234
4 428 262 389 1027
4 296 295 294 1423
4 190 839 787 1456
4 819 43 818 453
4 1299 946 141 881
4 1195 673 132 741
4 1203 184 1207 1453
4 911 912 920 1342
4 1047 202 995 1455
4 373 442 374 1432
4 610 609 614 1450
4 837 777 74 859
4 458 491 1377 501
4 557 547 1273 514
4 1170 1374 236 1394
4 616 661 273 606
4 860 49 451 835
4 1390 1302 29 1368
4 1264 1198 61 1286
4 1381 463 1337 1338
4 1233 519 1277 1234
4 209 1079 1291 1064
4 839 190 1199 1456
4 671 615 653 1435
4 640 354 589 619
4 1395 246 651 1310
4 797 45 448 267
4 1234 519 1231 1233
4 1337 1335 1338 463
4 480 1331 462 490
4 1227 518 546 536
4 44 45 846 800
4 1012 334 1017 389
4 209 1271 1064 1291
4 1059 328 1006 1009
4 1331 1390 1359 462
4 1286 1255 518 1227
4 863 819 1 841
4 566 1228 568 515
4 1332 459 510 512
4 1225 717 1224 1219
4 1168 1289 192 1186
4 494 507 1356 486
4 1252 563 550 542
4 1303 1349 1373 1458
4 244 1305 1375 1442
4 184 784 1207 1453
4 215 1265 676 687
4 896 251 1369 884
4 657 584 624 1465
4 822 846 399 805
4 1380 1337 952 1366
4 1355 486 487 493
4 543 542 1251 549
4 778 0 223 834
4 451 840 42 445
4 864 0 835 834
4 859 450 822 819
4 1289 1204 1168 192
4 436 354 589 433
4 1044 997 238 1444
4 366 1059 1085 1041
4 863 1 50 841
4 613 256 403 358
4 1333 512 479 485
4 568 535 541 1229
4 1030 1054 427 1017
4 1245 1199 1269 1456
4 589 324 355 354
4 1185 1078 1171 174
4 442 444 397 1422
4 1217 1214 695 1216
4 1056 1025 414 1055
4 791 792 793 1440
4 736 1237 691 729
4 991 1037 1038 1442
4 846 822 44 809
4 874 859 450 822
4 275 1125 56 1180
4 18 0 864 834
4 1028 1069 1029 1464
4 263 415 421 1443
4 854 147 870 1101
4 1062 1171 1078 174
4 848 49 860 835
4 1321 904 1318 1320
4 955 1341 957 900
4 202 1260 1205 1455
4 147 1186 870 1101
4 587 36 37 433
4 509 496 1352 458
4 514 565 552 1248
4 1208 1209 1195 741
4 946 1299 1312 1313
4 1132 440 372 265
4 383 1109 325 382
4 800 846 44 809
4 1136 1189 1181 1441
4 236 1188 1170 1394
4 1395 246 669 651
4 1043 257 1056 1025
4 1071 428 61 271
4 1203 1207 1258 1453
4 633 68 661 660
4 1392 219 829 1307
4 45 44 846 448
4 458 1353 25 501
4 514 557 57 1249
4 268 48 449 851
4 1269 191 1289 787
4 227 789 1373 1393
4 1260 202 1047 1455
4 217 649 1272 1457
4 818 819 453 863
4 1309 1364 238 1444
4 1089 55 1178 1179
4 791 793 857 1440
4 374 274 441 1432
4 405 24 23 1106
4 589 355 588 433
4 1026 428 1027 1071
4 1044 238 1364 1444
4 0 778 840 835
4 452 835 817 864
4 488 1342 497 492
4 553 544 548 1238
4 605 413 331 358
4 69 570 659 660
4 46 45 797 267
4 872 1392 219 829
4 1125 56 438 275
4 65 423 64 1437
4 859 777 1 819
4 403 68 69 660
4 372 371 1124 338
4 393 272 282 1435
4 273 606 403 413
4 626 627 628 1423
4 860 451 840 835
4 1331 1332 1329 934
4 895 166 949 1374
4 841 1 50 1191
4 968 946 922 1313
4 372 437 1125 275
4 1356 1355 899 900
4 727 760 1209 741
4 1202 579 217 1457
4 319 320 322 1425
4 995 1069 1047 1455
4 1284 1261 731 1283
4 449 49 451 860
4 753 773 1278 756
4 217 579 649 1457
4 61 1071 988 1049
4 809 43 818 819
4 975 1312 923 922
4 356 355 590 324
4 191 870 1289 787
4 1393 227 789 873
4 716 1224 1221 1226
4 728 1208 768 727
4 1330 909 1328 1325
4 1202 1272 1258 1457
4 1008 388 1054 1017
4 434 386 336 1447
4 378 434 377 1461
4 254 668 583 1392
4 367 323 368 1424
4 370 1054 388 427
4 1042 990 29 1072
4 1059 1068 420 1056
4 197 196 1192 672
4 232 233 1296 950
4 372 1132 438 1125
4 18 0 834 1295
4 333 367 421 1428
4 1149 1175 1137 1461
4 1377 1352 458 1353
4 1273 1248 1249 514
4 941 1380 939 952
4 853 873 155 1169
4 239 162 238 1044
4 1132 372 1124 1125
4 1026 389 428 271
4 44 846 448 399
4 1018 1075 1019 1451
4 902 1361 953 903
4 764 766 1249 738
4 1353 973 887 974
4 277 20 19 1458
4 1382 1374 1304 1426
4 377 309 311 1454
4 1023 1073 1083 1448
4 583 1376 254 1392
4 322 327 342 1429
4 245 1037 1375 1395
4 1343 495 460 492
4 551 516 548 1239
4 607 665 639 1452
4 855 650 92 872
4 275 56 57 1180
4 873 1187 155 1169
4 588 431 261 355
4 1172 1133 1134 1432
4 341 351 350 1438
4 446 340 347 1430
4 1271 1293 1201 1437
4 997 1044 1070 1444
4 822 450 43 819
4 590 355 588 589
4 858 852 827 1430
4 217 1272 1202 1457
4 786 831 830 1460
4 612 646 647 1459
4 872 650 92 668
4 915 914 1377 954
4 1056 1055 375 1009
4 1273 708 710 709
4 1149 1121 1147 1454
4 1068 1048 394 1043
4 265 1178 1132 1139
4 488 478 1324 492
4 1220 544 548 534
4 193 1204 1168 1449
4 261 588 355 433
4 1361 1338 959 1335
4 725 1211 1212 1210
4 257 1043 1072 1025
4 1395 245 1037 1080
4 1316 910 904 955
4 780 863 50 841
4 700 695 736 1212
4 244 245 1375 894
4 432 59 60 1455
4 657 624 573 1465
4 1315 918 1316 1314
4 829 786 830 1460
4 389 1017 1026 1027
4 1179 1152 56 1180
4 1301 883 1386 1348
4 1244 739 1282 1197
4 963 1375 894 941
4 340 346 339 1446
4 1230 1283 1284 722
4 791 857 823 1462
4 834 864 18 782
4 1125 438 372 275
4 1040 1087 1066 1445
4 690 1251 1252 691
4 1393 228 1102 1308
4 1180 275 1125 1135
4 822 44 43 399
4 1043 30 394 257
4 822 43 44 809
4 1146 1144 1145 1427
4 332 390 391 1434
4 1179 438 1132 1125
4 995 201 1078 1290
4 1081 1394 237 997
4 1042 30 986 1043
4 764 1248 707 763
4 971 1352 917 973
4 193 1168 1098 1449
4 651 577 622 1431
4 1027 62 985 1049
4 1205 201 995 1290
4 1309 237 1394 997
4 389 1026 430 271
4 876 821 869 1422
4 385 336 386 1447
4 424 362 258 1445
4 1380 1366 1310 1431
4 999 1001 1000 1424
4 193 1098 1281 1449
4 1393 228 1187 1102
4 450 1 43 819
4 836 789 862 1458
4 607 639 600 1452
4 1271 680 208 1201
4 438 55 56 1179
4 302 1006 1009 1007
4 622 623 624 1436
4 1067 425 63 262
4 948 925 1372 886
4 264 443 39 1459
4 712 679 743 1268
4 326 294 364 1463
4 287 285 321 1452
4 1372 925 948 964
4 451 49 0 835
4 918 910 1316 919
4 725 1212 700 726
4 743 712 1268 757
4 1173 1189 1136 1441
4 153 152 844 1154
4 306 308 307 1451
4 1170 1141 1096 1426
4 1052 180 1092 179
4 178 177 1088 1050
4 578 103 104 998
4 1034 106 105 569
4 614 653 615 1435
4 1231 745 721 693
4 40 276 41 1460
4 392 335 281 1440
4 1017 388 427 389
4 43 450 822 399
4 732 1211 1266 1238
4 582 85 84 788
4 1281 1204 193 1449
4 927 1370 1315 1342
4 842 151 150 1157
4 638 88 87 826
4 942 1384 956 1306
4 1175 1149 1147 1454
4 1017 1026 1012 389
4 992 1086 1064 1437
4 1363 881 1299 222
4 781 150 149 1094
4 822 43 809 819
4 1259 673 186 1195
4 575 87 86 779
4 364 363 326 1463
4 1061 1103 181 182
4 1233 1262 1276 746
4 1282 124 739 672
4 1386 883 169 950
4 950 883 971 1296
4 672 763 739 1192
4 1249 1294 57 1275
4 25 1353 1379 1398
4 584 109 110 1063
4 915 1330 1328 1359
4 687 1265 676 748
4 854 148 147 1101
4 264 439 346 1459
4 121 681 1270 753
4 90 89 635 828
4 656 630 618 1428
4 403 606 660 613
4 878 784 856 1453
4 1036 108 107 573
4 1307 889 220 1311
4 184 682 1203 1207
4 655 614 609 1450
4 944 896 1369 884
4 363 429 426 1436
4 939 1336 1334 1335
4 1374 895 165 980
4 210 1206 581 211
4 372 1132 265 438
4 345 332 408 1439
4 86 85 637 790
4 426 362 363 1436
4 996 103 102 652
4 1358 953 1361 903
4 1171 1062 175 174
4 419 44 43 809
4 767 1293 747 1232
4 765 1243 713 774
4 926 982 1347 972
4 221 845 1299 222
4 835 49 0 452
4 787 839 861 1456
4 965 981 1382 895
4 671 649 579 1457
4 155 154 853 1169
4 889 946 1311 975
4 768 682 741 1207
4 650 92 91 855
4 925 1372 1350 1343
4 215 214 1194 687
4 250 251 1298 896
4 1268 712 1246 1239
4 889 1307 1362 1311
4 1258 1203 682 1207
4 186 1195 185 837
4 1051 176 1097 175
4 208 209 1271 1064
4 982 1349 964 926
4 713 1245 757 774
4 263 66 415 1443
4 1053 1365 242 243
4 215 216 1265 634
4 883 170 951 1386
4 1282 739 125 678
4 252 251 1369 576
4 374 442 274 1432
4 647 663 612 1459
4 1381 952 943 898
4 1243 1204 1281 1449
4 193 1168 1204 192
4 1030 262 1067 1027
4 881 141 1299 222
4 186 673 132 1195
4 1203 184 856 183
4 1259 777 186 187
4 245 244 1375 1037
4 633 214 213 1263
4 249 572 1367 250
4 207 113 1261 1201
4 0 778 835 834
4 625 648 627 1463
4 823 857 878 1462
4 206 1261 1045 207
4 355 589 354 433
4 969 1297 936 885
4 960 1307 956 889
4 904 1318 1316 1354
4 819 777 1 841
4 428 62 262 1027
4 755 1203 682 750
4 1153 1197 195 194
4 1168 1190 1098 1449
4 1301 230 1095 231
4 695 1214 1250 1212
4 961 1309 965 890
4 989 176 177 1155
4 1252 689 1277 1234
4 636 104 105 987
4 1381 898 1356 1338
4 1372 925 1345 1343
4 1241 712 1268 1239
4 649 1272 218 217
4 1233 1277 1196 746
4 1375 1305 1397 1442
4 91 90 580 783
4 188 187 841 1191
4 957 1326 1341 955
4 206 985 1193 205
4 219 829 1307 220
4 196 197 1192 1152
4 233 232 1296 1091
4 1237 736 1222 729
4 973 950 1296 1379
4 1192 672 764 1275
4 1278 773 711 756
4 1084 1029 1069 1464
4 113 112 680 1201
4 212 1196 574 213
4 1267 189 780 188
4 782 1371 224 225
4 1300 248 585 249
4 1270 1100 199 200
4 264 346 443 1459
4 739 1244 762 1197
4 1348 1301 883 970
4 247 651 246 1310
4 247 1366 248 577
4 880 1297 241 1368
4 213 78 733 674
4 731 1261 113 1201
4 1198 988 203 204
4 239 990 1302 240
4 88 89 776 571
4 152 151 775 1090
4 1337 952 1300 1381
4 843 149 148 1156
4 1216 696 697 749
4 201 202 1205 995
4 238 237 1309 997
4 1049 205 204 1264
4 654 617 670 1443
4 154 153 785 1099
4 905 908 1320 907
4 191 1269 190 787
4 1373 226 789 227
4 1244 706 1248 763
4 924 971 1348 1352
4 839 189 1199 190
4 225 836 1303 226
4 249 943 96 882
4 753 1270 120 771
4 733 1277 689 746
4 1349 1372 1303 964
4 1245 1199 1268 757
4 908 1322 1320 1323
4 229 1102 228 1308
4 749 1219 1216 1218
4 220 221 786 1311
4 224 834 223 1295
4 674 214 79 687
4 896 97 882 250
4 943 95 888 248
4 689 1252 690 1234
4 899 1356 898 1338
4 963 247 246 1310
4 1396 1364 1309 1444
4 1293 1276 747 1232
4 674 213 214 1263
4 1363 223 222 778
4 1367 882 249 250
4 244 243 1305 991
4 1260 1292 1205 1455
4 211 212 1262 632
4 231 951 170 1386
4 195 1282 125 678
4 240 1368 241 1042
4 1376 253 583 254
4 1374 166 949 235
4 214 215 1194 570
4 251 250 1298 643
4 242 241 1297 986
4 1194 687 688 1279
4 124 1282 196 672
4 169 1386 950 232
4 1232 723 767 722
4 1298 1383 897 896
4 247 1310 888 1366
4 252 253 1306 942
4 185 1207 184 784
4 223 1363 881 1295
4 187 673 1259 1191
4 907 1358 953 1329
4 766 1294 1249 738
4 1398 1353 887 974
4 1199 743 679 1268
4 948 1372 1303 886
4 121 681 199 1270
4 1280 750 1202 751
4 1304 234 1096 235
4 952 888 1366 943
4 1207 741 1195 185
4 1299 221 946 1311
4 684 757 743 1269
4 893 1373 948 964
4 1183 983 179 178
4 106 107 664 984
4 819 1 43 453
4 255 435 58 1441
4 1361 940 953 1333
4 992 208 207 1201
4 17 1395 669 1080
4 15 1393 1187 873
4 667 871 10 1288
4 13 666 1291 1079
4 1186 1289 11 870
4 668 14 872 1392
4 16 1081 1188 1394
4 12 1078 1290 1185
4 163 162 238 890
4 1368 161 945 240
4 131 1195 741 185
4 946 140 221 1299
4 1269 684 191 190
4 226 1373 893 227
4 219 1307 960 220
4 1374 235 1170 236
4 184 1203 755 183
4 214 674 1263 1194
4 882 1367 1298 250
4 1197 678 195 194
4 1301 951 230 231
4 1199 679 1267 1268
4 733 77 212 683
4 1372 1303 886 1371
4 216 217 1202 579
4 215 676 80 687
4 251 896 98 884
4 1199 743 1268 757
4 948 1303 1372 964
4 958 1339 1384 1340
4 684 743 136 190
4 226 948 145 893
4 1267 679 189 188
4 1371 886 224 225
4 994 109 108 657
4 203 1047 1260 202
4 238 239 1044 1364
4 741 1195 1208 1207
4 946 1299 1311 1312
4 1388 936 1297 885
4 1284 761 1228 1230
4 198 1200 1151 199
4 1295 1363 881 1370
4 1191 673 1259 1266
4 1308 1373 1393 962
4 1289 1204 754 1269
4 743 1199 189 190
4 1303 948 225 226
4 1366 888 247 248
4 1193 675 205 1264
4 733 1196 212 213
4 1300 943 248 249
4 116 677 204 734
4 253 252 1306 631
4 210 737 1206 211
4 1237 1236 748 729
4 1336 939 1380 1337
4 223 224 1295 947
4 187 188 742 1191
4 224 1295 947 1371
4 944 1341 957 1340
4 742 188 1267 1191
4 947 143 224 886
4 188 679 134 742
4 892 100 942 253
4 180 1176 181 993
4 1306 1362 956 1376
4 238 961 163 890
4 202 735 118 686
4 217 216 1202 751
4 724 1211 732 1238
4 723 1231 1233 745
4 1272 1202 1258 750
4 135 189 743 679
4 886 948 144 225
4 205 675 115 734
4 763 764 1248 1192
4 971 1352 973 1296
4 911 927 1315 1342
4 963 94 247 888
4 216 751 81 676
4 697 1219 1216 749
4 1230 761 719 722
4 223 881 142 947
4 187 133 673 742
4 933 965 981 1382
4 1323 1320 908 907
4 242 1365 885 243
4 969 159 242 885
4 217 685 82 751
4 1370 918 968 927
4 208 680 112 1201
4 76 737 211 683
4 17 246 1395 977
4 254 14 1392 978
4 210 13 1291 769
4 14 219 1392 978
4 10 218 1288 770
4 183 10 1288 770
4 12 200 1290 771
4 236 16 1394 980
4 227 15 1393 979
4 11 191 1289 772
4 760 725 1266 732
4 1336 937 1334 1387
4 1250 736 695 1212
4 955 904 1316 1354
4 1264 204 1198 734
4 748 1279 1236 1237
4 976 158 885 243
4 677 1198 203 204
4 920 1350 927 1342
4 881 1363 223 222
4 186 673 1259 187
4 732 1246 705 1238
4 1275 1093 197 198
4 743 684 1269 190
4 948 226 1373 893
4 234 1104 233 1379
4 943 1300 952 1381
4 1264 205 204 734
4 189 1199 679 1267
4 674 733 213 1263
4 1303 886 1371 225
4 1382 965 1396 1360
4 953 1333 935 1329
4 1205 1260 202 686
4 1341 944 1383 1340
4 1292 1278 1256 756
4 219 14 1392 872
4 15 227 1393 873
4 246 17 1395 669
4 14 254 1392 668
4 218 10 1288 667
4 16 236 1394 1188
4 13 210 1291 666
4 10 183 1288 871
4 191 11 1289 870
4 200 12 1290 1185
4 241 969 1297 880
4 214 674 1194 687
4 684 191 1289 1269
4 1373 893 227 1393
4 919 1316 918 1314
4 1212 725 1210 726
4 882 1298 896 250
4 99 252 884 942
4 1335 1334 939 940
4 882 249 943 1367
4 1369 884 942 958
4 771 1270 120 200
4 236 1374 165 980
4 1230 1232 1283 722
4 1376 892 253 254
4 941 1375 894 1397
4 1272 685 218 217
4 754 757 684 1269
4 1373 893 962 964
4 1236 1280 730 1235
4 915 1328 931 1359
4 1380 952 888 1366
4 239 1302 945 240
4 1393 228 1308 962
4 754 1204 1289 192
4 228 229 1308 962
4 1204 754 193 192
4 695 694 1217 1216
4 1260 735 202 686
4 949 1304 1374 235
4 1368 945 1302 240
4 212 1196 733 1262
4 1224 717 716 1219
4 1282 196 1089 195
4 1386 231 1162 232
4 921 1345 925 1343
4 923 956 1362 975
4 1366 1300 943 248
4 1376 1362 956 1307
4 245 17 1395 977
4 13 209 1291 769
4 904 1321 903 1320
4 888 1366 943 248
4 211 212 683 1262
4 1279 688 1252 1237
4 201 12 1290 771
4 16 237 1394 980
4 971 973 950 1296
4 764 763 672 1192
4 687 1194 1265 1279
4 896 1298 1383 1369
4 1199 743 1269 190
4 676 751 730 1265
4 1303 948 226 1373
4 719 1229 720 1225
4 139 960 889 220
4 1258 1203 1272 750
4 15 228 1393 979
4 192 11 1289 772
4 1198 203 1260 677
4 1258 750 728 768
4 1241 704 712 1239
4 733 1196 1277 746
4 708 1221 749 1223
4 1325 914 908 1327
4 683 1206 211 1262
4 130 184 682 755
4 681 1200 199 1270
4 1239 712 1246 705
4 913 931 1328 1331
4 747 1276 1271 1206
4 938 1387 1336 1397
4 1350 925 1343 920
4 17 245 1395 1080
4 209 13 1291 1079
4 886 224 947 1371
4 188 1267 679 742
4 1300 943 1367 1381
4 237 16 1394 1081
4 12 201 1290 1078
4 1310 963 247 888
4 956 1384 923 1362
4 885 1365 1305 243
4 11 192 1289 1186
4 228 15 1393 1187
4 1365 1388 1297 885
4 245 894 156 977
4 112 752 680 208
4 666 13 102 1079
4 871 10 84 667
4 1296 950 1386 232
4 1282 196 672 1192
4 1265 687 1279 748
4 1280 1258 750 728
4 1263 733 1196 1277
4 945 1302 239 1364
4 772 128 754 192
4 228 979 173 962
4 927 947 1295 967
4 733 1196 213 1263
4 742 1191 758 732
4 204 677 1198 734
4 221 220 889 1311
4 184 682 1207 185
4 944 900 1341 1383
4 1258 1280 1235 728
4 1386 883 950 1296
4 739 1282 672 1192
4 737 1206 211 683
4 1339 923 1384 1362
4 896 1383 944 1369
4 749 1216 696 1218
4 1193 675 1264 1285
4 745 1231 1257 693
4 1322 905 908 1320
4 1281 194 1098 193
4 1300 943 249 1367
4 729 1236 730 1235
4 1385 1301 951 230
4 194 1197 678 1281
4 1331 1329 913 934
4 678 195 1282 1197
4 1301 951 231 1386
4 1328 909 1330 915
4 675 205 1264 734
4 969 241 160 880
4 689 1277 1263 1252
4 733 683 1262 746
4 189 1199 743 679
4 1303 948 886 225
4 1280 730 1235 728
4 1229 719 721 1230
4 229 1385 230 1150
4 889 1362 956 975
4 750 1258 682 768
4 881 223 1295 947
4 898 1367 1381 1356
4 673 187 742 1191
4 683 212 733 1262
4 885 1305 976 243
4 1362 889 1311 975
4 958 957 1339 1340
4 768 1258 682 1207
4 1362 956 1384 1306
4 155 15 1187 873
4 1186 11 147 870
4 1188 1081 16 182
4 1185 12 1078 174
4 1202 1258 750 1280
4 677 1287 1198 1286
4 938 1387 1305 885
4 681 1200 1275 198
4 1307 1362 956 889
4 92 14 872 668
4 110 17 669 1080
4 1258 682 1203 750
4 1337 939 1380 952
4 895 1382 965 1309
4 922 946 1312 1313
4 915 1330 933 1378
4 1214 1215 698 696
4 1209 1208 727 741
4 1318 906 1319 905
4 756 1278 753 1205
4 710 1226 1274 711
4 1214 695 700 1212
4 1220 701 1215 699
4 912 1324 1319 928
4 904 1318 910 1316
4 699 1253 703 1218
4 916 1357 928 1322
4 1307 1392 219 960
4 1283 1293 1201 767
4 1203 755 183 1288
4 1312 1311 946 975
4 1208 768 741 1207
4 934 1332 936 1389
4 1391 945 1302 1390
4 1223 708 1273 707
4 1327 1377 914 917
4 951 1301 972 970
4 762 678 1197 765
4 1240 702 1247 744
4 929 1351 930 1344
4 691 1252 688 1237
4 923 1339 1384 958
4 1384 1369 942 958
4 1213 700 1214 698
4 1318 910 1317 906
4 1262 683 1276 746
4 1300 952 1366 943
4 254 892 101 978
4 751 1202 1280 1265
4 246 977 93 963
4 1196 733 1262 746
4 1280 730 751 1265
4 1390 945 1302 1368
4 1253 702 703 1247
4 1357 1351 916 929
4 1201 731 1261 1283
4 191 772 137 684
4 227 893 146 979
4 1387 937 1388 885
4 1333 1334 940 935
4 1286 734 677 759
4 973 950 1379 887
4 738 764 672 1275
4 1337 939 959 1335
4 1220 704 1239 701
4 967 947 1295 1371
4 1267 742 1191 758
4 1396 965 1309 890
4 921 1343 912 1324
4 1310 1380 888 1366
4 1384 942 1369 1306
4 1365 1387 1388 885
4 889 960 1307 220
4 1227 717 715 1224
4 1203 682 184 755
4 696 1215 699 1218
4 1319 905 928 1322
4 744 762 706 1242
4 958 1369 944 1340
4 970 1346 930 924
4 692 1217 1250 695
4 1354 904 1321 901
4 922 1314 918 1313
4 727 725 1210 1209
4 1198 1260 1287 677
4 1198 1264 734 1286
4 760 1259 673 1266
4 968 881 1363 1370
4 1390 1389 880 1368
4 744 706 1247 1242
4 1351 930 1346 924
4 244 976 157 894
4 905 1318 904 1320
4 696 695 1214 1216
4 739 762 678 1197
4 1301 951 883 970
4 237 980 164 961
4 770 83 218 685
4 201 686 119 771
4 1260 735 1287 677
4 947 967 886 1371
4 742 1267 679 758
4 1365 1305 1387 885
4 765 1197 762 1242
4 1346 972 1301 970
4 769 210 75 737
4 694 1254 1216 697
4 945 1302 1364 1391
4 219 978 138 960
4 1305 894 1375 1397
4 680 752 1271 208
4 1315 918 910 1316
4 737 1291 210 1206
4 1358 903 1320 907
4 1211 1212 700 725
4 1242 744 765 713
4 1346 930 926 972
4 974 1398 1353 1378
4 1294 1274 766 1249
4 246 1395 963 1310
4 719 1228 761 1230
4 1315 910 911 1317
4 890 1309 1396 1364
4 1240 1241 704 744
4 703 749 1218 1223
4 1322 908 916 1327
4 726 1212 736 1222
4 749 716 1219 1221
4 1345 930 1344 921
4 908 1323 909 1325
4 734 677 1198 1286
4 1326 919 1316 955
4 724 700 1211 1213
4 1276 1206 683 1262
4 1242 1241 744 713
4 926 930 1346 1345
4 1370 1315 918 927
4 951 1301 883 1386
4 678 1282 739 1197
4 1266 725 1211 732
4 772 1289 754 684
4 893 979 1393 962
4 754 1289 772 192
4 228 1393 979 962
4 1199 743 757 1269
4 1303 948 1373 964
4 771 1290 1270 200
4 980 236 1374 1394
4 183 755 129 770
4 1395 1375 963 1310
4 949 1304 1398 981
4 1232 767 1283 722
4 1364 890 945 1391
4 1265 1236 730 748
4 684 1289 754 1269
4 1373 893 1393 962
4 1359 932 1391 1390
4 1287 714 1255 1286
4 734 1264 675 1285
4 1283 731 1284 722
4 978 1392 892 960
4 752 1291 769 737
4 755 770 1288 685
4 1334 937 1336 939
4 887 949 1304 1398
4 209 769 111 752
4 939 1336 1380 941
4 1390 1359 932 966
4 1376 892 254 1392
4 218 1288 685 1272
4 1379 887 1304 1398
4 1200 681 1294 773
4 974 949 1398 981
4 1294 1249 738 1275
4 887 1379 1353 1398
4 766 1294 681 773
4 1395 977 246 963
4 892 254 1392 978
4 1288 770 218 685
4 210 769 1291 737
4 1289 772 191 684
4 979 227 893 1393
4 1336 1380 941 1397
4 737 752 1291 1206
4 752 1271 1291 1206
4 1396 890 1364 1391
4 1392 978 219 960
4 770 183 755 1288
4 1307 1376 1392 960
4 1203 755 1288 1272
4 1376 892 1392 960
4 685 1288 755 1272
4 1287 735 1260 1292
4 1353 973 1379 887
4 1249 764 738 1275
4 1274 709 766 1249
4 954 974 1353 1378
4 209 1291 769 752
4 1293 680 1201 767
4 1360 1396 1391 932
4 1287 1256 714 1292
4 711 1256 1278 756
4 1382 933 965 1360
4 1284 761 1230 722
4 102 13 3 1079
4 1064 208 112 992
4 1323 1322 1325 908
4 3 13 102 666
4 209 111 1079 1064
4 1242 1197 1243 765
4 1233 1231 1234 745
4 110 5 17 1080
4 14 4 92 872
4 222 141 845 778
4 1333 1332 1334 935
4 92 4 14 668
4 1217 1250 1251 692
4 138 872 219 829
4 140 221 845 786
4 84 2 10 871
4 10 2 84 667
4 1229 1225 1254 720
4 1251 690 693 692
4 680 1293 747 767
4 702 1240 704 744
4 761 1228 719 718
4 1222 1235 1236 729
4 11 7 147 870
4 147 7 11 1186
4 155 8 15 873
4 1185 6 12 174
4 250 97 572 643
4 940 953 1333 935
4 1360 933 965 932
4 1274 1256 1278 711
4 716 1219 697 749
4 210 666 75 581
4 207 1045 113 992
4 211 581 76 632
4 574 212 77 632
4 633 78 574 213
4 214 633 79 570
4 690 745 689 1234
4 745 723 1231 721
4 692 694 1217 695
4 1234 1251 1252 690
4 1254 1229 720 1257
4 721 719 1229 720
4 1230 1229 1231 721
4 1216 696 694 697
4 206 985 114 1045
4 1232 1231 1233 723
4 747 723 767 1232
4 1321 1320 1358 903
4 669 246 93 651
4 902 899 1355 901
4 937 1387 938 885
4 1358 1333 1361 953
4 936 1388 937 885
4 242 159 986 1053
4 158 991 1053 243
4 157 991 244 1037
4 17 5 110 669
4 156 1037 245 1080
4 94 651 247 577
4 894 938 941 1397
4 577 248 95 585
4 572 585 96 249
4 1322 1319 1357 928
4 1338 898 899 959
4 904 903 1321 901
4 1335 1337 1338 959
4 939 959 1335 940
4 1329 1333 1358 953
4 1317 910 911 906
4 1335 1336 1337 939
4 1340 1326 1341 957
4 1354 955 904 901
4 903 1358 953 907
4 1326 1316 1354 955
4 910 1316 919 955
4 1312 1313 1314 922
4 1354 1321 1355 901
4 1326 957 919 955
4 901 899 1355 900
4 643 251 98 576
4 631 576 99 252
4 1339 1326 1340 957
4 944 957 958 1340
4 253 100 631 583
4 668 583 101 254
4 139 829 220 786
4 1311 1312 1362 975
4 918 919 1314 922
4 183 129 856 871
4 83 667 218 649
4 184 856 130 784
4 579 216 81 634
4 82 649 217 579
4 80 634 215 570
4 699 698 1215 696
4 1251 690 692 691
4 1355 1338 1356 899
4 1250 736 692 695
4 1239 1240 1241 704
4 1236 730 748 729
4 736 700 1212 726
4 736 726 1222 729
4 1212 1210 1222 726
4 1212 1222 1250 736
4 1222 1236 1237 729
4 1209 1208 1210 727
4 725 1210 726 727
4 132 777 186 837
4 1208 1207 1258 768
4 131 185 784 837
4 1308 1347 1349 982
4 1247 1240 1253 702
4 135 780 839 189
4 1213 724 700 698
4 188 134 780 841
4 777 133 187 841
4 1211 1213 1238 724
4 1244 1247 1248 706
4 1239 704 712 705
4 1213 1214 1215 698
4 1197 1242 1244 762
4 724 732 705 1238
4 711 714 1256 756
4 699 1253 702 703
4 195 125 1089 1153
4 124 196 1089 1152
4 1098 1153 126 194
4 1241 1243 1245 713
4 193 127 1098 1168
4 1243 1204 1245 774
4 128 1168 192 1186
4 191 137 870 787
4 190 839 136 787
4 145 836 226 789
4 778 223 142 834
4 224 143 834 782
4 1317 1315 1342 911
4 144 836 782 225
4 1187 228 173 1102
4 15 8 155 1187
4 227 146 789 873
4 916 1357 929 928
4 908 1323 907 909
4 1301 1346 1347 972
4 229 172 1102 1150
4 1150 230 171 1095
4 1162 1095 170 231
4 971 1348 883 970
4 1346 1301 1348 970
4 1344 1343 1345 921
4 930 929 1344 921
4 1323 1325 1328 909
4 1318 1317 1319 906
4 1343 1342 1350 920
4 925 921 1343 920
4 1347 1345 1349 926
4 911 920 927 1342
4 906 1319 905 928
4 917 1377 914 954
4 1344 1351 1357 929
4 1320 1323 1358 907
4 1331 1328 1359 931
4 1320 903 905 907
4 1328 931 913 909
4 908 909 914 1325
4 1348 1296 1352 971
4 232 169 1162 1091
4 1351 1348 1352 924
4 1091 233 168 1104
4 1096 1104 167 234
4 974 954 933 1378
4 990 162 239 1044
4 890 1396 965 932
4 235 166 1096 1170
4 1188 1170 165 236
4 16 9 1188 182
4 1081 9 16 182
4 164 1081 237 997
4 238 163 997 1044
4 931 932 1359 966
4 1360 1378 1382 933
4 1391 890 945 932
4 932 915 931 1359
4 935 1332 936 934
4 931 966 1331 934
4 936 934 1389 880
4 241 986 160 1042
4 240 161 990 1042
4 1216 1217 1254 694
4 1273 708 709 707
4 203 1047 117 988
4 714 1287 735 677
4 675 734 1285 718
4 204 988 116 1049
4 205 115 985 1049
4 1229 1228 1225 719
4 718 1227 717 715
4 1224 1227 1255 715
4 717 716 715 1224
4 720 1254 694 697
4 1219 1216 1254 697
4 1215 1218 1253 699
4 1218 1219 1221 749
4 1221 1219 1224 716
4 1221 749 716 708
4 1192 1244 1248 763
4 1223 1221 1273 708
4 714 1255 715 710
4 1249 1273 1274 709
4 709 711 1274 766
4 762 1244 739 763
4 1093 1151 122 198
4 123 197 1152 1093
4 199 1151 121 1100
4 1292 714 735 756
4 995 1047 118 202
4 201 119 995 1078
4 200 1100 120 1185
4 12 6 1078 174
4 1377 1353 1378 954
4 1228 1229 1230 719
4 1314 1316 1326 919
4 1333 1334 1335 940
4 1325 1327 1377 914
4 1238 1239 1246 705
4 1102 173 229 228
4 1102 229 173 172
4 962 229 173 228
4 962 173 229 172
4 1080 5 245 156
4 1080 245 5 17
4 977 245 5 156
4 977 5 245 17
4 3 1079 209 111
4 209 1079 3 13
4 209 769 3 111
4 3 769 209 13
4 871 2 183 129
4 871 183 2 10
4 770 183 2 129
4 770 2 183 10
4 1187 8 228 15
4 1187 228 8 173
4 979 228 8 15
4 979 8 228 173
4 1186 7 192 128
4 1186 192 7 11
4 772 192 7 128
4 772 7 192 11
4 667 2 218 10
4 667 218 2 83
4 770 218 2 10
4 770 2 218 83
4 1170 165 235 166
4 1170 235 165 236
4 1374 235 165 166
4 1374 165 235 236
4 9 1188 236 16
4 236 1188 9 165
4 236 980 9 16
4 9 980 236 165
4 6 1185 200 120
4 200 1185 6 12
4 200 771 6 120
4 6 771 200 12
4 3 666 210 13
4 210 666 3 75
4 210 769 3 13
4 3 769 210 75
4 786 139 221 220
4 786 221 139 140
4 889 221 139 220
4 889 139 221 140
4 1231 1229 693 721
4 1231 693 1229 1257
4 720 693 1229 721
4 720 1229 693 1257
4 743 136 189 135
4 743 189 136 190
4 839 189 136 135
4 839 136 189 190
4 836 145 225 144
4 836 225 145 226
4 948 225 145 144
4 948 145 225 226
4 1255 715 1226 1224
4 1255 1226 715 710
4 716 1226 715 1224
4 716 715 1226 710
4 631 100 252 99
4 631 252 100 253
4 942 252 100 99
4 942 100 252 253
4 172 1150 230 171
4 230 1150 172 229
4 172 1385 230 229
4 1275 197 122 198
4 1093 197 122 123
4 1093 122 197 198
4 77 574 213 212
4 213 574 77 78
4 213 733 77 212
4 77 733 213 78
4 126 678 195 125
4 195 678 126 194
4 195 1153 126 125
4 126 1153 195 194
4 171 1095 231 170
4 231 1095 171 230
4 231 951 171 170
4 171 951 231 230
4 1104 167 233 168
4 1104 233 167 234
4 1379 167 233 234
4 95 585 249 96
4 249 585 95 248
4 249 943 95 96
4 95 943 249 248
4 1094 1422 1432 1156
4 1432 1422 1094 1405
4 1441 1270 58 1414
4 1441 58 1270 1200
4 1278 58 1270 1414
4 1278 1270 58 1200
4 130 784 185 184
4 185 784 130 131
4 185 682 130 184
4 130 682 185 131
4 632 76 212 77
4 632 212 76 211
4 683 212 76 77
4 683 76 212 211
4 1053 158 242 159
4 1053 242 158 243
4 885 242 158 159
4 885 158 242 243
4 992 112 207 208
4 992 207 112 113
4 1201 207 112 208
4 1201 112 207 113
4 1438 826 792 825
4 1438 792 826 1404
4 135 780 188 134
4 188 780 135 189
4 188 679 135 134
4 135 679 188 189
4 117 988 204 203
4 204 988 117 116
4 204 677 117 203
4 117 677 204 116
4 144 886 224 143
4 224 886 144 225
4 224 782 144 143
4 144 782 224 225
4 571 1404 826 638
4 826 1404 571 1401
4 1359 932 1330 1360
4 1359 1330 932 915
4 933 1330 932 1360
4 933 932 1330 915
4 576 99 251 98
4 576 251 99 252
4 884 251 99 98
4 884 99 251 252
4 711 714 1226 1256
4 711 1226 714 710
4 1255 1226 714 1256
4 1255 714 1226 710
4 444 1422 279 397
4 820 279 1422 397
4 820 1422 279 821
4 81 634 215 80
4 215 634 81 216
4 215 676 81 80
4 81 676 215 216
4 194 1281 127 193
4 194 1098 127 126
4 127 1098 194 193
4 1437 1065 1046 1086
4 1437 1046 1065 423
4 1429 806 807 342
4 1429 807 806 810
4 579 82 216 217
4 579 216 82 81
4 751 216 82 217
4 751 82 216 81
4 901 955 1341 1354
4 1341 955 901 900
4 1341 1355 901 1354
4 901 1355 1341 900
4 1251 692 1237 691
4 1251 1237 692 1250
4 736 1237 692 691
4 736 692 1237 1250
4 694 692 1257 693
4 694 1257 692 1217
4 1251 1257 692 693
4 1251 692 1257 1217
4 959 899 1361 902
4 959 1361 899 1338
4 1355 1361 899 902
4 1355 899 1361 1338
4 680 747 1271 752
4 1271 747 680 1293
4 745 690 1257 1234
4 745 1257 690 693
4 1251 1257 690 1234
4 1251 690 1257 693
4 990 162 240 239
4 990 240 162 161
4 945 240 162 239
4 945 162 240 161
4 1097 1062 175 1171
4 175 1062 1097 1051
4 1355 901 1361 902
4 1355 1361 901 1321
4 903 1361 901 902
4 903 901 1361 1321
4 1183 1411 1145 1092
4 1183 1145 1411 1420
4 140 845 222 141
4 222 845 140 221
4 222 1299 140 141
4 140 1299 222 221
4 113 1045 206 114
4 206 1045 113 207
4 206 1261 113 114
4 113 1261 206 207
4 1213 1215 701 698
4 1213 701 1215 1220
4 131 837 186 185
4 186 837 131 132
4 186 1195 131 185
4 131 1195 186 132
4 1317 1319 912 1324
4 1317 912 1319 906
4 78 674 214 79
4 214 674 78 213
4 214 633 78 79
4 78 633 214 213
4 882 96 250 97
4 882 250 96 249
4 572 250 96 97
4 572 96 250 249
4 125 1282 196 124
4 196 1282 125 195
4 196 1089 125 124
4 125 1089 196 195
4 170 1162 232 169
4 232 1162 170 231
4 232 1386 170 169
4 170 1386 232 231
4 727 1208 1235 728
4 1235 1208 727 1210
4 1235 726 727 728
4 727 726 1235 1210
4 1312 922 1339 923
4 1312 1339 922 1314
4 919 1339 922 923
4 919 922 1339 1314
4 1274 1273 710 709
4 1274 710 1273 1226
4 1378 1377 915 1330
4 1378 915 1377 954
4 699 702 1220 701
4 1220 702 699 1253
4 845 1460 1311 41
4 1311 1460 845 786
4 929 928 1324 912
4 1324 928 929 1357
4 808 1422 279 444
4 279 1422 808 821
4 702 704 1220 701
4 702 1220 704 1240
4 1063 669 110 584
4 1063 110 669 1080
4 675 114 205 115
4 985 205 114 115
4 985 114 205 206
4 1342 1317 912 1324
4 1342 912 1317 911
4 1238 1213 701 724
4 1238 701 1213 1220
4 132 673 187 133
4 187 673 132 186
4 187 777 132 133
4 132 777 187 186
4 1152 123 196 197
4 1152 196 123 124
4 672 196 123 197
4 672 123 196 124
4 168 1091 232 233
4 232 1091 168 169
4 232 950 168 233
4 168 950 232 169
4 1049 116 205 115
4 1049 205 116 204
4 734 205 116 115
4 734 116 205 204
4 1062 1464 1410 1084
4 1410 1464 1062 1414
4 1454 1117 376 1149
4 1454 376 1117 311
4 929 921 1324 1344
4 1324 921 929 912
4 1464 1016 1447 1029
4 1464 1447 1016 386
4 747 683 1206 737
4 1206 683 747 1276
4 134 841 187 133
4 187 841 134 188
4 187 742 134 133
4 134 742 187 188
4 805 278 857 392
4 805 857 278 874
4 1052 1176 1411 1092
4 1052 1411 1176 993
4 570 80 214 215
4 570 214 80 79
4 687 214 80 215
4 687 80 214 79
4 98 643 250 251
4 250 643 98 97
4 250 896 98 251
4 98 896 250 97
4 1194 1252 674 1263
4 1194 674 1252 688
4 689 674 1252 1263
4 689 1252 674 688
4 898 1356 882 1367
4 898 882 1356 897
4 1298 882 1356 1367
4 1298 1356 882 897
4 909 1328 1329 913
4 1329 1328 909 1323
4 1329 907 909 913
4 909 907 1329 1323
4 1206 632 1403 581
4 1403 632 1206 1262
4 986 159 241 160
4 986 241 159 242
4 969 241 159 160
4 969 159 241 242
4 1248 1273 764 707
4 1248 764 1273 1249
4 709 764 1273 707
4 709 1273 764 1249
4 1352 1377 973 1353
4 1352 973 1377 917
4 954 973 1377 1353
4 954 1377 973 917
4 1239 1238 701 705
4 1239 701 1238 1220
4 1343 1342 912 1324
4 1343 912 1342 920
4 688 748 1237 1279
4 1237 748 688 691
4 805 1440 407 392
4 407 1440 805 793
4 1219 1254 717 697
4 1219 717 1254 1225
4 720 717 1254 697
4 720 1254 717 1225
4 1465 622 1417 584
4 1465 1417 622 1436
4 834 143 223 142
4 834 223 143 224
4 947 223 143 142
4 947 143 223 224
4 1458 782 816 836
4 1458 816 782 19
4 1433 1092 1176 1143
4 1433 1176 1092 1411
4 141 778 223 142
4 223 778 141 222
4 223 881 141 142
4 141 881 223 222
4 271 1464 60 1028
4 60 1464 271 432
4 814 454 345 812
4 814 345 454 412
4 1156 854 148 843
4 1156 148 854 1101
4 161 1042 241 160
4 241 1042 161 240
4 161 1368 241 240
4 993 1103 181 1061
4 993 181 1103 1176
4 1280 1202 70 1265
4 352 802 456 807
4 352 456 802 266
4 937 936 1332 1388
4 1332 936 937 935
4 1332 1334 937 1388
4 937 1334 1332 935
4 569 984 106 664
4 106 984 569 1034
4 1050 1183 1420 1088
4 1050 1420 1183 983
4 38 1384 1306 39
4 1306 1384 38 1369
4 567 1221 538 1224
4 567 538 1221 547
4 1325 511 482 1328
4 1325 482 511 491
4 1258 1208 728 1235
4 1258 728 1208 768
4 1362 1312 923 975
4 1362 923 1312 1339
4 506 1344 1343 1345
4 506 1343 1344 504
4 1240 562 1239 1241
4 1240 1239 562 560
4 1346 1348 924 970
4 1346 924 1348 1351
4 1242 1244 706 1247
4 1242 706 1244 762
4 1306 583 253 631
4 253 583 1306 1376
4 1381 36 1356 1367
4 1381 1356 36 507
4 563 1263 67 1277
4 563 67 1263 68
4 55 1192 1152 1282
4 1152 1192 55 56
4 1296 23 1091 1386
4 1296 1091 23 24
4 909 914 1330 915
4 909 1330 914 1325
4 1377 1330 914 915
4 1377 914 1330 1325
4 716 708 1226 1221
4 716 1226 708 710
4 1273 1226 708 1221
4 1273 708 1226 710
4 1435 637 1407 1419
4 1435 1407 637 653
4 1208 1453 1258 1207
4 1258 1453 1208 72
4 237 1309 980 961
4 237 980 1309 1394
4 895 980 1309 961
4 500 1339 1326 1340
4 500 1326 1339 466
4 556 1235 1222 522
4 556 1222 1235 1236
4 457 500 1341 1340
4 457 1341 500 508
4 1326 1341 500 1340
4 1326 500 1341 508
4 556 513 1237 1236
4 1237 513 556 564
4 1237 1222 556 1236
4 556 1222 1237 564
4 344 804 455 808
4 455 804 344 416
4 718 719 1225 1228
4 1225 719 718 717
4 1225 1227 718 1228
4 718 1227 1225 717
4 1232 1231 722 1230
4 1232 722 1231 723
4 721 722 1231 1230
4 721 1231 722 723
4 201 1205 771 1290
4 201 771 1205 686
4 753 1205 771 686
4 417 802 352 850
4 417 352 802 266
4 1347 1346 926 972
4 1347 926 1346 1345
4 1243 1242 713 1241
4 1243 713 1242 765
4 1079 652 1403 996
4 1403 652 1079 666
4 35 1367 585 36
4 585 1367 35 1300
4 67 1263 574 1196
4 574 1263 67 68
4 934 880 1390 1389
4 1390 880 934 966
4 1390 1331 934 1389
4 934 1331 1390 966
4 1280 1457 70 1202
4 70 1457 1280 71
4 1356 36 1298 1367
4 1356 1298 36 494
4 1252 68 1194 550
4 1252 1194 68 1263
4 806 804 456 416
4 806 456 804 802
4 266 456 804 416
4 266 804 456 802
4 737 211 75 76
4 737 75 211 210
4 581 75 211 76
4 581 211 75 210
4 1100 199 120 121
4 1100 120 199 200
4 1270 120 199 121
4 1270 199 120 200
4 1270 1185 1414 1100
4 1414 1185 1270 1290
4 1061 1188 182 1081
4 182 1188 1061 1103
4 883 1348 1296 1386
4 1296 1348 883 971
4 1244 739 1192 1282
4 1244 1192 739 763
4 216 1265 751 676
4 751 1265 216 1202
4 1369 252 942 884
4 1369 942 252 1306
4 685 217 83 218
4 685 83 217 82
4 649 83 217 218
4 649 217 83 82
4 809 416 800 804
4 809 800 416 44
4 731 767 1201 680
4 1201 767 731 1283
4 945 880 1390 966
4 945 1390 880 1368
4 581 1291 210 666
4 581 210 1291 1206
4 754 193 128 127
4 754 128 193 192
4 1168 128 193 127
4 1168 193 128 192
4 1030 389 1027 1017
4 1027 389 1030 262
4 1288 649 218 667
4 218 649 1288 1272
4 755 184 129 130
4 755 129 184 183
4 856 129 184 130
4 856 184 129 183
4 577 248 94 95
4 577 94 248 247
4 888 94 248 95
4 888 248 94 247
4 243 991 157 158
4 157 991 243 244
4 157 976 243 158
4 243 976 157 244
4 747 752 1206 1271
4 747 1206 752 737
4 935 934 1329 1332
4 1329 934 935 913
4 732 673 1191 1266
4 732 1191 673 742
4 881 927 1295 1370
4 1295 927 881 947
4 1064 208 111 112
4 1064 111 208 209
4 752 111 208 112
4 752 208 111 209
4 714 677 1286 1287
4 1286 677 714 759
4 1305 244 894 976
4 1305 894 244 1375
4 938 1305 894 976
4 894 1305 938 1397
4 945 932 1390 1391
4 1390 932 945 966
4 1297 242 885 969
4 885 242 1297 1365
4 880 161 241 160
4 880 241 161 1368
4 946 889 221 140
4 221 889 946 1311
4 682 741 185 131
4 682 185 741 1207
4 959 940 1361 1335
4 1361 940 959 902
4 694 720 1257 1254
4 1257 720 694 693
4 689 733 1263 1277
4 689 1263 733 674
4 1266 1209 725 760
4 1266 725 1209 1211
4 1370 1313 918 1315
4 1370 918 1313 968
4 747 746 1232 1276
4 747 1232 746 723
4 1233 1232 746 1276
4 1233 746 1232 723
4 1350 1295 927 1370
4 1350 927 1295 967
4 1246 1191 732 758
4 732 1191 1246 1266
4 686 1260 1292 1205
4 1292 1260 686 735
4 1292 756 686 1205
4 686 756 1292 735
4 898 943 1367 882
4 898 1367 943 1381
4 960 220 138 219
4 960 138 220 139
4 829 138 220 219
4 829 220 138 139
4 892 253 101 100
4 892 101 253 254
4 583 101 253 100
4 583 253 101 254
4 726 729 1235 1222
4 1235 729 726 728
4 919 957 1339 923
4 919 1339 957 1326
4 894 244 156 157
4 894 156 244 245
4 1037 156 244 157
4 1037 244 156 245
4 787 190 137 136
4 787 137 190 191
4 684 137 190 136
4 684 190 137 191
4 893 226 146 145
4 893 146 226 227
4 789 146 226 145
4 789 226 146 227
4 1284 1285 675 1193
4 1284 731 675 761
4 1248 707 703 1223
4 703 707 1248 706
4 703 1247 1248 1223
4 1248 1247 703 706
4 917 1352 916 1327
4 917 916 1352 924
4 1351 916 1352 1327
4 1351 1352 916 924
4 891 962 1385 172
4 229 1385 962 172
4 229 962 1385 1308
4 754 740 1281 127
4 1281 193 754 127
4 754 193 1281 1204
4 962 982 1385 1308
4 962 1385 982 891
4 1347 1385 982 1308
4 1347 982 1385 891
4 774 1243 1281 740
4 1281 1243 774 1204
4 1281 754 774 740
4 774 754 1281 1204
4 1309 238 890 961
4 890 238 1309 1364
4 963 247 93 246
4 963 93 247 94
4 651 93 247 246
4 651 247 93 94
4 1243 1281 765 1197
4 1243 765 1281 740
4 678 765 1281 1197
4 678 1281 765 740
4 1347 1385 972 891
4 1347 972 1385 1301
4 951 972 1385 891
4 951 1385 972 1301
4 167 168 1379 233
4 167 1379 168 887
4 950 1379 168 233
4 950 168 1379 887
4 672 123 1275 197
4 672 1275 123 738
4 122 1275 123 197
4 122 123 1275 738
4 995 119 202 118
4 995 202 119 201
4 686 202 119 118
4 686 119 202 201
4 171 951 1385 891
4 1385 951 171 230
4 1385 172 171 891
4 171 172 1385 230
4 681 122 1275 738
4 681 1275 122 198
4 127 126 1281 194
4 127 1281 126 740
4 678 1281 126 194
4 678 126 1281 740
4 7 772 191 11
4 191 772 7 137
4 191 870 7 11
4 7 870 191 137
4 8 979 227 146
4 227 979 8 15
4 227 873 8 146
4 8 873 227 15
4 978 4 219 138
4 978 219 4 14
4 872 219 4 138
4 872 4 219 14
4 6 771 201 119
4 201 771 6 12
4 201 1078 6 119
4 6 1078 201 12
4 9 980 237 16
4 237 980 9 164
4 237 1081 9 16
4 9 1081 237 164
4 4 978 254 101
4 254 978 4 14
4 254 668 4 101
4 4 668 254 14
4 977 5 246 93
4 977 246 5 17
4 669 246 5 93
4 669 5 246 17
4 961 238 164 237
4 961 164 238 163
4 997 164 238 237
4 997 238 164 163
4 757 713 1268 1245
4 757 1268 713 712
4 1241 1268 713 1245
4 1241 713 1268 712
4 1345 926 1372 1349
4 1345 1372 926 925
4 964 1372 926 1349
4 964 926 1372 925
4 968 1313 1299 946
4 1299 1313 968 1363
4 1299 881 968 946
4 968 881 1299 1363
4 760 1209 1195 1259
4 1195 1209 760 741
4 1195 673 760 1259
4 760 673 1195 741
4 888 941 1310 963
4 888 1310 941 1380
4 1375 1310 941 963
4 1375 941 1310 1380
4 1398 974 1382 1378
4 1398 1382 974 981
4 933 1382 974 1378
4 933 974 1382 981
4 205 1193 114 675
4 205 114 1193 206
4 1261 1193 114 206
4 1373 1349 962 1308
4 1373 962 1349 964
4 982 962 1349 1308
4 982 1349 962 964
4 1269 1245 754 757
4 1269 754 1245 1204
4 774 754 1245 757
4 774 1245 754 1204
4 956 960 1376 1307
4 1376 960 956 892
4 755 750 1272 1203
4 1272 750 755 685
4 1278 1294 766 773
4 766 1294 1278 1274
4 766 711 1278 773
4 1278 711 766 1274
4 162 238 1364 239
4 1364 238 162 890
4 1364 945 162 239
4 162 945 1364 890
4 758 679 1268 1267
4 1268 679 758 712
4 1268 1246 758 1267
4 758 1246 1268 712
4 1350 967 1372 925
4 1350 1372 967 1371
4 886 1372 967 925
4 886 967 1372 1371
4 952 1337 898 1381
4 952 898 1337 959
4 1338 898 1337 1381
4 1338 1337 898 959
4 949 235 234 1304
4 202 203 735 1260
4 677 735 203 1260
4 677 203 735 117
4 1356 1383 900 897
4 900 1383 1356 1341
4 199 681 198 1200
4 1233 1234 689 745
4 689 1234 1233 1277
4 689 746 1233 745
4 1233 746 689 1277
4 981 1382 1374 1304
4 1374 1382 981 895
4 1374 949 981 1304
4 981 949 1374 895
4 1304 234 887 1379
4 1304 887 234 949
4 167 887 234 1379
4 167 234 887 949
4 253 892 1306 942
4 253 1306 892 1376
4 956 1306 892 942
4 956 892 1306 1376
4 685 750 1202 1272
4 1202 750 685 751
4 1202 217 685 1272
4 685 217 1202 751
4 1374 1309 980 1394
4 980 1309 1374 895
4 1359 1331 966 1390
4 966 1331 1359 931
4 963 1375 977 894
4 963 977 1375 1395
4 245 977 1375 894
4 245 1375 977 1395
4 734 1285 1286 1264
4 1270 1205 771 753
4 771 1205 1270 1290
4 1270 1278 773 1200
4 773 1278 1270 753
4 773 681 1270 1200
4 1270 681 773 753
4 1275 681 1294 1200
4 1275 1294 681 738
4 1286 1227 715 1255
4 1286 714 715 759
4 715 714 1286 1255
4 718 715 1286 1227
4 1286 715 718 759
4 1286 1285 718 1227
4 1096 166 234 167
4 1096 234 166 235
4 949 234 166 167
4 949 166 234 235
4 1047 118 203 117
4 1047 203 118 202
4 735 203 118 117
4 735 118 203 202
4 1228 718 1284 1285
4 1228 1284 718 761
4 675 1284 718 1285
4 675 718 1284 761
4 121 1151 198 122
4 198 1151 121 199
4 198 681 121 122
4 121 681 198 199
4 718 734 1286 759
4 718 1286 734 1285
4 114 731 1193 1261
4 114 1193 731 675
4 1284 1193 731 1261
4 1284 731 1193 675

CELL_TYPES 8485
1
1
1
1
1
1
1
1
1
1
1
1
1
1
1
1
1
1
3
3
3
3
3
3
3
3
3
3
3
3
3
3
3
3
3
3
3
3
3
3
3
3
3
3
3
3
3
3
3
3
3
3
3
3
3
3
3
3
3
3
3
3
3
3
3
3
3
3
3
3
3
3
3
3
3
3
3
3
3
3
3
3
3
3
3
3
3
3
3
3
3
3
3
3
3
3
3
3
3
3
3
3
3
3
3
3
3
3
3
3
3
3
3
3
3
3
3
3
3
3
3
3
3
3
3
3
3
3
3
3
3
3
3
3
3
3
3
3
3
3
3
3
3
3
3
3
3
3
3
3
3
3
3
3
3
3
3
3
3
3
3
3
3
3
3
3
3
3
3
3
3
3
3
3
3
3
3
3
3
3
3
3
3
3
3
3
3
3
3
3
3
3
3
3
3
3
3
3
3
3
3
3
3
3
3
3
3
3
3
3
3
3
3
3
3
3
3
3
3
3
3
3
3
3
3
3
3
3
3
3
3
3
3
3
3
3
3
3
3
3
3
3
3
3
3
3
3
3
3
3
3
3
3
3
3
3
3
3
3
3
3
3
3
3
3
3
3
3
3
3
3
3
3
3
3
3
3
3
5
5
5
5
5
5
5
5
5
5
5
5
5
5
5
5
5
5
5
5
5
5
5
5
5
5
5
5
5
5
5
5
5
5
5
5
5
5
5
5
5
5
5
5
5
5
5
5
5
5
5
5
5
5
5
5
5
5
5
5
5
5
5
5
5
5
5
5
5
5
5
5
5
5
5
5
5
5
5
5
5
5
5
5
5
5
5
5
5
5
5
5
5
5
5
5
5
5
5
5
5
5
5
5
5
5
5
5
5
5
5
5
5
5
5
5
5
5
5
5
5
5
5
5
5
5
5
5
5
5
5
5
5
5
5
5
5
5
5
5
5
5
5
5
5
5
5
5
5
5
5
5
5
5
5
5
5
5
5
5
5
5
5
5
5
5
5
5
5
5
5
5
5
5
5
5
5
5
5
5
5
5
5
5
5
5
5
5
5
5
5
5
5
5
5
5
5
5
5
5
5
5
5
5
5
5
5
5
5
5
5
5
5
5
5
5
5
5
5
5
5
5
5
5
5
5
5
5
5
5
5
5
5
5
5
5
5
5
5
5
5
5
5
5
5
5
5
5
5
5
5
5
5
5
5
5
5
5
5
5
5
5
5
5
5
5
5
5
5
5
5
5
5
5
5
5
5
5
5
5
5
5
5
5
5
5
5
5
5
5
5
5
5
5
5
5
5
5
5
5
5
5
5
5
5
5
5
5
5
5
5
5
5
5
5
5
5
5
5
5
5
5
5
5
5
5
5
5
5
5
5
5
5
5
5
5
5
5
5
5
5
5
5
5
5
5
5
5
5
5
5
5
5
5
5
5
5
5
5
5
5
5
5
5
5
5
5
5
5
5
5
5
5
5
5
5
5
5
5
5
5
5
5
5
5
5
5
5
5
5
5
5
5
5
5
5
5
5
5
5
5
5
5
5
5
5
5
5
5
5
5
5
5
5
5
5
5
5
5
5
5
5
5
5
5
5
5
5
5
5
5
5
5
5
5
5
5
5
5
5
5
5
5
5
5
5
5
5
5
5
5
5
5
5
5
5
5
5
5
5
5
5
5
5
5
5
5
5
5
5
5
5
5
5
5
5
5
5
5
5
5
5
5
5
5
5
5
5
5
5
5
5
5
5
5
5
5
5
5
5
5
5
5
5
5
5
5
5
5
5
5
5
5
5
5
5
5
5
5
5
5
5
5
5
5
5
5
5
5
5
5
5
5
5
5
5
5
5
5
5
5
5
5
5
5
5
5
5
5
5
5
5
5
5
5
5
5
5
5
5
5
5
5
5
5
5
5
5
5
5
5
5
5
5
5
5
5
5
5
5
5
5
5
5
5
5
5
5
5
5
5
5
5
5
5
5
5
5
5
5
5
5
5
5
5
5
5
5
5
5
5
5
5
5
5
5
5
5
5
5
5
5
5
5
5
5
5
5
5
5
5
5
5
5
5
5
5
5
5
5
5
5
5
5
5
5
5
5
5
5
5
5
5
5
5
5
5
5
5
5
5
5
5
5
5
5
5
5
5
5
5
5
5
5
5
5
5
5
5
5
5
5
5
5
5
5
5
5
5
5
5
5
5
5
5
5
5
5
5
5
5
5
5
5
5
5
5
5
5
5
5
5
5
5
5
5
5
5
5
5
5
5
5
5
5
5
5
5
5
5
5
5
5
5
5
5
5
5
5
5
5
5
5
5
5
5
5
5
5
5
5
5
5
5
5
5
5
5
5
5
5
5
5
5
5
5
5
5
5
5
5
5
5
5
5
5
5
5
5
5
5
5
5
5
5
5
5
5
5
5
5
5
5
5
5
5
5
5
5
5
5
5
5
5
5
5
5
5
5
5
5
5
5
5
5
5
5
5
5
5
5
5
5
5
5
5
5
5
5
5
5
5
5
5
5
5
5
5
5
5
5
5
5
5
5
5
5
5
5
5
5
5
5
5
5
5
5
5
5
5
5
5
5
5
5
5
5
5
5
5
5
5
5
5
5
5
5
5
5
5
5
5
5
5
5
5
5
5
5
5
5
5
5
5
5
5
5
5
5
5
5
5
5
5
5
5
5
5
5
5
5
5
5
5
5
5
5
5
5
5
5
5
5
5
5
5
5
5
5
5
5
5
5
5
5
5
5
5
5
5
5
5
5
5
5
5
5
5
5
5
5
5
5
5
5
5
5
5
5
5
5
5
5
5
5
5
5
5
5
5
5
5
5
5
5
5
5
5
5
5
5
5
5
5
5
5
5
5
5
5
5
5
5
5
5
5
5
5
5
5
5
5
5
5
5
5
5
5
5
5
5
5
5
5
5
5
5
5
5
5
5
5
5
5
5
5
5
5
5
5
5
5
5
5
5
5
5
5
5
5
5
5
5
5
5
5
5
5
5
5
5
5
5
5
5
5
5
5
5
5
5
5
5
5
5
5
5
5
5
5
5
5
5
5
5
5
5
5
5
5
5
5
5
5
5
5
5
5
5
5
5
5
5
5
5
5
5
5
5
5
5
5
5
5
5
5
5
5
5
5
5
5
5
5
5
5
5
5
5
5
5
5
5
5
5
5
5
5
5
5
5
5
5
5
5
5
5
5
5
5
5
5
5
5
5
5
5
5
5
5
5
5
5
5
5
5
5
5
5
5
5
5
5
5
5
5
5
5
5
5
5
5
5
5
5
5
5
5
5
5
5
5
5
5
5
5
5
5
5
5
5
5
5
5
5
5
5
5
5
5
5
5
5
5
5
5
5
5
5
5
5
5
5
5
5
5
5
5
5
5
5
5
5
5
5
5
5
5
5
5
5
5
5
5
5
5
5
5
5
5
5
5
5
5
5
5
5
5
5
5
5
5
5
5
5
5
5
5
5
5
5
5
5
5
5
5
5
5
5
5
5
5
5
5
5
5
5
5
5
5
5
5
5
5
5
5
5
5
5
5
5
5
5
5
5
5
5
5
5
5
5
5
5
5
5
5
5
5
5
5
5
5
5
5
5
5
5
5
5
5
5
5
5
5
5
5
5
5
5
5
5
5
5
5
5
5
5
5
5
5
5
5
5
5
5
5
5
5
5
5
5
5
5
5
5
5
5
5
5
5
5
5
5
5
5
5
5
5
5
5
5
5
5
5
5
5
5
5
5
5
5
5
5
5
5
5
5
5
5
5
5
5
5
5
5
5
5
5
5
5
5
5
5
5
5
5
5
5
5
5
5
5
5
5
5
5
5
5
5
5
5
5
5
5
5
5
5
5
5
5
5
5
5
5
5
5
5
5
5
5
5
5
5
5
5
5
5
5
5
5
5
5
5
5
5
5
5
5
5
5
5
5
5
5
5
5
5
5
5
5
5
5
5
5
5
5
5
5
5
5
5
5
5
5
5
5
5
5
5
5
5
5
5
5
5
5
5
5
5
5
5
5
5
5
5
5
5
5
5
5
5
5
5
5
5
5
5
5
5
5
5
5
5
5
5
5
5
5
5
5
5
5
5
5
5
5
5
5
5
5
5
5
5
5
5
5
5
5
5
5
5
5
5
5
5
5
5
5
5
5
5
5
5
5
5
5
5
5
5
5
5
5
5
5
5
5
5
5
5
5
5
5
5
5
5
5
5
5
5
5
5
5
5
5
5
5
5
5
5
5
5
5
5
5
5
5
5
5
5
5
5
5
5
5
5
5
5
5
5
5
5
5
5
5
5
5
5
5
5
5
5
5
5
5
5
5
5
5
5
5
5
5
5
5
5
5
5
5
5
5
5
5
5
5
5
5
5
5
5
5
5
5
5
5
5
5
5
5
5
5
5
5
5
5
5
5
5
5
5
5
5
5
5
5
5
5
5
5
5
5
5
5
5
5
5
5
5
5
5
5
5
5
5
5
5
5
5
5
5
5
5
5
5
5
5
5
5
5
5
5
5
5
5
5
5
5
5
5
5
5
5
5
5
5
5
5
5
5
5
5
5
5
5
5
5
5
5
5
5
5
5
5
5
5
5
5
5
5
5
5
5
5
5
5
5
5
5
5
5
5
5
5
5
5
5
5
5
5
5
5
5
5
5
5
5
5
5
5
5
5
5
5
5
5
5
5
5
5
5
5
5
5
5
5
5
5
5
5
5
5
5
5
5
5
5
5
5
5
5
5
5
5
5
5
5
5
5
5
5
5
5
5
5
5
5
5
5
5
5
5
5
5
5
5
5
5
5
5
5
5
5
5
5
5
5
5
5
5
5
5
5
5
5
5
5
5
5
5
5
5
5
5
5
5
5
5
5
5
5
5
5
5
5
5
5
5
5
5
5
5
5
5
5
5
5
5
5
5
5
5
5
5
5
5
5
5
5
5
5
5
5
5
5
5
5
5
5
5
5
5
5
5
5
5
5
5
5
5
5
5
5
5
5
5
5
5
5
5
5
5
5
5
5
5
5
5
5
5
5
5
5
5
5
5
5
5
5
5
5
5
5
5
5
5
5
5
5
5
5
5
5
5
5
5
5
5
5
5
5
5
5
5
5
5
5
5
5
5
5
5
5
5
5
5
5
5
5
5
5
5
5
5
5
5
5
5
5
5
5
5
5
5
5
5
5
5
5
5
5
5
5
5
5
5
5
5
5
5
5
5
5
5
5
5
5
5
5
5
5
5
5
5
5
5
5
5
5
5
5
5
5
5
5
5
5
5
5
5
5
5
5
5
5
5
5
5
5
5
5
5
5
5
5
5
5
5
5
5
5
5
5
5
5
5
5
5
5
5
5
5
5
5
5
5
5
5
5
5
5
5
5
5
5
5
5
5
5
5
5
5
5
5
5
5
5
5
5
5
5
5
5
5
5
5
5
5
5
5
5
5
5
5
5
5
5
5
5
5
5
5
5
5
5
5
5
5
5
5
5
5
5
5
5
5
5
5
5
5
5
5
5
5
5
5
5
5
5
5
5
5
5
5
5
5
5
5
5
5
5
5
5
5
5
5
5
5
5
5
5
5
5
5
5
5
5
5
5
5
5
5
5
5
5
5
5
5
5
5
5
5
5
5
5
5
5
5
5
5
5
5
5
5
5
5
5
5
5
5
5
5
5
5
5
5
5
5
5
5
5
5
5
5
5
5
5
5
5
5
5
5
5
5
5
5
5
5
5
5
5
5
5
5
5
5
5
5
5
5
5
5
5
5
5
5
5
5
5
5
5
5
5
5
5
5
5
5
5
5
5
5
5
5
5
5
5
5
5
5
5
5
5
5
5
5
5
5
5
5
5
5
5
5
5
5
5
5
5
5
5
5
5
5
5
5
5
5
5
5
5
5
5
5
5
5
5
5
5
5
5
5
5
5
5
5
5
5
5
5
5
5
5
5
5
5
5
5
5
5
5
5
5
5
5
5
5
5
5
5
5
5
5
5
5
5
5
5
5
5
5
5
5
5
5
5
5
5
5
5
5
5
5
5
5
5
5
5
5
5
5
5
5
5
5
5
5
5
5
5
5
5
5
5
5
5
5
5
5
5
5
5
5
5
5
5
5
5
5
5
5
5
5
5
5
5
5
5
5
5
5
5
5
5
5
5
5
5
5
5
5
5
5
5
5
5
5
5
5
5
5
5
5
5
5
5
5
5
5
5
5
5
5
5
5
5
5
5
5
5
5
5
5
5
5
5
5
5
5
5
5
5
5
5
5
5
5
5
5
5
5
5
5
5
5
5
5
5
5
5
5
5
5
5
5
5
5
5
5
5
5
5
5
5
5
5
5
5
5
5
5
5
5
5
5
5
5
5
5
5
5
5
5
5
5
5
5
5
5
5
5
5
5
5
5
5
5
5
5
5
5
5
5
5
5
5
5
5
5
5
5
5
5
5
5
5
5
5
5
5
5
5
5
5
5
5
5
5
5
5
5
5
5
5
5
5
5
5
5
5
5
5
5
5
5
5
5
5
5
5
5
5
5
5
5
5
5
5
5
5
5
5
5
5
5
5
5
5
5
5
5
5
5
5
5
5
5
5
5
5
5
5
5
5
5
5
5
5
5
5
5
5
5
5
5
5
5
5
5
5
5
5
5
5
5
5
5
5
5
5
5
5
5
5
5
5
5
5
5
5
5
5
5
5
5
5
5
5
5
5
5
5
5
5
5
5
5
5
5
5
5
5
5
5
5
5
5
5
10
10
10
10
10
10
10
10
10
10
10
10
10
10
10
10
10
10
10
10
10
10
10
10
10
10
10
10
10
10
10
10
10
10
10
10
10
10
10
10
10
10
10
10
10
10
10
10
10
10
10
10
10
10
10
10
10
10
10
10
10
10
10
10
10
10
10
10
10
10
10
10
10
10
10
10
10
10
10
10
10
10
10
10
10
10
10
10
10
10
10
10
10
10
10
10
10
10
10
10
10
10
10
10
10
10
10
10
10
10
10
10
10
10
10
10
10
10
10
10
10
10
10
10
10
10
10
10
10
10
10
10
10
10
10
10
10
10
10
10
10
10
10
10
10
10
10
10
10
10
10
10
10
10
10
10
10
10
10
10
10
10
10
10
10
10
10
10
10
10
10
10
10
10
10
10
10
10
10
10
10
10
10
10
10
10
10
10
10
10
10
10
10
10
10
10
10
10
10
10
10
10
10
10
10
10
10
10
10
10
10
10
10
10
10
10
10
10
10
10
10
10
10
10
10
10
10
10
10
10
10
10
10
10
10
10
10
10
10
10
10
10
10
10
10
10
10
10
10
10
10
10
10
10
10
10
10
10
10
10
10
10
10
10
10
10
10
10
10
10
10
10
10
10
10
10
10
10
10
10
10
10
10
10
10
10
10
10
10
10
10
10
10
10
10
10
10
10
10
10
10
10
10
10
10
10
10
10
10
10
10
10
10
10
10
10
10
10
10
10
10
10
10
10
10
10
10
10
10
10
10
10
10
10
10
10
10
10
10
10
10
10
10
10
10
10
10
10
10
10
10
10
10
10
10
10
10
10
10
10
10
10
10
10
10
10
10
10
10
10
10
10
10
10
10
10
10
10
10
10
10
10
10
10
10
10
10
10
10
10
10
10
10
10
10
10
10
10
10
10
10
10
10
10
10
10
10
10
10
10
10
10
10
10
10
10
10
10
10
10
10
10
10
10
10
10
10
10
10
10
10
10
10
10
10
10
10
10
10
10
10
10
10
10
10
10
10
10
10
10
10
10
10
10
10
10
10
10
10
10
10
10
10
10
10
10
10
10
10
10
10
10
10
10
10
10
10
10
10
10
10
10
10
10
10
10
10
10
10
10
10
10
10
10
10
10
10
10
10
10
10
10
10
10
10
10
10
10
10
10
10
10
10
10
10
10
10
10
10
10
10
10
10
10
10
10
10
10
10
10
10
10
10
10
10
10
10
10
10
10
10
10
10
10
10
10
10
10
10
10
10
10
10
10
10
10
10
10
10
10
10
10
10
10
10
10
10
10
10
10
10
10
10
10
10
10
10
10
10
10
10
10
10
10
10
10
10
10
10
10
10
10
10
10
10
10
10
10
10
10
10
10
10
10
10
10
10
10
10
10
10
10
10
10
10
10
10
10
10
10
10
10
10
10
10
10
10
10
10
10
10
10
10
10
10
10
10
10
10
10
10
10
10
10
10
10
10
10
10
10
10
10
10
10
10
10
10
10
10
10
10
10
10
10
10
10
10
10
10
10
10
10
10
10
10
10
10
10
10
10
10
10
10
10
10
10
10
10
10
10
10
10
10
10
10
10
10
10
10
10
10
10
10
10
10
10
10
10
10
10
10
10
10
10
10
10
10
10
10
10
10
10
10
10
10
10
10
10
10
10
10
10
10
10
10
10
10
10
10
10
10
10
10
10
10
10
10
10
10
10
10
10
10
10
10
10
10
10
10
10
10
10
10
10
10
10
10
10
10
10
10
10
10
10
10
10
10
10
10
10
10
10
10
10
10
10
10
10
10
10
10
10
10
10
10
10
10
10
10
10
10
10
10
10
10
10
10
10
10
10
10
10
10
10
10
10
10
10
10
10
10
10
10
10
10
10
10
10
10
10
10
10
10
10
10
10
10
10
10
10
10
10
10
10
10
10
10
10
10
10
10
10
10
10
10
10
10
10
10
10
10
10
10
10
10
10
10
10
10
10
10
10
10
10
10
10
10
10
10
10
10
10
10
10
10
10
10
10
10
10
10
10
10
10
10
10
10
10
10
10
10
10
10
10
10
10
10
10
10
10
10
10
10
10
10
10
10
10
10
10
10
10
10
10
10
10
10
10
10
10
10
10
10
10
10
10
10
10
10
10
10
10
10
10
10
10
10
10
10
10
10
10
10
10
10
10
10
10
10
10
10
10
10
10
10
10
10
10
10
10
10
10
10
10
10
10
10
10
10
10
10
10
10
10
10
10
10
10
10
10
10
10
10
10
10
10
10
10
10
10
10
10
10
10
10
10
10
10
10
10
10
10
10
10
10
10
10
10
10
10
10
10
10
10
10
10
10
10
10
10
10
10
10
10
10
10
10
10
10
10
10
10
10
10
10
10
10
10
10
10
10
10
10
10
10
10
10
10
10
10
10
10
10
10
10
10
10
10
10
10
10
10
10
10
10
10
10
10
10
10
10
10
10
10
10
10
10
10
10
10
10
10
10
10
10
10
10
10
10
10
10
10
10
10
10
10
10
10
10
10
10
10
10
10
10
10
10
10
10
10
10
10
10
10
10
10
10
10
10
10
10
10
10
10
10
10
10
10
10
10
10
10
10
10
10
10
10
10
10
10
10
10
10
10
10
10
10
10
10
10
10
10
10
10
10
10
10
10
10
10
10
10
10
10
10
10
10
10
10
10
10
10
10
10
10
10
10
10
10
10
10
10
10
10
10
10
10
10
10
10
10
10
10
10
10
10
10
10
10
10
10
10
10
10
10
10
10
10
10
10
10
10
10
10
10
10
10
10
10
10
10
10
10
10
10
10
10
10
10
10
10
10
10
10
10
10
10
10
10
10
10
10
10
10
10
10
10
10
10
10
10
10
10
10
10
10
10
10
10
10
10
10
10
10
10
10
10
10
10
10
10
10
10
10
10
10
10
10
10
10
10
10
10
10
10
10
10
10
10
10
10
10
10
10
10
10
10
10
10
10
10
10
10
10
10
10
10
10
10
10
10
10
10
10
10
10
10
10
10
10
10
10
10
10
10
10
10
10
10
10
10
10
10
10
10
10
10
10
10
10
10
10
10
10
10
10
10
10
10
10
10
10
10
10
10
10
10
10
10
10
10
10
10
10
10
10
10
10
10
10
10
10
10
10
10
10
10
10
10
10
10
10
10
10
10
10
10
10
10
10
10
10
10
10
10
10
10
10
10
10
10
10
10
10
10
10
10
10
10
10
10
10
10
10
10
10
10
10
10
10
10
10
10
10
10
10
10
10
10
10
10
10
10
10
10
10
10
10
10
10
10
10
10
10
10
10
10
10
10
10
10
10
10
10
10
10
10
10
10
10
10
10
10
10
10
10
10
10
10
10
10
10
10
10
10
10
10
10
10
10
10
10
10
10
10
10
10
10
10
10
10
10
10
10
10
10
10
10
10
10
10
10
10
10
10
10
10
10
10
10
10
10
10
10
10
10
10
10
10
10
10
10
10
10
10
10
10
10
10
10
10
10
10
10
10
10
10
10
10
10
10
10
10
10
10
10
10
10
10
10
10
10
10
10
10
10
10
10
10
10
10
10
10
10
10
10
10
10
10
10
10
10
10
10
10
10
10
10
10
10
10
10
10
10
10
10
10
10
10
10
10
10
10
10
10
10
10
10
10
10
10
10
10
10
10
10
10
10
10
10
10
10
10
10
10
10
10
10
10
10
10
10
10
10
10
10
10
10
10
10
10
10
10
10
10
10
10
10
10
10
10
10
10
10
10
10
10
10
10
10
10
10
10
10
10
10
10
10
10
10
10
10
10
10
10
10
10
10
10
10
10
10
10
10
10
10
10
10
10
10
10
10
10
10
10
10
10
10
10
10
10
10
10
10
10
10
10
10
10
10
10
10
10
10
10
10
10
10
10
10
10
10
10
10
10
10
10
10
10
10
10
10
10
10
10
10
10
10
10
10
10
10
10
10
10
10
10
10
10
10
10
10
10
10
10
10
10
10
10
10
10
10
10
10
10
10
10
10
10
10
10
10
10
10
10
10
10
10
10
10
10
10
10
10
10
10
10
10
10
10
10
10
10
10
10
10
10
10
10
10
10
10
10
10
10
10
10
10
10
10
10
10
10
10
10
10
10
10
10
10
10
10
10
10
10
10
10
10
10
10
10
10
10
10
10
10
10
10
10
10
10
10
10
10
10
10
10
10
10
10
10
10
10
10
10
10
10
10
10
10
10
10
10
10
10
10
10
10
10
10
10
10
10
10
10
10
10
10
10
10
10
10
10
10
10
10
10
10
10
10
10
10
10
10
10
10
10
10
10
10
10
10
10
10
10
10
10
10
10
10
10
10
10
10
10
10
10
10
10
10
10
10
10
10
10
10
10
10
10
10
10
10
10
10
10
10
10
10
10
10
10
10
10
10
10
10
10
10
10
10
10
10
10
10
10
10
10
10
10
10
10
10
10
10
10
10
10
10
10
10
10
10
10
10
10
10
10
10
10
10
10
10
10
10
10
10
10
10
10
10
10
10
10
10
10
10
10
10
10
10
10
10
10
10
10
10
10
10
10
10
10
10
10
10
10
10
10
10
10
10
10
10
10
10
10
10
10
10
10
10
10
10
10
10
10
10
10
10
10
10
10
10
10
10
10
10
10
10
10
10
10
10
10
10
10
10
10
10
10
10
10
10
10
10
10
10
10
10
10
10
10
10
10
10
10
10
10
10
10
10
10
10
10
10
10
10
10
10
10
10
10
10
10
10
10
10
10
10
10
10
10
10
10
10
10
10
10
10
10
10
10
10
10
10
10
10
10
10
10
10
10
10
10
10
10
10
10
10
10
10
10
10
10
10
10
10
10
10
10
10
10
10
10
10
10
10
10
10
10
10
10
10
10
10
10
10
10
10
10
10
10
10
10
10
10
10
10
10
10
10
10
10
10
10
10
10
10
10
10
10
10
10
10
10
10
10
10
10
10
10
10
10
10
10
10
10
10
10
10
10
10
10
10
10
10
10
10
10
10
10
10
10
10
10
10
10
10
10
10
10
10
10
10
10
10
10
10
10
10
10
10
10
10
10
10
10
10
10
10
10
10
10
10
10
10
10
10
10
10
10
10
10
10
10
10
10
10
10
10
10
10
10
10
10
10
10
10
10
10
10
10
10
10
10
10
10
10
10
10
10
10
10
10
10
10
10
10
10
10
10
10
10
10
10
10
10
10
10
10
10
10
10
10
10
10
10
10
10
10
10
10
10
10
10
10
10
10
10
10
10
10
10
10
10
10
10
10
10
10
10
10
10
10
10
10
10
10
10
10
10
10
10
10
10
10
10
10
10
10
10
10
10
10
10
10
10
10
10
10
10
10
10
10
10
10
10
10
10
10
10
10
10
10
10
10
10
10
10
10
10
10
10
10
10
10
10
10
10
10
10
10
10
10
10
10
10
10
10
10
10
10
10
10
10
10
10
10
10
10
10
10
10
10
10
10
10
10
10
10
10
10
10
10
10
10
10
10
10
10
10
10
10
10
10
10
10
10
10
10
10
10
10
10
10
10
10
10
10
10
10
10
10
10
10
10
10
10
10
10
10
10
10
10
10
10
10
10
10
10
10
10
10
10
10
10
10
10
10
10
10
10
10
10
10
10
10
10
10
10
10
10
10
10
10
10
10
10
10
10
10
10
10
10
10
10
10
10
10
10
10
10
10
10
10
10
10
10
10
10
10
10
10
10
10
10
10
10
10
10
10
10
10
10
10
10
10
10
10
10
10
10
10
10
10
10
10
10
10
10
10
10
10
10
10
10
10
10
10
10
10
10
10
10
10
10
10
10
10
10
10
10
10
10
10
10
10
10
10
10
10
10
10
10
10
10
10
10
10
10
10
10
10
10
10
10
10
10
10
10
10
10
10
10
10
10
10
10
10
10
10
10
10
10
10
10
10
10
10
10
10
10
10
10
10
10
10
10
10
10
10
10
10
10
10
10
10
10
10
10
10
10
10
10
10
10
10
10
10
10
10
10
10
10
10
10
10
10
10
10
10
10
10
10
10
10
10
10
10
10
10
10
10
10
10
10
10
10
10
10
10
10
10
10
10
10
10
10
10
10
10
10
10
10
10
10
10
10
10
10
10
10
10
10
10
10
10
10
10
10
10
10
10
10
10
10
10
10
10
10
10
10
10
10
10
10
10
10
10
10
10
10
10
10
10
10
10
10
10
10
10
10
10
10
10
10
10
10
10
10
10
10
10
10
10
10
10
10
10
10
10
10
10
10
10
10
10
10
10
10
10
10
10
10
10
10
10
10
10
10
10
10
10
10
10
10
10
10
10
10
10
10
10
10
10
10
10
10
10
10
10
10
10
10
10
10
10
10
10
10
10
10
10
10
10
10
10
10
10
10
10
10
10
10
10
10
10
10
10
10
10
10
10
10
10
10
10
10
10
10
10
10
10
10
10
10
10
10
10
10
10
10
10
10
10
10
10
10
10
10
10
10
10
10
10
10
10
10
10
10
10
10
10
10
10
10
10
10
10
10
10
10
10
10
10
10
10
10
10
10
10
10
10
10
10
10
10
10
10
10
10
10
10
10
10
10
10
10
10
10
10
10
10
10
10
10
10
10
10
10
10
10
10
10
10
10
10
10
10
10
10
10
10
10
10
10
10
10
10
10
10
10
10
10
10
10
10
10
10
10
10
10
10
10
10
10
10
10
10
10
10
10
10
10
10
10
10
10
10
10
10
10
10
10
10
10
10
10
10
10
10
10
10
10
10
10
10
10
10
10
10
10
10
10
10
10
10
10
10
10
10
10
10
10
10
10
10
10
10
10
10
10
10
10
10
10
10
10
10
10
10
10
10
10
10
10
10
10
10
10
10
10
10
10
10
10
10
10
10
10
10
10
10
10
10
10
10
10
10
10
10
10
10
10
10
10
10
10
10
10
10
10
10
10
10
10
10
10
10
10
10
10
10
10
10
10
10
10
10
10
10
10
10
10
10
10
10
10
10
10
10
10
10
10
10
10
10
10
10
10
10
10
10
10
10
10
10
10
10
10
10
10
10
10
10
10
10
10
10
10
10
10
10
10
10
10
10
10
10
10
10
10
10
10
10
10
10
10
10
10
10
10
10
10
10
10
10
10
10
10
10
10
10
10
10
10
10
10
10
10
10
10
10
10
10
10
10
10
10
10
10
10
10
10
10
10
10
10
10
10
10
10
10
10
10
10
10
10
10
10
10
10
10
10
10
10
10
10
10
10
10
10
10
10
10
10
10
10
10
10
10
10
10
10
10
10
10
10
10
10
10
10
10
10
10
10
10
10
10
10
10
10
10
10
10
10
10
10
10
10
10
10
10
10
10
10
10
10
10
10
10
10
10
10
10
10
10
10
10
10
10
10
10
10
10
10
10
10
10
10
10
10
10
10
10
10
10
10
10
10
10
10
10
10
10
10
10
10
10
10
10
10
10
10
10
10
10
10
10
10
10
10
10
10
10
10
10
10
10
10
10
10
10
10
10
10
10
10
10
10
10
10
10
10
10
10
10
10
10
10
10
10
10
10
10
10
10
10
10
10
10
10
10
10
10
10
10
10
10
10
10
10
10
10
10
10
10
10
10
10
10
10
10
10
10
10
10
10
10
10
10
10
10
10
10
10
10
10
10
10
10
10
10
10
10
10
10
10
10
10
10
10
10
10
10
10
10
10
10
10
10
10
10
10
10
10
10
10
10
10
10
10
10
10
10
10
10
10
10
10
10
10
10
10
10
10
10
10
10
10
10
10
10
10
10
10
10
10
10
10
10
10
10
10
10
10
10
10
10
10
10
10
10
10
10
10
10
10
10
10
10
10
10
10
10
10
10
10
10
10
10
10
10
10
10
10
10
10
10
10
10
10
10
10
10
10
10
10
10
10
10
10
10
10
10
10
10
10
10
10
10
10
10
10
10
10
10
10
10
10
10
10
10
10
10
10
10
10
10
10
10
10
10
10
10
10
10
10
10
10
10
10
10
10
10
10
10
10
10
10
10
10
10
10
10
10
10
10
10
10
10
10
10
10
10
10
10
10
10
10
10
10
10
10
10
10
10
10
10
10
10
10
10
10
10
10
10
10
10
10
10
10
10
10
10
10
10
10
10
10
10
10
10
10
10
10
10
10
10
10
10
10
10
10
10
10
10
10
10
10
10
10
10
10
10
10
10
10
10
10
10
10
10
10
10
10
10
10
10
10
10
10
10
10
10
10
10
10
10
10
10
10
10
10
10
10
10
10
10
10
10
10
10
10
10
10
10
10
10
10
10
10
10
10
10
10
10
10
10
10
10
10
10
10
10
10
10
10
10
10
10
10
10
10
10
10
10
10
10
10
10
10
10
10
10
10
10
10
10
10
10
10
10
10
10
10
10
10
10
10
10
10
10
10
10
10
10
10
10
10
10
10
10
10
10
10
10
10
10
10
10
10
10
10
10
10
10
10
10
10
10
10
10
10
10
10
10
10
10
10
10
10
10
10
10
10
10
10
10
10
10
10
10
10
10
10
10
10
10
10
10
10
10
10
10
10
10
10
10
10
10
10
10
10
10
10
10
10
10
10
10
10
10
10
10
10
10
10
10
10
10
10
10
10
10
10
10
10
10
10
10
10
10
10
10
10
10
10
10
10
10
10
10
10
10
10
10
10
10
10
10
10
10
10
10
10
10
10
10
10
10
10
10
10
10
10
10
10
10
10
10
10
10
10
10
10
10
10
10
10
10
10
10
10
10
10
10
10
10
10
10
10
10
10
10
10
10
10
10
10
10
10
10
10
10
10
10
10
10
10
10
10
10
10
10
10
10
10
10
10
10
10
10
10
10
10
10
10
10
10
10
10
10
10
10
10
10
10
10
10
10
10
10
10
10
10
10
10
10
10
10
10
10
10
10
10
10
10
10
10
10
10
10
10
10
10
10
10
10
10
10
10
10
10
10
10
10
10
10
10
10
10
10
10
10
10
10
10
10
10
10
10
10
10
10
10
10
10
10
10
10
10
10
10
10
10
10
10
10
10
10
10
10
10
10
10
10
10
10
10
10
10
10
10
10
10
10
10
10
10
10
10
10
10
10
10
10
10
10
10
10
10
10
10
10
10
10
10
10
10
10
10
10
10
10
10
10
10
10
10
10
10
10
10
10
10
10
10
10
10
10
10
10
10
10
10
10
10
10
10
10
10
10
10
10
10
10
10
10
10
10
10
10
10
10
10
10
10
10
10
10
10
10
10
10
10
10
10
10
10
10
10
10
10
10
10
10
10
10
10
10
10
10
10
10
10
10
10
10
10
10
10
10
10
10
10
10
10
10
10
10
10
10
10
10
10
10
10
10
10
10
10
10
10
10
10
10
10
10
10
10
10
10
10
10
10
10
10
10
10
10
10
10
10
10
10
10
10
10
10
10
10
10
10
10
10
10
10
10
10
10
10
10
10
10
10
10
10
10
10
10
10
10
10
10
10
10
10
10
10
10
10
10
10
10
10
10
10
10
10
10
10
10
10
10
10
10
10
10
10
10
10
10
10
10
10
10
10
10
10
10
10
10
10
10
10
10
10
10
10
10
10
10
10
10
10
10
10
10
10
10
10
10
10
10
10
10
10
10
10
10
10
10
10
10
10
10
10
10
10
10
10
10
10
10
10
10
10
10
10
10
10
10
10
10
10
10
10
10
10
10
10
10
10
10
10
10
10
10
10
10
10
10
10
10
10
10
10
10
10
10
10
10
10
10
10
10
10
10
10
10
10
10
10
10
10
10
10
10
10
10
10
10
10
10
10
10
10
10
10
10
10
10
10
10
10
10
10
10
10
10
10
10
10
10
10
10
10
10
10
10
10
10
10
10
10
10
10
10
10
10
10
10
10
10
10
10
10
10
10
10
10
10
10
10
10
10
10
10
10
10
10
10
10
10
10
10
10
10
10
10
10
10
10
10
10
10
10
10
10
10
10
10
10
10
10
10
10
10
10
10
10
10
10
10
10
10
10
10
10
10
10
10
10
10
10
10
10
10
10
10
10
10
10
10
10
10
10
10
10
10
10
10
10
10
10
10
10
10
10
10
10
10
10
10
10
10
10
10
10
10
10
10
10
10
10
10
10
10
10
10
10
10
10
10
10
10
10
10
10
10
10
10
10
10
10
10
10
10
10
10
10
10
10
10
10
10
10
10
10
10
10
10
10
10
10
10
10
10
10
10
10
10
10
10
10
10
10
10
10
10
10
10
10
10
10
10
10
10
10
10
10
10
10
10
10
10
10
10
10
10
10
10
10
10
10
10
10
10
10
10
10
10
10
10
10
10
10
10
10
10
10
10
10
10
10
10
10
10
10
10
10
10
10
10
10
10
10
10
10
10
10
10
10
10
10
10
10
10
10
10
10
10
10
10
10
10
10
10
10
10
10
10
10
10
10
10
10
10
10
10
10
10
10
10
10
10
10
10
10
10
10
10
10
10
10
10
10
10
10
10
10
10
10
10
10
10
10
10
10
10
10
10
10
10
10
10
10
10
10
10
10
10
10
10
10
10
10
10
10
10
10
10
10
10
10
10
10
10
10
10
10
10
10
10
10
10
10
10
10
10
10
10
10
10
10
10
10
10
10
10
10
10
10
10
10
10
10
10
10
10
10
10
10
10
10
10
10
10
10
10
10
10
10
10
10
10
10
10
10
10
10
10
10
10
10
10
10
10
10
10
10
10
10
10
10
10
10
10
10
10
10
10
10
10
10
10
10
10
10
10
10
10
10
10
10
10
10
10
10
10
10
10
10
10
10
10
10
10
10
10
10
10
10
10
10
10
10
10
10
10
10
10
10
10
10
10
10
10
10
10
10
10
10
10
10
10
10
10
10
10
10
10
10
10
10
10
10
10
10
10
10
10
10
10
10
10
10
10
10
10
10
10
10
10
10
10
10
10
10
10
10
10
10
10
10
10
10
10
10
10
10
10
10
10
10
10
10
10
10
10
10
10
10
10
10
10
10
10
10
10
10
10
10
10
10
10
10
10
10
10
10
10
10
10
10
10
10
10
10
10
10
10
10
10
10
10
10
10
10
10
10
10
10
10
10
10
10
10
10
10
10
10
10
10
10
10
10
10
10
10
10
10
10
10
10
10
10
10
10
10
10
10
10
10
10
10
10
10
10
10
10
10
10
10
10
10
10
10
10
10
10
10
10
10
10
10
10
10
10
10
10
10
10
10
10
10
10
10
10
10
10
10
10
10
10
10
10
10
10
10
10
10
10
10
10
10
10
10
10
10
10
10
10
10
10
10
10
10
10
10
10
10
10
10
10
10
10
10
10
10
10
10
10
10
10
10
10
10
10
10
10
10
10
10
10
10
10
10
10
10
10
10
10
10
10
10
10
10
10
10
10
10
10
10
10
10
10
10
10
10
10
10
10
10
10
10
10
10
10
10
10
10
10
10
10
10
10
10
10
10
10
10
10
10
10
10
10
10
10
10
10
10
10
10
10
10
10
10
10
10
10
10
10
10
10
10
10
10
10
10
10
10
10
10
10
10
10
10
10
10
10
10
10
10
10
10
10
10
10
10
10
10
10
10
10
10
10
10
10
10
10
10
10
10
10
10
10
10
10
10
10
10
10
10
10
10
10
10
10
10
10
10
10
10
10
10
10
10
10
10
10
10
10
10
10
10
10
10
10
10
10
10
10
10
10
10
10
10
10
10
10
10
10
10
10
10
10
10
10
10
10
10
10
10
10
10
10
10
10
10
10
10
10
10
10
10
10
10
10
10
10
10
10
10
10
10
10
10
10
10
10
10
10
10
10
10
10
10
10
10
10
10
10
10
10
10
10
10
10
10
10
10
10
10
10
10
10
10
10
10
10
10
10
10
10
10
10
10
10
10
10
10
10
10
10
10
10
10
10
10
10
10
10
10
10
10
10
10
10
10
10
10
10
10
10
10
10
10
10
10
10
10
10
10
10
10
10
10
10
10
10
10
10
10
10
10
10
10
10
10
10
10
10
10
10
10
10
10
10
10
10
10
10
10
10
10
10
10
10
10
10
10
10
10
10
10
10
10
10
10
10
10
10
10
10
10
10
10
10
10
10
10
10
10
10
10
10
10
10
10
10
10
10
10
10
10
10
10
10
10
10
10
10
10
10
10
10
10
10
10
10
10
10
10
10
10
10
10
10
10
10
10
10
10
10
10
10
10
10
10
10
10
10
10
10
10
10
10
10
10
10
10
10
10
10
10
10
10
10
10
10
10
10
10
10
10
10
10
10
10
10
10
10
10
10
10
10
10
10
10
10
10
10
10
10
10
10
10
10
10
10
10
10
10
10
10
10
10
10
10
10
10
10
10
10
10
10
10
10
10
10
10
10
10
10
10
10
10
10
10
10
10
10
10
10
10
10
10
10
10
10
10
10
10
10
10
10
10
10
10
10
10
10
10
10
10
10
10
10
10
10
