# vtk DataFile Version 2.0
, Created by Gmsh 4.15.2 
ASCII
DATASET UNSTRUCTURED_GRID
POINTS 938 double
-1.959434878635765e-15 17.5 8
-1.959434878635765e-15 2.5 8
-10 0 10
-10 0 -10
-10 20 10
-10 20 -10
10 0 -10
10 0 10
10 20 10
10 20 -10
-9.9 0.25 9.9
9.9 0.25 9.9
9.9 0.25 -9.9
-9.9 0.25 -9.9
-9.9 19.75 9.9
9.9 19.75 9.9
9.9 19.75 -9.9
-9.9 19.75 -9.9
2.358041395287235 17.5 7.644582446289125
4.506560464508977 17.5 6.609910194527957
6.25465185974424 17.5 4.987918414869866
7.446989989153636 17.5 2.922728194931155
7.977630377449442 17.5 0.5978407486913863
7.799423297454585 17.5 -1.780167471650528
6.928203230275499 17.5 -4.000000000000017
5.441381902167339 17.5 -5.864414974638626
3.471069912940443 17.5 -7.207750943219364
1.192338129409366 17.5 -7.910646609801033
-1.192338129409431 17.5 -7.910646609801023
-3.471069912940499 17.5 -7.207750943219336
-5.441381902167387 17.5 -5.864414974638581
-6.928203230275532 17.5 -3.99999999999996
-7.799423297454601 17.5 -1.780167471650461
-7.977630377449437 17.5 0.5978407486914515
-7.446989989153614 17.5 2.922728194931209
-6.254651859744222 17.5 4.987918414869889
-4.506560464508958 17.5 6.609910194527972
-2.358041395287231 17.5 7.644582446289126
-1.959434878635765e-15 5 8
-1.959434878635765e-15 7.5 8
-1.959434878635765e-15 10 8
-1.959434878635765e-15 12.5 8
-1.959434878635765e-15 15 8
2.358041395287235 2.5 7.644582446289125
4.506560464508977 2.5 6.609910194527957
6.25465185974424 2.5 4.987918414869866
7.446989989153636 2.5 2.922728194931155
7.977630377449442 2.5 0.5978407486913863
7.799423297454585 2.5 -1.780167471650528
6.928203230275499 2.5 -4.000000000000017
5.441381902167339 2.5 -5.864414974638626
3.471069912940443 2.5 -7.207750943219364
1.192338129409366 2.5 -7.910646609801033
-1.192338129409431 2.5 -7.910646609801023
-3.471069912940499 2.5 -7.207750943219336
-5.441381902167387 2.5 -5.864414974638581
-6.928203230275532 2.5 -3.99999999999996
-7.799423297454601 2.5 -1.780167471650461
-7.977630377449437 2.5 0.5978407486914515
-7.446989989153614 2.5 2.922728194931209
-6.254651859744222 2.5 4.987918414869889
-4.506560464508958 2.5 6.609910194527972
-2.358041395287231 2.5 7.644582446289126
-10 0 -7.5
-10 0 -5
-10 0 -2.5
-10 0 0
-10 0 2.5
-10 0 5
-10 0 7.5
-10 2.5 10
-10 5 10
-10 7.5 10
-10 10 10
-10 12.5 10
-10 15 10
-10 17.5 10
-10 20 -7.5
-10 20 -5
-10 20 -2.5
-10 20 0
-10 20 2.5
-10 20 5
-10 20 7.5
-10 2.5 -10
-10 5 -10
-10 7.5 -10
-10 10 -10
-10 12.5 -10
-10 15 -10
-10 17.5 -10
-7.5 0 -10
-5 0 -10
-2.5 0 -10
0 0 -10
2.5 0 -10
5 0 -10
7.5 0 -10
10 0 -7.5
10 0 -5
10 0 -2.5
10 0 0
10 0 2.5
10 0 5
10 0 7.5
-7.5 0 10
-5 0 10
-2.5 0 10
0 0 10
2.5 0 10
5 0 10
7.5 0 10
-7.5 20 10
-5 20 10
-2.5 20 10
0 20 10
2.5 20 10
5 20 10
7.5 20 10
10 2.5 10
10 5 10
10 7.5 10
10 10 10
10 12.5 10
10 15 10
10 17.5 10
-7.5 20 -10
-5 20 -10
-2.5 20 -10
0 20 -10
2.5 20 -10
5 20 -10
7.5 20 -10
10 20 -7.5
10 20 -5
10 20 -2.5
10 20 0
10 20 2.5
10 20 5
10 20 7.5
10 2.5 -10
10 5 -10
10 7.5 -10
10 10 -10
10 12.5 -10
10 15 -10
10 17.5 -10
-7.425000000000004 0.25 9.9
-4.95000000000001 0.25 9.9
-2.475000000000009 0.25 9.9
-7.105427357601002e-15 0.25 9.9
2.474999999999996 0.25 9.9
4.949999999999998 0.25 9.9
7.424999999999999 0.25 9.9
9.9 0.25 7.425000000000004
9.9 0.25 4.95000000000001
9.9 0.25 2.475000000000009
9.9 0.25 7.105427357601002e-15
9.9 0.25 -2.474999999999996
9.9 0.25 -4.949999999999998
9.9 0.25 -7.424999999999999
7.425000000000004 0.25 -9.9
4.95000000000001 0.25 -9.9
2.475000000000009 0.25 -9.9
7.105427357601002e-15 0.25 -9.9
-2.474999999999996 0.25 -9.9
-4.949999999999998 0.25 -9.9
-7.424999999999999 0.25 -9.9
-9.9 0.25 -7.425000000000004
-9.9 0.25 -4.95000000000001
-9.9 0.25 -2.475000000000009
-9.9 0.25 -7.105427357601002e-15
-9.9 0.25 2.474999999999996
-9.9 0.25 4.949999999999998
-9.9 0.25 7.424999999999999
-7.425000000000004 19.75 9.9
-4.95000000000001 19.75 9.9
-2.475000000000009 19.75 9.9
-7.105427357601002e-15 19.75 9.9
2.474999999999996 19.75 9.9
4.949999999999998 19.75 9.9
7.424999999999999 19.75 9.9
9.9 19.75 7.425000000000004
9.9 19.75 4.95000000000001
9.9 19.75 2.475000000000009
9.9 19.75 7.105427357601002e-15
9.9 19.75 -2.474999999999996
9.9 19.75 -4.949999999999998
9.9 19.75 -7.424999999999999
7.425000000000004 19.75 -9.9
4.95000000000001 19.75 -9.9
2.475000000000009 19.75 -9.9
7.105427357601002e-15 19.75 -9.9
-2.474999999999996 19.75 -9.9
-4.949999999999998 19.75 -9.9
-7.424999999999999 19.75 -9.9
-9.9 19.75 -7.425000000000004
-9.9 19.75 -4.95000000000001
-9.9 19.75 -2.475000000000009
-9.9 19.75 -7.105427357601002e-15
-9.9 19.75 2.474999999999996
-9.9 19.75 4.949999999999998
-9.9 19.75 7.424999999999999
-6.989951520566998 15.43091680628106 3.89108953123969
6.928203230275511 15.4367436862594 3.999999999999996
6.220928791831131 15.48177998554633 -5.029915005938616
-2.358041395287269 4.5632563137406 -7.644582446289115
-7.37987211110009 15.37617109629553 -3.088282309603042
7.982056568734416 4.525185479873297 -0.5355118425616374
-7.8039903360704 4.428527789057483 1.760038304844473
-0.1497778779684437 15.50449876906162 -7.998597788817192
4.673665810502371 4.593220594023663 -6.492830499230765
2.145150183908719 8.75 7.707031249999989
-2.1451202935416 8.750349098162538 7.707039569525772
6.903400894266674 4.604079318143788 4.04265458492784
-7.421937676108421 4.589291073740438 -2.985773121314197
7.981435679647285 15.47679670274363 -0.5446875174384799
-4.49252579300845 15.40210408211207 -6.619457077370757
-5.441381902167337 4.563256313740577 5.864414974638628
-2.10990989385458 13.69258513993249 7.716753218797045
2.145150183908677 13.75 7.70703125
3.471069912940466 4.563256313740599 7.207750943219352
-2.141674253454603 11.24501553911057 7.707997884800545
-4.13089766115775 10.00115454579172 6.850962305621119
-4.363085555933702 7.163448887184387 6.705481670365128
-5.818657167627603 8.752512874821885 5.490284943936509
-5.817780165941294 11.25251816117275 5.491214250125385
-7.07738651783149 10.00368262699638 3.72969168661661
-7.099196825072198 7.502478745821294 3.688008193982875
-7.826721733941435 8.797797757345775 1.656027445258313
-7.818851873826918 11.25927830503319 1.692795136793964
-7.98628683657657 10.01162522738401 -0.4682120928850385
-7.984689829867733 7.538749880664815 -0.494700233279501
-7.575074929501846 8.79778680380505 -2.572593985150515
-7.577712800876057 11.22472582079101 -2.564813581420517
-6.616896696406831 10.00906131240458 -4.496296043309466
-6.771739032100715 7.180514942985454 -4.259524677839497
-5.176039126932729 8.716555554257894 -6.099886798659583
-5.170243659310776 11.22237550390212 -6.104799792241898
-3.329284201998151 10.0065058551708 -7.274329295703181
-5.03334652673101 6.333761016941486 -6.21815267920022
-3.411385696197384 12.81180264157859 -7.236190132367992
-1.239786466211885 11.26129700779692 -7.903349259535342
-1.233830705063145 8.783497895204306 -7.904281231790995
0.9254849501444529 10.01239507364086 -7.946287032762919
0.9267558640868354 7.512395401073526 -7.946138909456634
3.020232044752253 8.768477200838165 -7.407982073132441
3.021410461280074 11.26384639014837 -7.407501523757341
4.896561478377706 10.01466630863065 -6.326427561307213
4.896820192327445 12.51459055045859 -6.32622731207267
6.427830809583138 11.22684759146833 -4.762666383799498
6.41604949186265 8.761884283615409 -4.778525810118539
7.461541604231092 10.01678668214692 -2.885376385903318
7.462002994671942 7.516787009579491 -2.884182953196098
7.959786523907131 8.805866741313505 -0.8011232700567558
7.959325955831824 11.23215403022744 -0.8056862471345911
7.885329486063736 10.01937874901112 1.349658807333845
7.879058567738032 7.518982813833401 1.385797996157416
7.232570161316777 8.804933224209964 3.419053796246882
7.234960410906668 11.23715543859658 3.413992948530096
6.057756823671725 10.02189467042043 5.225282984227615
6.169618738511034 7.221935443697385 5.092720748422548
6.198552463343503 12.85388305468888 5.057464518825435
4.401148756490025 11.27227602906547 6.680560577020936
3.26753170226961 13.7818078102502 -7.302276122871763
6.360481685534609 6.24227070032444 -4.852244091961865
-2.144343853323127 6.251436350632793 7.707255636003993
1.002642147905598 12.44842799505214 -7.936920607089581
-3.245667883614011 7.598455986524201 -7.312020239938929
4.830845126303974 7.477409340084606 -6.376749592516954
-4.12020169671298 12.49941341377644 6.85740023466645
-3.844871630412344 15.1333223023809 7.015480179264305
-5.729967452127225 13.74729785143978 5.582783624462141
-7.048450423814025 12.55736596067004 3.784091254586218
-7.814282916033797 13.74998506014404 1.713762675571603
-7.986672182527806 12.50678945755458 -0.4615922972023452
-7.986789774617127 15.00681484368627 -0.4595531482552461
2.142714107601344 11.25 7.707708884816951
4.402769612604732 8.772274768420555 6.679492476103584
4.506560464508957 15.44324496325655 -6.609910194527972
4.415281049349997 13.76755200569146 6.671228766520512
2.99754478455914 6.312666568318535 -7.417191197789248
1.052881475813688 5.0857654245694 -7.930412385108885
7.879501452517729 12.51898215896825 1.383277578713321
7.460093338662769 12.47856671370647 -2.889118789257269
-6.764806861912974 12.79050415583619 -4.270525508765302
-7.971155118773818 4.708962484859065 -0.6787385891828794
7.489621610204554 4.59400442852885 -2.811684216969775
-6.172607868253126 15.37772097330557 -5.089097376232802
7.784260863806994 4.544446707465573 1.845340836865319
-6.951449676425539 4.713480435486151 3.959463018658372
7.450512917925697 15.2923670726236 -2.913735962612659
-2.366537594557557 15.43172008565881 -7.641956543552556
7.788204865643772 15.47298878324525 1.828623791478901
5.412980036793799 4.59757484136742 5.890640637593826
-6.254651859744264 4.525486174258358 -4.987918414869836
-3.471069912940454 4.451332322591782 7.207750943219358
2.305273333722209 6.362800546291426 7.660660210244891
5.441381902167358 15.59899532616027 5.864414974638609
-1.301327722353748 6.395696453619218 -7.893449572844157
4.285606027542831 6.540771856800049 6.755263205581894
-0.7205869386467235 13.52606549449556 -7.967481061405276
3.561750915812773 15.66649492298755 7.163374233816552
-4.506560464509011 4.271594163498487 -6.609910194527935
-5.278495914716695 13.45797371796348 -6.011445822621972
7.432370773510366 6.558662061149077 2.959706857962277
2.358041395287206 15.75942620911944 -7.644582446289134
7.433656992331944 13.4675166092577 2.956474880724409
-5.9559465527134 6.599301046901838 5.341039286620289
6.254651859744226 4.199561897121346 -4.987918414869885
-7.636387536244538 6.627755580840287 -2.384446559746953
-7.634954040797508 13.33639709795609 -2.389032606497829
-7.799423297454577 15.82022967367221 1.780167471650569
7.948560964526339 6.65213940804445 -0.9057475328192204
6.488204156020538 13.37326113953622 -4.680086198970892
-7.828560293988564 6.566689699590336 1.647314093725205
7.935581457780846 13.36540988078784 -1.013186521290539
-5.609553113473663 15.73589552309728 5.703763132101291
2.902428465045531 4.351977454023531 -7.454925150884712
-1.966452484882503 15.52351720873208 7.754551220070664
1.843136512549818 4.299661229540248 7.784783092424971
-1.705988984593343 4.25229119344462 7.815983724678946
1.700368047094104 15.75315380787752 7.817208485413535
-0.6476490082957856 4.223626475151914 -7.97374132776161
-3.501746927201976 5.800420557099502 -7.192897083778658
1.356248112719199 14.25776317077298 -7.884198821487546
7.97596632450108 5.907647263278682 0.6196460202605444
7.977609089242118 14.10709186501203 0.5981247522394862
5.439382591112802 14.13551245314215 -5.86626943018295
-5.062313730334849 17.5 2.922728194931198
4.602653783225929 17.5 -3.60557093943345
2.719138813492906 17.5 5.337395387478015
-3.292862832945636 17.5 -4.829742722877425
5.661326356395716 17.5 1.247373539199497
-2.536248475282086 17.5 5.266574225947236
-5.885628121179822 17.5 -0.5192584420031072
0.1144316198486721 17.5 -5.500481672686594
-4.363649482273506 17.5 4.702895666581699
-2.824105363070233 17.5 3.128446102741433
-0.6801149179298694 17.5 3.723263416373367
-1.028680503482607 17.5 1.416508722277965
1.215377346718373 17.5 2.093874135065446
0.8347932601582981 17.5 -0.2678862198754578
-1.465972465778474 17.5 -0.9881389431109696
0.4370863331693756 17.5 -2.73122000001793
3.206005747841554 17.5 0.523186809454886
-3.762189328329723 17.5 0.8019649727322684
3.561281076054496 17.5 3.034192542097161
4.844255488057545 17.5 -1.125775116978188
2.681555950946713 17.5 -1.936520604079247
2.240310537358411 17.5 -4.234529381572995
-3.813973254717844 17.5 -1.774114297279524
-1.736995608336069 17.5 -3.342636828933354
-0.5296592080147442 17.5 5.836329253560171
-5.110073142316522 17.5 -3.732525122679688
-1.891002377470755 17.5 -6.130479138150504
-6.026950309289489 17.5 1.345200733856604
5.549784433362331 17.5 3.264787565608226
4.465956190993516 17.5 4.699528270737462
2.0331907485822 17.5 -6.138367262772004
3.684824063383751 17.5 -5.404644258835247
-6.013272376940008 17.5 -2.255162455381229
1.236104641184941 17.5 4.160191464887612
6.200046536049692 17.5 -2.433338952676276
1.163487350878072 17.5 6.359381498834971
6.612926913541485 17.5 -0.5507466823091691
-5.062313730334849 2.5 2.922728194931198
4.602653783225929 2.5 -3.60557093943345
2.719138813492906 2.5 5.337395387478015
-3.292862832945636 2.5 -4.829742722877425
5.661326356395716 2.5 1.247373539199497
-2.536248475282086 2.5 5.266574225947236
-5.885628121179822 2.5 -0.5192584420031072
0.1144316198486721 2.5 -5.500481672686594
-4.363649482273506 2.5 4.702895666581699
-2.824105363070233 2.5 3.128446102741433
-0.6801149179298694 2.5 3.723263416373367
-1.028680503482607 2.5 1.416508722277965
1.215377346718373 2.5 2.093874135065446
0.8347932601582981 2.5 -0.2678862198754578
-1.465972465778474 2.5 -0.9881389431109696
0.4370863331693756 2.5 -2.73122000001793
3.206005747841554 2.5 0.523186809454886
-3.762189328329723 2.5 0.8019649727322684
3.561281076054496 2.5 3.034192542097161
4.844255488057545 2.5 -1.125775116978188
2.681555950946713 2.5 -1.936520604079247
2.240310537358411 2.5 -4.234529381572995
-3.813973254717844 2.5 -1.774114297279524
-1.736995608336069 2.5 -3.342636828933354
-0.5296592080147442 2.5 5.836329253560171
-5.110073142316522 2.5 -3.732525122679688
-1.891002377470755 2.5 -6.130479138150504
-6.026950309289489 2.5 1.345200733856604
5.549784433362331 2.5 3.264787565608226
4.465956190993516 2.5 4.699528270737462
2.0331907485822 2.5 -6.138367262772004
3.684824063383751 2.5 -5.404644258835247
-6.013272376940008 2.5 -2.255162455381229
1.236104641184941 2.5 4.160191464887612
6.200046536049692 2.5 -2.433338952676276
1.163487350878072 2.5 6.359381498834971
6.612926913541485 2.5 -0.5507466823091691
-10 2.112482626893241 -1.341072760114338
-10 11.28189726212457 7.785501216484381
-10 17.8349364905389 -1.250000000000002
-10 8.671007265708571 -7.880542966946084
-10 6.531831444028581 7.636926467475412
-10 17.85928507566945 3.802880122707588
-10 13.96681413676645 -7.75925968761143
-10 2.378553429932029 3.819153851866572
-10 2.39478161164634 -6.034712579806596
-10 15.9331586880466 7.810296156225817
-10 17.88306988736042 -6.23940657679781
-10 17.83858051592291 1.259530547765175
-10 15.67006624650406 0.002305618608106741
-10 15.66990519198218 -2.499615730231983
-10 13.50484705100515 -1.249551685270644
-10 13.52735568835489 1.287896135198013
-10 11.34350992817672 0.006390741654564991
-10 11.3403795530572 -2.498860157269345
-10 9.175415378848299 -1.248744902602466
-10 9.175431934723658 1.251274306508684
-10 7.15083095992953 0.0004215673176961587
-10 6.997197351394957 -2.412740541790376
-10 7.050542045635519 2.470382507825722
-10 9.181627883433045 3.745276135722403
-10 4.84455543377232 1.249999999999988
-10 6.904222514587254 4.921715476552656
-10 9.048638446761407 6.23794110374817
-10 4.538518712272182 5.857108575164421
-10 11.33604206107361 5.031454420058447
-10 13.53540408138126 6.445210308140712
-10 13.64234036005761 3.970319713967132
-10 15.72945091939161 5.288248811353382
-10 11.36771797596992 2.548768575518206
-10 15.68973102413504 2.554078841289812
-10 13.46305964049841 -3.677155384763386
-10 11.33462872403568 -4.919894767983479
-10 15.45697102666675 -5.378008430647755
-10 2.165063509461096 1.25
-10 6.250000000000001 -7.834936490538903
-10 7.478622218775755 -5.88654088914171
-10 5.023614097260531 -6.024968852124058
-10 11.32172868921066 -7.474016285410034
-10 2.122179457735202 -3.60388508951503
-10 4.440361682036282 -2.520291600863087
-10 17.80748043275804 -3.811171789612924
-10 8.871755260051906 -3.878667736439264
-10 2.114127647140041 6.25
-10 3.844375162129645 -7.980739459752207
-10 16.27172611878708 -7.919079551726902
-10 17.94346172881159 6.177332877430178
-10 4.889727812310998 3.498547431775778
-10 3.749971474408703 8.014565549766765
-10 8.750000000000002 8.309285975249786
-10 13.10864044343559 -5.841666911283217
-10 9.526043594251437 -5.943511839520888
-10 13.75 8.453248909484092
-10 3.897441689279875 -0.5291767831927849
-10 18.16987298107781 -8.169872981077811
-10 1.830127018922193 -8.169872981077807
-10 18.16987298107781 8.169872981077809
-10 1.815186735605543 8.184813264394457
-10 6.1825881036113 -4.20028313813803
-10 5.466077423282593 -0.8423574717057125
-10 3.504625025595201 2.488136537096674
-10 3.945619709615801 -4.33109045042001
-7.834936490538904 0 -1.25
1.429753976952771 0 -7.751512379507685
7.834936490538905 0 1.25
-1.281897262124586 0 7.785501216484381
-7.859699147807212 0 3.802162928727023
-3.966814136766447 0 -7.759259687611431
7.910136278271246 0 -3.743782680303948
3.384519478460231 0 7.634746297964156
-7.883069887360421 0 -6.239406576797809
-5.933158688046617 0 7.810296156225832
6.261812847529203 0 -7.584609264726248
7.834936490538905 0 6.25
-7.839063600083622 0 1.258693821454504
-5.670560832668595 0 0.001448970242416081
-5.669987623009604 0 -2.499758504959598
-3.504943220537141 0 -1.249718255786195
-3.527868219775407 0 1.287008404737229
-1.343611378335471 0 0.006215024825173998
-1.340412489672326 0 -2.498917205160167
0.8245622233560539 0 -1.248783696722493
0.8245474239505999 0 1.251238554683782
2.99038105676658 0 1.06581410364015e-14
2.990255169441674 0 -2.499797282787074
2.990252702874097 0 2.50020642578064
0.8251678010975798 0 3.750240830077406
5.155444566227676 0 -1.249999999999991
2.990381056766573 0 5.000000000000012
5.047367621146172 0 3.733505079990209
5.046461571558 0 -3.732376574857
2.804275867172567 0 -5.341226591027445
0.899851546303033 0 6.248280129232633
-1.339745962155622 0 5
-3.535719038956273 0 6.442535612557528
-3.64234036005765 0 3.970319713967147
-5.737535066199595 0 5.248636116642487
5.155444566227672 0 1.250000000000012
-3.463094896694169 0 -3.677216450285719
-1.315609022970582 0 -4.902529362960241
-5.456987839127204 0 -5.378037550683463
-1.288304783078104 0 -7.438201065979433
-7.807496973339355 0 -3.811200438740146
3.809028891863635 0 -7.79309022929618
7.834936490538908 0 -1.25
7.834936490538905 0 3.75
-5.700566950140336 0 2.567651185210808
-1.367308449212665 0 2.544170421381788
0.8253175473054828 0 -3.749999999999986
-6.271728120270468 0 -7.91908301839782
8.141487026530594 0 -6.162925576372251
6.132759863210484 0 7.931684338855721
-7.943461728811618 0 6.177332877430214
4.885735846085744 0 -5.886118238406476
4.998533009341237 0 5.978221211177996
0.4910867170764277 0 -5.836693879894957
1.25 0 8.309285975249786
-3.098162135727303 0 -5.831048823504056
-3.75 0 8.453248909484095
-8.169872981077807 0 -8.169872981077807
-8.169872981077811 0 8.169872981077809
8.169872981077809 0 -8.169872981077807
8.169872981077809 0 8.169872981077809
6.49519052838329 0 -2.49999999999999
6.49519052838329 0 2.499999999999998
6.495190528383283 0 1.06581410364015e-14
6.493860659673793 0 4.796773053292142
6.507100052305315 0 -4.979288532125506
-7.751512379507702 8.570246023047233 10
1.352531578736389 2.24502945857507 10
1.249999999999995 17.8349364905389 10
7.880542966946084 8.671007265708566 10
-3.75 17.8349364905389 10
-3.74378268030395 2.089863721728756 10
7.759259687611429 13.96681413676643 10
-7.759259687611434 13.96681413676645 10
7.890759238962051 3.846687836487034 10
-7.584609264726252 3.738187152470796 10
6.239406576797808 17.88306988736042 10
-6.23940657679781 17.88306988736042 10
-5.388469699934138 15.46293068669731 10
-2.564744949989032 15.63538259868105 10
-3.75000000000002 13.50480947161671 10
-1.260790824998189 13.49906107455058 10
-2.501798470833061 11.33878789597792 10
-0.002098215971896522 11.33862821828163 10
-1.250649447800861 9.174336484352562 10
1.249542056037843 9.174438500658507 10
2.499573973344306 11.33951901283726 10
-0.0001845652938765596 7.009520623170417 10
2.629105550308973 7.224325250120665 10
-2.500139002182493 7.009544895165925 10
-1.25000000000006 4.844555433772315 10
-4.915140165524791 11.32229068650861 10
-3.732397330408285 4.953526284649946 10
-5.341278373162711 7.195693835801084 10
-0.01258929583121038 15.66316651783399 10
1.248426605718102 13.5039713063165 10
3.677150885811784 13.46276489119623 10
4.920012987504032 11.33443617578198 10
2.485498032616443 15.66160811291705 10
5.375990973995306 15.45574362261427 10
-1.262889040970043 17.8280703495988 10
-7.793096393836098 6.190967501347513 10
-7.440002609202949 11.28925930644069 10
-1.245281961577103 2.093657978205485 10
7.834936490538908 6.250000000000001 10
5.737608998884237 4.914907054485891 10
5.936150098648685 2.288057766084237 10
3.606337647402556 3.644046030480996 10
7.474033173912968 11.32170118231726 10
3.808482597234924 17.8058930189051 10
3.818603231298979 9.3497937556083 10
1.355188997170965 4.859362483463144 10
-3.750000000000048 9.17468245269451 10
5.385673129647168 7.368404487229018 10
-7.920324940927662 16.27243560212405 10
-6.162925576372252 1.858512973469408 10
7.918839378315894 16.27157999925702 10
-5.886133978851769 5.114254944392809 10
-5.839586705479641 9.510434460898423 10
3.679003864957528 1.635426651028061 10
5.841289541767104 13.10829200173523 10
-5.824189850512213 13.21602217917417 10
5.919155338674438 9.568403277454276 10
8.169872981077809 18.16987298107781 10
-8.169872981077807 1.830127018922193 10
-8.169872981077804 18.16987298107781 10
8.169872981077809 1.830127018922189 10
3.774959997639739 5.613793469519473 10
-2.494136964811316 3.498911377327149 10
3.552713678800501e-15 3.50480947161667 10
-4.9792885321255 3.492899947694702 10
-7.834936490538904 20 -1.25
1.429753976952771 20 7.751512379507687
1.25 20 -7.834936490538904
7.834936490538905 20 1.25
-7.834936490538905 20 3.75
-3.608313571765834 20 -7.953667349396786
7.677066481492574 20 -3.806937872588912
-3.966814136766451 20 7.759259687611429
6.261812847529203 20 7.584609264726243
-7.883069887360421 20 -6.239406576797809
6.259598665440869 20 -7.886761126323796
-7.834936490538905 20 1.25
-5.669872981077807 20 -1.77635683940025e-15
-5.669872981077807 20 -2.5
-3.504809471616712 20 -1.25
-3.504809471616713 20 1.25
-1.339745962155614 20 0
-1.323919580799432 20 -2.363760723114865
0.8464573360476937 20 -1.195246948457836
0.828840845429184 20 1.259125508590358
2.994491571244229 20 0.0106464266887496
2.991030190491186 20 2.501681287013525
3.013091499152736 20 -2.457053581566874
0.7864838288876257 20 3.683334681928701
5.155444566227672 20 -1.250000000000004
2.814407909644185 20 5.334489749784325
5.155444566227679 20 3.749999999999993
5.141812970010919 20 -3.681355612690345
2.831795076703893 20 -5.155381487416702
-1.345631032204643 20 2.490410031753175
-3.463923255307522 20 3.675885794593587
-1.323089126231173 20 4.889778838431841
-1.226385595294307 20 -7.88643589785174
-0.01067677421724333 20 -5.778242796765579
3.854780694555046 20 -7.796810330065153
-7.84295872334249 20 -3.748234429466303
-7.883069887360421 20 6.239406576797805
-1.289373369258193 20 7.436379562475373
3.81023508739597 20 7.792288224386283
7.834936490538908 20 -1.25
7.910136278271246 20 3.743782680303948
-5.883432082332073 20 -5.044095007668164
-3.501472976532614 20 -3.930578544051508
-5.457089798653143 20 5.377881956304639
-5.627594747955499 20 2.550627958483036
5.155444566227676 20 1.249999999999993
8.141487026530591 20 6.162925576372249
-6.271740258309272 20 7.919064495257484
-6.045309316760398 20 -7.646893436480587
7.900898703758084 20 -6.306324550243106
-2.329187606285378 20 -6.0074966832577
0.7438261057069315 20 -3.555126098892386
4.90980009262047 20 5.88813515420447
5.518505906238881 20 -5.809839271666148
0.4836366439990432 20 5.819099042425586
-3.100057937243296 20 5.827837167883374
-8.169872981077807 20 -8.169872981077807
-8.169872981077807 20 8.169872981077809
8.169872981077809 20 8.169872981077809
8.169872981077809 20 -8.169872981077807
-1.355800025115615 20 -4.374843371057037
6.495190528383294 20 -2.499999999999991
6.49519052838329 20 -7.105427357601002e-15
6.49519052838329 20 2.5
6.507100052305315 20 4.979288532125507
-4.272476694786649 20 -6.121212140423548
-7.751512379507702 8.570246023047233 -10
1.25 2.165063509461096 -10
1.249999999999996 17.8349364905389 -10
7.769105552882664 8.600718293199066 -10
-3.75 17.8349364905389 -10
-3.74378268030395 2.089863721728756 -10
7.759259687611422 13.96681413676644 -10
-7.759259687611434 13.96681413676645 -10
6.265956651352649 2.296617853671615 -10
-7.584609264726252 3.738187152470796 -10
6.239406576797808 17.88306988736042 -10
-6.23940657679781 17.88306988736042 -10
-5.388469699934138 15.46293068669731 -10
-2.564744949989032 15.63538259868105 -10
-3.75000000000002 13.50480947161671 -10
-1.260790824998191 13.49906107455058 -10
-2.501798470833061 11.33878789597792 -10
-0.002098215971898298 11.33862821828163 -10
-1.250649447800861 9.174336484352562 -10
1.249542056037843 9.174438500658507 -10
2.499573973344305 11.33951901283726 -10
-0.0001845652938747833 7.009520623170417 -10
2.499892915123958 7.009561897883561 -10
-2.500139002182493 7.009544895165925 -10
-1.25000000000006 4.844555433772315 -10
-4.915140165524791 11.32229068650861 -10
-3.732397330408285 4.953526284649946 -10
-5.341278373162711 7.195693835801084 -10
-0.01258929583121216 15.66316651783399 -10
3.681368373412385 9.214123585303028 -10
4.903330811512035 11.32898606141989 -10
3.661301586777441 13.46111126862365 -10
5.390009095453715 7.194029351413032 -10
3.749999999999934 4.844555433772285 -10
6.190479494528319 4.781114783186213 -10
-1.262889040970043 17.8280703495988 -10
2.483118715157698 15.66147220337164 -10
1.228085989746356 13.49382638258312 -10
5.373386885924861 15.45548797516884 -10
3.807652029646727 17.80582775940663 -10
-7.793096393836098 6.190967501347513 -10
-7.440002609202949 11.28925930644069 -10
-1.249999999999998 2.165063509461097 -10
7.440828869111822 11.29456897002111 -10
3.75 2.165063509461097 -10
1.249999999999936 4.844555433772303 -10
-3.750000000000048 9.17468245269451 -10
-7.920324940927662 16.27243560212405 -10
-6.162925576372252 1.858512973469408 -10
7.918529367831319 16.27154956503733 -10
7.926235302033078 6.221983704522023 -10
-5.886133978851769 5.114254944392809 -10
8.095129147843803 3.768602150371845 -10
5.836928540474524 9.526485252271225 -10
-5.839586705479641 9.510434460898423 -10
5.827621568187517 13.10139368239999 -10
-5.824189850512213 13.21602217917417 -10
8.169872981077809 18.16987298107781 -10
-8.169872981077807 1.830127018922193 -10
-8.169872981077804 18.16987298107781 -10
8.188103439148783 1.811896560851216 -10
-2.500000000000065 3.504809471616739 -10
-3.375077994860476e-14 3.504809471616702 -10
2.499999999999959 3.504809471616701 -10
4.999999999999922 3.50480947161672 -10
-4.9792885321255 3.492899947694702 -10
10 2.112482626893241 -1.341072760114338
10 11.28189726212457 7.785501216484381
10 17.8349364905389 -1.250000000000002
10 8.671007265708571 -7.880542966946084
10 6.531831444028581 7.636926467475412
10 17.85928507566945 3.802880122707588
10 13.96681413676645 -7.75925968761143
10 2.378553429932029 3.819153851866572
10 2.39478161164634 -6.034712579806596
10 15.9331586880466 7.810296156225817
10 17.88306988736042 -6.23940657679781
10 17.83858051592291 1.259530547765175
10 15.67006624650406 0.002305618608106741
10 15.66990519198218 -2.499615730231983
10 13.50484705100515 -1.249551685270644
10 13.52735568835489 1.287896135198013
10 11.34350992817672 0.006390741654564991
10 11.3403795530572 -2.498860157269345
10 9.175415378848299 -1.248744902602466
10 9.175431934723658 1.251274306508684
10 7.15083095992953 0.0004215673176961587
10 6.997197351394957 -2.412740541790376
10 7.050542045635519 2.470382507825722
10 9.181627883433045 3.745276135722403
10 4.84455543377232 1.249999999999988
10 6.904222514587254 4.921715476552656
10 9.048638446761407 6.23794110374817
10 4.538518712272182 5.857108575164421
10 11.33604206107361 5.031454420058447
10 13.53540408138126 6.445210308140712
10 13.64234036005761 3.970319713967132
10 15.72945091939161 5.288248811353382
10 11.36771797596992 2.548768575518206
10 15.68973102413504 2.554078841289812
10 13.46305964049841 -3.677155384763386
10 11.33462872403568 -4.919894767983479
10 15.45697102666675 -5.378008430647755
10 2.165063509461096 1.25
10 6.250000000000001 -7.834936490538903
10 7.478622218775755 -5.88654088914171
10 5.023614097260531 -6.024968852124058
10 11.32172868921066 -7.474016285410034
10 2.122179457735202 -3.60388508951503
10 4.440361682036282 -2.520291600863087
10 17.80748043275804 -3.811171789612924
10 8.871755260051906 -3.878667736439264
10 2.114127647140041 6.25
10 3.844375162129645 -7.980739459752207
10 16.27172611878708 -7.919079551726902
10 17.94346172881159 6.177332877430178
10 4.889727812310998 3.498547431775778
10 3.749971474408703 8.014565549766765
10 8.750000000000002 8.309285975249786
10 13.10864044343559 -5.841666911283217
10 9.526043594251437 -5.943511839520888
10 13.75 8.453248909484092
10 3.897441689279875 -0.5291767831927849
10 18.16987298107781 -8.169872981077811
10 1.830127018922193 -8.169872981077807
10 18.16987298107781 8.169872981077809
10 1.815186735605543 8.184813264394457
10 6.1825881036113 -4.20028313813803
10 5.466077423282593 -0.8423574717057125
10 3.504625025595201 2.488136537096674
10 3.945619709615801 -4.33109045042001
1.241405256291283 0.25 7.750728490491847
7.690329709726989 0.25 -1.436320002174607
-1.237499999999994 0.25 -7.756587125633514
-7.714277828832189 0.25 1.240098522052947
-3.718793285710999 0.25 7.758312527164799
7.690512683208391 0.25 3.916104563428482
3.604880752485952 0.25 -7.726015961432255
-7.636423384534769 0.25 -3.463670805925313
6.178584995586322 0.25 7.803172480760713
7.850842414185067 0.25 -6.178434576719789
-6.337417353440197 0.25 -7.839937166930945
-7.696625873289097 0.25 5.860841785129646
-1.240661673852324 0.25 7.746668389357226
0.002411616656701971 0.25 5.589240000147625
2.496438464819407 0.25 5.598106073612227
1.256255402207955 0.25 3.430375605371027
-1.261610806460299 0.25 3.43563168104333
0.00996157457296671 0.25 1.26377326730385
2.51259569260539 0.25 1.270067997031044
1.269190400909042 0.25 -0.898987667499714
-1.230954384588981 0.25 -0.9067698069430551
0.02619666757006885 0.25 -3.068375776396759
-2.473836484838225 0.25 -3.076030146749652
2.526293711445757 0.25 -3.060623026315255
-3.730486983522256 0.25 -0.9148021328588481
1.381091547171203 0.25 -5.259716442558052
-4.978411641495011 0.25 -3.168568776230419
-3.717076401726134 0.25 -5.245008617454904
-6.22140760315783 0.25 -1.01337203558673
-4.987020428734242 0.25 1.246311905494424
-6.300664840239507 0.25 3.529226975212639
-3.843230050514943 0.25 3.484571598644859
-5.071030332229767 0.25 5.657011707664267
3.782888454478992 0.25 -5.22197186756131
5.32374526958065 0.25 -2.850523029053122
3.673039563287559 0.25 3.390748804360614
4.883201207173308 0.25 1.260751975259445
3.770473292584598 0.25 -0.891348695221195
-2.507223513207959 0.25 1.26811941878076
-1.107806099713322 0.25 -5.269361993395229
-2.502722833054411 0.25 5.59127525103492
3.712499999999997 0.25 7.756587125633514
7.378650738433924 0.25 1.253297183128504
7.766998379218205 0.25 -3.817722374762851
1.137310243993128 0.25 -7.725009951592227
-3.822014949930271 0.25 -7.734518645305722
5.337382184968627 0.25 5.38617635044313
-6.082282034746521 0.25 -5.389320199618246
-6.066130688450278 0.25 7.826659730328111
7.84269493664498 0.25 6.205635868830956
5.982043334887178 0.25 -7.545438830870274
-8.066526631926726 0.25 -6.190487363211998
6.141303570470019 0.25 -5.122818135793469
-8.260328656362123 0.25 -1.237500000000007
5.809280043499894 0.25 -0.5328285136121949
5.792557275414362 0.25 3.041415775324035
-8.343538851679485 0.25 3.712499999999997
-8.088174251267025 0.25 8.088174251267025
8.088174251267025 0.25 8.088174251267025
8.088174251267025 0.25 -8.088174251267025
-8.106255775447739 0.25 -8.106255775447741
1.241405256291282 19.75 7.750728490491847
7.69032970972699 19.75 -1.436320002174607
-1.237499999999994 19.75 -7.756587125633514
-7.714277828832189 19.75 1.240098522052945
-3.718793285710999 19.75 7.758312527164799
7.690512683208391 19.75 3.916104563428482
3.604880752485953 19.75 -7.726015961432255
-7.63642338453477 19.75 -3.463670805925315
6.178584995586322 19.75 7.803172480760713
7.850842414185067 19.75 -6.178434576719788
-6.337417353440197 19.75 -7.839937166930945
-7.696625873289095 19.75 5.860841785129645
-1.240661673852325 19.75 7.746668389357227
0.002411616656701261 19.75 5.589240000147626
2.496438464819406 19.75 5.598106073612228
1.256255402207955 19.75 3.430375605371028
-1.2616108064603 19.75 3.43563168104333
0.009961574572967006 19.75 1.26377326730385
2.51259569260539 19.75 1.270067997031045
1.269190400909042 19.75 -0.8989876674997139
-1.23095438458898 19.75 -0.906769806943056
0.02619666757007101 19.75 -3.068375776396758
-2.473836484838223 19.75 -3.076030146749654
2.52629371144576 19.75 -3.060623026315253
-3.730486983522256 19.75 -0.914802132858851
1.381091547171206 19.75 -5.259716442558052
-4.978411641495011 19.75 -3.168568776230421
-3.717076401726132 19.75 -5.245008617454907
-6.221407603157832 19.75 -1.013372035586734
-4.987020428734244 19.75 1.246311905494419
-6.300664840239507 19.75 3.529226975212636
-3.843230050514941 19.75 3.484571598644854
-5.071030332229766 19.75 5.657011707664265
3.782888454478995 19.75 -5.221971867561308
5.323745269580652 19.75 -2.850523029053121
3.67303956328756 19.75 3.390748804360616
4.883201207173308 19.75 1.260751975259445
3.770473292584597 19.75 -0.8913486952211939
-2.507223513207959 19.75 1.268119418780758
-1.10780609971332 19.75 -5.269361993395229
-2.502722833054413 19.75 5.59127525103492
3.712499999999997 19.75 7.756587125633514
7.378650738433924 19.75 1.253297183128505
7.766998379218208 19.75 -3.81772237476285
1.137310243993128 19.75 -7.725009951592227
-3.822014949930271 19.75 -7.734518645305722
5.337382184968628 19.75 5.386176350443131
-6.082282034746521 19.75 -5.389320199618247
-6.066130688450278 19.75 7.826659730328111
7.84269493664498 19.75 6.205635868830957
5.982043334887179 19.75 -7.545438830870274
-8.066526631926726 19.75 -6.190487363211998
6.141303570470021 19.75 -5.122818135793469
-8.260328656362127 19.75 -1.237500000000007
5.809280043499894 19.75 -0.5328285136121944
5.792557275414363 19.75 3.041415775324036
-8.343538851679483 19.75 3.712499999999998
-8.088174251267025 19.75 8.088174251267025
8.088174251267025 19.75 8.088174251267025
8.088174251267025 19.75 -8.088174251267025
-8.106255775447739 19.75 -8.106255775447741
7.451610980034581 5.01933630205508 -7.448315587406816
-6.996078473372103 17.11921793555969 7.539979384032691
7.191411702952992 2.79508767603874 7.556842674360984
7.514257124549511 9.657228704873987 -7.158647909298985
-7.482813305155437 7.472065571199661 -7.243977409331666
-6.938615347092743 4.870220467803618 -7.551881456028108
7.195177177660431 17.23660763596028 7.531612971292516
-7.518215838938067 9.898762758026992 7.480934595041838
6.930686488277114 16.05250824855345 -7.534507059504627
-7.013454540249121 2.756224557687573 7.558706330353683
-7.610385560065712 12.66910726555453 7.553276147057716
-7.640500682738342 12.69144458626661 -7.179197284325088
7.521738833771215 12.3564584571593 -6.965097645588883
-7.522214850815002 17.20375534372279 -7.522135087548855
-7.624227938238151 10.07627569314325 -6.922419302721954
7.65302501436724 14.56383496432895 7.350789585903535
-7.393695224218179 7.207828733480938 7.537024299116026
7.57319443467181 2.529838281837088 -7.182556103498483
-7.89976864190773 14.97341743391899 6.511496380058548
7.600305389393533 9.90909497650213 7.530878995353401

CELLS 5443 24985
1 0
1 1
1 2
1 3
1 4
1 5
1 6
1 7
1 8
1 9
1 10
1 11
1 12
1 13
1 14
1 15
1 16
1 17
2 0 18
2 18 19
2 19 20
2 20 21
2 21 22
2 22 23
2 23 24
2 24 25
2 25 26
2 26 27
2 27 28
2 28 29
2 29 30
2 30 31
2 31 32
2 32 33
2 33 34
2 34 35
2 35 36
2 36 37
2 37 0
2 1 38
2 38 39
2 39 40
2 40 41
2 41 42
2 42 0
2 1 43
2 43 44
2 44 45
2 45 46
2 46 47
2 47 48
2 48 49
2 49 50
2 50 51
2 51 52
2 52 53
2 53 54
2 54 55
2 55 56
2 56 57
2 57 58
2 58 59
2 59 60
2 60 61
2 61 62
2 62 1
2 3 63
2 63 64
2 64 65
2 65 66
2 66 67
2 67 68
2 68 69
2 69 2
2 2 70
2 70 71
2 71 72
2 72 73
2 73 74
2 74 75
2 75 76
2 76 4
2 5 77
2 77 78
2 78 79
2 79 80
2 80 81
2 81 82
2 82 83
2 83 4
2 3 84
2 84 85
2 85 86
2 86 87
2 87 88
2 88 89
2 89 90
2 90 5
2 3 91
2 91 92
2 92 93
2 93 94
2 94 95
2 95 96
2 96 97
2 97 6
2 6 98
2 98 99
2 99 100
2 100 101
2 101 102
2 102 103
2 103 104
2 104 7
2 2 105
2 105 106
2 106 107
2 107 108
2 108 109
2 109 110
2 110 111
2 111 7
2 4 112
2 112 113
2 113 114
2 114 115
2 115 116
2 116 117
2 117 118
2 118 8
2 7 119
2 119 120
2 120 121
2 121 122
2 122 123
2 123 124
2 124 125
2 125 8
2 5 126
2 126 127
2 127 128
2 128 129
2 129 130
2 130 131
2 131 132
2 132 9
2 9 133
2 133 134
2 134 135
2 135 136
2 136 137
2 137 138
2 138 139
2 139 8
2 6 140
2 140 141
2 141 142
2 142 143
2 143 144
2 144 145
2 145 146
2 146 9
2 10 147
2 147 148
2 148 149
2 149 150
2 150 151
2 151 152
2 152 153
2 153 11
2 11 154
2 154 155
2 155 156
2 156 157
2 157 158
2 158 159
2 159 160
2 160 12
2 12 161
2 161 162
2 162 163
2 163 164
2 164 165
2 165 166
2 166 167
2 167 13
2 13 168
2 168 169
2 169 170
2 170 171
2 171 172
2 172 173
2 173 174
2 174 10
2 14 175
2 175 176
2 176 177
2 177 178
2 178 179
2 179 180
2 180 181
2 181 15
2 15 182
2 182 183
2 183 184
2 184 185
2 185 186
2 186 187
2 187 188
2 188 16
2 16 189
2 189 190
2 190 191
2 191 192
2 192 193
2 193 194
2 194 195
2 195 17
2 17 196
2 196 197
2 197 198
2 198 199
2 199 200
2 200 201
2 201 202
2 202 14
3 0 322 18
3 37 319 0
3 0 319 42
3 42 322 0
3 1 320 38
3 38 321 1
3 43 320 1
3 1 321 62
3 18 302 19
3 18 322 302
3 19 298 20
3 19 302 298
3 20 204 21
3 20 298 204
3 21 293 22
3 204 293 21
3 22 216 23
3 22 293 216
3 23 291 24
3 216 291 23
3 24 205 25
3 24 291 205
3 25 279 26
3 205 279 25
3 26 306 27
3 279 306 26
3 27 210 28
3 27 306 210
3 28 292 29
3 210 292 28
3 29 217 30
3 29 292 217
3 30 288 31
3 217 288 30
3 31 207 32
3 31 288 207
3 32 276 33
3 207 276 32
3 33 312 34
3 276 312 33
3 34 203 35
3 34 312 203
3 35 317 36
3 203 317 35
3 36 271 37
3 36 317 271
3 271 319 37
3 39 266 38
3 38 297 39
3 266 321 38
3 38 320 297
3 39 212 40
3 40 213 39
3 39 297 212
3 213 266 39
3 41 222 40
3 40 277 41
3 212 277 40
3 40 222 213
3 42 219 41
3 41 220 42
3 219 222 41
3 41 277 220
3 42 319 219
3 220 322 42
3 44 221 43
3 221 320 43
3 45 294 44
3 44 294 221
3 46 214 45
3 214 294 45
3 47 289 46
3 46 289 214
3 48 208 47
3 208 289 47
3 49 287 48
3 48 287 208
3 50 309 49
3 49 309 287
3 51 211 50
3 211 309 50
3 52 318 51
3 51 318 211
3 53 323 52
3 282 318 52
3 52 323 282
3 54 206 53
3 206 323 53
3 55 303 54
3 54 303 206
3 56 295 55
3 295 303 55
3 57 215 56
3 215 295 56
3 58 286 57
3 57 286 215
3 59 209 58
3 209 286 58
3 60 290 59
3 59 290 209
3 61 218 60
3 218 290 60
3 62 296 61
3 61 296 218
3 62 321 296
3 203 273 272
3 272 317 203
3 203 274 273
3 203 312 274
3 204 298 262
3 262 307 204
3 204 307 293
3 205 328 279
3 291 314 205
3 314 328 205
3 299 323 206
3 206 324 299
3 303 324 206
3 207 311 276
3 207 288 285
3 285 311 207
3 287 313 208
3 208 326 289
3 313 326 208
3 209 315 286
3 290 315 209
3 210 301 292
3 210 325 301
3 306 325 210
3 211 269 265
3 265 309 211
3 211 281 269
3 211 318 281
3 212 278 277
3 212 300 278
3 297 300 212
3 222 223 213
3 223 224 213
3 224 266 213
3 261 294 214
3 214 305 261
3 289 305 214
3 236 295 215
3 215 310 236
3 286 310 215
3 216 316 291
3 293 327 216
3 216 327 316
3 217 292 241
3 241 304 217
3 217 304 288
3 218 296 224
3 224 308 218
3 218 308 290
3 219 270 222
3 219 271 270
3 219 319 271
3 220 277 263
3 263 280 220
3 280 302 220
3 302 322 220
3 294 300 221
3 221 300 297
3 297 320 221
3 222 270 223
3 223 225 224
3 223 226 225
3 223 270 226
3 225 308 224
3 224 296 266
3 226 227 225
3 227 228 225
3 228 308 225
3 226 273 227
3 270 272 226
3 272 273 226
3 227 229 228
3 227 230 229
3 227 273 230
3 229 315 228
3 290 308 228
3 228 315 290
3 230 231 229
3 231 232 229
3 232 315 229
3 230 275 231
3 273 274 230
3 274 275 230
3 231 233 232
3 231 234 233
3 231 275 234
3 233 310 232
3 232 310 286
3 286 315 232
3 234 235 233
3 235 236 233
3 236 310 233
3 234 285 235
3 275 311 234
3 234 311 285
3 235 237 236
3 235 238 237
3 235 285 238
3 237 240 236
3 240 295 236
3 238 239 237
3 239 268 237
3 237 268 240
3 238 241 239
3 238 304 241
3 285 304 238
3 241 242 239
3 242 243 239
3 243 268 239
3 268 324 240
3 240 303 295
3 240 324 303
3 241 301 242
3 292 301 241
3 242 244 243
3 242 267 244
3 242 301 267
3 244 245 243
3 245 299 243
3 243 299 268
3 244 246 245
3 244 247 246
3 244 267 247
3 246 281 245
3 281 282 245
3 282 299 245
3 247 248 246
3 248 269 246
3 269 281 246
3 247 249 248
3 247 264 249
3 247 267 264
3 249 250 248
3 250 251 248
3 251 269 248
3 249 314 250
3 264 328 249
3 249 328 314
3 250 252 251
3 250 284 252
3 250 314 284
3 252 253 251
3 253 265 251
3 265 269 251
3 252 254 253
3 252 255 254
3 252 284 255
3 254 313 253
3 253 287 265
3 253 313 287
3 255 256 254
3 256 257 254
3 257 313 254
3 255 283 256
3 255 316 283
3 284 316 255
3 256 258 257
3 256 259 258
3 256 283 259
3 258 305 257
3 305 326 257
3 257 326 313
3 259 260 258
3 260 261 258
3 261 305 258
3 259 262 260
3 259 307 262
3 283 307 259
3 260 278 261
3 262 263 260
3 263 278 260
3 278 300 261
3 261 300 294
3 262 280 263
3 262 298 280
3 277 278 263
3 267 325 264
3 264 306 279
3 279 328 264
3 264 325 306
3 287 309 265
3 296 321 266
3 301 325 267
3 299 324 268
3 271 272 270
3 271 317 272
3 274 276 275
3 274 312 276
3 276 311 275
3 298 302 280
3 281 318 282
3 282 323 299
3 283 327 307
3 316 327 283
3 284 314 291
3 291 316 284
3 288 304 285
3 289 326 305
3 307 327 293
3 18 364 0
3 0 353 37
3 0 364 353
3 19 331 18
3 331 364 18
3 20 358 19
3 19 358 331
3 21 357 20
3 357 358 20
3 22 333 21
3 333 357 21
3 23 365 22
3 22 365 333
3 24 363 23
3 363 365 23
3 25 330 24
3 330 363 24
3 26 360 25
3 25 360 330
3 27 359 26
3 359 360 26
3 28 336 27
3 336 359 27
3 29 355 28
3 28 355 336
3 30 332 29
3 332 355 29
3 31 354 30
3 30 354 332
3 32 361 31
3 31 361 354
3 33 335 32
3 335 361 32
3 34 356 33
3 33 356 335
3 35 329 34
3 329 356 34
3 36 337 35
3 35 337 329
3 37 334 36
3 334 337 36
3 37 353 334
3 337 338 329
3 338 346 329
3 346 356 329
3 330 349 348
3 348 363 330
3 330 350 349
3 330 360 350
3 331 358 347
3 347 362 331
3 362 364 331
3 351 352 332
3 332 354 351
3 352 355 332
3 345 347 333
3 333 348 345
3 347 357 333
3 333 365 348
3 334 338 337
3 334 339 338
3 334 353 339
3 346 351 335
3 335 356 346
3 351 361 335
3 344 350 336
3 336 352 344
3 350 359 336
3 336 355 352
3 339 340 338
3 340 346 338
3 339 341 340
3 339 362 341
3 353 362 339
3 341 342 340
3 342 343 340
3 343 346 340
3 341 345 342
3 341 347 345
3 341 362 347
3 342 344 343
3 342 349 344
3 345 349 342
3 344 352 343
3 343 351 346
3 343 352 351
3 349 350 344
3 348 349 345
3 347 358 357
3 348 365 363
3 350 360 359
3 354 361 351
3 353 364 362
3 43 1 401
3 1 62 390
3 1 390 401
3 44 43 368
3 368 43 401
3 45 44 395
3 44 368 395
3 46 45 394
3 394 45 395
3 47 46 370
3 370 46 394
3 48 47 402
3 47 370 402
3 49 48 400
3 400 48 402
3 50 49 367
3 367 49 400
3 51 50 397
3 50 367 397
3 52 51 396
3 396 51 397
3 53 52 373
3 373 52 396
3 54 53 392
3 53 373 392
3 55 54 369
3 369 54 392
3 56 55 391
3 55 369 391
3 57 56 398
3 56 391 398
3 58 57 372
3 372 57 398
3 59 58 393
3 58 372 393
3 60 59 366
3 366 59 393
3 61 60 374
3 60 366 374
3 62 61 371
3 371 61 374
3 62 371 390
3 374 366 375
3 375 366 383
3 383 366 393
3 367 385 386
3 385 367 400
3 367 386 387
3 367 387 397
3 368 384 395
3 384 368 399
3 399 368 401
3 388 369 389
3 369 388 391
3 389 369 392
3 382 370 384
3 370 382 385
3 384 370 394
3 370 385 402
3 371 374 375
3 371 375 376
3 371 376 390
3 383 372 388
3 372 383 393
3 388 372 398
3 381 373 387
3 373 381 389
3 387 373 396
3 373 389 392
3 376 375 377
3 377 375 383
3 376 377 378
3 376 378 399
3 390 376 399
3 378 377 379
3 379 377 380
3 380 377 383
3 378 379 382
3 378 382 384
3 378 384 399
3 379 380 381
3 379 381 386
3 382 379 386
3 381 380 389
3 380 383 388
3 380 388 389
3 386 381 387
3 385 382 386
3 384 394 395
3 385 400 402
3 387 396 397
3 391 388 398
3 390 399 401
3 69 2 463
3 2 70 463
3 3 63 461
3 84 3 461
3 76 4 462
3 4 83 462
3 77 5 460
3 5 90 460
3 63 64 411
3 63 411 461
3 64 65 445
3 411 64 445
3 65 66 403
3 65 403 445
3 66 67 440
3 403 66 440
3 67 68 410
3 67 410 440
3 68 69 449
3 410 68 449
3 449 69 463
3 70 71 454
3 70 454 463
3 71 72 407
3 71 407 454
3 72 73 455
3 407 72 455
3 73 74 404
3 73 404 455
3 74 75 458
3 404 74 458
3 75 76 412
3 75 412 458
3 412 76 462
3 78 77 413
3 413 77 460
3 79 78 447
3 78 413 447
3 80 79 405
3 405 79 447
3 81 80 414
3 80 405 414
3 82 81 408
3 408 81 414
3 83 82 452
3 82 408 452
3 83 452 462
3 85 84 450
3 450 84 461
3 86 85 441
3 441 85 450
3 87 86 406
3 406 86 441
3 88 87 444
3 87 406 444
3 89 88 409
3 409 88 444
3 90 89 451
3 89 409 451
3 90 451 460
3 403 440 459
3 445 403 446
3 446 403 459
3 429 404 431
3 404 429 455
3 431 404 432
3 432 404 458
3 414 405 415
3 415 405 416
3 416 405 447
3 406 441 442
3 406 442 457
3 444 406 457
3 428 407 429
3 407 428 430
3 429 407 455
3 407 430 454
3 408 414 436
3 434 408 436
3 408 434 452
3 409 439 451
3 439 409 456
3 409 444 456
3 430 410 449
3 410 430 453
3 440 410 466
3 410 453 466
3 411 443 450
3 443 411 467
3 411 445 467
3 411 450 461
3 432 412 434
3 412 432 458
3 434 412 452
3 452 412 462
3 413 439 447
3 439 413 451
3 451 413 460
3 414 415 436
3 415 416 417
3 415 417 418
3 415 418 436
3 417 416 437
3 437 416 439
3 439 416 447
3 418 417 419
3 419 417 420
3 420 417 437
3 418 419 435
3 433 418 435
3 418 433 436
3 419 420 421
3 419 421 422
3 419 422 435
3 421 420 448
3 420 437 438
3 420 438 448
3 422 421 423
3 423 421 424
3 424 421 448
3 422 423 425
3 422 425 426
3 422 426 435
3 423 424 465
3 425 423 427
3 427 423 465
3 446 424 464
3 424 446 465
3 424 448 464
3 426 425 428
3 425 427 453
3 428 425 453
3 426 428 429
3 426 429 431
3 426 431 435
3 440 427 459
3 427 440 466
3 453 427 466
3 459 427 465
3 430 428 453
3 430 449 454
3 431 432 433
3 431 433 435
3 433 432 434
3 433 434 436
3 438 437 456
3 437 439 456
3 444 438 456
3 438 444 457
3 448 438 457
3 442 441 443
3 443 441 450
3 442 443 464
3 442 448 457
3 448 442 464
3 464 443 467
3 445 446 467
3 446 459 465
3 446 464 467
3 454 449 463
3 2 69 526
3 105 2 526
3 63 3 525
3 3 91 525
3 97 6 527
3 6 98 527
3 104 7 528
3 7 111 528
3 64 63 476
3 476 63 525
3 65 64 508
3 64 476 508
3 66 65 468
3 468 65 508
3 67 66 480
3 66 468 480
3 68 67 472
3 472 67 480
3 69 68 518
3 68 472 518
3 69 518 526
3 91 92 515
3 91 515 525
3 92 93 473
3 92 473 515
3 93 94 507
3 473 93 507
3 94 95 469
3 94 469 507
3 95 96 509
3 469 95 509
3 96 97 478
3 96 478 509
3 478 97 527
3 98 99 516
3 98 516 527
3 99 100 474
3 99 474 516
3 100 101 510
3 474 100 510
3 101 102 470
3 101 470 510
3 102 103 511
3 470 102 511
3 103 104 479
3 103 479 511
3 479 104 528
3 106 105 477
3 477 105 526
3 107 106 524
3 106 477 524
3 108 107 471
3 471 107 524
3 109 108 522
3 108 471 522
3 110 109 475
3 475 109 522
3 111 110 517
3 110 475 517
3 111 517 528
3 480 468 481
3 481 468 482
3 482 468 508
3 497 469 509
3 469 497 521
3 507 469 521
3 510 470 531
3 470 511 530
3 470 530 531
3 498 471 499
3 471 498 522
3 499 471 500
3 500 471 524
3 472 480 512
3 502 472 512
3 472 502 518
3 473 506 515
3 506 473 523
3 473 507 523
3 474 510 529
3 516 474 533
3 474 529 533
3 494 475 498
3 475 494 520
3 498 475 522
3 517 475 520
3 476 506 508
3 506 476 515
3 515 476 525
3 500 477 502
3 477 500 524
3 502 477 518
3 518 477 526
3 509 478 519
3 516 478 527
3 478 516 533
3 519 478 533
3 511 479 532
3 479 517 520
3 517 479 528
3 479 520 532
3 480 481 512
3 481 482 483
3 481 483 484
3 481 484 512
3 483 482 504
3 504 482 506
3 506 482 508
3 484 483 485
3 485 483 486
3 486 483 504
3 484 485 513
3 484 501 512
3 501 484 513
3 485 486 487
3 485 487 488
3 485 488 513
3 487 486 514
3 486 504 505
3 486 505 514
3 488 487 489
3 489 487 490
3 490 487 514
3 488 489 491
3 488 491 492
3 488 492 513
3 489 490 493
3 491 489 503
3 489 493 503
3 493 490 496
3 496 490 497
3 497 490 514
3 492 491 494
3 494 491 495
3 495 491 503
3 492 494 498
3 492 498 499
3 492 499 513
3 493 496 529
3 503 493 531
3 493 529 531
3 494 495 520
3 495 503 530
3 520 495 532
3 495 530 532
3 496 497 519
3 496 519 533
3 529 496 533
3 497 509 519
3 497 514 521
3 499 500 501
3 499 501 513
3 501 500 502
3 501 502 512
3 530 503 531
3 505 504 523
3 504 506 523
3 505 507 521
3 507 505 523
3 514 505 521
3 529 510 531
3 530 511 532
3 2 592 70
3 105 592 2
3 76 593 4
3 4 593 112
3 7 594 111
3 119 594 7
3 118 591 8
3 8 591 125
3 70 543 71
3 70 592 543
3 71 569 72
3 543 569 71
3 72 534 73
3 72 569 534
3 73 570 74
3 534 570 73
3 74 541 75
3 74 570 541
3 75 582 76
3 541 582 75
3 582 593 76
3 106 583 105
3 583 592 105
3 107 539 106
3 539 583 106
3 108 571 107
3 107 571 539
3 109 535 108
3 535 571 108
3 110 587 109
3 109 587 535
3 111 574 110
3 574 587 110
3 111 594 574
3 112 545 113
3 112 593 545
3 113 538 114
3 113 545 538
3 114 568 115
3 538 568 114
3 115 536 116
3 115 568 536
3 116 577 117
3 536 577 116
3 117 544 118
3 117 577 544
3 544 591 118
3 120 542 119
3 542 594 119
3 121 572 120
3 120 572 542
3 122 537 121
3 537 572 121
3 123 576 122
3 122 576 537
3 124 540 123
3 540 576 123
3 125 584 124
3 124 584 540
3 125 591 584
3 534 569 561
3 561 586 534
3 534 586 570
3 535 597 571
3 575 579 535
3 535 587 575
3 579 597 535
3 562 566 536
3 536 568 562
3 566 577 536
3 537 581 572
3 576 590 537
3 537 590 581
3 545 546 538
3 546 547 538
3 547 568 538
3 571 596 539
3 539 598 583
3 596 598 539
3 540 584 567
3 567 588 540
3 540 588 576
3 546 582 541
3 541 589 546
3 570 589 541
3 572 573 542
3 573 574 542
3 574 594 542
3 543 585 569
3 543 592 583
3 583 598 543
3 543 598 585
3 544 577 567
3 567 584 544
3 584 591 544
3 545 582 546
3 545 593 582
3 546 548 547
3 546 589 548
3 548 549 547
3 549 562 547
3 562 568 547
3 548 550 549
3 548 559 550
3 548 589 559
3 550 551 549
3 551 563 549
3 549 563 562
3 550 552 551
3 550 580 552
3 559 580 550
3 552 553 551
3 553 554 551
3 554 563 551
3 552 555 553
3 552 557 555
3 552 580 557
3 553 578 554
3 555 556 553
3 556 578 553
3 554 564 563
3 554 565 564
3 554 578 565
3 555 579 556
3 557 558 555
3 558 579 555
3 556 581 578
3 579 595 556
3 556 595 581
3 557 560 558
3 557 561 560
3 557 580 561
3 560 596 558
3 558 597 579
3 596 597 558
3 570 586 559
3 559 589 570
3 559 586 580
3 561 585 560
3 585 598 560
3 560 598 596
3 569 585 561
3 580 586 561
3 563 566 562
3 564 566 563
3 565 588 564
3 564 567 566
3 564 588 567
3 576 588 565
3 565 590 576
3 578 590 565
3 567 577 566
3 571 597 596
3 572 581 573
3 573 575 574
3 573 595 575
3 581 595 573
3 575 587 574
3 575 595 579
3 581 590 578
3 4 656 83
3 112 656 4
3 77 655 5
3 5 655 126
3 8 657 118
3 139 657 8
3 132 658 9
3 9 658 133
3 78 608 77
3 608 655 77
3 79 634 78
3 78 634 608
3 80 599 79
3 599 634 79
3 81 610 80
3 80 610 599
3 82 603 81
3 603 610 81
3 83 635 82
3 82 635 603
3 83 656 635
3 113 646 112
3 646 656 112
3 114 606 113
3 606 646 113
3 115 636 114
3 114 636 606
3 116 600 115
3 600 636 115
3 117 637 116
3 116 637 600
3 118 607 117
3 607 637 117
3 118 657 607
3 126 647 127
3 126 655 647
3 127 604 128
3 127 647 604
3 128 631 129
3 604 631 128
3 129 601 130
3 129 631 601
3 130 633 131
3 601 633 130
3 131 609 132
3 131 633 609
3 609 658 132
3 133 648 134
3 133 658 648
3 134 605 135
3 134 648 605
3 135 638 136
3 605 638 135
3 136 602 137
3 136 638 602
3 137 639 138
3 602 639 137
3 138 645 139
3 639 645 138
3 645 657 139
3 610 611 599
3 611 612 599
3 612 634 599
3 600 637 624
3 624 653 600
3 600 653 636
3 601 632 627
3 627 633 601
3 631 632 601
3 638 661 602
3 602 662 639
3 661 662 602
3 603 643 610
3 635 642 603
3 642 643 603
3 604 649 631
3 647 664 604
3 604 664 649
3 605 652 626
3 626 660 605
3 605 660 638
3 648 652 605
3 636 654 606
3 642 646 606
3 606 654 642
3 607 651 637
3 607 657 645
3 645 663 607
3 607 663 651
3 634 640 608
3 640 647 608
3 647 655 608
3 633 652 609
3 609 652 648
3 648 658 609
3 610 643 611
3 611 613 612
3 611 614 613
3 611 643 614
3 613 641 612
3 612 640 634
3 612 641 640
3 614 615 613
3 615 616 613
3 616 641 613
3 614 628 615
3 614 629 628
3 614 643 629
3 615 617 616
3 615 618 617
3 615 628 618
3 617 650 616
3 616 659 641
3 650 659 616
3 618 619 617
3 619 621 617
3 621 650 617
3 618 620 619
3 618 622 620
3 618 628 622
3 620 644 619
3 619 623 621
3 619 644 623
3 622 624 620
3 624 625 620
3 625 644 620
3 623 626 621
3 626 627 621
3 627 650 621
3 622 653 624
3 628 630 622
3 630 653 622
3 623 660 626
3 644 661 623
3 623 661 660
3 624 651 625
3 637 651 624
3 625 662 644
3 651 663 625
3 625 663 662
3 626 652 627
3 632 650 627
3 627 652 633
3 629 630 628
3 629 654 630
3 629 643 642
3 642 654 629
3 636 653 630
3 630 654 636
3 631 649 632
3 649 659 632
3 632 659 650
3 635 646 642
3 635 656 646
3 660 661 638
3 639 663 645
3 662 663 639
3 641 664 640
3 640 664 647
3 641 659 649
3 649 664 641
3 644 662 661
3 3 84 723
3 91 3 723
3 90 5 724
3 5 126 724
3 6 97 725
3 140 6 725
3 132 9 722
3 9 146 722
3 84 85 674
3 84 674 723
3 85 86 705
3 674 85 705
3 86 87 665
3 86 665 705
3 87 88 706
3 665 87 706
3 88 89 672
3 88 672 706
3 89 90 712
3 672 89 712
3 712 90 724
3 92 91 713
3 713 91 723
3 93 92 670
3 670 92 713
3 94 93 707
3 93 670 707
3 95 94 666
3 666 94 707
3 96 95 709
3 95 666 709
3 97 96 673
3 673 96 709
3 97 673 725
3 126 127 676
3 126 676 724
3 127 128 669
3 127 669 676
3 128 129 700
3 669 128 700
3 129 130 667
3 129 667 700
3 130 131 704
3 667 130 704
3 131 132 675
3 131 675 704
3 675 132 722
3 141 140 717
3 717 140 725
3 142 141 715
3 715 141 717
3 143 142 668
3 668 142 715
3 144 143 708
3 143 668 708
3 145 144 671
3 671 144 708
3 146 145 714
3 145 671 714
3 146 714 722
3 665 692 705
3 692 665 719
3 665 706 719
3 666 707 727
3 709 666 728
3 666 727 728
3 667 693 700
3 693 667 701
3 701 667 704
3 697 668 715
3 668 697 718
3 708 668 718
3 676 669 677
3 677 669 678
3 678 669 700
3 707 670 726
3 670 713 730
3 726 670 730
3 671 703 714
3 703 671 720
3 671 708 720
3 677 672 712
3 672 677 721
3 706 672 721
3 673 699 717
3 699 673 729
3 673 709 729
3 673 717 725
3 674 705 716
3 674 713 723
3 713 674 730
3 674 716 730
3 675 703 704
3 703 675 714
3 714 675 722
3 676 677 712
3 676 712 724
3 677 678 679
3 677 679 721
3 679 678 680
3 680 678 693
3 693 678 700
3 679 680 681
3 679 681 690
3 679 690 721
3 681 680 682
3 682 680 702
3 680 693 702
3 681 682 683
3 681 683 711
3 690 681 711
3 683 682 684
3 684 682 685
3 685 682 702
3 683 684 686
3 683 686 688
3 683 688 711
3 684 685 694
3 686 684 687
3 687 684 694
3 694 685 695
3 695 685 696
3 696 685 702
3 686 687 710
3 688 686 689
3 689 686 710
3 687 694 697
3 687 697 698
3 687 698 710
3 688 689 691
3 688 691 692
3 688 692 711
3 691 689 726
3 689 710 727
3 726 689 727
3 706 690 719
3 690 706 721
3 690 711 719
3 692 691 716
3 716 691 730
3 691 726 730
3 705 692 716
3 711 692 719
3 693 701 702
3 694 695 718
3 697 694 718
3 695 696 720
3 695 708 718
3 708 695 720
3 701 696 702
3 696 701 703
3 696 703 720
3 698 697 699
3 699 697 715
3 698 699 729
3 710 698 728
3 728 698 729
3 699 715 717
3 703 701 704
3 707 726 727
3 709 728 729
3 727 710 728
3 6 789 98
3 140 789 6
3 104 791 7
3 7 791 119
3 125 790 8
3 8 790 139
3 133 788 9
3 9 788 146
3 98 739 99
3 98 789 739
3 99 773 100
3 739 773 99
3 100 731 101
3 100 773 731
3 101 768 102
3 731 768 101
3 102 738 103
3 102 768 738
3 103 777 104
3 738 777 103
3 777 791 104
3 119 782 120
3 119 791 782
3 120 735 121
3 120 782 735
3 121 783 122
3 735 783 121
3 122 732 123
3 122 783 732
3 123 786 124
3 732 786 123
3 124 740 125
3 124 786 740
3 740 790 125
3 134 741 133
3 741 788 133
3 135 775 134
3 134 775 741
3 136 733 135
3 733 775 135
3 137 742 136
3 136 742 733
3 138 736 137
3 736 742 137
3 139 780 138
3 138 780 736
3 139 790 780
3 141 778 140
3 778 789 140
3 142 769 141
3 769 778 141
3 143 734 142
3 734 769 142
3 144 772 143
3 143 772 734
3 145 737 144
3 737 772 144
3 146 779 145
3 145 779 737
3 146 788 779
3 731 787 768
3 773 774 731
3 774 787 731
3 757 759 732
3 732 783 757
3 759 760 732
3 760 786 732
3 742 743 733
3 743 744 733
3 744 775 733
3 734 770 769
3 734 785 770
3 772 785 734
3 756 757 735
3 735 758 756
3 757 783 735
3 735 782 758
3 736 764 742
3 762 764 736
3 736 780 762
3 737 779 767
3 767 784 737
3 737 784 772
3 758 777 738
3 738 781 758
3 768 794 738
3 738 794 781
3 739 778 771
3 771 795 739
3 739 795 773
3 739 789 778
3 760 762 740
3 740 786 760
3 762 780 740
3 780 790 740
3 741 775 767
3 767 779 741
3 779 788 741
3 742 764 743
3 743 745 744
3 743 746 745
3 743 764 746
3 745 765 744
3 765 767 744
3 767 775 744
3 746 747 745
3 747 748 745
3 748 765 745
3 746 763 747
3 761 763 746
3 746 764 761
3 747 749 748
3 747 750 749
3 747 763 750
3 749 776 748
3 748 766 765
3 748 776 766
3 750 751 749
3 751 752 749
3 752 776 749
3 750 753 751
3 750 754 753
3 750 763 754
3 751 793 752
3 753 755 751
3 755 793 751
3 774 792 752
3 752 793 774
3 752 792 776
3 754 756 753
3 753 781 755
3 756 781 753
3 754 757 756
3 754 759 757
3 754 763 759
3 768 787 755
3 755 794 768
3 781 794 755
3 787 793 755
3 758 781 756
3 758 782 777
3 759 761 760
3 759 763 761
3 761 762 760
3 761 764 762
3 766 784 765
3 765 784 767
3 772 784 766
3 766 785 772
3 776 785 766
3 770 771 769
3 771 778 769
3 770 792 771
3 770 785 776
3 776 792 770
3 792 795 771
3 773 795 774
3 774 793 787
3 774 795 792
3 782 791 777
3 147 853 10
3 10 853 174
3 11 854 153
3 154 854 11
3 12 855 160
3 161 855 12
3 13 856 167
3 168 856 13
3 148 844 147
3 844 853 147
3 149 800 148
3 800 844 148
3 150 808 149
3 149 808 800
3 151 796 150
3 796 808 150
3 152 837 151
3 151 837 796
3 153 804 152
3 804 837 152
3 153 854 804
3 155 845 154
3 845 854 154
3 156 801 155
3 801 845 155
3 157 838 156
3 156 838 801
3 158 797 157
3 797 838 157
3 159 839 158
3 158 839 797
3 160 805 159
3 805 839 159
3 160 855 805
3 162 846 161
3 846 855 161
3 163 802 162
3 802 846 162
3 164 840 163
3 163 840 802
3 165 798 164
3 798 840 164
3 166 841 165
3 165 841 798
3 167 806 166
3 806 841 166
3 167 856 806
3 169 847 168
3 847 856 168
3 170 803 169
3 803 847 169
3 171 849 170
3 170 849 803
3 172 799 171
3 799 849 171
3 173 852 172
3 172 852 799
3 174 807 173
3 807 852 173
3 174 853 807
3 796 809 808
3 796 810 809
3 796 837 810
3 797 839 830
3 830 850 797
3 797 850 838
3 823 835 798
3 798 841 823
3 835 840 798
3 799 825 824
3 824 849 799
3 799 826 825
3 799 852 826
3 808 836 800
3 800 836 828
3 828 844 800
3 838 851 801
3 842 845 801
3 801 851 842
3 821 829 802
3 802 840 821
3 829 846 802
3 803 824 822
3 822 843 803
3 803 849 824
3 843 847 803
3 804 842 837
3 804 845 842
3 804 854 845
3 805 848 839
3 846 848 805
3 805 855 846
3 806 843 841
3 806 847 843
3 806 856 847
3 807 828 826
3 826 852 807
3 807 844 828
3 807 853 844
3 809 836 808
3 810 811 809
3 811 812 809
3 812 836 809
3 810 831 811
3 810 842 831
3 837 842 810
3 811 813 812
3 811 814 813
3 811 831 814
3 813 834 812
3 812 834 827
3 827 836 812
3 814 815 813
3 815 816 813
3 816 834 813
3 814 833 815
3 831 832 814
3 832 833 814
3 815 817 816
3 815 819 817
3 815 833 819
3 817 818 816
3 818 820 816
3 820 834 816
3 817 835 818
3 819 821 817
3 821 835 817
3 818 822 820
3 818 823 822
3 818 835 823
3 819 829 821
3 819 830 829
3 819 833 830
3 822 824 820
3 824 825 820
3 825 834 820
3 821 840 835
3 823 843 822
3 841 843 823
3 826 827 825
3 827 834 825
3 826 828 827
3 828 836 827
3 830 848 829
3 829 848 846
3 833 850 830
3 839 848 830
3 831 851 832
3 842 851 831
3 832 850 833
3 838 850 832
3 832 851 838
3 175 914 14
3 14 914 202
3 15 915 181
3 182 915 15
3 16 916 188
3 189 916 16
3 17 917 195
3 196 917 17
3 176 905 175
3 905 914 175
3 177 861 176
3 861 905 176
3 178 869 177
3 177 869 861
3 179 857 178
3 857 869 178
3 180 898 179
3 179 898 857
3 181 865 180
3 865 898 180
3 181 915 865
3 183 906 182
3 906 915 182
3 184 862 183
3 862 906 183
3 185 899 184
3 184 899 862
3 186 858 185
3 858 899 185
3 187 900 186
3 186 900 858
3 188 866 187
3 866 900 187
3 188 916 866
3 190 907 189
3 907 916 189
3 191 863 190
3 863 907 190
3 192 901 191
3 191 901 863
3 193 859 192
3 859 901 192
3 194 902 193
3 193 902 859
3 195 867 194
3 867 902 194
3 195 917 867
3 197 908 196
3 908 917 196
3 198 864 197
3 864 908 197
3 199 910 198
3 198 910 864
3 200 860 199
3 860 910 199
3 201 913 200
3 200 913 860
3 202 868 201
3 868 913 201
3 202 914 868
3 857 870 869
3 857 871 870
3 857 898 871
3 858 900 891
3 891 911 858
3 858 911 899
3 884 896 859
3 859 902 884
3 896 901 859
3 860 886 885
3 885 910 860
3 860 887 886
3 860 913 887
3 869 897 861
3 861 897 889
3 889 905 861
3 899 912 862
3 903 906 862
3 862 912 903
3 882 890 863
3 863 901 882
3 890 907 863
3 864 885 883
3 883 904 864
3 864 910 885
3 904 908 864
3 865 903 898
3 865 906 903
3 865 915 906
3 866 909 900
3 907 909 866
3 866 916 907
3 867 904 902
3 867 908 904
3 867 917 908
3 868 889 887
3 887 913 868
3 868 905 889
3 868 914 905
3 870 897 869
3 871 872 870
3 872 873 870
3 873 897 870
3 871 892 872
3 871 903 892
3 898 903 871
3 872 874 873
3 872 875 874
3 872 892 875
3 874 895 873
3 873 895 888
3 888 897 873
3 875 876 874
3 876 877 874
3 877 895 874
3 875 894 876
3 892 893 875
3 893 894 875
3 876 878 877
3 876 880 878
3 876 894 880
3 878 879 877
3 879 881 877
3 881 895 877
3 878 896 879
3 880 882 878
3 882 896 878
3 879 883 881
3 879 884 883
3 879 896 884
3 880 890 882
3 880 891 890
3 880 894 891
3 883 885 881
3 885 886 881
3 886 895 881
3 882 901 896
3 884 904 883
3 902 904 884
3 887 888 886
3 888 895 886
3 887 889 888
3 889 897 888
3 891 909 890
3 890 909 907
3 894 911 891
3 900 909 891
3 892 912 893
3 903 912 892
3 893 911 894
3 899 911 893
3 893 912 899
4 572 294 735 920
4 472 67 68 852
4 572 261 581 937
4 617 619 618 876
4 894 880 876 621
4 572 735 261 937
4 887 868 889 642
4 576 588 933 937
4 856 55 806 923
4 847 55 856 923
4 294 572 735 261
4 599 80 79 910
4 468 65 66 849
4 889 642 606 654
4 770 769 918 921
4 294 572 573 920
4 461 411 856 923
4 873 888 897 629
4 713 806 55 923
4 847 411 55 923
4 758 735 294 920
4 715 918 769 921
4 572 581 537 937
4 461 856 723 923
4 847 856 411 923
4 770 918 265 921
4 263 933 588 937
4 833 819 490 815
4 810 811 831 494
4 672 929 677 931
4 677 929 217 931
4 868 642 603 635
4 217 721 304 929
4 872 622 620 618
4 732 933 760 937
4 269 918 697 921
4 543 585 927 934
4 620 624 622 872
4 572 294 300 261
4 450 411 461 923
4 262 760 933 937
4 723 713 674 923
4 300 572 261 581
4 542 572 782 920
4 614 613 881 611
4 481 483 820 484
4 218 927 585 934
4 56 55 411 295
4 668 715 769 921
4 758 294 735 261
4 272 928 271 936
4 261 300 581 937
4 572 735 782 920
4 806 55 856 847
4 543 569 585 934
4 734 668 769 921
4 217 929 288 931
4 55 730 713 923
4 411 295 55 923
4 572 537 735 937
4 892 871 903 624
4 573 294 300 572
4 543 927 454 934
4 205 926 767 930
4 288 929 439 931
4 494 492 811 491
4 461 674 450 923
4 546 271 928 936
4 770 734 769 921
4 720 279 328 926
4 248 921 695 930
4 760 759 732 937
4 218 430 927 934
4 263 280 588 933
4 546 919 317 936
4 546 271 589 928
4 866 741 24 926
4 626 623 621 891
4 866 24 25 926
4 270 925 559 928
4 542 573 572 920
4 328 720 926 930
4 409 439 929 931
4 819 821 829 497
4 576 933 732 937
4 217 304 288 929
4 454 927 430 934
4 713 55 54 730
4 532 495 520 842
4 770 265 251 921
4 586 925 223 934
4 262 759 760 937
4 530 503 495 851
4 217 677 721 929
4 461 723 674 923
4 487 815 489 490
4 303 730 55 923
4 493 850 503 531
4 623 661 644 911
4 569 543 454 934
4 897 630 654 636
4 249 248 695 930
4 265 918 269 921
4 262 933 263 937
4 477 500 800 524
4 221 573 44 920
4 56 55 847 411
4 806 55 54 713
4 672 721 677 929
4 757 261 735 937
4 522 796 475 498
4 830 490 496 493
4 409 929 672 931
4 270 226 925 928
4 303 54 55 730
4 782 735 758 920
4 218 308 430 934
4 271 546 317 936
4 876 617 619 621
4 314 205 767 930
4 248 718 695 921
4 871 653 600 624
4 676 677 29 931
4 518 807 502 472
4 271 317 272 936
4 720 703 279 926
4 25 26 675 926
4 826 807 852 472
4 294 758 214 261
4 50 673 729 935
4 49 309 795 935
4 314 767 784 930
4 720 279 264 328
4 912 625 662 644
4 907 189 609 916
4 559 270 223 925
4 729 50 51 673
4 24 767 205 926
4 706 690 929 932
4 803 169 847 508
4 238 304 721 929
4 300 573 572 581
4 741 767 24 926
4 238 929 690 932
4 863 882 890 627
4 443 922 295 923
4 795 309 771 935
4 467 56 411 295
4 735 756 758 261
4 430 308 428 934
4 218 585 224 934
4 278 581 300 937
4 783 735 537 937
4 221 575 44 573
4 442 457 236 922
4 767 926 737 930
4 252 250 785 251
4 328 249 720 930
4 457 236 922 932
4 671 926 720 930
4 784 767 737 930
4 586 223 224 934
4 238 690 719 932
4 456 439 288 929
4 866 916 741 926
4 541 546 928 936
4 431 925 226 928
4 695 720 249 930
4 695 921 708 930
4 294 221 44 920
4 217 30 29 931
4 261 278 300 937
4 585 218 598 927
4 721 690 238 929
4 456 288 285 929
4 824 822 820 482
4 786 732 576 933
4 777 758 45 920
4 718 248 269 921
4 50 729 211 935
4 589 541 546 928
4 295 411 443 923
4 270 226 223 925
4 411 467 295 443
4 29 677 217 931
4 252 250 766 785
4 35 919 452 936
4 574 44 573 920
4 546 271 317 919
4 449 60 430 927
4 294 573 221 920
4 785 251 250 921
4 712 451 409 931
4 20 762 780 924
4 718 269 697 921
4 197 864 908 634
4 205 328 926 930
4 263 262 280 933
4 264 249 720 328
4 431 227 226 925
4 21 20 762 736
4 718 248 246 269
4 468 508 803 482
4 408 34 35 434
4 261 735 756 757
4 841 823 843 506
4 864 634 599 612
4 429 228 225 934
4 174 807 853 518
4 237 711 268 719
4 729 918 211 935
4 692 268 711 719
4 719 690 706 932
4 49 795 739 935
4 780 762 20 736
4 35 452 434 936
4 211 699 697 918
4 409 672 712 931
4 407 569 454 934
4 771 287 309 795
4 712 672 677 931
4 51 50 729 211
4 625 651 903 663
4 695 718 708 921
4 324 240 716 923
4 451 439 409 931
4 788 741 916 926
4 868 202 914 635
4 262 260 759 937
4 602 661 899 662
4 530 838 470 531
4 721 304 238 241
4 675 26 703 926
4 324 716 303 923
4 225 925 429 934
4 236 295 443 922
4 786 576 540 933
4 454 430 407 934
4 452 408 35 434
4 586 224 561 934
4 443 442 236 922
4 703 279 264 720
4 574 44 575 573
4 457 235 236 932
4 308 218 430 290
4 439 413 31 931
4 817 821 514 835
4 699 918 729 935
4 760 761 262 933
4 762 20 204 924
4 429 225 227 925
4 265 269 251 921
4 309 918 771 935
4 757 754 258 759
4 636 869 115 114
4 668 718 697 921
4 719 922 237 932
4 567 302 19 924
4 756 214 758 261
4 758 294 214 920
4 559 589 270 928
4 719 237 238 932
4 758 45 738 777
4 259 260 258 759
4 770 251 785 921
4 26 279 703 926
4 590 537 581 937
4 259 258 754 759
4 225 429 227 228
4 110 475 837 517
4 561 224 585 934
4 456 288 439 285
4 457 236 448 442
4 439 31 288 931
4 588 540 576 933
4 771 792 287 795
4 762 924 204 933
4 719 692 237 922
4 771 265 770 918
4 585 218 296 598
4 692 237 268 719
4 766 785 250 921
4 450 443 411 923
4 262 761 204 933
4 845 801 45 777
4 690 721 238 241
4 226 273 431 928
4 248 695 718 694
4 280 567 588 933
4 223 586 559 925
4 60 449 430 410
4 280 565 588 564
4 757 260 261 937
4 795 771 739 935
4 694 697 718 246
4 716 240 324 692
4 868 887 913 603
4 211 697 269 918
4 428 228 429 934
4 582 919 541 936
4 541 919 546 936
4 647 608 904 640
4 690 238 719 239
4 20 21 762 204
4 203 35 34 434
4 296 218 585 224
4 258 261 757 260
4 246 697 718 269
4 25 26 907 675
4 758 214 45 920
4 559 925 570 928
4 260 757 258 759
4 205 314 328 930
4 241 721 304 217
4 259 262 260 759
4 913 35 408 34
4 643 888 629 642
4 290 430 308 428
4 224 223 586 580
4 718 248 694 246
4 862 780 20 736
4 567 19 544 924
4 776 252 785 251
4 844 61 583 539
4 247 249 248 695
4 586 561 224 580
4 302 298 19 924
4 757 735 783 937
4 771 792 265 309
4 236 464 442 443
4 430 60 290 927
4 699 729 673 935
4 695 248 247 694
4 716 240 692 923
4 756 258 261 757
4 505 507 835 521
4 719 237 711 239
4 868 408 35 452
4 906 780 20 862
4 590 581 278 937
4 792 771 287 309
4 431 429 227 925
4 706 690 721 929
4 614 888 629 643
4 708 720 695 930
4 609 907 652 633
4 237 719 238 239
4 285 439 456 437
4 846 51 50 673
4 546 545 36 919
4 539 800 844 61
4 432 928 273 936
4 757 759 260 937
4 430 290 218 927
4 45 845 777 920
4 785 770 776 251
4 699 211 729 918
4 691 303 324 716
4 35 913 408 868
4 249 247 264 695
4 296 61 598 927
4 721 241 679 217
4 788 916 722 926
4 713 54 670 730
4 457 448 236 235
4 737 926 671 930
4 224 585 296 560
4 884 664 640 641
4 675 703 26 704
4 801 738 45 777
4 438 929 285 932
4 426 227 429 228
4 296 598 218 927
4 25 675 907 926
4 698 697 211 699
4 862 20 21 736
4 561 585 224 560
4 306 703 26 279
4 766 921 250 930
4 428 308 228 934
4 673 50 846 935
4 630 636 870 653
4 582 546 541 919
4 697 269 281 211
4 45 738 214 758
4 698 697 281 211
4 916 675 722 926
4 694 248 247 246
4 237 268 711 239
4 766 314 784 930
4 679 721 217 677
4 273 432 431 928
4 160 159 805 516
4 464 236 295 443
4 766 252 785 776
4 500 471 800 524
4 205 25 24 926
4 20 780 906 924
4 738 46 45 214
4 834 816 485 820
4 869 870 897 636
4 409 439 456 929
4 539 61 583 598
4 676 669 29 677
4 567 298 302 924
4 792 770 771 265
4 895 877 881 615
4 431 227 273 226
4 60 449 807 927
4 434 203 35 936
4 289 46 794 781
4 866 25 907 926
4 253 770 265 251
4 25 279 26 926
4 709 729 51 673
4 287 265 792 309
4 786 760 732 933
4 215 467 464 443
4 807 449 60 410
4 767 765 314 784
4 307 204 262 761
4 413 908 31 931
4 544 577 19 567
4 567 280 298 933
4 771 309 265 918
4 303 716 730 923
4 696 264 247 695
4 713 730 674 923
4 823 822 843 506
4 452 35 868 919
4 262 760 759 761
4 270 548 271 589
4 567 298 924 933
4 182 183 906 645
4 19 577 544 865
4 577 302 19 567
4 766 250 314 930
4 441 450 705 923
4 467 215 295 443
4 719 665 922 932
4 240 922 692 923
4 61 583 598 927
4 692 240 237 922
4 583 61 844 927
4 866 907 916 926
4 209 59 453 466
4 514 487 490 819
4 565 576 590 937
4 280 302 567 298
4 796 810 837 475
4 545 546 36 538
4 290 59 60 410
4 544 19 865 924
4 903 871 651 624
4 844 583 148 539
4 866 775 24 741
4 565 590 263 937
4 60 852 410 59
4 699 717 918 935
4 60 430 290 410
4 222 550 559 580
4 268 240 237 692
4 587 44 575 574
4 769 771 770 918
4 713 54 806 841
4 433 432 273 936
4 225 228 308 934
4 253 776 770 251
4 739 839 49 805
4 885 864 910 599
4 691 730 303 716
4 676 29 902 867
4 258 756 754 757
4 546 36 271 919
4 218 290 60 927
4 264 696 703 720
4 285 207 439 437
4 235 438 285 932
4 852 60 410 807
4 291 314 205 767
4 431 404 925 928
4 800 539 844 148
4 284 765 766 784
4 575 43 44 587
4 545 36 905 538
4 739 805 49 935
4 507 94 93 798
4 314 284 766 784
4 207 439 288 285
4 775 24 900 866
4 45 46 738 801
4 291 205 24 767
4 788 779 741 926
4 36 545 905 919
4 803 824 849 468
4 699 673 717 935
4 430 428 407 934
4 155 801 845 777
4 538 36 905 861
4 559 586 570 925
4 265 792 770 253
4 443 441 922 923
4 413 439 31 447
4 54 713 670 841
4 300 221 294 573
4 56 411 169 445
4 126 867 647 655
4 214 756 305 261
4 739 159 839 805
4 805 839 848 533
4 866 187 775 741
4 704 703 26 306
4 296 218 61 927
4 837 44 587 574
4 741 775 24 767
4 765 314 291 767
4 653 870 630 622
4 674 705 450 923
4 779 714 737 926
4 765 284 314 784
4 741 779 767 926
4 464 295 215 443
4 272 273 928 936
4 450 85 441 705
4 846 709 51 673
4 588 280 564 567
4 298 204 20 924
4 716 324 691 692
4 900 187 775 866
4 738 794 46 781
4 279 306 703 264
4 428 308 290 228
4 204 924 298 933
4 428 426 429 228
4 916 907 675 926
4 720 671 703 926
4 839 49 773 739
4 538 546 36 271
4 577 180 544 865
4 788 722 779 926
4 716 692 705 923
4 577 19 898 865
4 410 453 59 466
4 740 924 762 933
4 214 294 45 920
4 565 590 578 263
4 270 550 548 559
4 766 250 284 314
4 302 564 280 567
4 263 565 588 280
4 736 762 21 764
4 44 837 804 574
4 456 285 438 929
4 222 550 270 559
4 546 271 548 589
4 159 839 773 739
4 737 714 671 926
4 445 56 411 467
4 570 589 559 928
4 431 227 429 426
4 714 779 722 926
4 575 44 43 221
4 309 287 49 795
4 812 834 513 827
4 268 324 240 692
4 317 271 36 919
4 411 847 56 169
4 227 225 226 925
4 804 44 574 920
4 779 737 767 926
4 559 223 222 580
4 654 629 630 897
4 292 29 678 677
4 56 467 215 295
4 433 273 203 936
4 20 865 19 924
4 222 550 548 270
4 26 907 675 704
4 692 922 705 923
4 85 450 674 705
4 266 557 561 560
4 433 431 273 432
4 905 176 538 861
4 258 305 756 261
4 534 925 586 934
4 773 49 795 739
4 292 217 29 677
4 908 413 31 447
4 235 457 438 932
4 240 295 922 923
4 726 54 206 691
4 801 155 738 777
4 780 862 183 736
4 804 45 44 920
4 582 541 412 936
4 269 246 697 281
4 439 288 31 207
4 224 266 561 560
4 176 545 905 538
4 541 458 412 936
4 448 235 438 234
4 899 184 602 639
4 120 782 542 572
4 533 805 516 478
4 719 665 692 922
4 484 513 827 501
4 587 152 837 574
4 263 565 280 564
4 697 699 715 918
4 862 184 899 639
4 786 732 123 576
4 169 803 56 445
4 324 303 240 923
4 818 823 835 505
4 453 425 428 228
4 443 441 442 922
4 678 29 669 677
4 669 29 902 676
4 712 89 409 451
4 690 719 711 239
4 862 906 780 183
4 775 291 24 767
4 714 737 145 779
4 705 86 441 922
4 766 772 785 921
4 740 780 762 924
4 19 18 302 577
4 247 244 685 246
4 296 61 62 539
4 902 194 676 867
4 607 645 906 663
4 457 448 235 438
4 214 305 756 781
4 236 295 215 464
4 766 772 921 930
4 180 577 898 865
4 539 296 61 598
4 221 300 595 573
4 452 919 412 936
4 805 49 50 848
4 281 246 697 687
4 764 762 21 204
4 49 805 50 935
4 35 36 905 919
4 817 815 487 819
4 567 924 584 933
4 406 665 87 932
4 162 709 846 673
4 60 844 61 927
4 36 37 538 271
4 270 223 222 559
4 561 557 224 580
4 756 305 258 753
4 288 31 30 931
4 211 729 698 699
4 754 756 258 753
4 737 671 144 930
4 548 270 559 589
4 771 918 778 935
4 165 54 53 670
4 218 224 308 934
4 909 24 25 866
4 841 843 806 506
4 561 557 266 224
4 141 717 778 918
4 671 708 144 930
4 665 706 87 932
4 804 837 152 574
4 766 250 252 284
4 769 141 778 918
4 548 219 222 270
4 409 672 89 712
4 694 685 244 246
4 235 448 233 234
4 86 406 441 922
4 441 705 922 923
4 730 54 726 691
4 737 714 145 671
4 292 679 217 677
4 169 803 847 56
4 449 430 454 927
4 913 201 408 868
4 694 247 685 246
4 864 883 904 640
4 223 559 586 580
4 443 450 441 923
4 449 807 173 410
4 756 214 781 758
4 580 557 224 213
4 71 407 569 454
4 229 227 230 426
4 452 868 914 919
4 20 906 865 924
4 868 201 408 452
4 166 670 713 841
4 447 439 31 207
4 306 701 703 264
4 572 120 782 735
4 238 285 929 932
4 123 540 786 576
4 582 412 919 936
4 211 729 51 318
4 285 438 234 437
4 239 690 238 241
4 703 704 701 306
4 448 233 236 235
4 708 921 772 930
4 45 804 845 920
4 690 721 241 679
4 844 60 61 828
4 598 296 585 560
4 543 71 569 454
4 853 807 449 927
4 438 235 285 234
4 452 914 462 919
4 31 197 908 447
4 444 87 706 932
4 792 776 770 253
4 246 694 697 687
4 541 928 458 936
4 143 772 708 921
4 852 472 67 480
4 35 36 889 905
4 772 144 708 930
4 548 219 550 222
4 35 905 868 919
4 556 278 578 581
4 304 285 288 929
4 864 197 908 31
4 248 250 921 930
4 539 800 61 62
4 754 258 259 256
4 226 272 273 928
4 410 807 173 852
4 467 445 56 215
4 853 449 463 927
4 262 263 260 937
4 713 806 166 841
4 795 287 49 773
4 585 598 543 927
4 705 665 86 922
4 27 26 704 191
4 43 44 587 837
4 296 266 224 560
4 307 259 763 761
4 290 453 428 228
4 719 706 665 932
4 685 696 267 247
4 425 453 315 228
4 696 703 701 264
4 236 240 295 922
4 737 144 772 930
4 688 324 268 692
4 690 239 681 241
4 864 197 31 447
4 534 586 561 934
4 691 303 206 324
4 278 263 590 937
4 194 669 902 676
4 258 754 257 750
4 538 546 271 547
4 438 285 456 437
4 444 406 87 932
4 464 424 310 448
4 588 567 540 933
4 781 214 738 758
4 865 20 19 903
4 491 831 495 503
4 434 433 203 936
4 444 706 929 932
4 769 715 141 918
4 435 431 227 273
4 763 754 259 256
4 229 230 435 426
4 665 406 86 922
4 708 668 143 921
4 236 464 448 442
4 715 717 141 918
4 60 807 844 927
4 221 595 575 573
4 770 785 734 921
4 717 789 778 935
4 806 54 55 841
4 702 696 325 267
4 573 300 595 581
4 217 241 679 292
4 227 435 230 426
4 48 49 287 773
4 569 561 585 934
4 318 728 729 709
4 406 922 665 932
4 851 395 394 831
4 444 929 438 932
4 759 763 259 761
4 45 44 842 804
4 684 685 244 694
4 580 224 223 213
4 248 249 250 930
4 730 54 670 726
4 318 729 51 709
4 678 679 292 677
4 739 771 778 935
4 277 554 565 564
4 257 754 258 753
4 214 738 46 781
4 51 728 318 709
4 717 778 918 935
4 190 675 907 704
4 241 680 681 679
4 430 453 290 410
4 75 412 541 458
4 674 730 716 923
4 445 57 56 215
4 754 257 750 753
4 867 902 30 29
4 247 685 696 695
4 143 734 772 921
4 293 22 21 742
4 290 453 430 428
4 734 143 668 921
4 46 289 214 781
4 708 671 720 930
4 462 593 582 919
4 679 241 680 292
4 234 438 448 420
4 413 908 197 447
4 236 310 233 448
4 117 865 607 118
4 271 37 538 547
4 28 29 193 669
4 462 582 412 919
4 777 854 791 920
4 233 310 424 448
4 217 288 30 931
4 317 919 35 936
4 794 47 46 289
4 227 431 435 426
4 437 234 285 311
4 197 198 864 634
4 868 35 889 905
4 239 683 711 681
4 750 257 258 256
4 764 204 293 307
4 696 264 267 247
4 406 457 922 932
4 845 854 777 920
4 244 684 694 246
4 871 358 19 331
4 883 884 904 640
4 469 94 507 840
4 539 62 296 596
4 24 23 291 775
4 258 754 750 256
4 75 412 582 541
4 52 709 163 666
4 395 810 44 368
4 124 584 740 933
4 444 706 88 929
4 680 681 242 241
4 324 688 691 692
4 238 235 285 932
4 281 698 211 318
4 439 451 413 931
4 438 234 437 420
4 712 677 676 931
4 598 539 296 596
4 272 226 270 928
4 442 406 457 922
4 777 782 758 920
4 310 236 464 448
4 899 742 21 22
4 520 837 475 517
4 278 578 581 590
4 725 789 717 935
4 698 729 211 318
4 564 302 566 567
4 874 872 339 341
4 376 811 813 378
4 278 578 590 263
4 183 184 862 639
4 124 740 786 933
4 807 60 844 828
4 429 407 428 934
4 798 835 523 507
4 752 793 313 774
4 404 429 431 925
4 696 264 325 267
4 455 534 72 934
4 200 860 34 414
4 873 353 334 339
4 390 812 371 376
4 290 453 59 410
4 540 584 124 933
4 88 706 672 929
4 227 230 435 273
4 422 229 435 426
4 445 467 446 215
4 794 755 47 289
4 803 847 843 508
4 790 915 780 924
4 795 774 287 773
4 431 432 404 928
4 241 681 690 679
4 425 229 426 228
4 247 685 695 694
4 452 462 412 919
4 802 709 51 846
4 452 412 434 936
4 540 124 786 933
4 764 204 307 761
4 865 903 906 20
4 53 707 165 670
4 744 291 775 767
4 872 339 873 874
4 812 376 811 813
4 915 906 780 924
4 349 891 894 348
4 830 386 833 385
4 219 548 271 270
4 289 753 305 781
4 300 556 595 581
4 768 838 46 47
4 897 873 353 334
4 836 390 812 371
4 592 463 454 927
4 893 357 912 347
4 732 759 757 937
4 222 40 551 552
4 707 52 164 666
4 551 550 222 552
4 577 566 302 567
4 34 200 414 408
4 774 48 287 773
4 204 764 762 761
4 845 45 842 804
4 243 683 711 239
4 773 48 49 839
4 683 239 242 681
4 627 633 863 601
4 534 569 72 934
4 891 349 330 348
4 830 386 385 367
4 409 88 672 929
4 573 542 574 920
4 773 158 48 839
4 293 743 22 742
4 670 165 54 841
4 153 594 854 804
4 584 924 740 933
4 790 740 584 924
4 26 27 704 306
4 790 584 591 924
4 239 243 683 242
4 437 285 207 311
4 763 259 754 759
4 261 260 278 937
4 314 284 765 291
4 686 683 243 684
4 252 748 766 284
4 252 776 253 251
4 245 686 243 684
4 912 358 357 903
4 851 395 842 394
4 804 594 854 920
4 61 836 374 371
4 212 278 578 556
4 272 203 273 936
4 549 41 550 222
4 711 690 239 681
4 566 302 18 577
4 21 764 293 742
4 234 448 233 420
4 557 266 224 213
4 876 877 344 342
4 816 381 379 815
4 673 855 725 935
4 859 193 902 604
4 455 72 407 934
4 453 290 315 228
4 421 233 234 231
4 256 747 750 254
4 565 578 554 277
4 307 293 764 746
4 446 57 445 215
4 363 858 911 365
4 400 402 850 797
4 265 211 269 918
4 278 556 300 581
4 455 429 925 934
4 267 702 696 685
4 368 811 399 831
4 872 892 331 362
4 290 59 453 209
4 326 753 305 289
4 56 55 843 847
4 456 438 444 929
4 18 19 898 577
4 19 871 903 358
4 749 254 252 253
4 722 675 714 926
4 301 680 241 292
4 592 454 543 927
4 316 745 765 291
4 567 584 540 933
4 26 27 863 191
4 842 395 810 44
4 407 72 569 934
4 191 704 27 667
4 21 764 204 293
4 549 41 551 550
4 711 268 688 243
4 428 425 426 228
4 554 41 551 563
4 203 317 35 936
4 595 556 300 297
4 225 223 226 925
4 742 899 21 184
4 809 796 401 1
4 162 709 802 846
4 873 897 353 870
4 390 836 812 809
4 433 203 436 434
4 894 345 876 349
4 382 833 815 386
4 426 229 227 228
4 542 782 594 920
4 251 269 248 921
4 41 551 550 222
4 570 925 404 928
4 692 665 705 922
4 53 54 165 841
4 668 708 718 921
4 26 907 704 863
4 61 836 62 800
4 59 172 440 799
4 897 36 337 334
4 229 435 230 422
4 463 449 454 927
4 804 153 594 574
4 836 61 374 828
4 836 61 62 371
4 209 58 59 466
4 580 222 550 213
4 534 455 925 934
4 233 421 234 420
4 746 763 307 283
4 274 433 203 436
4 253 265 792 287
4 804 574 594 920
4 747 256 255 254
4 867 917 676 931
4 203 312 274 436
4 755 753 289 781
4 203 34 312 436
4 905 545 914 919
4 300 556 212 297
4 794 46 47 768
4 30 904 867 931
4 431 435 433 273
4 404 570 73 925
4 507 469 840 521
4 462 914 593 919
4 200 34 860 913
4 879 878 659 616
4 338 897 334 873
4 836 375 371 812
4 709 51 52 802
4 466 209 58 427
4 34 414 312 436
4 243 711 268 239
4 873 353 339 870
4 812 390 809 376
4 580 223 222 213
4 28 700 192 667
4 219 549 548 550
4 207 447 439 416
4 594 782 791 920
4 274 433 435 273
4 409 444 88 929
4 49 50 309 935
4 891 349 894 880
4 386 830 833 819
4 753 326 755 289
4 546 271 547 548
4 34 200 408 913
4 711 688 268 692
4 52 709 802 163
4 26 25 890 360
4 254 747 750 749
4 550 219 549 222
4 707 52 53 164
4 242 301 680 241
4 903 358 357 20
4 838 768 46 156
4 280 220 263 564
4 544 584 567 924
4 23 186 775 900
4 18 19 331 871
4 291 23 744 775
4 550 580 213 552
4 797 48 47 731
4 803 57 56 445
4 676 917 724 931
4 810 43 44 368
4 271 547 548 219
4 877 340 342 874
4 379 377 816 813
4 874 875 341 342
4 813 814 379 378
4 41 549 219 222
4 749 252 776 253
4 400 49 48 839
4 345 349 342 876
4 815 379 382 386
4 903 865 906 607
4 382 832 833 385
4 348 345 893 894
4 914 545 593 919
4 836 390 62 808
4 20 912 862 357
4 36 897 337 889
4 257 258 305 753
4 880 891 349 330
4 830 819 386 367
4 565 263 277 564
4 721 672 706 929
4 334 888 897 338
4 836 375 827 371
4 872 875 347 341
4 814 811 384 378
4 363 911 348 365
4 402 385 400 850
4 47 755 794 768
4 895 877 343 881
4 834 816 820 380
4 761 763 307 746
4 844 853 583 927
4 372 58 799 393
4 192 27 28 667
4 913 610 81 603
4 744 765 745 291
4 842 394 395 45
4 54 53 670 726
4 863 704 26 191
4 29 28 678 669
4 345 894 876 875
4 833 382 815 814
4 534 455 73 925
4 307 764 761 746
4 729 698 728 318
4 59 852 172 799
4 271 319 37 547
4 876 877 878 344
4 816 815 817 381
4 436 34 414 408
4 717 140 778 789
4 206 688 691 324
4 809 390 1 401
4 359 26 890 360
4 252 766 748 776
4 775 24 23 900
4 697 281 687 698
4 839 400 797 48
4 894 893 348 911
4 832 833 385 850
4 732 122 576 937
4 460 712 724 931
4 851 45 801 394
4 421 233 448 420
4 875 876 345 342
4 815 814 382 379
4 865 915 544 924
4 299 688 206 324
4 710 281 282 698
4 213 222 550 552
4 193 700 28 669
4 346 888 329 338
4 827 383 366 375
4 404 73 455 925
4 447 31 32 207
4 753 756 305 781
4 857 364 0 870
4 809 796 1 808
4 875 874 876 342
4 813 814 815 379
4 179 18 536 857
4 37 36 538 861
4 534 73 570 925
4 897 338 888 873
4 836 375 812 827
4 739 160 805 935
4 866 188 741 916
4 592 583 853 927
4 274 433 273 203
4 246 245 684 687
4 862 21 20 357
4 463 592 853 927
4 764 743 293 742
4 21 736 742 184
4 243 244 245 684
4 310 446 465 424
4 629 628 895 614
4 683 711 688 243
4 858 22 23 733
4 570 404 74 928
4 871 892 331 872
4 368 811 831 810
4 539 800 62 149
4 27 210 693 306
4 855 805 160 935
4 829 50 51 397
4 310 236 215 464
4 21 736 764 742
4 728 51 52 709
4 434 432 433 936
4 55 806 843 847
4 871 892 358 331
4 831 810 395 368
4 440 59 58 466
4 678 679 680 292
4 865 637 117 607
4 827 383 375 834
4 346 888 338 895
4 717 673 725 935
4 460 451 712 931
4 339 340 874 341
4 813 377 376 378
4 262 204 298 933
4 814 384 832 382
4 347 875 893 345
4 740 790 780 924
4 28 29 678 292
4 879 883 354 351
4 822 818 391 388
4 544 915 591 924
4 45 46 801 394
4 860 356 887 34
4 435 230 274 273
4 33 34 860 414
4 701 696 264 325
4 371 390 62 836
4 311 437 234 420
4 872 875 892 347
4 814 811 831 384
4 564 280 220 302
4 763 259 307 283
4 673 846 855 935
4 902 193 29 669
4 362 892 331 347
4 368 399 384 831
4 445 803 57 170
4 21 912 357 862
4 851 46 394 801
4 519 509 846 478
4 676 867 195 917
4 58 440 466 427
4 796 535 151 43
4 604 902 664 647
4 854 154 777 791
4 23 24 363 900
4 858 363 900 23
4 356 885 335 860
4 393 824 799 372
4 316 765 284 291
4 913 35 34 887
4 860 33 335 356
4 724 460 90 712
4 829 396 397 51
4 879 883 332 354
4 822 818 369 391
4 779 146 722 788
4 654 606 861 636
4 291 744 765 767
4 253 792 752 287
4 140 717 725 789
4 42 562 563 322
4 334 888 337 897
4 374 836 827 371
4 282 687 281 710
4 905 175 914 545
4 21 912 333 357
4 851 46 370 394
4 465 427 315 423
4 704 907 190 863
4 275 420 234 231
4 733 22 23 216
4 860 885 910 599
4 158 797 48 839
4 698 281 282 318
4 893 333 357 347
4 370 384 832 394
4 444 438 457 932
4 733 743 22 216
4 879 877 881 343
4 816 818 820 380
4 839 805 848 49
4 851 395 831 842
4 912 358 903 892
4 342 877 874 876
4 379 813 816 815
4 700 28 693 667
4 280 262 298 933
4 440 58 59 799
4 287 792 752 774
4 264 306 701 325
4 346 343 881 895
4 383 820 380 834
4 871 892 903 358
4 395 842 810 831
4 22 858 185 733
4 55 295 303 923
4 701 704 27 306
4 282 689 686 710
4 453 290 209 315
4 154 777 845 854
4 287 752 313 774
4 368 811 810 399
4 331 871 872 362
4 255 747 254 749
4 763 750 754 256
4 684 694 246 687
4 908 867 904 931
4 544 865 181 915
4 710 687 281 698
4 289 755 47 208
4 806 167 856 713
4 836 61 828 800
4 808 390 1 809
4 766 784 772 930
4 299 689 686 282
4 62 808 149 800
4 917 195 676 724
4 555 38 297 579
4 768 794 46 738
4 826 393 799 59
4 47 157 797 731
4 231 275 420 419
4 688 206 689 299
4 383 827 366 825
4 888 346 329 886
4 421 234 420 231
4 909 900 24 866
4 229 423 425 422
4 582 545 546 919
4 712 460 90 451
4 688 689 206 691
4 344 877 343 342
4 381 816 379 380
4 824 799 849 468
4 555 38 39 297
4 364 353 0 870
4 244 243 683 684
4 780 915 790 182
4 455 407 429 934
4 869 353 897 870
4 808 836 390 809
4 682 242 683 244
4 367 848 50 49
4 541 74 458 928
4 345 341 875 342
4 378 382 814 379
4 48 208 787 774
4 714 779 146 722
4 543 598 583 927
4 419 230 275 418
4 167 723 856 713
4 684 244 245 246
4 874 873 340 339
4 812 813 377 376
4 709 52 728 666
4 746 307 293 327
4 872 870 873 339
4 809 811 812 376
4 593 914 175 545
4 172 410 59 440
4 878 877 879 352
4 816 817 818 389
4 250 251 248 921
4 897 36 37 861
4 418 274 433 435
4 910 599 80 610
4 788 741 188 916
4 857 0 869 870
4 578 565 263 277
4 345 893 333 348
4 832 382 370 385
4 915 181 544 591
4 698 282 710 318
4 440 410 59 466
4 353 869 897 37
4 872 870 339 362
4 809 811 376 399
4 732 783 122 937
4 337 888 329 887
4 366 826 827 374
4 749 776 752 253
4 439 207 416 437
4 28 27 693 667
4 36 897 37 334
4 210 693 325 702
4 519 496 533 848
4 151 587 43 535
4 363 858 900 891
4 400 839 797 830
4 359 890 350 360
4 387 829 396 397
4 212 278 556 300
4 296 598 596 560
4 897 888 337 889
4 827 828 836 374
4 458 74 404 928
4 594 791 854 920
4 541 570 74 928
4 330 909 24 25
4 334 888 338 337
4 371 827 374 375
4 239 242 681 241
4 701 696 325 702
4 182 780 915 906
4 547 271 319 219
4 231 230 419 422
4 592 583 147 853
4 777 791 782 920
4 391 398 56 822
4 402 400 48 797
4 892 893 912 347
4 537 576 122 937
4 583 844 147 853
4 214 289 305 781
4 186 23 858 900
4 362 872 892 347
4 399 384 831 811
4 66 468 849 480
4 208 755 47 787
4 346 888 895 886
4 827 383 834 825
4 174 807 449 853
4 322 302 18 566
4 703 671 714 926
4 725 673 161 855
4 914 868 905 919
4 887 889 35 337
4 858 899 365 22
4 838 797 402 47
4 889 887 888 337
4 828 826 374 827
4 782 542 594 119
4 897 36 861 889
4 254 252 255 749
4 0 568 319 562
4 915 790 591 924
4 348 893 333 911
4 370 832 385 850
4 824 57 58 372
4 575 320 595 221
4 871 364 870 362
4 810 809 401 399
4 252 748 255 749
4 62 808 571 149
4 670 53 707 726
4 242 243 683 244
4 849 57 58 824
4 18 19 871 898
4 329 35 337 887
4 50 805 848 846
4 907 909 25 866
4 739 789 160 935
4 860 885 886 356
4 824 799 825 393
4 752 254 749 253
4 903 357 912 20
4 680 678 210 693
4 286 446 465 310
4 358 331 892 347
4 368 384 395 831
4 852 410 59 172
4 904 664 647 640
4 582 412 76 462
4 238 285 304 929
4 837 587 43 151
4 43 44 837 810
4 593 582 76 462
4 53 54 206 726
4 424 310 446 464
4 852 60 826 59
4 740 125 790 584
4 414 33 34 312
4 875 892 347 893
4 814 831 832 384
4 783 537 122 937
4 294 44 45 920
4 393 826 799 825
4 356 860 887 886
4 871 892 872 624
4 444 87 88 706
4 125 591 790 584
4 144 772 708 143
4 50 805 846 935
4 283 746 747 316
4 575 320 43 535
4 184 862 899 21
4 801 156 838 46
4 855 160 789 935
4 48 731 158 773
4 822 803 398 56
4 415 418 312 436
4 320 297 595 221
4 244 683 682 684
4 891 858 911 363
4 830 797 400 850
4 463 853 174 449
4 312 274 418 415
4 297 556 555 579
4 774 731 48 773
4 578 212 553 554
4 340 877 342 343
4 377 379 816 380
4 38 558 555 266
4 748 252 776 749
4 425 229 422 426
4 179 536 18 577
4 701 27 693 306
4 667 704 27 701
4 394 842 851 45
4 400 839 830 49
4 911 899 365 858
4 850 402 838 797
4 149 571 62 539
4 873 338 339 334
4 376 375 812 371
4 184 862 21 736
4 831 384 395 394
4 826 60 828 374
4 828 826 827 502
4 857 179 18 898
4 837 796 151 43
4 913 35 887 868
4 170 57 445 403
4 37 897 353 334
4 562 319 42 549
4 769 778 771 918
4 315 286 465 423
4 23 733 216 744
4 643 887 888 642
4 361 354 31 883
4 782 594 791 119
4 826 366 60 374
4 32 447 207 416
4 353 869 0 870
4 746 293 743 327
4 553 555 39 556
4 372 58 824 799
4 549 41 42 563
4 551 41 40 222
4 23 858 363 365
4 58 403 849 171
4 900 363 891 24
4 354 879 351 332
4 391 818 369 388
4 402 48 47 797
4 316 746 747 745
4 348 891 911 363
4 850 830 385 400
4 202 868 914 452
4 323 689 299 282
4 889 887 642 888
4 47 48 208 787
4 276 416 311 417
4 405 416 32 415
4 402 850 838 370
4 899 911 365 333
4 877 874 895 340
4 813 816 834 377
4 740 762 760 933
4 878 877 352 343
4 816 817 389 380
4 283 747 763 256
4 886 885 335 356
4 825 824 393 372
4 170 803 57 849
4 210 678 680 292
4 209 459 58 427
4 803 169 508 170
4 427 286 465 315
4 766 748 765 284
4 23 186 733 775
4 460 917 196 908
4 824 803 57 398
4 405 32 33 415
4 774 287 792 795
4 462 452 202 914
4 416 437 311 417
4 624 620 892 872
4 568 319 562 547
4 446 445 57 403
4 340 873 895 338
4 377 834 812 375
4 552 39 40 553
4 415 312 414 436
4 561 569 534 934
4 442 441 406 922
4 848 367 830 49
4 857 18 364 871
4 810 796 43 401
4 687 245 686 282
4 686 687 282 710
4 864 883 361 31
4 714 675 703 926
4 329 356 34 887
4 688 686 683 243
4 898 179 18 577
4 893 333 347 345
4 384 832 382 370
4 800 836 62 808
4 852 60 807 826
4 325 301 210 702
4 230 231 229 422
4 39 557 555 552
4 700 678 28 669
4 286 232 465 423
4 861 889 905 606
4 293 22 743 216
4 156 768 46 738
4 196 413 460 908
4 225 308 224 934
4 335 881 886 346
4 825 820 372 383
4 297 300 595 221
4 333 357 912 893
4 851 370 832 394
4 362 341 872 347
4 399 384 811 378
4 556 555 39 297
4 869 861 37 177
4 458 928 432 936
4 52 707 727 666
4 824 822 398 388
4 361 883 885 351
4 752 313 253 287
4 210 678 28 693
4 909 330 24 891
4 555 39 38 266
4 43 320 575 221
4 447 32 864 198
4 905 176 861 606
4 312 414 33 415
4 220 564 302 566
4 796 150 1 808
4 216 733 743 744
4 177 37 869 568
4 321 558 266 560
4 796 535 1 150
4 312 276 274 415
4 864 908 634 904
4 349 344 876 880
4 386 815 381 819
4 880 878 350 344
4 817 819 387 381
4 821 469 497 521
4 864 31 32 447
4 311 417 420 275
4 322 562 563 566
4 467 446 215 464
4 310 215 446 464
4 424 421 232 233
4 265 309 211 918
4 722 916 189 675
4 387 829 397 367
4 330 350 890 360
4 855 789 725 935
4 685 267 682 244
4 281 245 246 687
4 887 886 329 356
4 826 825 393 366
4 535 796 1 43
4 283 763 259 256
4 717 715 699 918
4 901 27 26 359
4 557 39 213 552
4 157 797 838 47
4 858 185 899 22
4 21 912 899 333
4 46 851 370 838
4 858 23 22 365
4 257 750 751 254
4 310 465 232 424
4 878 344 352 336
4 817 373 389 381
4 482 483 820 481
4 888 873 338 895
4 812 834 827 375
4 579 297 595 320
4 570 586 534 925
4 829 50 397 367
4 890 25 330 360
4 885 33 335 860
4 0 562 322 536
4 213 40 222 552
4 33 405 199 910
4 853 844 807 927
4 327 746 283 316
4 881 335 886 885
4 820 825 372 824
4 728 52 51 318
4 734 785 772 921
4 335 361 885 351
4 824 398 372 388
4 911 333 348 365
4 402 370 385 850
4 826 59 366 393
4 205 279 25 926
4 420 234 311 275
4 418 419 230 435
4 765 745 316 284
4 693 678 28 700
4 828 61 844 800
4 28 27 210 693
4 347 341 875 345
4 382 814 384 378
4 883 361 885 864
4 822 824 398 803
4 674 716 705 923
4 642 889 629 654
4 897 869 636 861
4 276 32 416 415
4 877 340 895 343
4 377 816 834 380
4 48 47 731 787
4 293 743 764 746
4 680 301 210 292
4 738 46 156 801
4 403 57 58 849
4 244 685 267 247
4 878 343 344 877
4 817 380 816 381
4 686 688 299 243
4 579 320 575 535
4 599 79 634 910
4 52 53 164 840
4 192 28 27 901
4 364 871 870 857
4 809 796 810 401
4 751 752 254 749
4 305 257 753 326
4 70 454 592 463
4 344 882 878 350
4 381 821 387 817
4 875 894 893 345
4 814 833 382 832
4 872 874 875 341
4 813 811 814 378
4 454 543 70 592
4 424 421 233 448
4 321 596 571 597
4 231 421 232 422
4 163 802 840 469
4 435 419 230 422
4 229 231 232 422
4 682 685 244 684
4 587 575 43 535
4 901 28 27 336
4 53 52 373 840
4 863 907 190 633
4 799 824 849 58
4 321 571 1 597
4 558 557 555 266
4 330 909 25 890
4 848 367 50 829
4 742 899 185 22
4 750 257 256 254
4 673 846 161 855
4 917 460 724 931
4 578 278 212 277
4 830 49 367 400
4 787 731 48 774
4 255 283 747 316
4 276 33 32 415
4 768 47 755 787
4 36 35 317 919
4 571 808 1 150
4 549 548 547 219
4 841 843 55 806
4 208 48 287 774
4 878 876 344 880
4 817 815 819 381
4 325 693 701 702
4 881 879 343 351
4 820 818 388 380
4 667 27 693 701
4 634 864 640 612
4 236 237 240 922
4 680 301 682 702
4 349 344 342 876
4 381 379 815 386
4 207 416 437 311
4 776 792 752 253
4 19 298 20 924
4 871 19 903 898
4 276 417 275 418
4 861 538 37 177
4 396 52 51 840
4 765 748 745 284
4 220 277 263 564
4 837 842 810 44
4 349 330 350 880
4 367 386 387 819
4 320 595 579 575
4 256 283 747 255
4 319 562 547 549
4 363 24 330 891
4 42 562 549 563
4 870 871 362 872
4 809 811 399 810
4 889 861 905 36
4 867 902 904 30
4 475 109 110 837
4 682 681 242 680
4 418 230 275 274
4 590 576 537 937
4 159 160 805 739
4 549 42 41 219
4 390 1 62 808
4 423 425 315 229
4 32 447 405 198
4 403 170 57 849
4 343 346 340 895
4 380 377 383 834
4 742 743 22 733
4 453 209 427 315
4 798 507 94 840
4 320 597 1 535
4 898 903 865 19
4 533 519 848 478
4 84 85 450 674
4 41 554 277 563
4 536 18 0 857
4 784 737 772 930
4 553 40 551 277
4 802 509 497 469
4 803 56 57 398
4 837 804 842 44
4 554 553 551 277
4 0 869 178 857
4 566 322 562 536
4 286 459 58 209
4 552 555 39 553
4 707 52 727 53
4 459 446 57 403
4 441 85 86 705
4 341 872 339 362
4 376 399 811 378
4 159 158 839 474
4 18 331 364 871
4 368 810 43 401
4 796 535 150 151
4 568 0 869 178
4 299 688 324 268
4 870 364 353 362
4 401 809 390 399
4 344 882 350 336
4 381 821 373 387
4 897 869 861 37
4 72 71 407 569
4 171 849 58 799
4 710 728 698 318
4 406 444 457 932
4 878 343 352 344
4 380 817 389 381
4 437 311 417 420
4 178 536 0 857
4 750 763 747 256
4 570 541 589 928
4 768 838 47 157
4 715 141 142 769
4 710 52 727 728
4 728 282 52 318
4 22 333 899 365
4 838 370 47 402
4 710 282 52 728
4 885 860 910 33
4 18 322 566 536
4 1 62 808 571
4 873 340 895 874
4 834 377 812 813
4 862 903 912 20
4 809 376 390 399
4 870 353 339 362
4 198 32 864 910
4 361 864 32 885
4 320 1 43 535
4 245 299 686 282
4 568 869 177 178
4 123 732 122 576
4 889 887 35 868
4 73 74 570 404
4 26 25 863 890
4 243 299 686 245
4 404 455 429 925
4 751 752 313 254
4 731 797 48 158
4 885 883 881 351
4 824 822 388 820
4 335 32 33 885
4 359 863 890 26
4 440 58 459 427
4 207 416 311 276
4 178 179 536 857
4 555 557 39 266
4 910 33 32 885
4 266 557 39 213
4 571 1 62 321
4 687 281 245 282
4 315 427 453 425
4 338 339 340 873
4 375 812 377 376
4 274 418 230 435
4 232 310 424 233
4 903 862 906 20
4 319 42 0 562
4 877 352 343 879
4 816 389 818 380
4 748 255 747 745
4 396 373 52 840
4 359 901 27 336
4 401 368 810 399
4 871 331 364 362
4 61 218 60 927
4 554 551 41 277
4 186 858 23 733
4 276 418 274 415
4 894 880 349 876
4 833 819 815 386
4 745 327 743 216
4 330 348 363 891
4 830 367 385 400
4 801 842 45 851
4 212 553 39 556
4 847 64 63 476
4 381 821 817 373
4 344 882 336 878
4 459 57 58 403
4 681 242 683 682
4 26 25 907 863
4 536 566 18 577
4 433 274 418 436
4 278 578 263 277
4 440 403 58 171
4 801 842 845 45
4 549 319 42 219
4 329 34 35 887
4 596 571 62 321
4 231 420 421 419
4 735 572 120 121
4 255 748 316 745
4 60 826 828 807
4 751 753 326 755
4 881 335 885 351
4 388 372 824 820
4 907 189 916 675
4 702 301 682 267
4 348 349 345 894
4 386 382 833 385
4 727 282 52 710
4 890 907 909 25
4 846 829 848 50
4 839 830 49 848
4 417 420 275 419
4 539 800 149 148
4 824 803 849 57
4 57 446 459 286
4 216 743 745 744
4 282 323 689 710
4 229 425 315 228
4 322 18 0 536
4 268 299 688 243
4 465 232 286 310
4 917 867 908 931
4 266 296 321 560
4 802 50 51 829
4 453 209 466 427
4 260 263 278 937
4 199 405 33 414
4 185 742 22 733
4 152 153 804 574
4 330 350 880 890
4 387 829 367 819
4 910 199 33 860
4 744 23 733 775
4 802 396 829 51
4 878 350 882 880
4 387 817 821 819
4 320 579 597 535
4 891 900 24 909
4 232 423 229 422
4 210 28 678 292
4 289 794 755 781
4 423 232 421 422
4 220 563 554 564
4 742 899 184 185
4 20 19 903 358
4 845 804 854 920
4 871 857 18 898
4 810 796 837 43
4 37 0 568 319
4 748 316 745 284
4 352 896 878 336
4 389 835 373 817
4 887 886 888 329
4 825 826 827 366
4 887 913 860 34
4 286 459 209 427
4 574 542 594 920
4 732 757 783 937
4 177 538 37 568
4 391 56 843 822
4 424 465 232 423
4 802 50 846 51
4 551 41 549 563
4 327 746 307 283
4 672 89 88 409
4 744 216 23 291
4 275 231 230 419
4 596 62 296 321
4 671 145 737 144
4 150 571 808 149
4 597 321 596 558
4 595 556 297 579
4 165 798 53 841
4 432 458 404 928
4 682 702 267 685
4 346 338 340 895
4 377 383 834 375
4 743 746 327 745
4 257 751 753 326
4 279 205 328 926
4 45 44 395 842
4 558 557 266 560
4 249 314 250 930
4 252 255 748 284
4 419 275 417 418
4 187 866 188 741
4 405 32 198 910
4 768 157 47 731
4 333 21 22 899
4 370 47 46 838
4 341 340 874 342
4 378 813 377 379
4 405 33 414 415
4 312 418 274 436
4 199 860 200 414
4 412 458 432 936
4 58 59 799 393
4 276 417 418 415
4 140 778 141 717
4 254 750 751 749
4 891 348 911 894
4 830 850 385 833
4 778 789 739 935
4 173 174 807 449
4 412 76 75 582
4 915 865 906 924
4 712 90 89 451
4 912 21 899 862
4 851 46 801 838
4 558 321 596 560
4 39 212 556 297
4 232 286 315 423
4 330 909 890 891
4 848 367 829 830
4 317 203 272 936
4 124 125 740 584
4 146 779 714 145
4 901 26 863 359
4 803 847 56 843
4 600 179 857 898
4 747 763 746 283
4 316 327 746 745
4 728 710 282 318
4 366 60 59 826
4 826 852 59 799
4 768 838 157 156
4 316 748 255 284
4 1 43 796 401
4 835 507 505 523
4 40 551 552 553
4 34 33 860 356
4 883 904 354 31
4 158 159 839 773
4 865 180 544 181
4 316 747 255 745
4 171 58 440 799
4 419 421 231 422
4 409 456 444 929
4 912 899 333 893
4 851 838 832 370
4 350 344 349 880
4 386 381 387 819
4 899 893 911 333
4 832 838 850 370
4 213 39 40 552
4 867 194 676 195
4 786 740 760 933
4 383 393 372 825
4 886 335 346 356
4 860 199 33 414
4 301 682 242 680
4 405 33 32 910
4 592 543 583 927
4 52 727 728 666
4 480 171 172 799
4 545 905 175 176
4 446 286 215 310
4 296 596 321 560
4 418 275 276 274
4 351 343 881 346
4 388 820 380 383
4 777 845 155 154
4 213 580 557 552
4 752 313 254 253
4 143 142 734 668
4 319 568 37 547
4 1 571 150 535
4 803 169 170 445
4 802 163 840 52
4 901 863 27 191
4 747 255 748 749
4 891 890 330 880
4 830 819 367 829
4 751 750 257 753
4 539 571 62 596
4 509 162 802 846
4 593 545 582 919
4 171 440 172 799
4 176 538 861 177
4 240 303 295 923
4 578 212 554 277
4 338 337 888 329
4 366 827 375 374
4 87 86 665 406
4 233 421 232 231
4 864 908 904 31
4 820 388 372 383
4 351 881 335 346
4 416 207 32 276
4 459 58 57 286
4 47 768 731 787
4 60 61 828 374
4 908 608 78 634
4 676 724 712 931
4 199 860 610 200
4 396 802 840 51
4 327 293 743 216
4 879 881 883 351
4 820 818 822 388
4 597 1 38 320
4 37 0 869 568
4 549 547 319 219
4 460 413 451 931
4 337 35 36 889
4 332 352 879 351
4 389 388 369 818
4 689 726 206 691
4 841 54 55 823
4 282 52 323 727
4 863 359 890 882
4 396 802 829 821
4 726 689 323 727
4 726 53 707 727
4 905 914 175 646
4 666 163 52 840
4 864 32 31 361
4 0 37 869 353
4 42 0 562 322
4 322 220 302 566
4 187 775 186 900
4 673 846 162 161
4 53 726 323 727
4 684 245 686 687
4 32 447 416 405
4 864 885 910 32
4 543 70 71 454
4 902 884 30 29
4 155 156 801 738
4 544 591 584 924
4 727 689 323 710
4 820 824 482 481
4 191 27 901 667
4 803 843 56 822
4 202 868 452 201
4 533 830 839 848
4 804 153 152 517
4 52 164 666 840
4 510 531 838 797
4 841 392 54 823
4 198 197 864 447
4 286 57 446 215
4 745 316 327 216
4 843 55 56 391
4 186 185 858 733
4 352 343 879 351
4 389 380 388 818
4 364 0 18 857
4 902 355 884 29
4 513 834 484 827
4 536 0 568 178
4 568 538 37 547
4 839 158 797 474
4 434 412 432 936
4 427 209 286 315
4 312 33 276 415
4 198 634 79 910
4 58 459 403 440
4 907 890 863 25
4 802 50 829 846
4 886 881 895 346
4 820 825 834 383
4 846 805 478 855
4 184 183 862 736
4 554 212 553 277
4 859 28 901 336
4 373 798 53 840
4 315 232 423 229
4 863 882 901 359
4 396 802 821 840
4 27 192 901 667
4 555 558 38 579
4 242 682 267 244
4 787 208 793 774
4 638 899 661 858
4 237 235 238 932
4 13 461 856 723
4 460 17 917 724
4 425 315 427 423
4 726 206 53 323
4 328 314 249 930
4 689 686 688 299
4 14 593 462 914
4 790 15 915 591
4 16 722 788 916
4 171 66 849 480
4 562 0 568 536
4 38 297 579 320
4 791 854 11 594
4 463 592 10 853
4 855 12 725 789
4 183 182 906 780
4 793 755 326 208
4 883 361 354 351
4 822 391 398 388
4 806 167 713 166
4 554 277 220 564
4 883 864 904 31
4 321 1 38 597
4 882 901 359 336
4 821 840 373 396
4 311 276 417 275
4 57 824 398 372
4 147 844 583 148
4 910 80 199 610
4 417 276 416 415
4 206 726 689 323
4 40 41 551 277
4 356 346 886 329
4 366 393 383 825
4 600 857 871 898
4 577 898 179 180
4 866 605 187 648
4 624 871 653 622
4 101 470 157 510
4 157 158 797 731
4 477 518 807 502
4 424 232 421 423
4 220 42 563 322
4 902 355 29 859
4 28 192 859 901
4 164 53 798 840
4 904 31 30 354
4 755 326 751 793
4 859 355 28 336
4 392 798 53 373
4 119 782 542 120
4 553 39 40 212
4 520 479 804 517
4 190 189 907 675
4 136 602 638 185
4 117 180 637 865
4 707 798 53 165
4 896 352 878 879
4 818 817 835 389
4 882 890 350 359
4 821 829 396 387
4 200 610 81 913
4 891 626 900 909
4 889 642 868 905
4 184 639 137 602
4 242 682 301 267
4 134 187 605 648
4 257 751 313 254
4 806 506 473 841
4 553 212 578 556
4 38 321 558 266
4 326 755 289 208
4 28 700 193 859
4 599 634 864 910
4 128 193 631 604
4 53 798 707 164
4 579 597 38 320
4 896 352 879 332
4 818 835 369 389
4 138 645 639 183
4 867 608 908 904
4 879 883 884 332
4 822 818 823 369
4 793 755 208 787
4 666 164 163 840
4 639 862 663 662
4 161 846 478 855
4 175 905 646 176
4 700 28 192 859
4 864 634 198 910
4 843 823 55 391
4 156 470 102 511
4 533 830 529 839
4 191 901 192 667
4 823 841 843 55
4 354 904 884 30
4 847 806 843 476
4 897 654 861 636
4 629 873 630 897
4 823 835 505 523
4 655 867 647 608
4 165 670 166 841
4 563 41 42 220
4 505 504 818 823
4 93 507 798 473
4 902 884 904 30
4 187 866 648 188
4 600 116 179 637
4 99 474 159 516
4 167 806 515 166
4 511 838 530 801
4 802 709 162 163
4 797 510 529 474
4 411 168 847 169
4 52 53 323 727
4 38 321 597 558
4 323 689 206 299
4 863 27 26 901
4 634 78 908 197
4 844 477 828 800
4 369 55 54 823
4 322 563 220 566
4 172 852 67 480
4 476 847 64 508
4 554 277 563 220
4 32 335 361 885
4 28 29 355 859
4 862 639 899 662
4 626 900 660 891
4 902 355 859 884
4 841 392 823 798
4 72 73 534 455
4 176 861 606 177
4 884 30 29 332
4 600 179 178 857
4 564 220 563 566
4 837 152 587 151
4 901 896 859 336
4 840 835 373 798
4 192 129 631 601
4 473 166 806 841
4 882 896 901 336
4 840 821 373 835
4 369 391 55 823
4 15 182 915 657
4 181 15 915 657
4 188 16 916 658
4 11 153 854 528
4 12 160 855 527
4 154 11 854 528
4 123 540 124 786
4 14 175 914 656
4 147 10 853 526
4 352 355 896 336
4 389 835 392 373
4 883 332 354 884
4 822 369 823 391
4 805 855 846 935
4 563 277 41 220
4 180 898 637 865
4 806 515 166 473
4 802 840 51 52
4 878 882 336 896
4 817 821 835 373
4 702 325 301 267
4 607 865 651 903
4 354 30 884 332
4 150 108 471 522
4 541 74 75 458
4 182 15 915 790
4 16 188 916 788
4 15 181 915 591
4 160 12 855 789
4 153 11 854 594
4 460 917 17 196
4 856 461 13 168
4 917 17 195 724
4 723 856 13 167
4 165 707 798 164
4 10 147 853 592
4 175 14 914 593
4 11 154 854 791
4 150 808 471 149
4 192 193 859 631
4 198 199 405 910
4 40 553 212 277
4 118 181 865 657
4 837 152 110 517
4 884 355 859 896
4 392 823 798 835
4 192 193 700 859
4 751 752 793 313
4 323 282 727 710
4 194 193 902 669
4 149 471 107 524
4 187 900 605 866
4 350 882 359 336
4 396 373 821 387
4 506 515 806 473
4 190 704 863 191
4 147 477 105 526
4 173 410 852 172
4 118 865 607 657
4 896 859 336 355
4 835 798 392 373
4 904 354 884 883
4 822 823 843 391
4 498 796 475 810
4 571 1 597 535
4 152 837 804 517
4 494 520 495 842
4 640 608 904 634
4 166 515 92 473
4 660 638 858 605
4 849 403 170 171
4 90 17 460 724
4 459 286 465 427
4 10 174 853 526
4 202 14 914 656
4 352 896 355 332
4 369 389 835 392
4 722 146 16 788
4 885 864 599 612
4 655 17 195 917
4 917 655 17 196
4 525 856 13 168
4 525 13 856 167
4 908 196 413 197
4 11 791 594 119
4 725 12 140 789
4 636 897 630 870
4 14 202 914 462
4 635 868 642 646
4 480 172 852 799
4 811 831 494 491
4 201 408 200 913
4 174 10 853 463
4 607 906 903 663
4 537 121 783 122
4 16 189 916 658
4 161 12 855 527
4 898 637 179 180
4 603 887 642 868
4 511 801 532 479
4 189 16 916 722
4 558 597 38 579
4 12 161 855 725
4 521 821 835 514
4 446 459 286 465
4 886 614 881 611
4 905 642 868 646
4 860 610 200 913
4 645 182 915 906
4 526 853 477 518
4 313 793 326 208
4 651 637 898 865
4 805 516 478 527
4 879 896 332 884
4 823 818 835 369
4 825 481 820 484
4 793 326 751 313
4 461 13 84 723
4 169 64 847 508
4 76 14 593 462
4 591 790 15 125
4 860 910 199 610
4 162 846 478 161
4 849 171 480 799
4 495 831 494 842
4 880 882 890 350
4 821 819 829 387
4 823 392 54 369
4 870 873 630 622
4 257 751 326 313
4 161 478 97 527
4 592 10 70 463
4 884 355 332 29
4 858 186 900 605
4 520 532 842 479
4 903 651 607 663
4 867 126 195 655
4 637 179 600 898
4 803 468 482 824
4 192 601 901 191
4 830 533 496 848
4 842 479 845 804
4 839 529 533 474
4 601 632 631 901
4 487 514 817 819
4 866 648 188 916
4 802 162 509 163
4 488 814 811 491
4 848 805 533 478
4 617 877 616 878
4 875 618 619 876
4 651 637 865 607
4 651 624 871 898
4 500 501 828 836
4 500 828 477 800
4 626 605 900 909
4 612 864 640 883
4 489 488 814 815
4 484 825 512 827
4 624 651 637 898
4 479 842 520 804
4 901 601 863 191
4 524 477 106 148
4 605 900 660 626
4 876 619 894 621
4 473 165 166 841
4 633 190 863 191
4 496 519 829 848
4 133 188 648 658
4 469 163 164 840
4 154 479 104 528
4 652 909 907 866
4 532 842 479 845
4 816 486 817 487
4 833 489 815 490
4 164 798 94 840
4 202 635 83 656
4 132 189 658 609
4 174 526 69 518
4 865 607 915 906
4 657 139 182 645
4 826 502 807 472
4 167 525 91 515
4 175 656 112 646
4 888 614 886 643
4 153 528 111 517
4 838 470 531 510
4 620 872 618 875
4 884 355 896 332
4 823 392 369 835
4 809 499 812 492
4 193 859 631 604
4 899 661 602 638
4 639 602 899 662
4 888 629 895 614
4 828 502 827 501
4 470 838 530 511
4 866 648 916 609
4 915 865 181 657
4 855 805 478 527
4 606 861 889 654
4 496 533 830 529
4 894 621 623 891
4 628 895 615 874
4 516 160 98 527
4 478 161 855 527
4 608 908 904 634
4 889 629 888 642
4 658 916 648 609
4 601 631 192 901
4 833 490 830 493
4 649 631 859 604
4 513 485 834 813
4 600 857 653 871
4 599 910 860 610
4 916 907 866 609
4 805 848 846 478
4 656 914 635 646
4 468 849 480 799
4 863 633 627 890
4 854 479 528 517
4 622 624 871 872
4 530 511 801 532
4 631 859 192 901
4 854 153 804 517
4 608 867 647 904
4 837 520 804 517
4 909 605 900 866
4 521 835 505 514
4 846 848 519 478
4 479 854 804 517
4 655 195 867 917
4 497 821 514 819
4 94 469 164 840
4 153 854 528 517
4 490 487 815 819
4 916 648 188 658
4 528 154 479 854
4 843 847 476 508
4 627 880 650 882
4 915 657 182 645
4 635 202 914 656
4 853 526 174 518
4 916 658 189 609
4 823 505 504 523
4 806 856 167 515
4 856 525 167 515
4 914 656 175 646
4 154 845 479 854
4 504 506 822 823
4 839 797 529 474
4 196 917 655 908
4 856 525 847 168
4 883 884 640 641
4 801 532 479 845
4 854 845 479 804
4 884 664 904 640
4 626 652 909 890
4 864 640 904 634
4 900 660 858 605
4 821 840 469 521
4 915 607 865 657
4 150 571 108 535
4 84 13 3 723
4 80 405 199 414
4 3 13 84 461
4 90 17 5 460
4 886 887 888 643
4 818 822 823 504
4 4 76 14 593
4 114 538 177 568
4 807 826 828 502
4 486 504 483 818
4 70 2 10 592
4 10 2 70 463
4 799 824 825 481
4 502 828 477 500
4 591 15 8 125
4 627 652 626 890
4 475 498 810 494
4 577 180 117 544
4 816 813 834 485
4 814 488 489 491
4 506 843 476 508
4 91 723 167 713
4 168 461 63 411
4 169 411 64 445
4 822 482 506 504
4 445 65 170 403
4 824 820 825 481
4 803 822 824 482
4 811 809 812 492
4 148 583 106 539
4 493 496 830 529
4 497 821 521 514
4 818 486 504 505
4 165 707 93 670
4 670 713 92 166
4 823 504 506 523
4 90 5 17 724
4 814 813 815 488
4 193 128 700 669
4 913 81 82 603
4 669 194 127 676
4 195 126 676 724
4 413 460 77 196
4 884 902 904 664
4 197 78 413 447
4 664 884 649 641
4 599 885 612 611
4 405 447 79 198
4 870 857 871 653
4 881 885 886 611
4 896 632 649 659
4 883 879 884 641
4 640 612 883 641
4 896 882 901 632
4 879 659 641 616
4 641 613 879 616
4 859 884 896 649
4 879 878 896 659
4 883 864 885 612
4 873 874 895 628
4 873 630 628 629
4 615 895 628 614
4 886 888 895 614
4 881 886 895 614
4 201 82 408 452
4 885 860 886 611
4 414 200 81 408
4 611 886 614 643
4 603 887 643 642
4 14 76 4 462
4 452 202 83 462
4 112 593 175 545
4 176 113 545 538
4 870 873 897 630
4 173 68 449 410
4 825 820 834 484
4 105 583 147 592
4 69 463 174 449
4 796 809 810 498
4 512 481 825 484
4 828 827 836 501
4 826 512 502 472
4 67 410 172 440
4 468 482 824 481
4 66 403 440 171
4 791 11 7 119
4 826 825 827 512
4 485 834 484 513
4 827 825 834 484
4 827 512 484 501
4 828 502 501 500
4 500 499 501 836
4 800 828 836 500
4 149 107 571 539
4 149 148 800 524
4 842 831 851 495
4 152 587 110 574
4 151 150 796 522
4 151 109 587 535
4 812 809 836 499
4 513 812 499 492
4 819 817 821 514
4 811 813 814 488
4 811 492 488 491
4 809 498 499 492
4 810 831 842 494
4 819 830 833 490
4 494 831 495 491
4 813 812 834 513
4 817 486 514 487
4 815 816 817 487
4 486 816 485 487
4 513 485 813 488
4 811 814 831 491
4 157 156 838 470
4 797 838 850 531
4 768 101 157 731
4 156 102 768 738
4 838 801 851 530
4 842 801 845 532
4 155 103 738 777
4 804 837 842 520
4 104 777 154 791
4 111 594 153 574
4 7 11 594 119
4 179 116 536 577
4 892 903 912 625
4 628 630 873 622
4 536 568 115 178
4 898 903 651 865
4 870 872 873 622
4 875 872 892 620
4 544 181 118 591
4 8 15 790 125
4 139 780 790 182
4 183 138 780 736
4 862 903 906 663
4 891 880 894 621
4 871 898 903 651
4 185 136 742 733
4 137 742 736 184
4 619 894 621 623
4 877 616 615 617
4 184 185 899 602
4 862 899 912 662
4 878 880 882 650
4 899 858 911 661
4 620 625 624 892
4 874 877 895 615
4 615 628 874 618
4 650 617 616 878
4 876 875 894 619
4 619 620 618 875
4 874 872 875 618
4 188 133 741 788
4 186 135 733 775
4 627 650 632 882
4 877 876 878 617
4 874 875 876 618
4 877 878 879 616
4 616 659 650 878
4 621 880 650 627
4 890 891 909 626
4 891 858 900 660
4 660 623 626 891
4 605 626 652 909
4 907 890 909 652
4 129 192 700 667
4 187 134 775 741
4 146 9 16 788
4 16 9 146 722
4 722 189 132 675
4 675 190 131 704
4 627 633 652 890
4 704 191 130 667
4 882 880 890 627
4 164 94 707 666
4 821 802 829 497
4 709 162 96 673
4 163 709 95 666
4 821 835 840 521
4 817 816 818 486
4 814 815 833 489
4 519 829 497 496
4 815 489 488 487
4 833 830 850 493
4 490 497 514 819
4 830 829 848 496
4 490 833 489 493
4 797 830 839 529
4 158 731 100 773
4 159 773 99 739
4 160 739 98 789
4 140 12 6 789
4 161 97 673 725
4 6 12 140 725
4 889 861 897 654
4 891 894 911 623
4 829 846 848 519
4 823 798 835 523
4 615 616 881 613
4 615 881 616 877
4 879 881 616 613
4 879 616 881 877
4 890 907 633 652
4 890 633 907 863
4 408 82 200 81
4 408 200 82 201
4 913 200 82 81
4 913 82 200 201
4 138 639 184 183
4 184 639 138 137
4 184 736 138 183
4 138 736 184 137
4 704 131 191 190
4 704 191 131 130
4 633 191 131 190
4 633 131 191 130
4 474 99 158 100
4 474 158 99 159
4 773 158 99 100
4 773 99 158 159
4 709 96 163 95
4 709 163 96 162
4 509 163 96 95
4 509 96 163 162
4 117 637 179 116
4 179 637 117 180
4 179 577 117 116
4 117 577 179 180
4 78 447 198 79
4 198 447 78 197
4 198 634 78 79
4 78 634 198 197
4 127 604 193 128
4 193 669 127 128
4 127 669 193 194
4 106 539 149 148
4 149 539 106 107
4 149 524 106 148
4 106 524 149 107
4 64 445 170 169
4 170 445 64 65
4 170 508 64 169
4 64 508 170 65
4 113 606 177 176
4 177 606 113 114
4 177 538 113 176
4 113 538 177 114
4 535 109 150 151
4 535 150 109 108
4 522 150 109 151
4 522 109 150 108
4 92 670 165 93
4 165 670 92 166
4 165 473 92 93
4 92 473 165 166
4 921 715 697 668
4 921 697 715 918
4 713 91 166 167
4 713 166 91 92
4 515 166 91 167
4 515 91 166 92
4 627 890 621 880
4 627 621 890 626
4 891 621 890 880
4 891 890 621 626
4 928 271 270 272
4 928 270 271 589
4 631 128 192 193
4 631 192 128 129
4 700 192 128 193
4 700 128 192 129
4 81 414 199 200
4 199 414 81 80
4 199 610 81 200
4 81 610 199 80
4 79 405 199 80
4 199 405 79 198
4 199 910 79 80
4 79 910 199 198
4 504 482 820 822
4 820 482 504 483
4 820 818 504 822
4 504 818 820 483
4 667 130 192 191
4 667 192 130 129
4 601 192 130 191
4 601 130 192 129
4 733 135 185 136
4 733 185 135 186
4 638 185 135 136
4 137 742 185 136
4 185 742 137 184
4 185 602 137 136
4 137 602 185 184
4 67 440 171 66
4 171 440 67 172
4 171 480 67 66
4 67 480 171 172
4 931 29 867 30
4 931 867 29 676
4 116 600 178 115
4 178 600 116 179
4 178 536 116 115
4 116 536 178 179
4 100 731 157 101
4 157 731 100 158
4 157 510 100 101
4 65 403 171 170
4 171 403 65 66
4 171 849 65 170
4 65 849 171 66
4 666 95 164 94
4 666 164 95 163
4 469 164 95 94
4 469 95 164 163
4 937 588 565 576
4 937 565 588 263
4 820 485 486 816
4 486 485 820 483
4 486 818 820 816
4 820 818 486 483
4 461 674 84 450
4 84 674 461 723
4 647 902 904 867
4 647 904 902 664
4 568 114 178 177
4 568 178 114 115
4 869 178 114 177
4 869 114 178 115
4 649 896 641 884
4 649 641 896 659
4 879 641 896 884
4 879 896 641 659
4 768 102 157 101
4 768 157 102 156
4 470 157 102 101
4 470 102 157 156
4 571 107 150 108
4 571 150 107 149
4 471 150 107 108
4 471 107 150 149
4 798 93 164 94
4 798 164 93 165
4 707 164 93 94
4 707 93 164 165
4 856 411 168 847
4 168 411 856 461
4 934 223 225 925
4 934 225 223 224
4 513 827 499 812
4 513 499 827 501
4 836 499 827 812
4 836 827 499 501
4 933 761 762 760
4 933 762 761 204
4 897 889 629 888
4 897 629 889 654
4 514 835 486 817
4 514 486 835 505
4 818 486 835 817
4 818 835 486 505
4 761 259 262 307
4 761 262 259 759
4 842 495 801 532
4 842 801 495 851
4 530 801 495 532
4 530 495 801 851
4 852 172 68 173
4 852 68 172 67
4 410 68 172 173
4 410 172 68 67
4 695 264 720 696
4 695 720 264 249
4 879 881 641 883
4 879 641 881 613
4 641 881 612 883
4 641 612 881 613
4 612 881 885 883
4 802 821 469 497
4 802 469 821 840
4 511 156 103 102
4 738 103 156 102
4 738 156 103 155
4 932 236 237 235
4 932 237 236 922
4 831 503 814 832
4 831 814 503 491
4 489 503 814 491
4 642 606 905 889
4 905 606 642 646
4 856 713 923 806
4 923 713 856 723
4 668 769 142 734
4 142 769 668 715
4 739 159 98 99
4 739 98 159 160
4 516 98 159 99
4 516 159 98 160
4 506 476 806 515
4 806 476 506 843
4 691 54 303 730
4 691 303 54 206
4 809 498 811 810
4 809 811 498 492
4 494 811 498 810
4 494 498 811 492
4 620 644 875 619
4 875 644 894 619
4 875 894 644 893
4 894 644 623 619
4 157 510 838 797
4 157 838 510 470
4 847 169 63 64
4 847 63 169 168
4 411 63 169 64
4 411 169 63 168
4 185 638 899 602
4 185 899 638 858
4 434 34 436 408
4 434 436 34 203
4 650 621 876 880
4 876 621 650 617
4 876 878 650 880
4 650 878 876 617
4 600 624 898 871
4 898 624 600 637
4 873 895 629 628
4 873 629 895 888
4 156 838 511 801
4 156 511 838 470
4 494 475 837 810
4 837 475 494 520
4 837 842 494 810
4 494 842 837 520
4 800 148 477 524
4 477 148 800 844
4 537 735 121 572
4 537 121 735 783
4 606 636 177 861
4 606 177 636 114
4 869 177 636 861
4 869 636 177 114
4 211 935 309 50
4 309 935 211 918
4 882 878 632 896
4 882 632 878 650
4 659 632 878 896
4 659 878 632 650
4 574 152 111 110
4 574 111 152 153
4 517 111 152 110
4 517 152 111 153
4 871 870 622 872
4 871 622 870 653
4 488 513 811 813
4 488 811 513 492
4 812 811 513 813
4 812 513 811 492
4 628 618 872 874
4 872 618 628 622
4 872 873 628 874
4 628 873 872 622
4 478 162 97 96
4 478 97 162 161
4 673 97 162 96
4 673 162 97 161
4 625 662 862 912
4 862 662 625 663
4 862 903 625 912
4 625 903 862 663
4 912 347 358 892
4 358 347 912 357
4 394 831 832 851
4 394 832 831 384
4 512 502 827 826
4 512 827 502 501
4 615 877 876 874
4 876 877 615 617
4 876 618 615 874
4 615 618 876 617
4 313 774 208 287
4 208 774 313 793
4 837 110 151 109
4 837 151 110 152
4 587 151 110 109
4 587 110 151 152
4 904 931 31 908
4 31 931 904 30
4 485 488 815 813
4 815 488 485 487
4 815 816 485 813
4 485 816 815 487
4 127 647 902 604
4 127 193 902 194
4 902 193 127 604
4 530 832 851 838
4 851 832 530 503
4 531 850 832 838
4 832 850 531 503
4 530 531 832 838
4 832 531 530 503
4 661 893 911 899
4 911 893 661 644
4 662 912 893 899
4 893 912 662 644
4 661 662 893 899
4 893 662 661 644
4 484 485 820 834
4 820 485 484 483
4 646 176 112 175
4 646 112 176 113
4 545 112 176 175
4 545 176 112 113
4 522 109 837 151
4 837 109 522 475
4 837 796 522 151
4 522 796 837 475
4 460 908 931 917
4 931 908 460 413
4 194 676 126 127
4 126 676 194 195
4 194 867 126 195
4 868 914 646 635
4 646 914 868 905
4 291 745 216 316
4 291 216 745 744
4 187 741 133 134
4 133 741 187 188
4 133 648 187 134
4 187 648 133 188
4 800 149 471 808
4 800 471 149 524
4 693 306 325 701
4 325 306 693 210
4 180 544 118 117
4 118 544 180 181
4 118 865 180 117
4 180 865 118 181
4 413 197 77 78
4 77 197 413 196
4 908 608 77 78
4 197 908 77 78
4 77 908 197 196
4 828 807 477 844
4 477 807 828 502
4 830 490 829 496
4 830 829 490 819
4 497 829 490 496
4 497 490 829 819
4 173 449 69 174
4 173 69 449 68
4 518 173 69 174
4 518 69 173 68
4 807 173 518 174
4 468 508 849 803
4 468 849 508 65
4 170 849 508 803
4 170 508 849 65
4 508 803 822 843
4 822 803 508 482
4 822 506 508 843
4 508 506 822 482
4 190 675 132 189
4 190 132 675 131
4 609 190 132 189
4 609 132 190 131
4 907 190 609 189
4 183 645 139 138
4 139 645 183 182
4 139 780 183 138
4 183 780 139 182
4 636 869 600 115
4 178 600 869 115
4 178 869 600 857
4 614 615 881 613
4 614 881 615 895
4 884 664 604 902
4 604 664 884 649
4 604 859 884 902
4 884 859 604 649
4 870 653 869 857
4 870 869 653 636
4 600 869 653 857
4 600 653 869 636
4 474 797 100 158
4 474 100 797 510
4 157 100 797 158
4 157 797 100 510
4 858 605 135 186
4 135 605 858 638
4 135 185 858 186
4 858 185 135 638
4 509 478 162 846
4 162 478 509 96
4 201 452 83 82
4 83 452 201 202
4 201 83 635 82
4 635 83 201 202
4 868 635 201 202
4 906 183 639 645
4 639 183 906 862
4 639 663 906 645
4 906 663 639 862
4 529 797 531 510
4 159 805 474 839
4 159 474 805 516
4 533 474 805 839
4 533 805 474 516
4 858 660 661 638
4 53 841 392 54
4 392 841 53 798
4 480 481 825 512
4 825 481 480 799
4 480 825 826 512
4 826 825 480 799
4 480 826 472 512
4 859 29 193 28
4 859 193 29 902
4 603 913 635 82
4 603 635 913 868
4 201 635 913 82
4 201 913 635 868
4 610 611 886 860
4 886 611 610 643
4 610 886 887 860
4 887 886 610 643
4 603 887 610 643
4 210 680 702 301
4 210 702 680 693
4 835 507 840 521
4 840 507 835 798
4 525 3 167 91
4 525 167 3 13
4 723 167 3 91
4 723 3 167 13
4 655 5 196 77
4 655 196 5 17
4 460 196 5 77
4 460 5 196 17
4 9 658 189 16
4 189 658 9 132
4 189 722 9 16
4 9 722 189 132
4 656 4 202 14
4 656 202 4 83
4 462 202 4 14
4 462 4 202 83
4 528 7 154 11
4 528 154 7 104
4 791 154 7 11
4 791 7 154 104
4 9 658 188 133
4 188 658 9 16
4 188 788 9 133
4 9 788 188 16
4 656 4 175 112
4 656 175 4 14
4 593 175 4 112
4 593 4 175 14
4 790 8 182 15
4 790 182 8 139
4 657 182 8 15
4 657 8 182 139
4 2 526 174 10
4 174 526 2 69
4 174 463 2 10
4 2 463 174 69
4 605 187 186 900
4 609 652 866 648
4 609 866 652 907
4 503 831 851 832
4 503 851 831 495
4 798 523 473 507
4 599 611 860 885
4 860 611 599 610
4 633 601 191 863
4 633 191 601 130
4 526 2 147 10
4 526 147 2 105
4 592 147 2 10
4 592 2 147 105
4 6 527 161 97
4 161 527 6 12
4 161 725 6 97
4 6 725 161 12
4 8 657 181 118
4 181 657 8 15
4 181 591 8 118
4 8 591 181 15
4 468 481 799 480
4 799 481 468 824
4 160 805 527 516
4 160 527 805 855
4 5 655 195 126
4 195 655 5 17
4 195 724 5 126
4 5 724 195 17
4 7 528 153 11
4 153 528 7 111
4 153 594 7 11
4 7 594 153 111
4 148 477 147 844
4 3 525 168 63
4 168 525 3 13
4 168 461 3 63
4 3 461 168 13
4 853 807 477 518
4 477 807 853 844
4 527 6 160 98
4 527 160 6 12
4 789 160 6 98
4 789 6 160 12
4 866 605 652 909
4 652 605 866 648
4 606 646 176 113
4 606 176 646 905
4 472 852 518 807
4 472 518 852 68
4 173 518 852 807
4 173 852 518 68
4 477 148 105 106
4 477 105 148 147
4 583 105 148 106
4 583 148 105 147
4 147 477 853 844
4 147 853 477 526
4 645 607 915 657
4 915 607 645 906
4 479 154 155 845
4 155 801 479 845
4 625 624 903 651
4 625 903 624 892
4 509 469 163 95
4 163 469 509 802
4 798 473 165 93
4 798 165 473 841
4 77 655 908 196
4 77 908 655 608
4 908 867 655 608
4 908 655 867 917
4 63 525 847 476
4 63 847 525 168
4 649 631 896 859
4 649 896 631 632
4 901 896 631 859
4 901 631 896 632
4 509 846 829 519
4 829 846 509 802
4 829 497 509 519
4 509 497 829 802
4 847 476 856 806
4 847 856 476 525
4 515 856 476 806
4 515 476 856 525
4 863 901 627 601
4 863 627 901 882
4 632 627 901 601
4 632 901 627 882
4 661 858 623 660
4 661 623 858 911
4 891 623 858 660
4 891 858 623 911
4 808 796 498 809
4 836 808 499 809
4 499 498 808 471
4 499 808 498 809
4 499 500 808 836
4 499 808 500 471
4 800 808 500 836
4 800 500 808 471
4 777 104 155 103
4 777 155 104 154
4 479 155 104 103
4 479 104 155 154
4 493 503 833 489
4 814 503 833 832
4 814 833 503 489
4 625 644 892 620
4 875 644 892 893
4 875 892 644 620
4 531 797 493 850
4 531 493 797 529
4 830 493 797 850
4 830 797 493 529
4 823 506 473 523
4 473 506 823 841
4 473 798 823 523
4 823 798 473 841
4 775 134 186 135
4 775 186 134 187
4 605 186 134 135
4 605 134 186 187
4 498 522 808 471
4 498 808 522 796
4 150 808 522 471
4 150 522 808 796
4 647 126 194 867
4 194 126 647 127
4 194 902 647 867
4 647 902 194 127
4 912 644 892 625
4 912 892 644 893
4 612 611 881 613
4 612 881 611 885
4 833 850 503 493
4 833 503 850 832
4 911 894 644 623
4 644 894 911 893
4 633 190 609 907
4 609 190 633 131
4 852 826 480 799
4 480 826 852 472
4 913 610 887 860
4 887 610 913 603
4 479 511 155 103
4 479 155 511 801
4 156 155 511 103
4 156 511 155 801

CELL_TYPES 5443
1
1
1
1
1
1
1
1
1
1
1
1
1
1
1
1
1
1
3
3
3
3
3
3
3
3
3
3
3
3
3
3
3
3
3
3
3
3
3
3
3
3
3
3
3
3
3
3
3
3
3
3
3
3
3
3
3
3
3
3
3
3
3
3
3
3
3
3
3
3
3
3
3
3
3
3
3
3
3
3
3
3
3
3
3
3
3
3
3
3
3
3
3
3
3
3
3
3
3
3
3
3
3
3
3
3
3
3
3
3
3
3
3
3
3
3
3
3
3
3
3
3
3
3
3
3
3
3
3
3
3
3
3
3
3
3
3
3
3
3
3
3
3
3
3
3
3
3
3
3
3
3
3
3
3
3
3
3
3
3
3
3
3
3
3
3
3
3
3
3
3
3
3
3
3
3
3
3
3
3
3
3
3
3
3
3
3
3
3
3
3
3
3
3
3
3
3
3
3
3
3
3
3
3
3
3
3
3
3
3
3
3
3
3
3
3
3
3
3
3
3
3
3
3
3
3
5
5
5
5
5
5
5
5
5
5
5
5
5
5
5
5
5
5
5
5
5
5
5
5
5
5
5
5
5
5
5
5
5
5
5
5
5
5
5
5
5
5
5
5
5
5
5
5
5
5
5
5
5
5
5
5
5
5
5
5
5
5
5
5
5
5
5
5
5
5
5
5
5
5
5
5
5
5
5
5
5
5
5
5
5
5
5
5
5
5
5
5
5
5
5
5
5
5
5
5
5
5
5
5
5
5
5
5
5
5
5
5
5
5
5
5
5
5
5
5
5
5
5
5
5
5
5
5
5
5
5
5
5
5
5
5
5
5
5
5
5
5
5
5
5
5
5
5
5
5
5
5
5
5
5
5
5
5
5
5
5
5
5
5
5
5
5
5
5
5
5
5
5
5
5
5
5
5
5
5
5
5
5
5
5
5
5
5
5
5
5
5
5
5
5
5
5
5
5
5
5
5
5
5
5
5
5
5
5
5
5
5
5
5
5
5
5
5
5
5
5
5
5
5
5
5
5
5
5
5
5
5
5
5
5
5
5
5
5
5
5
5
5
5
5
5
5
5
5
5
5
5
5
5
5
5
5
5
5
5
5
5
5
5
5
5
5
5
5
5
5
5
5
5
5
5
5
5
5
5
5
5
5
5
5
5
5
5
5
5
5
5
5
5
5
5
5
5
5
5
5
5
5
5
5
5
5
5
5
5
5
5
5
5
5
5
5
5
5
5
5
5
5
5
5
5
5
5
5
5
5
5
5
5
5
5
5
5
5
5
5
5
5
5
5
5
5
5
5
5
5
5
5
5
5
5
5
5
5
5
5
5
5
5
5
5
5
5
5
5
5
5
5
5
5
5
5
5
5
5
5
5
5
5
5
5
5
5
5
5
5
5
5
5
5
5
5
5
5
5
5
5
5
5
5
5
5
5
5
5
5
5
5
5
5
5
5
5
5
5
5
5
5
5
5
5
5
5
5
5
5
5
5
5
5
5
5
5
5
5
5
5
5
5
5
5
5
5
5
5
5
5
5
5
5
5
5
5
5
5
5
5
5
5
5
5
5
5
5
5
5
5
5
5
5
5
5
5
5
5
5
5
5
5
5
5
5
5
5
5
5
5
5
5
5
5
5
5
5
5
5
5
5
5
5
5
5
5
5
5
5
5
5
5
5
5
5
5
5
5
5
5
5
5
5
5
5
5
5
5
5
5
5
5
5
5
5
5
5
5
5
5
5
5
5
5
5
5
5
5
5
5
5
5
5
5
5
5
5
5
5
5
5
5
5
5
5
5
5
5
5
5
5
5
5
5
5
5
5
5
5
5
5
5
5
5
5
5
5
5
5
5
5
5
5
5
5
5
5
5
5
5
5
5
5
5
5
5
5
5
5
5
5
5
5
5
5
5
5
5
5
5
5
5
5
5
5
5
5
5
5
5
5
5
5
5
5
5
5
5
5
5
5
5
5
5
5
5
5
5
5
5
5
5
5
5
5
5
5
5
5
5
5
5
5
5
5
5
5
5
5
5
5
5
5
5
5
5
5
5
5
5
5
5
5
5
5
5
5
5
5
5
5
5
5
5
5
5
5
5
5
5
5
5
5
5
5
5
5
5
5
5
5
5
5
5
5
5
5
5
5
5
5
5
5
5
5
5
5
5
5
5
5
5
5
5
5
5
5
5
5
5
5
5
5
5
5
5
5
5
5
5
5
5
5
5
5
5
5
5
5
5
5
5
5
5
5
5
5
5
5
5
5
5
5
5
5
5
5
5
5
5
5
5
5
5
5
5
5
5
5
5
5
5
5
5
5
5
5
5
5
5
5
5
5
5
5
5
5
5
5
5
5
5
5
5
5
5
5
5
5
5
5
5
5
5
5
5
5
5
5
5
5
5
5
5
5
5
5
5
5
5
5
5
5
5
5
5
5
5
5
5
5
5
5
5
5
5
5
5
5
5
5
5
5
5
5
5
5
5
5
5
5
5
5
5
5
5
5
5
5
5
5
5
5
5
5
5
5
5
5
5
5
5
5
5
5
5
5
5
5
5
5
5
5
5
5
5
5
5
5
5
5
5
5
5
5
5
5
5
5
5
5
5
5
5
5
5
5
5
5
5
5
5
5
5
5
5
5
5
5
5
5
5
5
5
5
5
5
5
5
5
5
5
5
5
5
5
5
5
5
5
5
5
5
5
5
5
5
5
5
5
5
5
5
5
5
5
5
5
5
5
5
5
5
5
5
5
5
5
5
5
5
5
5
5
5
5
5
5
5
5
5
5
5
5
5
5
5
5
5
5
5
5
5
5
5
5
5
5
5
5
5
5
5
5
5
5
5
5
5
5
5
5
5
5
5
5
5
5
5
5
5
5
5
5
5
5
5
5
5
5
5
5
5
5
5
5
5
5
5
5
5
5
5
5
5
5
5
5
5
5
5
5
5
5
5
5
5
5
5
5
5
5
5
5
5
5
5
5
5
5
5
5
5
5
5
5
5
5
5
5
5
5
5
5
5
5
5
5
5
5
5
5
5
5
5
5
5
5
5
5
5
5
5
5
5
5
5
5
5
5
5
5
5
5
5
5
5
5
5
5
5
5
5
5
5
5
5
5
5
5
5
5
5
5
5
5
5
5
5
5
5
5
5
5
5
5
5
5
5
5
5
5
5
5
5
5
5
5
5
5
5
5
5
5
5
5
5
5
5
5
5
5
5
5
5
5
5
5
5
5
5
5
5
5
5
5
5
5
5
5
5
5
5
5
5
5
5
5
5
5
5
5
5
5
5
5
5
5
5
5
5
5
5
5
5
5
5
5
5
5
5
5
5
5
5
5
5
5
5
5
5
5
5
5
5
5
5
5
5
5
5
5
5
5
5
5
5
5
5
5
5
5
5
5
5
5
5
5
5
5
5
5
5
5
5
5
5
5
5
5
5
5
5
5
5
5
5
5
5
5
5
5
5
5
5
5
5
5
5
5
5
5
5
5
5
5
5
5
5
5
5
5
5
5
5
5
5
5
5
5
5
5
5
5
5
5
5
5
5
5
5
5
5
5
5
5
5
5
5
5
5
5
5
5
5
5
5
5
5
5
5
5
5
5
5
5
5
5
5
5
5
5
5
5
5
5
5
5
5
5
5
5
5
5
5
5
5
5
5
5
5
5
5
5
5
5
5
5
5
5
5
5
5
5
5
5
5
5
5
5
5
5
5
5
5
5
5
5
5
5
5
5
5
5
5
5
5
5
5
5
5
5
5
5
5
5
5
5
5
5
5
5
5
5
5
5
5
5
5
5
5
5
5
5
5
5
5
5
5
5
5
5
5
5
5
5
5
5
5
5
5
5
5
5
5
5
5
5
5
5
5
5
5
5
5
5
5
5
5
5
5
5
5
5
5
5
5
5
5
5
5
5
5
5
5
5
5
5
5
5
5
5
5
5
5
5
5
5
5
5
5
5
5
5
5
5
5
5
5
5
5
5
5
5
5
5
5
5
5
5
5
5
5
5
5
5
5
5
5
5
5
5
5
5
5
5
5
5
5
5
5
5
5
5
5
5
5
5
5
5
5
5
5
5
5
5
5
5
5
5
5
5
5
5
5
5
5
5
5
5
5
5
5
5
5
5
5
5
5
5
5
5
5
5
5
5
5
5
5
5
5
5
5
5
5
5
5
5
5
5
5
5
5
5
5
5
5
5
5
5
5
5
5
5
5
5
5
5
5
5
5
5
5
5
5
5
5
5
5
5
5
5
5
5
5
5
5
5
5
5
5
5
5
5
5
5
5
5
5
5
5
5
5
5
5
5
5
5
5
5
5
5
5
5
5
5
5
5
5
5
5
5
5
5
5
5
5
5
5
5
5
5
5
5
5
5
5
5
5
5
5
5
5
5
5
5
5
5
5
5
5
5
5
5
5
5
5
5
5
5
5
5
5
5
5
5
5
5
5
5
5
5
5
5
5
5
5
5
5
5
5
5
5
5
5
5
5
5
10
10
10
10
10
10
10
10
10
10
10
10
10
10
10
10
10
10
10
10
10
10
10
10
10
10
10
10
10
10
10
10
10
10
10
10
10
10
10
10
10
10
10
10
10
10
10
10
10
10
10
10
10
10
10
10
10
10
10
10
10
10
10
10
10
10
10
10
10
10
10
10
10
10
10
10
10
10
10
10
10
10
10
10
10
10
10
10
10
10
10
10
10
10
10
10
10
10
10
10
10
10
10
10
10
10
10
10
10
10
10
10
10
10
10
10
10
10
10
10
10
10
10
10
10
10
10
10
10
10
10
10
10
10
10
10
10
10
10
10
10
10
10
10
10
10
10
10
10
10
10
10
10
10
10
10
10
10
10
10
10
10
10
10
10
10
10
10
10
10
10
10
10
10
10
10
10
10
10
10
10
10
10
10
10
10
10
10
10
10
10
10
10
10
10
10
10
10
10
10
10
10
10
10
10
10
10
10
10
10
10
10
10
10
10
10
10
10
10
10
10
10
10
10
10
10
10
10
10
10
10
10
10
10
10
10
10
10
10
10
10
10
10
10
10
10
10
10
10
10
10
10
10
10
10
10
10
10
10
10
10
10
10
10
10
10
10
10
10
10
10
10
10
10
10
10
10
10
10
10
10
10
10
10
10
10
10
10
10
10
10
10
10
10
10
10
10
10
10
10
10
10
10
10
10
10
10
10
10
10
10
10
10
10
10
10
10
10
10
10
10
10
10
10
10
10
10
10
10
10
10
10
10
10
10
10
10
10
10
10
10
10
10
10
10
10
10
10
10
10
10
10
10
10
10
10
10
10
10
10
10
10
10
10
10
10
10
10
10
10
10
10
10
10
10
10
10
10
10
10
10
10
10
10
10
10
10
10
10
10
10
10
10
10
10
10
10
10
10
10
10
10
10
10
10
10
10
10
10
10
10
10
10
10
10
10
10
10
10
10
10
10
10
10
10
10
10
10
10
10
10
10
10
10
10
10
10
10
10
10
10
10
10
10
10
10
10
10
10
10
10
10
10
10
10
10
10
10
10
10
10
10
10
10
10
10
10
10
10
10
10
10
10
10
10
10
10
10
10
10
10
10
10
10
10
10
10
10
10
10
10
10
10
10
10
10
10
10
10
10
10
10
10
10
10
10
10
10
10
10
10
10
10
10
10
10
10
10
10
10
10
10
10
10
10
10
10
10
10
10
10
10
10
10
10
10
10
10
10
10
10
10
10
10
10
10
10
10
10
10
10
10
10
10
10
10
10
10
10
10
10
10
10
10
10
10
10
10
10
10
10
10
10
10
10
10
10
10
10
10
10
10
10
10
10
10
10
10
10
10
10
10
10
10
10
10
10
10
10
10
10
10
10
10
10
10
10
10
10
10
10
10
10
10
10
10
10
10
10
10
10
10
10
10
10
10
10
10
10
10
10
10
10
10
10
10
10
10
10
10
10
10
10
10
10
10
10
10
10
10
10
10
10
10
10
10
10
10
10
10
10
10
10
10
10
10
10
10
10
10
10
10
10
10
10
10
10
10
10
10
10
10
10
10
10
10
10
10
10
10
10
10
10
10
10
10
10
10
10
10
10
10
10
10
10
10
10
10
10
10
10
10
10
10
10
10
10
10
10
10
10
10
10
10
10
10
10
10
10
10
10
10
10
10
10
10
10
10
10
10
10
10
10
10
10
10
10
10
10
10
10
10
10
10
10
10
10
10
10
10
10
10
10
10
10
10
10
10
10
10
10
10
10
10
10
10
10
10
10
10
10
10
10
10
10
10
10
10
10
10
10
10
10
10
10
10
10
10
10
10
10
10
10
10
10
10
10
10
10
10
10
10
10
10
10
10
10
10
10
10
10
10
10
10
10
10
10
10
10
10
10
10
10
10
10
10
10
10
10
10
10
10
10
10
10
10
10
10
10
10
10
10
10
10
10
10
10
10
10
10
10
10
10
10
10
10
10
10
10
10
10
10
10
10
10
10
10
10
10
10
10
10
10
10
10
10
10
10
10
10
10
10
10
10
10
10
10
10
10
10
10
10
10
10
10
10
10
10
10
10
10
10
10
10
10
10
10
10
10
10
10
10
10
10
10
10
10
10
10
10
10
10
10
10
10
10
10
10
10
10
10
10
10
10
10
10
10
10
10
10
10
10
10
10
10
10
10
10
10
10
10
10
10
10
10
10
10
10
10
10
10
10
10
10
10
10
10
10
10
10
10
10
10
10
10
10
10
10
10
10
10
10
10
10
10
10
10
10
10
10
10
10
10
10
10
10
10
10
10
10
10
10
10
10
10
10
10
10
10
10
10
10
10
10
10
10
10
10
10
10
10
10
10
10
10
10
10
10
10
10
10
10
10
10
10
10
10
10
10
10
10
10
10
10
10
10
10
10
10
10
10
10
10
10
10
10
10
10
10
10
10
10
10
10
10
10
10
10
10
10
10
10
10
10
10
10
10
10
10
10
10
10
10
10
10
10
10
10
10
10
10
10
10
10
10
10
10
10
10
10
10
10
10
10
10
10
10
10
10
10
10
10
10
10
10
10
10
10
10
10
10
10
10
10
10
10
10
10
10
10
10
10
10
10
10
10
10
10
10
10
10
10
10
10
10
10
10
10
10
10
10
10
10
10
10
10
10
10
10
10
10
10
10
10
10
10
10
10
10
10
10
10
10
10
10
10
10
10
10
10
10
10
10
10
10
10
10
10
10
10
10
10
10
10
10
10
10
10
10
10
10
10
10
10
10
10
10
10
10
10
10
10
10
10
10
10
10
10
10
10
10
10
10
10
10
10
10
10
10
10
10
10
10
10
10
10
10
10
10
10
10
10
10
10
10
10
10
10
10
10
10
10
10
10
10
10
10
10
10
10
10
10
10
10
10
10
10
10
10
10
10
10
10
10
10
10
10
10
10
10
10
10
10
10
10
10
10
10
10
10
10
10
10
10
10
10
10
10
10
10
10
10
10
10
10
10
10
10
10
10
10
10
10
10
10
10
10
10
10
10
10
10
10
10
10
10
10
10
10
10
10
10
10
10
10
10
10
10
10
10
10
10
10
10
10
10
10
10
10
10
10
10
10
10
10
10
10
10
10
10
10
10
10
10
10
10
10
10
10
10
10
10
10
10
10
10
10
10
10
10
10
10
10
10
10
10
10
10
10
10
10
10
10
10
10
10
10
10
10
10
10
10
10
10
10
10
10
10
10
10
10
10
10
10
10
10
10
10
10
10
10
10
10
10
10
10
10
10
10
10
10
10
10
10
10
10
10
10
10
10
10
10
10
10
10
10
10
10
10
10
10
10
10
10
10
10
10
10
10
10
10
10
10
10
10
10
10
10
10
10
10
10
10
10
10
10
10
10
10
10
10
10
10
10
10
10
10
10
10
10
10
10
10
10
10
10
10
10
10
10
10
10
10
10
10
10
10
10
10
10
10
10
10
10
10
10
10
10
10
10
10
10
10
10
10
10
10
10
10
10
10
10
10
10
10
10
10
10
10
10
10
10
10
10
10
10
10
10
10
10
10
10
10
10
10
10
10
10
10
10
10
10
10
10
10
10
10
10
10
10
10
10
10
10
10
10
10
10
10
10
10
10
10
10
10
10
10
10
10
10
10
10
10
10
10
10
10
10
10
10
10
10
10
10
10
10
10
10
10
10
10
10
10
10
10
10
10
10
10
10
10
10
10
10
10
10
10
10
10
10
10
10
10
10
10
10
10
10
10
10
10
10
10
10
10
10
10
10
10
10
10
10
10
10
10
10
10
10
10
10
10
10
10
10
10
10
10
10
10
10
10
10
10
10
10
10
10
10
10
10
10
10
10
10
10
10
10
10
10
10
10
10
10
10
10
10
10
10
10
10
10
10
10
10
10
10
10
10
10
10
10
10
10
10
10
10
10
10
10
10
10
10
10
10
10
10
10
10
10
10
10
10
10
10
10
10
10
10
10
10
10
10
10
10
10
10
10
10
10
10
10
10
10
10
10
10
10
10
10
10
10
10
10
10
10
10
10
10
10
10
10
10
10
10
10
10
10
10
10
10
10
10
10
10
10
10
10
10
10
10
10
10
10
10
10
10
10
10
10
10
10
10
10
10
10
10
10
10
10
10
10
10
10
10
10
10
10
10
10
10
10
10
10
10
10
10
10
10
10
10
10
10
10
10
10
10
10
10
10
10
10
10
10
10
10
10
10
10
10
10
10
10
10
10
10
10
10
10
10
10
10
10
10
10
10
10
10
10
10
10
10
10
10
10
10
10
10
10
10
10
10
10
10
10
10
10
10
10
10
10
10
10
10
10
10
10
10
10
10
10
10
10
10
10
10
10
10
10
10
10
10
10
10
10
10
10
10
10
10
10
10
10
10
10
10
10
10
10
10
10
10
10
10
10
10
10
10
10
10
10
10
10
10
10
10
10
10
10
10
10
10
10
10
10
10
10
10
10
10
10
10
10
10
10
10
10
10
10
10
10
10
10
10
10
10
10
10
10
10
10
10
10
10
10
10
10
10
10
10
10
10
10
10
10
10
10
10
10
10
10
10
10
10
10
10
10
10
10
10
10
10
10
10
10
10
10
10
10
10
10
10
10
10
10
10
10
10
10
10
10
10
10
10
10
10
10
10
10
10
10
10
10
10
10
10
10
10
10
10
10
10
10
10
10
10
10
10
10
10
10
10
10
10
10
10
10
10
10
10
10
10
10
10
10
10
10
10
10
10
10
10
10
10
10
10
10
10
10
10
10
10
10
10
10
10
10
10
10
10
10
10
10
10
10
10
10
10
10
10
10
10
10
10
10
10
10
10
10
10
10
10
10
10
10
10
10
10
10
10
10
10
10
10
10
10
10
10
10
10
10
10
10
10
10
10
10
10
10
10
10
10
10
10
10
10
10
10
10
10
10
10
10
10
10
10
10
10
10
10
10
10
10
10
10
10
10
10
10
10
10
10
10
10
10
10
10
10
10
10
10
10
10
10
10
10
10
10
10
10
10
10
10
10
10
10
10
10
10
10
10
10
10
10
10
10
10
10
10
10
10
10
10
10
10
10
10
10
10
10
10
10
10
10
10
10
10
10
10
10
10
10
10
10
10
10
10
10
10
10
10
10
10
10
10
10
10
10
10
10
10
10
10
10
10
10
10
10
10
10
10
10
10
10
10
10
10
10
10
10
10
10
10
10
10
10
10
10
10
10
10
10
10
10
10
10
10
10
10
10
10
10
10
10
10
10
10
10
10
10
10
10
10
10
10
10
10
10
10
10
10
10
10
10
10
10
10
10
10
10
10
10
10
10
10
10
10
10
10
10
10
10
10
10
10
10
10
10
10
10
10
10
10
10
10
10
10
10
10
10
10
10
10
10
10
10
10
10
10
10
10
10
10
10
10
10
10
10
10
10
10
10
10
10
10
10
10
10
10
10
10
10
10
10
10
10
10
10
10
10
10
10
10
10
10
10
10
10
10
10
10
10
10
10
10
10
10
10
10
10
10
10
10
10
10
10
10
10
10
10
10
10
10
10
10
10
10
10
10
10
10
10
10
10
10
10
10
10
10
10
10
10
10
10
10
10
10
10
10
10
10
10
10
10
10
10
10
10
10
10
10
10
10
10
10
10
10
10
10
10
10
10
10
10
10
10
10
10
10
10
10
10
10
10
10
10
10
10
10
10
10
10
10
10
10
10
10
10
10
10
10
10
10
10
10
10
10
10
10
10
10
10
10
10
10
10
10
10
10
10
10
10
10
10
10
10
10
10
10
10
10
10
10
10
10
10
10
10
10
10
10
10
10
10
10
10
10
10
10
10
10
10
10
10
10
10
10
10
10
10
10
10
10
10
10
10
10
10
10
10
10
10
10
10
10
10
10
10
10
10
10
10
10
10
10
10
10
10
10
10
10
10
10
10
10
10
10
10
10
10
10
10
10
10
10
10
10
10
10
10
10
10
10
10
10
10
10
10
10
10
10
10
10
10
10
10
10
10
10
10
10
10
10
10
10
10
10
10
10
10
10
10
10
10
10
10
10
10
10
10
10
10
10
10
10
10
10
10
10
10
10
10
10
10
10
10
10
10
10
10
10
10
10
10
10
10
10
10
10
10
10
10
10
10
10
10
10
10
10
10
10
10
10
10
10
10
10
10
10
10
10
10
10
10
10
10
10
10
10
10
10
10
10
10
10
10
10
10
10
10
10
10
10
10
10
10
10
10
10
10
10
10
10
10
10
10
10
10
10
10
10
10
10
10
10
10
10
10
10
10
10
10
10
10
10
10
10
10
10
10
10
10
10
10
10
10
10
10
10
10
10
10
10
10
10
10
10
10
10
10
10
10
10
10
10
10
10
10
10
10
10
10
10
10
10
10
10
10
10
10
10
10
10
10
10
10
10
10
10
10
10
10
10
10
10
10
10
10
10
10
10
10
10
10
10
10
10
10
10
10
10
10
10
10
10
10
10
10
10
10
10
10
10
10
10
10
10
10
10
10
10
10
10
10
10
10
10
10
10
10
10
10
10
10
10
10
10
10
10
10
10
10
10
10
10
10
10
10
10
10
10
10
10
10
10
10
10
10
10
10
10
10
10
10
10
10
10
10
10
10
10
10
10
10
10
10
10
10
10
10
10
10
10
10
10
10
10
10
10
10
10
10
10
10
10
10
10
10
10
10
10
10
10
10
10
10
10
10
10
10
10
10
10
10
10
10
10
10
10
10
10
10
10
10
10
10
10
10
10
10
10
10
10
10
10
10
10
10
10
10
10
10
10
10
10
10
10
10
10
10
10
10
10
10
10
10
10
10
10
10
10
10
10
10
10
10
10
10
10
10
10
10
10
10
10
10
10
10
10
10
10
10
10
10
10
10
10
10
10
10
10
10
10
10
10
10
10
10
10
10
10
10
10
10
10
10
10
10
10
10
10
10
10
10
10
10
10
10
10
10
10
10
10
10
10
10
10
10
10
10
10
10
10
10
10
10
10
10
10
10
10
10
10
10
10
10
10
10
10
10
10
10
10
10
10
10
10
10
10
10
10
10
10
10
10
10
10
10
10
10
10
10
10
10
10
10
10
10
10
10
10
10
10
10
10
10
10
10
10
10
10
10
10
10
10
10
10
10
10
10
10
10
10
10
10
10
10
10
10
10
10
10
10
10
10
10
10
10
10
10
10
10
10
10
10
10
10
10
10
10
10
10
10
10
10
10
10
10
10
10
10
10
10
10
10
10
10
10
10
10
10
10
10
10
10
10
10
10
10
10
10
10
10
10
10
10
10
10
10
10
10
10
10
10
10
10
10
10
10
10
10
10
10
10
10
10
10
10
10
10
10
10
10
10
10
10
10
10
10
10
10
10
10
10
10
10
10
10
10
10
10
10
10
10
10
10
10
10
10
10
10
10
10
10
10
10
10
10
10
10
10
10
10
10
10
10
10
10
10
10
10
10
10
10
10
10
10
10
10
10
10
10
10
10
10
10
10
10
10
10
10
10
10
10
10
10
10
10
10
10
10
10
10
10
10
10
10
10
10
10
10
10
10
10
10
10
10
10
10
10
10
10
10
10
10
10
10
10
10
10
10
10
10
10
10
10
10
10
10
10
10
10
10
10
10
10
10
10
10
10
10
10
10
10
10
10
10
10
10
10
10
10
10
10
10
10
10
10
10
10
10
10
10
10
10
10
10
10
10
10
10
10
10
10
10
10
10
10
10
10
10
10
10
10
10
10
10
10
10
10
10
10
10
10
10
10
10
10
10
10
10
10
10
10
10
10
10
10
10
10
10
10
10
10
10
10
10
10
10
10
10
10
10
10
10
10
10
10
