Time,Pressure,P1_Position_X,P1_Position_Y,P1_Position_Z,P2_Position_X,P2_Position_Y,P2_Position_Z
0.0,0,-1.6653345369377348e-16,20.0,0.0,-5.551115123125783e-17,10.0,10.0
0.01,0,0.001564017864867373,20.07247106047149,0.0002807396893886871,0.0008808587238837151,10.031704974411635,9.992786784703501
0.02,0,0.001675671684672586,20.073362291949586,0.00029740765830482685,0.0009620721110507602,10.032169169899245,9.992648191815203
0.03,0,0.0016074871408389146,20.072927860116643,0.00029255694529828347,0.0009172299666699302,10.031937534082987,9.99269749620813
0.04,0,0.0015956068985437666,20.072915337489373,0.00029139040643794134,0.0009105762294551734,10.031930980380274,9.992698335014461
0.05,0,0.0015979220802945782,20.072918121042942,0.0002914080573976352,0.0009119113865627138,10.031932504736961,9.992698002502035
0.060000000000000005,0,0.0015987133824414967,20.07291825048059,0.00029146098470439474,0.0009123180913856443,10.031932567750845,9.992698013887015
0.07,0,0.0015986738609792273,20.0729182331332,0.0002914656204264232,0.0009122955499495378,10.031932556905584,9.992698018311371
0.08,0,0.0015986321182132057,20.072918231886955,0.00029146360554804795,0.00091227486789347,10.031932556409394,9.992698017450582
0.09,0,0.0015986301832884298,20.07291823198519,0.000291463204543152,0.000912274003047886,10.031932556545277,9.99269801723936
0.09999999999999999,0,0.0015986320115203845,20.072918231999566,0.0002914632625701796,0.000912274893831333,10.031932556552437,9.992698017266747
0.10999999999999999,0,0.001598632272683087,20.0729182319996,0.00029146328651513675,0.000912275016923203,10.031932556548579,9.992698017278666
0.11999999999999998,0,0.0015986322088819005,20.07291823199934,0.0002914632859454813,0.0009122749859728496,10.031932556548115,9.992698017278414
0.12999999999999998,0,0.0015986321904671308,20.072918231999296,0.0002914632847824117,0.0009122749772617622,10.031932556548243,9.992698017277835
0.13999999999999999,0,0.001598632191832372,20.072918231999314,0.0002914632846954812,0.0009122749779356121,10.031932556548274,9.992698017277792
0.15,0,0.0015986321928487257,20.072918231999292,0.00029146328475232464,0.0009122749784173378,10.03193255654828,9.992698017277824
0.16,0,0.0015986321928602165,20.072918231999324,0.00029146328475049277,0.0009122749784223894,10.031932556548266,9.99269801727781
0.17,0,0.001598632192815419,20.07291823199929,0.0002914632847517695,0.0009122749784167272,10.03193255654827,9.992698017277801
0.18000000000000002,0,0.0015986321928018743,20.072918231999296,0.0002914632847323406,0.0009122749784104545,10.03193255654827,9.99269801727781
0.19000000000000003,0,0.0015986321928116443,20.072918231999317,0.00029146328475881944,0.0009122749784105655,10.031932556548268,9.992698017277807
0.20000000000000004,0,0.001598632192819971,20.072918231999296,0.00029146328475787575,0.0009122749784047368,10.031932556548272,9.99269801727782
0.21000000000000005,0,0.0015986321928159741,20.07291823199932,0.0002914632847537124,0.0009122749784138406,10.031932556548274,9.9926980172778
0.22000000000000006,0,0.0015986321928128655,20.0729182319993,0.0002914632847547116,0.0009122749783952999,10.03193255654827,9.992698017277824
0.23000000000000007,0,0.0015986321928072589,20.0729182319993,0.0002914632847566545,0.0009122749784098994,10.031932556548274,9.992698017277808
0.24000000000000007,0,0.0015986321928160852,20.072918231999303,0.0002914632847622056,0.0009122749783960216,10.031932556548266,9.992698017277817
0.25000000000000006,0,0.0015986321928196379,20.072918231999292,0.00029146328475776473,0.0009122749784012396,10.03193255654827,9.99269801727782
0.26000000000000006,0,0.0015986321928038172,20.0729182319993,0.0002914632847662024,0.0009122749784060691,10.03193255654827,9.992698017277796
0.2700000000000001,0,0.0015986321928118663,20.07291823199931,0.000291463284741722,0.0009122749784039597,10.031932556548274,9.992698017277815
0.2800000000000001,0,0.0015986321928085356,20.072918231999314,0.0002914632847412224,0.0009122749784010176,10.031932556548277,9.992698017277814
0.2900000000000001,0,0.001598632192813254,20.072918231999317,0.00029146328476087335,0.0009122749784109541,10.03193255654827,9.992698017277803
0.3000000000000001,0,0.001598632192825744,20.072918231999292,0.0002914632847556553,0.0009122749783985751,10.03193255654827,9.992698017277831
0.3100000000000001,0,0.0015986321928165848,20.07291823199931,0.00029146328474788374,0.0009122749784065132,10.031932556548272,9.992698017277807
0.3200000000000001,0,0.0015986321928072034,20.072918231999306,0.0002914632847521026,0.000912274978415728,10.031932556548268,9.992698017277805
0.3300000000000001,0,0.0015986321928252445,20.07291823199931,0.00029146328474233263,0.0009122749784067352,10.031932556548263,9.992698017277807
0.34000000000000014,0,0.0015986321928270208,20.072918231999306,0.00029146328474694005,0.0009122749783992967,10.031932556548263,9.992698017277819
0.35000000000000014,0,0.0015986321928219693,20.072918231999292,0.0002914632847597076,0.0009122749784168382,10.03193255654828,9.992698017277796
0.36000000000000015,0,0.0015986321928072034,20.07291823199931,0.0002914632847536569,0.0009122749784119533,10.031932556548274,9.992698017277808
0.37000000000000016,0,0.0015986321928143088,20.072918231999303,0.00029146328474388694,0.0009122749784071238,10.031932556548266,9.992698017277803
0.38000000000000017,0,0.001598632192820193,20.07291823199931,0.00029146328475293526,0.0009122749784049033,10.03193255654827,9.992698017277826
0.3900000000000002,0,0.001598632192820304,20.072918231999314,0.00029146328475038175,0.0009122749784042927,10.03193255654827,9.992698017277814
0.4000000000000002,0,0.0015986321928265768,20.07291823199932,0.00029146328476192807,0.0009122749784029605,10.031932556548272,9.992698017277814
0.4100000000000002,0,0.001598632192807925,20.072918231999306,0.0002914632847595966,0.0009122749784096218,10.031932556548272,9.992698017277803
0.4200000000000002,0,0.0015986321928012637,20.072918231999317,0.0002914632847521026,0.0009122749784020168,10.031932556548268,9.992698017277814
0.4300000000000002,0,0.0015986321928181946,20.0729182319993,0.00029146328476775674,0.0009122749784181705,10.031932556548268,9.992698017277798
0.4400000000000002,0,0.0015986321928122549,20.0729182319993,0.0002914632847426657,0.0009122749784071793,10.031932556548274,9.992698017277817
0.45000000000000023,0,0.0015986321928020408,20.07291823199931,0.000291463284754212,0.0009122749784151729,10.031932556548266,9.992698017277814
0.46000000000000024,0,0.0015986321928167513,20.072918231999317,0.00029146328476087335,0.0009122749783971873,10.031932556548277,9.992698017277833
0.47000000000000025,0,0.0015986321928234681,20.072918231999324,0.00029146328474338734,0.0009122749783939121,10.031932556548274,9.992698017277828
0.48000000000000026,0,0.0015986321928156966,20.072918231999306,0.00029146328474849437,0.0009122749784030715,10.031932556548272,9.992698017277817
0.49000000000000027,0,0.0015986321928128655,20.072918231999296,0.00029146328475132544,0.000912274978405403,10.031932556548265,9.992698017277817
0.5000000000000002,0,0.0015986321928165292,20.072918231999317,0.0002914632847531018,0.0009122749784229445,10.031932556548268,9.9926980172778
0.5100000000000002,0,0.0015986321928104785,20.0729182319993,0.0002914632847432208,0.0009122749783906925,10.03193255654827,9.992698017277817
0.5200000000000002,0,0.0015986321928036507,20.07291823199932,0.00029146328474688454,0.0009122749784019613,10.031932556548268,9.992698017277819
0.5300000000000002,0,0.0015986321928186942,20.0729182319993,0.00029146328474743965,0.0009122749784121753,10.031932556548268,9.99269801727781
0.5400000000000003,0,0.0015986321928195824,20.072918231999306,0.0002914632847582088,0.0009122749784048478,10.031932556548277,9.992698017277812
0.5500000000000003,0,0.0015986321928179725,20.072918231999292,0.00029146328475676553,0.0009122749784052919,10.03193255654827,9.992698017277805
0.5600000000000003,0,0.0015986321928193603,20.072918231999317,0.0002914632847677012,0.0009122749784086781,10.031932556548272,9.992698017277817
0.5700000000000003,0,0.0015986321928135871,20.072918231999303,0.00029146328476042926,0.0009122749784050699,10.031932556548274,9.992698017277801
0.5800000000000003,0,0.0015986321928215252,20.072918231999296,0.00029146328475093686,0.0009122749783923023,10.03193255654827,9.99269801727782
0.5900000000000003,0,0.0015986321928076475,20.0729182319993,0.00029146328473905747,0.0009122749784076789,10.031932556548274,9.992698017277803
0.6000000000000003,0,0.0015986321928165848,20.072918231999306,0.00029146328474155547,0.0009122749783957995,10.031932556548268,9.992698017277826
0.6100000000000003,0,0.0015986321928117553,20.072918231999296,0.00029146328475498917,0.0009122749784090112,10.031932556548274,9.99269801727782
0.6200000000000003,0,0.0015986321928093128,20.072918231999296,0.00029146328474449756,0.0009122749784059581,10.031932556548265,9.992698017277814
0.6300000000000003,0,0.0015986321928150304,20.072918231999303,0.00029146328474538574,0.0009122749784020723,10.031932556548272,9.992698017277814
0.6400000000000003,0,0.0015986321928195268,20.072918231999324,0.00029146328475887495,0.0009122749784066797,10.031932556548265,9.992698017277803
0.6500000000000004,0,0.0015986321928368463,20.072918231999306,0.00029146328475881944,0.0009122749783986306,10.031932556548268,9.992698017277814
0.6600000000000004,0,0.0015986321928210256,20.072918231999306,0.0002914632847482168,0.0009122749783977979,10.031932556548274,9.99269801727782
0.6700000000000004,0,0.0015986321928139757,20.07291823199929,0.0002914632847511034,0.0009122749784060136,10.03193255654827,9.992698017277812
0.6800000000000004,0,0.001598632192802818,20.072918231999296,0.00029146328474238814,0.0009122749784101214,10.03193255654827,9.992698017277801
0.6900000000000004,0,0.0015986321928131986,20.072918231999317,0.0002914632847581533,0.0009122749784063466,10.031932556548274,9.992698017277812
0.7000000000000004,0,0.0015986321928241343,20.072918231999303,0.000291463284754101,0.0009122749784112871,10.031932556548268,9.992698017277801
0.7100000000000004,0,0.00159863219281553,20.072918231999303,0.0002914632847585419,0.0009122749783970208,10.031932556548265,9.992698017277808
0.7200000000000004,0,0.001598632192807592,20.072918231999296,0.0002914632847462184,0.0009122749784077344,10.031932556548272,9.992698017277807
0.7300000000000004,0,0.0015986321928070923,20.0729182319993,0.00029146328474932703,0.0009122749784059581,10.03193255654827,9.992698017277808
0.7400000000000004,0,0.0015986321928024294,20.07291823199929,0.00029146328474288774,0.000912274978405847,10.031932556548274,9.992698017277796
0.7500000000000004,0,0.0015986321928270764,20.072918231999303,0.00029146328475487815,0.0009122749783910256,10.031932556548277,9.992698017277828
0.7600000000000005,0,0.0015986321928225244,20.072918231999303,0.0002914632847551002,0.0009122749783993522,10.031932556548282,9.992698017277819
0.7700000000000005,0,0.0015986321928218028,20.072918231999296,0.0002914632847490495,0.0009122749783988526,10.031932556548277,9.992698017277824
0.7800000000000005,0,0.0015986321928087577,20.072918231999296,0.0002914632847517695,0.0009122749784114537,10.031932556548272,9.992698017277824
0.7900000000000005,0,0.00159863219281986,20.072918231999306,0.0002914632847587084,0.000912274978395633,10.031932556548268,9.992698017277837
0.8000000000000005,0,0.001598632192817473,20.072918231999303,0.00029146328476081784,0.0009122749783999073,10.03193255654827,9.99269801727782
0.8100000000000005,0,0.0015986321928201375,20.07291823199933,0.00029146328474483063,0.0009122749784046258,10.031932556548268,9.992698017277805
0.8200000000000005,0,0.001598632192834848,20.072918231999314,0.0002914632847462184,0.0009122749783928019,10.031932556548277,9.992698017277819
0.8300000000000005,0,0.0015986321928118663,20.072918231999317,0.0002914632847517695,0.0009122749783892492,10.03193255654827,9.992698017277824
0.8400000000000005,0,0.0015986321928115332,20.072918231999314,0.00029146328474988215,0.000912274978393357,10.031932556548274,9.992698017277828
0.8500000000000005,0,0.0015986321928193603,20.072918231999303,0.00029146328475682104,0.0009122749784126194,10.031932556548268,9.992698017277803
0.8600000000000005,0,0.0015986321928134761,20.07291823199931,0.0002914632847525467,0.0009122749784000184,10.031932556548277,9.992698017277814
0.8700000000000006,0,0.00159863219281986,20.072918231999314,0.0002914632847506593,0.0009122749784035156,10.031932556548266,9.992698017277817
0.8800000000000006,0,0.0015986321928166958,20.072918231999296,0.0002914632847565435,0.0009122749784198358,10.03193255654827,9.992698017277814
0.8900000000000006,0,0.0015986321928330716,20.072918231999317,0.00029146328476126193,0.0009122749784030715,10.031932556548274,9.992698017277823
0.9000000000000006,0,0.001598632192818028,20.07291823199932,0.0002914632847511589,0.0009122749784120643,10.03193255654827,9.992698017277805
0.9100000000000006,0,0.0015986321928109781,20.07291823199929,0.00029146328474732863,0.000912274978400518,10.03193255654827,9.992698017277815
0.9200000000000006,0,0.0015986321928153635,20.072918231999296,0.0002914632847595966,0.0009122749784041817,10.031932556548265,9.992698017277817
0.9300000000000006,0,0.0015986321928220804,20.072918231999303,0.00029146328476692407,0.0009122749784151729,10.03193255654827,9.992698017277807
0.9400000000000006,0,0.0015986321928165292,20.072918231999317,0.00029146328475182504,0.000912274978390859,10.031932556548274,9.992698017277833
0.9500000000000006,0,0.0015986321928146974,20.072918231999292,0.0002914632847677012,0.0009122749784040152,10.03193255654827,9.99269801727781
0.9600000000000006,0,0.0015986321928170844,20.072918231999292,0.00029146328476092886,0.0009122749784212791,10.031932556548272,9.992698017277787
0.9700000000000006,0,0.0015986321928015967,20.072918231999303,0.0002914632847590415,0.0009122749784027939,10.031932556548268,9.992698017277808
0.9800000000000006,0,0.0015986321928210812,20.072918231999303,0.00029146328475943006,0.0009122749784000739,10.031932556548274,9.992698017277815
0.9900000000000007,0,0.00159863219281825,20.072918231999296,0.00029146328475726513,0.0009122749784044593,10.031932556548272,9.99269801727781
1.0000000000000007,0,0.0015986321928203595,20.07291823199931,0.00029146328476775674,0.0009122749784042927,10.031932556548266,9.992698017277808
1.0100000000000007,0,0.0015986321927971558,20.072918231999317,0.00029146328475432304,0.0009122749784122863,10.031932556548274,9.992698017277801
1.0200000000000007,0,0.0015986321928136982,20.072918231999303,0.0002914632847420551,0.000912274978398353,10.031932556548274,9.99269801727781
1.0300000000000007,0,0.0015986321928095903,20.07291823199931,0.00029146328474299876,0.0009122749784242767,10.031932556548268,9.992698017277798
1.0400000000000007,0,0.0015986321928114222,20.072918231999303,0.0002914632847566545,0.0009122749784141182,10.031932556548274,9.992698017277798
1.0500000000000007,0,0.0015986321928105895,20.072918231999303,0.0002914632847426102,0.0009122749783989637,10.031932556548275,9.992698017277808
1.0600000000000007,0,0.001598632192822469,20.072918231999303,0.00029146328475881944,0.0009122749784159501,10.03193255654827,9.992698017277808
1.0700000000000007,0,0.0015986321928024294,20.072918231999317,0.0002914632847421106,0.000912274978383476,10.031932556548275,9.992698017277837
1.0800000000000007,0,0.0015986321928067038,20.072918231999317,0.0002914632847585974,0.0009122749784189477,10.031932556548265,9.992698017277796
1.0900000000000007,0,0.0015986321928115332,20.072918231999317,0.00029146328475199157,0.0009122749783988526,10.03193255654827,9.992698017277798
1.1000000000000008,0,0.0015986321928070368,20.072918231999317,0.0002914632847591525,0.0009122749784049589,10.031932556548274,9.992698017277807
1.1100000000000008,0,0.001598632192823246,20.07291823199929,0.00029146328476287175,0.0009122749784138962,10.031932556548274,9.992698017277807
1.1200000000000008,0,0.0015986321928188607,20.07291823199931,0.00029146328475587735,0.000912274978405736,10.031932556548277,9.9926980172778
1.1300000000000008,0,0.0015986321928220804,20.07291823199931,0.00029146328474743965,0.0009122749783942452,10.031932556548274,9.992698017277819
1.1400000000000008,0,0.0015986321928091463,20.072918231999303,0.0002914632847271781,0.00091227497840074,10.031932556548274,9.99269801727781
1.1500000000000008,0,0.0015986321928058156,20.072918231999317,0.0002914632847457743,0.0009122749784022943,10.031932556548277,9.992698017277807
1.1600000000000008,0,0.001598632192834737,20.072918231999328,0.00029146328475038175,0.0009122749783970208,10.031932556548274,9.992698017277807
1.1700000000000008,0,0.0015986321928082026,20.0729182319993,0.00029146328475387895,0.0009122749784039041,10.031932556548275,9.992698017277819
1.1800000000000008,0,0.0015986321928163072,20.0729182319993,0.00029146328475643246,0.0009122749784077344,10.03193255654827,9.9926980172778
1.1900000000000008,0,0.0015986321928186942,20.072918231999303,0.00029146328475532224,0.0009122749783922468,10.031932556548274,9.992698017277814
1.2000000000000008,0,0.0015986321928186942,20.072918231999303,0.0002914632847626497,0.0009122749784056805,10.03193255654827,9.992698017277814
1.2100000000000009,0,0.0015986321928201375,20.072918231999285,0.00029146328475593286,0.0009122749784090112,10.031932556548266,9.992698017277807
1.2200000000000009,0,0.0015986321928143643,20.07291823199929,0.00029146328476237215,0.0009122749784034601,10.031932556548261,9.992698017277824
1.2300000000000009,0,0.0015986321928141978,20.07291823199931,0.0002914632847425547,0.0009122749784156725,10.031932556548274,9.992698017277808
1.2400000000000009,0,0.0015986321928205816,20.072918231999317,0.00029146328474294325,0.0009122749783850859,10.031932556548266,9.992698017277839
1.2500000000000009,0,0.0015986321928218583,20.072918231999303,0.00029146328473894645,0.0009122749784092887,10.031932556548279,9.9926980172778
1.260000000000001,0,0.001598632192822691,20.072918231999296,0.0002914632847462739,0.0009122749783896933,10.03193255654827,9.992698017277828
1.270000000000001,0,0.00159863219281009,20.072918231999314,0.0002914632847495491,0.0009122749783920248,10.031932556548274,9.992698017277824
1.280000000000001,0,0.0015986321928235236,20.07291823199931,0.00029146328476481465,0.0009122749784017392,10.03193255654827,9.992698017277807
1.290000000000001,0,0.0015986321928092018,20.072918231999296,0.0002914632847460519,0.0009122749784137851,10.031932556548266,9.992698017277815
1.300000000000001,0,0.0015986321928191383,20.072918231999303,0.0002914632847482723,0.0009122749784070128,10.031932556548274,9.992698017277808
1.310000000000001,0,0.0015986321928066483,20.072918231999296,0.0002914632847515475,0.0009122749784029605,10.031932556548274,9.992698017277819
1.320000000000001,0,0.0015986321928216363,20.072918231999306,0.0002914632847536569,0.0009122749784071238,10.031932556548266,9.992698017277812
1.330000000000001,0,0.0015986321927969893,20.072918231999292,0.0002914632847651477,0.0009122749784121753,10.03193255654827,9.9926980172778
1.340000000000001,0,0.0015986321928098124,20.072918231999296,0.00029146328474849437,0.0009122749783985196,10.03193255654827,9.992698017277808
1.350000000000001,0,0.0015986321928086467,20.072918231999306,0.00029146328475143646,0.0009122749784116202,10.031932556548266,9.992698017277801
1.360000000000001,0,0.0015986321928165848,20.072918231999303,0.00029146328476137295,0.0009122749783957995,10.031932556548275,9.99269801727782
1.370000000000001,0,0.0015986321928231906,20.072918231999314,0.0002914632847600407,0.0009122749784038486,10.031932556548265,9.99269801727781
1.380000000000001,0,0.0015986321928098124,20.072918231999303,0.00029146328475887495,0.0009122749784160056,10.031932556548265,9.992698017277807
1.390000000000001,0,0.001598632192810867,20.0729182319993,0.0002914632847382803,0.000912274978403238,10.031932556548274,9.99269801727782
1.400000000000001,0,0.001598632192818139,20.072918231999328,0.0002914632847356158,0.0009122749784081785,10.03193255654827,9.992698017277817
1.410000000000001,0,0.0015986321928265768,20.072918231999317,0.00029146328474832783,0.000912274978418226,10.03193255654827,9.992698017277803
1.420000000000001,0,0.0015986321928204705,20.07291823199929,0.0002914632847452192,0.0009122749784049033,10.031932556548277,9.992698017277812
1.430000000000001,0,0.0015986321928059821,20.07291823199931,0.0002914632847456078,0.0009122749784072348,10.031932556548268,9.992698017277808
1.440000000000001,0,0.0015986321928162517,20.07291823199928,0.0002914632847465515,0.000912274978400518,10.03193255654827,9.992698017277817
1.450000000000001,0,0.0015986321928108116,20.072918231999296,0.0002914632847476062,0.0009122749784141737,10.031932556548266,9.992698017277807
1.460000000000001,0,0.0015986321928270208,20.07291823199931,0.0002914632847530463,0.0009122749784039597,10.03193255654827,9.992698017277815
1.470000000000001,0,0.0015986321928215252,20.072918231999296,0.0002914632847422771,0.0009122749784144513,10.031932556548272,9.992698017277807
1.480000000000001,0,0.0015986321928225244,20.07291823199932,0.0002914632847497156,0.0009122749784051254,10.031932556548274,9.992698017277824
1.490000000000001,0,0.0015986321928203595,20.072918231999296,0.00029146328475582184,0.0009122749783904704,10.03193255654827,9.992698017277826
1.500000000000001,0,0.0015986321928169733,20.072918231999306,0.0002914632847472731,0.0009122749783924688,10.031932556548274,9.992698017277817
1.5100000000000011,0,0.0015986321928191938,20.072918231999317,0.00029146328474638494,0.0009122749784038486,10.031932556548265,9.992698017277815
1.5200000000000011,0,0.0015986321928140867,20.07291823199931,0.0002914632847357823,0.0009122749784182815,10.03193255654827,9.992698017277792
1.5300000000000011,0,0.0015986321928285196,20.07291823199931,0.00029146328475238015,0.0009122749783995743,10.03193255654827,9.992698017277814
1.5400000000000011,0,0.001598632192817473,20.072918231999296,0.0002914632847476617,0.0009122749784036821,10.031932556548272,9.992698017277819
1.5500000000000012,0,0.0015986321928190272,20.072918231999292,0.0002914632847511034,0.0009122749784112316,10.031932556548272,9.992698017277808
1.5600000000000012,0,0.001598632192822469,20.072918231999328,0.00029146328475726513,0.000912274978393024,10.031932556548268,9.992698017277828
1.5700000000000012,0,0.001598632192825633,20.07291823199931,0.00029146328475787575,0.0009122749784011841,10.031932556548265,9.992698017277814
1.5800000000000012,0,0.0015986321928150304,20.072918231999296,0.00029146328476081784,0.0009122749784065132,10.03193255654827,9.992698017277814
1.5900000000000012,0,0.0015986321928286862,20.072918231999292,0.00029146328476675754,0.0009122749784067352,10.03193255654827,9.992698017277817
1.6000000000000012,0,0.0015986321928085356,20.07291823199931,0.00029146328475992966,0.0009122749784167827,10.031932556548272,9.992698017277805
1.6100000000000012,0,0.001598632192817473,20.07291823199931,0.000291463284746607,0.0009122749784241102,10.03193255654827,9.99269801727781
1.6200000000000012,0,0.0015986321928249114,20.072918231999292,0.00029146328475238015,0.0009122749784078454,10.031932556548268,9.992698017277808
1.6300000000000012,0,0.0015986321928092018,20.0729182319993,0.0002914632847512144,0.0009122749784047923,10.031932556548274,9.99269801727781
1.6400000000000012,0,0.0015986321928165292,20.072918231999296,0.00029146328476648,0.0009122749784162276,10.031932556548272,9.992698017277796
1.6500000000000012,0,0.001598632192825522,20.072918231999292,0.00029146328474649597,0.0009122749784067907,10.03193255654828,9.992698017277815
1.6600000000000013,0,0.0015986321928290748,20.072918231999306,0.0002914632847502707,0.0009122749784048478,10.03193255654827,9.99269801727781
1.6700000000000013,0,0.0015986321928064817,20.072918231999303,0.0002914632847531018,0.0009122749784045148,10.03193255654828,9.992698017277814
1.6800000000000013,0,0.0015986321928058156,20.072918231999314,0.00029146328475576633,0.0009122749784081785,10.031932556548266,9.99269801727782
1.6900000000000013,0,0.001598632192814975,20.07291823199931,0.0002914632847421106,0.0009122749784014061,10.031932556548268,9.992698017277819
1.7000000000000013,0,0.0015986321928259106,20.072918231999303,0.00029146328474588534,0.000912274978393135,10.031932556548265,9.992698017277817
1.7100000000000013,0,0.0015986321928087577,20.072918231999292,0.00029146328475093686,0.0009122749784035711,10.031932556548266,9.992698017277814
1.7200000000000013,0,0.001598632192802818,20.072918231999296,0.00029146328475287975,0.0009122749784201134,10.031932556548274,9.992698017277803
1.7300000000000013,0,0.001598632192813143,20.072918231999296,0.0002914632847600407,0.000912274978410399,10.031932556548272,9.99269801727781
1.7400000000000013,0,0.0015986321928150304,20.072918231999324,0.0002914632847536569,0.0009122749784003514,10.031932556548274,9.992698017277817
1.7500000000000013,0,0.0015986321928105895,20.072918231999314,0.0002914632847680343,0.0009122749784064577,10.031932556548263,9.992698017277814
1.7600000000000013,0,0.0015986321928261327,20.072918231999306,0.0002914632847406673,0.0009122749784002404,10.031932556548272,9.992698017277824
1.7700000000000014,0,0.0015986321928136982,20.0729182319993,0.00029146328474549676,0.0009122749784001294,10.031932556548277,9.99269801727782
1.7800000000000014,0,0.001598632192819971,20.07291823199929,0.00029146328476525873,0.0009122749784029605,10.031932556548266,9.992698017277815
1.7900000000000014,0,0.0015986321928025404,20.072918231999296,0.0002914632847605403,0.000912274978405403,10.031932556548274,9.99269801727781
1.8000000000000014,0,0.0015986321928122549,20.072918231999324,0.00029146328476437056,0.000912274978412897,10.031932556548265,9.992698017277792
1.8100000000000014,0,0.001598632192819971,20.072918231999303,0.00029146328475726513,0.0009122749784123974,10.031932556548263,9.992698017277803
1.8200000000000014,0,0.0015986321928168068,20.072918231999317,0.00029146328475831984,0.0009122749783889716,10.031932556548274,9.992698017277835
1.8300000000000014,0,0.0015986321928116443,20.072918231999303,0.0002914632847660359,0.0009122749783862516,10.031932556548277,9.992698017277837
1.8400000000000014,0,0.0015986321928239122,20.072918231999292,0.00029146328474838334,0.0009122749784054585,10.031932556548272,9.992698017277819
1.8500000000000014,0,0.0015986321928266878,20.072918231999314,0.0002914632847624832,0.0009122749784104545,10.031932556548274,9.992698017277803
1.8600000000000014,0,0.0015986321928239122,20.072918231999317,0.0002914632847486609,0.0009122749783953554,10.031932556548275,9.992698017277826
1.8700000000000014,0,0.0015986321928110891,20.072918231999317,0.0002914632847456633,0.0009122749783962991,10.031932556548274,9.99269801727782
1.8800000000000014,0,0.001598632192808258,20.072918231999303,0.00029146328475138095,0.0009122749784001294,10.03193255654827,9.992698017277815
1.8900000000000015,0,0.0015986321928109781,20.072918231999324,0.000291463284754212,0.0009122749784122863,10.031932556548265,9.992698017277808
1.9000000000000015,0,0.001598632192820193,20.072918231999303,0.0002914632847510479,0.0009122749784019057,10.031932556548266,9.992698017277823
1.9100000000000015,0,0.0015986321928120328,20.07291823199931,0.00029146328474488614,0.0009122749783959105,10.031932556548266,9.99269801727781
1.9200000000000015,0,0.00159863219281553,20.0729182319993,0.0002914632847562104,0.0009122749783998518,10.031932556548275,9.99269801727781
1.9300000000000015,0,0.0015986321928189717,20.072918231999306,0.00029146328474138894,0.0009122749784032935,10.031932556548272,9.99269801727782
1.9400000000000015,0,0.0015986321928178615,20.07291823199931,0.0002914632847537124,0.0009122749783947448,10.031932556548275,9.992698017277824
1.9500000000000015,0,0.0015986321928152525,20.072918231999314,0.0002914632847675347,0.0009122749783975204,10.03193255654827,9.992698017277831
1.9600000000000015,0,0.0015986321928213032,20.072918231999285,0.00029146328474888294,0.0009122749783901374,10.031932556548268,9.992698017277833
1.9700000000000015,0,0.0015986321928133096,20.072918231999317,0.0002914632847471066,0.000912274978403238,10.03193255654827,9.992698017277815
1.9800000000000015,0,0.001598632192837568,20.072918231999303,0.0002914632847741405,0.0009122749784100104,10.031932556548263,9.992698017277817
1.9900000000000015,0,0.0015986321928170288,20.072918231999292,0.00029146328476881145,0.0009122749784049589,10.031932556548266,9.99269801727782
2.0000000000000013,0,0.001598632192818139,20.072918231999292,0.00029146328475548877,0.0009122749784046258,10.031932556548266,9.992698017277807
2.010000000000001,0,0.0015986321928147529,20.072918231999306,0.0002914632847407228,0.0009122749783885276,10.031932556548274,9.99269801727783
2.020000000000001,0,0.0015986321928191938,20.072918231999317,0.0002914632847587084,0.0009122749783928019,10.031932556548277,9.992698017277814
2.0300000000000007,0,0.001598632192807481,20.072918231999306,0.00029146328474649597,0.0009122749784059025,10.031932556548266,9.99269801727781
2.0400000000000005,0,0.001598632192813254,20.072918231999303,0.0002914632847525467,0.0009122749784004625,10.031932556548272,9.992698017277817
2.0500000000000003,0,0.0015986321928146974,20.07291823199928,0.00029146328473955707,0.000912274978410399,10.031932556548275,9.992698017277789
2.06,0,0.001598632192815752,20.072918231999317,0.00029146328475188055,0.0009122749784097883,10.031932556548268,9.99269801727781
2.07,0,0.0015986321928276315,20.072918231999306,0.0002914632847636489,0.0009122749784084561,10.03193255654827,9.992698017277817
2.0799999999999996,0,0.0015986321928165848,20.072918231999317,0.0002914632847462739,0.0009122749784105655,10.031932556548272,9.992698017277805
2.0899999999999994,0,0.001598632192815752,20.072918231999303,0.00029146328475238015,0.0009122749783946338,10.03193255654827,9.992698017277826
2.099999999999999,0,0.0015986321928063707,20.072918231999285,0.0002914632847576537,0.0009122749783961326,10.031932556548275,9.992698017277823
2.109999999999999,0,0.001598632192830185,20.072918231999303,0.00029146328474849437,0.0009122749784020723,10.031932556548265,9.99269801727781
2.1199999999999988,0,0.0015986321928258551,20.072918231999292,0.00029146328476636896,0.0009122749784118422,10.031932556548277,9.992698017277815
2.1299999999999986,0,0.0015986321928183611,20.072918231999317,0.00029146328475498917,0.0009122749784126194,10.031932556548268,9.992698017277807
2.1399999999999983,0,0.0015986321928365688,20.0729182319993,0.00029146328475743166,0.0009122749784073458,10.031932556548263,9.992698017277814
2.149999999999998,0,0.001598632192804872,20.072918231999303,0.00029146328474943806,0.0009122749784188366,10.031932556548272,9.992698017277792
2.159999999999998,0,0.001598632192809979,20.072918231999306,0.0002914632847591525,0.0009122749784032935,10.03193255654827,9.992698017277814
2.1699999999999977,0,0.0015986321928123104,20.07291823199931,0.0002914632847595966,0.000912274978415839,10.031932556548266,9.992698017277803
2.1799999999999975,0,0.0015986321928163072,20.072918231999328,0.0002914632847566545,0.0009122749784027384,10.03193255654827,9.992698017277814
2.1899999999999973,0,0.0015986321928147529,20.07291823199931,0.0002914632847616505,0.0009122749784067352,10.03193255654827,9.992698017277807
2.199999999999997,0,0.0015986321928198044,20.07291823199929,0.0002914632847580423,0.0009122749784043482,10.031932556548274,9.992698017277826
2.209999999999997,0,0.0015986321928218583,20.0729182319993,0.0002914632847502707,0.0009122749783986306,10.031932556548266,9.992698017277824
2.2199999999999966,0,0.0015986321928203595,20.0729182319993,0.0002914632847490495,0.0009122749784065132,10.031932556548268,9.992698017277812
2.2299999999999964,0,0.0015986321928155856,20.07291823199931,0.0002914632847604848,0.0009122749784059581,10.031932556548272,9.99269801727781
2.239999999999996,0,0.0015986321928279645,20.072918231999303,0.0002914632847456633,0.0009122749784079565,10.031932556548266,9.99269801727782
2.249999999999996,0,0.0015986321928112557,20.072918231999296,0.0002914632847545451,0.0009122749783986306,10.031932556548268,9.992698017277814
2.259999999999996,0,0.0015986321928215252,20.072918231999303,0.00029146328474932703,0.0009122749784014061,10.031932556548275,9.992698017277824
2.2699999999999956,0,0.0015986321928152525,20.072918231999296,0.00029146328474799477,0.0009122749784176154,10.03193255654827,9.992698017277796
2.2799999999999954,0,0.001598632192810534,20.07291823199931,0.0002914632847461074,0.0009122749783991857,10.031932556548274,9.992698017277812
2.289999999999995,0,0.0015986321928149194,20.072918231999317,0.0002914632847602072,0.0009122749783972983,10.031932556548266,9.992698017277824
2.299999999999995,0,0.0015986321928128655,20.072918231999314,0.0002914632847521581,0.0009122749783969653,10.031932556548275,9.992698017277808
2.3099999999999947,0,0.0015986321928161962,20.0729182319993,0.0002914632847542675,0.0009122749784027939,10.03193255654827,9.992698017277808
2.3199999999999945,0,0.0015986321928086467,20.072918231999285,0.0002914632847695886,0.0009122749784168938,10.03193255654827,9.992698017277801
2.3299999999999943,0,0.0015986321928174174,20.07291823199931,0.00029146328475099237,0.0009122749784036266,10.031932556548265,9.992698017277817
2.339999999999994,0,0.001598632192802596,20.072918231999303,0.0002914632847530463,0.0009122749784203354,10.031932556548266,9.99269801727781
2.349999999999994,0,0.001598632192823135,20.072918231999296,0.0002914632847546006,0.000912274978395966,10.031932556548265,9.992698017277814
2.3599999999999937,0,0.0015986321928165848,20.07291823199931,0.0002914632847630938,0.0009122749784046258,10.031932556548265,9.992698017277807
2.3699999999999934,0,0.0015986321928097014,20.072918231999303,0.0002914632847556553,0.0009122749784126194,10.031932556548266,9.992698017277794
2.3799999999999932,0,0.0015986321928222469,20.07291823199932,0.0002914632847570431,0.0009122749784120088,10.031932556548274,9.9926980172778
2.389999999999993,0,0.0015986321928206926,20.07291823199931,0.0002914632847527687,0.0009122749784018502,10.031932556548274,9.992698017277817
2.399999999999993,0,0.0015986321928171399,20.072918231999306,0.00029146328474688454,0.0009122749784088446,10.031932556548266,9.992698017277814
2.4099999999999926,0,0.0015986321928338487,20.072918231999306,0.0002914632847411669,0.0009122749784025719,10.031932556548266,9.992698017277817
2.4199999999999924,0,0.0015986321928097014,20.0729182319993,0.0002914632847624832,0.0009122749784100104,10.031932556548274,9.992698017277814
2.429999999999992,0,0.0015986321928088132,20.072918231999303,0.0002914632847507703,0.0009122749784070683,10.031932556548274,9.992698017277807
2.439999999999992,0,0.0015986321928172509,20.072918231999328,0.0002914632847525467,0.0009122749784073458,10.03193255654827,9.992698017277808
2.4499999999999917,0,0.00159863219281825,20.072918231999303,0.00029146328476625794,0.0009122749784062356,10.03193255654827,9.992698017277807
2.4599999999999915,0,0.0015986321928259106,20.072918231999303,0.00029146328475576633,0.0009122749783950224,10.03193255654827,9.992698017277824
2.4699999999999913,0,0.0015986321928159186,20.072918231999306,0.0002914632847480503,0.0009122749783949669,10.03193255654827,9.992698017277824
2.479999999999991,0,0.0015986321928213032,20.072918231999292,0.00029146328475881944,0.0009122749784089557,10.031932556548266,9.992698017277803
2.489999999999991,0,0.0015986321928202485,20.072918231999314,0.0002914632847530463,0.0009122749783961881,10.031932556548277,9.99269801727783
2.4999999999999907,0,0.0015986321928165292,20.072918231999303,0.0002914632847600407,0.0009122749783926909,10.031932556548274,9.992698017277817
2.5099999999999905,0,0.0015986321928117553,20.072918231999285,0.0002914632847585419,0.0009122749784107875,10.03193255654827,9.992698017277815
2.5199999999999902,0,0.0015986321928172509,20.072918231999296,0.0002914632847631493,0.0009122749784105655,10.03193255654827,9.992698017277803
2.52999999999999,0,0.001598632192815086,20.072918231999306,0.00029146328474149996,0.0009122749783996853,10.031932556548272,9.99269801727782
2.53999999999999,0,0.0015986321928110891,20.072918231999303,0.0002914632847431653,0.0009122749784063466,10.03193255654827,9.99269801727781
2.5499999999999896,0,0.0015986321928116998,20.072918231999303,0.00029146328476375993,0.0009122749784097328,10.031932556548266,9.992698017277801
2.5599999999999894,0,0.0015986321928117553,20.072918231999306,0.00029146328476331584,0.000912274978398242,10.03193255654827,9.992698017277814
2.569999999999989,0,0.0015986321928010416,20.072918231999306,0.000291463284764093,0.0009122749784093998,10.031932556548265,9.9926980172778
2.579999999999989,0,0.0015986321928109226,20.072918231999296,0.00029146328474999317,0.000912274978410843,10.031932556548266,9.992698017277808
2.5899999999999888,0,0.0015986321928190828,20.072918231999306,0.0002914632847441645,0.0009122749783960216,10.031932556548272,9.992698017277817
2.5999999999999885,0,0.001598632192812366,20.072918231999292,0.0002914632847560994,0.0009122749784121753,10.031932556548266,9.992698017277803
2.6099999999999883,0,0.0015986321928168068,20.072918231999296,0.00029146328473889094,0.0009122749783821438,10.03193255654827,9.992698017277835
2.619999999999988,0,0.001598632192810756,20.072918231999296,0.0002914632847635379,0.0009122749783959105,10.031932556548274,9.99269801727782
2.629999999999988,0,0.0015986321928125324,20.072918231999314,0.0002914632847431653,0.0009122749784117312,10.031932556548272,9.99269801727781
2.6399999999999877,0,0.0015986321928138647,20.0729182319993,0.0002914632847481613,0.0009122749784088446,10.031932556548265,9.992698017277814
2.6499999999999875,0,0.0015986321928247449,20.072918231999306,0.0002914632847472731,0.0009122749783981865,10.031932556548274,9.992698017277828
2.6599999999999873,0,0.0015986321928150304,20.07291823199931,0.00029146328475793126,0.0009122749784038486,10.031932556548275,9.992698017277805
2.669999999999987,0,0.001598632192824967,20.072918231999306,0.0002914632847605403,0.0009122749784114537,10.03193255654827,9.992698017277794
2.679999999999987,0,0.001598632192807925,20.0729182319993,0.00029146328474893846,0.0009122749783971318,10.03193255654827,9.992698017277808
2.6899999999999866,0,0.001598632192805427,20.07291823199931,0.0002914632847441645,0.0009122749784022388,10.03193255654827,9.99269801727781
2.6999999999999864,0,0.0015986321928136982,20.072918231999292,0.00029146328474743965,0.0009122749784133966,10.03193255654828,9.992698017277805
2.709999999999986,0,0.0015986321928150304,20.07291823199931,0.00029146328475332384,0.0009122749784019057,10.031932556548277,9.992698017277824
2.719999999999986,0,0.0015986321928160852,20.072918231999303,0.0002914632847580978,0.0009122749784073458,10.031932556548279,9.992698017277807
2.7299999999999858,0,0.0015986321928215808,20.0729182319993,0.0002914632847455523,0.0009122749784161166,10.031932556548274,9.992698017277808
2.7399999999999856,0,0.0015986321928095348,20.0729182319993,0.0002914632847377807,0.0009122749784017947,10.031932556548274,9.99269801727782
2.7499999999999853,0,0.0015986321928264657,20.07291823199932,0.000291463284754212,0.0009122749783964101,10.031932556548275,9.992698017277814
2.759999999999985,0,0.0015986321928193603,20.072918231999306,0.00029146328476381544,0.0009122749784104545,10.031932556548265,9.992698017277803
2.769999999999985,0,0.0015986321928242453,20.072918231999296,0.00029146328475976313,0.0009122749784110651,10.031932556548265,9.9926980172778
2.7799999999999847,0,0.0015986321928156966,20.072918231999303,0.0002914632847467735,0.0009122749784039041,10.031932556548266,9.992698017277814
2.7899999999999845,0,0.001598632192815086,20.07291823199931,0.0002914632847521026,0.0009122749784010176,10.03193255654827,9.99269801727781
2.7999999999999843,0,0.0015986321928087022,20.072918231999314,0.00029146328475043726,0.000912274978418004,10.031932556548266,9.992698017277808
2.809999999999984,0,0.00159863219283507,20.072918231999317,0.0002914632847456633,0.000912274978400851,10.031932556548265,9.99269801727782
2.819999999999984,0,0.001598632192815197,20.072918231999303,0.0002914632847547116,0.0009122749783947448,10.031932556548274,9.992698017277823
2.8299999999999836,0,0.0015986321928120328,20.07291823199931,0.0002914632847557108,0.0009122749784149509,10.031932556548263,9.992698017277807
2.8399999999999834,0,0.0015986321928089797,20.07291823199931,0.0002914632847625387,0.0009122749784069573,10.031932556548272,9.992698017277814
2.849999999999983,0,0.0015986321928121439,20.07291823199929,0.0002914632847447196,0.0009122749783991302,10.031932556548268,9.992698017277803
2.859999999999983,0,0.001598632192812921,20.072918231999296,0.00029146328474799477,0.0009122749784025719,10.031932556548275,9.99269801727781
2.869999999999983,0,0.001598632192820748,20.07291823199929,0.00029146328475943006,0.0009122749784102324,10.031932556548272,9.992698017277807
2.8799999999999826,0,0.0015986321928217473,20.072918231999296,0.0002914632847456078,0.000912274978405625,10.03193255654827,9.9926980172778
2.8899999999999824,0,0.001598632192815086,20.072918231999296,0.00029146328475343486,0.0009122749784088446,10.03193255654827,9.99269801727781
2.899999999999982,0,0.001598632192815752,20.0729182319993,0.0002914632847557108,0.0009122749784092332,10.031932556548265,9.992698017277807
2.909999999999982,0,0.0015986321928115332,20.07291823199931,0.00029146328475149197,0.0009122749784135631,10.03193255654827,9.992698017277803
2.9199999999999817,0,0.0015986321928218583,20.072918231999285,0.0002914632847601517,0.0009122749784055695,10.031932556548274,9.992698017277826
2.9299999999999815,0,0.0015986321928248004,20.072918231999306,0.000291463284761706,0.0009122749784046813,10.031932556548275,9.99269801727781
2.9399999999999813,0,0.001598632192815197,20.07291823199931,0.00029146328475637695,0.0009122749784116202,10.031932556548272,9.992698017277798
2.949999999999981,0,0.0015986321928238567,20.072918231999314,0.0002914632847485499,0.000912274978398242,10.03193255654827,9.99269801727782
2.959999999999981,0,0.0015986321928198044,20.072918231999296,0.00029146328475643246,0.0009122749784073458,10.03193255654827,9.992698017277807
2.9699999999999807,0,0.0015986321928164182,20.072918231999296,0.0002914632847641485,0.0009122749784045148,10.031932556548272,9.992698017277814
2.9799999999999804,0,0.0015986321928093128,20.072918231999306,0.0002914632847556553,0.0009122749784215567,10.03193255654827,9.992698017277803
2.9899999999999802,0,0.001598632192815308,20.07291823199931,0.000291463284761595,0.0009122749783961881,10.03193255654828,9.992698017277826
2.99999999999998,0,0.0015986321928109226,20.072918231999292,0.00029146328475676553,0.000912274978398131,10.031932556548263,9.992698017277808
3.00999999999998,0,0.0015986321928287417,20.072918231999303,0.00029146328477130945,0.0009122749784090112,10.03193255654827,9.992698017277814
3.0199999999999796,0,0.0015986321928073144,20.072918231999314,0.0002914632847425547,0.0009122749783922468,10.031932556548266,9.99269801727784
3.0299999999999794,0,0.0015986321928220248,20.072918231999328,0.00029146328475743166,0.0009122749783861961,10.031932556548279,9.99269801727782
3.039999999999979,0,0.0015986321928134206,20.072918231999306,0.00029146328474888294,0.0009122749783910256,10.031932556548266,9.992698017277823
3.049999999999979,0,0.001598632192797489,20.07291823199931,0.00029146328474838334,0.0009122749783951334,10.03193255654827,9.992698017277817
3.0599999999999787,0,0.0015986321928046499,20.072918231999296,0.0002914632847406118,0.0009122749783993522,10.03193255654827,9.992698017277812
3.0699999999999785,0,0.001598632192800431,20.0729182319993,0.0002914632847427767,0.0009122749784141737,10.031932556548272,9.992698017277805
3.0799999999999783,0,0.001598632192818139,20.072918231999317,0.0002914632847486609,0.0009122749784032935,10.031932556548268,9.992698017277823
3.089999999999978,0,0.0015986321928219138,20.07291823199931,0.00029146328475149197,0.000912274978385752,10.031932556548282,9.99269801727782
3.099999999999978,0,0.0015986321928160296,20.072918231999285,0.0002914632847461074,0.0009122749784035156,10.031932556548266,9.99269801727781
3.1099999999999777,0,0.0015986321928179725,20.07291823199929,0.0002914632847402787,0.000912274978395522,10.031932556548274,9.992698017277824
3.1199999999999775,0,0.0015986321928233016,20.072918231999303,0.00029146328474882743,0.0009122749783973538,10.031932556548268,9.992698017277826
3.1299999999999772,0,0.0015986321928322944,20.072918231999303,0.00029146328474899397,0.0009122749784121198,10.031932556548263,9.992698017277812
3.139999999999977,0,0.0015986321928194713,20.072918231999317,0.00029146328475698757,0.0009122749784082895,10.031932556548266,9.992698017277817
3.149999999999977,0,0.0015986321928120883,20.072918231999306,0.0002914632847427767,0.0009122749783970763,10.031932556548265,9.992698017277817
3.1599999999999766,0,0.0015986321928161407,20.072918231999285,0.0002914632847570431,0.0009122749784102324,10.031932556548265,9.992698017277807
3.1699999999999764,0,0.0015986321928140312,20.072918231999292,0.0002914632847530463,0.0009122749784019613,10.031932556548265,9.992698017277828
3.179999999999976,0,0.001598632192815308,20.072918231999314,0.0002914632847537679,0.0009122749784143958,10.031932556548272,9.9926980172778
3.189999999999976,0,0.0015986321928186387,20.072918231999303,0.0002914632847522691,0.0009122749784102324,10.031932556548274,9.992698017277817
3.1999999999999758,0,0.001598632192810534,20.07291823199931,0.00029146328476387096,0.0009122749784024053,10.031932556548268,9.992698017277807
3.2099999999999755,0,0.0015986321927952685,20.072918231999292,0.0002914632847420551,0.0009122749783997963,10.03193255654827,9.99269801727781
3.2199999999999753,0,0.0015986321928097014,20.07291823199929,0.0002914632847516585,0.0009122749784111761,10.03193255654827,9.99269801727781
3.229999999999975,0,0.0015986321928266323,20.072918231999317,0.00029146328475249117,0.000912274978400851,10.031932556548272,9.992698017277808
3.239999999999975,0,0.0015986321928036507,20.072918231999303,0.00029146328473850236,0.0009122749784027384,10.031932556548268,9.992698017277808
3.2499999999999747,0,0.0015986321928146974,20.072918231999314,0.0002914632847472731,0.000912274978405403,10.031932556548266,9.992698017277807
3.2599999999999745,0,0.001598632192822691,20.072918231999314,0.00029146328475443406,0.0009122749784117312,10.031932556548258,9.99269801727783
3.2699999999999743,0,0.0015986321928144753,20.07291823199933,0.00029146328475837535,0.0009122749784081785,10.031932556548272,9.992698017277817
3.279999999999974,0,0.00159863219281825,20.07291823199932,0.00029146328475149197,0.0009122749784126749,10.03193255654827,9.992698017277815
3.289999999999974,0,0.0015986321928084246,20.072918231999296,0.00029146328476142846,0.0009122749784014061,10.03193255654828,9.992698017277819
3.2999999999999736,0,0.0015986321928094793,20.072918231999292,0.0002914632847517695,0.0009122749784017947,10.031932556548274,9.992698017277814
3.3099999999999734,0,0.001598632192824967,20.072918231999292,0.0002914632847601517,0.0009122749784011841,10.031932556548268,9.992698017277814
3.319999999999973,0,0.001598632192807592,20.072918231999303,0.0002914632847611509,0.0009122749784169493,10.031932556548265,9.9926980172778
3.329999999999973,0,0.0015986321928171954,20.072918231999296,0.00029146328475093686,0.0009122749783975759,10.031932556548274,9.992698017277808
3.3399999999999728,0,0.001598632192817695,20.07291823199933,0.0002914632847627052,0.0009122749784078454,10.031932556548272,9.99269801727781
3.3499999999999726,0,0.001598632192823246,20.072918231999296,0.00029146328475382344,0.0009122749784034045,10.031932556548274,9.992698017277812
3.3599999999999723,0,0.0015986321928180836,20.072918231999303,0.00029146328474694005,0.0009122749784042927,10.03193255654827,9.992698017277817
3.369999999999972,0,0.0015986321928302405,20.072918231999303,0.0002914632847605958,0.0009122749783936901,10.03193255654827,9.992698017277823
3.379999999999972,0,0.001598632192807703,20.072918231999303,0.0002914632847521581,0.0009122749784089557,10.03193255654827,9.992698017277807
3.3899999999999717,0,0.0015986321928164182,20.0729182319993,0.00029146328474899397,0.0009122749783988526,10.031932556548268,9.992698017277814
3.3999999999999715,0,0.0015986321928240788,20.0729182319993,0.0002914632847661469,0.0009122749784095663,10.031932556548265,9.992698017277815
3.4099999999999713,0,0.0015986321928114777,20.072918231999303,0.00029146328475931904,0.0009122749784077899,10.031932556548275,9.99269801727781
3.419999999999971,0,0.0015986321928196379,20.07291823199932,0.00029146328475887495,0.0009122749783822548,10.031932556548275,9.992698017277831
3.429999999999971,0,0.001598632192803151,20.072918231999306,0.00029146328474105587,0.0009122749784147288,10.031932556548263,9.992698017277796
3.4399999999999706,0,0.0015986321928229685,20.072918231999317,0.00029146328475199157,0.0009122749784000184,10.031932556548277,9.992698017277819
3.4499999999999704,0,0.0015986321928162517,20.072918231999314,0.0002914632847450527,0.0009122749784107875,10.031932556548272,9.992698017277796
3.45999999999997,0,0.0015986321928159741,20.072918231999296,0.0002914632847447751,0.000912274978405847,10.031932556548275,9.992698017277815
3.46999999999997,0,0.0015986321928018188,20.07291823199931,0.00029146328475587735,0.0009122749784177264,10.031932556548266,9.992698017277785
3.47999999999997,0,0.0015986321928090352,20.0729182319993,0.0002914632847501042,0.0009122749784035711,10.031932556548272,9.99269801727782
3.4899999999999696,0,0.0015986321928086467,20.072918231999296,0.00029146328475548877,0.0009122749784203354,10.03193255654827,9.992698017277796
3.4999999999999694,0,0.0015986321928156966,20.072918231999303,0.0002914632847467735,0.0009122749784036821,10.031932556548279,9.992698017277812
3.509999999999969,0,0.0015986321928195824,20.072918231999317,0.00029146328474050076,0.0009122749784063466,10.031932556548274,9.99269801727781
3.519999999999969,0,0.0015986321928181946,20.072918231999292,0.00029146328474882743,0.000912274978415728,10.03193255654827,9.992698017277812
3.5299999999999687,0,0.0015986321928193603,20.072918231999317,0.00029146328475249117,0.0009122749784151729,10.031932556548266,9.992698017277814
3.5399999999999685,0,0.001598632192812588,20.072918231999303,0.00029146328476192807,0.0009122749783996853,10.031932556548272,9.992698017277824
3.5499999999999683,0,0.001598632192815641,20.07291823199932,0.00029146328475632144,0.0009122749784055695,10.031932556548272,9.99269801727783
3.559999999999968,0,0.0015986321928214697,20.072918231999296,0.0002914632847560439,0.000912274978402905,10.03193255654827,9.992698017277831
3.569999999999968,0,0.0015986321928161407,20.072918231999314,0.0002914632847490495,0.0009122749784018502,10.031932556548274,9.99269801727781
3.5799999999999677,0,0.0015986321928187497,20.072918231999303,0.00029146328475843086,0.0009122749784181705,10.031932556548272,9.9926980172778
3.5899999999999674,0,0.00159863219281009,20.07291823199931,0.0002914632847502707,0.0009122749783996853,10.031932556548279,9.992698017277812
3.5999999999999672,0,0.001598632192810312,20.07291823199931,0.00029146328474888294,0.0009122749784072348,10.031932556548266,9.992698017277798
3.609999999999967,0,0.0015986321928160852,20.072918231999303,0.0002914632847526577,0.0009122749784081785,10.031932556548274,9.992698017277824
3.619999999999967,0,0.0015986321928244673,20.072918231999324,0.0002914632847442755,0.0009122749784013506,10.031932556548277,9.992698017277817
3.6299999999999666,0,0.0015986321928208591,20.072918231999317,0.00029146328474638494,0.0009122749784095663,10.031932556548272,9.992698017277814
3.6399999999999664,0,0.0015986321928120328,20.072918231999317,0.0002914632847551002,0.000912274978398464,10.031932556548274,9.992698017277819
3.649999999999966,0,0.001598632192813365,20.072918231999314,0.0002914632847452747,0.0009122749784098438,10.03193255654827,9.992698017277794
3.659999999999966,0,0.001598632192815752,20.072918231999306,0.00029146328474882743,0.0009122749784071793,10.03193255654827,9.992698017277812
3.6699999999999657,0,0.0015986321928169178,20.072918231999303,0.0002914632847462184,0.0009122749784048478,10.03193255654827,9.992698017277815
3.6799999999999655,0,0.001598632192820415,20.072918231999296,0.0002914632847577092,0.0009122749784060136,10.031932556548277,9.992698017277807
3.6899999999999653,0,0.0015986321928243008,20.072918231999303,0.0002914632847470511,0.0009122749784106765,10.03193255654827,9.992698017277801
3.699999999999965,0,0.001598632192820304,20.0729182319993,0.00029146328473350636,0.0009122749783874173,10.031932556548274,9.99269801727783
3.709999999999965,0,0.0015986321928216363,20.072918231999303,0.00029146328474599636,0.0009122749783967432,10.03193255654827,9.99269801727781
3.7199999999999647,0,0.0015986321928206926,20.07291823199932,0.0002914632847525467,0.0009122749784048478,10.031932556548266,9.992698017277812
3.7299999999999645,0,0.00159863219281553,20.07291823199931,0.0002914632847627052,0.0009122749784097328,10.031932556548268,9.9926980172778
3.7399999999999642,0,0.00159863219281281,20.072918231999306,0.00029146328474732863,0.0009122749784045703,10.031932556548277,9.992698017277823
3.749999999999964,0,0.0015986321928211922,20.07291823199933,0.00029146328475732064,0.0009122749784172268,10.031932556548268,9.992698017277807
3.759999999999964,0,0.0015986321928096459,20.072918231999317,0.0002914632847490495,0.0009122749783923578,10.031932556548266,9.992698017277814
3.7699999999999636,0,0.0015986321928299074,20.07291823199931,0.0002914632847646481,0.0009122749784019613,10.031932556548277,9.992698017277808
3.7799999999999634,0,0.001598632192818028,20.072918231999306,0.00029146328475132544,0.000912274978420613,10.031932556548261,9.992698017277817
3.789999999999963,0,0.0015986321928134206,20.07291823199931,0.00029146328475632144,0.0009122749783888051,10.031932556548272,9.992698017277833
3.799999999999963,0,0.0015986321928032066,20.072918231999303,0.0002914632847577092,0.0009122749783992412,10.031932556548266,9.992698017277817
3.8099999999999627,0,0.0015986321928139757,20.072918231999306,0.00029146328475632144,0.0009122749784073458,10.03193255654827,9.992698017277801
3.8199999999999625,0,0.001598632192822913,20.072918231999303,0.0002914632847685339,0.0009122749783991302,10.031932556548274,9.992698017277819
3.8299999999999623,0,0.0015986321928112557,20.07291823199931,0.0002914632847512144,0.0009122749784165052,10.031932556548277,9.992698017277787
3.839999999999962,0,0.0015986321928186387,20.07291823199931,0.00029146328474999317,0.0009122749784001849,10.031932556548263,9.992698017277815
3.849999999999962,0,0.0015986321928116443,20.07291823199928,0.00029146328474294325,0.0009122749784041262,10.031932556548272,9.992698017277814
3.8599999999999617,0,0.0015986321928222469,20.072918231999296,0.00029146328475143646,0.0009122749784063466,10.031932556548274,9.99269801727781
3.8699999999999615,0,0.0015986321928185276,20.072918231999314,0.00029146328475937455,0.000912274978413008,10.031932556548268,9.992698017277803
3.8799999999999613,0,0.0015986321928025404,20.072918231999306,0.0002914632847462184,0.0009122749783948558,10.031932556548268,9.992698017277828
3.889999999999961,0,0.0015986321928250224,20.0729182319993,0.0002914632847507148,0.0009122749784144513,10.031932556548272,9.992698017277794
3.899999999999961,0,0.001598632192810534,20.072918231999303,0.0002914632847555443,0.0009122749783991302,10.031932556548277,9.992698017277814
3.9099999999999606,0,0.001598632192817584,20.07291823199931,0.00029146328476892247,0.0009122749784096218,10.031932556548272,9.992698017277805
3.9199999999999604,0,0.0015986321928312952,20.07291823199931,0.00029146328475931904,0.0009122749783911366,10.031932556548265,9.992698017277833
3.92999999999996,0,0.0015986321928143088,20.072918231999296,0.00029146328474849437,0.0009122749784060136,10.031932556548266,9.992698017277807
3.93999999999996,0,0.001598632192810867,20.0729182319993,0.00029146328476592487,0.0009122749784137296,10.03193255654827,9.992698017277803
3.9499999999999598,0,0.0015986321928203595,20.072918231999296,0.0002914632847521026,0.0009122749784027939,10.03193255654827,9.99269801727779
3.9599999999999596,0,0.0015986321928185276,20.072918231999324,0.00029146328475598837,0.0009122749784055695,10.03193255654828,9.99269801727782
3.9699999999999593,0,0.0015986321928105895,20.072918231999303,0.0002914632847600407,0.0009122749784115647,10.031932556548268,9.992698017277805
3.979999999999959,0,0.0015986321928203595,20.072918231999292,0.0002914632847611509,0.0009122749784139517,10.03193255654827,9.992698017277801
3.989999999999959,0,0.0015986321928136427,20.0729182319993,0.0002914632847525467,0.0009122749783839756,10.03193255654827,9.99269801727784
3.9999999999999587,0,0.00159863219281009,20.07291823199931,0.00029146328475387895,0.0009122749783986861,10.03193255654827,9.992698017277817
4.009999999999959,0,0.0015986321928166958,20.072918231999317,0.00029146328474088934,0.000912274978405403,10.031932556548275,9.992698017277814
4.019999999999959,0,0.0015986321928215808,20.07291823199931,0.0002914632847629828,0.0009122749784069573,10.031932556548263,9.992698017277815
4.0299999999999585,0,0.001598632192807592,20.072918231999306,0.0002914632847577092,0.0009122749784044593,10.031932556548268,9.992698017277824
4.039999999999958,0,0.0015986321928120883,20.072918231999296,0.00029146328473800276,0.0009122749784152284,10.031932556548272,9.992698017277805
4.049999999999958,0,0.001598632192808147,20.072918231999296,0.00029146328473994565,0.0009122749783972428,10.031932556548266,9.992698017277812
4.059999999999958,0,0.0015986321928203595,20.072918231999303,0.00029146328476187255,0.0009122749784092332,10.031932556548265,9.992698017277807
4.069999999999958,0,0.001598632192812699,20.07291823199931,0.0002914632847457743,0.0009122749784017392,10.031932556548261,9.992698017277828
4.079999999999957,0,0.001598632192820082,20.072918231999303,0.0002914632847596521,0.000912274978398242,10.03193255654827,9.99269801727781
4.089999999999957,0,0.0015986321928190828,20.0729182319993,0.0002914632847640375,0.0009122749784017947,10.03193255654827,9.992698017277819
4.099999999999957,0,0.0015986321928217473,20.0729182319993,0.0002914632847679788,0.0009122749784089557,10.031932556548274,9.992698017277807
4.109999999999957,0,0.0015986321928164182,20.07291823199931,0.0002914632847430543,0.0009122749784092332,10.031932556548277,9.992698017277815
4.119999999999957,0,0.0015986321928086467,20.0729182319993,0.0002914632847462739,0.0009122749784063466,10.03193255654827,9.992698017277803
4.129999999999956,0,0.0015986321928149194,20.072918231999303,0.00029146328475487815,0.0009122749783925799,10.031932556548265,9.992698017277826
4.139999999999956,0,0.0015986321928227465,20.07291823199931,0.0002914632847352827,0.0009122749783881945,10.03193255654827,9.992698017277828
4.149999999999956,0,0.0015986321928075364,20.072918231999303,0.00029146328474488614,0.000912274978398131,10.031932556548275,9.992698017277817
4.159999999999956,0,0.0015986321928173064,20.07291823199929,0.0002914632847736409,0.0009122749783972983,10.031932556548274,9.992698017277823
4.1699999999999555,0,0.0015986321928136427,20.072918231999314,0.0002914632847512699,0.000912274978408123,10.031932556548272,9.992698017277807
4.179999999999955,0,0.0015986321928293523,20.072918231999306,0.000291463284749105,0.0009122749784109541,10.031932556548263,9.99269801727781
4.189999999999955,0,0.0015986321928193603,20.0729182319993,0.00029146328475992966,0.0009122749784077899,10.031932556548263,9.992698017277814
4.199999999999955,0,0.001598632192815641,20.07291823199931,0.0002914632847734744,0.00091227497841323,10.031932556548265,9.992698017277807
4.209999999999955,0,0.0015986321928162517,20.0729182319993,0.00029146328475526673,0.0009122749783914141,10.031932556548268,9.99269801727783
4.2199999999999545,0,0.001598632192823135,20.072918231999328,0.00029146328475343486,0.0009122749783994077,10.031932556548277,9.99269801727781
4.229999999999954,0,0.0015986321928148084,20.0729182319993,0.00029146328477369643,0.0009122749784130635,10.03193255654827,9.992698017277803
4.239999999999954,0,0.0015986321928230796,20.07291823199931,0.0002914632847610954,0.0009122749783992967,10.031932556548266,9.992698017277807
4.249999999999954,0,0.001598632192810645,20.072918231999306,0.0002914632847580423,0.0009122749784140072,10.031932556548268,9.992698017277807
4.259999999999954,0,0.001598632192812477,20.072918231999306,0.00029146328475598837,0.0009122749784102324,10.031932556548272,9.992698017277824
4.269999999999953,0,0.0015986321928135871,20.072918231999303,0.0002914632847572096,0.0009122749784013506,10.031932556548272,9.99269801727782
4.279999999999953,0,0.0015986321928136427,20.072918231999292,0.000291463284744109,0.0009122749783942452,10.031932556548268,9.992698017277803
4.289999999999953,0,0.001598632192820415,20.072918231999306,0.00029146328475332384,0.0009122749784070128,10.031932556548266,9.99269801727781
4.299999999999953,0,0.0015986321928180836,20.072918231999306,0.0002914632847587084,0.0009122749784198914,10.031932556548265,9.992698017277803
4.3099999999999525,0,0.0015986321928155856,20.07291823199931,0.0002914632847491605,0.0009122749784074013,10.031932556548272,9.992698017277817
4.319999999999952,0,0.0015986321928196934,20.072918231999314,0.00029146328475843086,0.0009122749784075679,10.031932556548274,9.992698017277814
4.329999999999952,0,0.001598632192825189,20.072918231999306,0.00029146328476037375,0.0009122749784041817,10.03193255654827,9.992698017277807
4.339999999999952,0,0.0015986321928115332,20.072918231999306,0.00029146328474843886,0.0009122749783989081,10.031932556548274,9.992698017277812
4.349999999999952,0,0.0015986321928145308,20.072918231999296,0.00029146328474632943,0.000912274978400518,10.031932556548279,9.992698017277812
4.3599999999999515,0,0.0015986321928184166,20.07291823199933,0.0002914632847684784,0.0009122749784026274,10.031932556548277,9.992698017277812
4.369999999999951,0,0.0015986321928110336,20.072918231999306,0.00029146328476281624,0.0009122749784154505,10.031932556548263,9.992698017277807
4.379999999999951,0,0.0015986321928112557,20.0729182319993,0.0002914632847556553,0.0009122749783964657,10.031932556548272,9.992698017277814
4.389999999999951,0,0.001598632192815752,20.072918231999296,0.0002914632847552112,0.0009122749784003514,10.03193255654827,9.992698017277808
4.399999999999951,0,0.0015986321928049274,20.072918231999303,0.0002914632847476062,0.0009122749783991302,10.031932556548265,9.99269801727782
4.40999999999995,0,0.0015986321928144198,20.072918231999303,0.0002914632847522691,0.0009122749783982975,10.031932556548274,9.992698017277826
4.41999999999995,0,0.001598632192817584,20.072918231999292,0.0002914632847486054,0.0009122749784085671,10.031932556548272,9.99269801727781
4.42999999999995,0,0.0015986321928256886,20.072918231999324,0.0002914632847420551,0.000912274978410621,10.031932556548266,9.99269801727781
4.43999999999995,0,0.0015986321928135871,20.072918231999296,0.0002914632847555998,0.000912274978413341,10.031932556548263,9.992698017277814
4.4499999999999496,0,0.0015986321928121994,20.072918231999303,0.00029146328476276073,0.000912274978418004,10.031932556548268,9.992698017277803
4.459999999999949,0,0.0015986321928097569,20.07291823199931,0.00029146328474488614,0.0009122749784135631,10.031932556548268,9.992698017277817
4.469999999999949,0,0.0015986321928079805,20.072918231999306,0.00029146328475826433,0.0009122749784081785,10.031932556548265,9.992698017277807
4.479999999999949,0,0.0015986321928073144,20.072918231999314,0.000291463284758986,0.0009122749784084561,10.031932556548274,9.992698017277808
4.489999999999949,0,0.0015986321927992098,20.072918231999324,0.0002914632847590415,0.0009122749784223894,10.031932556548266,9.992698017277798
4.4999999999999485,0,0.0015986321928205816,20.07291823199931,0.00029146328475049277,0.0009122749784087891,10.031932556548274,9.99269801727781
4.509999999999948,0,0.0015986321928233571,20.07291823199931,0.0002914632847570986,0.0009122749784051809,10.031932556548266,9.99269801727781
4.519999999999948,0,0.0015986321928134761,20.072918231999303,0.00029146328475698757,0.0009122749784123974,10.031932556548265,9.99269801727779
4.529999999999948,0,0.0015986321928158076,20.072918231999314,0.0002914632847522691,0.0009122749783972428,10.03193255654827,9.99269801727781
4.539999999999948,0,0.0015986321928237457,20.072918231999317,0.0002914632847626497,0.0009122749784116757,10.031932556548266,9.992698017277819
4.549999999999947,0,0.0015986321928259106,20.072918231999296,0.0002914632847457743,0.0009122749783911921,10.031932556548266,9.99269801727782
4.559999999999947,0,0.001598632192808369,20.07291823199931,0.00029146328475593286,0.0009122749784023498,10.031932556548274,9.992698017277814
4.569999999999947,0,0.0015986321928080915,20.072918231999303,0.00029146328475876393,0.000912274978412897,10.03193255654827,9.992698017277803
4.579999999999947,0,0.001598632192824967,20.072918231999317,0.0002914632847537124,0.0009122749784112316,10.031932556548274,9.992698017277824
4.589999999999947,0,0.0015986321928243008,20.072918231999324,0.00029146328475687655,0.0009122749784101214,10.031932556548274,9.992698017277807
4.599999999999946,0,0.001598632192807592,20.072918231999314,0.00029146328474133343,0.0009122749783962436,10.031932556548274,9.992698017277824
4.609999999999946,0,0.0015986321928192493,20.072918231999317,0.00029146328475487815,0.0009122749784146733,10.031932556548275,9.992698017277794
4.619999999999946,0,0.0015986321928258551,20.07291823199931,0.0002914632847591525,0.0009122749784020168,10.03193255654827,9.992698017277817
4.629999999999946,0,0.0015986321928161962,20.072918231999303,0.0002914632847516585,0.0009122749784061801,10.031932556548266,9.992698017277812
4.6399999999999455,0,0.0015986321928094793,20.07291823199931,0.0002914632847526022,0.0009122749784059025,10.031932556548275,9.992698017277814
4.649999999999945,0,0.0015986321928185832,20.07291823199929,0.00029146328476331584,0.0009122749784093442,10.031932556548268,9.99269801727782
4.659999999999945,0,0.0015986321928093128,20.072918231999296,0.00029146328475837535,0.0009122749784069017,10.031932556548266,9.99269801727782
4.669999999999945,0,0.0015986321928261882,20.072918231999306,0.0002914632847560994,0.0009122749783969097,10.031932556548272,9.992698017277828
4.679999999999945,0,0.0015986321928176395,20.07291823199931,0.00029146328474732863,0.0009122749784001294,10.031932556548272,9.992698017277828
4.689999999999944,0,0.0015986321928296299,20.072918231999296,0.00029146328474083383,0.000912274978403127,10.031932556548272,9.99269801727782
4.699999999999944,0,0.0015986321928150304,20.072918231999306,0.00029146328476192807,0.0009122749783940232,10.031932556548266,9.992698017277819
4.709999999999944,0,0.0015986321928228575,20.072918231999303,0.0002914632847632048,0.0009122749784075124,10.031932556548274,9.992698017277812
4.719999999999944,0,0.0015986321928196379,20.07291823199931,0.00029146328476281624,0.0009122749784019057,10.031932556548266,9.99269801727782
4.729999999999944,0,0.0015986321928204705,20.072918231999303,0.00029146328475843086,0.0009122749784016837,10.031932556548277,9.992698017277812
4.739999999999943,0,0.0015986321928087577,20.072918231999296,0.00029146328475931904,0.0009122749784116202,10.03193255654827,9.992698017277807
4.749999999999943,0,0.001598632192818028,20.072918231999306,0.0002914632847532128,0.0009122749783975204,10.03193255654827,9.992698017277824
4.759999999999943,0,0.0015986321928104785,20.072918231999303,0.0002914632847487164,0.0009122749783975759,10.03193255654827,9.992698017277819
4.769999999999943,0,0.001598632192815419,20.072918231999317,0.00029146328474594085,0.000912274978402905,10.031932556548274,9.99269801727781
4.7799999999999425,0,0.0015986321928131986,20.072918231999303,0.0002914632847596521,0.0009122749784040152,10.031932556548265,9.992698017277808
4.789999999999942,0,0.0015986321928200264,20.072918231999306,0.0002914632847455523,0.0009122749784041262,10.031932556548272,9.992698017277814
4.799999999999942,0,0.0015986321928128655,20.072918231999314,0.0002914632847541565,0.0009122749784045148,10.031932556548274,9.992698017277805
4.809999999999942,0,0.001598632192825744,20.072918231999317,0.000291463284744109,0.0009122749783968542,10.031932556548274,9.99269801727781
4.819999999999942,0,0.001598632192817917,20.072918231999317,0.0002914632847570431,0.0009122749784126194,10.031932556548274,9.99269801727781
4.8299999999999415,0,0.0015986321928194713,20.072918231999306,0.000291463284771476,0.0009122749784014061,10.031932556548274,9.992698017277807
4.839999999999941,0,0.0015986321928163627,20.072918231999317,0.00029146328475132544,0.0009122749784086226,10.031932556548272,9.992698017277803
4.849999999999941,0,0.0015986321928325165,20.072918231999296,0.00029146328476192807,0.0009122749784147288,10.031932556548266,9.992698017277808
4.859999999999941,0,0.0015986321928112557,20.07291823199931,0.0002914632847462739,0.0009122749784059025,10.03193255654827,9.992698017277817
4.869999999999941,0,0.0015986321928150304,20.072918231999317,0.00029146328475876393,0.0009122749784095108,10.031932556548263,9.992698017277805
4.87999999999994,0,0.001598632192830518,20.072918231999303,0.0002914632847512699,0.0009122749784013506,10.03193255654827,9.99269801727782
4.88999999999994,0,0.0015986321928063152,20.072918231999306,0.0002914632847570986,0.0009122749784094553,10.03193255654827,9.992698017277814
4.89999999999994,0,0.0015986321928231906,20.072918231999296,0.0002914632847511034,0.0009122749783961881,10.03193255654827,9.992698017277817
4.90999999999994,0,0.0015986321928220248,20.072918231999303,0.0002914632847357823,0.0009122749784111206,10.031932556548277,9.992698017277808
4.9199999999999395,0,0.0015986321928322944,20.072918231999306,0.0002914632847601517,0.0009122749783953554,10.031932556548266,9.992698017277817
4.929999999999939,0,0.0015986321928087577,20.072918231999296,0.0002914632847432763,0.0009122749784001294,10.03193255654827,9.992698017277817
4.939999999999939,0,0.0015986321928068148,20.072918231999317,0.0002914632847575427,0.0009122749784066242,10.03193255654827,9.99269801727782
4.949999999999939,0,0.0015986321928193603,20.07291823199931,0.0002914632847430543,0.0009122749784054585,10.03193255654827,9.992698017277812
4.959999999999939,0,0.001598632192797378,20.072918231999303,0.00029146328474299876,0.0009122749784065687,10.03193255654827,9.992698017277807
4.9699999999999385,0,0.00159863219281281,20.072918231999317,0.0002914632847575427,0.0009122749784044593,10.03193255654827,9.992698017277812
4.979999999999938,0,0.0015986321928116998,20.072918231999306,0.0002914632847427212,0.0009122749784102879,10.03193255654827,9.992698017277819
4.989999999999938,0,0.0015986321928114777,20.07291823199932,0.0002914632847675347,0.0009122749784228334,10.031932556548261,9.992698017277798
4.999999999999938,0,0.0015986321928161407,20.072918231999296,0.00029146328476892247,0.000912274978400851,10.031932556548272,9.992698017277819
5.009999999999938,0,0.0015986321928077585,20.07291823199931,0.00029146328476525873,0.0009122749783936346,10.031932556548274,9.992698017277817
5.019999999999937,0,0.0015986321928164182,20.07291823199931,0.00029146328474033423,0.0009122749783964101,10.031932556548274,9.992698017277828
5.029999999999937,0,0.0015986321928219138,20.0729182319993,0.0002914632847516585,0.0009122749783965212,10.031932556548275,9.99269801727782
5.039999999999937,0,0.0015986321928167513,20.072918231999306,0.0002914632847481058,0.0009122749784000739,10.031932556548263,9.992698017277823
5.049999999999937,0,0.0015986321928217473,20.072918231999303,0.000291463284749105,0.0009122749784087336,10.031932556548266,9.99269801727782
5.0599999999999365,0,0.0015986321928162517,20.072918231999317,0.00029146328475548877,0.000912274978410843,10.031932556548277,9.992698017277798
5.069999999999936,0,0.0015986321928104785,20.072918231999314,0.00029146328474050076,0.0009122749783997408,10.031932556548263,9.9926980172778
5.079999999999936,0,0.0015986321928221914,20.072918231999292,0.00029146328474699557,0.0009122749784088446,10.03193255654827,9.99269801727781
5.089999999999936,0,0.0015986321928224134,20.072918231999328,0.0002914632847536569,0.000912274978413008,10.031932556548274,9.9926980172778
5.099999999999936,0,0.0015986321928086467,20.072918231999303,0.0002914632847636489,0.0009122749783953554,10.031932556548275,9.992698017277819
5.1099999999999355,0,0.001598632192815308,20.072918231999317,0.0002914632847421106,0.0009122749783980755,10.031932556548266,9.992698017277817
5.119999999999935,0,0.001598632192822691,20.072918231999317,0.00029146328475743166,0.0009122749783973538,10.03193255654827,9.992698017277819
5.129999999999935,0,0.0015986321928200264,20.072918231999303,0.0002914632847555998,0.0009122749784014617,10.031932556548263,9.99269801727781
5.139999999999935,0,0.001598632192813143,20.072918231999314,0.00029146328474632943,0.0009122749784091222,10.031932556548272,9.99269801727781
5.149999999999935,0,0.0015986321928270764,20.07291823199931,0.00029146328474183303,0.0009122749783903594,10.031932556548272,9.992698017277846
5.159999999999934,0,0.0015986321928155856,20.0729182319993,0.00029146328475143646,0.0009122749783976869,10.03193255654827,9.992698017277828
5.169999999999934,0,0.0015986321928241343,20.072918231999317,0.00029146328475893046,0.0009122749784015172,10.031932556548275,9.992698017277819
5.179999999999934,0,0.0015986321928175284,20.072918231999306,0.0002914632847609844,0.0009122749784158946,10.031932556548265,9.99269801727781
5.189999999999934,0,0.0015986321928233016,20.072918231999306,0.00029146328474083383,0.0009122749783946338,10.031932556548265,9.992698017277831
5.199999999999934,0,0.0015986321928169733,20.072918231999303,0.00029146328473994565,0.0009122749784059025,10.031932556548268,9.992698017277814
5.209999999999933,0,0.0015986321928208036,20.07291823199929,0.0002914632847570986,0.0009122749784030715,10.03193255654827,9.992698017277805
5.219999999999933,0,0.001598632192812699,20.072918231999317,0.00029146328476475913,0.0009122749784099549,10.03193255654827,9.992698017277808
5.229999999999933,0,0.0015986321928160296,20.072918231999296,0.0002914632847635379,0.0009122749784125084,10.03193255654827,9.992698017277803
5.239999999999933,0,0.001598632192815863,20.07291823199931,0.00029146328475643246,0.0009122749783900819,10.03193255654827,9.992698017277823
5.2499999999999325,0,0.0015986321928082026,20.072918231999303,0.00029146328476276073,0.0009122749783968542,10.031932556548274,9.992698017277831
5.259999999999932,0,0.0015986321928156966,20.072918231999296,0.00029146328475299077,0.000912274978398131,10.03193255654827,9.992698017277808
5.269999999999932,0,0.001598632192814864,20.072918231999303,0.00029146328474233263,0.0009122749783936346,10.03193255654827,9.992698017277831
5.279999999999932,0,0.0015986321928144753,20.072918231999296,0.00029146328474144445,0.000912274978398242,10.03193255654827,9.992698017277808
5.289999999999932,0,0.0015986321928114222,20.072918231999317,0.0002914632847575982,0.0009122749784140072,10.031932556548268,9.992698017277801
5.299999999999931,0,0.0015986321928225244,20.072918231999317,0.00029146328475698757,0.0009122749783914696,10.03193255654827,9.992698017277815
5.309999999999931,0,0.0015986321928193603,20.07291823199931,0.00029146328474699557,0.0009122749784034601,10.03193255654827,9.99269801727782
5.319999999999931,0,0.001598632192834959,20.07291823199932,0.0002914632847476062,0.000912274978408123,10.03193255654827,9.992698017277814
5.329999999999931,0,0.0015986321928252445,20.072918231999324,0.00029146328476786776,0.0009122749784167827,10.031932556548265,9.992698017277803
5.339999999999931,0,0.0015986321928208591,20.07291823199932,0.0002914632847436649,0.000912274978393024,10.031932556548274,9.99269801727783
5.34999999999993,0,0.001598632192817362,20.072918231999317,0.00029146328475448957,0.0009122749783938566,10.031932556548275,9.992698017277828
5.35999999999993,0,0.0015986321928029845,20.07291823199932,0.0002914632847455523,0.0009122749783912476,10.03193255654827,9.99269801727783
5.36999999999993,0,0.0015986321928133096,20.072918231999303,0.0002914632847461629,0.0009122749784072903,10.031932556548274,9.992698017277798
5.37999999999993,0,0.001598632192810756,20.072918231999303,0.0002914632847497156,0.0009122749783934125,10.031932556548275,9.992698017277814
5.3899999999999295,0,0.0015986321928201375,20.07291823199929,0.0002914632847476062,0.0009122749784100659,10.031932556548277,9.9926980172778
5.399999999999929,0,0.0015986321928126435,20.07291823199931,0.00029146328476076233,0.0009122749784034045,10.031932556548266,9.992698017277828
5.409999999999929,0,0.001598632192812699,20.072918231999324,0.0002914632847352272,0.0009122749784084005,10.03193255654827,9.992698017277817
5.419999999999929,0,0.0015986321928223024,20.072918231999306,0.00029146328476625794,0.0009122749784034601,10.031932556548266,9.992698017277828
5.429999999999929,0,0.001598632192810645,20.072918231999303,0.00029146328475038175,0.000912274978398464,10.031932556548274,9.992698017277817
5.4399999999999284,0,0.001598632192818139,20.07291823199931,0.00029146328474888294,0.0009122749784184481,10.031932556548265,9.992698017277808
5.449999999999928,0,0.001598632192800209,20.072918231999314,0.00029146328475032623,0.0009122749783947448,10.03193255654827,9.992698017277831
5.459999999999928,0,0.0015986321928170288,20.07291823199931,0.0002914632847495491,0.0009122749783943007,10.031932556548272,9.992698017277835
5.469999999999928,0,0.001598632192827687,20.072918231999306,0.0002914632847427767,0.0009122749783862516,10.031932556548277,9.992698017277819
5.479999999999928,0,0.0015986321928197489,20.0729182319993,0.0002914632847546561,0.0009122749783961326,10.03193255654826,9.992698017277814
5.489999999999927,0,0.0015986321928160852,20.072918231999303,0.0002914632847645926,0.0009122749784176154,10.031932556548274,9.992698017277803
5.499999999999927,0,0.0015986321928165848,20.072918231999296,0.0002914632847511034,0.0009122749784146178,10.031932556548277,9.99269801727781
5.509999999999927,0,0.0015986321928269653,20.072918231999292,0.0002914632847420551,0.0009122749783939677,10.031932556548272,9.992698017277817
5.519999999999927,0,0.0015986321928163072,20.0729182319993,0.00029146328475343486,0.0009122749784099549,10.031932556548274,9.992698017277807
5.5299999999999265,0,0.001598632192815086,20.07291823199931,0.0002914632847595411,0.000912274978410732,10.031932556548265,9.992698017277807
5.539999999999926,0,0.0015986321928076475,20.072918231999303,0.0002914632847522136,0.0009122749783944117,10.031932556548275,9.992698017277817
5.549999999999926,0,0.001598632192813143,20.072918231999317,0.0002914632847452747,0.000912274978403016,10.031932556548268,9.99269801727781
5.559999999999926,0,0.001598632192828242,20.07291823199931,0.0002914632847719756,0.0009122749784091222,10.031932556548268,9.992698017277814
5.569999999999926,0,0.0015986321928183056,20.072918231999306,0.0002914632847570431,0.0009122749784170603,10.031932556548274,9.992698017277807
5.5799999999999255,0,0.0015986321928214697,20.07291823199931,0.0002914632847516585,0.0009122749783973538,10.03193255654827,9.992698017277817
5.589999999999925,0,0.0015986321928129765,20.072918231999292,0.0002914632847482168,0.0009122749783951334,10.031932556548277,9.99269801727782
5.599999999999925,0,0.0015986321928286307,20.072918231999292,0.0002914632847556553,0.0009122749784077344,10.03193255654827,9.992698017277808
5.609999999999925,0,0.0015986321928258551,20.072918231999314,0.00029146328476475913,0.00091227497841051,10.03193255654827,9.992698017277814
5.619999999999925,0,0.0015986321928201375,20.07291823199933,0.0002914632847501042,0.0009122749784096218,10.031932556548268,9.992698017277805
5.629999999999924,0,0.0015986321928172509,20.072918231999292,0.00029146328475299077,0.0009122749784046258,10.031932556548274,9.992698017277812
5.639999999999924,0,0.0015986321928185276,20.07291823199929,0.0002914632847595966,0.0009122749784103434,10.031932556548274,9.992698017277814
5.649999999999924,0,0.001598632192814864,20.072918231999292,0.0002914632847552112,0.0009122749784037376,10.03193255654827,9.992698017277823
5.659999999999924,0,0.001598632192803262,20.072918231999306,0.00029146328475643246,0.0009122749784072903,10.031932556548275,9.99269801727781
5.6699999999999235,0,0.001598632192817362,20.072918231999296,0.00029146328475387895,0.0009122749784097328,10.03193255654827,9.992698017277807
5.679999999999923,0,0.0015986321928142533,20.072918231999306,0.00029146328476092886,0.0009122749783917472,10.031932556548266,9.99269801727784
5.689999999999923,0,0.0015986321928166958,20.072918231999314,0.00029146328474932703,0.0009122749783957995,10.031932556548277,9.992698017277815
5.699999999999923,0,0.0015986321928091463,20.07291823199932,0.000291463284759097,0.0009122749784149509,10.031932556548272,9.992698017277808
5.709999999999923,0,0.0015986321928152525,20.072918231999296,0.0002914632847579868,0.000912274978400851,10.031932556548272,9.992698017277831
5.7199999999999225,0,0.0015986321928053715,20.072918231999303,0.0002914632847462184,0.0009122749783943562,10.031932556548277,9.99269801727781
5.729999999999922,0,0.0015986321927970448,20.072918231999317,0.00029146328473950156,0.0009122749784150064,10.03193255654827,9.9926980172778
5.739999999999922,0,0.0015986321928126435,20.0729182319993,0.0002914632847497711,0.0009122749783762041,10.031932556548272,9.992698017277833
5.749999999999922,0,0.0015986321928167513,20.072918231999303,0.00029146328476536976,0.0009122749784094553,10.031932556548266,9.992698017277808
5.759999999999922,0,0.0015986321928134761,20.07291823199931,0.00029146328474582983,0.0009122749784075679,10.031932556548266,9.992698017277803
5.769999999999921,0,0.0015986321928135316,20.07291823199933,0.00029146328475637695,0.0009122749784127859,10.031932556548261,9.992698017277814
5.779999999999921,0,0.0015986321928117553,20.072918231999303,0.00029146328476192807,0.0009122749783975204,10.031932556548275,9.992698017277819
5.789999999999921,0,0.0015986321928235792,20.072918231999303,0.0002914632847492715,0.0009122749784124529,10.03193255654827,9.992698017277807
5.799999999999921,0,0.0015986321928170288,20.072918231999306,0.0002914632847461629,0.0009122749784143402,10.031932556548265,9.992698017277798
5.809999999999921,0,0.0015986321928113112,20.0729182319993,0.00029146328475088135,0.0009122749783925799,10.031932556548274,9.992698017277824
5.81999999999992,0,0.001598632192815197,20.072918231999292,0.00029146328475931904,0.0009122749783938566,10.031932556548272,9.99269801727782
5.82999999999992,0,0.0015986321928213032,20.07291823199931,0.00029146328476781225,0.0009122749784052364,10.031932556548266,9.992698017277808
5.83999999999992,0,0.0015986321928221914,20.07291823199931,0.00029146328474388694,0.000912274978415617,10.031932556548266,9.99269801727779
5.84999999999992,0,0.001598632192817695,20.0729182319993,0.0002914632847470511,0.0009122749784095663,10.031932556548266,9.992698017277803
5.8599999999999195,0,0.0015986321928127545,20.0729182319993,0.0002914632847610399,0.0009122749783913586,10.031932556548265,9.992698017277828
5.869999999999919,0,0.0015986321928206926,20.072918231999292,0.0002914632847570986,0.000912274978395522,10.031932556548275,9.99269801727782
5.879999999999919,0,0.0015986321928230796,20.072918231999317,0.0002914632847587084,0.0009122749783985196,10.031932556548266,9.992698017277824
5.889999999999919,0,0.0015986321928195268,20.0729182319993,0.00029146328474882743,0.000912274978405514,10.031932556548275,9.992698017277812
5.899999999999919,0,0.0015986321928268543,20.072918231999314,0.00029146328474100036,0.000912274978410732,10.031932556548274,9.992698017277801
5.909999999999918,0,0.0015986321928134761,20.072918231999303,0.00029146328474932703,0.0009122749784112316,10.03193255654827,9.992698017277819
5.919999999999918,0,0.0015986321928060931,20.072918231999296,0.0002914632847609844,0.0009122749784121753,10.031932556548272,9.992698017277807
5.929999999999918,0,0.0015986321928166403,20.07291823199931,0.00029146328476487016,0.0009122749783875839,10.031932556548274,9.992698017277815
5.939999999999918,0,0.0015986321928128655,20.07291823199931,0.0002914632847555443,0.0009122749784089557,10.03193255654827,9.992698017277815
5.949999999999918,0,0.001598632192810423,20.072918231999324,0.000291463284751603,0.0009122749784061801,10.03193255654827,9.992698017277819
5.959999999999917,0,0.0015986321928166403,20.072918231999324,0.00029146328475698757,0.0009122749784049589,10.031932556548275,9.992698017277819
5.969999999999917,0,0.0015986321928138647,20.07291823199931,0.00029146328474244365,0.0009122749784137851,10.03193255654827,9.992698017277805
5.979999999999917,0,0.0015986321928240232,20.072918231999292,0.0002914632847535459,0.0009122749784057915,10.031932556548263,9.99269801727781
5.989999999999917,0,0.0015986321928134761,20.072918231999317,0.00029146328476037375,0.000912274978407901,10.031932556548266,9.99269801727782
5.9999999999999165,0,0.0015986321928088687,20.07291823199933,0.0002914632847450527,0.0009122749784098438,10.031932556548265,9.992698017277808
6.009999999999916,0,0.0015986321928135871,20.072918231999314,0.00029146328476992167,0.0009122749783989637,10.031932556548274,9.992698017277824
6.019999999999916,0,0.001598632192830629,20.072918231999314,0.0002914632847710874,0.0009122749784011286,10.03193255654827,9.99269801727781
6.029999999999916,0,0.0015986321928239122,20.072918231999296,0.00029146328475049277,0.0009122749783990747,10.03193255654827,9.992698017277815
6.039999999999916,0,0.0015986321928191938,20.07291823199932,0.00029146328475082584,0.0009122749784044593,10.031932556548266,9.99269801727781
6.0499999999999154,0,0.0015986321928161407,20.072918231999296,0.0002914632847681453,0.0009122749784168938,10.031932556548261,9.99269801727779
6.059999999999915,0,0.001598632192828131,20.072918231999303,0.0002914632847336174,0.0009122749784025164,10.031932556548268,9.992698017277815
6.069999999999915,0,0.0015986321928188607,20.072918231999306,0.000291463284761595,0.0009122749784162831,10.031932556548272,9.992698017277803
6.079999999999915,0,0.0015986321928185832,20.072918231999324,0.0002914632847492715,0.0009122749783894712,10.03193255654827,9.992698017277833
6.089999999999915,0,0.0015986321928230796,20.072918231999314,0.0002914632847552112,0.0009122749783952444,10.031932556548274,9.99269801727782
6.099999999999914,0,0.0015986321928164737,20.072918231999296,0.00029146328475049277,0.0009122749784045703,10.031932556548274,9.992698017277817
6.109999999999914,0,0.0015986321928183056,20.072918231999317,0.0002914632847527687,0.0009122749784127304,10.031932556548268,9.992698017277807
6.119999999999914,0,0.0015986321928170844,20.072918231999296,0.00029146328475532224,0.0009122749784069017,10.031932556548272,9.992698017277812
6.129999999999914,0,0.0015986321928165848,20.07291823199932,0.0002914632847609844,0.0009122749784135076,10.031932556548274,9.992698017277803
6.1399999999999135,0,0.0015986321928270208,20.07291823199931,0.0002914632847609844,0.0009122749783945228,10.031932556548266,9.992698017277828
6.149999999999913,0,0.0015986321928203595,20.072918231999303,0.00029146328475826433,0.0009122749783920803,10.031932556548266,9.992698017277812
6.159999999999913,0,0.0015986321928164182,20.072918231999306,0.0002914632847652032,0.0009122749784133966,10.031932556548266,9.992698017277803
6.169999999999913,0,0.0015986321928244118,20.072918231999317,0.00029146328474738414,0.0009122749783894712,10.031932556548275,9.992698017277835
6.179999999999913,0,0.0015986321928170288,20.07291823199931,0.0002914632847482723,0.000912274978405736,10.031932556548272,9.992698017277803
6.1899999999999125,0,0.001598632192827909,20.07291823199931,0.0002914632847571541,0.0009122749784121198,10.03193255654826,9.992698017277817
6.199999999999912,0,0.0015986321928194713,20.0729182319993,0.00029146328474422,0.0009122749784095108,10.03193255654827,9.992698017277815
6.209999999999912,0,0.0015986321928264102,20.072918231999303,0.00029146328475732064,0.0009122749784031825,10.031932556548277,9.99269801727782
6.219999999999912,0,0.001598632192823135,20.072918231999274,0.0002914632847615395,0.0009122749784137296,10.031932556548272,9.9926980172778
6.229999999999912,0,0.0015986321928184721,20.072918231999317,0.0002914632847512699,0.000912274978398242,10.03193255654827,9.992698017277828
6.239999999999911,0,0.001598632192824967,20.072918231999303,0.0002914632847517695,0.0009122749783989081,10.03193255654827,9.992698017277833
6.249999999999911,0,0.0015986321928196934,20.0729182319993,0.00029146328475987415,0.0009122749783919692,10.031932556548266,9.992698017277828
6.259999999999911,0,0.0015986321928259661,20.072918231999296,0.00029146328475593286,0.0009122749784017947,10.031932556548268,9.99269801727781
6.269999999999911,0,0.001598632192818139,20.072918231999317,0.00029146328475548877,0.0009122749784172268,10.03193255654827,9.992698017277792
6.2799999999999105,0,0.0015986321928237457,20.072918231999292,0.0002914632847371701,0.0009122749783914696,10.031932556548265,9.992698017277823
6.28999999999991,0,0.0015986321928156966,20.072918231999296,0.00029146328475593286,0.0009122749784066797,10.031932556548272,9.992698017277805
6.29999999999991,0,0.0015986321928297964,20.0729182319993,0.0002914632847581533,0.0009122749784037376,10.031932556548266,9.992698017277807
6.30999999999991,0,0.0015986321928124214,20.072918231999317,0.0002914632847765275,0.0009122749784117312,10.03193255654827,9.992698017277787
6.31999999999991,0,0.0015986321928113667,20.0729182319993,0.00029146328475582184,0.0009122749784131745,10.031932556548268,9.99269801727781
6.3299999999999095,0,0.0015986321928104785,20.072918231999292,0.0002914632847527687,0.0009122749783962991,10.031932556548272,9.992698017277824
6.339999999999909,0,0.0015986321928194158,20.072918231999317,0.00029146328476037375,0.0009122749784098438,10.031932556548274,9.992698017277808
6.349999999999909,0,0.0015986321928267988,20.072918231999303,0.0002914632847431098,0.0009122749784075124,10.03193255654828,9.992698017277805
6.359999999999909,0,0.0015986321928119773,20.072918231999314,0.00029146328475038175,0.000912274978405403,10.03193255654827,9.992698017277801
6.369999999999909,0,0.0015986321928221914,20.07291823199928,0.00029146328474893846,0.0009122749783850304,10.031932556548272,9.992698017277817
6.379999999999908,0,0.0015986321928261882,20.07291823199931,0.0002914632847436094,0.0009122749783874173,10.031932556548274,9.99269801727784
6.389999999999908,0,0.0015986321928146419,20.072918231999296,0.0002914632847501042,0.0009122749783910811,10.03193255654827,9.992698017277808
6.399999999999908,0,0.0015986321928291303,20.0729182319993,0.00029146328475498917,0.0009122749784087336,10.03193255654827,9.992698017277803
6.409999999999908,0,0.0015986321928191383,20.072918231999303,0.00029146328475082584,0.0009122749784036821,10.03193255654827,9.99269801727782
6.419999999999908,0,0.0015986321928224134,20.072918231999296,0.0002914632847594856,0.0009122749784031825,10.031932556548277,9.992698017277819
6.429999999999907,0,0.0015986321928059821,20.07291823199929,0.00029146328474649597,0.000912274978418004,10.03193255654827,9.99269801727781
6.439999999999907,0,0.0015986321928176395,20.072918231999314,0.0002914632847640375,0.0009122749784118422,10.031932556548266,9.992698017277803
6.449999999999907,0,0.001598632192814864,20.07291823199931,0.0002914632847422771,0.0009122749784041262,10.031932556548274,9.992698017277817
6.459999999999907,0,0.0015986321928192493,20.072918231999317,0.00029146328474333183,0.0009122749784049033,10.031932556548275,9.99269801727782
6.4699999999999065,0,0.001598632192817917,20.07291823199931,0.0002914632847487719,0.0009122749784106765,10.031932556548266,9.99269801727781
6.479999999999906,0,0.001598632192820637,20.07291823199931,0.00029146328475726513,0.0009122749783968542,10.031932556548284,9.992698017277808
6.489999999999906,0,0.001598632192814864,20.072918231999296,0.00029146328474743965,0.0009122749783954665,10.031932556548274,9.992698017277815
6.499999999999906,0,0.0015986321928069813,20.072918231999296,0.00029146328475693206,0.0009122749783954109,10.031932556548266,9.992698017277824
6.509999999999906,0,0.001598632192810534,20.072918231999296,0.0002914632847506593,0.0009122749783993522,10.03193255654828,9.992698017277815
6.519999999999905,0,0.001598632192822358,20.07291823199931,0.000291463284761484,0.0009122749784032935,10.031932556548272,9.992698017277814
6.529999999999905,0,0.0015986321928171399,20.072918231999292,0.0002914632847630938,0.0009122749784146178,10.031932556548266,9.992698017277801
6.539999999999905,0,0.0015986321928213587,20.072918231999314,0.00029146328473705907,0.0009122749784075679,10.03193255654827,9.992698017277805
6.549999999999905,0,0.0015986321928183056,20.07291823199931,0.0002914632847531573,0.0009122749784059025,10.031932556548274,9.99269801727782
6.559999999999905,0,0.0015986321928121439,20.072918231999292,0.00029146328474383143,0.0009122749784016282,10.031932556548274,9.992698017277826
6.569999999999904,0,0.001598632192814975,20.072918231999303,0.00029146328476342687,0.0009122749784016282,10.031932556548268,9.992698017277814
6.579999999999904,0,0.0015986321928046499,20.072918231999292,0.00029146328474155547,0.0009122749784036266,10.031932556548265,9.99269801727781
6.589999999999904,0,0.0015986321928040392,20.072918231999317,0.00029146328474249916,0.00091227497839802,10.031932556548272,9.992698017277819
6.599999999999904,0,0.0015986321928063707,20.072918231999296,0.00029146328475632144,0.0009122749784102324,10.031932556548266,9.992698017277803
6.6099999999999035,0,0.001598632192825522,20.072918231999306,0.0002914632847619836,0.0009122749783961881,10.03193255654828,9.992698017277831
6.619999999999903,0,0.001598632192810756,20.072918231999314,0.00029146328474288774,0.0009122749784102324,10.031932556548268,9.992698017277808
6.629999999999903,0,0.0015986321928177505,20.072918231999303,0.00029146328475432304,0.0009122749784052364,10.031932556548277,9.992698017277812
6.639999999999903,0,0.0015986321928067593,20.072918231999317,0.00029146328476292727,0.0009122749783988526,10.031932556548272,9.992698017277803
6.649999999999903,0,0.0015986321928020963,20.072918231999317,0.00029146328474533023,0.0009122749784071793,10.031932556548272,9.992698017277801
6.659999999999902,0,0.0015986321928206926,20.072918231999303,0.0002914632847446086,0.000912274978393246,10.031932556548268,9.992698017277828
6.669999999999902,0,0.0015986321928172509,20.072918231999324,0.0002914632847512144,0.0009122749783975204,10.031932556548266,9.99269801727783
6.679999999999902,0,0.0015986321928136427,20.07291823199931,0.0002914632847560439,0.0009122749784018502,10.031932556548279,9.992698017277815
6.689999999999902,0,0.0015986321928164737,20.07291823199932,0.00029146328475887495,0.0009122749784107875,10.031932556548263,9.992698017277817
6.699999999999902,0,0.0015986321928143643,20.072918231999317,0.00029146328474294325,0.0009122749783985751,10.031932556548265,9.99269801727781
6.709999999999901,0,0.0015986321928167513,20.072918231999324,0.0002914632847546561,0.0009122749784216677,10.031932556548263,9.9926980172778
6.719999999999901,0,0.0015986321928159741,20.072918231999303,0.00029146328475332384,0.0009122749783974093,10.031932556548272,9.992698017277823
6.729999999999901,0,0.0015986321928160296,20.072918231999303,0.0002914632847425547,0.0009122749784074569,10.031932556548279,9.992698017277831
6.739999999999901,0,0.0015986321928218028,20.07291823199933,0.0002914632847487719,0.000912274978390859,10.031932556548277,9.992698017277817
6.7499999999999005,0,0.0015986321928172509,20.072918231999296,0.00029146328474100036,0.0009122749784152284,10.031932556548268,9.99269801727781
6.7599999999999,0,0.0015986321928189162,20.072918231999303,0.00029146328474394245,0.0009122749784021278,10.03193255654827,9.99269801727781
6.7699999999999,0,0.001598632192812477,20.072918231999303,0.000291463284761706,0.000912274978408345,10.03193255654827,9.992698017277805
6.7799999999999,0,0.0015986321928270208,20.072918231999306,0.0002914632847620946,0.0009122749784085671,10.031932556548266,9.9926980172778
6.7899999999999,0,0.0015986321928092573,20.072918231999317,0.00029146328475038175,0.0009122749784086781,10.031932556548272,9.992698017277814
6.7999999999998995,0,0.0015986321928137537,20.0729182319993,0.0002914632847620946,0.0009122749784075124,10.031932556548274,9.992698017277815
6.809999999999899,0,0.0015986321928139757,20.072918231999303,0.00029146328475382344,0.0009122749784143958,10.031932556548268,9.992698017277792
6.819999999999899,0,0.0015986321928149194,20.072918231999303,0.00029146328474383143,0.0009122749784089002,10.031932556548272,9.992698017277819
6.829999999999899,0,0.0015986321928148084,20.07291823199929,0.0002914632847606513,0.0009122749784193362,10.031932556548275,9.992698017277785
6.839999999999899,0,0.0015986321928115332,20.072918231999296,0.00029146328474483063,0.0009122749783961326,10.031932556548274,9.992698017277814
6.849999999999898,0,0.0015986321928138647,20.072918231999292,0.00029146328475193606,0.0009122749783997963,10.031932556548268,9.992698017277817
6.859999999999898,0,0.00159863219280304,20.072918231999303,0.00029146328476636896,0.0009122749784089002,10.031932556548268,9.992698017277812
6.869999999999898,0,0.0015986321928184721,20.07291823199929,0.00029146328474832783,0.0009122749784074013,10.031932556548268,9.992698017277807
6.879999999999898,0,0.0015986321928143088,20.072918231999306,0.00029146328474299876,0.0009122749784071793,10.031932556548266,9.992698017277814
6.8899999999998975,0,0.001598632192822358,20.072918231999292,0.00029146328474832783,0.0009122749784089557,10.03193255654828,9.992698017277814
6.899999999999897,0,0.0015986321928186942,20.072918231999324,0.000291463284759208,0.0009122749784127304,10.031932556548266,9.9926980172778
6.909999999999897,0,0.0015986321928103675,20.072918231999317,0.00029146328473800276,0.0009122749783999073,10.031932556548275,9.992698017277812
6.919999999999897,0,0.0015986321928121994,20.07291823199932,0.00029146328476287175,0.0009122749784185036,10.031932556548263,9.9926980172778
6.929999999999897,0,0.0015986321928255776,20.072918231999306,0.0002914632847496046,0.0009122749784001294,10.031932556548266,9.99269801727781
6.9399999999998965,0,0.0015986321928136982,20.072918231999303,0.00029146328476276073,0.0009122749784104545,10.031932556548265,9.99269801727779
6.949999999999896,0,0.0015986321928180836,20.072918231999292,0.00029146328475398997,0.000912274978413341,10.031932556548275,9.992698017277807
6.959999999999896,0,0.001598632192827909,20.072918231999306,0.00029146328475593286,0.0009122749784002959,10.031932556548266,9.99269801727782
6.969999999999896,0,0.001598632192809979,20.072918231999303,0.0002914632847586529,0.0009122749784129525,10.031932556548266,9.992698017277807
6.979999999999896,0,0.0015986321928241343,20.072918231999314,0.00029146328475526673,0.0009122749783961881,10.031932556548275,9.992698017277828
6.989999999999895,0,0.0015986321928171954,20.072918231999317,0.0002914632847485499,0.0009122749784131745,10.031932556548268,9.992698017277812
6.999999999999895,0,0.001598632192817806,20.0729182319993,0.0002914632847531018,0.0009122749783967432,10.03193255654827,9.992698017277828
7.009999999999895,0,0.0015986321928087022,20.07291823199929,0.00029146328475543326,0.0009122749783999629,10.031932556548275,9.99269801727782
7.019999999999895,0,0.0015986321928068148,20.072918231999303,0.0002914632847445531,0.0009122749783962991,10.031932556548274,9.99269801727782
7.0299999999998946,0,0.001598632192813032,20.07291823199931,0.000291463284761484,0.0009122749784035711,10.031932556548274,9.992698017277807
7.039999999999894,0,0.0015986321928144753,20.072918231999292,0.00029146328475593286,0.0009122749784016837,10.031932556548266,9.992698017277819
7.049999999999894,0,0.0015986321928119218,20.072918231999314,0.0002914632847396126,0.0009122749784090112,10.031932556548275,9.992698017277807
7.059999999999894,0,0.0015986321928134206,20.072918231999303,0.00029146328474749517,0.0009122749783939121,10.031932556548275,9.992698017277814
7.069999999999894,0,0.0015986321928234126,20.072918231999306,0.00029146328474294325,0.0009122749784082895,10.03193255654827,9.992698017277824
7.0799999999998935,0,0.001598632192815308,20.0729182319993,0.00029146328474344285,0.0009122749784052919,10.031932556548272,9.992698017277801
7.089999999999893,0,0.0015986321928110336,20.072918231999317,0.0002914632847556553,0.0009122749784028494,10.031932556548274,9.992698017277808
7.099999999999893,0,0.001598632192830407,20.072918231999296,0.0002914632847471066,0.0009122749784037376,10.03193255654827,9.992698017277812
7.109999999999893,0,0.0015986321928225244,20.072918231999317,0.00029146328475293526,0.0009122749784105655,10.031932556548266,9.992698017277792
7.119999999999893,0,0.0015986321928149194,20.072918231999274,0.00029146328474005667,0.000912274978400851,10.031932556548274,9.992698017277808
7.129999999999892,0,0.0015986321928020963,20.072918231999303,0.00029146328474194405,0.0009122749784085116,10.031932556548274,9.992698017277819
7.139999999999892,0,0.00159863219282258,20.072918231999317,0.00029146328474422,0.0009122749784029605,10.03193255654827,9.99269801727781
7.149999999999892,0,0.0015986321928141978,20.072918231999296,0.0002914632847570431,0.0009122749784024609,10.031932556548274,9.99269801727781
7.159999999999892,0,0.0015986321928094793,20.07291823199931,0.00029146328475293526,0.0009122749784040707,10.03193255654827,9.992698017277808
7.169999999999892,0,0.0015986321928266323,20.07291823199928,0.0002914632847575427,0.0009122749784085671,10.031932556548261,9.99269801727781
7.179999999999891,0,0.001598632192820637,20.072918231999306,0.00029146328476237215,0.0009122749783961326,10.031932556548268,9.992698017277824
7.189999999999891,0,0.0015986321928200264,20.072918231999296,0.00029146328474433103,0.000912274978403238,10.031932556548263,9.99269801727782
7.199999999999891,0,0.001598632192813365,20.072918231999303,0.0002914632847407228,0.0009122749784055695,10.031932556548274,9.992698017277812
7.209999999999891,0,0.0015986321928041503,20.072918231999296,0.0002914632847575982,0.0009122749784066797,10.03193255654827,9.992698017277808
7.2199999999998905,0,0.0015986321928051495,20.072918231999292,0.00029146328474888294,0.0009122749783966322,10.031932556548268,9.99269801727782
7.22999999999989,0,0.0015986321928150304,20.0729182319993,0.0002914632847481613,0.0009122749784121198,10.031932556548274,9.992698017277807
7.23999999999989,0,0.0015986321928176395,20.07291823199929,0.0002914632847471066,0.0009122749784150619,10.031932556548266,9.992698017277807
7.24999999999989,0,0.0015986321928144198,20.072918231999303,0.0002914632847619836,0.0009122749784049589,10.03193255654827,9.992698017277817
7.25999999999989,0,0.0015986321928136427,20.07291823199929,0.0002914632847591525,0.0009122749784148398,10.03193255654826,9.992698017277817
7.269999999999889,0,0.0015986321928205816,20.072918231999317,0.00029146328475576633,0.0009122749783950779,10.031932556548274,9.992698017277814
7.279999999999889,0,0.001598632192827798,20.07291823199929,0.0002914632847482723,0.0009122749784025164,10.031932556548266,9.992698017277808
7.289999999999889,0,0.0015986321928053715,20.072918231999324,0.00029146328474422,0.0009122749784118978,10.03193255654827,9.99269801727781
7.299999999999889,0,0.0015986321928115887,20.072918231999306,0.0002914632847511034,0.0009122749784081785,10.031932556548268,9.992698017277814
7.309999999999889,0,0.0015986321928084246,20.072918231999317,0.0002914632847577092,0.0009122749784079565,10.031932556548272,9.992698017277807
7.319999999999888,0,0.0015986321928279645,20.072918231999303,0.0002914632847596521,0.0009122749783994633,10.03193255654827,9.992698017277833
7.329999999999888,0,0.0015986321928079805,20.072918231999314,0.000291463284739335,0.0009122749784046813,10.031932556548274,9.992698017277801
7.339999999999888,0,0.001598632192805427,20.072918231999317,0.0002914632847560994,0.0009122749784096218,10.031932556548274,9.992698017277805
7.349999999999888,0,0.001598632192822913,20.072918231999317,0.0002914632847475507,0.0009122749784025164,10.031932556548277,9.992698017277817
7.3599999999998875,0,0.0015986321928208036,20.07291823199931,0.00029146328476692407,0.0009122749784028494,10.031932556548274,9.992698017277823
7.369999999999887,0,0.001598632192815641,20.072918231999306,0.00029146328475876393,0.0009122749784140072,10.031932556548272,9.992698017277807
7.379999999999887,0,0.0015986321928018188,20.0729182319993,0.00029146328474893846,0.0009122749783839756,10.03193255654828,9.992698017277839
7.389999999999887,0,0.0015986321928069813,20.0729182319993,0.00029146328475537775,0.0009122749784146733,10.03193255654827,9.992698017277812
7.399999999999887,0,0.001598632192820415,20.07291823199931,0.0002914632847652032,0.0009122749783928019,10.03193255654827,9.992698017277815
7.4099999999998865,0,0.001598632192809868,20.072918231999296,0.0002914632847502707,0.0009122749784037931,10.031932556548266,9.992698017277817
7.419999999999886,0,0.0015986321928077585,20.07291823199931,0.0002914632847472731,0.00091227497841323,10.03193255654827,9.992698017277803
7.429999999999886,0,0.0015986321928183611,20.072918231999303,0.0002914632847482168,0.0009122749784021278,10.031932556548268,9.99269801727782
7.439999999999886,0,0.0015986321928190828,20.072918231999296,0.00029146328476326033,0.0009122749784106765,10.031932556548266,9.992698017277805
7.449999999999886,0,0.0015986321928271874,20.072918231999317,0.0002914632847447196,0.0009122749784002404,10.031932556548268,9.992698017277819
7.459999999999885,0,0.0015986321928211367,20.07291823199929,0.0002914632847577092,0.000912274978400518,10.031932556548266,9.99269801727782
7.469999999999885,0,0.001598632192817473,20.072918231999292,0.00029146328476925554,0.0009122749783940232,10.031932556548266,9.992698017277828
7.479999999999885,0,0.0015986321928187497,20.072918231999296,0.0002914632847501042,0.0009122749784044037,10.031932556548263,9.992698017277814
7.489999999999885,0,0.0015986321928166403,20.072918231999296,0.000291463284746607,0.0009122749784037931,10.031932556548266,9.992698017277815
7.4999999999998845,0,0.001598632192814975,20.072918231999317,0.0002914632847512144,0.0009122749783962991,10.031932556548272,9.992698017277828
7.509999999999884,0,0.0015986321928266323,20.072918231999324,0.000291463284746718,0.0009122749784026829,10.031932556548272,9.99269801727782
7.519999999999884,0,0.0015986321928188052,20.072918231999317,0.00029146328474399796,0.0009122749783962991,10.03193255654827,9.99269801727782
7.529999999999884,0,0.0015986321928104785,20.07291823199931,0.0002914632847527687,0.0009122749784040707,10.031932556548275,9.992698017277812
7.539999999999884,0,0.0015986321928311287,20.072918231999296,0.0002914632847506038,0.0009122749784126194,10.031932556548263,9.992698017277807
7.5499999999998835,0,0.0015986321928140312,20.07291823199929,0.00029146328474100036,0.0009122749784000739,10.03193255654827,9.99269801727782
7.559999999999883,0,0.001598632192813032,20.072918231999314,0.000291463284746718,0.0009122749784072348,10.03193255654827,9.992698017277801
7.569999999999883,0,0.0015986321928185276,20.072918231999296,0.000291463284751603,0.0009122749783925244,10.031932556548266,9.99269801727782
7.579999999999883,0,0.0015986321928138647,20.072918231999306,0.0002914632847545451,0.0009122749784009065,10.031932556548274,9.992698017277817
7.589999999999883,0,0.0015986321928180836,20.0729182319993,0.0002914632847326737,0.0009122749784195028,10.03193255654827,9.992698017277785
7.599999999999882,0,0.0015986321928140867,20.072918231999285,0.00029146328474943806,0.0009122749784066242,10.031932556548274,9.992698017277798
7.609999999999882,0,0.0015986321928196934,20.072918231999296,0.00029146328473406147,0.0009122749783950224,10.03193255654827,9.992698017277815
7.619999999999882,0,0.0015986321928185276,20.072918231999303,0.00029146328476142846,0.0009122749784065687,10.031932556548266,9.99269801727781
7.629999999999882,0,0.0015986321928042613,20.072918231999292,0.0002914632847516585,0.0009122749784035156,10.031932556548272,9.992698017277814
7.6399999999998816,0,0.001598632192812477,20.072918231999314,0.00029146328474588534,0.0009122749784279405,10.03193255654827,9.992698017277794
7.649999999999881,0,0.00159863219281009,20.072918231999317,0.00029146328475238015,0.0009122749784003514,10.03193255654827,9.992698017277812
7.659999999999881,0,0.0015986321928117553,20.072918231999306,0.00029146328476092886,0.0009122749783975759,10.031932556548277,9.992698017277823
7.669999999999881,0,0.0015986321928133096,20.07291823199931,0.0002914632847596521,0.0009122749784011841,10.031932556548275,9.992698017277828
7.679999999999881,0,0.0015986321928160296,20.072918231999303,0.00029146328474383143,0.0009122749783976869,10.031932556548266,9.992698017277817
7.6899999999998805,0,0.001598632192823246,20.07291823199928,0.0002914632847586529,0.0009122749783994633,10.031932556548265,9.992698017277808
7.69999999999988,0,0.0015986321928129765,20.072918231999328,0.0002914632847482723,0.0009122749784015727,10.031932556548265,9.992698017277807
7.70999999999988,0,0.0015986321928097014,20.072918231999314,0.0002914632847475507,0.0009122749784199469,10.03193255654827,9.992698017277803
7.71999999999988,0,0.0015986321928150304,20.072918231999296,0.00029146328475143646,0.0009122749784095663,10.031932556548263,9.992698017277801
7.72999999999988,0,0.001598632192815641,20.07291823199928,0.00029146328475249117,0.0009122749783933015,10.031932556548277,9.992698017277824
7.739999999999879,0,0.0015986321928083136,20.072918231999306,0.0002914632847546561,0.0009122749784066797,10.031932556548274,9.992698017277814
7.749999999999879,0,0.0015986321928115887,20.07291823199931,0.00029146328476142846,0.0009122749784103434,10.031932556548274,9.992698017277815
7.759999999999879,0,0.0015986321928189162,20.072918231999306,0.00029146328475387895,0.0009122749784107875,10.031932556548274,9.992698017277807
7.769999999999879,0,0.0015986321928085356,20.072918231999317,0.00029146328474094485,0.0009122749784050144,10.03193255654827,9.992698017277817
7.779999999999879,0,0.0015986321928195268,20.07291823199931,0.00029146328474688454,0.0009122749784070128,10.031932556548265,9.992698017277814
7.789999999999878,0,0.0015986321928170288,20.072918231999314,0.0002914632847602072,0.0009122749784079565,10.031932556548274,9.992698017277803
7.799999999999878,0,0.0015986321928190828,20.072918231999314,0.0002914632847521026,0.0009122749784024053,10.031932556548277,9.99269801727782
7.809999999999878,0,0.0015986321928165292,20.072918231999306,0.0002914632847542675,0.0009122749784110651,10.031932556548268,9.992698017277807
7.819999999999878,0,0.0015986321928114222,20.07291823199931,0.0002914632847576537,0.0009122749783888051,10.031932556548275,9.992698017277853
7.8299999999998775,0,0.0015986321928192493,20.072918231999296,0.0002914632847609844,0.0009122749783955775,10.03193255654827,9.992698017277823
7.839999999999877,0,0.0015986321928188607,20.072918231999314,0.00029146328474993766,0.0009122749783986861,10.031932556548272,9.992698017277812
7.849999999999877,0,0.001598632192813254,20.072918231999317,0.0002914632847632048,0.000912274978393135,10.031932556548275,9.992698017277815
7.859999999999877,0,0.0015986321928085911,20.0729182319993,0.00029146328475737615,0.0009122749784050699,10.031932556548266,9.992698017277808
7.869999999999877,0,0.0015986321928187497,20.072918231999317,0.000291463284758986,0.0009122749784111206,10.031932556548265,9.992698017277801
7.879999999999876,0,0.0015986321928245784,20.072918231999317,0.0002914632847521581,0.0009122749784077899,10.031932556548263,9.992698017277807
7.889999999999876,0,0.0015986321928187497,20.072918231999306,0.0002914632847431653,0.0009122749783984085,10.031932556548272,9.99269801727782
7.899999999999876,0,0.001598632192823246,20.072918231999303,0.000291463284741722,0.0009122749784244988,10.031932556548265,9.9926980172778
7.909999999999876,0,0.0015986321928097014,20.072918231999303,0.00029146328476392647,0.000912274978403238,10.03193255654827,9.99269801727781
7.919999999999876,0,0.001598632192822469,20.07291823199932,0.00029146328477280825,0.0009122749784124529,10.031932556548268,9.992698017277796
7.929999999999875,0,0.0015986321928191383,20.072918231999306,0.00029146328474982663,0.0009122749784066797,10.031932556548266,9.992698017277828
7.939999999999875,0,0.0015986321928210256,20.07291823199931,0.00029146328475943006,0.0009122749784041262,10.031932556548268,9.99269801727781
7.949999999999875,0,0.0015986321928134761,20.072918231999306,0.00029146328475737615,0.0009122749784165607,10.031932556548266,9.992698017277789
7.959999999999875,0,0.0015986321928331826,20.072918231999317,0.0002914632847502152,0.0009122749784192252,10.031932556548275,9.992698017277801
7.9699999999998745,0,0.0015986321928173064,20.07291823199931,0.00029146328474732863,0.0009122749783996853,10.031932556548272,9.992698017277807
7.979999999999874,0,0.001598632192807814,20.072918231999317,0.00029146328476231664,0.0009122749784063466,10.03193255654827,9.992698017277819
7.989999999999874,0,0.0015986321928098124,20.07291823199931,0.00029146328474732863,0.0009122749784076234,10.031932556548272,9.992698017277808
7.999999999999874,0,0.001598632192817917,20.072918231999324,0.00029146328475543326,0.0009122749783954665,10.031932556548266,9.992698017277828
8.009999999999874,0,0.0015986321928218583,20.072918231999296,0.00029146328474843886,0.0009122749783923023,10.031932556548265,9.992698017277847
8.019999999999873,0,0.001598632192815863,20.07291823199931,0.00029146328475582184,0.0009122749783963546,10.031932556548266,9.992698017277815
8.029999999999873,0,0.0015986321928261882,20.072918231999296,0.0002914632847699772,0.0009122749783979645,10.031932556548274,9.992698017277814
8.039999999999873,0,0.0015986321928222469,20.072918231999303,0.00029146328475576633,0.0009122749783988526,10.031932556548266,9.992698017277817
8.049999999999873,0,0.0015986321928194713,20.072918231999306,0.0002914632847427212,0.0009122749783936901,10.031932556548268,9.992698017277817
8.059999999999873,0,0.0015986321928184166,20.07291823199931,0.00029146328475526673,0.0009122749783951889,10.031932556548266,9.992698017277823
8.069999999999872,0,0.0015986321928195268,20.072918231999317,0.00029146328474743965,0.0009122749783953554,10.031932556548268,9.992698017277814
8.079999999999872,0,0.0015986321928151415,20.072918231999303,0.00029146328476292727,0.0009122749783874173,10.031932556548279,9.99269801727782
8.089999999999872,0,0.0015986321928215808,20.072918231999324,0.0002914632847525467,0.0009122749783934125,10.031932556548277,9.992698017277824
8.099999999999872,0,0.001598632192825522,20.072918231999317,0.00029146328474388694,0.0009122749783901374,10.031932556548266,9.992698017277817
8.109999999999872,0,0.0015986321928351255,20.07291823199931,0.00029146328476642447,0.0009122749784021278,10.03193255654827,9.992698017277817
8.119999999999871,0,0.0015986321928131986,20.07291823199932,0.00029146328475382344,0.0009122749784136186,10.031932556548272,9.99269801727781
8.129999999999871,0,0.001598632192820526,20.0729182319993,0.0002914632847455523,0.0009122749783920248,10.031932556548265,9.992698017277835
8.139999999999871,0,0.0015986321928093128,20.072918231999317,0.00029146328475943006,0.0009122749784145068,10.031932556548266,9.992698017277812
8.14999999999987,0,0.0015986321928171399,20.072918231999324,0.00029146328475182504,0.0009122749783964101,10.031932556548274,9.992698017277824
8.15999999999987,0,0.0015986321928238012,20.07291823199931,0.00029146328475893046,0.0009122749784063466,10.031932556548266,9.992698017277824
8.16999999999987,0,0.0015986321928286862,20.072918231999303,0.0002914632847472731,0.000912274978405847,10.031932556548277,9.992698017277819
8.17999999999987,0,0.0015986321928134761,20.07291823199931,0.0002914632847506593,0.0009122749784097883,10.031932556548275,9.992698017277814
8.18999999999987,0,0.0015986321928158076,20.072918231999324,0.0002914632847512699,0.0009122749783974093,10.031932556548277,9.992698017277833
8.19999999999987,0,0.001598632192822358,20.072918231999292,0.00029146328475343486,0.0009122749784067352,10.031932556548275,9.992698017277819
8.20999999999987,0,0.001598632192810534,20.072918231999274,0.0002914632847482723,0.0009122749784043482,10.031932556548274,9.992698017277817
8.21999999999987,0,0.0015986321927993763,20.072918231999306,0.0002914632847531573,0.0009122749784170603,10.03193255654827,9.992698017277803
8.229999999999869,0,0.0015986321928032066,20.07291823199931,0.0002914632847546561,0.0009122749784038486,10.03193255654827,9.992698017277805
8.239999999999869,0,0.00159863219280737,20.072918231999296,0.0002914632847531018,0.0009122749784060691,10.031932556548266,9.99269801727782
8.249999999999869,0,0.001598632192820304,20.07291823199931,0.0002914632847495491,0.0009122749784093998,10.03193255654826,9.992698017277808
8.259999999999868,0,0.0015986321928161407,20.072918231999296,0.00029146328475143646,0.0009122749783986861,10.031932556548274,9.992698017277817
8.269999999999868,0,0.0015986321928119773,20.0729182319993,0.0002914632847646481,0.00091227497841051,10.031932556548263,9.992698017277798
8.279999999999868,0,0.0015986321928156966,20.07291823199929,0.00029146328475337935,0.000912274978393357,10.031932556548275,9.992698017277824
8.289999999999868,0,0.0015986321928145864,20.072918231999306,0.00029146328474644045,0.0009122749783943007,10.031932556548277,9.992698017277814
8.299999999999867,0,0.0015986321928141423,20.072918231999314,0.00029146328473106387,0.00091227497838825,10.031932556548274,9.992698017277828
8.309999999999867,0,0.0015986321928226355,20.072918231999306,0.00029146328476126193,0.0009122749783942452,10.031932556548268,9.992698017277826
8.319999999999867,0,0.001598632192812477,20.072918231999314,0.0002914632847361709,0.0009122749783897488,10.031932556548274,9.99269801727782
8.329999999999867,0,0.0015986321928135316,20.072918231999303,0.0002914632847470511,0.0009122749784044037,10.031932556548275,9.992698017277807
8.339999999999867,0,0.0015986321928069813,20.072918231999328,0.0002914632847604848,0.0009122749784135631,10.03193255654827,9.992698017277819
8.349999999999866,0,0.001598632192812699,20.07291823199929,0.0002914632847640375,0.0009122749783933015,10.031932556548265,9.992698017277828
8.359999999999866,0,0.001598632192818028,20.072918231999317,0.00029146328475398997,0.0009122749784126194,10.031932556548277,9.992698017277814
8.369999999999866,0,0.001598632192823024,20.072918231999317,0.0002914632847487719,0.000912274978398242,10.03193255654827,9.99269801727782
8.379999999999866,0,0.0015986321928201375,20.072918231999317,0.00029146328476581385,0.000912274978398353,10.03193255654827,9.992698017277817
8.389999999999866,0,0.0015986321928171399,20.072918231999303,0.00029146328475238015,0.0009122749784152839,10.03193255654827,9.992698017277794
8.399999999999865,0,0.0015986321928206926,20.072918231999285,0.0002914632847373366,0.000912274978408234,10.031932556548277,9.992698017277812
8.409999999999865,0,0.0015986321928101455,20.072918231999306,0.0002914632847561549,0.0009122749784162831,10.031932556548274,9.992698017277798
8.419999999999865,0,0.0015986321928219693,20.07291823199931,0.00029146328475682104,0.0009122749784072348,10.03193255654827,9.992698017277812
8.429999999999865,0,0.0015986321928246894,20.072918231999296,0.00029146328475532224,0.0009122749784027384,10.03193255654828,9.99269801727782
8.439999999999864,0,0.0015986321928200264,20.07291823199932,0.00029146328475526673,0.0009122749784133966,10.031932556548268,9.992698017277807
8.449999999999864,0,0.001598632192818028,20.072918231999317,0.00029146328474782823,0.0009122749783939677,10.031932556548274,9.992698017277833
8.459999999999864,0,0.0015986321928146974,20.07291823199929,0.0002914632847386689,0.0009122749783875839,10.031932556548277,9.992698017277828
8.469999999999864,0,0.001598632192820415,20.0729182319993,0.0002914632847452192,0.0009122749784093998,10.031932556548263,9.992698017277815
8.479999999999864,0,0.0015986321928127545,20.072918231999292,0.0002914632847645371,0.0009122749784152839,10.031932556548265,9.992698017277792
8.489999999999863,0,0.0015986321928186942,20.072918231999324,0.00029146328475937455,0.0009122749784051809,10.03193255654827,9.992698017277817
8.499999999999863,0,0.0015986321928267988,20.072918231999292,0.0002914632847541565,0.0009122749784025164,10.031932556548275,9.992698017277812
8.509999999999863,0,0.0015986321928281866,20.072918231999317,0.0002914632847552112,0.0009122749784081785,10.031932556548274,9.992698017277815
8.519999999999863,0,0.001598632192822691,20.07291823199931,0.00029146328476692407,0.0009122749784156725,10.031932556548266,9.99269801727781
8.529999999999863,0,0.00159863219281986,20.072918231999317,0.00029146328474088934,0.0009122749784015727,10.031932556548266,9.992698017277817
8.539999999999862,0,0.001598632192815419,20.072918231999303,0.0002914632847537679,0.0009122749784084561,10.031932556548272,9.992698017277815
8.549999999999862,0,0.0015986321928155856,20.0729182319993,0.0002914632847531573,0.0009122749784089557,10.03193255654827,9.9926980172778
8.559999999999862,0,0.0015986321928136982,20.072918231999306,0.00029146328475332384,0.0009122749784035711,10.031932556548277,9.992698017277805
8.569999999999862,0,0.0015986321928184721,20.072918231999296,0.0002914632847501597,0.0009122749784040152,10.031932556548277,9.992698017277796
8.579999999999862,0,0.0015986321928218028,20.072918231999317,0.0002914632847545451,0.0009122749783969653,10.031932556548268,9.992698017277823
8.589999999999861,0,0.001598632192820082,20.072918231999303,0.0002914632847397791,0.0009122749784040707,10.031932556548277,9.992698017277808
8.599999999999861,0,0.001598632192825633,20.072918231999314,0.00029146328474682903,0.0009122749783939121,10.031932556548275,9.992698017277817
8.60999999999986,0,0.0015986321928115332,20.072918231999303,0.0002914632847621501,0.0009122749784123418,10.031932556548263,9.992698017277815
8.61999999999986,0,0.0015986321928236347,20.072918231999303,0.0002914632847586529,0.0009122749783965212,10.031932556548274,9.99269801727782
8.62999999999986,0,0.0015986321928088687,20.072918231999306,0.0002914632847511589,0.0009122749784059581,10.031932556548275,9.992698017277826
8.63999999999986,0,0.0015986321928167513,20.072918231999303,0.00029146328474044525,0.000912274978410621,10.03193255654827,9.992698017277801
8.64999999999986,0,0.0015986321928128655,20.072918231999317,0.0002914632847517695,0.000912274978405736,10.03193255654827,9.992698017277819
8.65999999999986,0,0.001598632192827465,20.072918231999306,0.0002914632847606513,0.0009122749783997408,10.031932556548272,9.992698017277823
8.66999999999986,0,0.0015986321928092573,20.0729182319993,0.00029146328474743965,0.0009122749783979089,10.031932556548274,9.992698017277807
8.67999999999986,0,0.0015986321928183611,20.072918231999303,0.00029146328474333183,0.000912274978403238,10.031932556548274,9.992698017277805
8.68999999999986,0,0.0015986321928115887,20.072918231999303,0.0002914632847527132,0.0009122749784171713,10.031932556548266,9.992698017277807
8.699999999999859,0,0.001598632192815197,20.072918231999303,0.0002914632847551002,0.0009122749784047368,10.031932556548266,9.992698017277819
8.709999999999859,0,0.0015986321928208591,20.072918231999317,0.00029146328474982663,0.000912274978407901,10.03193255654827,9.992698017277814
8.719999999999859,0,0.001598632192809979,20.07291823199931,0.00029146328477719363,0.0009122749784049033,10.03193255654827,9.992698017277808
8.729999999999858,0,0.0015986321928202485,20.072918231999303,0.00029146328476326033,0.0009122749784097883,10.03193255654827,9.992698017277798
8.739999999999858,0,0.001598632192820637,20.07291823199931,0.0002914632847596521,0.0009122749784014061,10.031932556548277,9.992698017277824
8.749999999999858,0,0.0015986321928171954,20.072918231999292,0.00029146328476725714,0.0009122749784102324,10.03193255654827,9.992698017277817
8.759999999999858,0,0.0015986321928224134,20.07291823199932,0.0002914632847371146,0.0009122749783950224,10.031932556548274,9.99269801727783
8.769999999999857,0,0.0015986321928226355,20.0729182319993,0.0002914632847571541,0.0009122749784031825,10.031932556548266,9.992698017277808
8.779999999999857,0,0.0015986321928241898,20.07291823199931,0.00029146328474544125,0.000912274978405847,10.03193255654827,9.992698017277803
8.789999999999857,0,0.0015986321928184721,20.07291823199929,0.00029146328476226113,0.0009122749783974093,10.031932556548274,9.99269801727781
8.799999999999857,0,0.00159863219280737,20.07291823199931,0.0002914632847631493,0.0009122749783931905,10.03193255654827,9.992698017277831
8.809999999999857,0,0.0015986321928215808,20.072918231999317,0.0002914632847570431,0.0009122749784060691,10.031932556548274,9.992698017277823
8.819999999999856,0,0.0015986321928196379,20.07291823199931,0.0002914632847512144,0.0009122749784035156,10.031932556548272,9.992698017277814
8.829999999999856,0,0.0015986321928332936,20.072918231999306,0.00029146328476481465,0.0009122749784198914,10.031932556548263,9.99269801727779
8.839999999999856,0,0.0015986321928218028,20.07291823199931,0.0002914632847512699,0.000912274978403349,10.031932556548272,9.992698017277807
8.849999999999856,0,0.0015986321928109226,20.072918231999303,0.00029146328475793126,0.0009122749784042372,10.031932556548272,9.992698017277807
8.859999999999856,0,0.0015986321928218028,20.07291823199931,0.0002914632847486054,0.0009122749784158946,10.031932556548272,9.9926980172778
8.869999999999855,0,0.0015986321928164182,20.072918231999292,0.00029146328477042127,0.0009122749783993522,10.031932556548275,9.992698017277812
8.879999999999855,0,0.0015986321928231906,20.072918231999324,0.0002914632847456633,0.0009122749784086226,10.03193255654827,9.992698017277794
8.889999999999855,0,0.0015986321928161407,20.07291823199932,0.00029146328473939054,0.0009122749783916362,10.031932556548274,9.992698017277828
8.899999999999855,0,0.001598632192817806,20.07291823199928,0.00029146328474993766,0.0009122749784025164,10.031932556548266,9.99269801727782
8.909999999999854,0,0.0015986321928134761,20.072918231999296,0.0002914632847421661,0.0009122749784060136,10.03193255654827,9.992698017277803
8.919999999999854,0,0.0015986321928173064,20.072918231999324,0.00029146328476525873,0.0009122749784074013,10.031932556548272,9.992698017277807
8.929999999999854,0,0.0015986321928271319,20.072918231999306,0.00029146328475776473,0.0009122749784004069,10.031932556548272,9.992698017277826
8.939999999999854,0,0.001598632192815197,20.072918231999306,0.00029146328475282424,0.0009122749784016282,10.03193255654827,9.992698017277826
8.949999999999854,0,0.001598632192812921,20.0729182319993,0.0002914632847481058,0.000912274978418004,10.031932556548266,9.992698017277801
8.959999999999853,0,0.001598632192802485,20.072918231999306,0.0002914632847555443,0.0009122749783962436,10.031932556548275,9.992698017277826
8.969999999999853,0,0.0015986321928114777,20.072918231999303,0.0002914632847432763,0.0009122749783863071,10.031932556548274,9.992698017277833
8.979999999999853,0,0.0015986321928205816,20.072918231999292,0.0002914632847547116,0.0009122749784012396,10.031932556548274,9.992698017277812
8.989999999999853,0,0.0015986321928167513,20.072918231999306,0.00029146328476736816,0.0009122749784185036,10.03193255654827,9.992698017277801
8.999999999999853,0,0.0015986321928197489,20.072918231999306,0.0002914632847580423,0.0009122749784060691,10.031932556548268,9.992698017277817
9.009999999999852,0,0.0015986321928096459,20.07291823199928,0.00029146328475049277,0.0009122749784200024,10.03193255654827,9.992698017277808
9.019999999999852,0,0.0015986321928144753,20.072918231999303,0.000291463284761484,0.0009122749783954665,10.031932556548274,9.992698017277835
9.029999999999852,0,0.001598632192832239,20.0729182319993,0.000291463284754212,0.0009122749784013506,10.031932556548274,9.99269801727782
9.039999999999852,0,0.0015986321928233571,20.07291823199931,0.00029146328474549676,0.0009122749784074013,10.03193255654828,9.992698017277819
9.049999999999851,0,0.0015986321928145308,20.072918231999296,0.0002914632847566545,0.0009122749784149509,10.031932556548268,9.992698017277815
9.059999999999851,0,0.0015986321928289637,20.072918231999303,0.000291463284746607,0.0009122749784057915,10.031932556548266,9.992698017277808
9.069999999999851,0,0.0015986321928074254,20.072918231999306,0.00029146328475937455,0.0009122749783986306,10.03193255654828,9.992698017277803
9.07999999999985,0,0.0015986321928016523,20.072918231999317,0.00029146328476536976,0.0009122749783974649,10.03193255654827,9.992698017277805
9.08999999999985,0,0.0015986321928113112,20.072918231999303,0.0002914632847465515,0.0009122749784036821,10.031932556548274,9.992698017277815
9.09999999999985,0,0.0015986321928137537,20.072918231999303,0.00029146328475587735,0.0009122749783976314,10.031932556548272,9.99269801727782
9.10999999999985,0,0.0015986321928216918,20.07291823199931,0.00029146328476281624,0.0009122749784068462,10.031932556548274,9.992698017277817
9.11999999999985,0,0.0015986321928077585,20.072918231999296,0.00029146328475726513,0.0009122749784168382,10.031932556548268,9.992698017277808
9.12999999999985,0,0.0015986321928147529,20.07291823199931,0.0002914632847421661,0.0009122749784036821,10.03193255654827,9.992698017277819
9.13999999999985,0,0.0015986321928234126,20.07291823199929,0.00029146328474788374,0.0009122749783994633,10.031932556548275,9.9926980172778
9.14999999999985,0,0.0015986321928277425,20.072918231999306,0.00029146328475976313,0.0009122749784035156,10.031932556548272,9.992698017277807
9.15999999999985,0,0.0015986321928082026,20.072918231999296,0.00029146328474938255,0.0009122749784200579,10.031932556548274,9.992698017277785
9.169999999999849,0,0.001598632192814864,20.07291823199931,0.0002914632847500487,0.0009122749783988526,10.031932556548277,9.992698017277819
9.179999999999849,0,0.0015986321928159741,20.07291823199931,0.00029146328475082584,0.0009122749784187811,10.031932556548266,9.99269801727782
9.189999999999849,0,0.001598632192822691,20.07291823199931,0.00029146328474100036,0.0009122749783867512,10.031932556548277,9.992698017277831
9.199999999999848,0,0.0015986321928244118,20.072918231999314,0.00029146328476281624,0.0009122749783839201,10.031932556548274,9.992698017277817
9.209999999999848,0,0.0015986321928240788,20.072918231999303,0.0002914632847482723,0.0009122749783957995,10.031932556548274,9.992698017277814
9.219999999999848,0,0.0015986321928165292,20.072918231999317,0.000291463284761595,0.0009122749784053474,10.031932556548274,9.99269801727781
9.229999999999848,0,0.0015986321928097014,20.072918231999324,0.0002914632847625942,0.0009122749784111206,10.031932556548266,9.992698017277807
9.239999999999847,0,0.0015986321928167513,20.072918231999303,0.0002914632847545451,0.0009122749783972983,10.031932556548274,9.99269801727782
9.249999999999847,0,0.0015986321928185276,20.072918231999306,0.00029146328475732064,0.0009122749783947448,10.031932556548274,9.992698017277824
9.259999999999847,0,0.0015986321928121439,20.072918231999303,0.0002914632847511589,0.0009122749784086226,10.03193255654827,9.992698017277815
9.269999999999847,0,0.0015986321928221914,20.072918231999296,0.00029146328477175354,0.0009122749784219453,10.031932556548274,9.9926980172778
9.279999999999847,0,0.0015986321928185832,20.072918231999306,0.00029146328474582983,0.0009122749783976869,10.031932556548274,9.992698017277812
9.289999999999846,0,0.001598632192812699,20.07291823199932,0.0002914632847580978,0.0009122749783987971,10.031932556548274,9.99269801727781
9.299999999999846,0,0.0015986321928027625,20.072918231999296,0.00029146328476081784,0.0009122749784164497,10.031932556548266,9.992698017277796
9.309999999999846,0,0.0015986321928170288,20.072918231999292,0.00029146328476331584,0.0009122749784067907,10.031932556548272,9.99269801727781
9.319999999999846,0,0.0015986321928087022,20.072918231999296,0.0002914632847585419,0.0009122749783940232,10.03193255654827,9.992698017277812
9.329999999999846,0,0.0015986321928179725,20.072918231999278,0.00029146328474349836,0.0009122749784173934,10.031932556548272,9.992698017277815
9.339999999999845,0,0.0015986321928155856,20.07291823199931,0.0002914632847560994,0.0009122749783995743,10.031932556548277,9.992698017277824
9.349999999999845,0,0.001598632192810756,20.07291823199931,0.0002914632847537679,0.0009122749784009621,10.031932556548265,9.992698017277817
9.359999999999845,0,0.0015986321928309621,20.072918231999303,0.0002914632847551002,0.0009122749784172823,10.031932556548263,9.992698017277807
9.369999999999845,0,0.001598632192810867,20.07291823199931,0.00029146328474394245,0.000912274978400629,10.031932556548274,9.992698017277819
9.379999999999844,0,0.001598632192809868,20.072918231999303,0.0002914632847602072,0.0009122749783941897,10.031932556548274,9.992698017277815
9.389999999999844,0,0.0015986321928208036,20.072918231999296,0.00029146328474838334,0.0009122749784014061,10.031932556548265,9.992698017277801
9.399999999999844,0,0.0015986321928206926,20.07291823199931,0.00029146328473750316,0.0009122749783991302,10.03193255654827,9.992698017277805
9.409999999999844,0,0.001598632192807703,20.072918231999303,0.0002914632847467735,0.0009122749784060691,10.031932556548275,9.992698017277807
9.419999999999844,0,0.0015986321928240788,20.07291823199931,0.00029146328476781225,0.0009122749783931905,10.031932556548274,9.99269801727782
9.429999999999843,0,0.0015986321928247449,20.0729182319993,0.0002914632847537124,0.0009122749784032935,10.03193255654827,9.992698017277814
9.439999999999843,0,0.0015986321928125324,20.072918231999317,0.0002914632847572096,0.0009122749784088446,10.031932556548266,9.99269801727781
9.449999999999843,0,0.0015986321928149194,20.07291823199929,0.00029146328475282424,0.0009122749784016837,10.031932556548274,9.992698017277824
9.459999999999843,0,0.0015986321928174174,20.072918231999328,0.00029146328475598837,0.0009122749784009621,10.031932556548266,9.992698017277815
9.469999999999843,0,0.0015986321928188607,20.07291823199931,0.0002914632847437204,0.0009122749784074569,10.03193255654827,9.992698017277808
9.479999999999842,0,0.0015986321928239122,20.07291823199931,0.00029146328475682104,0.0009122749784012396,10.031932556548263,9.992698017277826
9.489999999999842,0,0.0015986321928164182,20.072918231999303,0.0002914632847485499,0.000912274978398464,10.031932556548272,9.992698017277803
9.499999999999842,0,0.0015986321928137537,20.072918231999296,0.00029146328475282424,0.0009122749784038486,10.031932556548263,9.99269801727781
9.509999999999842,0,0.001598632192820082,20.072918231999296,0.00029146328475787575,0.0009122749784021278,10.031932556548277,9.992698017277824
9.519999999999841,0,0.001598632192820082,20.072918231999324,0.00029146328473850236,0.000912274978400851,10.03193255654827,9.992698017277808
9.529999999999841,0,0.0015986321928136982,20.072918231999306,0.00029146328475976313,0.0009122749784177819,10.031932556548265,9.992698017277787
9.539999999999841,0,0.0015986321928169733,20.07291823199931,0.00029146328474194405,0.0009122749784012396,10.031932556548274,9.99269801727781
9.54999999999984,0,0.0015986321928084801,20.072918231999303,0.00029146328475498917,0.0009122749783954665,10.03193255654827,9.992698017277814
9.55999999999984,0,0.001598632192817584,20.0729182319993,0.00029146328474299876,0.000912274978402905,10.031932556548274,9.99269801727782
9.56999999999984,0,0.0015986321928196379,20.0729182319993,0.00029146328474299876,0.0009122749784051809,10.031932556548277,9.992698017277807
9.57999999999984,0,0.0015986321928101455,20.072918231999303,0.00029146328473850236,0.0009122749784117312,10.03193255654827,9.992698017277807
9.58999999999984,0,0.001598632192815308,20.072918231999317,0.0002914632847462739,0.0009122749784121198,10.031932556548263,9.9926980172778
9.59999999999984,0,0.0015986321928164182,20.072918231999306,0.00029146328475693206,0.0009122749783962436,10.031932556548274,9.992698017277831
9.60999999999984,0,0.001598632192815863,20.0729182319993,0.0002914632847579868,0.0009122749784110651,10.031932556548272,9.992698017277819
9.61999999999984,0,0.0015986321928012637,20.072918231999296,0.0002914632847536569,0.0009122749784050699,10.031932556548272,9.992698017277824
9.62999999999984,0,0.001598632192813254,20.072918231999306,0.0002914632847560439,0.000912274978413008,10.031932556548272,9.992698017277796
9.639999999999839,0,0.0015986321928155856,20.072918231999317,0.00029146328474338734,0.0009122749783970763,10.031932556548266,9.992698017277819
9.649999999999839,0,0.0015986321928249114,20.072918231999296,0.0002914632847472731,0.0009122749783979645,10.031932556548275,9.992698017277817
9.659999999999838,0,0.0015986321928140867,20.072918231999306,0.00029146328476287175,0.0009122749783985196,10.03193255654827,9.992698017277812
9.669999999999838,0,0.0015986321928199154,20.072918231999296,0.00029146328474488614,0.0009122749784005735,10.03193255654827,9.992698017277817
9.679999999999838,0,0.0015986321928219138,20.072918231999303,0.0002914632847412779,0.000912274978415839,10.03193255654827,9.992698017277807
9.689999999999838,0,0.0015986321928309621,20.072918231999296,0.00029146328475526673,0.0009122749784040707,10.031932556548274,9.992698017277819
9.699999999999838,0,0.001598632192814864,20.07291823199932,0.00029146328474333183,0.000912274978398353,10.031932556548274,9.992698017277835
9.709999999999837,0,0.0015986321928140867,20.072918231999317,0.00029146328475437855,0.0009122749784015727,10.03193255654827,9.992698017277808
9.719999999999837,0,0.0015986321928139202,20.07291823199929,0.00029146328475493366,0.0009122749784035156,10.031932556548274,9.992698017277815
9.729999999999837,0,0.0015986321928092573,20.072918231999285,0.00029146328474094485,0.0009122749784115092,10.03193255654827,9.992698017277801
9.739999999999837,0,0.0015986321928194713,20.072918231999303,0.00029146328474632943,0.0009122749784005735,10.031932556548266,9.992698017277803
9.749999999999837,0,0.0015986321928153635,20.07291823199929,0.00029146328474943806,0.0009122749784112316,10.031932556548272,9.9926980172778
9.759999999999836,0,0.001598632192820082,20.072918231999303,0.0002914632847606513,0.000912274978412897,10.031932556548274,9.992698017277801
9.769999999999836,0,0.0015986321928235792,20.072918231999292,0.00029146328475537775,0.000912274978398464,10.031932556548274,9.992698017277824
9.779999999999836,0,0.0015986321928225244,20.072918231999296,0.0002914632847506593,0.0009122749784009621,10.031932556548274,9.992698017277814
9.789999999999836,0,0.0015986321928164737,20.072918231999303,0.0002914632847487719,0.0009122749784020168,10.031932556548266,9.992698017277812
9.799999999999836,0,0.0015986321928202485,20.0729182319993,0.00029146328474899397,0.0009122749784114537,10.03193255654827,9.992698017277805
9.809999999999835,0,0.001598632192817362,20.072918231999306,0.0002914632847431653,0.0009122749784096773,10.031932556548268,9.992698017277808
9.819999999999835,0,0.0015986321928180836,20.07291823199931,0.00029146328475382344,0.0009122749783960216,10.031932556548272,9.992698017277819
9.829999999999835,0,0.0015986321928195824,20.0729182319993,0.0002914632847522691,0.0009122749783951334,10.03193255654827,9.992698017277824
9.839999999999835,0,0.0015986321928206926,20.072918231999317,0.00029146328475293526,0.0009122749783936346,10.031932556548266,9.992698017277817
9.849999999999834,0,0.0015986321928112557,20.072918231999306,0.00029146328475532224,0.0009122749784039041,10.03193255654827,9.992698017277815
9.859999999999834,0,0.0015986321928066483,20.072918231999296,0.0002914632847486609,0.0009122749784001849,10.03193255654827,9.99269801727782
9.869999999999834,0,0.0015986321928102565,20.0729182319993,0.00029146328476492567,0.0009122749784002404,10.031932556548266,9.99269801727781
9.879999999999834,0,0.0015986321928231906,20.0729182319993,0.0002914632847546561,0.0009122749784138962,10.03193255654827,9.992698017277798
9.889999999999834,0,0.0015986321928080915,20.072918231999303,0.0002914632847442755,0.0009122749784020723,10.031932556548274,9.99269801727783
9.899999999999833,0,0.001598632192810867,20.072918231999296,0.00029146328474533023,0.0009122749784051254,10.031932556548275,9.992698017277815
9.909999999999833,0,0.001598632192812588,20.072918231999317,0.0002914632847571541,0.0009122749784071793,10.031932556548282,9.992698017277817
9.919999999999833,0,0.0015986321928215808,20.072918231999292,0.0002914632847460519,0.0009122749784103434,10.031932556548272,9.992698017277819
9.929999999999833,0,0.001598632192822469,20.072918231999303,0.0002914632847600407,0.0009122749784121198,10.03193255654827,9.992698017277819
9.939999999999833,0,0.0015986321928206926,20.0729182319993,0.0002914632847551557,0.0009122749783991857,10.031932556548274,9.992698017277831
9.949999999999832,0,0.0015986321928241343,20.072918231999317,0.00029146328474582983,0.0009122749784087891,10.03193255654827,9.992698017277812
9.959999999999832,0,0.0015986321928219693,20.0729182319993,0.0002914632847620391,0.0009122749784012951,10.031932556548266,9.992698017277831
9.969999999999832,0,0.0015986321928138092,20.07291823199931,0.00029146328475382344,0.0009122749784084561,10.03193255654827,9.99269801727782
9.979999999999832,0,0.001598632192812699,20.072918231999303,0.000291463284759208,0.0009122749784097328,10.031932556548265,9.992698017277814
9.989999999999831,0,0.0015986321928135316,20.07291823199933,0.0002914632847401122,0.0009122749784180595,10.031932556548263,9.992698017277807
9.999999999999831,0,0.0015986321928287417,20.072918231999324,0.00029146328475582184,0.0009122749783974649,10.03193255654827,9.992698017277835
10.009999999999831,0,0.0015986321928151415,20.072918231999296,0.000291463284749216,0.0009122749783951889,10.031932556548277,9.992698017277833
10.01999999999983,0,0.001598632192805871,20.072918231999303,0.00029146328474038974,0.0009122749783904149,10.03193255654827,9.992698017277824
10.02999999999983,0,0.0015986321928243563,20.072918231999292,0.00029146328473395045,0.0009122749783996298,10.03193255654828,9.99269801727782
10.03999999999983,0,0.001598632192818139,20.07291823199931,0.00029146328474544125,0.0009122749784049033,10.031932556548272,9.992698017277805
10.04999999999983,0,0.0015986321928138092,20.072918231999306,0.0002914632847507148,0.0009122749783898043,10.03193255654827,9.992698017277824
10.05999999999983,0,0.0015986321928214697,20.07291823199931,0.000291463284754212,0.0009122749783893602,10.031932556548274,9.992698017277817
10.06999999999983,0,0.0015986321928217473,20.072918231999317,0.00029146328474943806,0.0009122749783997408,10.03193255654827,9.99269801727782
10.07999999999983,0,0.0015986321928054825,20.072918231999317,0.0002914632847467735,0.0009122749784160056,10.031932556548277,9.99269801727781
10.08999999999983,0,0.0015986321928083136,20.07291823199931,0.000291463284764204,0.00091227497839802,10.031932556548282,9.99269801727782
10.09999999999983,0,0.0015986321928098124,20.072918231999306,0.00029146328476142846,0.0009122749784001294,10.03193255654827,9.99269801727781
10.109999999999829,0,0.0015986321928212477,20.072918231999292,0.00029146328475249117,0.0009122749784112871,10.03193255654827,9.992698017277801
10.119999999999829,0,0.00159863219281553,20.072918231999296,0.00029146328475088135,0.00091227497839802,10.031932556548277,9.992698017277826
10.129999999999828,0,0.0015986321928186942,20.072918231999303,0.0002914632847470511,0.0009122749783933015,10.031932556548274,9.992698017277817
10.139999999999828,0,0.0015986321928187497,20.07291823199931,0.0002914632847645371,0.0009122749784072348,10.03193255654827,9.992698017277796
10.149999999999828,0,0.001598632192825744,20.072918231999328,0.00029146328476181704,0.0009122749784071793,10.031932556548266,9.992698017277817
10.159999999999828,0,0.001598632192817584,20.072918231999317,0.00029146328476231664,0.0009122749784009065,10.031932556548277,9.992698017277819
10.169999999999828,0,0.0015986321928112557,20.072918231999303,0.0002914632847536014,0.0009122749784039041,10.03193255654827,9.99269801727781
10.179999999999827,0,0.0015986321928101455,20.07291823199929,0.00029146328475782024,0.000912274978398131,10.031932556548277,9.992698017277814
10.189999999999827,0,0.0015986321928124214,20.072918231999292,0.00029146328475099237,0.0009122749784064021,10.031932556548266,9.992698017277805
10.199999999999827,0,0.00159863219281553,20.072918231999317,0.00029146328474433103,0.0009122749784080675,10.031932556548263,9.992698017277808
10.209999999999827,0,0.0015986321928120883,20.07291823199931,0.00029146328475193606,0.0009122749784045703,10.031932556548266,9.992698017277814
10.219999999999827,0,0.001598632192818139,20.072918231999296,0.0002914632847506593,0.0009122749784137296,10.03193255654827,9.992698017277807
10.229999999999826,0,0.0015986321928142533,20.072918231999306,0.00029146328475387895,0.0009122749784200579,10.031932556548266,9.992698017277807
10.239999999999826,0,0.0015986321928085911,20.07291823199928,0.0002914632847456078,0.0009122749784053474,10.031932556548263,9.99269801727782
10.249999999999826,0,0.0015986321928219693,20.072918231999317,0.00029146328474644045,0.0009122749784181705,10.03193255654826,9.992698017277803
10.259999999999826,0,0.0015986321928095348,20.072918231999303,0.00029146328476042926,0.0009122749784053474,10.031932556548274,9.992698017277817
10.269999999999825,0,0.0015986321928206926,20.072918231999317,0.0002914632847582088,0.0009122749784081785,10.031932556548272,9.992698017277803
10.279999999999825,0,0.0015986321928215252,20.07291823199931,0.0002914632847381693,0.000912274978395744,10.031932556548272,9.992698017277814
10.289999999999825,0,0.0015986321928121439,20.07291823199931,0.00029146328475776473,0.0009122749784126749,10.031932556548263,9.992698017277794
10.299999999999825,0,0.0015986321928330716,20.0729182319993,0.0002914632847522691,0.000912274978393246,10.031932556548272,9.99269801727782
10.309999999999825,0,0.001598632192827687,20.07291823199929,0.0002914632847646481,0.0009122749784016282,10.03193255654827,9.992698017277828
10.319999999999824,0,0.0015986321928355696,20.072918231999296,0.00029146328475931904,0.0009122749784129525,10.03193255654827,9.992698017277808
10.329999999999824,0,0.0015986321928164182,20.07291823199932,0.00029146328474338734,0.0009122749784069017,10.031932556548277,9.992698017277824
10.339999999999824,0,0.0015986321928210256,20.07291823199931,0.0002914632847630938,0.0009122749784060136,10.03193255654827,9.992698017277803
10.349999999999824,0,0.0015986321928069813,20.072918231999317,0.00029146328473794725,0.000912274978393357,10.03193255654828,9.992698017277831
10.359999999999824,0,0.0015986321928144753,20.072918231999324,0.0002914632847451637,0.0009122749784015172,10.031932556548282,9.992698017277796
10.369999999999823,0,0.0015986321928101455,20.07291823199931,0.0002914632847492715,0.0009122749784199469,10.031932556548268,9.9926980172778
10.379999999999823,0,0.0015986321928218583,20.072918231999296,0.0002914632847581533,0.0009122749784097328,10.03193255654827,9.992698017277819
10.389999999999823,0,0.0015986321928185832,20.072918231999317,0.000291463284751714,0.000912274978413008,10.03193255654827,9.992698017277807
10.399999999999823,0,0.0015986321928158076,20.072918231999303,0.0002914632847477727,0.0009122749783996298,10.031932556548274,9.99269801727782
10.409999999999823,0,0.0015986321928171954,20.072918231999303,0.0002914632847537124,0.0009122749783979645,10.031932556548272,9.992698017277808
10.419999999999822,0,0.001598632192808258,20.07291823199931,0.00029146328474299876,0.0009122749784134521,10.031932556548274,9.992698017277812
10.429999999999822,0,0.0015986321928108116,20.072918231999303,0.0002914632847500487,0.0009122749783863071,10.031932556548274,9.992698017277824
10.439999999999822,0,0.0015986321928112002,20.07291823199931,0.0002914632847527132,0.0009122749784040707,10.031932556548277,9.992698017277815
10.449999999999822,0,0.0015986321928198044,20.072918231999317,0.00029146328475487815,0.0009122749784126194,10.031932556548274,9.992698017277807
10.459999999999821,0,0.001598632192822913,20.072918231999317,0.0002914632847522691,0.0009122749784037931,10.03193255654827,9.992698017277812
10.469999999999821,0,0.00159863219280737,20.072918231999303,0.000291463284763982,0.0009122749784073458,10.031932556548266,9.992698017277812
10.479999999999821,0,0.0015986321928186942,20.072918231999292,0.00029146328476081784,0.000912274978400851,10.031932556548275,9.992698017277807
10.48999999999982,0,0.0015986321928164182,20.07291823199929,0.00029146328476342687,0.0009122749784093998,10.031932556548272,9.992698017277798
10.49999999999982,0,0.0015986321928256886,20.07291823199931,0.00029146328476337136,0.0009122749784015172,10.031932556548272,9.992698017277823
10.50999999999982,0,0.0015986321928160296,20.07291823199931,0.00029146328474638494,0.0009122749783992412,10.031932556548275,9.992698017277826
10.51999999999982,0,0.0015986321928171399,20.07291823199931,0.00029146328475587735,0.0009122749784064021,10.03193255654827,9.992698017277807
10.52999999999982,0,0.0015986321928142533,20.072918231999317,0.00029146328476176153,0.0009122749784100104,10.031932556548277,9.992698017277808
10.53999999999982,0,0.0015986321928317948,20.07291823199931,0.0002914632847512144,0.0009122749783982975,10.03193255654827,9.992698017277824
10.54999999999982,0,0.0015986321928276315,20.0729182319993,0.0002914632847630938,0.0009122749783994077,10.031932556548274,9.992698017277815
10.55999999999982,0,0.001598632192820082,20.0729182319993,0.0002914632847450527,0.0009122749784059581,10.031932556548274,9.9926980172778
10.569999999999819,0,0.0015986321927998204,20.072918231999296,0.0002914632847457743,0.0009122749784072903,10.03193255654827,9.992698017277819
10.579999999999819,0,0.0015986321928197489,20.0729182319993,0.00029146328477031025,0.0009122749784136186,10.03193255654827,9.992698017277796
10.589999999999819,0,0.001598632192812588,20.072918231999303,0.00029146328473750316,0.0009122749783860851,10.031932556548272,9.992698017277831
10.599999999999818,0,0.0015986321928143643,20.072918231999317,0.0002914632847373366,0.0009122749784110651,10.03193255654827,9.992698017277796
10.609999999999818,0,0.0015986321928224134,20.07291823199931,0.0002914632847487164,0.0009122749784040707,10.031932556548277,9.992698017277815
10.619999999999818,0,0.0015986321928089797,20.072918231999317,0.0002914632847560994,0.0009122749784050144,10.031932556548268,9.992698017277801
10.629999999999818,0,0.0015986321928205816,20.0729182319993,0.00029146328475049277,0.0009122749784099549,10.031932556548268,9.992698017277807
10.639999999999818,0,0.0015986321928184166,20.072918231999296,0.00029146328475637695,0.000912274978408234,10.031932556548274,9.992698017277803
10.649999999999817,0,0.0015986321928096459,20.072918231999303,0.0002914632847456078,0.0009122749784067907,10.031932556548277,9.992698017277815
10.659999999999817,0,0.0015986321928069258,20.072918231999292,0.00029146328475193606,0.0009122749784117312,10.031932556548265,9.992698017277815
10.669999999999817,0,0.0015986321928225244,20.0729182319993,0.0002914632847466625,0.0009122749783941342,10.031932556548274,9.992698017277833
10.679999999999817,0,0.0015986321928215252,20.072918231999306,0.0002914632847604848,0.0009122749783974093,10.031932556548275,9.992698017277817
10.689999999999817,0,0.0015986321928266323,20.072918231999306,0.00029146328473905747,0.0009122749784099549,10.031932556548274,9.992698017277812
10.699999999999816,0,0.0015986321928034841,20.072918231999317,0.0002914632847431653,0.0009122749784109541,10.03193255654827,9.992698017277812
10.709999999999816,0,0.0015986321928159741,20.0729182319993,0.00029146328474999317,0.0009122749783906925,10.031932556548266,9.992698017277824
10.719999999999816,0,0.0015986321928184166,20.0729182319993,0.00029146328475626593,0.0009122749784035156,10.031932556548266,9.992698017277805
10.729999999999816,0,0.0015986321928166958,20.072918231999317,0.0002914632847610954,0.0009122749784082895,10.03193255654827,9.992698017277803
10.739999999999815,0,0.001598632192829963,20.0729182319993,0.0002914632847716425,0.0009122749783916362,10.031932556548266,9.992698017277835
10.749999999999815,0,0.00159863219281986,20.072918231999303,0.0002914632847540455,0.0009122749783992412,10.03193255654827,9.992698017277805
10.759999999999815,0,0.0015986321928115332,20.072918231999306,0.00029146328475687655,0.0009122749784103434,10.03193255654827,9.992698017277814
10.769999999999815,0,0.0015986321928010416,20.072918231999303,0.00029146328477519523,0.0009122749784085116,10.031932556548274,9.992698017277817
10.779999999999815,0,0.001598632192807703,20.072918231999292,0.00029146328475837535,0.0009122749784166162,10.031932556548266,9.99269801727781
10.789999999999814,0,0.0015986321928168623,20.072918231999317,0.0002914632847580423,0.000912274978395855,10.031932556548272,9.992698017277817
10.799999999999814,0,0.001598632192813032,20.07291823199932,0.00029146328473150795,0.0009122749783992967,10.031932556548274,9.99269801727781
10.809999999999814,0,0.0015986321928166403,20.072918231999292,0.0002914632847487719,0.0009122749784112871,10.031932556548266,9.9926980172778
10.819999999999814,0,0.0015986321928250224,20.0729182319993,0.00029146328475437855,0.0009122749784003514,10.031932556548266,9.992698017277817
10.829999999999814,0,0.001598632192810312,20.0729182319993,0.00029146328474982663,0.0009122749784147288,10.031932556548274,9.992698017277803
10.839999999999813,0,0.0015986321928194158,20.07291823199931,0.0002914632847550447,0.0009122749783892492,10.031932556548268,9.992698017277833
10.849999999999813,0,0.0015986321928144198,20.072918231999296,0.0002914632847427212,0.000912274978408123,10.031932556548268,9.992698017277815
10.859999999999813,0,0.0015986321928195824,20.072918231999296,0.00029146328475043726,0.0009122749784112871,10.031932556548274,9.992698017277814
10.869999999999813,0,0.00159863219281281,20.072918231999303,0.00029146328475887495,0.0009122749784080675,10.031932556548268,9.992698017277814
10.879999999999812,0,0.001598632192838123,20.072918231999317,0.0002914632847535459,0.0009122749784095108,10.03193255654827,9.992698017277807
10.889999999999812,0,0.0015986321928166403,20.072918231999303,0.00029146328474893846,0.0009122749784035711,10.031932556548274,9.99269801727782
10.899999999999812,0,0.0015986321928167513,20.072918231999296,0.00029146328476292727,0.0009122749784079565,10.031932556548272,9.992698017277824
10.909999999999812,0,0.0015986321928209146,20.07291823199931,0.00029146328476725714,0.0009122749784138962,10.031932556548279,9.992698017277807
10.919999999999812,0,0.0015986321928189162,20.07291823199931,0.0002914632847799137,0.0009122749784129525,10.031932556548275,9.99269801727781
10.929999999999811,0,0.0015986321928170288,20.072918231999303,0.0002914632847441645,0.0009122749784061801,10.031932556548265,9.992698017277817
10.939999999999811,0,0.0015986321928225244,20.072918231999317,0.0002914632847579868,0.0009122749784090667,10.031932556548274,9.992698017277805
10.949999999999811,0,0.0015986321928299074,20.07291823199934,0.0002914632847650367,0.0009122749784064577,10.031932556548265,9.992698017277808
10.95999999999981,0,0.001598632192823246,20.072918231999317,0.00029146328474632943,0.0009122749784126194,10.031932556548263,9.992698017277801
10.96999999999981,0,0.0015986321928246894,20.07291823199931,0.0002914632847447751,0.0009122749784014617,10.031932556548274,9.99269801727781
10.97999999999981,0,0.0015986321928065372,20.072918231999303,0.0002914632847670351,0.0009122749784114537,10.031932556548275,9.992698017277803
10.98999999999981,0,0.0015986321928129765,20.072918231999314,0.000291463284749105,0.0009122749783950224,10.031932556548272,9.992698017277833
10.99999999999981,0,0.0015986321928084801,20.072918231999303,0.0002914632847532128,0.0009122749783968542,10.031932556548272,9.992698017277817
11.00999999999981,0,0.0015986321928192493,20.072918231999317,0.00029146328475493366,0.0009122749784034601,10.031932556548277,9.992698017277817
11.01999999999981,0,0.001598632192812699,20.072918231999303,0.0002914632847575982,0.0009122749784118422,10.031932556548275,9.992698017277808
11.02999999999981,0,0.0015986321928187497,20.0729182319993,0.00029146328475598837,0.0009122749783921913,10.031932556548275,9.992698017277824
11.039999999999809,0,0.0015986321928164182,20.07291823199931,0.00029146328475548877,0.000912274978398242,10.031932556548282,9.992698017277814
11.049999999999809,0,0.001598632192820304,20.072918231999292,0.0002914632847571541,0.0009122749784135631,10.031932556548268,9.992698017277803
11.059999999999809,0,0.0015986321928089242,20.07291823199931,0.0002914632847520471,0.0009122749783813111,10.031932556548275,9.992698017277842
11.069999999999808,0,0.0015986321928102565,20.0729182319993,0.00029146328474582983,0.0009122749784027384,10.031932556548274,9.992698017277814
11.079999999999808,0,0.0015986321928251335,20.072918231999296,0.0002914632847531573,0.0009122749784090112,10.031932556548266,9.992698017277814
11.089999999999808,0,0.001598632192822691,20.07291823199931,0.00029146328476481465,0.0009122749783945228,10.031932556548275,9.992698017277814
11.099999999999808,0,0.0015986321928188052,20.072918231999303,0.00029146328475188055,0.0009122749784051809,10.031932556548265,9.99269801727782
11.109999999999808,0,0.0015986321928156966,20.072918231999296,0.00029146328475726513,0.00091227497841051,10.03193255654827,9.992698017277826
11.119999999999807,0,0.0015986321928134206,20.072918231999292,0.00029146328474738414,0.0009122749784140627,10.031932556548266,9.99269801727781
11.129999999999807,0,0.001598632192803151,20.072918231999303,0.00029146328475398997,0.000912274978400851,10.03193255654827,9.992698017277814
11.139999999999807,0,0.0015986321928104785,20.072918231999317,0.00029146328475648797,0.000912274978408123,10.031932556548272,9.992698017277814
11.149999999999807,0,0.001598632192815863,20.07291823199931,0.000291463284749216,0.0009122749784167272,10.031932556548268,9.9926980172778
11.159999999999807,0,0.0015986321928143088,20.072918231999303,0.000291463284746607,0.0009122749784026274,10.031932556548268,9.992698017277828
11.169999999999806,0,0.0015986321928185832,20.072918231999296,0.0002914632847599852,0.0009122749784036821,10.031932556548275,9.992698017277819
11.179999999999806,0,0.001598632192810423,20.07291823199931,0.0002914632847466625,0.0009122749784156725,10.031932556548275,9.99269801727779
11.189999999999806,0,0.001598632192814975,20.072918231999303,0.000291463284749216,0.0009122749784060691,10.031932556548274,9.992698017277823
11.199999999999806,0,0.0015986321928087577,20.072918231999303,0.0002914632847490495,0.000912274978418337,10.03193255654827,9.992698017277803
11.209999999999805,0,0.0015986321928133096,20.07291823199931,0.00029146328474649597,0.0009122749783981865,10.031932556548268,9.992698017277824
11.219999999999805,0,0.001598632192820304,20.072918231999296,0.00029146328474649597,0.0009122749783954665,10.031932556548279,9.99269801727783
11.229999999999805,0,0.0015986321928216363,20.072918231999306,0.00029146328475249117,0.0009122749784075679,10.031932556548268,9.992698017277817
11.239999999999805,0,0.0015986321928171954,20.072918231999317,0.0002914632847675902,0.0009122749784039597,10.031932556548263,9.99269801727781
11.249999999999805,0,0.0015986321927963787,20.072918231999306,0.0002914632847531018,0.0009122749784208906,10.03193255654827,9.99269801727781
11.259999999999804,0,0.0015986321928235236,20.07291823199932,0.00029146328475282424,0.0009122749784113426,10.031932556548263,9.992698017277812
11.269999999999804,0,0.0015986321928129765,20.072918231999317,0.00029146328475637695,0.0009122749784111761,10.031932556548268,9.992698017277801
11.279999999999804,0,0.0015986321928149194,20.072918231999296,0.0002914632847600407,0.0009122749783964101,10.031932556548277,9.992698017277823
11.289999999999804,0,0.0015986321928130875,20.07291823199931,0.0002914632847461629,0.0009122749784023498,10.031932556548274,9.99269801727782
11.299999999999804,0,0.0015986321928169733,20.07291823199931,0.00029146328476287175,0.0009122749784188366,10.03193255654827,9.992698017277796
11.309999999999803,0,0.001598632192822469,20.072918231999303,0.00029146328475726513,0.0009122749784062911,10.031932556548274,9.992698017277815
11.319999999999803,0,0.0015986321928238567,20.07291823199929,0.00029146328476131744,0.0009122749783996853,10.031932556548277,9.992698017277824
11.329999999999803,0,0.0015986321928059266,20.072918231999306,0.00029146328474144445,0.0009122749784067907,10.031932556548266,9.992698017277803
11.339999999999803,0,0.0015986321928109781,20.072918231999303,0.00029146328475598837,0.0009122749784092332,10.03193255654827,9.992698017277805
11.349999999999802,0,0.0015986321928214697,20.07291823199929,0.0002914632847621501,0.0009122749783878614,10.031932556548265,9.992698017277835
11.359999999999802,0,0.0015986321928242453,20.072918231999296,0.00029146328476042926,0.0009122749784146733,10.03193255654827,9.992698017277826
11.369999999999802,0,0.0015986321928014302,20.072918231999317,0.0002914632847580978,0.0009122749784011841,10.031932556548274,9.992698017277814
11.379999999999802,0,0.0015986321928168068,20.072918231999296,0.0002914632847465515,0.0009122749783923023,10.03193255654827,9.992698017277826
11.389999999999802,0,0.0015986321928103675,20.072918231999285,0.00029146328475382344,0.00091227497840074,10.031932556548265,9.992698017277831
11.399999999999801,0,0.0015986321928267988,20.072918231999303,0.000291463284756599,0.0009122749784085116,10.03193255654827,9.992698017277815
11.409999999999801,0,0.001598632192820748,20.072918231999303,0.0002914632847392795,0.0009122749784047923,10.03193255654827,9.992698017277824
11.419999999999801,0,0.001598632192820193,20.072918231999317,0.0002914632847537124,0.0009122749784052919,10.031932556548266,9.992698017277817
11.4299999999998,0,0.0015986321928145308,20.07291823199931,0.0002914632847627052,0.0009122749784017392,10.031932556548275,9.992698017277812
11.4399999999998,0,0.0015986321928090352,20.072918231999314,0.0002914632847619836,0.0009122749784212791,10.031932556548268,9.992698017277803
11.4499999999998,0,0.001598632192818139,20.072918231999303,0.0002914632847496601,0.0009122749784136186,10.031932556548275,9.992698017277807
11.4599999999998,0,0.0015986321928154745,20.072918231999292,0.00029146328475143646,0.0009122749784016282,10.031932556548272,9.992698017277807
11.4699999999998,0,0.0015986321928253,20.07291823199931,0.000291463284754212,0.0009122749784079565,10.031932556548265,9.992698017277807
11.4799999999998,0,0.0015986321928196379,20.072918231999317,0.0002914632847441645,0.0009122749783916362,10.031932556548274,9.992698017277817
11.4899999999998,0,0.0015986321928130875,20.072918231999296,0.0002914632847361154,0.0009122749783939677,10.031932556548272,9.992698017277826
11.4999999999998,0,0.001598632192813365,20.07291823199931,0.0002914632847472731,0.0009122749783995743,10.031932556548275,9.99269801727781
11.509999999999799,0,0.0015986321928228575,20.072918231999303,0.0002914632847625387,0.0009122749784115092,10.03193255654827,9.992698017277794
11.519999999999799,0,0.0015986321928246894,20.072918231999303,0.0002914632847497156,0.0009122749784029605,10.031932556548272,9.992698017277824
11.529999999999799,0,0.0015986321928210812,20.07291823199931,0.0002914632847546561,0.0009122749784052919,10.031932556548268,9.992698017277794
11.539999999999798,0,0.001598632192817806,20.072918231999303,0.0002914632847501042,0.0009122749783919692,10.03193255654827,9.992698017277828
11.549999999999798,0,0.0015986321928085911,20.072918231999314,0.00029146328475387895,0.0009122749783996298,10.03193255654827,9.99269801727782
11.559999999999798,0,0.0015986321928167513,20.07291823199931,0.0002914632847442755,0.0009122749784076789,10.03193255654827,9.992698017277801
11.569999999999798,0,0.0015986321928166958,20.072918231999303,0.0002914632847535459,0.0009122749783995188,10.031932556548277,9.992698017277807
11.579999999999798,0,0.001598632192808036,20.07291823199931,0.00029146328474749517,0.0009122749784247208,10.031932556548263,9.992698017277792
11.589999999999797,0,0.0015986321928137537,20.072918231999296,0.00029146328475382344,0.0009122749783964657,10.031932556548277,9.99269801727781
11.599999999999797,0,0.0015986321928146974,20.072918231999306,0.00029146328474982663,0.0009122749784046258,10.031932556548274,9.992698017277808
11.609999999999797,0,0.0015986321928267988,20.072918231999306,0.0002914632847382248,0.0009122749784127859,10.031932556548275,9.992698017277796
11.619999999999797,0,0.001598632192830518,20.072918231999296,0.0002914632847607068,0.0009122749783926354,10.031932556548274,9.992698017277837
11.629999999999797,0,0.0015986321928220248,20.072918231999303,0.00029146328476375993,0.0009122749784050699,10.031932556548272,9.992698017277807
11.639999999999796,0,0.0015986321928168068,20.072918231999292,0.00029146328474738414,0.0009122749784025164,10.031932556548274,9.992698017277817
11.649999999999796,0,0.0015986321927923264,20.072918231999314,0.0002914632847635379,0.0009122749784197248,10.03193255654827,9.992698017277808
11.659999999999796,0,0.001598632192810312,20.072918231999317,0.0002914632847461629,0.0009122749784086781,10.031932556548265,9.992698017277819
11.669999999999796,0,0.00159863219282258,20.072918231999292,0.0002914632847610954,0.0009122749784176709,10.03193255654827,9.992698017277794
11.679999999999795,0,0.0015986321928278535,20.072918231999317,0.00029146328474599636,0.0009122749784072903,10.031932556548272,9.992698017277823
11.689999999999795,0,0.0015986321928212477,20.072918231999303,0.00029146328473339533,0.0009122749784092887,10.03193255654827,9.992698017277805
11.699999999999795,0,0.001598632192820304,20.072918231999317,0.0002914632847501042,0.0009122749783926354,10.03193255654827,9.99269801727782
11.709999999999795,0,0.0015986321928136427,20.072918231999314,0.00029146328474299876,0.0009122749783979089,10.031932556548274,9.992698017277833
11.719999999999795,0,0.0015986321928045943,20.07291823199931,0.0002914632847826337,0.0009122749784047923,10.03193255654827,9.99269801727781
11.729999999999794,0,0.0015986321928187497,20.072918231999324,0.0002914632847551002,0.0009122749784016282,10.03193255654827,9.992698017277807
11.739999999999794,0,0.0015986321928218583,20.072918231999296,0.0002914632847427212,0.0009122749784039041,10.031932556548266,9.992698017277812
11.749999999999794,0,0.0015986321928220248,20.07291823199932,0.0002914632847530463,0.0009122749784243323,10.031932556548272,9.992698017277776
11.759999999999794,0,0.001598632192814975,20.07291823199931,0.0002914632847487164,0.0009122749784078454,10.031932556548277,9.992698017277819
11.769999999999794,0,0.001598632192825522,20.072918231999303,0.00029146328475637695,0.0009122749784075679,10.031932556548263,9.992698017277815
11.779999999999793,0,0.0015986321928112557,20.07291823199931,0.00029146328476181704,0.0009122749784151174,10.031932556548277,9.992698017277803
11.789999999999793,0,0.0015986321928160296,20.07291823199931,0.0002914632847496601,0.0009122749783960771,10.031932556548274,9.992698017277824
11.799999999999793,0,0.0015986321928185832,20.072918231999303,0.00029146328475593286,0.0009122749784038486,10.031932556548272,9.992698017277814
11.809999999999793,0,0.0015986321928126435,20.072918231999303,0.00029146328475843086,0.0009122749783990747,10.031932556548263,9.992698017277814
11.819999999999792,0,0.001598632192812366,20.072918231999317,0.00029146328475837535,0.0009122749784059025,10.03193255654827,9.992698017277803
11.829999999999792,0,0.0015986321928138647,20.072918231999296,0.0002914632847576537,0.0009122749784061246,10.031932556548274,9.992698017277808
11.839999999999792,0,0.0015986321928237457,20.07291823199932,0.00029146328474699557,0.000912274978403238,10.031932556548274,9.992698017277819
11.849999999999792,0,0.001598632192817695,20.072918231999306,0.0002914632847595966,0.0009122749784041817,10.031932556548263,9.992698017277817
11.859999999999792,0,0.0015986321928116443,20.07291823199931,0.00029146328475238015,0.0009122749784047923,10.031932556548266,9.992698017277823
11.869999999999791,0,0.0015986321928215808,20.07291823199931,0.0002914632847477727,0.0009122749784095663,10.03193255654827,9.992698017277807
11.879999999999791,0,0.0015986321928148084,20.0729182319993,0.00029146328475232464,0.0009122749783985751,10.031932556548266,9.992698017277828
11.889999999999791,0,0.0015986321928146974,20.0729182319993,0.00029146328474943806,0.0009122749784082895,10.031932556548265,9.9926980172778
11.89999999999979,0,0.00159863219283074,20.072918231999306,0.0002914632847601517,0.0009122749783926909,10.03193255654827,9.992698017277819
11.90999999999979,0,0.001598632192818139,20.07291823199931,0.0002914632847650922,0.0009122749784090112,10.03193255654827,9.992698017277814
11.91999999999979,0,0.0015986321928103675,20.07291823199929,0.00029146328475548877,0.000912274978412897,10.031932556548272,9.992698017277807
11.92999999999979,0,0.0015986321928267433,20.072918231999292,0.0002914632847596521,0.0009122749783784245,10.031932556548275,9.992698017277842
11.93999999999979,0,0.0015986321928197489,20.072918231999303,0.0002914632847632048,0.0009122749783928574,10.031932556548277,9.992698017277817
11.94999999999979,0,0.00159863219281986,20.072918231999274,0.0002914632847637044,0.0009122749784063466,10.031932556548263,9.992698017277819
11.95999999999979,0,0.001598632192823246,20.072918231999292,0.0002914632847627052,0.0009122749784127304,10.03193255654827,9.992698017277805
11.96999999999979,0,0.0015986321928166403,20.07291823199929,0.0002914632847610954,0.0009122749783874728,10.03193255654828,9.99269801727782
11.979999999999789,0,0.0015986321928082026,20.072918231999306,0.00029146328476531425,0.0009122749784016282,10.031932556548268,9.992698017277801
11.989999999999789,0,0.00159863219281281,20.072918231999314,0.0002914632847602072,0.0009122749784096218,10.031932556548268,9.992698017277817
11.999999999999789,0,0.001598632192822691,20.072918231999303,0.00029146328475243566,0.0009122749783961326,10.03193255654827,9.99269801727782
12.009999999999788,0,0.0015986321928199154,20.072918231999317,0.0002914632847501597,0.0009122749783984085,10.031932556548277,9.992698017277817
12.019999999999788,0,0.0015986321928190272,20.072918231999317,0.0002914632847675902,0.0009122749784087336,10.03193255654827,9.992698017277801
12.029999999999788,0,0.0015986321928184166,20.072918231999317,0.00029146328475382344,0.0009122749784110651,10.031932556548263,9.99269801727781
12.039999999999788,0,0.0015986321928181946,20.072918231999306,0.0002914632847476062,0.0009122749784046258,10.031932556548266,9.992698017277812
12.049999999999788,0,0.001598632192808036,20.072918231999306,0.00029146328475293526,0.0009122749784145623,10.03193255654827,9.99269801727779
12.059999999999787,0,0.0015986321928166958,20.072918231999317,0.0002914632847496046,0.0009122749784001849,10.03193255654827,9.992698017277814
12.069999999999787,0,0.0015986321928270764,20.072918231999292,0.0002914632847570431,0.0009122749784216677,10.031932556548274,9.992698017277789
12.079999999999787,0,0.0015986321928297964,20.072918231999306,0.00029146328475737615,0.000912274978400629,10.031932556548265,9.992698017277807
12.089999999999787,0,0.0015986321928122549,20.072918231999303,0.0002914632847526022,0.0009122749784065687,10.03193255654828,9.992698017277812
12.099999999999786,0,0.0015986321928196934,20.07291823199931,0.0002914632847575427,0.0009122749784024053,10.031932556548266,9.992698017277815
12.109999999999786,0,0.0015986321928203595,20.07291823199931,0.0002914632847659804,0.0009122749784073458,10.03193255654827,9.992698017277817
12.119999999999786,0,0.0015986321928095903,20.072918231999306,0.000291463284761595,0.0009122749784015727,10.031932556548274,9.992698017277815
12.129999999999786,0,0.001598632192818139,20.072918231999317,0.0002914632847436649,0.0009122749784048478,10.031932556548274,9.992698017277814
12.139999999999786,0,0.0015986321928212477,20.07291823199932,0.00029146328476392647,0.0009122749784095663,10.03193255654828,9.992698017277803
12.149999999999785,0,0.0015986321928050384,20.07291823199931,0.0002914632847609844,0.0009122749784099549,10.031932556548268,9.992698017277814
12.159999999999785,0,0.0015986321928214142,20.07291823199931,0.0002914632847596521,0.0009122749784012951,10.03193255654827,9.99269801727782
12.169999999999785,0,0.001598632192812477,20.07291823199931,0.00029146328475676553,0.00091227497841323,10.031932556548274,9.992698017277805
12.179999999999785,0,0.0015986321928221914,20.07291823199931,0.0002914632847566545,0.0009122749784047368,10.031932556548277,9.992698017277819
12.189999999999785,0,0.0015986321928283531,20.072918231999306,0.0002914632847701992,0.00091227497841323,10.03193255654827,9.992698017277814
12.199999999999784,0,0.001598632192815086,20.0729182319993,0.0002914632847646481,0.0009122749784022943,10.03193255654827,9.99269801727782
12.209999999999784,0,0.001598632192823135,20.072918231999306,0.00029146328477369643,0.0009122749783987416,10.031932556548277,9.99269801727782
12.219999999999784,0,0.001598632192820748,20.072918231999306,0.0002914632847665355,0.0009122749784176709,10.031932556548265,9.992698017277792
12.229999999999784,0,0.0015986321928103675,20.072918231999317,0.00029146328474055627,0.0009122749784113426,10.03193255654827,9.992698017277807
12.239999999999783,0,0.0015986321928150304,20.072918231999292,0.0002914632847575982,0.0009122749784001849,10.031932556548263,9.992698017277826
12.249999999999783,0,0.0015986321928309066,20.072918231999296,0.0002914632847570986,0.000912274978415617,10.031932556548274,9.992698017277808
12.259999999999783,0,0.0015986321928189162,20.07291823199931,0.0002914632847486609,0.0009122749783992412,10.031932556548274,9.992698017277819
12.269999999999783,0,0.0015986321928209146,20.07291823199931,0.00029146328477230865,0.0009122749783999629,10.031932556548274,9.992698017277814
12.279999999999783,0,0.0015986321928112557,20.072918231999314,0.0002914632847445531,0.0009122749784138406,10.03193255654827,9.992698017277812
12.289999999999782,0,0.0015986321928074254,20.0729182319993,0.00029146328474383143,0.0009122749783961881,10.03193255654827,9.992698017277815
12.299999999999782,0,0.0015986321928206926,20.07291823199931,0.00029146328473456107,0.0009122749784127304,10.031932556548275,9.992698017277792
12.309999999999782,0,0.001598632192810312,20.072918231999303,0.00029146328475182504,0.0009122749783984085,10.03193255654827,9.992698017277824
12.319999999999782,0,0.0015986321928070923,20.072918231999303,0.0002914632847451637,0.0009122749784036266,10.031932556548266,9.992698017277812
12.329999999999782,0,0.0015986321928215252,20.072918231999314,0.0002914632847591525,0.0009122749784167272,10.031932556548274,9.992698017277796
12.339999999999781,0,0.001598632192822358,20.07291823199931,0.00029146328474494165,0.000912274978398464,10.031932556548272,9.99269801727782
12.349999999999781,0,0.0015986321928188607,20.072918231999296,0.0002914632847506593,0.0009122749784192807,10.031932556548263,9.992698017277805
12.359999999999781,0,0.0015986321928156966,20.072918231999296,0.00029146328475937455,0.0009122749783984085,10.031932556548275,9.992698017277815
12.36999999999978,0,0.0015986321928183611,20.072918231999306,0.0002914632847660359,0.0009122749784069573,10.031932556548274,9.992698017277803
12.37999999999978,0,0.0015986321928238012,20.072918231999278,0.00029146328474582983,0.0009122749784048478,10.031932556548272,9.992698017277824
12.38999999999978,0,0.0015986321928139202,20.072918231999324,0.00029146328475626593,0.0009122749784012951,10.031932556548265,9.992698017277817
12.39999999999978,0,0.001598632192822469,20.072918231999292,0.0002914632847506593,0.0009122749783996298,10.03193255654827,9.992698017277828
12.40999999999978,0,0.0015986321928188052,20.072918231999306,0.00029146328475182504,0.0009122749783984085,10.03193255654828,9.992698017277807
12.41999999999978,0,0.0015986321928170288,20.072918231999317,0.00029146328475732064,0.0009122749784160611,10.03193255654827,9.992698017277803
12.42999999999978,0,0.0015986321928253,20.072918231999328,0.0002914632847551557,0.0009122749783876949,10.031932556548274,9.992698017277837
12.43999999999978,0,0.0015986321928183611,20.072918231999306,0.00029146328476736816,0.0009122749784006845,10.031932556548266,9.992698017277814
12.449999999999779,0,0.0015986321928036507,20.072918231999317,0.0002914632847472176,0.0009122749784091777,10.03193255654827,9.992698017277805
12.459999999999779,0,0.001598632192812699,20.072918231999296,0.0002914632847565435,0.0009122749783947448,10.031932556548272,9.992698017277828
12.469999999999779,0,0.0015986321928196934,20.072918231999324,0.0002914632847522136,0.0009122749784061246,10.031932556548277,9.992698017277815
12.479999999999778,0,0.001598632192810423,20.072918231999317,0.0002914632847542675,0.0009122749783951334,10.031932556548266,9.992698017277824
12.489999999999778,0,0.0015986321928138647,20.072918231999285,0.00029146328475482264,0.0009122749784120088,10.031932556548265,9.992698017277812
12.499999999999778,0,0.0015986321928245784,20.072918231999292,0.00029146328473550476,0.0009122749783877504,10.031932556548274,9.992698017277842
12.509999999999778,0,0.0015986321928037062,20.072918231999306,0.0002914632847556553,0.0009122749784046258,10.03193255654827,9.992698017277814
12.519999999999778,0,0.0015986321928131986,20.072918231999306,0.0002914632847531018,0.0009122749784121198,10.031932556548268,9.99269801727781
12.529999999999777,0,0.001598632192820193,20.07291823199931,0.0002914632847571541,0.0009122749784000739,10.03193255654827,9.992698017277817
12.539999999999777,0,0.0015986321928268543,20.07291823199929,0.0002914632847531573,0.0009122749784120088,10.03193255654827,9.9926980172778
12.549999999999777,0,0.0015986321928316283,20.072918231999306,0.00029146328475632144,0.0009122749784118978,10.03193255654827,9.992698017277801
12.559999999999777,0,0.0015986321928226355,20.072918231999303,0.00029146328475043726,0.0009122749784017392,10.031932556548279,9.992698017277807
12.569999999999776,0,0.0015986321928231906,20.072918231999303,0.00029146328475343486,0.000912274978407901,10.031932556548272,9.992698017277803
12.579999999999776,0,0.001598632192808147,20.072918231999306,0.0002914632847397791,0.0009122749784096218,10.031932556548274,9.992698017277798
12.589999999999776,0,0.0015986321928180836,20.072918231999303,0.00029146328476431504,0.0009122749784020168,10.031932556548272,9.992698017277824
12.599999999999776,0,0.0015986321928040392,20.072918231999314,0.00029146328477036576,0.0009122749784171713,10.031932556548266,9.992698017277807
12.609999999999776,0,0.0015986321928244118,20.072918231999303,0.00029146328474838334,0.0009122749784019057,10.031932556548274,9.992698017277823
12.619999999999775,0,0.0015986321928160852,20.072918231999296,0.000291463284739335,0.0009122749784042927,10.03193255654827,9.992698017277826
12.629999999999775,0,0.0015986321928154745,20.072918231999296,0.00029146328475698757,0.0009122749784167272,10.031932556548272,9.992698017277803
12.639999999999775,0,0.0015986321928176395,20.07291823199931,0.00029146328476536976,0.000912274978400851,10.031932556548266,9.992698017277812
12.649999999999775,0,0.0015986321928136427,20.072918231999303,0.00029146328474982663,0.0009122749784027939,10.031932556548277,9.992698017277815
12.659999999999775,0,0.0015986321928192493,20.072918231999296,0.00029146328475143646,0.0009122749784072348,10.031932556548272,9.99269801727781
12.669999999999774,0,0.0015986321928124214,20.072918231999324,0.0002914632847362264,0.0009122749784035711,10.031932556548274,9.992698017277807
12.679999999999774,0,0.0015986321928185276,20.072918231999317,0.00029146328477142047,0.0009122749784091222,10.03193255654827,9.992698017277808
12.689999999999774,0,0.0015986321928115887,20.07291823199931,0.0002914632847500487,0.0009122749784087891,10.031932556548272,9.99269801727782
12.699999999999774,0,0.001598632192810423,20.072918231999296,0.00029146328476831185,0.0009122749784112871,10.031932556548263,9.992698017277814
12.709999999999773,0,0.0015986321928144198,20.072918231999292,0.00029146328475576633,0.0009122749784044037,10.031932556548274,9.992698017277826
12.719999999999773,0,0.0015986321928165292,20.07291823199931,0.0002914632847536014,0.0009122749784050699,10.031932556548272,9.992698017277796
12.729999999999773,0,0.0015986321928112557,20.072918231999303,0.00029146328474199956,0.0009122749783850859,10.031932556548277,9.992698017277831
12.739999999999773,0,0.0015986321928047054,20.072918231999324,0.00029146328475632144,0.0009122749783970208,10.031932556548272,9.99269801727782
12.749999999999773,0,0.0015986321928264102,20.07291823199932,0.00029146328475598837,0.0009122749783889161,10.03193255654828,9.992698017277817
12.759999999999772,0,0.0015986321928190828,20.07291823199929,0.0002914632847377807,0.0009122749784030715,10.03193255654827,9.992698017277807
12.769999999999772,0,0.0015986321928141978,20.072918231999306,0.00029146328473456107,0.0009122749783999629,10.03193255654828,9.992698017277814
12.779999999999772,0,0.0015986321928148084,20.07291823199931,0.0002914632847492715,0.0009122749784153394,10.031932556548274,9.992698017277796
12.789999999999772,0,0.001598632192810201,20.0729182319993,0.0002914632847515475,0.000912274978395855,10.031932556548279,9.99269801727782
12.799999999999772,0,0.0015986321928390668,20.072918231999303,0.0002914632847535459,0.0009122749784049589,10.03193255654827,9.992698017277807
12.809999999999771,0,0.0015986321928160852,20.072918231999306,0.00029146328475682104,0.0009122749784039597,10.031932556548266,9.992698017277805
12.819999999999771,0,0.0015986321928265768,20.0729182319993,0.00029146328475349037,0.0009122749783996298,10.031932556548272,9.992698017277833
12.829999999999771,0,0.0015986321928187497,20.072918231999296,0.00029146328474138894,0.0009122749783997408,10.03193255654826,9.992698017277824
12.83999999999977,0,0.0015986321928112557,20.072918231999303,0.0002914632847510479,0.0009122749784031825,10.031932556548266,9.992698017277812
12.84999999999977,0,0.0015986321928112557,20.072918231999306,0.0002914632847436094,0.0009122749784027939,10.031932556548274,9.99269801727781
12.85999999999977,0,0.0015986321928082026,20.072918231999303,0.0002914632847467735,0.0009122749784115647,10.03193255654827,9.992698017277807
12.86999999999977,0,0.0015986321928167513,20.072918231999292,0.0002914632847585419,0.0009122749783817552,10.03193255654827,9.992698017277842
12.87999999999977,0,0.0015986321928214142,20.072918231999292,0.00029146328475931904,0.0009122749784086781,10.031932556548279,9.992698017277819
12.88999999999977,0,0.001598632192810312,20.07291823199931,0.0002914632847435539,0.0009122749784139517,10.03193255654827,9.992698017277796
12.89999999999977,0,0.001598632192827687,20.07291823199931,0.00029146328474488614,0.0009122749783986306,10.031932556548279,9.992698017277823
12.90999999999977,0,0.0015986321928137537,20.072918231999303,0.00029146328476525873,0.0009122749784043482,10.03193255654827,9.99269801727782
12.919999999999769,0,0.0015986321928240232,20.072918231999306,0.00029146328475337935,0.0009122749784095663,10.031932556548266,9.992698017277807
12.929999999999769,0,0.001598632192818028,20.072918231999317,0.00029146328474899397,0.000912274978415395,10.031932556548266,9.992698017277803
12.939999999999769,0,0.0015986321928147529,20.07291823199931,0.00029146328475726513,0.0009122749784014617,10.031932556548274,9.992698017277803
12.949999999999768,0,0.0015986321928195824,20.072918231999306,0.000291463284759097,0.0009122749783999629,10.031932556548274,9.992698017277812
12.959999999999768,0,0.0015986321928205816,20.072918231999314,0.00029146328476492567,0.0009122749784156725,10.03193255654827,9.992698017277807
12.969999999999768,0,0.0015986321928208591,20.07291823199931,0.0002914632847537679,0.0009122749784002404,10.031932556548275,9.992698017277824
12.979999999999768,0,0.0015986321928156966,20.072918231999314,0.0002914632847511589,0.0009122749784042927,10.031932556548268,9.992698017277812
12.989999999999768,0,0.0015986321928116443,20.072918231999303,0.0002914632847492715,0.0009122749784097328,10.031932556548268,9.992698017277814
12.999999999999767,0,0.0015986321928059821,20.07291823199929,0.0002914632847580978,0.0009122749784101214,10.03193255654827,9.992698017277807
13.009999999999767,0,0.001598632192825744,20.07291823199931,0.00029146328475432304,0.0009122749783945228,10.031932556548272,9.992698017277844
13.019999999999767,0,0.0015986321928133096,20.072918231999306,0.00029146328476281624,0.0009122749783819217,10.031932556548277,9.992698017277835
13.029999999999767,0,0.0015986321928110891,20.07291823199931,0.00029146328474494165,0.0009122749783969653,10.03193255654827,9.992698017277826
13.039999999999766,0,0.0015986321928090907,20.07291823199931,0.0002914632847481058,0.0009122749783996853,10.031932556548268,9.992698017277823
13.049999999999766,0,0.001598632192827576,20.072918231999317,0.0002914632847626497,0.0009122749784051254,10.031932556548266,9.992698017277807
13.059999999999766,0,0.001598632192815752,20.072918231999317,0.00029146328476242767,0.0009122749784040707,10.031932556548272,9.992698017277808
13.069999999999766,0,0.0015986321928190272,20.072918231999296,0.00029146328475343486,0.0009122749784132855,10.031932556548274,9.9926980172778
13.079999999999766,0,0.0015986321928227465,20.0729182319993,0.00029146328475981864,0.0009122749783812556,10.03193255654827,9.992698017277833
13.089999999999765,0,0.0015986321928200264,20.072918231999303,0.0002914632847551002,0.0009122749784066797,10.03193255654827,9.9926980172778
13.099999999999765,0,0.0015986321928062597,20.0729182319993,0.0002914632847450527,0.000912274978400518,10.031932556548274,9.992698017277817
13.109999999999765,0,0.0015986321928235236,20.072918231999285,0.0002914632847604848,0.00091227497841323,10.031932556548274,9.992698017277805
13.119999999999765,0,0.0015986321928217473,20.072918231999317,0.0002914632847547671,0.0009122749784052364,10.031932556548274,9.992698017277817
13.129999999999765,0,0.0015986321928095903,20.072918231999303,0.00029146328475199157,0.0009122749784038486,10.03193255654827,9.992698017277823
13.139999999999764,0,0.001598632192800098,20.072918231999317,0.0002914632847610399,0.0009122749783986306,10.031932556548268,9.99269801727781
13.149999999999764,0,0.001598632192813143,20.07291823199929,0.0002914632847596521,0.0009122749784121753,10.031932556548263,9.99269801727779
13.159999999999764,0,0.0015986321928145864,20.07291823199931,0.00029146328474449756,0.0009122749783999629,10.031932556548274,9.992698017277814
13.169999999999764,0,0.0015986321928238012,20.0729182319993,0.00029146328474949357,0.0009122749784089002,10.03193255654827,9.992698017277808
13.179999999999763,0,0.001598632192825078,20.07291823199932,0.000291463284746718,0.0009122749784012951,10.031932556548272,9.992698017277807
13.189999999999763,0,0.0015986321928246894,20.072918231999303,0.0002914632847497156,0.0009122749784142847,10.03193255654827,9.99269801727781
13.199999999999763,0,0.001598632192807703,20.0729182319993,0.0002914632847561549,0.0009122749784047923,10.031932556548274,9.992698017277817
13.209999999999763,0,0.001598632192820415,20.072918231999306,0.0002914632847487164,0.0009122749784094553,10.031932556548272,9.992698017277805
13.219999999999763,0,0.0015986321928087577,20.07291823199927,0.0002914632847476617,0.0009122749784082895,10.031932556548274,9.992698017277812
13.229999999999762,0,0.0015986321928209146,20.072918231999303,0.00029146328474882743,0.0009122749783923578,10.031932556548277,9.992698017277824
13.239999999999762,0,0.0015986321928100344,20.072918231999317,0.00029146328476081784,0.0009122749783974093,10.031932556548265,9.992698017277823
13.249999999999762,0,0.0015986321928135871,20.07291823199931,0.0002914632847635934,0.000912274978400518,10.031932556548277,9.992698017277826
13.259999999999762,0,0.001598632192820748,20.07291823199931,0.0002914632847497156,0.0009122749783972428,10.031932556548265,9.992698017277814
13.269999999999762,0,0.0015986321928243563,20.07291823199931,0.00029146328475299077,0.0009122749784027384,10.03193255654827,9.992698017277812
13.279999999999761,0,0.001598632192815641,20.072918231999296,0.0002914632847520471,0.000912274978408234,10.031932556548274,9.992698017277807
13.289999999999761,0,0.0015986321928107006,20.072918231999303,0.00029146328476187255,0.0009122749784253315,10.031932556548268,9.992698017277789
13.299999999999761,0,0.001598632192815086,20.07291823199931,0.0002914632847420551,0.0009122749783862516,10.03193255654827,9.992698017277839
13.30999999999976,0,0.0015986321928112002,20.072918231999303,0.00029146328474993766,0.0009122749783977979,10.03193255654827,9.99269801727782
13.31999999999976,0,0.001598632192802374,20.072918231999303,0.0002914632847447751,0.000912274978407901,10.031932556548266,9.992698017277796
13.32999999999976,0,0.0015986321928220804,20.072918231999324,0.00029146328474105587,0.0009122749784015172,10.031932556548268,9.992698017277819
13.33999999999976,0,0.0015986321928084246,20.072918231999317,0.0002914632847636489,0.0009122749784070128,10.031932556548274,9.992698017277807
13.34999999999976,0,0.001598632192810534,20.07291823199931,0.000291463284754212,0.0009122749784014617,10.031932556548277,9.992698017277817
13.35999999999976,0,0.001598632192812588,20.07291823199932,0.0002914632847595966,0.0009122749784091222,10.031932556548272,9.992698017277803
13.36999999999976,0,0.001598632192813365,20.072918231999285,0.00029146328473844685,0.0009122749783980755,10.031932556548265,9.992698017277826
13.37999999999976,0,0.0015986321928046499,20.072918231999306,0.00029146328474533023,0.0009122749784079565,10.031932556548263,9.992698017277807
13.389999999999759,0,0.0015986321928110891,20.072918231999328,0.00029146328475393446,0.0009122749783940232,10.031932556548268,9.992698017277826
13.399999999999759,0,0.0015986321928222469,20.072918231999317,0.00029146328476487016,0.0009122749784064577,10.031932556548263,9.99269801727782
13.409999999999759,0,0.0015986321928115332,20.07291823199934,0.0002914632847481613,0.0009122749784118978,10.031932556548261,9.99269801727781
13.419999999999758,0,0.0015986321928112557,20.0729182319993,0.00029146328475637695,0.0009122749783930795,10.031932556548272,9.992698017277812
13.429999999999758,0,0.0015986321928033176,20.0729182319993,0.0002914632847427767,0.0009122749783943562,10.031932556548266,9.992698017277823
13.439999999999758,0,0.0015986321928072589,20.072918231999317,0.000291463284746718,0.0009122749783945783,10.03193255654827,9.99269801727782
13.449999999999758,0,0.0015986321928186387,20.072918231999306,0.000291463284759097,0.0009122749783981865,10.031932556548275,9.992698017277828
13.459999999999757,0,0.0015986321928184721,20.072918231999314,0.00029146328474582983,0.0009122749783991857,10.031932556548272,9.992698017277812
13.469999999999757,0,0.001598632192809868,20.07291823199931,0.0002914632847585974,0.0009122749784111206,10.03193255654827,9.992698017277805
13.479999999999757,0,0.001598632192805871,20.072918231999314,0.00029146328476276073,0.0009122749783945228,10.03193255654827,9.992698017277826
13.489999999999757,0,0.0015986321928170844,20.072918231999285,0.00029146328474788374,0.0009122749783934125,10.031932556548279,9.992698017277823
13.499999999999757,0,0.0015986321928189717,20.072918231999303,0.00029146328475826433,0.0009122749783874728,10.031932556548268,9.992698017277835
13.509999999999756,0,0.0015986321928265768,20.072918231999324,0.00029146328477136496,0.0009122749783965767,10.031932556548274,9.992698017277819
13.519999999999756,0,0.001598632192822358,20.072918231999292,0.0002914632847735299,0.0009122749783966877,10.03193255654827,9.992698017277826
13.529999999999756,0,0.0015986321928145864,20.072918231999306,0.0002914632847610954,0.0009122749784026829,10.03193255654827,9.99269801727782
13.539999999999756,0,0.00159863219281553,20.072918231999296,0.00029146328475493366,0.0009122749784208906,10.03193255654827,9.992698017277805
13.549999999999756,0,0.0015986321928193603,20.07291823199931,0.00029146328475282424,0.0009122749784029605,10.031932556548274,9.992698017277814
13.559999999999755,0,0.001598632192808369,20.072918231999324,0.0002914632847446641,0.0009122749784003514,10.03193255654827,9.992698017277824
13.569999999999755,0,0.001598632192813143,20.072918231999306,0.00029146328474149996,0.0009122749784022388,10.031932556548265,9.992698017277803
13.579999999999755,0,0.0015986321928181946,20.072918231999303,0.0002914632847701992,0.0009122749784054585,10.031932556548266,9.992698017277798
13.589999999999755,0,0.0015986321928170844,20.072918231999296,0.00029146328476076233,0.0009122749784069017,10.031932556548272,9.99269801727782
0.0,0,-1.6653345369377348e-16,20.0,0.0,-5.551115123125783e-17,10.0,10.0
0.01,0,0.001564017864867373,20.07247106047149,0.0002807396893886871,0.0008808587238837151,10.031704974411635,9.992786784703501
0.02,0,0.0016756716846726416,20.073362291949586,0.00029740765830471583,0.0009620721110508157,10.032169169899245,9.992648191815203
0.03,0,0.0016074871408488511,20.072927860116636,0.00029255694529078946,0.0009172299666744821,10.031937534082992,9.992697496208118
0.04,0,0.001595606898550539,20.07291533748935,0.0002913904064402728,0.0009105762294520647,10.031930980380277,9.992698335014447
0.05,0,0.0015979220802833094,20.07291812104294,0.00029140805740196507,0.0009119113865743156,10.031932504736965,9.992698002502026
0.060000000000000005,0,0.0015987133824308941,20.072918250480612,0.0002914609846947358,0.0009123180913705453,10.031932567750852,9.99269801388704
0.07,0,0.001598673860982891,20.072918233133173,0.00029146562040771595,0.0009122955499359375,10.031932556905584,9.992698018311374
0.08,0,0.001598632118227361,20.07291823188697,0.0002914636055577624,0.0009122748679165071,10.031932556409402,9.992698017450568
0.09,0,0.0015986301832791594,20.072918231985195,0.00029146320455031294,0.0009122740030592658,10.031932556545271,9.992698017239366
0.09999999999999999,0,0.0015986320115223274,20.07291823199956,0.0002914632625813929,0.0009122748938278358,10.031932556552432,9.992698017266758
0.10999999999999999,0,0.0015986322726874724,20.07291823199961,0.0002914632865368416,0.000912275016930808,10.031932556548574,9.992698017278673
0.11999999999999998,0,0.001598632208874018,20.072918231999335,0.0002914632859454258,0.0009122749859750701,10.031932556548117,9.99269801727841
0.12999999999999998,0,0.0015986321904690737,20.0729182319993,0.0002914632847660914,0.0009122749772595973,10.031932556548247,9.99269801727784
0.13999999999999999,0,0.0015986321918191049,20.072918231999328,0.0002914632846924281,0.0009122749779320038,10.031932556548274,9.992698017277789
0.15,0,0.0015986321928482816,20.072918231999296,0.0002914632847512144,0.0009122749784186701,10.031932556548274,9.992698017277805
0.16,0,0.001598632192862215,20.072918231999292,0.00029146328475593286,0.0009122749784209461,10.031932556548277,9.992698017277824
0.17,0,0.0015986321928191938,20.072918231999303,0.000291463284749105,0.0009122749783965767,10.03193255654827,9.992698017277814
0.18000000000000002,0,0.0015986321928093683,20.0729182319993,0.0002914632847574872,0.0009122749784110096,10.031932556548274,9.992698017277803
0.19000000000000003,0,0.0015986321928188052,20.072918231999314,0.0002914632847540455,0.0009122749784047923,10.031932556548274,9.992698017277819
0.20000000000000004,0,0.0015986321928240788,20.072918231999292,0.0002914632847640375,0.0009122749784010731,10.03193255654827,9.992698017277824
0.21000000000000005,0,0.0015986321928191938,20.072918231999296,0.0002914632847471066,0.0009122749783917472,10.031932556548274,9.992698017277831
0.22000000000000006,0,0.0015986321928164737,20.072918231999303,0.00029146328474699557,0.000912274978398242,10.031932556548277,9.992698017277824
0.23000000000000007,0,0.0015986321928174174,20.072918231999285,0.0002914632847526022,0.0009122749783981865,10.031932556548274,9.992698017277801
0.24000000000000007,0,0.0015986321928174174,20.072918231999292,0.00029146328475132544,0.0009122749784167272,10.03193255654827,9.9926980172778
0.25000000000000006,0,0.0015986321928093128,20.072918231999296,0.00029146328476625794,0.0009122749784047368,10.031932556548263,9.99269801727781
0.26000000000000006,0,0.001598632192830074,20.072918231999303,0.00029146328475082584,0.0009122749784096218,10.03193255654827,9.99269801727781
0.2700000000000001,0,0.001598632192799987,20.072918231999292,0.00029146328475548877,0.000912274978403349,10.031932556548272,9.992698017277817
0.2800000000000001,0,0.001598632192798377,20.072918231999306,0.0002914632847431098,0.0009122749784092887,10.031932556548272,9.9926980172778
0.2900000000000001,0,0.0015986321928225244,20.072918231999292,0.00029146328474005667,0.0009122749783945228,10.031932556548272,9.992698017277831
0.3000000000000001,0,0.001598632192825411,20.072918231999303,0.00029146328474799477,0.0009122749784036266,10.03193255654827,9.992698017277801
0.3100000000000001,0,0.0015986321928071479,20.072918231999292,0.0002914632847500487,0.0009122749784072903,10.031932556548275,9.992698017277824
0.3200000000000001,0,0.001598632192808258,20.072918231999317,0.00029146328475398997,0.0009122749784133966,10.031932556548274,9.992698017277805
0.3300000000000001,0,0.001598632192827465,20.07291823199933,0.0002914632847580423,0.00091227497840074,10.031932556548277,9.992698017277815
0.34000000000000014,0,0.001598632192817584,20.072918231999306,0.0002914632847432763,0.000912274978405625,10.031932556548272,9.992698017277823
0.35000000000000014,0,0.0015986321928175284,20.07291823199931,0.00029146328477036576,0.0009122749784198358,10.03193255654827,9.992698017277803
0.36000000000000015,0,0.0015986321928172509,20.072918231999317,0.00029146328474533023,0.0009122749784064577,10.03193255654827,9.992698017277808
0.37000000000000016,0,0.0015986321928094793,20.072918231999303,0.0002914632847587084,0.0009122749784041262,10.031932556548268,9.992698017277814
0.38000000000000017,0,0.0015986321928103675,20.072918231999303,0.00029146328475537775,0.0009122749783985751,10.03193255654827,9.992698017277812
0.3900000000000002,0,0.0015986321928139202,20.07291823199931,0.0002914632847579868,0.00091227497841051,10.031932556548272,9.992698017277807
0.4000000000000002,0,0.0015986321928059266,20.072918231999303,0.0002914632847501042,0.0009122749784015727,10.031932556548272,9.99269801727781
0.4100000000000002,0,0.001598632192809868,20.07291823199931,0.0002914632847590415,0.0009122749783964101,10.031932556548274,9.992698017277817
0.4200000000000002,0,0.0015986321928044278,20.072918231999292,0.00029146328475343486,0.0009122749784002959,10.03193255654827,9.992698017277812
0.4300000000000002,0,0.0015986321928107006,20.072918231999306,0.00029146328475387895,0.0009122749784118978,10.03193255654827,9.9926980172778
0.4400000000000002,0,0.001598632192830185,20.07291823199931,0.0002914632847595411,0.0009122749783960771,10.031932556548266,9.992698017277814
0.45000000000000023,0,0.0015986321928184721,20.07291823199929,0.00029146328476092886,0.0009122749784140627,10.031932556548274,9.9926980172778
0.46000000000000024,0,0.0015986321928131986,20.072918231999303,0.00029146328474732863,0.0009122749784036266,10.031932556548266,9.992698017277814
0.47000000000000025,0,0.00159863219280737,20.072918231999292,0.00029146328476031824,0.0009122749784010731,10.031932556548275,9.992698017277817
0.48000000000000026,0,0.001598632192820415,20.072918231999303,0.00029146328475726513,0.0009122749784111761,10.031932556548266,9.992698017277812
0.49000000000000027,0,0.0015986321928072034,20.072918231999292,0.00029146328474199956,0.0009122749784134521,10.031932556548268,9.992698017277792
0.5000000000000002,0,0.0015986321928262992,20.072918231999317,0.00029146328475548877,0.0009122749784034045,10.031932556548275,9.992698017277824
0.5100000000000002,0,0.0015986321928072034,20.072918231999292,0.0002914632847605958,0.0009122749783956885,10.031932556548277,9.992698017277824
0.5200000000000002,0,0.0015986321928012637,20.07291823199931,0.0002914632847582088,0.0009122749784167827,10.031932556548265,9.992698017277803
0.5300000000000002,0,0.0015986321928188052,20.072918231999296,0.0002914632847477727,0.0009122749784074569,10.031932556548266,9.992698017277815
0.5400000000000003,0,0.0015986321928214142,20.072918231999296,0.0002914632847467735,0.0009122749784054585,10.031932556548272,9.992698017277803
0.5500000000000003,0,0.0015986321928217473,20.072918231999314,0.00029146328475937455,0.0009122749784200024,10.031932556548266,9.992698017277798
0.5600000000000003,0,0.0015986321928214142,20.0729182319993,0.0002914632847402232,0.0009122749784002404,10.031932556548272,9.992698017277814
0.5700000000000003,0,0.0015986321928183056,20.07291823199931,0.000291463284759208,0.0009122749784158946,10.031932556548263,9.992698017277805
0.5800000000000003,0,0.0015986321928236902,20.07291823199931,0.0002914632847361709,0.0009122749784003514,10.031932556548272,9.99269801727781
0.5900000000000003,0,0.0015986321928134761,20.07291823199931,0.00029146328475293526,0.0009122749784067352,10.031932556548265,9.992698017277792
0.6000000000000003,0,0.0015986321928189162,20.072918231999303,0.000291463284756599,0.0009122749783934125,10.031932556548272,9.992698017277826
0.6100000000000003,0,0.0015986321928218583,20.07291823199928,0.00029146328475976313,0.0009122749784041817,10.031932556548266,9.992698017277824
0.6200000000000003,0,0.0015986321928204705,20.07291823199931,0.000291463284746718,0.0009122749784000184,10.031932556548275,9.992698017277819
0.6300000000000003,0,0.001598632192807925,20.072918231999314,0.0002914632847462739,0.0009122749783992967,10.031932556548272,9.99269801727782
0.6400000000000003,0,0.0015986321928190272,20.072918231999303,0.00029146328476031824,0.000912274978403127,10.031932556548265,9.992698017277807
0.6500000000000004,0,0.001598632192822469,20.072918231999303,0.0002914632847527132,0.0009122749784010176,10.031932556548266,9.992698017277828
0.6600000000000004,0,0.001598632192814975,20.072918231999314,0.0002914632847687004,0.0009122749784152839,10.031932556548268,9.99269801727781
0.6700000000000004,0,0.0015986321928370129,20.0729182319993,0.0002914632847446086,0.0009122749784043482,10.03193255654827,9.992698017277814
0.6800000000000004,0,0.0015986321928233571,20.072918231999314,0.000291463284754212,0.0009122749784280515,10.03193255654827,9.99269801727779
0.6900000000000004,0,0.0015986321927897174,20.072918231999303,0.000291463284746718,0.000912274978425609,10.03193255654827,9.992698017277784
0.7000000000000004,0,0.0015986321928162517,20.0729182319993,0.00029146328475132544,0.0009122749784123974,10.03193255654827,9.992698017277803
0.7100000000000004,0,0.0015986321928010416,20.07291823199928,0.00029146328475576633,0.0009122749784076234,10.031932556548272,9.992698017277823
0.7200000000000004,0,0.0015986321928215252,20.07291823199931,0.0002914632847451082,0.0009122749784086781,10.031932556548272,9.9926980172778
0.7300000000000004,0,0.0015986321928109226,20.072918231999306,0.0002914632847530463,0.0009122749784034601,10.03193255654827,9.992698017277807
0.7400000000000004,0,0.0015986321928193603,20.072918231999303,0.00029146328475437855,0.0009122749783967432,10.031932556548274,9.992698017277817
0.7500000000000004,0,0.0015986321928247449,20.0729182319993,0.00029146328474838334,0.0009122749783895823,10.031932556548274,9.992698017277824
0.7600000000000005,0,0.0015986321928194158,20.072918231999306,0.0002914632847625387,0.0009122749783861961,10.031932556548279,9.992698017277828
0.7700000000000005,0,0.001598632192815863,20.072918231999303,0.0002914632847546006,0.0009122749783974649,10.031932556548268,9.992698017277824
0.7800000000000005,0,0.0015986321928140312,20.072918231999306,0.00029146328476187255,0.0009122749784084561,10.03193255654827,9.992698017277826
0.7900000000000005,0,0.0015986321928218583,20.0729182319993,0.0002914632847705323,0.000912274978413341,10.031932556548277,9.992698017277789
0.8000000000000005,0,0.0015986321928196379,20.07291823199931,0.000291463284744109,0.000912274978395633,10.031932556548274,9.992698017277824
0.8100000000000005,0,0.0015986321928199154,20.072918231999303,0.0002914632847470511,0.000912274978398242,10.031932556548263,9.992698017277819
0.8200000000000005,0,0.0015986321928087022,20.072918231999306,0.0002914632847471066,0.0009122749784048478,10.031932556548274,9.99269801727781
0.8300000000000005,0,0.001598632192825633,20.072918231999324,0.00029146328474094485,0.0009122749784150064,10.031932556548263,9.992698017277801
0.8400000000000005,0,0.0015986321928208591,20.072918231999306,0.0002914632847312304,0.0009122749783985196,10.031932556548272,9.99269801727782
0.8500000000000005,0,0.0015986321928083136,20.072918231999296,0.00029146328475526673,0.0009122749784061246,10.031932556548274,9.99269801727782
0.8600000000000005,0,0.0015986321928143643,20.07291823199929,0.0002914632847460519,0.0009122749784160056,10.031932556548268,9.992698017277808
0.8700000000000006,0,0.0015986321928143643,20.072918231999314,0.00029146328475282424,0.0009122749784087891,10.031932556548266,9.992698017277807
0.8800000000000006,0,0.0015986321928184721,20.072918231999303,0.0002914632847511034,0.0009122749783966322,10.031932556548268,9.992698017277814
0.8900000000000006,0,0.001598632192813032,20.072918231999292,0.00029146328475448957,0.0009122749784094553,10.031932556548265,9.992698017277792
0.9000000000000006,0,0.001598632192835181,20.0729182319993,0.00029146328474943806,0.0009122749783952999,10.031932556548272,9.992698017277846
0.9100000000000006,0,0.001598632192812588,20.072918231999303,0.00029146328476081784,0.0009122749784146178,10.03193255654827,9.992698017277814
0.9200000000000006,0,0.0015986321928205816,20.072918231999306,0.00029146328475088135,0.0009122749783945783,10.031932556548266,9.99269801727782
0.9300000000000006,0,0.0015986321928053715,20.072918231999292,0.0002914632847432763,0.0009122749784121198,10.031932556548279,9.992698017277807
0.9400000000000006,0,0.0015986321928173064,20.072918231999306,0.0002914632847511589,0.0009122749784013506,10.031932556548277,9.992698017277803
0.9500000000000006,0,0.0015986321928001535,20.072918231999292,0.0002914632847546006,0.000912274978415395,10.031932556548265,9.992698017277807
0.9600000000000006,0,0.001598632192825078,20.072918231999296,0.0002914632847609844,0.0009122749784039597,10.031932556548275,9.99269801727781
0.9700000000000006,0,0.0015986321928226355,20.072918231999314,0.00029146328477175354,0.0009122749784087336,10.031932556548274,9.992698017277805
0.9800000000000006,0,0.0015986321928255776,20.07291823199931,0.0002914632847532683,0.0009122749783912476,10.03193255654827,9.992698017277826
0.9900000000000007,0,0.0015986321928271319,20.0729182319993,0.00029146328474838334,0.0009122749784026274,10.031932556548265,9.992698017277815
1.0000000000000007,0,0.0015986321928235792,20.07291823199931,0.00029146328475149197,0.0009122749784036266,10.03193255654827,9.992698017277812
1.0100000000000007,0,0.0015986321928186942,20.072918231999296,0.00029146328475693206,0.0009122749783951334,10.03193255654827,9.992698017277814
1.0200000000000007,0,0.0015986321928233016,20.072918231999292,0.0002914632847604848,0.0009122749783993522,10.031932556548277,9.992698017277819
1.0300000000000007,0,0.0015986321928239677,20.07291823199931,0.00029146328475349037,0.0009122749784015172,10.031932556548272,9.99269801727781
1.0400000000000007,0,0.001598632192813143,20.072918231999303,0.0002914632847506593,0.0009122749784095108,10.031932556548275,9.992698017277801
1.0500000000000007,0,0.0015986321928240232,20.072918231999303,0.0002914632847535459,0.0009122749783853634,10.03193255654827,9.992698017277833
1.0600000000000007,0,0.0015986321928239677,20.072918231999303,0.0002914632847501042,0.0009122749784049589,10.031932556548274,9.992698017277824
1.0700000000000007,0,0.0015986321928170844,20.07291823199931,0.0002914632847426657,0.0009122749783991857,10.031932556548266,9.992698017277819
1.0800000000000007,0,0.0015986321928175284,20.07291823199931,0.00029146328476592487,0.0009122749784002959,10.031932556548266,9.992698017277814
1.0900000000000007,0,0.0015986321928193048,20.072918231999317,0.0002914632847585419,0.0009122749784147288,10.03193255654827,9.992698017277796
1.1000000000000008,0,0.001598632192815197,20.072918231999296,0.00029146328477080985,0.0009122749784061801,10.031932556548266,9.992698017277814
1.1100000000000008,0,0.0015986321928134761,20.072918231999296,0.0002914632847477172,0.0009122749783966322,10.031932556548265,9.992698017277808
1.1200000000000008,0,0.0015986321928164737,20.072918231999303,0.0002914632847595411,0.0009122749784187811,10.03193255654827,9.992698017277798
1.1300000000000008,0,0.0015986321928183056,20.07291823199931,0.00029146328475743166,0.0009122749784009621,10.03193255654827,9.992698017277803
1.1400000000000008,0,0.0015986321928238012,20.072918231999306,0.0002914632847497156,0.0009122749784074569,10.031932556548266,9.992698017277798
1.1500000000000008,0,0.0015986321928179725,20.07291823199931,0.0002914632847467735,0.0009122749783962991,10.031932556548279,9.99269801727782
1.1600000000000008,0,0.00159863219281281,20.072918231999314,0.0002914632847421661,0.0009122749784075679,10.03193255654827,9.992698017277808
1.1700000000000008,0,0.0015986321928251335,20.072918231999306,0.0002914632847622056,0.0009122749784092887,10.031932556548266,9.992698017277807
1.1800000000000008,0,0.0015986321928240788,20.072918231999314,0.00029146328475088135,0.0009122749783906925,10.031932556548277,9.992698017277828
1.1900000000000008,0,0.001598632192827465,20.072918231999306,0.00029146328474422,0.0009122749783961881,10.03193255654827,9.992698017277815
1.2000000000000008,0,0.0015986321928237457,20.072918231999317,0.0002914632847491605,0.0009122749783975204,10.031932556548268,9.992698017277815
1.2100000000000009,0,0.0015986321928168068,20.07291823199929,0.0002914632847570986,0.0009122749784118422,10.031932556548275,9.992698017277807
1.2200000000000009,0,0.0015986321928252445,20.072918231999303,0.00029146328475981864,0.0009122749784099549,10.03193255654827,9.992698017277814
1.2300000000000009,0,0.0015986321928200264,20.072918231999317,0.00029146328475543326,0.0009122749784097883,10.03193255654827,9.992698017277819
1.2400000000000009,0,0.0015986321928174174,20.072918231999303,0.0002914632847555998,0.0009122749784122308,10.031932556548266,9.992698017277817
1.2500000000000009,0,0.0015986321928219138,20.0729182319993,0.00029146328474732863,0.0009122749783994633,10.031932556548279,9.992698017277814
1.260000000000001,0,0.001598632192813254,20.072918231999285,0.0002914632847547116,0.0009122749784091777,10.03193255654827,9.992698017277814
1.270000000000001,0,0.0015986321928213587,20.072918231999303,0.0002914632847650367,0.0009122749783995743,10.031932556548277,9.992698017277812
1.280000000000001,0,0.0015986321928267433,20.07291823199931,0.00029146328474943806,0.0009122749784077899,10.031932556548277,9.992698017277807
1.290000000000001,0,0.0015986321928170844,20.07291823199932,0.0002914632847496046,0.0009122749783989637,10.031932556548279,9.992698017277814
1.300000000000001,0,0.0015986321928156966,20.072918231999303,0.0002914632847604848,0.0009122749784150064,10.031932556548272,9.99269801727779
1.310000000000001,0,0.0015986321928219693,20.072918231999306,0.0002914632847651477,0.0009122749783967432,10.031932556548274,9.992698017277819
1.320000000000001,0,0.001598632192802485,20.072918231999317,0.00029146328475582184,0.0009122749784148398,10.03193255654827,9.992698017277796
1.330000000000001,0,0.0015986321928220804,20.072918231999303,0.00029146328474849437,0.0009122749783927464,10.031932556548266,9.992698017277824
1.340000000000001,0,0.0015986321928340708,20.072918231999303,0.0002914632847632048,0.0009122749784052919,10.031932556548274,9.99269801727781
1.350000000000001,0,0.0015986321928131986,20.072918231999303,0.0002914632847552112,0.0009122749784010176,10.031932556548274,9.992698017277831
1.360000000000001,0,0.0015986321928072034,20.07291823199931,0.0002914632847634824,0.0009122749784188922,10.031932556548265,9.992698017277794
1.370000000000001,0,0.0015986321928193603,20.072918231999303,0.0002914632847565435,0.0009122749784143958,10.031932556548274,9.99269801727781
1.380000000000001,0,0.0015986321928217473,20.072918231999296,0.00029146328474988215,0.0009122749783960216,10.031932556548268,9.992698017277824
1.390000000000001,0,0.0015986321928115887,20.072918231999324,0.0002914632847699772,0.0009122749783889161,10.031932556548266,9.99269801727783
1.400000000000001,0,0.0015986321928121439,20.072918231999306,0.0002914632847520471,0.0009122749783922468,10.031932556548272,9.99269801727782
1.410000000000001,0,0.0015986321928205816,20.072918231999292,0.00029146328474449756,0.0009122749784021833,10.031932556548274,9.992698017277828
1.420000000000001,0,0.0015986321928220248,20.072918231999296,0.0002914632847462739,0.0009122749784137296,10.031932556548274,9.992698017277807
1.430000000000001,0,0.001598632192812699,20.072918231999317,0.0002914632847411114,0.0009122749784041262,10.031932556548275,9.99269801727782
1.440000000000001,0,0.0015986321928160296,20.072918231999303,0.00029146328475726513,0.0009122749784192252,10.031932556548274,9.992698017277792
1.450000000000001,0,0.001598632192810534,20.072918231999296,0.0002914632847532128,0.0009122749784055695,10.031932556548266,9.992698017277812
1.460000000000001,0,0.0015986321928151415,20.07291823199932,0.0002914632847545451,0.0009122749784228334,10.031932556548274,9.992698017277796
1.470000000000001,0,0.0015986321928116998,20.0729182319993,0.0002914632847542675,0.000912274978405403,10.031932556548266,9.992698017277807
1.480000000000001,0,0.001598632192797378,20.07291823199931,0.00029146328474699557,0.0009122749784040707,10.031932556548266,9.992698017277808
1.490000000000001,0,0.00159863219281825,20.07291823199931,0.0002914632847612064,0.0009122749784112316,10.03193255654827,9.99269801727779
1.500000000000001,0,0.0015986321928115887,20.0729182319993,0.0002914632847472176,0.0009122749783950779,10.031932556548274,9.992698017277824
1.5100000000000011,0,0.0015986321928210256,20.07291823199931,0.00029146328474249916,0.0009122749784003514,10.031932556548277,9.99269801727782
1.5200000000000011,0,0.0015986321928126435,20.0729182319993,0.0002914632847276777,0.0009122749784001849,10.031932556548266,9.992698017277812
1.5300000000000011,0,0.0015986321928146419,20.07291823199931,0.0002914632847476617,0.0009122749784046813,10.03193255654827,9.99269801727781
1.5400000000000011,0,0.001598632192817917,20.072918231999317,0.00029146328476226113,0.0009122749784123974,10.03193255654826,9.9926980172778
1.5500000000000012,0,0.0015986321928134206,20.0729182319993,0.00029146328475743166,0.0009122749784035156,10.031932556548266,9.992698017277826
1.5600000000000012,0,0.001598632192820082,20.072918231999306,0.00029146328476586936,0.000912274978403016,10.031932556548268,9.992698017277824
1.5700000000000012,0,0.0015986321928045388,20.072918231999306,0.00029146328474649597,0.0009122749784052919,10.03193255654827,9.992698017277815
1.5800000000000012,0,0.001598632192812366,20.072918231999314,0.00029146328475493366,0.0009122749784135076,10.031932556548266,9.992698017277807
1.5900000000000012,0,0.0015986321928168068,20.072918231999296,0.00029146328474793926,0.0009122749784087336,10.031932556548277,9.9926980172778
1.6000000000000012,0,0.001598632192817473,20.072918231999303,0.0002914632847522136,0.0009122749784113426,10.03193255654827,9.99269801727782
1.6100000000000012,0,0.0015986321928060931,20.072918231999306,0.0002914632847441645,0.0009122749784025164,10.03193255654827,9.992698017277817
1.6200000000000012,0,0.0015986321928048164,20.072918231999314,0.0002914632847579868,0.0009122749784050144,10.031932556548266,9.992698017277808
1.6300000000000012,0,0.0015986321928258551,20.072918231999306,0.0002914632847466625,0.0009122749784090112,10.03193255654827,9.992698017277801
1.6400000000000012,0,0.0015986321928114222,20.072918231999296,0.0002914632847610954,0.0009122749784162831,10.031932556548274,9.992698017277805
1.6500000000000012,0,0.0015986321928078695,20.07291823199928,0.00029146328474083383,0.0009122749783911366,10.031932556548274,9.992698017277837
1.6600000000000013,0,0.0015986321928094238,20.0729182319993,0.00029146328475232464,0.0009122749784077899,10.031932556548268,9.992698017277807
1.6700000000000013,0,0.001598632192812366,20.07291823199931,0.0002914632847412779,0.0009122749783936346,10.03193255654827,9.992698017277817
1.6800000000000013,0,0.001598632192810201,20.07291823199929,0.0002914632847624832,0.0009122749783977424,10.03193255654827,9.992698017277815
1.6900000000000013,0,0.0015986321928197489,20.072918231999285,0.0002914632847396681,0.0009122749783997963,10.031932556548274,9.992698017277812
1.7000000000000013,0,0.0015986321928109226,20.07291823199931,0.0002914632847527687,0.0009122749784146178,10.03193255654827,9.992698017277792
1.7100000000000013,0,0.0015986321928062597,20.072918231999296,0.00029146328476276073,0.0009122749784073458,10.03193255654827,9.992698017277824
1.7200000000000013,0,0.0015986321928211367,20.072918231999296,0.00029146328475587735,0.0009122749784009065,10.031932556548274,9.992698017277808
1.7300000000000013,0,0.0015986321928026515,20.072918231999303,0.0002914632847582088,0.000912274978413119,10.031932556548266,9.99269801727781
1.7400000000000013,0,0.0015986321928153635,20.072918231999296,0.0002914632847576537,0.00091227497841323,10.031932556548265,9.992698017277792
1.7500000000000013,0,0.0015986321928185276,20.072918231999314,0.0002914632847297316,0.0009122749783915252,10.031932556548274,9.992698017277824
1.7600000000000013,0,0.0015986321928220248,20.072918231999303,0.00029146328475843086,0.0009122749784037376,10.031932556548274,9.992698017277817
1.7700000000000014,0,0.0015986321928253,20.07291823199931,0.00029146328475981864,0.0009122749784117867,10.031932556548275,9.992698017277803
1.7800000000000014,0,0.0015986321928050384,20.072918231999296,0.0002914632847599852,0.0009122749783949113,10.031932556548268,9.992698017277824
1.7900000000000014,0,0.0015986321928143643,20.07291823199931,0.0002914632847461074,0.0009122749784047923,10.031932556548266,9.992698017277805
1.8000000000000014,0,0.0015986321928174174,20.07291823199931,0.00029146328476631345,0.0009122749784157835,10.031932556548274,9.992698017277796
1.8100000000000014,0,0.0015986321928227465,20.072918231999296,0.00029146328475737615,0.0009122749783971318,10.031932556548277,9.992698017277823
1.8200000000000014,0,0.0015986321928340153,20.07291823199932,0.0002914632847537124,0.0009122749784002959,10.031932556548272,9.99269801727782
1.8300000000000014,0,0.001598632192813365,20.072918231999314,0.0002914632847506038,0.000912274978400851,10.031932556548272,9.992698017277817
1.8400000000000014,0,0.0015986321928143643,20.072918231999296,0.0002914632847485499,0.0009122749784013506,10.031932556548268,9.992698017277812
1.8500000000000014,0,0.0015986321928047609,20.072918231999296,0.0002914632847560994,0.0009122749784138962,10.031932556548274,9.992698017277798
1.8600000000000014,0,0.0015986321928219138,20.072918231999296,0.00029146328475487815,0.0009122749783895268,10.031932556548266,9.992698017277831
1.8700000000000014,0,0.0015986321928163627,20.072918231999296,0.0002914632847526577,0.00091227497839802,10.031932556548266,9.992698017277819
1.8800000000000014,0,0.0015986321928288527,20.07291823199928,0.00029146328475132544,0.0009122749783965767,10.031932556548263,9.99269801727782
1.8900000000000015,0,0.0015986321928086467,20.072918231999306,0.00029146328474788374,0.0009122749784072348,10.031932556548266,9.992698017277814
1.9000000000000015,0,0.001598632192824967,20.0729182319993,0.00029146328475332384,0.0009122749784002959,10.03193255654827,9.99269801727781
1.9100000000000015,0,0.0015986321928187497,20.072918231999296,0.00029146328476042926,0.000912274978405847,10.03193255654827,9.992698017277798
1.9200000000000015,0,0.0015986321928218583,20.072918231999296,0.0002914632847634824,0.0009122749783812001,10.031932556548279,9.992698017277839
1.9300000000000015,0,0.0015986321928203595,20.072918231999303,0.000291463284751603,0.0009122749783904704,10.03193255654827,9.992698017277819
1.9400000000000015,0,0.001598632192822469,20.072918231999314,0.0002914632847457743,0.0009122749784050699,10.03193255654827,9.992698017277814
1.9500000000000015,0,0.0015986321928115887,20.072918231999317,0.00029146328474999317,0.0009122749784080675,10.031932556548274,9.992698017277803
1.9600000000000015,0,0.0015986321928209701,20.07291823199931,0.00029146328474283223,0.0009122749784006845,10.03193255654828,9.99269801727782
1.9700000000000015,0,0.0015986321928221359,20.072918231999306,0.0002914632847634824,0.0009122749784044593,10.031932556548263,9.992698017277814
1.9800000000000015,0,0.0015986321928110336,20.07291823199931,0.0002914632847680898,0.0009122749784087891,10.031932556548265,9.992698017277805
1.9900000000000015,0,0.0015986321928154745,20.0729182319993,0.0002914632847456633,0.0009122749783960216,10.031932556548275,9.992698017277833
2.0000000000000013,0,0.0015986321928216363,20.072918231999303,0.00029146328475826433,0.0009122749784206685,10.031932556548272,9.992698017277798
2.010000000000001,0,0.001598632192817473,20.072918231999314,0.000291463284749105,0.0009122749783962436,10.031932556548266,9.992698017277814
2.020000000000001,0,0.0015986321928116443,20.072918231999292,0.00029146328475437855,0.0009122749784186701,10.031932556548272,9.9926980172778
2.0300000000000007,0,0.0015986321928236347,20.07291823199931,0.0002914632847527132,0.0009122749784025164,10.031932556548263,9.992698017277824
2.0400000000000005,0,0.0015986321928253,20.07291823199931,0.00029146328474244365,0.0009122749783946338,10.03193255654827,9.992698017277823
2.0500000000000003,0,0.0015986321928047609,20.0729182319993,0.0002914632847373366,0.0009122749784148954,10.031932556548266,9.992698017277798
2.06,0,0.0015986321928009306,20.072918231999306,0.00029146328475432304,0.0009122749784074569,10.031932556548275,9.992698017277812
2.07,0,0.0015986321928142533,20.0729182319993,0.0002914632847515475,0.0009122749784168382,10.031932556548274,9.992698017277801
2.0799999999999996,0,0.0015986321928146974,20.072918231999296,0.00029146328474843886,0.0009122749783884165,10.031932556548265,9.992698017277844
2.0899999999999994,0,0.001598632192810201,20.07291823199931,0.0002914632847476617,0.0009122749784047368,10.031932556548266,9.992698017277812
2.099999999999999,0,0.001598632192810534,20.072918231999306,0.0002914632847472731,0.0009122749784180595,10.031932556548268,9.992698017277805
2.109999999999999,0,0.0015986321928216918,20.072918231999292,0.0002914632847551002,0.0009122749784016282,10.031932556548272,9.992698017277824
2.1199999999999988,0,0.0015986321928159186,20.07291823199931,0.00029146328473494965,0.0009122749784070128,10.03193255654827,9.992698017277805
2.1299999999999986,0,0.0015986321928235792,20.07291823199931,0.00029146328476287175,0.0009122749784016837,10.031932556548274,9.99269801727783
2.1399999999999983,0,0.0015986321928092573,20.072918231999303,0.000291463284758986,0.0009122749783986861,10.031932556548272,9.992698017277814
2.149999999999998,0,0.0015986321928225244,20.072918231999296,0.0002914632847541565,0.0009122749784027939,10.03193255654827,9.992698017277815
2.159999999999998,0,0.001598632192803151,20.0729182319993,0.00029146328476375993,0.00091227497842572,10.031932556548265,9.992698017277784
2.1699999999999977,0,0.0015986321928169178,20.072918231999296,0.00029146328475032623,0.00091227497840074,10.03193255654827,9.99269801727782
2.1799999999999975,0,0.0015986321928205816,20.072918231999303,0.0002914632847660359,0.0009122749784081785,10.031932556548274,9.992698017277812
2.1899999999999973,0,0.0015986321928167513,20.072918231999303,0.0002914632847556553,0.0009122749784001849,10.031932556548272,9.99269801727782
2.199999999999997,0,0.0015986321928134761,20.07291823199931,0.0002914632847527132,0.0009122749783956885,10.031932556548265,9.992698017277831
2.209999999999997,0,0.0015986321928195268,20.072918231999303,0.000291463284749105,0.0009122749784121198,10.03193255654827,9.992698017277812
2.2199999999999966,0,0.0015986321928175284,20.072918231999292,0.00029146328476381544,0.0009122749784119533,10.031932556548274,9.992698017277798
2.2299999999999964,0,0.0015986321928168068,20.07291823199931,0.0002914632847352272,0.0009122749783987971,10.031932556548275,9.99269801727782
2.239999999999996,0,0.0015986321928084801,20.072918231999303,0.0002914632847506038,0.0009122749784010731,10.031932556548266,9.992698017277812
2.249999999999996,0,0.001598632192812366,20.072918231999296,0.00029146328475448957,0.0009122749784053474,10.031932556548279,9.992698017277807
2.259999999999996,0,0.0015986321928141423,20.07291823199931,0.00029146328473694805,0.0009122749783965767,10.031932556548277,9.9926980172778
2.2699999999999956,0,0.0015986321928191383,20.07291823199932,0.00029146328475498917,0.0009122749784130635,10.031932556548274,9.992698017277801
2.2799999999999954,0,0.0015986321928211367,20.07291823199929,0.0002914632847427767,0.000912274978410399,10.03193255654827,9.992698017277808
2.289999999999995,0,0.0015986321928161962,20.07291823199931,0.00029146328473000915,0.0009122749783999073,10.031932556548265,9.992698017277817
2.299999999999995,0,0.0015986321928111447,20.072918231999317,0.000291463284754212,0.0009122749784122308,10.031932556548268,9.992698017277824
2.3099999999999947,0,0.001598632192808369,20.072918231999296,0.00029146328473900196,0.0009122749784044593,10.03193255654827,9.992698017277814
2.3199999999999945,0,0.0015986321928184721,20.072918231999292,0.00029146328475831984,0.0009122749783963546,10.031932556548266,9.992698017277826
2.3299999999999943,0,0.0015986321928146974,20.072918231999317,0.00029146328474682903,0.0009122749784165607,10.03193255654827,9.992698017277807
2.339999999999994,0,0.0015986321928221914,20.07291823199931,0.0002914632847517695,0.0009122749783924133,10.031932556548274,9.992698017277824
2.349999999999994,0,0.0015986321928188607,20.072918231999306,0.00029146328475537775,0.000912274978403016,10.03193255654827,9.992698017277815
2.3599999999999937,0,0.0015986321928003755,20.0729182319993,0.0002914632847457188,0.0009122749784120643,10.031932556548272,9.9926980172778
2.3699999999999934,0,0.0015986321928191938,20.0729182319993,0.00029146328474444205,0.000912274978395744,10.031932556548275,9.992698017277823
2.3799999999999932,0,0.0015986321928089797,20.072918231999296,0.00029146328474788374,0.0009122749784091222,10.031932556548277,9.9926980172778
2.389999999999993,0,0.0015986321928229685,20.072918231999324,0.00029146328475238015,0.00091227497841051,10.031932556548272,9.992698017277815
2.399999999999993,0,0.0015986321928203595,20.072918231999314,0.0002914632847625387,0.0009122749784101214,10.031932556548272,9.99269801727781
2.4099999999999926,0,0.0015986321928240232,20.072918231999292,0.00029146328476681305,0.0009122749784135631,10.031932556548274,9.992698017277803
2.4199999999999924,0,0.0015986321928253,20.07291823199931,0.0002914632847586529,0.0009122749783956885,10.031932556548274,9.99269801727782
2.429999999999992,0,0.0015986321928160852,20.07291823199931,0.00029146328475593286,0.000912274978410732,10.031932556548266,9.99269801727781
2.439999999999992,0,0.0015986321928168068,20.072918231999303,0.0002914632847491605,0.0009122749783988526,10.031932556548275,9.992698017277815
2.4499999999999917,0,0.0015986321928214697,20.072918231999296,0.00029146328475831984,0.000912274978405736,10.031932556548274,9.992698017277826
2.4599999999999915,0,0.0015986321928165292,20.0729182319993,0.00029146328474194405,0.0009122749784143402,10.031932556548282,9.9926980172778
2.4699999999999913,0,0.0015986321928152525,20.072918231999296,0.0002914632847506038,0.0009122749784110096,10.03193255654827,9.992698017277814
2.479999999999991,0,0.0015986321928164737,20.072918231999303,0.0002914632847481613,0.0009122749784061246,10.031932556548274,9.99269801727781
2.489999999999991,0,0.0015986321928145864,20.072918231999292,0.0002914632847616505,0.0009122749784109541,10.031932556548272,9.992698017277817
2.4999999999999907,0,0.0015986321928134761,20.072918231999306,0.0002914632847616505,0.0009122749784007955,10.031932556548265,9.992698017277824
2.5099999999999905,0,0.0015986321928245228,20.072918231999303,0.0002914632847545451,0.0009122749783995743,10.031932556548266,9.992698017277814
2.5199999999999902,0,0.0015986321928195824,20.072918231999296,0.00029146328475299077,0.0009122749784193362,10.031932556548277,9.9926980172778
2.52999999999999,0,0.0015986321928234126,20.072918231999303,0.00029146328474738414,0.0009122749784048478,10.031932556548274,9.99269801727782
2.53999999999999,0,0.0015986321928116998,20.072918231999324,0.00029146328474949357,0.0009122749784018502,10.031932556548266,9.992698017277817
2.5499999999999896,0,0.0015986321928118108,20.072918231999314,0.00029146328475043726,0.0009122749783892492,10.031932556548277,9.99269801727783
2.5599999999999894,0,0.0015986321928198044,20.07291823199932,0.00029146328475049277,0.0009122749784020168,10.031932556548266,9.99269801727782
2.569999999999989,0,0.0015986321928208036,20.072918231999324,0.0002914632847637044,0.0009122749784102879,10.03193255654827,9.99269801727781
2.579999999999989,0,0.0015986321928248004,20.072918231999296,0.00029146328475587735,0.0009122749784021833,10.03193255654827,9.992698017277815
2.5899999999999888,0,0.0015986321928246894,20.07291823199931,0.0002914632847580978,0.0009122749784091777,10.031932556548268,9.992698017277808
2.5999999999999885,0,0.001598632192827465,20.07291823199931,0.0002914632847622056,0.0009122749784138406,10.031932556548275,9.992698017277803
2.6099999999999883,0,0.001598632192832683,20.072918231999285,0.00029146328474499716,0.0009122749784012951,10.03193255654827,9.992698017277808
2.619999999999988,0,0.0015986321928143643,20.072918231999296,0.0002914632847522136,0.0009122749784163942,10.03193255654827,9.992698017277801
2.759999999999985,0,0.001598632192809868,20.07291823199931,0.00029146328475643246,0.0009122749784070128,10.031932556548279,9.992698017277803
2.769999999999985,0,0.0015986321928215808,20.072918231999324,0.0002914632847670351,0.0009122749783891382,10.03193255654827,9.992698017277831
2.7799999999999847,0,0.0015986321928062042,20.072918231999296,0.0002914632847487164,0.0009122749783931905,10.03193255654828,9.992698017277814
2.7899999999999845,0,0.0015986321928240788,20.07291823199932,0.00029146328474294325,0.0009122749784036821,10.03193255654827,9.992698017277815
2.7999999999999843,0,0.0015986321928233016,20.072918231999317,0.0002914632847546006,0.0009122749784044037,10.03193255654827,9.992698017277805
2.809999999999984,0,0.0015986321928059821,20.072918231999292,0.0002914632847555998,0.0009122749784041262,10.031932556548272,9.99269801727781
2.819999999999984,0,0.0015986321928072589,20.072918231999303,0.00029146328475299077,0.0009122749784067352,10.031932556548268,9.9926980172778
2.8299999999999836,0,0.0015986321928094793,20.07291823199932,0.000291463284744109,0.0009122749783954665,10.031932556548277,9.992698017277826
2.8399999999999834,0,0.0015986321928067593,20.072918231999292,0.00029146328474100036,0.0009122749783945228,10.031932556548274,9.992698017277817
2.849999999999983,0,0.0015986321928176395,20.07291823199931,0.00029146328474932703,0.0009122749783998518,10.03193255654827,9.992698017277824
2.859999999999983,0,0.0015986321928099234,20.072918231999292,0.00029146328475437855,0.0009122749784187256,10.03193255654827,9.992698017277808
2.869999999999983,0,0.0015986321928179725,20.072918231999303,0.0002914632847597076,0.0009122749784052364,10.031932556548274,9.992698017277808
2.8799999999999826,0,0.001598632192820637,20.07291823199931,0.0002914632847501042,0.00091227497841051,10.031932556548268,9.99269801727782
2.8899999999999824,0,0.001598632192815752,20.07291823199931,0.0002914632847537124,0.000912274978395966,10.031932556548274,9.992698017277817
2.899999999999982,0,0.0015986321928018743,20.07291823199931,0.0002914632847461629,0.000912274978398464,10.031932556548266,9.992698017277801
2.909999999999982,0,0.0015986321928170844,20.07291823199932,0.0002914632847547116,0.0009122749784076789,10.031932556548266,9.99269801727781
2.9199999999999817,0,0.0015986321928144198,20.07291823199928,0.0002914632847542675,0.0009122749784095663,10.031932556548268,9.992698017277807
2.9299999999999815,0,0.0015986321928090907,20.07291823199931,0.0002914632847481613,0.0009122749783894712,10.031932556548272,9.992698017277826
2.9399999999999813,0,0.0015986321928149194,20.072918231999317,0.00029146328474533023,0.0009122749784092332,10.031932556548272,9.992698017277808
2.949999999999981,0,0.001598632192810423,20.072918231999317,0.00029146328475793126,0.0009122749784062356,10.03193255654827,9.992698017277814
2.959999999999981,0,0.0015986321928065372,20.072918231999303,0.0002914632847482723,0.0009122749784105655,10.031932556548266,9.992698017277803
2.9699999999999807,0,0.0015986321928267433,20.072918231999296,0.0002914632847511589,0.0009122749784015172,10.031932556548268,9.99269801727782
2.9799999999999804,0,0.0015986321928208591,20.072918231999303,0.0002914632847516585,0.0009122749784087891,10.03193255654827,9.992698017277812
2.9899999999999802,0,0.0015986321928192493,20.07291823199931,0.0002914632847655363,0.0009122749784025719,10.031932556548275,9.992698017277828
2.99999999999998,0,0.0015986321928138647,20.07291823199931,0.0002914632847485499,0.0009122749784050144,10.03193255654827,9.992698017277812
3.00999999999998,0,0.0015986321928220248,20.072918231999303,0.00029146328474649597,0.0009122749784193362,10.031932556548263,9.992698017277807
3.0199999999999796,0,0.0015986321928225244,20.072918231999306,0.00029146328475238015,0.0009122749784120643,10.031932556548274,9.992698017277808
3.0299999999999794,0,0.0015986321928178615,20.072918231999324,0.0002914632847510479,0.0009122749783885831,10.031932556548277,9.992698017277819
3.039999999999979,0,0.0015986321928307956,20.072918231999292,0.000291463284759097,0.0009122749784111206,10.031932556548274,9.992698017277819
3.049999999999979,0,0.0015986321928271874,20.072918231999296,0.00029146328476181704,0.0009122749783938566,10.031932556548274,9.992698017277815
3.0599999999999787,0,0.0015986321928093683,20.072918231999306,0.0002914632847645926,0.000912274978418115,10.031932556548266,9.992698017277796
3.0699999999999785,0,0.0015986321928198044,20.0729182319993,0.0002914632847627052,0.0009122749784097883,10.031932556548263,9.992698017277807
3.0799999999999783,0,0.0015986321928174174,20.072918231999303,0.0002914632847427212,0.0009122749784046258,10.031932556548277,9.99269801727783
3.089999999999978,0,0.001598632192822469,20.072918231999317,0.0002914632847512699,0.0009122749784098994,10.031932556548274,9.992698017277812
3.099999999999978,0,0.001598632192809979,20.07291823199931,0.0002914632847511589,0.0009122749783994633,10.031932556548277,9.99269801727782
3.1099999999999777,0,0.0015986321928218028,20.072918231999303,0.0002914632847594856,0.0009122749784004625,10.031932556548275,9.992698017277817
3.1199999999999775,0,0.0015986321928179725,20.07291823199931,0.0002914632847680343,0.0009122749784040707,10.03193255654827,9.992698017277812
3.1299999999999772,0,0.00159863219280032,20.07291823199931,0.00029146328475698757,0.0009122749784179485,10.031932556548268,9.992698017277798
3.139999999999977,0,0.0015986321928210256,20.0729182319993,0.00029146328475593286,0.0009122749784041262,10.031932556548268,9.99269801727781
3.149999999999977,0,0.001598632192822802,20.07291823199931,0.0002914632847526022,0.0009122749784010731,10.031932556548272,9.99269801727781
3.1599999999999766,0,0.0015986321928115887,20.072918231999303,0.00029146328475698757,0.0009122749784138962,10.031932556548274,9.992698017277789
3.1699999999999764,0,0.0015986321928241343,20.072918231999303,0.00029146328476137295,0.0009122749784092332,10.031932556548272,9.992698017277803
3.179999999999976,0,0.0015986321928178615,20.0729182319993,0.00029146328476326033,0.0009122749784019613,10.03193255654827,9.992698017277807
3.189999999999976,0,0.0015986321928233016,20.072918231999303,0.0002914632847611509,0.0009122749784034601,10.031932556548274,9.992698017277803
3.1999999999999758,0,0.0015986321928186387,20.072918231999292,0.00029146328474694005,0.0009122749784101214,10.031932556548274,9.99269801727781
3.2099999999999755,0,0.0015986321928093128,20.07291823199931,0.00029146328475032623,0.0009122749784118978,10.03193255654827,9.992698017277814
3.2199999999999753,0,0.001598632192825744,20.072918231999292,0.00029146328476431504,0.0009122749784025719,10.031932556548265,9.992698017277823
3.229999999999975,0,0.0015986321928200264,20.0729182319993,0.00029146328476442607,0.0009122749784084561,10.031932556548268,9.992698017277814
3.239999999999975,0,0.0015986321928167513,20.072918231999296,0.0002914632847640375,0.0009122749783981865,10.031932556548275,9.992698017277828
3.2499999999999747,0,0.001598632192815308,20.072918231999306,0.00029146328475149197,0.0009122749783996298,10.031932556548274,9.992698017277831
3.2599999999999745,0,0.0015986321928179725,20.072918231999314,0.00029146328474499716,0.0009122749784090667,10.03193255654827,9.99269801727781
3.2699999999999743,0,0.001598632192813365,20.072918231999303,0.00029146328475987415,0.0009122749784104545,10.031932556548266,9.992698017277805
3.279999999999974,0,0.0015986321928216363,20.07291823199931,0.00029146328474982663,0.0009122749783915252,10.031932556548266,9.992698017277824
3.289999999999974,0,0.0015986321928361802,20.072918231999317,0.0002914632847475507,0.000912274978388361,10.031932556548272,9.992698017277837
3.2999999999999736,0,0.0015986321928073144,20.072918231999303,0.0002914632847456078,0.0009122749784021833,10.031932556548268,9.992698017277815
3.3099999999999734,0,0.0015986321928177505,20.072918231999303,0.0002914632847561549,0.0009122749784002959,10.031932556548275,9.992698017277792
3.319999999999973,0,0.0015986321928173064,20.07291823199931,0.00029146328474849437,0.0009122749783970763,10.03193255654827,9.992698017277824
3.329999999999973,0,0.001598632192815863,20.072918231999324,0.00029146328475632144,0.0009122749784034045,10.03193255654827,9.992698017277812
3.3399999999999728,0,0.0015986321928172509,20.07291823199931,0.0002914632847353382,0.0009122749784070683,10.031932556548277,9.992698017277807
3.3499999999999726,0,0.0015986321928075364,20.072918231999317,0.0002914632847610954,0.0009122749784045148,10.031932556548265,9.992698017277807
3.3599999999999723,0,0.0015986321928257996,20.072918231999296,0.000291463284736837,0.0009122749784040707,10.03193255654827,9.992698017277826
3.369999999999972,0,0.0015986321928155856,20.072918231999314,0.0002914632847515475,0.0009122749784119533,10.031932556548272,9.992698017277803
3.379999999999972,0,0.0015986321928344593,20.07291823199932,0.00029146328474688454,0.0009122749783961881,10.03193255654826,9.992698017277805
3.3899999999999717,0,0.0015986321928257996,20.072918231999303,0.0002914632847495491,0.0009122749784115647,10.031932556548265,9.992698017277792
3.3999999999999715,0,0.0015986321928202485,20.07291823199931,0.0002914632847466625,0.0009122749783952999,10.031932556548274,9.99269801727783
3.4099999999999713,0,0.001598632192828242,20.07291823199929,0.00029146328473173,0.0009122749784024053,10.031932556548279,9.992698017277812
3.419999999999971,0,0.001598632192813143,20.0729182319993,0.0002914632847476062,0.0009122749783998518,10.031932556548275,9.992698017277815
3.429999999999971,0,0.00159863219281281,20.07291823199931,0.0002914632847551002,0.0009122749784163386,10.031932556548274,9.992698017277801
3.4399999999999706,0,0.001598632192809979,20.072918231999317,0.00029146328474888294,0.0009122749783920248,10.031932556548279,9.992698017277847
3.4499999999999704,0,0.0015986321928289637,20.0729182319993,0.0002914632847387244,0.0009122749784059581,10.031932556548277,9.99269801727781
3.45999999999997,0,0.0015986321928191383,20.072918231999303,0.0002914632847466625,0.0009122749784053474,10.03193255654827,9.992698017277817
3.46999999999997,0,0.0015986321928110891,20.072918231999306,0.0002914632847491605,0.0009122749784160611,10.03193255654827,9.992698017277796
3.47999999999997,0,0.0015986321928125324,20.07291823199931,0.00029146328474943806,0.000912274978405625,10.031932556548274,9.99269801727781
3.4899999999999696,0,0.0015986321928142533,20.07291823199932,0.0002914632847507703,0.0009122749784132855,10.031932556548279,9.992698017277807
3.4999999999999694,0,0.001598632192815752,20.072918231999314,0.0002914632847373366,0.0009122749783952999,10.031932556548266,9.992698017277828
3.509999999999969,0,0.0015986321928145864,20.07291823199933,0.0002914632847461074,0.0009122749784064021,10.031932556548266,9.992698017277814
3.519999999999969,0,0.0015986321928287972,20.07291823199931,0.00029146328475343486,0.0009122749784243878,10.031932556548266,9.992698017277794
3.5299999999999687,0,0.0015986321928260772,20.07291823199931,0.0002914632847466625,0.0009122749783959105,10.03193255654827,9.992698017277828
3.5399999999999685,0,0.0015986321928154745,20.072918231999303,0.00029146328474838334,0.0009122749783909145,10.031932556548277,9.992698017277833
3.5499999999999683,0,0.0015986321928208036,20.07291823199931,0.00029146328474893846,0.0009122749783879169,10.031932556548274,9.992698017277824
3.559999999999968,0,0.001598632192814975,20.072918231999296,0.0002914632847605958,0.0009122749783897488,10.031932556548277,9.992698017277828
3.569999999999968,0,0.0015986321928151415,20.072918231999306,0.00029146328474100036,0.0009122749784041817,10.031932556548265,9.992698017277814
3.5799999999999677,0,0.0015986321928219138,20.072918231999296,0.00029146328474949357,0.0009122749783997408,10.031932556548275,9.99269801727781
3.5899999999999674,0,0.0015986321928087022,20.07291823199928,0.0002914632847437759,0.0009122749784037376,10.03193255654827,9.992698017277817
3.5999999999999672,0,0.001598632192820304,20.072918231999317,0.00029146328475876393,0.0009122749784081785,10.031932556548275,9.992698017277807
3.609999999999967,0,0.0015986321928189162,20.072918231999296,0.00029146328475943006,0.0009122749783997963,10.03193255654827,9.992698017277824
3.619999999999967,0,0.001598632192822691,20.07291823199931,0.0002914632847537679,0.0009122749783935791,10.03193255654827,9.992698017277828
3.6299999999999666,0,0.001598632192810423,20.072918231999303,0.0002914632847670351,0.000912274978410399,10.031932556548277,9.9926980172778
3.6399999999999664,0,0.0015986321928113112,20.07291823199932,0.00029146328476981065,0.0009122749784059581,10.031932556548277,9.992698017277814
3.649999999999966,0,0.0015986321928159741,20.072918231999303,0.0002914632847496601,0.0009122749784147288,10.03193255654827,9.992698017277808
3.659999999999966,0,0.0015986321928198044,20.072918231999303,0.0002914632847604848,0.0009122749783937456,10.031932556548272,9.992698017277839
3.6699999999999657,0,0.0015986321928134206,20.07291823199931,0.00029146328475637695,0.0009122749784065132,10.031932556548274,9.992698017277805
3.6799999999999655,0,0.001598632192825411,20.072918231999303,0.0002914632847471621,0.0009122749784005735,10.031932556548274,9.992698017277819
3.6899999999999653,0,0.001598632192809868,20.072918231999296,0.0002914632847735854,0.0009122749784173934,10.031932556548274,9.992698017277801
3.699999999999965,0,0.0015986321928126435,20.072918231999314,0.00029146328475682104,0.0009122749783987971,10.03193255654827,9.992698017277824
3.709999999999965,0,0.0015986321928166403,20.072918231999292,0.0002914632847562104,0.0009122749784115092,10.031932556548272,9.992698017277794
3.7199999999999647,0,0.001598632192810867,20.072918231999317,0.0002914632847619836,0.0009122749784060136,10.031932556548272,9.99269801727781
3.7299999999999645,0,0.0015986321928247449,20.072918231999314,0.00029146328475287975,0.0009122749783994077,10.03193255654827,9.992698017277824
3.7399999999999642,0,0.0015986321928245784,20.072918231999296,0.00029146328474788374,0.000912274978400851,10.03193255654827,9.99269801727782
3.749999999999964,0,0.001598632192827465,20.07291823199931,0.00029146328475598837,0.0009122749783894712,10.031932556548272,9.99269801727782
3.759999999999964,0,0.0015986321928042058,20.072918231999314,0.0002914632847557108,0.0009122749784009621,10.031932556548272,9.992698017277808
3.7699999999999636,0,0.0015986321928235236,20.072918231999296,0.00029146328475693206,0.0009122749784137296,10.031932556548263,9.992698017277794
3.7799999999999634,0,0.001598632192820526,20.0729182319993,0.0002914632847387244,0.0009122749783940787,10.031932556548275,9.992698017277807
3.789999999999963,0,0.0015986321928267988,20.072918231999292,0.00029146328476431504,0.0009122749784004069,10.031932556548275,9.992698017277812
3.799999999999963,0,0.0015986321928130875,20.072918231999303,0.00029146328476542527,0.0009122749784127304,10.03193255654827,9.99269801727781
3.8099999999999627,0,0.0015986321928197489,20.072918231999306,0.00029146328474499716,0.0009122749783936346,10.031932556548272,9.992698017277819
3.8199999999999625,0,0.001598632192829963,20.07291823199932,0.0002914632847590415,0.0009122749784035711,10.031932556548277,9.99269801727782
3.8299999999999623,0,0.0015986321928146419,20.072918231999317,0.0002914632847624832,0.0009122749784029605,10.031932556548266,9.992698017277823
3.839999999999962,0,0.001598632192804872,20.072918231999303,0.00029146328475532224,0.0009122749783974649,10.031932556548272,9.992698017277814
3.849999999999962,0,0.0015986321928219138,20.07291823199931,0.00029146328475498917,0.0009122749783959105,10.031932556548265,9.992698017277828
3.8599999999999617,0,0.0015986321928243563,20.072918231999303,0.00029146328474982663,0.0009122749784007955,10.031932556548265,9.992698017277803
3.8699999999999615,0,0.0015986321928235792,20.07291823199931,0.00029146328476042926,0.0009122749784184481,10.031932556548272,9.992698017277798
3.8799999999999613,0,0.0015986321928120883,20.072918231999306,0.00029146328474055627,0.0009122749784020723,10.031932556548272,9.9926980172778
3.889999999999961,0,0.001598632192825522,20.072918231999292,0.0002914632847432208,0.0009122749783998518,10.031932556548274,9.99269801727781
3.899999999999961,0,0.0015986321928221914,20.072918231999314,0.00029146328475526673,0.0009122749784034601,10.031932556548268,9.992698017277812
3.9099999999999606,0,0.0015986321928245228,20.072918231999303,0.00029146328475992966,0.0009122749783917472,10.031932556548274,9.99269801727783
3.9199999999999604,0,0.0015986321928205816,20.072918231999303,0.0002914632847497156,0.0009122749783920248,10.031932556548284,9.992698017277817
3.92999999999996,0,0.00159863219280737,20.072918231999306,0.00029146328474843886,0.0009122749784044593,10.031932556548274,9.992698017277819
3.93999999999996,0,0.0015986321928161407,20.0729182319993,0.0002914632847505483,0.0009122749784196693,10.031932556548274,9.992698017277792
3.9499999999999598,0,0.00159863219282802,20.072918231999292,0.0002914632847492715,0.0009122749784039597,10.031932556548268,9.99269801727783
3.9599999999999596,0,0.00159863219281553,20.072918231999296,0.00029146328474549676,0.0009122749784176709,10.03193255654826,9.992698017277803
3.9699999999999593,0,0.001598632192828242,20.072918231999303,0.00029146328475193606,0.0009122749783964657,10.031932556548275,9.992698017277815
3.979999999999959,0,0.0015986321928035396,20.07291823199931,0.00029146328476942207,0.0009122749784182815,10.03193255654826,9.992698017277807
3.989999999999959,0,0.0015986321928178615,20.072918231999306,0.0002914632847577092,0.0009122749783968542,10.031932556548274,9.99269801727781
3.9999999999999587,0,0.0015986321928128655,20.072918231999317,0.0002914632847607068,0.0009122749784034601,10.031932556548268,9.992698017277812
4.009999999999959,0,0.0015986321928135316,20.072918231999285,0.0002914632847674792,0.0009122749784045148,10.031932556548272,9.992698017277812
4.019999999999959,0,0.0015986321928162517,20.07291823199931,0.0002914632847437204,0.0009122749784166162,10.031932556548268,9.992698017277805
4.0299999999999585,0,0.0015986321928210812,20.072918231999317,0.00029146328475543326,0.0009122749784042372,10.031932556548265,9.992698017277817
4.039999999999958,0,0.0015986321928146974,20.072918231999296,0.00029146328475138095,0.0009122749784101769,10.03193255654827,9.992698017277814
4.049999999999958,0,0.0015986321928113667,20.072918231999292,0.000291463284758986,0.0009122749784090112,10.031932556548274,9.992698017277817
4.059999999999958,0,0.0015986321928135316,20.072918231999306,0.0002914632847550447,0.0009122749784074569,10.031932556548274,9.992698017277803
4.069999999999958,0,0.0015986321928114777,20.072918231999303,0.000291463284744109,0.0009122749783898043,10.03193255654827,9.992698017277831
4.079999999999957,0,0.0015986321928130875,20.0729182319993,0.0002914632847710319,0.0009122749784035156,10.031932556548268,9.992698017277815
4.089999999999957,0,0.0015986321928262437,20.072918231999296,0.00029146328474888294,0.0009122749784100104,10.031932556548266,9.992698017277792
4.099999999999957,0,0.0015986321928082026,20.072918231999296,0.0002914632847537124,0.000912274978403016,10.031932556548268,9.992698017277823
4.109999999999957,0,0.001598632192813032,20.072918231999306,0.00029146328473694805,0.0009122749784012396,10.03193255654827,9.992698017277817
4.119999999999957,0,0.0015986321928201375,20.072918231999296,0.00029146328475537775,0.0009122749784227224,10.031932556548266,9.992698017277792
4.129999999999956,0,0.001598632192820637,20.07291823199931,0.00029146328475232464,0.0009122749783990747,10.031932556548268,9.992698017277814
4.139999999999956,0,0.0015986321928165848,20.072918231999317,0.00029146328474849437,0.0009122749784056805,10.031932556548274,9.992698017277805
4.149999999999956,0,0.0015986321928144198,20.072918231999285,0.0002914632847537124,0.0009122749784103434,10.03193255654827,9.9926980172778
4.159999999999956,0,0.0015986321928138092,20.072918231999306,0.000291463284746607,0.0009122749784061246,10.031932556548266,9.99269801727781
4.1699999999999555,0,0.001598632192815086,20.07291823199929,0.0002914632847527132,0.0009122749784057915,10.031932556548263,9.992698017277819
4.179999999999955,0,0.0015986321928215808,20.072918231999314,0.00029146328476337136,0.0009122749784090667,10.031932556548272,9.992698017277815
4.189999999999955,0,0.0015986321928044833,20.072918231999296,0.00029146328475282424,0.0009122749784091777,10.03193255654827,9.992698017277803
4.199999999999955,0,0.0015986321928068703,20.072918231999296,0.0002914632847351717,0.0009122749783848083,10.031932556548277,9.992698017277837
4.209999999999955,0,0.0015986321928110336,20.07291823199931,0.00029146328475043726,0.0009122749784084005,10.031932556548266,9.992698017277803
4.2199999999999545,0,0.0015986321927992653,20.072918231999296,0.0002914632847632048,0.0009122749784004069,10.031932556548275,9.992698017277815
4.229999999999954,0,0.001598632192820304,20.072918231999303,0.0002914632847477727,0.0009122749784092887,10.031932556548268,9.992698017277819
4.239999999999954,0,0.001598632192830629,20.07291823199928,0.00029146328477386296,0.0009122749784130635,10.031932556548266,9.992698017277814
4.249999999999954,0,0.0015986321928124214,20.072918231999324,0.0002914632847482168,0.0009122749784085116,10.03193255654827,9.992698017277835
4.259999999999954,0,0.001598632192834848,20.072918231999324,0.0002914632847461074,0.000912274978413008,10.031932556548275,9.992698017277807
4.269999999999953,0,0.0015986321928203595,20.072918231999306,0.00029146328476131744,0.0009122749784026829,10.03193255654827,9.992698017277808
4.279999999999953,0,0.0015986321928059821,20.07291823199931,0.0002914632847565435,0.0009122749784186701,10.03193255654827,9.992698017277803
4.289999999999953,0,0.0015986321928170288,20.072918231999303,0.0002914632847511034,0.0009122749784046258,10.03193255654827,9.992698017277819
4.299999999999953,0,0.0015986321928239677,20.0729182319993,0.0002914632847506593,0.0009122749784177264,10.031932556548266,9.992698017277794
4.3099999999999525,0,0.0015986321928238012,20.072918231999296,0.00029146328476431504,0.0009122749784054585,10.03193255654827,9.99269801727781
4.319999999999952,0,0.0015986321928208036,20.07291823199929,0.00029146328475831984,0.0009122749784068462,10.03193255654828,9.99269801727781
4.329999999999952,0,0.0015986321928039837,20.072918231999317,0.0002914632847496046,0.0009122749783974093,10.03193255654827,9.992698017277823
4.339999999999952,0,0.0015986321928162517,20.072918231999317,0.0002914632847515475,0.0009122749784039041,10.031932556548266,9.99269801727781
4.349999999999952,0,0.001598632192815086,20.07291823199931,0.0002914632847497711,0.0009122749784037376,10.031932556548268,9.992698017277807
4.3599999999999515,0,0.0015986321928244118,20.07291823199931,0.00029146328475398997,0.0009122749784035156,10.03193255654827,9.992698017277823
4.369999999999951,0,0.0015986321928146419,20.072918231999285,0.00029146328475182504,0.0009122749784039041,10.031932556548272,9.992698017277817
4.379999999999951,0,0.0015986321928186942,20.0729182319993,0.0002914632847595966,0.0009122749784086226,10.031932556548275,9.992698017277803
4.389999999999951,0,0.0015986321928290192,20.072918231999328,0.00029146328476326033,0.000912274978402905,10.031932556548275,9.992698017277826
4.399999999999951,0,0.0015986321928205816,20.072918231999296,0.00029146328476725714,0.0009122749784050144,10.03193255654827,9.992698017277817
4.40999999999995,0,0.0015986321928164737,20.072918231999317,0.0002914632847490495,0.0009122749784002404,10.031932556548266,9.992698017277824
4.41999999999995,0,0.0015986321928138092,20.072918231999306,0.00029146328474843886,0.0009122749783913031,10.031932556548274,9.992698017277828
4.42999999999995,0,0.0015986321928184166,20.072918231999314,0.00029146328475188055,0.0009122749783898598,10.031932556548268,9.992698017277824
4.43999999999995,0,0.0015986321928213032,20.072918231999296,0.000291463284741722,0.0009122749784115092,10.031932556548272,9.99269801727781
4.4499999999999496,0,0.0015986321928042613,20.0729182319993,0.00029146328475826433,0.0009122749783928019,10.031932556548272,9.99269801727783
4.459999999999949,0,0.001598632192820415,20.072918231999306,0.0002914632847630383,0.0009122749783955775,10.031932556548272,9.992698017277826
4.469999999999949,0,0.0015986321928076475,20.072918231999317,0.0002914632847571541,0.0009122749784026274,10.031932556548272,9.992698017277817
4.479999999999949,0,0.0015986321928084246,20.072918231999296,0.0002914632847416665,0.0009122749784138962,10.031932556548274,9.992698017277803
4.489999999999949,0,0.0015986321928156966,20.072918231999296,0.0002914632847322296,0.00091227497839802,10.031932556548272,9.99269801727782
4.4999999999999485,0,0.0015986321928221359,20.0729182319993,0.0002914632847397791,0.0009122749784046813,10.031932556548274,9.992698017277807
4.509999999999948,0,0.0015986321928090352,20.07291823199931,0.0002914632847635379,0.0009122749784067352,10.03193255654827,9.992698017277807
4.519999999999948,0,0.001598632192820637,20.072918231999303,0.0002914632847650367,0.000912274978415728,10.031932556548265,9.992698017277808
4.529999999999948,0,0.0015986321928240232,20.072918231999296,0.00029146328474699557,0.0009122749784020168,10.031932556548277,9.992698017277817
4.539999999999948,0,0.0015986321928198044,20.07291823199929,0.0002914632847610399,0.000912274978405403,10.031932556548274,9.992698017277803
4.549999999999947,0,0.0015986321928184166,20.072918231999296,0.00029146328474494165,0.0009122749784054585,10.031932556548268,9.992698017277824
4.559999999999947,0,0.0015986321928080915,20.072918231999328,0.0002914632847487164,0.0009122749784081785,10.031932556548268,9.992698017277801
4.569999999999947,0,0.0015986321928266323,20.072918231999303,0.0002914632847537124,0.0009122749784023498,10.031932556548272,9.992698017277815
4.579999999999947,0,0.0015986321927976554,20.072918231999317,0.0002914632847462184,0.000912274978407901,10.03193255654827,9.992698017277807
4.589999999999947,0,0.0015986321928120883,20.072918231999296,0.00029146328475532224,0.0009122749784146733,10.031932556548275,9.992698017277801
4.599999999999946,0,0.0015986321928264102,20.072918231999303,0.00029146328474999317,0.0009122749784023498,10.031932556548274,9.992698017277803
4.609999999999946,0,0.0015986321928062597,20.0729182319993,0.00029146328476642447,0.0009122749783965767,10.031932556548274,9.992698017277819
4.619999999999946,0,0.001598632192817917,20.0729182319993,0.00029146328475598837,0.0009122749783911366,10.031932556548266,9.99269801727783
4.629999999999946,0,0.0015986321928140867,20.072918231999303,0.0002914632847521581,0.0009122749784047923,10.03193255654827,9.99269801727782
4.6399999999999455,0,0.0015986321928249114,20.072918231999314,0.00029146328474549676,0.0009122749784152284,10.031932556548268,9.992698017277807
4.649999999999945,0,0.001598632192825522,20.072918231999306,0.00029146328474438654,0.0009122749783883055,10.031932556548266,9.992698017277823
4.659999999999945,0,0.0015986321928094793,20.072918231999306,0.00029146328474699557,0.0009122749783912476,10.031932556548274,9.992698017277833
4.669999999999945,0,0.0015986321928264657,20.072918231999303,0.00029146328474138894,0.0009122749783906925,10.03193255654827,9.99269801727782
4.679999999999945,0,0.0015986321928228575,20.072918231999296,0.00029146328474288774,0.0009122749784092332,10.031932556548274,9.992698017277817
4.689999999999944,0,0.0015986321928135316,20.07291823199931,0.0002914632847500487,0.0009122749783878059,10.031932556548279,9.992698017277828
4.699999999999944,0,0.0015986321928084246,20.0729182319993,0.00029146328475088135,0.0009122749783981865,10.031932556548275,9.99269801727782
4.709999999999944,0,0.0015986321928173064,20.072918231999303,0.00029146328476342687,0.0009122749783947448,10.03193255654826,9.992698017277831
4.719999999999944,0,0.0015986321928053715,20.07291823199929,0.0002914632847388354,0.0009122749783904704,10.031932556548266,9.992698017277812
4.729999999999944,0,0.0015986321928134761,20.07291823199931,0.0002914632847546006,0.0009122749783965767,10.031932556548275,9.992698017277805
4.739999999999943,0,0.0015986321928198044,20.072918231999296,0.00029146328476137295,0.0009122749784138406,10.03193255654827,9.992698017277815
4.749999999999943,0,0.001598632192820748,20.072918231999317,0.0002914632847420551,0.0009122749783986861,10.031932556548272,9.992698017277824
4.759999999999943,0,0.0015986321928057046,20.0729182319993,0.0002914632847451082,0.0009122749784090667,10.031932556548266,9.992698017277815
4.769999999999943,0,0.001598632192817473,20.07291823199931,0.0002914632847627052,0.0009122749784089002,10.031932556548274,9.992698017277815
4.7799999999999425,0,0.0015986321928192493,20.072918231999303,0.0002914632847412224,0.0009122749784009621,10.03193255654826,9.992698017277823
4.789999999999942,0,0.0015986321928178615,20.072918231999324,0.00029146328474594085,0.0009122749784190032,10.031932556548263,9.992698017277808
4.799999999999942,0,0.0015986321928212477,20.072918231999314,0.000291463284761706,0.0009122749784166717,10.031932556548266,9.992698017277807
4.809999999999942,0,0.0015986321928118663,20.0729182319993,0.0002914632847472731,0.000912274978398242,10.03193255654827,9.992698017277812
4.819999999999942,0,0.0015986321928109781,20.0729182319993,0.0002914632847447196,0.0009122749784071238,10.031932556548266,9.992698017277807
4.8299999999999415,0,0.0015986321928085911,20.072918231999292,0.0002914632847446086,0.000912274978405625,10.031932556548275,9.992698017277817
4.839999999999941,0,0.0015986321928220248,20.072918231999303,0.0002914632847661469,0.0009122749784068462,10.031932556548277,9.992698017277803
4.849999999999941,0,0.0015986321928114222,20.072918231999306,0.0002914632847624832,0.0009122749783939121,10.031932556548272,9.99269801727782
4.859999999999941,0,0.0015986321928061487,20.072918231999296,0.0002914632847517695,0.000912274978402905,10.031932556548268,9.992698017277814
4.869999999999941,0,0.0015986321928165292,20.07291823199931,0.0002914632847522136,0.0009122749784045148,10.031932556548266,9.992698017277807
4.87999999999994,0,0.0015986321928229685,20.072918231999303,0.00029146328475393446,0.0009122749783920803,10.03193255654827,9.992698017277817
4.88999999999994,0,0.0015986321928224134,20.07291823199932,0.00029146328475676553,0.0009122749784032935,10.031932556548266,9.992698017277812
4.89999999999994,0,0.0015986321928133096,20.07291823199929,0.0002914632847626497,0.0009122749784053474,10.031932556548265,9.992698017277803
4.90999999999994,0,0.001598632192822469,20.072918231999303,0.0002914632847506038,0.000912274978403349,10.031932556548268,9.992698017277819
4.9199999999999395,0,0.0015986321928243563,20.07291823199931,0.00029146328475337935,0.0009122749783914141,10.031932556548272,9.992698017277824
4.929999999999939,0,0.0015986321928119218,20.07291823199931,0.0002914632847502152,0.0009122749783935791,10.031932556548274,9.992698017277819
4.939999999999939,0,0.0015986321928048164,20.0729182319993,0.0002914632847555998,0.0009122749784132855,10.031932556548275,9.992698017277805
4.949999999999939,0,0.0015986321928280756,20.072918231999314,0.00029146328474999317,0.0009122749783956885,10.031932556548275,9.992698017277807
4.959999999999939,0,0.0015986321928039837,20.072918231999317,0.000291463284761595,0.000912274978408123,10.031932556548266,9.992698017277803
4.9699999999999385,0,0.001598632192819971,20.072918231999296,0.0002914632847477172,0.0009122749784000739,10.03193255654827,9.992698017277817
4.979999999999938,0,0.0015986321928179725,20.07291823199931,0.0002914632847706433,0.0009122749784085671,10.031932556548266,9.992698017277803
4.989999999999938,0,0.0015986321928162517,20.072918231999306,0.00029146328475598837,0.0009122749783990747,10.031932556548266,9.992698017277807
4.999999999999938,0,0.0015986321928199154,20.072918231999296,0.00029146328474899397,0.0009122749784151174,10.031932556548265,9.992698017277814
5.009999999999938,0,0.0015986321928169733,20.072918231999296,0.000291463284741722,0.0009122749783999629,10.031932556548277,9.99269801727781
5.019999999999937,0,0.0015986321928118108,20.07291823199931,0.0002914632847526577,0.0009122749784001294,10.031932556548277,9.99269801727781
5.029999999999937,0,0.001598632192807814,20.072918231999306,0.00029146328475532224,0.0009122749784066242,10.031932556548263,9.992698017277801
5.039999999999937,0,0.00159863219282258,20.072918231999303,0.00029146328474233263,0.0009122749784137851,10.031932556548272,9.992698017277805
5.049999999999937,0,0.0015986321928101455,20.072918231999303,0.00029146328475443406,0.0009122749783960771,10.031932556548265,9.992698017277812
5.0599999999999365,0,0.001598632192810534,20.072918231999303,0.0002914632847351162,0.0009122749783999629,10.031932556548266,9.992698017277807
5.069999999999936,0,0.001598632192805538,20.07291823199931,0.0002914632847595411,0.0009122749784079565,10.03193255654827,9.992698017277803
5.079999999999936,0,0.0015986321928183056,20.072918231999306,0.0002914632847624832,0.0009122749783935236,10.031932556548265,9.992698017277828
5.089999999999936,0,0.001598632192810645,20.072918231999296,0.0002914632847527132,0.0009122749783995188,10.031932556548274,9.99269801727781
5.099999999999936,0,0.0015986321928163627,20.072918231999306,0.0002914632847557108,0.0009122749784016282,10.03193255654827,9.992698017277823
5.1099999999999355,0,0.0015986321928059821,20.072918231999306,0.0002914632847462739,0.0009122749784044037,10.031932556548274,9.99269801727781
5.119999999999935,0,0.001598632192810423,20.072918231999296,0.00029146328474832783,0.0009122749784255535,10.031932556548274,9.992698017277792
5.129999999999935,0,0.0015986321928211367,20.0729182319993,0.00029146328474949357,0.0009122749783967987,10.031932556548272,9.992698017277823
5.139999999999935,0,0.0015986321928146419,20.072918231999296,0.0002914632847363374,0.0009122749784007955,10.031932556548277,9.992698017277817
5.149999999999935,0,0.001598632192812366,20.072918231999303,0.00029146328474094485,0.0009122749784147288,10.031932556548266,9.992698017277807
5.159999999999934,0,0.001598632192808036,20.07291823199929,0.00029146328475443406,0.0009122749784089557,10.031932556548279,9.992698017277814
5.169999999999934,0,0.001598632192807592,20.072918231999303,0.00029146328477192007,0.0009122749784163386,10.03193255654827,9.992698017277814
5.179999999999934,0,0.0015986321928252445,20.072918231999303,0.0002914632847427767,0.0009122749784037376,10.031932556548265,9.992698017277815
5.189999999999934,0,0.0015986321928140312,20.07291823199931,0.00029146328474849437,0.0009122749784122863,10.031932556548274,9.992698017277803
5.199999999999934,0,0.0015986321928107006,20.07291823199929,0.00029146328474533023,0.0009122749784044037,10.03193255654827,9.992698017277831
5.209999999999933,0,0.001598632192807814,20.07291823199931,0.000291463284746607,0.0009122749784164497,10.031932556548268,9.992698017277803
5.219999999999933,0,0.0015986321928213587,20.07291823199929,0.00029146328474899397,0.0009122749783997963,10.031932556548263,9.99269801727781
5.229999999999933,0,0.0015986321928189717,20.072918231999285,0.0002914632847507703,0.0009122749784167272,10.031932556548266,9.992698017277787
5.239999999999933,0,0.0015986321928244118,20.07291823199931,0.00029146328475287975,0.0009122749783950779,10.031932556548275,9.992698017277823
5.2499999999999325,0,0.0015986321928189717,20.07291823199931,0.0002914632847626497,0.0009122749783955775,10.031932556548277,9.992698017277819
5.259999999999932,0,0.0015986321928101455,20.07291823199928,0.00029146328475343486,0.000912274978395855,10.031932556548268,9.99269801727782
5.269999999999932,0,0.0015986321928216918,20.0729182319993,0.0002914632847586529,0.0009122749784091222,10.031932556548266,9.992698017277823
5.279999999999932,0,0.0015986321928160852,20.072918231999306,0.000291463284758986,0.0009122749784205575,10.031932556548266,9.992698017277807
5.289999999999932,0,0.0015986321928130875,20.07291823199931,0.0002914632847576537,0.0009122749784012951,10.031932556548274,9.992698017277808
5.299999999999931,0,0.0015986321928092018,20.072918231999296,0.00029146328475843086,0.0009122749784036821,10.03193255654827,9.992698017277808
5.309999999999931,0,0.001598632192807481,20.07291823199931,0.00029146328475287975,0.0009122749784075124,10.03193255654827,9.992698017277815
5.319999999999931,0,0.001598632192820193,20.072918231999292,0.00029146328475132544,0.0009122749784036266,10.031932556548275,9.992698017277814
5.329999999999931,0,0.0015986321928069813,20.072918231999292,0.00029146328475182504,0.0009122749784023498,10.031932556548274,9.99269801727782
5.339999999999931,0,0.001598632192817806,20.072918231999303,0.0002914632847470511,0.0009122749784051254,10.031932556548266,9.99269801727782
5.34999999999993,0,0.0015986321928168068,20.072918231999303,0.000291463284754212,0.000912274978393357,10.031932556548268,9.992698017277817
5.35999999999993,0,0.0015986321928194713,20.072918231999306,0.0002914632847560994,0.0009122749784053474,10.03193255654827,9.99269801727782
5.36999999999993,0,0.0015986321928248004,20.0729182319993,0.00029146328475698757,0.0009122749784059025,10.031932556548263,9.99269801727782
5.37999999999993,0,0.0015986321928171954,20.072918231999306,0.000291463284761595,0.0009122749784045148,10.031932556548274,9.992698017277812
5.3899999999999295,0,0.0015986321928137537,20.072918231999306,0.00029146328474699557,0.0009122749784071793,10.03193255654827,9.99269801727782
5.399999999999929,0,0.0015986321928113667,20.072918231999306,0.00029146328475382344,0.0009122749784152839,10.031932556548274,9.992698017277817
5.409999999999929,0,0.001598632192820193,20.0729182319993,0.00029146328475776473,0.0009122749783977424,10.031932556548274,9.99269801727783
5.419999999999929,0,0.0015986321928169733,20.07291823199929,0.00029146328474494165,0.0009122749783999629,10.031932556548279,9.992698017277808
5.429999999999929,0,0.0015986321927993763,20.0729182319993,0.00029146328475598837,0.0009122749784096773,10.031932556548268,9.992698017277815
5.4399999999999284,0,0.0015986321928137537,20.0729182319993,0.0002914632847461074,0.0009122749784133966,10.031932556548275,9.992698017277792
5.449999999999928,0,0.0015986321928176395,20.072918231999296,0.00029146328473544925,0.0009122749783988526,10.031932556548274,9.992698017277812
5.459999999999928,0,0.0015986321928191383,20.072918231999296,0.0002914632847651477,0.0009122749784007955,10.031932556548274,9.99269801727781
5.469999999999928,0,0.0015986321928087577,20.07291823199931,0.0002914632847435539,0.0009122749784029605,10.031932556548274,9.992698017277801
5.479999999999928,0,0.0015986321928168068,20.072918231999306,0.00029146328476342687,0.0009122749784139517,10.031932556548272,9.992698017277808
5.489999999999927,0,0.0015986321928116998,20.072918231999306,0.0002914632847586529,0.0009122749783975759,10.031932556548265,9.99269801727782
5.499999999999927,0,0.0015986321928190272,20.07291823199929,0.00029146328475032623,0.0009122749784020168,10.031932556548272,9.992698017277812
5.509999999999927,0,0.0015986321928209701,20.072918231999324,0.0002914632847680343,0.0009122749784121753,10.031932556548272,9.992698017277796
5.519999999999927,0,0.0015986321928264102,20.072918231999292,0.00029146328474549676,0.0009122749783915807,10.031932556548266,9.992698017277833
5.5299999999999265,0,0.0015986321928201375,20.07291823199931,0.00029146328474144445,0.0009122749783948003,10.031932556548274,9.992698017277823
5.539999999999926,0,0.0015986321928190828,20.072918231999314,0.00029146328475432304,0.0009122749784035711,10.031932556548261,9.992698017277808
5.549999999999926,0,0.0015986321928162517,20.072918231999292,0.0002914632847482168,0.0009122749784015172,10.031932556548265,9.992698017277805
5.559999999999926,0,0.0015986321928164182,20.07291823199931,0.0002914632847556553,0.0009122749784070128,10.031932556548275,9.992698017277796
5.569999999999926,0,0.0015986321928170844,20.07291823199932,0.0002914632847491605,0.000912274978390859,10.03193255654828,9.992698017277833
5.5799999999999255,0,0.0015986321928221914,20.072918231999296,0.00029146328476326033,0.0009122749783900264,10.031932556548268,9.992698017277826
5.589999999999925,0,0.0015986321928384006,20.072918231999303,0.00029146328475082584,0.0009122749783944117,10.031932556548272,9.99269801727783
5.599999999999925,0,0.0015986321928306846,20.07291823199931,0.00029146328475776473,0.0009122749784015172,10.03193255654827,9.992698017277814
5.609999999999925,0,0.0015986321928055935,20.072918231999292,0.0002914632847486609,0.0009122749784106765,10.031932556548265,9.992698017277812
5.619999999999925,0,0.0015986321927997649,20.07291823199929,0.0002914632847512699,0.0009122749784201134,10.03193255654827,9.992698017277805
5.629999999999924,0,0.0015986321928088132,20.072918231999296,0.00029146328475693206,0.0009122749783949669,10.031932556548272,9.992698017277807
5.639999999999924,0,0.001598632192817917,20.0729182319993,0.00029146328476192807,0.0009122749784015727,10.031932556548275,9.992698017277814
5.649999999999924,0,0.0015986321928202485,20.0729182319993,0.0002914632847521026,0.0009122749784074013,10.031932556548277,9.992698017277817
5.659999999999924,0,0.0015986321928164737,20.072918231999296,0.0002914632847576537,0.0009122749784144513,10.03193255654826,9.992698017277801
5.6699999999999235,0,0.001598632192814975,20.072918231999285,0.0002914632847432208,0.0009122749784026829,10.031932556548277,9.992698017277819
5.679999999999923,0,0.0015986321928065927,20.07291823199931,0.0002914632847546561,0.0009122749784027939,10.031932556548263,9.9926980172778
5.689999999999923,0,0.0015986321928137537,20.072918231999296,0.00029146328476686856,0.0009122749783967987,10.031932556548277,9.992698017277817
5.699999999999923,0,0.001598632192817806,20.07291823199931,0.00029146328476081784,0.0009122749784218898,10.031932556548268,9.992698017277803
5.709999999999923,0,0.0015986321928136427,20.072918231999296,0.00029146328475532224,0.0009122749784012951,10.031932556548268,9.992698017277814
5.7199999999999225,0,0.0015986321928181946,20.072918231999296,0.0002914632847610399,0.000912274978408234,10.031932556548265,9.992698017277812
5.729999999999922,0,0.0015986321928219693,20.0729182319993,0.0002914632847635934,0.000912274978405514,10.031932556548266,9.992698017277803
5.739999999999922,0,0.0015986321928297964,20.072918231999317,0.0002914632847587084,0.0009122749783936346,10.031932556548277,9.992698017277817
5.749999999999922,0,0.0015986321928147529,20.072918231999303,0.0002914632847527132,0.000912274978403349,10.031932556548274,9.992698017277812
5.759999999999922,0,0.0015986321928175284,20.072918231999324,0.0002914632847681453,0.0009122749784322148,10.031932556548263,9.992698017277782
5.769999999999921,0,0.001598632192810534,20.072918231999314,0.0002914632847511589,0.0009122749783950779,10.031932556548263,9.992698017277805
5.779999999999921,0,0.0015986321928233571,20.072918231999317,0.0002914632847644816,0.0009122749784097883,10.03193255654827,9.992698017277807
5.789999999999921,0,0.0015986321928117553,20.072918231999296,0.0002914632847586529,0.0009122749783938566,10.031932556548274,9.992698017277831
5.799999999999921,0,0.001598632192820304,20.07291823199932,0.0002914632847482723,0.000912274978400851,10.031932556548268,9.992698017277824
5.809999999999921,0,0.0015986321928183611,20.0729182319993,0.00029146328474399796,0.0009122749784034601,10.031932556548265,9.992698017277824
5.81999999999992,0,0.0015986321928189162,20.07291823199931,0.0002914632847629828,0.0009122749784009621,10.031932556548274,9.99269801727782
5.82999999999992,0,0.0015986321928063152,20.072918231999317,0.0002914632847605958,0.0009122749784030715,10.031932556548274,9.992698017277812
5.83999999999992,0,0.0015986321928222469,20.07291823199931,0.000291463284754212,0.000912274978403349,10.031932556548272,9.992698017277796
5.84999999999992,0,0.0015986321928263547,20.07291823199932,0.00029146328476237215,0.0009122749783976314,10.031932556548268,9.992698017277823
5.8599999999999195,0,0.0015986321928229685,20.072918231999306,0.00029146328477419603,0.000912274978403016,10.031932556548268,9.99269801727782
5.869999999999919,0,0.0015986321928096459,20.072918231999324,0.00029146328476076233,0.000912274978405736,10.031932556548272,9.99269801727781
5.879999999999919,0,0.001598632192818028,20.072918231999303,0.00029146328474594085,0.0009122749784081785,10.031932556548268,9.992698017277807
5.889999999999919,0,0.001598632192808258,20.072918231999317,0.0002914632847515475,0.0009122749783929684,10.031932556548277,9.99269801727782
5.899999999999919,0,0.0015986321927984326,20.072918231999314,0.0002914632847545451,0.0009122749784128414,10.031932556548272,9.992698017277817
5.909999999999918,0,0.0015986321928148084,20.072918231999303,0.000291463284761484,0.000912274978413341,10.031932556548272,9.992698017277812
5.919999999999918,0,0.0015986321928104785,20.072918231999296,0.000291463284761484,0.000912274978408234,10.031932556548272,9.992698017277815
5.929999999999918,0,0.0015986321928161407,20.072918231999285,0.00029146328474538574,0.0009122749783976869,10.031932556548274,9.992698017277828
5.939999999999918,0,0.0015986321928161962,20.072918231999306,0.0002914632847555443,0.000912274978410621,10.031932556548268,9.992698017277808
5.949999999999918,0,0.0015986321928129765,20.07291823199931,0.00029146328476881145,0.0009122749784088446,10.031932556548266,9.992698017277805
5.959999999999917,0,0.0015986321928251335,20.072918231999317,0.0002914632847507148,0.000912274978410399,10.031932556548263,9.99269801727782
5.969999999999917,0,0.001598632192813365,20.07291823199929,0.00029146328473589334,0.000912274978408234,10.03193255654827,9.992698017277815
5.979999999999917,0,0.0015986321928141978,20.072918231999303,0.00029146328475287975,0.0009122749784167272,10.03193255654827,9.992698017277792
5.989999999999917,0,0.0015986321928145864,20.072918231999303,0.0002914632847685894,0.0009122749784138406,10.031932556548272,9.992698017277812
5.9999999999999165,0,0.0015986321928193603,20.072918231999303,0.0002914632847601517,0.0009122749784158946,10.031932556548266,9.992698017277798
6.009999999999916,0,0.0015986321928044278,20.0729182319993,0.0002914632847531018,0.0009122749784064577,10.03193255654827,9.9926980172778
6.019999999999916,0,0.001598632192817695,20.072918231999296,0.000291463284744109,0.0009122749783922468,10.031932556548274,9.992698017277819
6.029999999999916,0,0.0015986321928107006,20.072918231999303,0.0002914632847532683,0.0009122749784024609,10.031932556548274,9.992698017277819
6.039999999999916,0,0.0015986321928082026,20.072918231999306,0.0002914632847467735,0.0009122749784199469,10.031932556548263,9.9926980172778
6.0499999999999154,0,0.0015986321928214142,20.072918231999303,0.0002914632847570431,0.0009122749784012951,10.031932556548272,9.992698017277817
6.059999999999915,0,0.0015986321928077585,20.072918231999303,0.0002914632847674792,0.0009122749784076789,10.03193255654827,9.992698017277817
6.069999999999915,0,0.0015986321928118108,20.07291823199931,0.00029146328474993766,0.0009122749784097883,10.031932556548277,9.992698017277817
6.079999999999915,0,0.001598632192817917,20.072918231999296,0.0002914632847600407,0.0009122749784117867,10.03193255654827,9.992698017277808
6.089999999999915,0,0.0015986321928214142,20.07291823199928,0.0002914632847460519,0.0009122749783803674,10.031932556548274,9.992698017277846
6.099999999999914,0,0.0015986321928246894,20.072918231999292,0.00029146328474743965,0.0009122749784006845,10.031932556548275,9.992698017277814
6.109999999999914,0,0.0015986321928082026,20.072918231999306,0.0002914632847436649,0.0009122749783988526,10.031932556548277,9.992698017277823
6.119999999999914,0,0.001598632192815419,20.072918231999303,0.00029146328475843086,0.0009122749784140072,10.03193255654827,9.992698017277792
6.129999999999914,0,0.0015986321928191383,20.072918231999306,0.0002914632847654808,0.0009122749784115647,10.03193255654827,9.992698017277817
6.1399999999999135,0,0.0015986321928165292,20.072918231999285,0.00029146328475432304,0.0009122749783924133,10.031932556548282,9.99269801727783
6.149999999999913,0,0.001598632192827354,20.07291823199931,0.0002914632847630383,0.0009122749783901929,10.031932556548274,9.992698017277815
6.159999999999913,0,0.0015986321928131986,20.072918231999306,0.00029146328474632943,0.0009122749784030715,10.031932556548265,9.992698017277814
6.169999999999913,0,0.0015986321928090907,20.072918231999296,0.00029146328476492567,0.0009122749784152839,10.03193255654827,9.9926980172778
6.179999999999913,0,0.00159863219281825,20.0729182319993,0.0002914632847560994,0.0009122749783871398,10.031932556548274,9.992698017277828
6.1899999999999125,0,0.0015986321928186387,20.07291823199929,0.00029146328475576633,0.0009122749784001294,10.031932556548275,9.992698017277814
6.199999999999912,0,0.001598632192819971,20.07291823199932,0.0002914632847495491,0.0009122749784084561,10.031932556548268,9.992698017277801
6.209999999999912,0,0.001598632192809868,20.072918231999296,0.00029146328475043726,0.0009122749784002404,10.031932556548263,9.99269801727783
6.219999999999912,0,0.0015986321928195824,20.072918231999296,0.0002914632847662024,0.0009122749784121753,10.03193255654827,9.992698017277807
6.229999999999912,0,0.0015986321928112002,20.072918231999306,0.0002914632847579868,0.0009122749783982975,10.03193255654827,9.992698017277826
6.239999999999911,0,0.0015986321928133096,20.07291823199931,0.0002914632847577092,0.0009122749784065687,10.03193255654828,9.992698017277815
6.249999999999911,0,0.001598632192815308,20.072918231999303,0.00029146328476026273,0.0009122749784191142,10.031932556548265,9.992698017277801
6.259999999999911,0,0.0015986321928163072,20.07291823199931,0.00029146328475648797,0.0009122749783969097,10.031932556548268,9.992698017277819
6.269999999999911,0,0.0015986321928262992,20.072918231999303,0.0002914632847719756,0.0009122749783979645,10.03193255654826,9.992698017277824
6.2799999999999105,0,0.001598632192815863,20.072918231999292,0.00029146328476836736,0.000912274978418115,10.031932556548274,9.992698017277794
6.28999999999991,0,0.0015986321928042613,20.0729182319993,0.00029146328475743166,0.0009122749784026829,10.031932556548268,9.992698017277805
6.29999999999991,0,0.001598632192812477,20.07291823199929,0.0002914632847546561,0.0009122749783906925,10.031932556548266,9.992698017277842
6.30999999999991,0,0.001598632192812588,20.07291823199931,0.0002914632847495491,0.0009122749783991857,10.031932556548274,9.99269801727782
6.31999999999991,0,0.001598632192812366,20.072918231999303,0.00029146328476581385,0.0009122749784037376,10.031932556548266,9.992698017277808
6.3299999999999095,0,0.001598632192817917,20.072918231999317,0.0002914632847507703,0.0009122749784075124,10.031932556548274,9.99269801727781
0.0,0,-1.6653345369377348e-16,20.0,0.0,-5.551115123125783e-17,10.0,10.0
0.01,0,0.001564017864867373,20.07247106047149,0.0002807396893886871,0.0008808587238837151,10.031704974411635,9.992786784703501
0.02,0,0.0016756716846726416,20.073362291949586,0.0002974076583046603,0.0009620721110507602,10.032169169899245,9.992648191815203
0.03,0,0.0016074871408510716,20.072927860116636,0.00029255694529362053,0.0009172299666726502,10.031937534082989,9.992697496208118
0.04,0,0.0015956068985474858,20.072915337489373,0.00029139040643055836,0.0009105762294496778,10.031930980380285,9.992698335014463
0.05,0,0.001597922080289027,20.072918121042946,0.00029140805738803177,0.0009119113865719841,10.031932504736968,9.992698002502028
0.060000000000000005,0,0.0015987133824374444,20.072918250480598,0.00029146098468341153,0.0009123180913833684,10.03193256775084,9.992698013887015
0.07,0,0.001598673860980393,20.07291823313321,0.0002914656204283661,0.0009122955499368257,10.031932556905588,9.992698018311378
0.08,0,0.001598632118219534,20.072918231886952,0.0002914636055451614,0.0009122748679044612,10.031932556409396,9.992698017450577
0.09,0,0.0015986301832943695,20.072918231985213,0.00029146320454986885,0.0009122740030271248,10.031932556545282,9.992698017239414
0.09999999999999999,0,0.0015986320115394803,20.072918231999548,0.00029146326259010813,0.0009122748938296121,10.031932556552434,9.992698017266765
0.10999999999999999,0,0.0015986322726874724,20.0729182319996,0.00029146328653600895,0.0009122750169276439,10.031932556548586,9.992698017278673
0.11999999999999998,0,0.0015986322088659688,20.072918231999335,0.0002914632859577493,0.0009122749859786228,10.031932556548119,9.992698017278409
0.12999999999999998,0,0.001598632190460525,20.072918231999296,0.000291463284769089,0.0009122749772528249,10.03193255654824,9.99269801727784
0.13999999999999999,0,0.0015986321918262103,20.07291823199934,0.0002914632846904852,0.0009122749779324479,10.031932556548277,9.992698017277773
0.15,0,0.0015986321928496139,20.072918231999306,0.00029146328474344285,0.0009122749784015172,10.031932556548274,9.99269801727782
0.16,0,0.0015986321928613823,20.07291823199931,0.00029146328474843886,0.0009122749784223338,10.031932556548265,9.992698017277807
0.17,0,0.001598632192820193,20.072918231999292,0.00029146328475099237,0.0009122749783928574,10.031932556548272,9.99269801727782
0.18000000000000002,0,0.001598632192813365,20.072918231999306,0.0002914632847427212,0.0009122749783944673,10.031932556548274,9.992698017277815
0.19000000000000003,0,0.0015986321928221914,20.072918231999296,0.0002914632847357268,0.0009122749784117312,10.031932556548274,9.99269801727782
0.20000000000000004,0,0.0015986321928176395,20.072918231999306,0.00029146328475032623,0.0009122749784258866,10.031932556548268,9.992698017277792
0.21000000000000005,0,0.0015986321928236347,20.072918231999324,0.0002914632847625387,0.0009122749783991302,10.031932556548277,9.992698017277814
0.22000000000000006,0,0.0015986321928287972,20.072918231999296,0.00029146328474732863,0.0009122749784022388,10.031932556548275,9.992698017277814
0.23000000000000007,0,0.0015986321928181946,20.0729182319993,0.00029146328477325234,0.0009122749784167827,10.031932556548268,9.992698017277817
0.24000000000000007,0,0.001598632192805094,20.07291823199931,0.00029146328474888294,0.0009122749783973538,10.03193255654827,9.992698017277815
0.25000000000000006,0,0.0015986321928260772,20.07291823199931,0.0002914632847465515,0.0009122749784021278,10.03193255654827,9.992698017277801
0.26000000000000006,0,0.0015986321928070923,20.072918231999314,0.0002914632847437204,0.000912274978413008,10.031932556548261,9.992698017277803
0.2700000000000001,0,0.001598632192810201,20.072918231999296,0.0002914632847382248,0.0009122749784044037,10.031932556548274,9.9926980172778
0.2800000000000001,0,0.001598632192815641,20.072918231999292,0.00029146328475387895,0.0009122749784111761,10.031932556548272,9.992698017277808
0.2900000000000001,0,0.00159863219281281,20.072918231999292,0.00029146328475032623,0.0009122749784115092,10.031932556548266,9.992698017277807
0.3000000000000001,0,0.0015986321928141978,20.072918231999292,0.0002914632847584864,0.0009122749784039597,10.031932556548274,9.992698017277824
0.3100000000000001,0,0.0015986321928141423,20.07291823199931,0.00029146328473589334,0.0009122749784113426,10.031932556548266,9.992698017277805
0.3200000000000001,0,0.0015986321928122549,20.07291823199931,0.0002914632847337284,0.0009122749784061801,10.03193255654827,9.992698017277805
0.3300000000000001,0,0.001598632192813143,20.07291823199928,0.00029146328475787575,0.0009122749784037931,10.031932556548268,9.992698017277817
0.34000000000000014,0,0.0015986321928253555,20.07291823199931,0.00029146328474422,0.0009122749783964101,10.03193255654827,9.992698017277828
0.35000000000000014,0,0.0015986321928199154,20.072918231999314,0.0002914632847357268,0.0009122749784020723,10.031932556548274,9.992698017277817
0.36000000000000015,0,0.0015986321928104785,20.072918231999303,0.00029146328475343486,0.0009122749784006845,10.031932556548272,9.9926980172778
0.37000000000000016,0,0.0015986321928138647,20.072918231999303,0.00029146328474033423,0.0009122749784052364,10.03193255654827,9.992698017277817
0.38000000000000017,0,0.0015986321928119218,20.07291823199932,0.00029146328475526673,0.0009122749784085671,10.031932556548272,9.99269801727781
0.3900000000000002,0,0.0015986321928219138,20.07291823199931,0.00029146328476625794,0.0009122749784051254,10.03193255654827,9.992698017277814
0.4000000000000002,0,0.0015986321928188052,20.07291823199929,0.00029146328475387895,0.0009122749784012396,10.031932556548268,9.992698017277817
0.4100000000000002,0,0.0015986321928225244,20.072918231999306,0.0002914632847427767,0.0009122749783991302,10.03193255654827,9.992698017277814
0.4200000000000002,0,0.001598632192825744,20.0729182319993,0.00029146328475493366,0.000912274978403016,10.03193255654827,9.992698017277817
0.4300000000000002,0,0.0015986321928185832,20.072918231999303,0.00029146328475881944,0.0009122749784045148,10.031932556548274,9.99269801727782
0.4400000000000002,0,0.0015986321928225244,20.072918231999296,0.00029146328475598837,0.0009122749784026274,10.031932556548265,9.992698017277815
0.45000000000000023,0,0.0015986321928085911,20.07291823199931,0.00029146328474594085,0.0009122749784036266,10.031932556548272,9.99269801727781
0.46000000000000024,0,0.0015986321928168068,20.072918231999314,0.0002914632847616505,0.0009122749784118422,10.031932556548266,9.992698017277794
0.47000000000000025,0,0.0015986321928171954,20.072918231999317,0.0002914632847512699,0.0009122749784004625,10.031932556548272,9.992698017277814
0.48000000000000026,0,0.0015986321928171954,20.072918231999314,0.0002914632847535459,0.000912274978418337,10.031932556548263,9.992698017277798
0.49000000000000027,0,0.0015986321928236347,20.072918231999285,0.00029146328475587735,0.0009122749784070128,10.031932556548265,9.992698017277814
0.5000000000000002,0,0.0015986321928094238,20.072918231999303,0.00029146328476487016,0.0009122749783935236,10.03193255654828,9.992698017277831
0.5100000000000002,0,0.00159863219281986,20.07291823199931,0.00029146328475149197,0.0009122749783926354,10.031932556548274,9.992698017277837
0.5200000000000002,0,0.0015986321928120883,20.072918231999317,0.00029146328475249117,0.0009122749784012396,10.031932556548279,9.992698017277817
0.5300000000000002,0,0.0015986321928185276,20.072918231999324,0.00029146328474449756,0.0009122749784097328,10.03193255654827,9.9926980172778
0.5400000000000003,0,0.0015986321928223024,20.072918231999306,0.0002914632847470511,0.0009122749784019613,10.03193255654827,9.992698017277817
0.5500000000000003,0,0.001598632192815641,20.07291823199931,0.0002914632847609844,0.0009122749784100659,10.031932556548274,9.992698017277814
0.5600000000000003,0,0.0015986321928314617,20.072918231999306,0.0002914632847432208,0.0009122749784085671,10.03193255654827,9.992698017277801
0.5700000000000003,0,0.0015986321928170844,20.072918231999314,0.00029146328475349037,0.0009122749784107875,10.03193255654827,9.992698017277819
0.5800000000000003,0,0.0015986321928129765,20.072918231999314,0.0002914632847594856,0.0009122749784117312,10.031932556548274,9.992698017277805
0.5900000000000003,0,0.0015986321928310732,20.072918231999303,0.0002914632847551557,0.0009122749783976869,10.031932556548266,9.992698017277815
0.6000000000000003,0,0.001598632192812921,20.072918231999296,0.0002914632847580423,0.0009122749783985196,10.031932556548275,9.99269801727782
0.6100000000000003,0,0.0015986321928171399,20.072918231999296,0.0002914632847527132,0.0009122749783888051,10.03193255654827,9.992698017277826
0.6200000000000003,0,0.0015986321928146419,20.07291823199929,0.00029146328475143646,0.0009122749783891382,10.031932556548274,9.992698017277839
0.6300000000000003,0,0.0015986321928063152,20.07291823199931,0.0002914632847502707,0.0009122749784127304,10.031932556548272,9.992698017277814
0.6400000000000003,0,0.0015986321928180836,20.07291823199931,0.0002914632847442755,0.0009122749783971318,10.031932556548265,9.992698017277819
0.6500000000000004,0,0.0015986321928102565,20.072918231999314,0.0002914632847561549,0.0009122749784016282,10.03193255654827,9.992698017277828
0.6600000000000004,0,0.0015986321928280756,20.072918231999317,0.0002914632847516585,0.000912274978403127,10.031932556548274,9.992698017277815
0.6700000000000004,0,0.001598632192813365,20.072918231999303,0.0002914632847557108,0.0009122749784201689,10.031932556548265,9.99269801727781
0.6800000000000004,0,0.0015986321928133096,20.072918231999296,0.000291463284751714,0.0009122749783977979,10.03193255654827,9.992698017277831
0.6900000000000004,0,0.0015986321928146419,20.072918231999303,0.0002914632847406673,0.0009122749783996298,10.031932556548274,9.99269801727782
0.7000000000000004,0,0.0015986321928128655,20.072918231999303,0.00029146328474044525,0.0009122749784057915,10.031932556548275,9.992698017277812
0.7100000000000004,0,0.0015986321928267988,20.0729182319993,0.00029146328474993766,0.0009122749784121198,10.03193255654827,9.992698017277805
0.7200000000000004,0,0.0015986321928064817,20.072918231999314,0.0002914632847426657,0.000912274978400518,10.031932556548272,9.992698017277814
0.7300000000000004,0,0.0015986321928181946,20.07291823199931,0.00029146328475482264,0.0009122749783982975,10.031932556548268,9.992698017277831
0.7400000000000004,0,0.001598632192810423,20.072918231999317,0.0002914632847298426,0.0009122749784019057,10.031932556548275,9.992698017277812
0.7500000000000004,0,0.00159863219281553,20.07291823199929,0.00029146328475093686,0.0009122749784123418,10.031932556548263,9.9926980172778
0.7600000000000005,0,0.0015986321928197489,20.07291823199931,0.00029146328475143646,0.000912274978403349,10.03193255654828,9.992698017277814
0.7700000000000005,0,0.0015986321928267988,20.072918231999314,0.00029146328476342687,0.0009122749784175044,10.031932556548265,9.992698017277798
0.7800000000000005,0,0.0015986321928169733,20.072918231999303,0.0002914632847522136,0.0009122749784054585,10.031932556548274,9.992698017277824
0.7900000000000005,0,0.001598632192815086,20.072918231999317,0.0002914632847502152,0.000912274978393024,10.03193255654827,9.992698017277828
0.8000000000000005,0,0.0015986321928135871,20.072918231999296,0.0002914632847297871,0.0009122749784121198,10.031932556548266,9.992698017277803
0.8100000000000005,0,0.0015986321928239122,20.072918231999317,0.0002914632847521026,0.0009122749784009065,10.031932556548268,9.992698017277817
0.8200000000000005,0,0.0015986321928242453,20.072918231999317,0.0002914632847620391,0.000912274978405736,10.031932556548272,9.992698017277814
0.8300000000000005,0,0.0015986321928121439,20.072918231999328,0.00029146328475099237,0.0009122749784103434,10.031932556548277,9.992698017277817
0.8400000000000005,0,0.0015986321928240788,20.072918231999303,0.00029146328473850236,0.0009122749784006845,10.031932556548274,9.992698017277831
0.8500000000000005,0,0.0015986321928220248,20.072918231999296,0.0002914632847695331,0.0009122749784081785,10.031932556548277,9.992698017277812
0.8600000000000005,0,0.0015986321928082026,20.072918231999296,0.000291463284754101,0.0009122749784021833,10.031932556548272,9.99269801727781
0.8700000000000006,0,0.001598632192810645,20.072918231999296,0.0002914632847446641,0.0009122749784093442,10.03193255654827,9.992698017277808
0.8800000000000006,0,0.0015986321928136982,20.07291823199931,0.00029146328474738414,0.0009122749783975759,10.031932556548266,9.992698017277812
0.8900000000000006,0,0.001598632192820193,20.072918231999292,0.00029146328476536976,0.0009122749784039041,10.031932556548266,9.99269801727782
0.9000000000000006,0,0.0015986321928170288,20.072918231999285,0.00029146328474399796,0.0009122749784111206,10.031932556548274,9.992698017277803
0.9100000000000006,0,0.0015986321928060376,20.072918231999296,0.00029146328475787575,0.000912274978405625,10.03193255654827,9.992698017277814
0.9200000000000006,0,0.001598632192813254,20.07291823199931,0.00029146328475432304,0.0009122749784064577,10.031932556548275,9.992698017277814
0.9300000000000006,0,0.0015986321928085356,20.072918231999296,0.0002914632847487164,0.0009122749784054585,10.031932556548275,9.99269801727781
0.9400000000000006,0,0.0015986321928063152,20.072918231999324,0.0002914632847555998,0.0009122749784087891,10.031932556548274,9.992698017277801
0.9500000000000006,0,0.0015986321928111447,20.072918231999303,0.0002914632847515475,0.0009122749783888051,10.031932556548274,9.992698017277844
0.9600000000000006,0,0.0015986321928171954,20.072918231999306,0.00029146328475826433,0.0009122749783960771,10.031932556548274,9.99269801727782
0.9700000000000006,0,0.0015986321928277425,20.07291823199931,0.0002914632847486054,0.0009122749784003514,10.031932556548272,9.992698017277815
0.9800000000000006,0,0.0015986321928195268,20.072918231999303,0.00029146328476425953,0.0009122749784027384,10.03193255654827,9.992698017277807
0.9900000000000007,0,0.0015986321928193048,20.072918231999328,0.00029146328475049277,0.0009122749783981865,10.031932556548272,9.992698017277817
1.0000000000000007,0,0.0015986321928060931,20.072918231999314,0.00029146328474743965,0.0009122749784091222,10.031932556548275,9.992698017277805
1.0100000000000007,0,0.001598632192812921,20.07291823199931,0.00029146328475299077,0.0009122749783840867,10.031932556548275,9.992698017277839
1.0200000000000007,0,0.0015986321928113667,20.072918231999292,0.0002914632847512699,0.0009122749784153394,10.031932556548268,9.99269801727781
0.0,0,-1.6653345369377348e-16,20.0,0.0,-5.551115123125783e-17,10.0,10.0
0.01,0,0.001564017864867373,20.07247106047149,0.0002807396893886871,0.0008808587238837151,10.031704974411635,9.992786784703501
0.02,0,0.0016756716846726416,20.073362291949586,0.00029740765830477134,0.0009620721110507602,10.032169169899245,9.992648191815203
0.03,0,0.0016074871408454094,20.072927860116643,0.0002925569452885135,0.0009172299666733719,10.031937534082985,9.99269749620812
0.04,0,0.0015956068985621408,20.07291533748937,0.0002913904064467676,0.0009105762294415731,10.031930980380281,9.992698335014452
0.05,0,0.0015979220802900818,20.072918121042918,0.0002914080573861999,0.0009119113865418971,10.031932504736961,9.992698002502053
0.060000000000000005,0,0.0015987133824367783,20.0729182504806,0.00029146098470150816,0.0009123180913859774,10.031932567750843,9.992698013887026
0.07,0,0.0015986738609854445,20.07291823313319,0.00029146562042814406,0.0009122955499325514,10.031932556905588,9.992698018311382
0.08,0,0.0015986321182159813,20.072918231886955,0.0002914636055422748,0.0009122748678949688,10.0319325564094,9.992698017450602
0.09,0,0.0015986301832986993,20.07291823198519,0.0002914632045435961,0.000912274003052882,10.031932556545271,9.99269801723938
0.09999999999999999,0,0.0015986320115408126,20.072918231999545,0.00029146326257578625,0.000912274893821563,10.031932556552434,9.992698017266765
0.10999999999999999,0,0.0015986322726785351,20.07291823199959,0.00029146328651452613,0.000912275016930586,10.031932556548576,9.992698017278684
0.11999999999999998,0,0.001598632208877293,20.072918231999335,0.0002914632859529753,0.0009122749859888923,10.031932556548112,9.992698017278395
0.12999999999999998,0,0.001598632190465299,20.072918231999296,0.0002914632847670351,0.0009122749772663141,10.031932556548252,9.992698017277807
0.13999999999999999,0,0.0015986321918280422,20.072918231999306,0.00029146328471563177,0.0009122749779602035,10.031932556548277,9.992698017277762
0.15,0,0.0015986321928389557,20.072918231999317,0.00029146328475238015,0.0009122749784143958,10.031932556548268,9.992698017277803
0.16,0,0.001598632192879701,20.07291823199929,0.00029146328475443406,0.0009122749784193362,10.031932556548266,9.992698017277828
0.17,0,0.0015986321928208591,20.072918231999303,0.00029146328473705907,0.0009122749784039597,10.03193255654827,9.992698017277803
0.18000000000000002,0,0.0015986321928065372,20.072918231999303,0.0002914632847412224,0.0009122749784010731,10.03193255654827,9.992698017277815
0.19000000000000003,0,0.001598632192822913,20.072918231999296,0.00029146328475382344,0.0009122749784107875,10.03193255654827,9.992698017277798
0.20000000000000004,0,0.0015986321928220804,20.072918231999303,0.0002914632847416665,0.000912274978390859,10.03193255654827,9.99269801727784
0.21000000000000005,0,0.001598632192820637,20.07291823199931,0.00029146328475893046,0.0009122749783977424,10.031932556548275,9.992698017277819
0.22000000000000006,0,0.0015986321928083136,20.072918231999303,0.0002914632847624832,0.000912274978405736,10.031932556548266,9.992698017277803
0.23000000000000007,0,0.001598632192807925,20.072918231999306,0.00029146328475926353,0.0009122749783793682,10.03193255654827,9.992698017277835
0.24000000000000007,0,0.0015986321928168623,20.07291823199929,0.0002914632847586529,0.0009122749784063466,10.031932556548268,9.992698017277803
0.25000000000000006,0,0.0015986321928064817,20.07291823199931,0.0002914632847536569,0.0009122749784155615,10.031932556548266,9.9926980172778
0.26000000000000006,0,0.0015986321928239677,20.072918231999314,0.0002914632847635934,0.0009122749783949113,10.031932556548268,9.99269801727783
0.2700000000000001,0,0.001598632192815086,20.072918231999314,0.00029146328475548877,0.0009122749783943007,10.031932556548275,9.992698017277823
0.2800000000000001,0,0.0015986321928143643,20.072918231999306,0.00029146328474782823,0.0009122749784002959,10.03193255654827,9.9926980172778
0.2900000000000001,0,0.0015986321928253555,20.072918231999303,0.0002914632847594856,0.0009122749784001294,10.031932556548266,9.992698017277815
0.3000000000000001,0,0.0015986321928196934,20.07291823199931,0.00029146328475648797,0.0009122749784132855,10.031932556548268,9.9926980172778
0.3100000000000001,0,0.0015986321928210812,20.072918231999296,0.00029146328476525873,0.0009122749783990747,10.031932556548272,9.992698017277823
0.3200000000000001,0,0.0015986321928164737,20.072918231999314,0.0002914632847427212,0.0009122749783952444,10.031932556548277,9.992698017277814
0.3300000000000001,0,0.001598632192827687,20.072918231999314,0.00029146328474893846,0.0009122749784062911,10.031932556548268,9.992698017277794
0.34000000000000014,0,0.0015986321928145864,20.072918231999296,0.0002914632847477172,0.0009122749783910256,10.031932556548274,9.992698017277826
0.35000000000000014,0,0.0015986321928291858,20.072918231999296,0.0002914632847425547,0.0009122749783924688,10.031932556548277,9.992698017277828
0.36000000000000015,0,0.0015986321928166958,20.07291823199931,0.00029146328475143646,0.0009122749783962991,10.03193255654827,9.992698017277817
0.37000000000000016,0,0.0015986321928042613,20.072918231999303,0.0002914632847502707,0.0009122749784165052,10.031932556548274,9.992698017277808
0.38000000000000017,0,0.0015986321928138092,20.0729182319993,0.0002914632847537679,0.0009122749784097883,10.031932556548265,9.992698017277815
0.3900000000000002,0,0.001598632192802485,20.0729182319993,0.00029146328475387895,0.0009122749783976314,10.031932556548274,9.992698017277823
0.4000000000000002,0,0.0015986321928125324,20.07291823199928,0.0002914632847507148,0.0009122749784044037,10.031932556548268,9.992698017277801
0.4100000000000002,0,0.0015986321928200264,20.072918231999292,0.0002914632847476617,0.000912274978408234,10.031932556548263,9.992698017277808
0.4200000000000002,0,0.001598632192808258,20.072918231999285,0.0002914632847647036,0.000912274978398131,10.03193255654827,9.992698017277823
0.4300000000000002,0,0.001598632192814864,20.072918231999303,0.0002914632847547116,0.0009122749784107875,10.03193255654827,9.992698017277808
0.4400000000000002,0,0.0015986321928186942,20.07291823199931,0.0002914632847511589,0.0009122749783904149,10.03193255654827,9.99269801727783
0.45000000000000023,0,0.0015986321928172509,20.072918231999296,0.00029146328475387895,0.0009122749783894712,10.031932556548274,9.992698017277835
0.46000000000000024,0,0.0015986321928017633,20.07291823199929,0.0002914632847356158,0.0009122749783935791,10.031932556548274,9.992698017277828
0.47000000000000025,0,0.001598632192813032,20.072918231999296,0.0002914632847462739,0.0009122749783945228,10.031932556548266,9.992698017277823
0.48000000000000026,0,0.0015986321928184166,20.072918231999296,0.0002914632847461074,0.0009122749783895823,10.031932556548272,9.99269801727782
0.49000000000000027,0,0.0015986321928248004,20.0729182319993,0.0002914632847677012,0.0009122749783929684,10.031932556548266,9.992698017277837
0.5000000000000002,0,0.0015986321928165848,20.072918231999314,0.0002914632847456633,0.0009122749784092887,10.03193255654827,9.992698017277803
0.5100000000000002,0,0.001598632192827243,20.072918231999296,0.0002914632847609844,0.0009122749783947448,10.031932556548268,9.99269801727782
0.5200000000000002,0,0.0015986321928145864,20.07291823199931,0.0002914632847666465,0.0009122749784116202,10.031932556548265,9.992698017277815
0.5300000000000002,0,0.001598632192805649,20.072918231999317,0.00029146328473739214,0.0009122749784014617,10.031932556548272,9.992698017277826
0.5400000000000003,0,0.001598632192812921,20.07291823199931,0.0002914632847481613,0.0009122749784060691,10.03193255654827,9.99269801727781
0.5500000000000003,0,0.0015986321928121439,20.072918231999306,0.0002914632847471066,0.0009122749784092332,10.031932556548265,9.992698017277808
0.5600000000000003,0,0.0015986321928063707,20.07291823199931,0.0002914632847685339,0.000912274978407901,10.031932556548263,9.99269801727781
0.5700000000000003,0,0.0015986321928246339,20.072918231999306,0.00029146328475576633,0.0009122749783989637,10.031932556548272,9.992698017277814
0.5800000000000003,0,0.00159863219281553,20.072918231999292,0.00029146328476081784,0.0009122749784137296,10.031932556548272,9.992698017277807
0.5900000000000003,0,0.0015986321928102565,20.07291823199931,0.00029146328475243566,0.0009122749784163386,10.031932556548258,9.9926980172778
0.6000000000000003,0,0.0015986321928112002,20.072918231999303,0.00029146328473989014,0.000912274978395744,10.031932556548275,9.99269801727782
0.6100000000000003,0,0.001598632192814864,20.072918231999296,0.00029146328475632144,0.0009122749783919692,10.031932556548274,9.99269801727782
0.6200000000000003,0,0.0015986321928239122,20.072918231999303,0.0002914632847446641,0.0009122749783964657,10.031932556548279,9.992698017277824
0.6300000000000003,0,0.0015986321928138647,20.072918231999328,0.00029146328474988215,0.0009122749784026829,10.03193255654827,9.992698017277817
0.6400000000000003,0,0.001598632192803262,20.072918231999317,0.00029146328475793126,0.0009122749784143958,10.031932556548266,9.9926980172778
0.6500000000000004,0,0.0015986321928235236,20.07291823199932,0.00029146328475382344,0.0009122749783966322,10.031932556548274,9.992698017277828
0.6600000000000004,0,0.0015986321928286307,20.07291823199931,0.00029146328476181704,0.0009122749784031825,10.03193255654827,9.992698017277819
0.6700000000000004,0,0.0015986321928331826,20.072918231999324,0.00029146328476126193,0.0009122749783969097,10.031932556548279,9.992698017277823
0.6800000000000004,0,0.001598632192820082,20.07291823199929,0.0002914632847437759,0.0009122749784047923,10.031932556548274,9.992698017277812
0.6900000000000004,0,0.0015986321928024294,20.072918231999314,0.000291463284749105,0.0009122749784062356,10.031932556548268,9.992698017277812
0.7000000000000004,0,0.0015986321928184166,20.0729182319993,0.00029146328475382344,0.0009122749783944117,10.031932556548272,9.992698017277824
0.7100000000000004,0,0.0015986321928287417,20.072918231999306,0.0002914632847500487,0.0009122749783953554,10.031932556548284,9.99269801727783
0.7200000000000004,0,0.0015986321928260772,20.07291823199931,0.00029146328475726513,0.0009122749783996298,10.031932556548277,9.9926980172778
0.7300000000000004,0,0.0015986321928239122,20.072918231999306,0.00029146328476736816,0.0009122749784047368,10.031932556548275,9.992698017277817
0.7400000000000004,0,0.0015986321928221914,20.072918231999303,0.00029146328474893846,0.0009122749784004069,10.031932556548274,9.992698017277815
0.7500000000000004,0,0.0015986321928119218,20.072918231999306,0.00029146328474383143,0.000912274978405847,10.031932556548272,9.99269801727781
0.7600000000000005,0,0.0015986321928096459,20.07291823199933,0.00029146328475193606,0.0009122749784095108,10.031932556548272,9.9926980172778
0.7700000000000005,0,0.0015986321928233571,20.072918231999303,0.00029146328476081784,0.0009122749784042372,10.03193255654827,9.992698017277817
0.7800000000000005,0,0.0015986321928224134,20.072918231999296,0.00029146328475282424,0.0009122749784090667,10.03193255654827,9.99269801727781
0.7900000000000005,0,0.0015986321928148084,20.07291823199931,0.0002914632847632048,0.0009122749784011841,10.031932556548263,9.992698017277819
0.8000000000000005,0,0.0015986321928153635,20.072918231999296,0.00029146328476131744,0.0009122749784074013,10.03193255654827,9.992698017277814
0.8100000000000005,0,0.0015986321928095903,20.072918231999303,0.0002914632847656473,0.0009122749784219453,10.03193255654826,9.992698017277796
0.8200000000000005,0,0.0015986321928228575,20.072918231999296,0.0002914632847532683,0.0009122749784009065,10.031932556548275,9.992698017277815
0.8300000000000005,0,0.0015986321928171399,20.072918231999306,0.0002914632847495491,0.0009122749784150619,10.031932556548277,9.992698017277803
0.8400000000000005,0,0.0015986321928159741,20.072918231999306,0.0002914632847510479,0.0009122749784014061,10.031932556548272,9.99269801727782
0.8500000000000005,0,0.001598632192820637,20.07291823199931,0.0002914632847574872,0.0009122749784004069,10.031932556548274,9.99269801727782
0.8600000000000005,0,0.001598632192837568,20.07291823199931,0.00029146328476475913,0.0009122749784158946,10.031932556548268,9.99269801727781
0.8700000000000006,0,0.001598632192817584,20.072918231999317,0.0002914632847461074,0.0009122749784044037,10.031932556548266,9.992698017277812
0.8800000000000006,0,0.001598632192814864,20.072918231999306,0.00029146328475671,0.00091227497839097,10.031932556548272,9.992698017277837
0.8900000000000006,0,0.0015986321928191383,20.072918231999324,0.0002914632847482723,0.0009122749783974649,10.03193255654827,9.992698017277815
0.9000000000000006,0,0.0015986321928091463,20.072918231999303,0.0002914632847506593,0.0009122749784026829,10.031932556548268,9.99269801727782
0.9100000000000006,0,0.001598632192820637,20.072918231999296,0.000291463284731841,0.0009122749784076234,10.03193255654827,9.992698017277801
0.9200000000000006,0,0.0015986321928150304,20.07291823199931,0.0002914632847510479,0.0009122749784091777,10.031932556548265,9.992698017277808
0.9300000000000006,0,0.0015986321928103675,20.07291823199931,0.0002914632847430543,0.0009122749783863626,10.031932556548277,9.992698017277842
0.9400000000000006,0,0.0015986321928110891,20.07291823199933,0.00029146328476326033,0.000912274978405736,10.031932556548274,9.992698017277805
0.9500000000000006,0,0.0015986321928214142,20.07291823199931,0.0002914632847372811,0.0009122749784062911,10.031932556548266,9.992698017277814
0.9600000000000006,0,0.0015986321928300185,20.07291823199931,0.00029146328474433103,0.0009122749784093998,10.031932556548274,9.992698017277808
0.9700000000000006,0,0.0015986321928145308,20.072918231999314,0.0002914632847582088,0.0009122749784063466,10.031932556548275,9.992698017277807
0.9800000000000006,0,0.0015986321928195824,20.072918231999292,0.00029146328475343486,0.0009122749784070128,10.031932556548274,9.992698017277819
0.9900000000000007,0,0.0015986321928204705,20.072918231999296,0.0002914632847560439,0.0009122749784191142,10.031932556548274,9.9926980172778
1.0000000000000007,0,0.001598632192813032,20.072918231999296,0.0002914632847512699,0.0009122749783951889,10.031932556548275,9.992698017277807
1.0100000000000007,0,0.0015986321928263547,20.072918231999303,0.00029146328475831984,0.0009122749784135076,10.031932556548266,9.99269801727781
1.0200000000000007,0,0.001598632192829852,20.072918231999303,0.00029146328475487815,0.0009122749784045148,10.031932556548266,9.992698017277817
1.0300000000000007,0,0.001598632192818139,20.072918231999303,0.00029146328476226113,0.0009122749784072903,10.03193255654826,9.992698017277823
1.0400000000000007,0,0.0015986321928176395,20.072918231999296,0.00029146328475537775,0.0009122749784077899,10.031932556548261,9.992698017277814
1.0500000000000007,0,0.0015986321928109781,20.072918231999328,0.00029146328475887495,0.0009122749784152839,10.031932556548268,9.992698017277812
1.0600000000000007,0,0.0015986321928145308,20.072918231999317,0.0002914632847581533,0.0009122749784044593,10.031932556548275,9.992698017277814
1.0700000000000007,0,0.0015986321928146419,20.072918231999267,0.00029146328474694005,0.000912274978410621,10.031932556548263,9.992698017277805
1.0800000000000007,0,0.0015986321928164182,20.0729182319993,0.0002914632847512699,0.0009122749784048478,10.031932556548266,9.992698017277823
1.0900000000000007,0,0.0015986321928163072,20.072918231999314,0.0002914632847517695,0.0009122749784065132,10.031932556548275,9.992698017277812
1.1000000000000008,0,0.0015986321928140867,20.072918231999324,0.0002914632847446086,0.0009122749784049589,10.031932556548265,9.992698017277814
1.1100000000000008,0,0.0015986321928119218,20.07291823199931,0.0002914632847527132,0.0009122749784037376,10.031932556548268,9.992698017277815
1.1200000000000008,0,0.0015986321928210812,20.072918231999303,0.0002914632847411114,0.0009122749784082895,10.03193255654828,9.992698017277815
1.1300000000000008,0,0.001598632192812366,20.072918231999292,0.00029146328475398997,0.0009122749784053474,10.031932556548266,9.992698017277815
1.1400000000000008,0,0.0015986321928112002,20.072918231999296,0.00029146328474738414,0.0009122749784120088,10.031932556548268,9.992698017277798
1.1500000000000008,0,0.0015986321928116443,20.072918231999314,0.00029146328474893846,0.0009122749784111206,10.031932556548272,9.992698017277808
1.1600000000000008,0,0.0015986321928163627,20.072918231999324,0.00029146328474100036,0.0009122749783982975,10.031932556548277,9.992698017277808
1.1700000000000008,0,0.0015986321928150304,20.07291823199931,0.0002914632847632048,0.0009122749784059025,10.031932556548272,9.992698017277812
1.1800000000000008,0,0.0015986321928122549,20.072918231999306,0.00029146328475793126,0.0009122749784135631,10.031932556548274,9.99269801727781
1.1900000000000008,0,0.0015986321928221914,20.07291823199931,0.0002914632847655363,0.0009122749783890827,10.03193255654828,9.992698017277831
1.2000000000000008,0,0.001598632192809868,20.072918231999324,0.0002914632847381693,0.0009122749783990747,10.031932556548272,9.99269801727782
1.2100000000000009,0,0.0015986321928250224,20.072918231999296,0.0002914632847550447,0.0009122749784045703,10.03193255654827,9.992698017277807
1.2200000000000009,0,0.0015986321928215808,20.072918231999317,0.0002914632847579868,0.0009122749784099549,10.031932556548277,9.992698017277803
1.2300000000000009,0,0.0015986321928039282,20.072918231999306,0.0002914632847477727,0.000912274978403238,10.03193255654827,9.992698017277817
1.2400000000000009,0,0.0015986321928272984,20.07291823199931,0.0002914632847641485,0.0009122749784235551,10.03193255654827,9.9926980172778
1.2500000000000009,0,0.0015986321928144753,20.072918231999303,0.0002914632847346166,0.0009122749784035156,10.031932556548277,9.992698017277815
1.260000000000001,0,0.001598632192815752,20.072918231999314,0.000291463284761484,0.000912274978425498,10.03193255654827,9.992698017277792
1.270000000000001,0,0.0015986321928166403,20.072918231999317,0.0002914632847470511,0.0009122749784127859,10.031932556548277,9.99269801727781
1.280000000000001,0,0.0015986321928311287,20.072918231999303,0.0002914632847537124,0.0009122749784139517,10.031932556548275,9.992698017277814
1.290000000000001,0,0.001598632192813032,20.0729182319993,0.0002914632847561549,0.0009122749784087336,10.031932556548275,9.992698017277815
1.300000000000001,0,0.0015986321928215252,20.072918231999296,0.0002914632847506593,0.0009122749783997963,10.031932556548266,9.992698017277817
1.310000000000001,0,0.0015986321928195824,20.072918231999303,0.00029146328474399796,0.0009122749784142292,10.031932556548272,9.992698017277807
1.320000000000001,0,0.0015986321928089242,20.072918231999324,0.0002914632847386134,0.0009122749783911366,10.031932556548277,9.99269801727782
1.330000000000001,0,0.0015986321928035951,20.07291823199931,0.00029146328474882743,0.0009122749784056805,10.031932556548277,9.992698017277817
1.340000000000001,0,0.0015986321928277425,20.072918231999296,0.00029146328476326033,0.000912274978412897,10.031932556548266,9.992698017277805
1.350000000000001,0,0.0015986321928193048,20.072918231999317,0.0002914632847542675,0.0009122749784018502,10.031932556548274,9.992698017277814
1.360000000000001,0,0.0015986321928293523,20.072918231999314,0.00029146328475926353,0.0009122749784013506,10.031932556548272,9.9926980172778
1.370000000000001,0,0.0015986321927959901,20.072918231999303,0.00029146328474632943,0.0009122749784086226,10.031932556548275,9.992698017277807
1.380000000000001,0,0.0015986321928133096,20.072918231999306,0.0002914632847532683,0.0009122749784034045,10.031932556548272,9.992698017277803
1.390000000000001,0,0.0015986321928141423,20.072918231999292,0.0002914632847461074,0.0009122749784060691,10.03193255654827,9.99269801727781
1.400000000000001,0,0.0015986321928145308,20.07291823199931,0.0002914632847497156,0.0009122749784209461,10.031932556548266,9.992698017277796
1.410000000000001,0,0.00159863219281281,20.072918231999296,0.00029146328474749517,0.0009122749784012951,10.03193255654827,9.992698017277814
1.420000000000001,0,0.001598632192809868,20.072918231999296,0.0002914632847595411,0.0009122749784075679,10.031932556548272,9.992698017277808
1.430000000000001,0,0.001598632192807481,20.072918231999306,0.0002914632847637044,0.000912274978403238,10.03193255654826,9.992698017277817
1.440000000000001,0,0.0015986321928122549,20.072918231999306,0.0002914632847530463,0.0009122749784016282,10.031932556548266,9.992698017277817
1.450000000000001,0,0.0015986321928088687,20.072918231999303,0.0002914632847649812,0.0009122749784052919,10.03193255654827,9.992698017277815
1.460000000000001,0,0.0015986321928062597,20.072918231999292,0.00029146328474682903,0.0009122749784204465,10.031932556548272,9.992698017277801
1.470000000000001,0,0.0015986321928196934,20.07291823199933,0.00029146328476736816,0.0009122749784066797,10.031932556548268,9.992698017277814
1.480000000000001,0,0.0015986321928246339,20.0729182319993,0.00029146328475526673,0.0009122749784160611,10.031932556548272,9.992698017277815
1.490000000000001,0,0.0015986321928038172,20.072918231999303,0.00029146328474788374,0.0009122749784125084,10.031932556548277,9.9926980172778
1.500000000000001,0,0.001598632192815863,20.072918231999317,0.00029146328474632943,0.0009122749783977424,10.031932556548277,9.992698017277826
1.5100000000000011,0,0.0015986321928097569,20.072918231999296,0.00029146328475676553,0.0009122749784116202,10.03193255654827,9.992698017277817
1.5200000000000011,0,0.0015986321928091463,20.07291823199931,0.00029146328474599636,0.0009122749784097883,10.03193255654827,9.992698017277805
1.5300000000000011,0,0.0015986321928219138,20.072918231999317,0.0002914632847426102,0.0009122749783975759,10.031932556548286,9.992698017277831
1.5400000000000011,0,0.0015986321928160296,20.072918231999303,0.0002914632847584864,0.000912274978398353,10.031932556548266,9.992698017277823
1.5500000000000012,0,0.001598632192833016,20.072918231999303,0.00029146328475387895,0.0009122749783936901,10.031932556548266,9.992698017277817
1.5600000000000012,0,0.0015986321928061487,20.072918231999303,0.00029146328474349836,0.0009122749784045148,10.03193255654827,9.99269801727782
1.5700000000000012,0,0.001598632192819971,20.072918231999324,0.0002914632847547116,0.0009122749784026274,10.031932556548272,9.992698017277817
1.5800000000000012,0,0.0015986321928169178,20.072918231999303,0.00029146328474793926,0.0009122749784112316,10.031932556548266,9.992698017277808
1.5900000000000012,0,0.0015986321928237457,20.072918231999306,0.00029146328475876393,0.0009122749784122863,10.031932556548268,9.992698017277815
1.6000000000000012,0,0.0015986321928101455,20.07291823199929,0.00029146328475243566,0.0009122749783895823,10.031932556548274,9.99269801727783
1.6100000000000012,0,0.001598632192817695,20.072918231999292,0.00029146328474488614,0.0009122749783911366,10.031932556548279,9.992698017277828
1.6200000000000012,0,0.0015986321928304625,20.072918231999306,0.0002914632847525467,0.0009122749783893047,10.031932556548274,9.992698017277835
1.6300000000000012,0,0.001598632192815863,20.072918231999324,0.00029146328474333183,0.0009122749783971873,10.031932556548275,9.992698017277828
1.6400000000000012,0,0.0015986321928285196,20.072918231999296,0.0002914632847470511,0.0009122749783891937,10.031932556548258,9.992698017277826
1.6500000000000012,0,0.0015986321928189717,20.072918231999296,0.00029146328475332384,0.0009122749784009065,10.031932556548275,9.992698017277828
1.6600000000000013,0,0.0015986321928187497,20.07291823199932,0.00029146328475698757,0.0009122749784000184,10.031932556548274,9.992698017277808
1.6700000000000013,0,0.001598632192808258,20.07291823199931,0.0002914632847621501,0.0009122749784010176,10.031932556548265,9.992698017277814
1.6800000000000013,0,0.0015986321928259106,20.072918231999306,0.0002914632847481058,0.0009122749784100659,10.031932556548274,9.992698017277817
1.6900000000000013,0,0.0015986321928069258,20.072918231999303,0.00029146328474899397,0.0009122749784141182,10.031932556548274,9.99269801727781
1.7000000000000013,0,0.0015986321928183056,20.072918231999317,0.00029146328475493366,0.0009122749783905815,10.03193255654827,9.992698017277817
1.7100000000000013,0,0.0015986321928165292,20.072918231999303,0.00029146328474194405,0.0009122749784103434,10.031932556548266,9.992698017277794
1.7200000000000013,0,0.0015986321928116998,20.07291823199931,0.00029146328474538574,0.0009122749784055695,10.031932556548274,9.992698017277805
1.7300000000000013,0,0.0015986321928119218,20.072918231999292,0.00029146328475398997,0.0009122749784265527,10.031932556548277,9.9926980172778
1.7400000000000013,0,0.0015986321928260216,20.072918231999296,0.000291463284759097,0.0009122749783969097,10.031932556548266,9.99269801727782
1.7500000000000013,0,0.0015986321928295744,20.0729182319993,0.0002914632847724752,0.000912274978403238,10.031932556548274,9.99269801727781
1.7600000000000013,0,0.0015986321928164182,20.07291823199932,0.0002914632847566545,0.0009122749784060691,10.031932556548265,9.992698017277798
1.7700000000000014,0,0.001598632192823246,20.0729182319993,0.0002914632847515475,0.000912274978393246,10.031932556548274,9.992698017277839
1.7800000000000014,0,0.001598632192815419,20.072918231999303,0.000291463284751603,0.000912274978383476,10.031932556548282,9.992698017277815
1.7900000000000014,0,0.0015986321928252445,20.072918231999317,0.00029146328475943006,0.000912274978390637,10.031932556548274,9.992698017277831
1.8000000000000014,0,0.0015986321928214697,20.072918231999324,0.00029146328476331584,0.0009122749783970208,10.031932556548266,9.992698017277805
1.8100000000000014,0,0.0015986321928138647,20.072918231999303,0.0002914632847496601,0.0009122749784070683,10.031932556548272,9.992698017277817
1.8200000000000014,0,0.001598632192810201,20.072918231999285,0.00029146328475082584,0.0009122749784047368,10.031932556548266,9.992698017277831
1.8300000000000014,0,0.0015986321928127545,20.072918231999328,0.0002914632847537124,0.0009122749784159501,10.031932556548274,9.992698017277794
1.8400000000000014,0,0.0015986321928161962,20.072918231999303,0.00029146328475032623,0.0009122749783944117,10.031932556548268,9.992698017277828
1.8500000000000014,0,0.0015986321928135316,20.07291823199929,0.0002914632847541565,0.0009122749783973538,10.031932556548274,9.99269801727782
1.8600000000000014,0,0.0015986321928101455,20.072918231999303,0.0002914632847517695,0.0009122749784065132,10.03193255654827,9.992698017277807
1.8700000000000014,0,0.0015986321928201375,20.072918231999296,0.0002914632847624832,0.0009122749784101214,10.031932556548265,9.9926980172778
1.8800000000000014,0,0.0015986321928134206,20.072918231999292,0.0002914632847455523,0.0009122749784135076,10.03193255654827,9.992698017277803
1.8900000000000015,0,0.0015986321928141423,20.07291823199931,0.00029146328473950156,0.0009122749783975759,10.031932556548279,9.99269801727781
1.9000000000000015,0,0.0015986321928118108,20.072918231999296,0.00029146328474488614,0.0009122749784071238,10.031932556548275,9.99269801727782
1.9100000000000015,0,0.0015986321928210256,20.072918231999306,0.00029146328474694005,0.0009122749783966877,10.03193255654828,9.99269801727781
1.9200000000000015,0,0.0015986321928093683,20.072918231999317,0.0002914632847480503,0.0009122749784066242,10.03193255654827,9.992698017277814
1.9300000000000015,0,0.001598632192818028,20.072918231999317,0.00029146328476237215,0.0009122749784156725,10.031932556548274,9.9926980172778
1.9400000000000015,0,0.0015986321928195268,20.072918231999303,0.0002914632847527132,0.0009122749784141737,10.031932556548266,9.9926980172778
1.9500000000000015,0,0.0015986321928181946,20.07291823199931,0.00029146328475049277,0.000912274978395522,10.031932556548266,9.992698017277826
1.9600000000000015,0,0.0015986321928180836,20.072918231999303,0.0002914632847685339,0.0009122749783992412,10.031932556548277,9.992698017277823
1.9700000000000015,0,0.0015986321928245228,20.072918231999303,0.0002914632847680343,0.0009122749783989081,10.031932556548277,9.992698017277835
1.9800000000000015,0,0.0015986321928168623,20.07291823199932,0.0002914632847577092,0.0009122749783996298,10.031932556548277,9.992698017277828
1.9900000000000015,0,0.0015986321928167513,20.07291823199931,0.0002914632847427767,0.0009122749783990192,10.031932556548272,9.992698017277817
2.0000000000000013,0,0.001598632192805649,20.072918231999296,0.0002914632847477727,0.0009122749783971873,10.031932556548266,9.992698017277819
2.010000000000001,0,0.0015986321928189717,20.072918231999296,0.0002914632847625387,0.0009122749784149509,10.03193255654827,9.99269801727781
2.020000000000001,0,0.0015986321928179725,20.072918231999303,0.00029146328475587735,0.0009122749783996853,10.031932556548275,9.99269801727782
2.0300000000000007,0,0.0015986321928108116,20.072918231999296,0.0002914632847517695,0.0009122749783987416,10.031932556548272,9.992698017277807
2.0400000000000005,0,0.0015986321928097569,20.07291823199931,0.0002914632847551002,0.0009122749784081785,10.03193255654827,9.992698017277805
2.0500000000000003,0,0.0015986321928099234,20.072918231999303,0.0002914632847625387,0.000912274978410399,10.031932556548272,9.9926980172778
2.06,0,0.0015986321928104785,20.072918231999296,0.00029146328474138894,0.0009122749784050699,10.031932556548275,9.992698017277824
2.07,0,0.001598632192812921,20.07291823199931,0.00029146328475582184,0.0009122749784195583,10.031932556548274,9.992698017277796
2.0799999999999996,0,0.001598632192810645,20.072918231999306,0.00029146328475143646,0.000912274978393468,10.031932556548274,9.992698017277824
2.0899999999999994,0,0.0015986321928213587,20.07291823199931,0.00029146328475088135,0.0009122749784010176,10.031932556548272,9.992698017277814
2.099999999999999,0,0.0015986321928186387,20.07291823199932,0.00029146328475593286,0.0009122749784087891,10.03193255654827,9.99269801727782
2.109999999999999,0,0.001598632192822802,20.072918231999324,0.0002914632847475507,0.0009122749784046258,10.031932556548266,9.992698017277814
2.1199999999999988,0,0.0015986321928121439,20.072918231999317,0.00029146328474938255,0.0009122749784163942,10.031932556548272,9.99269801727779
2.1299999999999986,0,0.0015986321928180836,20.072918231999296,0.0002914632847570986,0.0009122749783971873,10.031932556548266,9.992698017277812
2.1399999999999983,0,0.0015986321928066483,20.072918231999303,0.00029146328476226113,0.0009122749784137851,10.031932556548263,9.992698017277803
2.149999999999998,0,0.0015986321928234681,20.07291823199931,0.00029146328474682903,0.0009122749783913031,10.031932556548275,9.99269801727782
2.159999999999998,0,0.001598632192815419,20.07291823199931,0.00029146328473889094,0.0009122749784039041,10.03193255654827,9.992698017277817
2.1699999999999977,0,0.0015986321927942693,20.072918231999317,0.00029146328474038974,0.0009122749783921913,10.03193255654827,9.99269801727782
2.1799999999999975,0,0.001598632192810312,20.07291823199931,0.0002914632847386689,0.0009122749783901374,10.031932556548265,9.99269801727782
2.1899999999999973,0,0.0015986321928174174,20.07291823199931,0.00029146328474594085,0.000912274978398131,10.031932556548274,9.99269801727782
2.199999999999997,0,0.0015986321928309621,20.072918231999317,0.0002914632847537124,0.0009122749784035711,10.031932556548268,9.992698017277823
2.209999999999997,0,0.0015986321928188607,20.072918231999314,0.0002914632847477172,0.0009122749784127304,10.031932556548266,9.992698017277812
2.2199999999999966,0,0.0015986321928200264,20.072918231999285,0.00029146328474394245,0.0009122749783948003,10.031932556548277,9.99269801727782
2.2299999999999964,0,0.0015986321928159741,20.07291823199931,0.00029146328475088135,0.0009122749784002404,10.031932556548272,9.992698017277819
2.239999999999996,0,0.0015986321928171954,20.072918231999306,0.0002914632847526022,0.000912274978400851,10.031932556548268,9.992698017277814
2.249999999999996,0,0.0015986321928122549,20.0729182319993,0.0002914632847487719,0.0009122749784022943,10.031932556548274,9.992698017277796
2.259999999999996,0,0.001598632192820193,20.072918231999306,0.00029146328476242767,0.0009122749784112871,10.03193255654827,9.99269801727782
2.2699999999999956,0,0.0015986321928142533,20.072918231999296,0.0002914632847511034,0.0009122749784075124,10.031932556548274,9.992698017277814
2.2799999999999954,0,0.0015986321928146419,20.072918231999303,0.00029146328475881944,0.0009122749784120643,10.03193255654827,9.992698017277801
2.289999999999995,0,0.0015986321928136427,20.07291823199931,0.0002914632847465515,0.0009122749784021833,10.031932556548274,9.992698017277794
2.299999999999995,0,0.001598632192824967,20.072918231999306,0.0002914632847491605,0.0009122749783998518,10.031932556548275,9.99269801727781
2.3099999999999947,0,0.0015986321928160296,20.072918231999296,0.0002914632847595966,0.0009122749784075124,10.031932556548274,9.992698017277796
2.3199999999999945,0,0.0015986321928251335,20.072918231999306,0.00029146328475726513,0.0009122749783911366,10.03193255654827,9.992698017277839
2.3299999999999943,0,0.0015986321928121994,20.072918231999306,0.0002914632847619836,0.000912274978398131,10.031932556548265,9.992698017277831
2.339999999999994,0,0.0015986321928135871,20.072918231999303,0.00029146328475437855,0.0009122749783848083,10.031932556548275,9.992698017277828
2.349999999999994,0,0.001598632192810423,20.07291823199931,0.00029146328474788374,0.0009122749783957995,10.031932556548272,9.992698017277828
2.3599999999999937,0,0.0015986321928084801,20.072918231999314,0.0002914632847547671,0.0009122749784051809,10.03193255654827,9.992698017277819
2.3699999999999934,0,0.001598632192810756,20.07291823199929,0.0002914632847645926,0.0009122749783994633,10.031932556548265,9.992698017277819
2.3799999999999932,0,0.0015986321928195824,20.072918231999303,0.0002914632847512699,0.0009122749784112316,10.031932556548263,9.992698017277808
2.389999999999993,0,0.00159863219281281,20.072918231999296,0.0002914632847557108,0.0009122749784019613,10.031932556548266,9.99269801727783
2.399999999999993,0,0.001598632192810201,20.072918231999324,0.000291463284751714,0.0009122749784068462,10.031932556548274,9.992698017277796
2.4099999999999926,0,0.0015986321928095348,20.072918231999306,0.00029146328476326033,0.0009122749783926909,10.031932556548275,9.992698017277817
2.4199999999999924,0,0.0015986321928220248,20.07291823199931,0.00029146328475987415,0.0009122749783989081,10.031932556548266,9.992698017277819
2.429999999999992,0,0.0015986321928064262,20.072918231999317,0.00029146328474594085,0.0009122749784152839,10.031932556548275,9.992698017277803
2.439999999999992,0,0.001598632192819971,20.072918231999303,0.0002914632847421661,0.0009122749783966322,10.03193255654827,9.992698017277819
2.4499999999999917,0,0.0015986321928178615,20.07291823199928,0.00029146328475743166,0.0009122749784011286,10.03193255654827,9.992698017277828
2.4599999999999915,0,0.0015986321928172509,20.07291823199931,0.0002914632847486054,0.0009122749784046813,10.031932556548266,9.992698017277803
2.4699999999999913,0,0.0015986321928180836,20.072918231999303,0.00029146328476675754,0.0009122749784055695,10.031932556548263,9.992698017277808
2.479999999999991,0,0.0015986321928172509,20.072918231999303,0.00029146328475676553,0.0009122749784174489,10.031932556548272,9.992698017277814
2.489999999999991,0,0.0015986321928266323,20.072918231999314,0.00029146328475393446,0.0009122749783979089,10.031932556548277,9.992698017277812
2.4999999999999907,0,0.0015986321928187497,20.072918231999317,0.0002914632847761389,0.0009122749784110096,10.03193255654827,9.992698017277814
2.5099999999999905,0,0.0015986321928170288,20.072918231999317,0.0002914632847517695,0.0009122749784012396,10.03193255654827,9.992698017277824
2.5199999999999902,0,0.0015986321928213587,20.072918231999303,0.0002914632847632048,0.000912274978398464,10.031932556548266,9.992698017277823
2.52999999999999,0,0.0015986321928013747,20.072918231999314,0.0002914632847516585,0.0009122749784073458,10.03193255654827,9.992698017277805
2.53999999999999,0,0.0015986321928092573,20.07291823199931,0.0002914632847531573,0.0009122749784115092,10.031932556548256,9.992698017277817
2.5499999999999896,0,0.0015986321928118663,20.07291823199931,0.0002914632847502152,0.0009122749784142292,10.03193255654826,9.992698017277801
2.5599999999999894,0,0.0015986321928143643,20.072918231999303,0.00029146328474155547,0.0009122749784059025,10.031932556548268,9.992698017277808
2.569999999999989,0,0.0015986321928105895,20.072918231999296,0.0002914632847690335,0.0009122749784081785,10.031932556548277,9.992698017277796
2.579999999999989,0,0.0015986321927965452,20.072918231999314,0.0002914632847456633,0.0009122749783957995,10.031932556548274,9.992698017277823
2.5899999999999888,0,0.0015986321928151415,20.072918231999296,0.00029146328474782823,0.0009122749784019057,10.03193255654827,9.992698017277819
2.5999999999999885,0,0.0015986321928115332,20.072918231999296,0.00029146328476581385,0.0009122749784171713,10.031932556548265,9.992698017277798
2.6099999999999883,0,0.0015986321928094238,20.072918231999306,0.0002914632847511034,0.0009122749783952999,10.031932556548268,9.992698017277826
2.619999999999988,0,0.0015986321928141978,20.072918231999303,0.0002914632847531573,0.000912274978403238,10.031932556548274,9.9926980172778
2.629999999999988,0,0.0015986321928247449,20.072918231999303,0.0002914632847432208,0.0009122749784034601,10.031932556548277,9.99269801727782
2.6399999999999877,0,0.0015986321928195268,20.072918231999292,0.00029146328475693206,0.0009122749784141182,10.031932556548275,9.992698017277805
2.6499999999999875,0,0.0015986321928148084,20.072918231999303,0.000291463284749216,0.0009122749784026274,10.031932556548277,9.992698017277812
2.6599999999999873,0,0.0015986321928019298,20.072918231999306,0.00029146328474888294,0.0009122749784092332,10.03193255654827,9.992698017277808
2.669999999999987,0,0.001598632192812366,20.07291823199931,0.0002914632847495491,0.0009122749783796458,10.031932556548275,9.992698017277833
2.679999999999987,0,0.0015986321928128655,20.072918231999296,0.00029146328476231664,0.0009122749784061246,10.03193255654827,9.992698017277817
2.6899999999999866,0,0.0015986321928085356,20.072918231999303,0.00029146328475776473,0.0009122749784102324,10.031932556548277,9.992698017277808
2.6999999999999864,0,0.001598632192810756,20.072918231999296,0.0002914632847570431,0.0009122749783999629,10.031932556548274,9.992698017277814
2.709999999999986,0,0.0015986321928160852,20.072918231999303,0.0002914632847481058,0.0009122749784039041,10.031932556548277,9.992698017277798
2.719999999999986,0,0.0015986321928094238,20.072918231999296,0.0002914632847561549,0.0009122749784005735,10.03193255654827,9.992698017277807
2.7299999999999858,0,0.0015986321928070368,20.072918231999292,0.00029146328474594085,0.0009122749784018502,10.031932556548265,9.992698017277817
2.7399999999999856,0,0.0015986321928077585,20.07291823199931,0.00029146328475432304,0.000912274978418226,10.031932556548266,9.992698017277796
2.7499999999999853,0,0.0015986321928304625,20.0729182319993,0.00029146328475537775,0.0009122749784093998,10.03193255654827,9.992698017277814
2.759999999999985,0,0.0015986321928245228,20.072918231999296,0.0002914632847515475,0.0009122749784065687,10.031932556548274,9.992698017277823
2.769999999999985,0,0.0015986321928214697,20.072918231999317,0.00029146328476081784,0.0009122749784106765,10.031932556548275,9.99269801727781
2.7799999999999847,0,0.0015986321928198044,20.072918231999296,0.000291463284751603,0.0009122749783995188,10.03193255654827,9.992698017277807
2.7899999999999845,0,0.0015986321928131986,20.072918231999303,0.0002914632847696441,0.0009122749783987416,10.031932556548268,9.992698017277815
2.7999999999999843,0,0.0015986321928116998,20.072918231999303,0.0002914632847691445,0.0009122749784232775,10.03193255654827,9.992698017277792
2.809999999999984,0,0.001598632192810423,20.072918231999303,0.0002914632847709764,0.0009122749784143958,10.03193255654827,9.992698017277792
2.819999999999984,0,0.0015986321928214697,20.072918231999296,0.0002914632847570431,0.0009122749783972428,10.031932556548274,9.992698017277831
2.8299999999999836,0,0.0015986321928307956,20.072918231999303,0.00029146328475981864,0.000912274978400851,10.031932556548274,9.99269801727781
2.8399999999999834,0,0.0015986321928108116,20.072918231999303,0.00029146328475182504,0.0009122749784164497,10.031932556548274,9.992698017277796
2.849999999999983,0,0.0015986321928214697,20.072918231999324,0.0002914632847616505,0.0009122749784076234,10.031932556548274,9.992698017277801
2.859999999999983,0,0.0015986321928103675,20.07291823199932,0.0002914632847465515,0.0009122749783975759,10.031932556548274,9.992698017277824
2.869999999999983,0,0.0015986321928101455,20.0729182319993,0.00029146328475532224,0.0009122749783921913,10.031932556548274,9.992698017277831
2.8799999999999826,0,0.0015986321928193048,20.072918231999317,0.00029146328477830385,0.0009122749784065132,10.03193255654828,9.992698017277805
2.8899999999999824,0,0.0015986321928160852,20.072918231999314,0.00029146328475931904,0.000912274978393357,10.031932556548275,9.992698017277823
2.899999999999982,0,0.0015986321928208591,20.072918231999296,0.0002914632847461074,0.0009122749783985196,10.031932556548274,9.992698017277831
2.909999999999982,0,0.0015986321928170844,20.072918231999296,0.0002914632847516585,0.0009122749784059581,10.031932556548274,9.992698017277812
2.9199999999999817,0,0.0015986321928047609,20.072918231999303,0.00029146328474338734,0.0009122749784223894,10.031932556548268,9.992698017277794
2.9299999999999815,0,0.001598632192817584,20.072918231999292,0.0002914632847531018,0.0009122749784087336,10.031932556548266,9.99269801727781
2.9399999999999813,0,0.001598632192823024,20.072918231999296,0.00029146328474699557,0.0009122749783952999,10.03193255654827,9.99269801727782
2.949999999999981,0,0.0015986321928186942,20.072918231999306,0.0002914632847602072,0.0009122749783970208,10.031932556548268,9.992698017277828
2.959999999999981,0,0.0015986321928135316,20.072918231999306,0.00029146328474699557,0.0009122749783984085,10.03193255654827,9.992698017277803
2.9699999999999807,0,0.0015986321928138092,20.07291823199928,0.0002914632847382803,0.0009122749784121753,10.031932556548265,9.992698017277796
2.9799999999999804,0,0.0015986321928148084,20.07291823199931,0.0002914632847550447,0.0009122749783900819,10.03193255654827,9.992698017277831
2.9899999999999802,0,0.0015986321928077585,20.072918231999296,0.0002914632847450527,0.0009122749784014617,10.03193255654827,9.992698017277814
2.99999999999998,0,0.0015986321928153635,20.072918231999296,0.0002914632847537679,0.0009122749784089002,10.031932556548266,9.992698017277796
3.00999999999998,0,0.0015986321928176395,20.07291823199931,0.00029146328474988215,0.0009122749783980755,10.031932556548266,9.99269801727782
3.0199999999999796,0,0.001598632192810756,20.072918231999317,0.0002914632847585419,0.0009122749784001294,10.03193255654827,9.992698017277817
3.0299999999999794,0,0.001598632192828242,20.072918231999296,0.0002914632847557108,0.0009122749783950779,10.031932556548268,9.992698017277815
3.039999999999979,0,0.0015986321928187497,20.072918231999306,0.00029146328475498917,0.0009122749784060136,10.031932556548272,9.992698017277808
3.049999999999979,0,0.0015986321928211367,20.07291823199931,0.00029146328474549676,0.0009122749784112316,10.031932556548274,9.992698017277814
3.0599999999999787,0,0.0015986321928204705,20.07291823199931,0.0002914632847551002,0.0009122749783994633,10.031932556548263,9.992698017277824
3.0699999999999785,0,0.0015986321928187497,20.072918231999314,0.0002914632847506593,0.0009122749783922468,10.03193255654827,9.992698017277828
3.0799999999999783,0,0.001598632192808369,20.07291823199931,0.0002914632847632048,0.000912274978407901,10.031932556548277,9.992698017277815
3.089999999999978,0,0.0015986321928262437,20.07291823199931,0.00029146328474999317,0.0009122749784136741,10.031932556548268,9.992698017277807
3.099999999999978,0,0.0015986321928088687,20.0729182319993,0.0002914632847491605,0.0009122749783974649,10.031932556548274,9.992698017277828
3.1099999999999777,0,0.0015986321928213587,20.072918231999317,0.0002914632847621501,0.0009122749784049033,10.031932556548263,9.99269801727782
3.1199999999999775,0,0.0015986321928093128,20.07291823199932,0.00029146328475526673,0.0009122749784052364,10.031932556548274,9.992698017277803
3.1299999999999772,0,0.0015986321928197489,20.072918231999303,0.0002914632847550447,0.0009122749784009621,10.031932556548275,9.99269801727781
3.139999999999977,0,0.0015986321928138647,20.072918231999306,0.0002914632847495491,0.0009122749784047923,10.031932556548263,9.992698017277805
3.149999999999977,0,0.0015986321928124214,20.07291823199931,0.0002914632847517695,0.0009122749784032935,10.03193255654827,9.992698017277815
3.1599999999999766,0,0.0015986321928159186,20.072918231999303,0.00029146328476986616,0.000912274978413119,10.031932556548279,9.992698017277803
3.1699999999999764,0,0.0015986321928131986,20.072918231999306,0.0002914632847587084,0.0009122749784111761,10.031932556548272,9.992698017277807
3.179999999999976,0,0.001598632192813254,20.07291823199929,0.00029146328475282424,0.0009122749783948003,10.03193255654827,9.992698017277819
3.189999999999976,0,0.0015986321928178615,20.07291823199929,0.00029146328476276073,0.0009122749784011841,10.031932556548274,9.992698017277814
3.1999999999999758,0,0.0015986321928018188,20.07291823199931,0.0002914632847480503,0.0009122749783960771,10.03193255654827,9.992698017277815
3.2099999999999755,0,0.0015986321928139757,20.072918231999303,0.00029146328475332384,0.000912274978398464,10.031932556548268,9.992698017277815
3.2199999999999753,0,0.0015986321928017633,20.072918231999296,0.00029146328475587735,0.0009122749784074013,10.03193255654827,9.9926980172778
3.229999999999975,0,0.0015986321928112557,20.072918231999314,0.0002914632847525467,0.000912274978403127,10.031932556548266,9.992698017277823
3.239999999999975,0,0.0015986321928169733,20.072918231999303,0.00029146328474249916,0.0009122749784045148,10.031932556548279,9.992698017277823
3.2499999999999747,0,0.0015986321928085356,20.072918231999296,0.00029146328474050076,0.0009122749784059581,10.031932556548261,9.992698017277805
3.2599999999999745,0,0.001598632192803262,20.072918231999306,0.0002914632847560994,0.0009122749784067352,10.031932556548272,9.99269801727782
3.2699999999999743,0,0.0015986321928166403,20.072918231999317,0.00029146328474088934,0.0009122749784000739,10.03193255654827,9.992698017277808
3.279999999999974,0,0.0015986321928241343,20.072918231999306,0.00029146328475698757,0.0009122749784018502,10.031932556548268,9.992698017277814
3.289999999999974,0,0.0015986321928111447,20.0729182319993,0.00029146328478024675,0.0009122749784129525,10.03193255654827,9.992698017277796
3.2999999999999736,0,0.0015986321928104785,20.0729182319993,0.0002914632847482168,0.0009122749784125639,10.03193255654826,9.992698017277815
3.3099999999999734,0,0.0015986321928163072,20.072918231999292,0.00029146328475193606,0.0009122749784036821,10.031932556548275,9.99269801727782
3.319999999999973,0,0.0015986321928192493,20.072918231999317,0.00029146328475887495,0.0009122749784187811,10.03193255654827,9.992698017277785
3.329999999999973,0,0.0015986321928291858,20.072918231999317,0.0002914632847679788,0.0009122749784022388,10.031932556548272,9.992698017277815
3.3399999999999728,0,0.0015986321928140312,20.07291823199928,0.00029146328475648797,0.0009122749784070683,10.03193255654827,9.992698017277824
3.3499999999999726,0,0.0015986321928151415,20.072918231999324,0.0002914632847492715,0.000912274978403016,10.031932556548277,9.992698017277824
3.3599999999999723,0,0.0015986321928138647,20.07291823199931,0.0002914632847621501,0.0009122749784056805,10.03193255654827,9.992698017277815
3.369999999999972,0,0.0015986321928226355,20.07291823199932,0.0002914632847602072,0.0009122749784065687,10.03193255654827,9.992698017277803
3.379999999999972,0,0.0015986321928103675,20.07291823199928,0.0002914632847461074,0.0009122749784025719,10.031932556548274,9.992698017277803
3.3899999999999717,0,0.0015986321928177505,20.072918231999317,0.00029146328475576633,0.0009122749784163942,10.031932556548263,9.992698017277812
3.3999999999999715,0,0.0015986321928152525,20.072918231999303,0.0002914632847425547,0.0009122749783977979,10.031932556548274,9.99269801727783
3.4099999999999713,0,0.0015986321928113667,20.072918231999306,0.0002914632847616505,0.0009122749784053474,10.03193255654827,9.992698017277808
3.419999999999971,0,0.0015986321928085911,20.072918231999296,0.00029146328474538574,0.0009122749784087336,10.031932556548268,9.992698017277803
3.429999999999971,0,0.0015986321928234126,20.072918231999314,0.0002914632847532683,0.0009122749783903594,10.031932556548272,9.992698017277819
3.4399999999999706,0,0.0015986321928141423,20.072918231999317,0.00029146328476731265,0.0009122749783980755,10.031932556548274,9.992698017277824
3.4499999999999704,0,0.0015986321928233016,20.072918231999296,0.00029146328475082584,0.0009122749784051254,10.031932556548274,9.992698017277814
3.45999999999997,0,0.00159863219280576,20.072918231999317,0.0002914632847426657,0.0009122749784034601,10.031932556548272,9.992698017277807
3.46999999999997,0,0.001598632192819971,20.072918231999317,0.0002914632847574872,0.0009122749784164497,10.031932556548272,9.99269801727781
3.47999999999997,0,0.001598632192817584,20.072918231999296,0.0002914632847491605,0.0009122749783974649,10.031932556548268,9.992698017277828
3.4899999999999696,0,0.0015986321928265212,20.072918231999296,0.00029146328474044525,0.0009122749784146178,10.031932556548266,9.992698017277803
3.4999999999999694,0,0.00159863219281281,20.072918231999292,0.00029146328475299077,0.0009122749783995743,10.031932556548268,9.992698017277817
3.509999999999969,0,0.001598632192810645,20.072918231999303,0.0002914632847620391,0.0009122749783888606,10.031932556548274,9.992698017277828
3.519999999999969,0,0.0015986321928178615,20.072918231999296,0.0002914632847660359,0.0009122749784028494,10.031932556548272,9.99269801727781
3.5299999999999687,0,0.0015986321928110336,20.07291823199931,0.0002914632847546006,0.0009122749784108986,10.031932556548274,9.9926980172778
3.5399999999999685,0,0.001598632192802707,20.072918231999314,0.00029146328475881944,0.0009122749784040152,10.031932556548275,9.992698017277814
3.5499999999999683,0,0.0015986321928140312,20.07291823199928,0.0002914632847575982,0.0009122749784106765,10.03193255654827,9.9926980172778
3.559999999999968,0,0.0015986321928189162,20.072918231999296,0.00029146328473406147,0.0009122749783885831,10.031932556548277,9.992698017277833
3.569999999999968,0,0.0015986321928114222,20.072918231999306,0.00029146328474738414,0.0009122749783871953,10.031932556548272,9.992698017277828
3.5799999999999677,0,0.0015986321928289082,20.072918231999303,0.0002914632847361709,0.000912274978393468,10.031932556548275,9.992698017277819
3.5899999999999674,0,0.0015986321928235236,20.072918231999296,0.00029146328475088135,0.0009122749784117867,10.031932556548268,9.992698017277805
3.5999999999999672,0,0.0015986321928145308,20.072918231999303,0.0002914632847512699,0.0009122749783879169,10.031932556548272,9.992698017277817
3.609999999999967,0,0.0015986321928092018,20.07291823199931,0.0002914632847446641,0.0009122749784098994,10.03193255654827,9.992698017277807
3.619999999999967,0,0.001598632192814864,20.072918231999317,0.0002914632847531573,0.0009122749783988526,10.031932556548272,9.992698017277812
3.6299999999999666,0,0.0015986321928242453,20.07291823199931,0.00029146328476636896,0.000912274978423111,10.03193255654827,9.992698017277792
3.6399999999999664,0,0.0015986321928160296,20.072918231999292,0.0002914632847610954,0.0009122749784069017,10.03193255654827,9.992698017277814
3.649999999999966,0,0.0015986321928029845,20.072918231999303,0.00029146328475992966,0.0009122749784004069,10.031932556548272,9.99269801727782
3.659999999999966,0,0.0015986321928065927,20.072918231999296,0.0002914632847470511,0.000912274978390859,10.031932556548274,9.992698017277828
3.6699999999999657,0,0.0015986321928376235,20.072918231999296,0.0002914632847595966,0.0009122749783996298,10.031932556548268,9.992698017277824
3.6799999999999655,0,0.001598632192825744,20.07291823199932,0.00029146328474399796,0.0009122749784123974,10.031932556548263,9.992698017277803
3.6899999999999653,0,0.0015986321928122549,20.072918231999317,0.00029146328475626593,0.0009122749783916362,10.031932556548265,9.992698017277824
3.699999999999965,0,0.0015986321928082026,20.072918231999314,0.0002914632847695886,0.0009122749783928019,10.031932556548279,9.992698017277831
3.709999999999965,0,0.0015986321928226355,20.072918231999303,0.00029146328474433103,0.0009122749783940787,10.031932556548274,9.992698017277828
3.7199999999999647,0,0.001598632192815641,20.07291823199931,0.000291463284761484,0.000912274978408345,10.031932556548268,9.992698017277807
3.7299999999999645,0,0.0015986321928029845,20.072918231999303,0.0002914632847536569,0.0009122749784259421,10.031932556548263,9.992698017277785
3.7399999999999642,0,0.0015986321928101455,20.072918231999314,0.00029146328475843086,0.0009122749784052919,10.03193255654827,9.992698017277808
3.749999999999964,0,0.0015986321928186387,20.072918231999306,0.00029146328474888294,0.0009122749784080675,10.03193255654827,9.992698017277807
3.759999999999964,0,0.001598632192824967,20.072918231999303,0.0002914632847308418,0.0009122749783981865,10.03193255654827,9.992698017277823
3.7699999999999636,0,0.0015986321928097569,20.07291823199931,0.0002914632847492715,0.0009122749784106765,10.031932556548272,9.9926980172778
3.7799999999999634,0,0.0015986321928206926,20.072918231999296,0.00029146328474832783,0.000912274978395966,10.031932556548266,9.992698017277815
3.789999999999963,0,0.0015986321928096459,20.072918231999296,0.00029146328475337935,0.0009122749784123974,10.031932556548268,9.99269801727781
3.799999999999963,0,0.0015986321928128655,20.072918231999296,0.0002914632847601517,0.0009122749784022943,10.031932556548272,9.992698017277819
3.8099999999999627,0,0.0015986321928108116,20.0729182319993,0.0002914632847547671,0.0009122749784095108,10.031932556548268,9.992698017277803
3.8199999999999625,0,0.0015986321928217473,20.07291823199931,0.0002914632847452192,0.0009122749783893047,10.031932556548272,9.99269801727783
3.8299999999999623,0,0.00159863219281553,20.072918231999292,0.000291463284744109,0.0009122749784034601,10.031932556548268,9.99269801727782
3.839999999999962,0,0.0015986321928103675,20.07291823199932,0.00029146328475482264,0.0009122749784099549,10.031932556548261,9.99269801727781
3.849999999999962,0,0.0015986321928200264,20.072918231999306,0.0002914632847477727,0.0009122749784037376,10.031932556548277,9.992698017277812
3.8599999999999617,0,0.0015986321928183611,20.072918231999317,0.0002914632847555443,0.0009122749783968542,10.03193255654827,9.992698017277815
3.8699999999999615,0,0.0015986321928137537,20.072918231999306,0.0002914632847477172,0.0009122749784071793,10.03193255654827,9.9926980172778
3.8799999999999613,0,0.0015986321928219138,20.072918231999314,0.00029146328476131744,0.0009122749784027939,10.031932556548277,9.992698017277801
3.889999999999961,0,0.0015986321928230796,20.072918231999296,0.0002914632847611509,0.0009122749784073458,10.031932556548266,9.992698017277807
3.899999999999961,0,0.0015986321928139757,20.072918231999303,0.0002914632847552112,0.0009122749784149509,10.031932556548266,9.99269801727781
3.9099999999999606,0,0.0015986321928125324,20.072918231999317,0.0002914632847347831,0.0009122749783984085,10.031932556548266,9.99269801727781
3.9199999999999604,0,0.0015986321928125324,20.072918231999317,0.000291463284746718,0.0009122749784113982,10.031932556548268,9.992698017277801
3.92999999999996,0,0.001598632192812921,20.07291823199929,0.00029146328474688454,0.0009122749783920248,10.03193255654827,9.992698017277826
3.93999999999996,0,0.0015986321928165848,20.0729182319993,0.0002914632847477172,0.0009122749784137851,10.031932556548266,9.992698017277803
3.9499999999999598,0,0.0015986321928229685,20.072918231999296,0.00029146328475943006,0.0009122749783982975,10.03193255654827,9.99269801727782
3.9599999999999596,0,0.001598632192809979,20.072918231999314,0.0002914632847432208,0.0009122749783910256,10.03193255654827,9.992698017277824
3.9699999999999593,0,0.0015986321928233571,20.0729182319993,0.000291463284761706,0.0009122749784042927,10.03193255654827,9.992698017277828
3.979999999999959,0,0.0015986321928192493,20.07291823199931,0.0002914632847580423,0.0009122749784097883,10.03193255654827,9.9926980172778
3.989999999999959,0,0.0015986321928247449,20.072918231999306,0.0002914632847547671,0.0009122749783879169,10.031932556548275,9.992698017277837
3.9999999999999587,0,0.0015986321928241898,20.072918231999292,0.0002914632847512144,0.0009122749783975204,10.031932556548275,9.992698017277805
4.009999999999959,0,0.0015986321928085356,20.072918231999296,0.0002914632847575427,0.0009122749784019613,10.03193255654827,9.992698017277812
4.019999999999959,0,0.0015986321928099234,20.072918231999303,0.0002914632847701992,0.0009122749784138962,10.03193255654827,9.992698017277807
4.0299999999999585,0,0.0015986321928112557,20.072918231999303,0.00029146328474188854,0.0009122749783863626,10.031932556548275,9.992698017277824
4.039999999999958,0,0.0015986321928279645,20.072918231999292,0.00029146328475049277,0.0009122749783969653,10.031932556548272,9.992698017277824
4.049999999999958,0,0.0015986321928199154,20.072918231999296,0.0002914632847531573,0.000912274978395633,10.031932556548277,9.992698017277814
4.059999999999958,0,0.001598632192822469,20.072918231999328,0.00029146328474982663,0.0009122749783920803,10.031932556548277,9.992698017277824
4.069999999999958,0,0.001598632192813254,20.072918231999328,0.00029146328474399796,0.0009122749784043482,10.031932556548272,9.99269801727781
4.079999999999957,0,0.0015986321928116443,20.072918231999303,0.00029146328473889094,0.0009122749784062356,10.031932556548268,9.992698017277815
4.089999999999957,0,0.0015986321928189162,20.07291823199931,0.000291463284758986,0.0009122749784070128,10.031932556548274,9.992698017277805
4.099999999999957,0,0.0015986321928152525,20.07291823199931,0.0002914632847595411,0.0009122749784013506,10.031932556548272,9.99269801727781
4.109999999999957,0,0.0015986321928158076,20.0729182319993,0.0002914632847462184,0.000912274978417893,10.031932556548268,9.992698017277807
4.119999999999957,0,0.0015986321928183611,20.07291823199929,0.000291463284749105,0.0009122749784123974,10.031932556548274,9.992698017277803
4.129999999999956,0,0.0015986321928146974,20.072918231999303,0.0002914632847630383,0.0009122749783872508,10.031932556548274,9.99269801727782
4.139999999999956,0,0.0015986321928279645,20.07291823199931,0.0002914632847401677,0.0009122749784075679,10.031932556548266,9.99269801727782
4.149999999999956,0,0.0015986321928051495,20.072918231999296,0.000291463284734339,0.0009122749784139517,10.031932556548266,9.99269801727781
4.159999999999956,0,0.001598632192815752,20.072918231999317,0.0002914632847565435,0.0009122749783919692,10.031932556548282,9.992698017277824
4.1699999999999555,0,0.0015986321928267988,20.072918231999292,0.00029146328474743965,0.0009122749784041817,10.03193255654827,9.992698017277815
4.179999999999955,0,0.0015986321928062597,20.0729182319993,0.0002914632847466625,0.0009122749784160056,10.031932556548263,9.992698017277814
4.189999999999955,0,0.0015986321928200264,20.07291823199928,0.00029146328476326033,0.0009122749784072903,10.031932556548263,9.992698017277817
4.199999999999955,0,0.0015986321928252445,20.072918231999328,0.00029146328475648797,0.0009122749784146733,10.031932556548265,9.992698017277805
4.209999999999955,0,0.0015986321928297964,20.072918231999292,0.00029146328475587735,0.0009122749783976869,10.031932556548274,9.992698017277828
4.2199999999999545,0,0.001598632192810756,20.072918231999306,0.0002914632847496046,0.0009122749784084561,10.03193255654827,9.992698017277807
4.229999999999954,0,0.0015986321928208591,20.0729182319993,0.00029146328476242767,0.0009122749784085671,10.031932556548266,9.992698017277803
4.239999999999954,0,0.0015986321928186387,20.07291823199931,0.0002914632847378362,0.0009122749783908035,10.031932556548277,9.992698017277835
4.249999999999954,0,0.0015986321928146974,20.072918231999306,0.00029146328474394245,0.000912274978388028,10.031932556548274,9.992698017277828
4.259999999999954,0,0.0015986321928159741,20.072918231999296,0.00029146328475393446,0.0009122749784036266,10.031932556548274,9.99269801727783
4.269999999999953,0,0.0015986321928185832,20.072918231999303,0.00029146328476031824,0.0009122749783985751,10.031932556548268,9.992698017277814
4.279999999999953,0,0.00159863219281553,20.0729182319993,0.00029146328476287175,0.0009122749784020723,10.03193255654827,9.992698017277823
4.289999999999953,0,0.001598632192818139,20.07291823199931,0.0002914632847452747,0.0009122749784110651,10.031932556548263,9.992698017277805
4.299999999999953,0,0.0015986321928180836,20.072918231999296,0.0002914632847635934,0.0009122749784072903,10.03193255654827,9.992698017277823
4.3099999999999525,0,0.0015986321928125324,20.072918231999303,0.000291463284756599,0.0009122749784039041,10.03193255654827,9.99269801727782
0.0,0,-1.6653345369377348e-16,20.0,0.0,-5.551115123125783e-17,10.0,10.0
0.01,68.9,0.001564017864867373,20.07247106047149,0.0002807396893886871,0.0008808587238837151,10.031704974411635,9.992786784703501
0.02,137.8,0.0016756716846726416,20.073362291949586,0.00029740765830471583,0.0009620721110507602,10.032169169899245,9.992648191815203
0.03,206.70000000000002,0.0011491602243881016,20.071796262745167,0.000619596729370564,0.0006487773717143708,10.03125996875399,9.993085890070923
0.04,275.6,0.002529131877657631,20.07532747795763,0.00019636298885739034,0.001243647653516533,10.033273052226406,9.992234226685664
0.05,344.5,-0.0005536203691282049,20.067653682426332,0.0013589150518684145,-0.00011961395878118397,10.028870749854153,9.994500653090343
0.060000000000000005,413.4,0.008028491284035322,20.08606266908913,-0.006732319755889782,0.005005709939179592,10.040124833541936,9.986084413211216
0.07,482.29999999999995,-0.02385332849420313,20.04405924571884,0.01500136765296839,-0.01019438350283891,10.014139289816113,10.007074419148255
0.08,551.1999999999999,0.05467362673087944,20.147501053880404,-0.016372055639274408,0.02905780812658637,10.074807944219605,9.967213815534343
0.09,620.0999999999999,-0.09624446076640775,19.906547323057623,0.11988126543487626,-0.02196522275499796,9.922288928478597,10.085053671929792
0.09999999999999999,688.9999999999999,0.3257934544579347,20.481539651982146,-0.003120154152037813,0.17303692801874543,10.246479897611518,9.927881404220278
0.10999999999999999,757.8999999999999,-0.7854169309535861,19.084670309808914,0.2634708673897042,-0.37464910698786696,9.461846076808632,10.326420398172136
0.11999999999999998,826.7999999999998,1.6420729383477584,22.33488130924499,0.7469025036684609,0.7250410095480605,11.014386088405542,10.155092046774925
0.12999999999999998,895.6999999999998,-6.143363397622499,14.853939121910308,-2.3361898355150323,-3.6365805985634156,7.374251826492335,9.497739455812585
0.13999999999999999,964.5999999999998,11.328961821546018,34.47454973305714,5.5725832321745905,9.051156996179053,18.119343376376133,12.981013649228977
0.15,1033.4999999999998,-14.752931480251743,-6.179521002635775,-9.461021157540019,-9.535209604315844,-3.8410723090277155,7.952882561392047
0.16,1102.3999999999999,21.826132494906755,55.054691527852555,16.071809421242286,18.203373412790828,31.1282183416894,18.44824826592432
0.17,1171.3,29.778593817483518,-101.24606302362858,-30.84329403637635,20.667600029062562,-63.120644240294325,32.89779496423644
0.18000000000000002,1240.2,42.45888555102775,429.30760537735677,-65.94118466997489,-97.98469534583975,397.82202021299497,-62.56071961613864
0.19000000000000003,1309.1000000000001,-481.3932164411429,-1138.8113350216115,529.094188786371,-383.8105270987278,-806.852424530166,432.5191738689705
0.20000000000000004,1378.0000000000002,-1241.1781250164904,3365.6966422677765,-2113.197698919005,-426.78777269841726,2544.2216060680275,-1693.3863418783453
0.21000000000000005,1446.9000000000003,3532.9788480082425,1055.9645880890084,1587.3969817396405,3009.448675739971,535.9424488553574,1674.5877545428493
0.22000000000000006,1515.8000000000004,-10775.116387960545,4320.262780015695,-2169.15164530796,-7198.923261051321,3531.1465735796955,-2388.2981766211356
0.23000000000000007,1584.7000000000005,16384.118581766314,-37628.75364903586,-46962.048802112724,13558.639785773808,-37049.44008620801,-32122.7314808667
0.24000000000000007,1653.6000000000006,-44584.775475405055,24239.730477047884,212741.0514122367,-26310.67252467634,3245.3162868856743,171723.5850387716
0.25000000000000006,1722.5000000000007,-78576.33926667851,-197410.65575712148,-606771.8413170468,-81253.74336402645,-124229.12134168793,-469795.677297686
0.26000000000000006,1791.4000000000008,521256.5222490423,-328514.8328573882,1453961.8739955954,478651.2046869362,-296067.96033478924,1097862.4836043422
0.2700000000000001,1860.3000000000009,24280882.908992816,-5418794.705767725,-29407534.420160685,25710895.044881098,-3920165.055851885,-27338756.125013653
0.2800000000000001,1929.200000000001,2065263611184.8726,4404289842334.381,-1124266441589.2966,2106018499437.4404,4195620042861.2363,-992730337955.2799
0.2900000000000001,1998.100000000001,-9.002799604182024e+21,2.5872971828796573e+22,-2.752128586233173e+22,-1.0173255668021466e+22,2.4940702803816115e+22,-2.7788631957653015e+22
0.3000000000000001,2067.000000000001,4.103918909765354e+41,4.113884702706261e+42,1.5571501263744982e+42,3.193938551056148e+41,4.6676773603338874e+42,1.080864095326807e+42
0.3100000000000001,2135.900000000001,-2.0509345130459512e+82,1.3017112622138313e+83,-1.1978179622527169e+83,-2.3250435829818637e+82,1.254316060205627e+83,-1.1898632150467364e+83
0.0,0,-1.6653345369377348e-16,20.0,0.0,-5.551115123125783e-17,10.0,10.0
0.01,68.9,0.001564017864867373,20.07247106047149,0.0002807396893886871,0.0008808587238837151,10.031704974411635,9.992786784703501
0.02,137.8,0.0016756716846728081,20.073362291949586,0.00029740765830443827,0.0009620721110508157,10.032169169899245,9.992648191815203
0.03,206.70000000000002,0.001607487140853514,20.072927860116636,0.0002925569452801313,0.0009172299666787564,10.031937534082996,9.99269749620812
0.04,275.6,0.001595606898532942,20.07291533748938,0.0002913904064427708,0.0009105762294412956,10.031930980380277,9.992698335014456
0.05,344.5,0.0015979220802901928,20.072918121042928,0.0002914080573840905,0.0009119113865527217,10.031932504736963,9.992698002502042
0.060000000000000005,413.4,0.0015987133824346689,20.072918250480598,0.0002914609847022298,0.0009123180913934714,10.031932567750843,9.992698013887019
0.07,482.29999999999995,0.0015986738609833906,20.0729182331332,0.00029146562041570956,0.000912295549948483,10.031932556905582,9.992698018311366
0.08,551.1999999999999,0.001598632118219867,20.072918231886955,0.00029146360553811146,0.0009122748679051829,10.031932556409396,9.992698017450575
0.09,620.0999999999999,0.0015986301832953687,20.072918231985216,0.0002914632045566967,0.0009122740030489962,10.031932556545273,9.992698017239372
0.09999999999999999,688.9999999999999,0.0015986320115426444,20.07291823199954,0.00029146326257478705,0.000912274893819176,10.031932556552432,9.992698017266765
0.10999999999999999,757.8999999999999,0.0015986322726897484,20.072918231999598,0.000291463286528848,0.0009122750169319183,10.031932556548572,9.992698017278665
0.11999999999999998,826.7999999999998,0.0015986322088737404,20.072918231999346,0.0002914632859608579,0.0009122749859741819,10.031932556548114,9.99269801727841
0.12999999999999998,895.6999999999998,0.00159863219047085,20.072918231999292,0.0002914632847855203,0.0009122749772627059,10.031932556548234,9.992698017277835
0.13999999999999999,964.5999999999998,0.0015986321918352031,20.072918231999324,0.0002914632846963139,0.0009122749779265638,10.03193255654828,9.992698017277803
0.15,1033.4999999999998,0.0015986321928397884,20.0729182319993,0.0002914632847530463,0.0009122749784141737,10.031932556548277,9.99269801727782
0.16,1102.3999999999999,0.0015986321928790348,20.072918231999303,0.00029146328475893046,0.0009122749784302164,10.031932556548277,9.992698017277817
0.17,1171.3,0.0015986321928219693,20.072918231999292,0.00029146328475093686,0.000912274978403349,10.031932556548266,9.99269801727782
0.18000000000000002,1240.2,0.0015986321928161962,20.072918231999306,0.00029146328476581385,0.0009122749784045703,10.031932556548266,9.992698017277815
0.19000000000000003,1309.1000000000001,0.0015986321928318503,20.072918231999317,0.00029146328475992966,0.0009122749784098994,10.031932556548266,9.992698017277798
0.20000000000000004,1378.0000000000002,0.001598632192814975,20.072918231999303,0.0002914632847545451,0.0009122749784172823,10.03193255654827,9.9926980172778
0.21000000000000005,1446.9000000000003,0.0015986321928192493,20.072918231999303,0.00029146328475387895,0.0009122749784026829,10.031932556548277,9.992698017277823
0.22000000000000006,1515.8000000000004,0.001598632192815641,20.072918231999317,0.00029146328475349037,0.0009122749784090667,10.031932556548272,9.992698017277812
0.23000000000000007,1584.7000000000005,0.0015986321928120328,20.072918231999303,0.00029146328475282424,0.000912274978420835,10.031932556548263,9.992698017277792
0.24000000000000007,1653.6000000000006,0.0015986321928087022,20.072918231999314,0.00029146328476575833,0.0009122749784049589,10.031932556548274,9.992698017277805
0.25000000000000006,1722.5000000000007,0.0015986321928195268,20.072918231999303,0.0002914632847445531,0.0009122749784110096,10.031932556548274,9.992698017277815
0.26000000000000006,1791.4000000000008,0.0015986321928109781,20.07291823199933,0.00029146328476092886,0.0009122749783965212,10.031932556548268,9.992698017277831
0.2700000000000001,1860.3000000000009,0.0015986321928079805,20.07291823199931,0.0002914632847630383,0.0009122749783985751,10.03193255654827,9.99269801727782
0.2800000000000001,1929.200000000001,0.0015986321928159186,20.072918231999296,0.0002914632847502707,0.000912274978402905,10.03193255654827,9.992698017277812
0.2900000000000001,1998.100000000001,0.001598632192812699,20.0729182319993,0.0002914632847575427,0.0009122749784192252,10.031932556548261,9.992698017277805
0.3000000000000001,2067.000000000001,0.0015986321928101455,20.07291823199931,0.00029146328474050076,0.0009122749783981865,10.031932556548275,9.99269801727782
0.3100000000000001,2135.900000000001,0.0015986321928291858,20.072918231999292,0.000291463284754212,0.0009122749783960216,10.031932556548274,9.992698017277817
0.3200000000000001,2204.800000000001,0.0015986321928072589,20.072918231999303,0.00029146328475188055,0.0009122749784034601,10.031932556548265,9.992698017277803
0.3300000000000001,2273.700000000001,0.0015986321928190272,20.07291823199931,0.00029146328474394245,0.0009122749784085116,10.03193255654827,9.992698017277814
0.34000000000000014,2342.6000000000013,0.0015986321928254665,20.072918231999303,0.0002914632847625942,0.0009122749784019613,10.031932556548268,9.992698017277803
0.35000000000000014,2411.5000000000014,0.0015986321928119773,20.07291823199931,0.0002914632847425547,0.0009122749784017392,10.03193255654827,9.992698017277812
0.36000000000000015,2480.4000000000015,0.001598632192817473,20.072918231999303,0.00029146328474544125,0.0009122749784046813,10.031932556548274,9.992698017277812
0.37000000000000016,2549.3000000000015,0.0015986321928090352,20.07291823199929,0.0002914632847432208,0.0009122749784147843,10.031932556548266,9.992698017277808
0.38000000000000017,2618.2000000000016,0.0015986321928172509,20.072918231999296,0.00029146328473855787,0.000912274978383143,10.031932556548277,9.992698017277844
0.3900000000000002,2687.1000000000017,0.0015986321928208036,20.072918231999303,0.0002914632847460519,0.0009122749784019057,10.031932556548274,9.992698017277823
0.4000000000000002,2756.000000000002,0.0015986321928178615,20.072918231999303,0.0002914632847672016,0.0009122749784115092,10.03193255654827,9.99269801727781
0.4100000000000002,2824.900000000002,0.0015986321928255776,20.07291823199931,0.00029146328475931904,0.0009122749783966877,10.031932556548272,9.992698017277833
0.4200000000000002,2893.800000000002,0.0015986321928141423,20.0729182319993,0.00029146328475082584,0.0009122749784078454,10.031932556548261,9.992698017277812
0.4300000000000002,2962.700000000002,0.0015986321928202485,20.072918231999296,0.00029146328474449756,0.0009122749784125084,10.03193255654827,9.992698017277796
0.4400000000000002,3031.600000000002,0.0015986321928239677,20.072918231999285,0.0002914632847441645,0.0009122749783991302,10.031932556548274,9.992698017277817
0.45000000000000023,3100.5000000000023,0.0015986321928321834,20.07291823199932,0.00029146328475682104,0.0009122749784134521,10.031932556548266,9.992698017277803
0.46000000000000024,3169.4000000000024,0.0015986321928171954,20.07291823199931,0.0002914632847480503,0.0009122749784014617,10.03193255654827,9.992698017277824
0.47000000000000025,3238.3000000000025,0.001598632192833127,20.072918231999317,0.0002914632847421106,0.0009122749783982975,10.031932556548268,9.992698017277817
0.48000000000000026,3307.2000000000025,0.001598632192820415,20.072918231999314,0.0002914632847557108,0.0009122749784166717,10.031932556548275,9.992698017277817
0.49000000000000027,3376.1000000000026,0.0015986321928085911,20.07291823199931,0.00029146328475287975,0.0009122749784159501,10.031932556548266,9.9926980172778
0.5000000000000002,3445.0000000000027,0.0015986321928140867,20.072918231999317,0.00029146328476381544,0.000912274978395966,10.03193255654827,9.99269801727782
0.5100000000000002,3513.900000000003,0.001598632192822802,20.072918231999306,0.0002914632847586529,0.000912274978403238,10.03193255654827,9.992698017277824
0.5200000000000002,3582.800000000003,0.0015986321928084801,20.07291823199931,0.0002914632847552112,0.0009122749784092887,10.031932556548272,9.992698017277807
0.5300000000000002,3651.700000000003,0.0015986321928029845,20.072918231999296,0.00029146328475593286,0.0009122749784081785,10.031932556548272,9.992698017277807
0.5400000000000003,3720.600000000003,0.001598632192815086,20.072918231999296,0.0002914632847472731,0.0009122749784039041,10.03193255654827,9.992698017277812
0.5500000000000003,3789.500000000003,0.0015986321928117553,20.0729182319993,0.0002914632847490495,0.0009122749784114537,10.03193255654827,9.992698017277807
0.5600000000000003,3858.4000000000033,0.0015986321928192493,20.072918231999303,0.00029146328475648797,0.0009122749783954109,10.031932556548272,9.99269801727782
0.5700000000000003,3927.3000000000034,0.0015986321928289082,20.07291823199931,0.00029146328475132544,0.0009122749784028494,10.03193255654827,9.99269801727782
0.5800000000000003,3996.2000000000035,0.001598632192825744,20.072918231999306,0.0002914632847582088,0.0009122749784039041,10.03193255654827,9.992698017277828
0.5900000000000003,4065.1000000000035,0.0015986321928169178,20.072918231999317,0.00029146328476431504,0.0009122749784056805,10.031932556548265,9.992698017277808
0.6000000000000003,4134.000000000004,0.0015986321928154745,20.0729182319993,0.00029146328476042926,0.0009122749784022388,10.031932556548274,9.992698017277807
0.6100000000000003,4202.900000000003,0.001598632192803151,20.072918231999306,0.0002914632847611509,0.0009122749784080675,10.031932556548266,9.992698017277796
0.6200000000000003,4271.800000000003,0.001598632192807703,20.072918231999296,0.0002914632847421106,0.0009122749783916917,10.03193255654827,9.992698017277826
0.6300000000000003,4340.700000000003,0.0015986321928264102,20.072918231999317,0.00029146328475537775,0.0009122749784063466,10.031932556548272,9.992698017277808
0.6400000000000003,4409.600000000002,0.001598632192823246,20.072918231999303,0.0002914632847525467,0.0009122749784126749,10.031932556548272,9.992698017277794
0.6500000000000004,4478.500000000002,0.0015986321928238012,20.072918231999306,0.00029146328476126193,0.0009122749784050699,10.031932556548266,9.992698017277808
0.6600000000000004,4547.4000000000015,0.0015986321928209701,20.072918231999306,0.0002914632847507148,0.0009122749784110651,10.03193255654827,9.992698017277814
0.6700000000000004,4616.300000000001,0.0015986321928034841,20.072918231999306,0.00029146328475199157,0.0009122749783974649,10.031932556548272,9.992698017277826
0.6800000000000004,4685.200000000001,0.0015986321928163627,20.072918231999306,0.00029146328475143646,0.0009122749784026274,10.031932556548266,9.992698017277812
0.6900000000000004,4754.1,0.0015986321928075364,20.072918231999292,0.0002914632847451082,0.0009122749784003514,10.031932556548274,9.992698017277812
0.7000000000000004,4823.0,0.001598632192817584,20.072918231999296,0.00029146328474544125,0.0009122749784036821,10.03193255654827,9.992698017277808
0.7100000000000004,4891.9,0.0015986321928196934,20.072918231999303,0.0002914632847556553,0.0009122749784107875,10.031932556548268,9.992698017277808
0.7200000000000004,4960.799999999999,0.0015986321928240788,20.072918231999303,0.00029146328476392647,0.0009122749783904704,10.031932556548268,9.992698017277828
0.7300000000000004,5029.699999999999,0.0015986321928324054,20.072918231999303,0.0002914632847525467,0.0009122749784077899,10.031932556548274,9.992698017277803
0.7400000000000004,5098.5999999999985,0.0015986321928060931,20.072918231999278,0.000291463284758986,0.0009122749784085116,10.03193255654827,9.99269801727781
0.7500000000000004,5167.499999999998,0.0015986321928127545,20.072918231999306,0.00029146328475498917,0.0009122749783984085,10.031932556548277,9.992698017277808
0.7600000000000005,5236.399999999998,0.0015986321928241898,20.072918231999306,0.0002914632847506593,0.000912274978413008,10.031932556548272,9.992698017277803
0.7700000000000005,5305.299999999997,0.0015986321928277425,20.072918231999306,0.00029146328475782024,0.0009122749783910811,10.031932556548274,9.992698017277826
0.7800000000000005,5374.199999999997,0.0015986321928097014,20.072918231999278,0.0002914632847551557,0.0009122749784015172,10.031932556548274,9.992698017277815
0.7900000000000005,5443.099999999997,0.0015986321928177505,20.07291823199931,0.0002914632847462739,0.0009122749783955775,10.03193255654827,9.992698017277807
0.8000000000000005,5511.999999999996,0.0015986321928147529,20.07291823199931,0.0002914632847530463,0.0009122749784118422,10.03193255654827,9.992698017277812
0.8100000000000005,5580.899999999996,0.0015986321928085911,20.07291823199931,0.000291463284759208,0.0009122749784097328,10.031932556548265,9.992698017277826
0.8200000000000005,5649.799999999996,0.0015986321928029845,20.072918231999306,0.000291463284751714,0.000912274978420613,10.031932556548272,9.992698017277807
0.8300000000000005,5718.699999999995,0.0015986321928213032,20.07291823199931,0.0002914632847457743,0.0009122749784075679,10.031932556548275,9.992698017277824
0.8400000000000005,5787.599999999995,0.0015986321928206926,20.072918231999306,0.00029146328475099237,0.000912274978410843,10.031932556548268,9.992698017277814
0.8500000000000005,5856.4999999999945,0.0015986321928245228,20.072918231999306,0.00029146328475598837,0.0009122749784043482,10.03193255654827,9.992698017277817
0.8600000000000005,5925.399999999994,0.0015986321928061487,20.072918231999317,0.0002914632847550447,0.000912274978410732,10.031932556548265,9.992698017277796
0.8700000000000006,5994.299999999994,0.0015986321928208036,20.07291823199931,0.00029146328475343486,0.0009122749783949669,10.031932556548266,9.992698017277815
0.8800000000000006,6063.199999999993,0.001598632192817806,20.072918231999306,0.00029146328476492567,0.0009122749784060136,10.031932556548263,9.992698017277807
0.8900000000000006,6132.099999999993,0.00159863219282802,20.072918231999292,0.0002914632847301757,0.0009122749784047923,10.03193255654827,9.992698017277819
0.9000000000000006,6200.999999999993,0.0015986321928128655,20.072918231999306,0.00029146328475082584,0.0009122749783940787,10.031932556548279,9.99269801727782
0.9100000000000006,6269.899999999992,0.0015986321928084801,20.072918231999296,0.0002914632847547671,0.0009122749784113426,10.031932556548272,9.992698017277789
0.9200000000000006,6338.799999999992,0.0015986321928075364,20.072918231999303,0.0002914632847599852,0.0009122749783903594,10.031932556548275,9.992698017277814
0.9300000000000006,6407.699999999992,0.001598632192803373,20.0729182319993,0.0002914632847536569,0.0009122749784042927,10.03193255654827,9.992698017277815
0.9400000000000006,6476.599999999991,0.0015986321928063152,20.072918231999296,0.0002914632847512699,0.0009122749784111761,10.031932556548272,9.99269801727781
0.9500000000000006,6545.499999999991,0.0015986321928193048,20.07291823199933,0.0002914632847545451,0.0009122749783986306,10.03193255654827,9.99269801727782
0.9600000000000006,6614.3999999999905,0.001598632192814975,20.07291823199931,0.0002914632847570431,0.0009122749784143402,10.031932556548268,9.9926980172778
0.9700000000000006,6683.29999999999,0.00159863219281009,20.072918231999296,0.0002914632847591525,0.0009122749783965767,10.03193255654828,9.992698017277828
0.9800000000000006,6752.19999999999,0.0015986321928138647,20.07291823199929,0.0002914632847512144,0.0009122749784015172,10.031932556548266,9.992698017277815
0.9900000000000007,6821.099999999989,0.001598632192825633,20.07291823199931,0.0002914632847517695,0.0009122749784095663,10.03193255654827,9.99269801727781
1.0000000000000007,6889.999999999989,0.0015986321928113112,20.072918231999296,0.0002914632847491605,0.0009122749784052364,10.03193255654827,9.992698017277814
1.0100000000000007,6958.899999999989,0.0015986321928135316,20.072918231999296,0.00029146328476681305,0.0009122749784112871,10.031932556548263,9.992698017277812
1.0200000000000007,7027.799999999988,0.0015986321928050384,20.072918231999303,0.0002914632847485499,0.0009122749784028494,10.031932556548274,9.992698017277824
1.0300000000000007,7096.699999999988,0.0015986321928168623,20.072918231999278,0.00029146328475787575,0.0009122749784112316,10.031932556548272,9.992698017277817
1.0400000000000007,7165.599999999988,0.0015986321928181946,20.072918231999296,0.00029146328474999317,0.0009122749784019613,10.03193255654827,9.992698017277815
1.0500000000000007,7234.499999999987,0.0015986321928171954,20.072918231999306,0.00029146328475682104,0.0009122749783994633,10.031932556548266,9.992698017277803
1.0600000000000007,7303.399999999987,0.0015986321928229685,20.07291823199932,0.00029146328475437855,0.0009122749784066242,10.03193255654827,9.992698017277803
1.0700000000000007,7372.2999999999865,0.0015986321928096459,20.072918231999324,0.0002914632847421661,0.0009122749783924688,10.031932556548272,9.992698017277807
1.0800000000000007,7441.199999999986,0.0015986321928230796,20.0729182319993,0.00029146328476331584,0.0009122749784094553,10.031932556548266,9.992698017277812
1.0900000000000007,7510.099999999986,0.0015986321928208591,20.072918231999306,0.00029146328475188055,0.0009122749784114537,10.03193255654827,9.992698017277808
1.1000000000000008,7578.999999999985,0.001598632192818139,20.072918231999306,0.00029146328474005667,0.000912274978405514,10.031932556548277,9.992698017277803
1.1100000000000008,7647.899999999985,0.001598632192802929,20.07291823199933,0.00029146328475737615,0.0009122749784102324,10.031932556548265,9.9926980172778
1.1200000000000008,7716.799999999985,0.0015986321928144753,20.072918231999314,0.00029146328475243566,0.0009122749783899708,10.031932556548275,9.992698017277826
1.1300000000000008,7785.699999999984,0.001598632192807481,20.072918231999306,0.00029146328474843886,0.0009122749784024609,10.031932556548268,9.992698017277815
1.1400000000000008,7854.599999999984,0.0015986321928094793,20.072918231999306,0.0002914632847462184,0.0009122749783977979,10.031932556548266,9.992698017277814
1.1500000000000008,7923.499999999984,0.0015986321928045943,20.072918231999314,0.0002914632847500487,0.0009122749784007955,10.031932556548272,9.992698017277815
1.1600000000000008,7992.399999999983,0.0015986321928247449,20.072918231999314,0.00029146328474632943,0.0009122749784020723,10.031932556548274,9.992698017277812
1.1700000000000008,8061.299999999983,0.0015986321928168068,20.07291823199931,0.00029146328476142846,0.0009122749784019057,10.031932556548275,9.992698017277812
1.1800000000000008,8130.1999999999825,0.0015986321928169178,20.0729182319993,0.00029146328475043726,0.0009122749784077899,10.03193255654827,9.992698017277805
1.1900000000000008,8199.099999999982,0.0015986321928103675,20.072918231999317,0.00029146328475526673,0.0009122749783941897,10.031932556548272,9.992698017277824
1.2000000000000008,8267.999999999982,0.0015986321928214697,20.07291823199931,0.0002914632847512699,0.0009122749783897488,10.031932556548266,9.992698017277831
1.2100000000000009,8336.899999999981,0.001598632192810312,20.0729182319993,0.00029146328475282424,0.0009122749783970208,10.03193255654827,9.992698017277826
1.2200000000000009,8405.799999999981,0.0015986321928114777,20.072918231999303,0.000291463284751714,0.0009122749784092332,10.031932556548266,9.992698017277796
1.2300000000000009,8474.69999999998,0.001598632192805871,20.072918231999296,0.0002914632847527132,0.0009122749783825324,10.03193255654827,9.992698017277831
1.2400000000000009,8543.59999999998,0.001598632192822691,20.072918231999303,0.0002914632847627052,0.0009122749784001294,10.03193255654827,9.992698017277815
1.2500000000000009,8612.49999999998,0.0015986321928216918,20.072918231999317,0.00029146328475337935,0.0009122749784168382,10.03193255654827,9.992698017277814
1.260000000000001,8681.39999999998,0.0015986321928264102,20.072918231999328,0.00029146328474793926,0.0009122749784007955,10.031932556548275,9.992698017277805
1.270000000000001,8750.29999999998,0.0015986321928267988,20.072918231999303,0.00029146328474249916,0.0009122749784022943,10.031932556548272,9.992698017277807
1.280000000000001,8819.199999999979,0.0015986321928237457,20.072918231999306,0.00029146328474599636,0.000912274978415395,10.031932556548266,9.992698017277807
1.290000000000001,8888.099999999979,0.0015986321928138647,20.072918231999292,0.00029146328474594085,0.0009122749784097328,10.031932556548288,9.992698017277817
1.300000000000001,8956.999999999978,0.0015986321928122549,20.072918231999296,0.00029146328474932703,0.0009122749784120643,10.03193255654827,9.992698017277803
1.310000000000001,9025.899999999978,0.0015986321928188052,20.072918231999296,0.0002914632847461074,0.0009122749784005735,10.031932556548268,9.992698017277824
1.320000000000001,9094.799999999977,0.0015986321928010416,20.072918231999314,0.0002914632847427212,0.0009122749783985196,10.03193255654827,9.99269801727782
1.330000000000001,9163.699999999977,0.001598632192823135,20.072918231999306,0.0002914632847669796,0.0009122749784026829,10.03193255654827,9.992698017277815
1.340000000000001,9232.599999999977,0.0015986321928131986,20.072918231999296,0.00029146328474882743,0.0009122749784124529,10.031932556548268,9.992698017277807
1.350000000000001,9301.499999999976,0.0015986321928225244,20.072918231999296,0.0002914632847521581,0.0009122749783976314,10.031932556548272,9.992698017277828
1.360000000000001,9370.399999999976,0.0015986321928171954,20.072918231999296,0.00029146328473700356,0.0009122749784053474,10.031932556548274,9.992698017277824
1.370000000000001,9439.299999999976,0.0015986321928090352,20.072918231999314,0.0002914632847333398,0.0009122749784114537,10.031932556548272,9.992698017277808
1.380000000000001,9508.199999999975,0.0015986321928045388,20.072918231999317,0.00029146328476187255,0.0009122749783999073,10.031932556548275,9.992698017277823
1.390000000000001,9577.099999999975,0.0015986321928210256,20.072918231999324,0.0002914632847660914,0.000912274978400629,10.03193255654827,9.992698017277817
1.400000000000001,9645.999999999975,0.0015986321928289637,20.0729182319993,0.0002914632847655363,0.0009122749784194473,10.03193255654826,9.9926980172778
1.410000000000001,9714.899999999974,0.0015986321928145864,20.07291823199929,0.0002914632847378362,0.0009122749783995743,10.031932556548277,9.992698017277819
1.420000000000001,9783.799999999974,0.0015986321928150304,20.072918231999296,0.00029146328474438654,0.0009122749784146178,10.03193255654827,9.992698017277803
0.0,0,-1.6653345369377348e-16,20.0,0.0,-5.551115123125783e-17,10.0,10.0
0.01,68.9,0.001564017864867373,20.07247106047149,0.0002807396893886871,0.0008808587238837151,10.031704974411635,9.992786784703501
0.02,137.8,0.001675671684672475,20.073362291949586,0.00029740765830482685,0.0009620721110505936,10.032169169899245,9.992648191815203
0.03,206.70000000000002,0.0016074871408541247,20.072927860116646,0.0002925569452880139,0.0009172299666782568,10.031937534082989,9.992697496208123
0.04,275.6,0.0015956068985452654,20.072915337489366,0.0002913904064338335,0.0009105762294517317,10.031930980380285,9.992698335014444
0.05,344.5,0.0015979220802895266,20.07291812104293,0.0002914080573911959,0.0009119113865689865,10.03193250473696,9.992698002502024
0.060000000000000005,413.4,0.001598713382430117,20.072918250480573,0.00029146098469196025,0.0009123180913754303,10.031932567750847,9.992698013887027
0.07,482.29999999999995,0.0015986738609855555,20.072918233133194,0.00029146562041376667,0.0009122955499290542,10.031932556905588,9.99269801831139
0.08,551.1999999999999,0.0015986321182276941,20.072918231886938,0.00029146360554355155,0.0009122748678936365,10.031932556409398,9.9926980174506
0.09,620.0999999999999,0.001598630183287264,20.072918231985188,0.0002914632045661891,0.0009122740030430565,10.031932556545275,9.99269801723938
0.09999999999999999,688.9999999999999,0.0015986320115311536,20.072918231999562,0.00029146326257534216,0.000912274893829057,10.031932556552425,9.992698017266738
0.10999999999999999,757.8999999999999,0.0015986322726936342,20.07291823199959,0.0002914632865298472,0.000912275016910602,10.031932556548583,9.99269801727868
0.11999999999999998,826.7999999999998,0.0015986322088804572,20.07291823199933,0.00029146328597207116,0.0009122749859753476,10.031932556548114,9.992698017278396
0.12999999999999998,895.6999999999998,0.0015986321904661316,20.072918231999303,0.0002914632847855758,0.0009122749772649819,10.031932556548243,9.992698017277812
0.13999999999999999,964.5999999999998,0.0015986321918172175,20.072918231999296,0.0002914632846910403,0.0009122749779378325,10.031932556548266,9.992698017277782
0.15,1033.4999999999998,0.0015986321928356806,20.072918231999296,0.00029146328475143646,0.0009122749784145068,10.03193255654828,9.992698017277801
0.16,1102.3999999999999,0.001598632192864935,20.07291823199931,0.0002914632847660914,0.0009122749784296058,10.031932556548266,9.992698017277798
0.17,1171.3,0.0015986321928140312,20.07291823199929,0.00029146328474943806,0.000912274978413341,10.031932556548274,9.992698017277792
0.18000000000000002,1240.2,0.0015986321928016523,20.072918231999285,0.0002914632847497711,0.0009122749784106765,10.031932556548263,9.992698017277803
0.19000000000000003,1309.1000000000001,0.0015986321928103675,20.072918231999285,0.0002914632847471066,0.000912274978398353,10.031932556548268,9.992698017277814
0.20000000000000004,1378.0000000000002,0.0015986321928158076,20.072918231999303,0.0002914632847490495,0.0009122749784064577,10.031932556548261,9.99269801727781
0.21000000000000005,1446.9000000000003,0.0015986321928113112,20.072918231999303,0.0002914632847552112,0.000912274978415506,10.031932556548277,9.9926980172778
0.22000000000000006,1515.8000000000004,0.0015986321928311842,20.072918231999306,0.0002914632847501597,0.0009122749783925799,10.031932556548274,9.992698017277826
0.23000000000000007,1584.7000000000005,0.0015986321928048164,20.072918231999303,0.00029146328475632144,0.0009122749784041262,10.031932556548263,9.992698017277812
0.24000000000000007,1653.6000000000006,0.0015986321928195268,20.072918231999303,0.0002914632847596521,0.0009122749784241657,10.031932556548277,9.992698017277784
0.25000000000000006,1722.5000000000007,0.0015986321928155856,20.07291823199928,0.00029146328475732064,0.000912274978418337,10.03193255654827,9.992698017277803
0.26000000000000006,1791.4000000000008,0.001598632192827243,20.072918231999317,0.0002914632847436094,0.000912274978405625,10.031932556548268,9.992698017277814
0.2700000000000001,1860.3000000000009,0.0015986321928240788,20.072918231999303,0.0002914632847492715,0.0009122749784034601,10.031932556548274,9.992698017277817
0.2800000000000001,1929.200000000001,0.0015986321928169733,20.0729182319993,0.0002914632847501597,0.0009122749784204465,10.031932556548268,9.992698017277792
0.2900000000000001,1998.100000000001,0.0015986321928184721,20.072918231999324,0.0002914632847566545,0.0009122749783977424,10.031932556548266,9.99269801727781
0.3000000000000001,2067.000000000001,0.001598632192812699,20.072918231999296,0.00029146328474000116,0.0009122749784065132,10.03193255654827,9.9926980172778
0.3100000000000001,2135.900000000001,0.0015986321928185276,20.072918231999306,0.0002914632847437759,0.0009122749783936901,10.031932556548272,9.99269801727782
0.3200000000000001,2204.800000000001,0.0015986321928218583,20.07291823199931,0.0002914632847481613,0.0009122749784001294,10.031932556548266,9.992698017277819
0.3300000000000001,2273.700000000001,0.0015986321928113112,20.072918231999296,0.00029146328476337136,0.000912274978428218,10.03193255654827,9.992698017277803
0.34000000000000014,2342.6000000000013,0.0015986321928243563,20.07291823199932,0.00029146328476487016,0.0009122749784072903,10.031932556548268,9.992698017277814
0.35000000000000014,2411.5000000000014,0.0015986321928084801,20.072918231999306,0.00029146328474949357,0.00091227497839802,10.03193255654827,9.992698017277823
0.36000000000000015,2480.4000000000015,0.0015986321928183611,20.072918231999274,0.0002914632847686449,0.0009122749784137851,10.031932556548266,9.99269801727781
0.37000000000000016,2549.3000000000015,0.0015986321928129765,20.07291823199931,0.0002914632847322851,0.0009122749784101769,10.03193255654827,9.992698017277792
0.38000000000000017,2618.2000000000016,0.0015986321928290192,20.072918231999317,0.0002914632847551557,0.0009122749783924688,10.03193255654827,9.99269801727783
0.3900000000000002,2687.1000000000017,0.0015986321928153635,20.07291823199931,0.00029146328476242767,0.0009122749784096218,10.031932556548266,9.992698017277805
0.4000000000000002,2756.000000000002,0.0015986321928165292,20.072918231999303,0.00029146328473755867,0.000912274978413119,10.031932556548265,9.99269801727781
0.4100000000000002,2824.900000000002,0.001598632192809979,20.07291823199931,0.0002914632847487164,0.0009122749783957995,10.031932556548274,9.992698017277812
0.4200000000000002,2893.800000000002,0.0015986321928205816,20.072918231999303,0.0002914632847636489,0.0009122749784121753,10.031932556548263,9.992698017277796
0.4300000000000002,2962.700000000002,0.0015986321928047609,20.07291823199932,0.0002914632847373366,0.0009122749784055695,10.031932556548272,9.992698017277807
0.4400000000000002,3031.600000000002,0.0015986321928193603,20.072918231999303,0.00029146328474249916,0.0009122749784231665,10.031932556548274,9.992698017277798
0.45000000000000023,3100.5000000000023,0.0015986321928261327,20.072918231999317,0.00029146328475687655,0.0009122749784121198,10.03193255654827,9.992698017277796
0.46000000000000024,3169.4000000000024,0.001598632192810756,20.072918231999306,0.00029146328475537775,0.0009122749784014617,10.03193255654827,9.992698017277826
0.47000000000000025,3238.3000000000025,0.001598632192810312,20.072918231999292,0.00029146328475698757,0.0009122749784085671,10.03193255654827,9.992698017277817
0.48000000000000026,3307.2000000000025,0.0015986321928089797,20.072918231999314,0.00029146328476892247,0.0009122749784036266,10.03193255654827,9.99269801727782
0.49000000000000027,3376.1000000000026,0.0015986321928152525,20.07291823199931,0.000291463284751714,0.0009122749784100659,10.031932556548266,9.992698017277796
0.5000000000000002,3445.0000000000027,0.001598632192815419,20.072918231999317,0.00029146328474582983,0.0009122749783930795,10.031932556548277,9.992698017277817
0.5100000000000002,3513.900000000003,0.0015986321928201375,20.072918231999296,0.0002914632847472176,0.0009122749783945783,10.03193255654827,9.992698017277819
0.5200000000000002,3582.800000000003,0.0015986321928201375,20.072918231999317,0.00029146328476042926,0.0009122749784161721,10.031932556548263,9.992698017277805
0.5300000000000002,3651.700000000003,0.0015986321928291303,20.072918231999292,0.0002914632847512699,0.0009122749783950224,10.031932556548263,9.992698017277831
0.5400000000000003,3720.600000000003,0.0015986321928183056,20.072918231999296,0.00029146328475232464,0.0009122749783979089,10.031932556548274,9.992698017277824
0.5500000000000003,3789.500000000003,0.0015986321928254665,20.072918231999292,0.00029146328476842287,0.0009122749784022943,10.031932556548263,9.992698017277807
0.5600000000000003,3858.4000000000033,0.0015986321928240788,20.07291823199931,0.0002914632847566545,0.0009122749783965767,10.031932556548274,9.99269801727781
0.5700000000000003,3927.3000000000034,0.0015986321928064262,20.072918231999306,0.00029146328475282424,0.0009122749784098994,10.031932556548272,9.992698017277814
0.5800000000000003,3996.2000000000035,0.0015986321928085911,20.072918231999314,0.0002914632847636489,0.0009122749784138962,10.031932556548275,9.992698017277807
0.5900000000000003,4065.1000000000035,0.0015986321928159741,20.07291823199931,0.0002914632847501042,0.0009122749783888606,10.031932556548272,9.992698017277828
0.6000000000000003,4134.000000000004,0.001598632192825411,20.07291823199931,0.0002914632847627052,0.0009122749783955775,10.031932556548272,9.992698017277824
0.6100000000000003,4202.900000000003,0.0015986321928213032,20.07291823199932,0.00029146328475149197,0.0009122749783926354,10.03193255654827,9.99269801727782
0.6200000000000003,4271.800000000003,0.001598632192820637,20.072918231999303,0.00029146328477136496,0.0009122749783977979,10.031932556548261,9.992698017277824
0.6300000000000003,4340.700000000003,0.0015986321928161407,20.072918231999317,0.0002914632847562104,0.000912274978398464,10.031932556548272,9.992698017277814
0.6400000000000003,4409.600000000002,0.001598632192820193,20.072918231999292,0.00029146328476581385,0.0009122749784046258,10.03193255654827,9.992698017277826
0.6500000000000004,4478.500000000002,0.0015986321928178615,20.072918231999303,0.00029146328475537775,0.0009122749784069573,10.031932556548263,9.992698017277817
0.6600000000000004,4547.4000000000015,0.001598632192813254,20.072918231999303,0.00029146328473256267,0.0009122749784047368,10.031932556548266,9.992698017277815
0.6700000000000004,4616.300000000001,0.0015986321928121439,20.072918231999292,0.00029146328475876393,0.0009122749784116757,10.03193255654827,9.992698017277814
0.6800000000000004,4685.200000000001,0.0015986321928234126,20.072918231999296,0.00029146328476137295,0.000912274978408012,10.031932556548275,9.992698017277819
0.6900000000000004,4754.1,0.0015986321928073144,20.072918231999296,0.00029146328475637695,0.000912274978415839,10.031932556548266,9.992698017277794
0.7000000000000004,4823.0,0.0015986321928060931,20.072918231999292,0.0002914632847432763,0.0009122749783918582,10.031932556548272,9.992698017277817
0.7100000000000004,4891.9,0.001598632192824856,20.07291823199931,0.0002914632847556553,0.0009122749783888606,10.03193255654827,9.99269801727782
0.7200000000000004,4960.799999999999,0.0015986321928166958,20.072918231999296,0.0002914632847631493,0.0009122749784066242,10.031932556548275,9.992698017277796
0.7300000000000004,5029.699999999999,0.0015986321928092018,20.07291823199933,0.0002914632847472731,0.0009122749783980755,10.03193255654827,9.992698017277814
0.7400000000000004,5098.5999999999985,0.0015986321928211367,20.072918231999317,0.00029146328476131744,0.0009122749784094553,10.03193255654827,9.992698017277807
0.7500000000000004,5167.499999999998,0.0015986321928152525,20.07291823199931,0.0002914632847531573,0.000912274978385974,10.03193255654827,9.992698017277835
0.7600000000000005,5236.399999999998,0.0015986321928229685,20.07291823199931,0.00029146328476076233,0.0009122749783945228,10.031932556548274,9.992698017277844
0.7700000000000005,5305.299999999997,0.0015986321928185276,20.07291823199931,0.0002914632847512699,0.0009122749784117312,10.031932556548272,9.992698017277803
0.7800000000000005,5374.199999999997,0.00159863219283235,20.072918231999306,0.00029146328475837535,0.000912274978395966,10.031932556548277,9.992698017277826
0.7900000000000005,5443.099999999997,0.0015986321928236347,20.072918231999296,0.000291463284746718,0.0009122749784135631,10.031932556548268,9.992698017277808
0.8000000000000005,5511.999999999996,0.0015986321928196934,20.072918231999303,0.00029146328475293526,0.000912274978403349,10.031932556548274,9.992698017277819
0.8100000000000005,5580.899999999996,0.0015986321928184166,20.072918231999292,0.000291463284774085,0.0009122749784035711,10.031932556548272,9.992698017277812
0.8200000000000005,5649.799999999996,0.0015986321928038727,20.072918231999317,0.0002914632847536569,0.0009122749784194473,10.031932556548272,9.9926980172778
0.8300000000000005,5718.699999999995,0.0015986321928142533,20.07291823199931,0.0002914632847496601,0.0009122749784016282,10.031932556548274,9.992698017277801
0.8400000000000005,5787.599999999995,0.0015986321928050384,20.07291823199931,0.0002914632847565435,0.0009122749784115647,10.03193255654827,9.9926980172778
0.8500000000000005,5856.4999999999945,0.0015986321928134206,20.0729182319993,0.0002914632847515475,0.0009122749784009621,10.031932556548274,9.992698017277826
0.8600000000000005,5925.399999999994,0.00159863219281553,20.07291823199931,0.00029146328474433103,0.0009122749784087336,10.031932556548272,9.992698017277803
0.8700000000000006,5994.299999999994,0.0015986321928249114,20.072918231999303,0.00029146328475093686,0.0009122749784062356,10.03193255654827,9.992698017277819
0.8800000000000006,6063.199999999993,0.0015986321928094793,20.0729182319993,0.0002914632847550447,0.0009122749784112316,10.031932556548263,9.992698017277812
0.8900000000000006,6132.099999999993,0.0015986321928265768,20.072918231999303,0.0002914632847471621,0.0009122749783979645,10.031932556548274,9.99269801727782
0.9000000000000006,6200.999999999993,0.0015986321928145308,20.07291823199931,0.00029146328472789973,0.0009122749784111206,10.031932556548268,9.992698017277801
0.9100000000000006,6269.899999999992,0.0015986321928127545,20.072918231999317,0.00029146328474799477,0.0009122749783894712,10.031932556548274,9.992698017277839
0.9200000000000006,6338.799999999992,0.0015986321928065927,20.072918231999296,0.00029146328474538574,0.0009122749784016837,10.03193255654827,9.992698017277817
0.9300000000000006,6407.699999999992,0.0015986321928133096,20.072918231999303,0.000291463284751714,0.0009122749784090667,10.03193255654827,9.992698017277814
0.9400000000000006,6476.599999999991,0.0015986321928161962,20.07291823199931,0.00029146328473989014,0.0009122749784113426,10.03193255654827,9.992698017277808
0.9500000000000006,6545.499999999991,0.0015986321928139202,20.0729182319993,0.00029146328475049277,0.000912274978395855,10.031932556548275,9.992698017277824
0.9600000000000006,6614.3999999999905,0.0015986321928145308,20.072918231999303,0.0002914632847507703,0.0009122749784038486,10.031932556548266,9.992698017277814
0.9700000000000006,6683.29999999999,0.0015986321928067038,20.07291823199931,0.000291463284741611,0.0009122749784076789,10.031932556548268,9.992698017277803
0.9800000000000006,6752.19999999999,0.0015986321928206926,20.072918231999296,0.0002914632847421106,0.0009122749783924133,10.031932556548274,9.992698017277828
0.9900000000000007,6821.099999999989,0.0015986321928264102,20.072918231999303,0.0002914632847527687,0.000912274978400851,10.031932556548268,9.992698017277823
1.0000000000000007,6889.999999999989,0.0015986321928135871,20.07291823199931,0.00029146328475887495,0.0009122749784054585,10.031932556548275,9.9926980172778
1.0100000000000007,6958.899999999989,0.0015986321928185276,20.072918231999303,0.00029146328475243566,0.0009122749783995188,10.031932556548277,9.992698017277828
1.0200000000000007,7027.799999999988,0.0015986321928233016,20.072918231999296,0.00029146328474549676,0.0009122749784175044,10.031932556548277,9.992698017277798
1.0300000000000007,7096.699999999988,0.0015986321928202485,20.072918231999292,0.00029146328474694005,0.0009122749783822548,10.031932556548272,9.99269801727783
1.0400000000000007,7165.599999999988,0.0015986321928166958,20.07291823199931,0.00029146328475532224,0.0009122749783926354,10.031932556548266,9.992698017277837
1.0500000000000007,7234.499999999987,0.001598632192810756,20.072918231999303,0.00029146328475682104,0.000912274978395744,10.031932556548266,9.992698017277826
1.0600000000000007,7303.399999999987,0.001598632192809979,20.072918231999306,0.0002914632847467735,0.0009122749783897488,10.031932556548274,9.992698017277817
1.0700000000000007,7372.2999999999865,0.0015986321928085911,20.072918231999306,0.00029146328474993766,0.0009122749784022388,10.03193255654827,9.99269801727782
1.0800000000000007,7441.199999999986,0.0015986321928177505,20.07291823199929,0.000291463284744109,0.0009122749784059025,10.031932556548266,9.992698017277828
1.0900000000000007,7510.099999999986,0.0015986321928146419,20.07291823199929,0.0002914632847470511,0.0009122749784127304,10.03193255654827,9.992698017277814
1.1000000000000008,7578.999999999985,0.001598632192820526,20.07291823199931,0.0002914632847397791,0.000912274978408012,10.031932556548266,9.992698017277807
1.1100000000000008,7647.899999999985,0.0015986321928185832,20.072918231999303,0.0002914632847391685,0.0009122749783999073,10.03193255654827,9.99269801727782
1.1200000000000008,7716.799999999985,0.0015986321928125324,20.072918231999296,0.0002914632847531573,0.0009122749784153394,10.03193255654828,9.99269801727781
1.1300000000000008,7785.699999999984,0.0015986321928156966,20.07291823199931,0.00029146328475299077,0.0009122749783965212,10.031932556548266,9.992698017277817
1.1400000000000008,7854.599999999984,0.0015986321928210812,20.07291823199931,0.0002914632847662024,0.000912274978408345,10.03193255654827,9.99269801727781
1.1500000000000008,7923.499999999984,0.0015986321928204705,20.07291823199931,0.0002914632847537124,0.0009122749783970763,10.031932556548266,9.992698017277808
1.1600000000000008,7992.399999999983,0.0015986321928210256,20.072918231999317,0.00029146328475931904,0.0009122749784049589,10.031932556548272,9.992698017277815
1.1700000000000008,8061.299999999983,0.001598632192813032,20.072918231999317,0.0002914632847630383,0.0009122749784117312,10.031932556548261,9.992698017277819
1.1800000000000008,8130.1999999999825,0.0015986321928186942,20.072918231999317,0.00029146328474743965,0.0009122749784093442,10.031932556548268,9.992698017277817
1.1900000000000008,8199.099999999982,0.0015986321928075364,20.072918231999317,0.00029146328475826433,0.0009122749784147288,10.03193255654827,9.992698017277796
1.2000000000000008,8267.999999999982,0.0015986321928095348,20.072918231999303,0.0002914632847537124,0.0009122749783945228,10.03193255654827,9.992698017277824
1.2100000000000009,8336.899999999981,0.0015986321928258551,20.072918231999306,0.00029146328475793126,0.000912274978383476,10.031932556548274,9.992698017277846
1.2200000000000009,8405.799999999981,0.001598632192830185,20.072918231999292,0.0002914632847662024,0.0009122749784027939,10.031932556548266,9.992698017277817
1.2300000000000009,8474.69999999998,0.0015986321928183056,20.072918231999306,0.0002914632847585419,0.0009122749784179485,10.031932556548279,9.992698017277814
0.0,0,-1.6653345369377348e-16,20.0,0.0,-5.551115123125783e-17,10.0,10.0
0.01,68.9,0.001564017864867373,20.07247106047149,0.0002807396893886871,0.0008808587238837151,10.031704974411635,9.992786784703501
0.02,137.8,0.001675671684672586,20.073362291949586,0.00029740765830488236,0.0009620721110507602,10.032169169899245,9.992648191815203
0.03,206.70000000000002,0.0016074871408450209,20.07292786011665,0.000292556945286071,0.000917229966671318,10.031937534082992,9.992697496208116
0.04,275.6,0.0015956068985468197,20.072915337489356,0.0002913904064407169,0.0009105762294567277,10.031930980380283,9.992698335014445
0.05,344.5,0.0015979220802825322,20.07291812104294,0.0002914080573822586,0.0009119113865542205,10.031932504736966,9.99269800250206
0.060000000000000005,413.4,0.001598713382425676,20.072918250480583,0.0002914609846789151,0.0009123180913784834,10.031932567750843,9.992698013887027
0.07,482.29999999999995,0.001598673860985167,20.072918233133187,0.00029146562040960333,0.0009122955499306085,10.031932556905586,9.992698018311394
0.08,551.1999999999999,0.001598632118216814,20.072918231886966,0.00029146360554060946,0.0009122748678995207,10.0319325564094,9.992698017450593
0.09,620.0999999999999,0.0015986301832856542,20.072918231985206,0.00029146320456074903,0.0009122740030564902,10.031932556545273,9.992698017239366
0.09999999999999999,688.9999999999999,0.001598632011537704,20.072918231999534,0.00029146326258877586,0.0009122748938285019,10.031932556552432,9.992698017266756
0.10999999999999999,757.8999999999999,0.001598632272683087,20.072918231999605,0.0002914632865301803,0.0009122750169286431,10.031932556548579,9.992698017278673
0.11999999999999998,826.7999999999998,0.0015986322088811789,20.07291823199935,0.0002914632859528088,0.000912274985974626,10.031932556548114,9.992698017278412
0.12999999999999998,895.6999999999998,0.0015986321904724599,20.072918231999292,0.00029146328476981065,0.000912274977255989,10.03193255654825,9.992698017277835
0.13999999999999999,964.5999999999998,0.0015986321918362023,20.072918231999303,0.0002914632847137999,0.000912274977937666,10.031932556548286,9.992698017277784
0.15,1033.4999999999998,0.001598632192839955,20.07291823199932,0.0002914632847575982,0.0009122749784060691,10.031932556548268,9.992698017277817
0.16,1102.3999999999999,0.0015986321928571634,20.072918231999324,0.00029146328476281624,0.0009122749784254425,10.031932556548263,9.99269801727782
0.17,1171.3,0.0015986321928123104,20.072918231999317,0.000291463284746718,0.000912274978413119,10.031932556548266,9.992698017277807
0.18000000000000002,1240.2,0.0015986321928175284,20.072918231999303,0.0002914632847416665,0.0009122749783964101,10.031932556548265,9.99269801727782
0.19000000000000003,1309.1000000000001,0.001598632192800542,20.072918231999292,0.00029146328473800276,0.0009122749784013506,10.031932556548274,9.992698017277807
0.20000000000000004,1378.0000000000002,0.0015986321928138092,20.072918231999296,0.0002914632847627052,0.0009122749784067352,10.031932556548266,9.992698017277817
0.21000000000000005,1446.9000000000003,0.001598632192815863,20.07291823199929,0.0002914632847596521,0.0009122749784085671,10.031932556548263,9.992698017277803
0.22000000000000006,1515.8000000000004,0.0015986321928094793,20.07291823199931,0.0002914632847451637,0.0009122749783947448,10.031932556548274,9.992698017277828
0.23000000000000007,1584.7000000000005,0.0015986321928140312,20.0729182319993,0.00029146328475532224,0.0009122749784156725,10.03193255654827,9.99269801727781
0.24000000000000007,1653.6000000000006,0.0015986321928233016,20.07291823199929,0.0002914632847467735,0.0009122749784069017,10.031932556548279,9.992698017277814
0.25000000000000006,1722.5000000000007,0.0015986321928208036,20.072918231999306,0.00029146328474494165,0.0009122749784177264,10.031932556548263,9.9926980172778
0.26000000000000006,1791.4000000000008,0.0015986321928307956,20.07291823199929,0.00029146328474938255,0.0009122749783967987,10.031932556548272,9.992698017277817
0.2700000000000001,1860.3000000000009,0.001598632192815197,20.0729182319993,0.0002914632847426102,0.0009122749784042372,10.031932556548265,9.992698017277807
0.2800000000000001,1929.200000000001,0.0015986321928164737,20.0729182319993,0.00029146328474444205,0.000912274978415839,10.03193255654827,9.992698017277796
0.2900000000000001,1998.100000000001,0.0015986321928219138,20.07291823199931,0.0002914632847412224,0.0009122749783949113,10.031932556548274,9.992698017277819
0.3000000000000001,2067.000000000001,0.0015986321928183611,20.072918231999292,0.0002914632847512144,0.0009122749784057915,10.031932556548275,9.992698017277814
0.3100000000000001,2135.900000000001,0.001598632192815863,20.072918231999306,0.0002914632847636489,0.0009122749784057915,10.03193255654827,9.99269801727781
0.3200000000000001,2204.800000000001,0.0015986321928055935,20.072918231999303,0.00029146328474993766,0.0009122749784057915,10.031932556548265,9.99269801727781
0.3300000000000001,2273.700000000001,0.0015986321928101455,20.07291823199929,0.00029146328475582184,0.0009122749784125084,10.031932556548274,9.992698017277796
0.34000000000000014,2342.6000000000013,0.0015986321928215808,20.0729182319993,0.00029146328475143646,0.0009122749783972428,10.03193255654827,9.992698017277824
0.35000000000000014,2411.5000000000014,0.0015986321928117553,20.0729182319993,0.00029146328475826433,0.0009122749784086226,10.03193255654827,9.992698017277808
0.36000000000000015,2480.4000000000015,0.0015986321928065372,20.072918231999317,0.000291463284759097,0.0009122749784068462,10.031932556548263,9.9926980172778
0.37000000000000016,2549.3000000000015,0.001598632192815641,20.072918231999296,0.00029146328474993766,0.0009122749784143958,10.031932556548277,9.992698017277803
0.38000000000000017,2618.2000000000016,0.0015986321928153635,20.072918231999314,0.00029146328474682903,0.0009122749783905815,10.031932556548274,9.992698017277824
0.3900000000000002,2687.1000000000017,0.0015986321928188607,20.072918231999303,0.0002914632847482723,0.0009122749784074569,10.031932556548268,9.992698017277826
0.4000000000000002,2756.000000000002,0.0015986321928134761,20.072918231999314,0.000291463284754212,0.0009122749784180595,10.03193255654827,9.992698017277808
0.4100000000000002,2824.900000000002,0.0015986321928196379,20.072918231999296,0.00029146328475587735,0.0009122749783917472,10.03193255654827,9.992698017277823
0.4200000000000002,2893.800000000002,0.001598632192819971,20.07291823199931,0.0002914632847480503,0.0009122749784011286,10.031932556548277,9.992698017277824
0.4300000000000002,2962.700000000002,0.0015986321928199154,20.072918231999303,0.00029146328475443406,0.0009122749784108986,10.031932556548265,9.992698017277815
0.4400000000000002,3031.600000000002,0.0015986321928189162,20.072918231999306,0.00029146328475943006,0.0009122749783984085,10.03193255654827,9.99269801727782
0.45000000000000023,3100.5000000000023,0.001598632192822469,20.072918231999303,0.00029146328476392647,0.0009122749784147288,10.03193255654827,9.992698017277792
0.46000000000000024,3169.4000000000024,0.0015986321928118663,20.0729182319993,0.0002914632847397791,0.0009122749784031825,10.031932556548274,9.992698017277815
0.47000000000000025,3238.3000000000025,0.0015986321928089797,20.072918231999296,0.00029146328474649597,0.0009122749784097883,10.03193255654827,9.992698017277805
0.48000000000000026,3307.2000000000025,0.0015986321928190828,20.072918231999292,0.0002914632847477727,0.0009122749784070683,10.03193255654827,9.992698017277824
0.49000000000000027,3376.1000000000026,0.0015986321928356806,20.072918231999303,0.00029146328474299876,0.000912274978398242,10.031932556548268,9.992698017277828
0.5000000000000002,3445.0000000000027,0.0015986321928093683,20.072918231999306,0.0002914632847572096,0.000912274978393024,10.031932556548274,9.992698017277819
0.5100000000000002,3513.900000000003,0.0015986321928127545,20.072918231999303,0.00029146328475793126,0.0009122749784065687,10.031932556548265,9.992698017277817
0.5200000000000002,3582.800000000003,0.001598632192815308,20.0729182319993,0.0002914632847537679,0.0009122749783920803,10.031932556548275,9.992698017277828
0.5300000000000002,3651.700000000003,0.001598632192805205,20.072918231999303,0.00029146328474799477,0.0009122749783999073,10.031932556548265,9.992698017277815
0.5400000000000003,3720.600000000003,0.0015986321928187497,20.072918231999296,0.0002914632847537679,0.0009122749784098438,10.03193255654827,9.992698017277824
0.5500000000000003,3789.500000000003,0.0015986321928112557,20.07291823199931,0.00029146328473950156,0.0009122749783965767,10.031932556548277,9.99269801727782
0.5600000000000003,3858.4000000000033,0.0015986321928190272,20.0729182319993,0.000291463284746718,0.0009122749784085116,10.031932556548266,9.992698017277803
0.5700000000000003,3927.3000000000034,0.001598632192813254,20.07291823199931,0.0002914632847471621,0.0009122749783972983,10.03193255654827,9.992698017277826
0.5800000000000003,3996.2000000000035,0.0015986321928121439,20.072918231999306,0.0002914632847436094,0.0009122749784017392,10.03193255654827,9.992698017277828
0.5900000000000003,4065.1000000000035,0.0015986321928233016,20.072918231999306,0.0002914632847502152,0.0009122749784055695,10.031932556548274,9.992698017277807
0.6000000000000003,4134.000000000004,0.001598632192818139,20.072918231999303,0.0002914632847620946,0.0009122749784192807,10.031932556548268,9.992698017277801
0.6100000000000003,4202.900000000003,0.0015986321928253,20.072918231999303,0.0002914632847599852,0.000912274978395633,10.031932556548265,9.99269801727782
0.6200000000000003,4271.800000000003,0.0015986321928093683,20.07291823199929,0.00029146328476137295,0.0009122749783944117,10.03193255654827,9.992698017277831
0.6300000000000003,4340.700000000003,0.0015986321928211367,20.072918231999324,0.0002914632847550447,0.000912274978393468,10.031932556548266,9.992698017277815
0.6400000000000003,4409.600000000002,0.0015986321928240788,20.07291823199931,0.0002914632847602072,0.0009122749784026274,10.031932556548265,9.992698017277824
0.6500000000000004,4478.500000000002,0.001598632192810423,20.0729182319993,0.0002914632847600407,0.0009122749783950779,10.031932556548274,9.99269801727782
0.6600000000000004,4547.4000000000015,0.0015986321928113112,20.072918231999314,0.00029146328475793126,0.0009122749784096218,10.031932556548274,9.992698017277796
0.6700000000000004,4616.300000000001,0.0015986321928042058,20.07291823199932,0.0002914632847581533,0.000912274978388139,10.031932556548275,9.992698017277831
0.6800000000000004,4685.200000000001,0.0015986321928222469,20.07291823199931,0.00029146328475487815,0.000912274978398131,10.03193255654827,9.992698017277817
0.6900000000000004,4754.1,0.0015986321928183611,20.072918231999317,0.00029146328475981864,0.0009122749784059025,10.031932556548263,9.992698017277807
0.7000000000000004,4823.0,0.0015986321928135316,20.072918231999314,0.0002914632847447196,0.0009122749784055695,10.031932556548275,9.992698017277817
0.7100000000000004,4891.9,0.0015986321928179725,20.07291823199929,0.00029146328475199157,0.0009122749784056805,10.031932556548266,9.992698017277803
0.7200000000000004,4960.799999999999,0.0015986321928171399,20.072918231999306,0.00029146328475437855,0.0009122749783936901,10.03193255654827,9.992698017277828
0.7300000000000004,5029.699999999999,0.001598632192815752,20.072918231999306,0.0002914632847450527,0.0009122749783960216,10.03193255654828,9.992698017277819
0.7400000000000004,5098.5999999999985,0.0015986321928309066,20.07291823199929,0.0002914632847585419,0.0009122749784019057,10.03193255654827,9.992698017277807
0.7500000000000004,5167.499999999998,0.0015986321928184721,20.072918231999292,0.00029146328475593286,0.0009122749783901929,10.03193255654828,9.992698017277817
0.7600000000000005,5236.399999999998,0.0015986321928163072,20.07291823199929,0.00029146328476031824,0.0009122749784003514,10.03193255654827,9.992698017277826
0.7700000000000005,5305.299999999997,0.0015986321928294078,20.072918231999292,0.00029146328475382344,0.0009122749783989637,10.031932556548277,9.99269801727782
0.7800000000000005,5374.199999999997,0.0015986321928188607,20.072918231999296,0.0002914632847386134,0.0009122749784070683,10.03193255654827,9.99269801727781
0.7900000000000005,5443.099999999997,0.00159863219281553,20.072918231999314,0.00029146328474188854,0.0009122749784174489,10.031932556548274,9.99269801727781
0.8000000000000005,5511.999999999996,0.0015986321928130875,20.072918231999314,0.0002914632847302867,0.0009122749784019613,10.03193255654827,9.992698017277817
0.8100000000000005,5580.899999999996,0.0015986321928214697,20.07291823199931,0.0002914632847485499,0.000912274978410621,10.031932556548268,9.992698017277801
0.8200000000000005,5649.799999999996,0.0015986321928165848,20.072918231999292,0.0002914632847425547,0.0009122749784053474,10.031932556548274,9.99269801727782
0.8300000000000005,5718.699999999995,0.0015986321928163627,20.07291823199931,0.0002914632847461074,0.0009122749784142847,10.031932556548277,9.992698017277817
0.8400000000000005,5787.599999999995,0.0015986321928261327,20.072918231999306,0.0002914632847372256,0.0009122749783995188,10.03193255654827,9.992698017277808
0.8500000000000005,5856.4999999999945,0.0015986321928171399,20.072918231999296,0.0002914632847601517,0.0009122749784068462,10.031932556548265,9.992698017277801
0.8600000000000005,5925.399999999994,0.0015986321928226355,20.072918231999306,0.0002914632847522691,0.0009122749783925799,10.031932556548275,9.992698017277817
0.8700000000000006,5994.299999999994,0.0015986321928260216,20.072918231999296,0.00029146328475093686,0.0009122749783976869,10.031932556548263,9.992698017277823
0.8800000000000006,6063.199999999993,0.001598632192807592,20.07291823199931,0.00029146328475687655,0.0009122749784043482,10.031932556548277,9.992698017277805
0.8900000000000006,6132.099999999993,0.0015986321928035396,20.07291823199932,0.00029146328474982663,0.0009122749784092332,10.03193255654827,9.992698017277796
0.9000000000000006,6200.999999999993,0.0015986321928181946,20.072918231999296,0.0002914632847420551,0.0009122749783939677,10.031932556548268,9.992698017277824
0.9100000000000006,6269.899999999992,0.0015986321928171954,20.072918231999296,0.00029146328475598837,0.000912274978395744,10.031932556548266,9.992698017277808
0.9200000000000006,6338.799999999992,0.0015986321928185832,20.0729182319993,0.0002914632847441645,0.0009122749784034601,10.03193255654827,9.992698017277812
0.9300000000000006,6407.699999999992,0.0015986321928238567,20.072918231999306,0.0002914632847595966,0.0009122749784087336,10.031932556548272,9.992698017277814
0.9400000000000006,6476.599999999991,0.0015986321928171954,20.07291823199931,0.0002914632847546006,0.0009122749783952999,10.031932556548275,9.992698017277823
0.9500000000000006,6545.499999999991,0.0015986321928270208,20.07291823199929,0.0002914632847496046,0.0009122749784116757,10.031932556548272,9.992698017277808
0.9600000000000006,6614.3999999999905,0.00159863219282802,20.072918231999306,0.0002914632847565435,0.0009122749784070683,10.031932556548277,9.992698017277812
0.9700000000000006,6683.29999999999,0.0015986321928120883,20.072918231999324,0.00029146328474832783,0.0009122749784016282,10.031932556548272,9.992698017277824
0.9800000000000006,6752.19999999999,0.0015986321928236902,20.072918231999306,0.0002914632847550447,0.0009122749784197248,10.031932556548272,9.992698017277792
0.9900000000000007,6821.099999999989,0.001598632192819971,20.072918231999292,0.00029146328476331584,0.0009122749784069017,10.031932556548272,9.992698017277812
1.0000000000000007,6889.999999999989,0.0015986321928119773,20.07291823199931,0.000291463284759208,0.0009122749784092887,10.031932556548268,9.992698017277812
1.0100000000000007,6958.899999999989,0.0015986321928170844,20.072918231999303,0.00029146328475626593,0.00091227497841051,10.031932556548263,9.992698017277805
1.0200000000000007,7027.799999999988,0.001598632192813254,20.072918231999303,0.00029146328475343486,0.0009122749784116202,10.03193255654827,9.992698017277807
1.0300000000000007,7096.699999999988,0.001598632192817362,20.072918231999296,0.00029146328475482264,0.0009122749784079565,10.031932556548274,9.992698017277817
1.0400000000000007,7165.599999999988,0.0015986321928300185,20.072918231999292,0.0002914632847432763,0.0009122749783941342,10.031932556548266,9.992698017277815
1.0500000000000007,7234.499999999987,0.0015986321928249114,20.072918231999292,0.0002914632847552112,0.0009122749784119533,10.031932556548275,9.992698017277815
1.0600000000000007,7303.399999999987,0.0015986321928185276,20.07291823199932,0.0002914632847506593,0.000912274978395633,10.031932556548274,9.992698017277801
1.0700000000000007,7372.2999999999865,0.0015986321928154745,20.072918231999296,0.00029146328474644045,0.0009122749783935236,10.031932556548266,9.992698017277814
1.0800000000000007,7441.199999999986,0.001598632192822358,20.072918231999296,0.00029146328475626593,0.0009122749784016837,10.031932556548266,9.992698017277815
1.0900000000000007,7510.099999999986,0.0015986321928217473,20.07291823199931,0.00029146328475482264,0.0009122749784064021,10.031932556548272,9.992698017277801
1.1000000000000008,7578.999999999985,0.0015986321928210256,20.072918231999303,0.0002914632847632048,0.0009122749784085671,10.031932556548272,9.9926980172778
1.1100000000000008,7647.899999999985,0.0015986321927991543,20.072918231999296,0.0002914632847580978,0.0009122749783948003,10.03193255654827,9.992698017277814
1.1200000000000008,7716.799999999985,0.0015986321928134761,20.072918231999303,0.00029146328475537775,0.0009122749784025164,10.031932556548268,9.992698017277817
1.1300000000000008,7785.699999999984,0.0015986321928152525,20.0729182319993,0.00029146328474632943,0.00091227497841323,10.031932556548279,9.992698017277794
1.1400000000000008,7854.599999999984,0.0015986321927992098,20.07291823199932,0.00029146328474644045,0.0009122749784040707,10.031932556548268,9.992698017277808
1.1500000000000008,7923.499999999984,0.00159863219281553,20.07291823199931,0.0002914632847490495,0.0009122749784119533,10.031932556548261,9.9926980172778
1.1600000000000008,7992.399999999983,0.001598632192825633,20.07291823199931,0.00029146328476092886,0.0009122749784119533,10.03193255654827,9.99269801727781
1.1700000000000008,8061.299999999983,0.001598632192818139,20.072918231999303,0.00029146328474588534,0.0009122749784067352,10.031932556548263,9.992698017277808
1.1800000000000008,8130.1999999999825,0.0015986321928048164,20.072918231999285,0.0002914632847402232,0.0009122749784150619,10.03193255654827,9.992698017277807
1.1900000000000008,8199.099999999982,0.001598632192805427,20.0729182319993,0.0002914632847512699,0.0009122749783892492,10.031932556548272,9.992698017277831
1.2000000000000008,8267.999999999982,0.0015986321928190272,20.0729182319993,0.0002914632847510479,0.0009122749784065687,10.031932556548274,9.992698017277812
1.2100000000000009,8336.899999999981,0.0015986321928267433,20.072918231999314,0.000291463284764093,0.0009122749784039041,10.031932556548274,9.99269801727782
1.2200000000000009,8405.799999999981,0.0015986321928165848,20.072918231999296,0.00029146328474999317,0.0009122749784078454,10.03193255654827,9.992698017277812
1.2300000000000009,8474.69999999998,0.0015986321928213032,20.072918231999292,0.00029146328474449756,0.0009122749784156725,10.031932556548268,9.99269801727781
1.2400000000000009,8543.59999999998,0.0015986321928183611,20.072918231999314,0.00029146328474699557,0.000912274978390859,10.031932556548277,9.992698017277837
1.2500000000000009,8612.49999999998,0.0015986321928224134,20.07291823199931,0.00029146328473655947,0.0009122749783828654,10.031932556548275,9.99269801727783
1.260000000000001,8681.39999999998,0.0015986321928094793,20.07291823199931,0.0002914632847532683,0.0009122749784041817,10.031932556548274,9.99269801727781
1.270000000000001,8750.29999999998,0.0015986321928082026,20.072918231999303,0.00029146328475032623,0.0009122749783993522,10.031932556548272,9.99269801727782
1.280000000000001,8819.199999999979,0.0015986321928181946,20.072918231999317,0.00029146328475393446,0.0009122749783939677,10.03193255654827,9.992698017277814
1.290000000000001,8888.099999999979,0.0015986321928245784,20.072918231999303,0.00029146328474849437,0.0009122749784010731,10.03193255654827,9.992698017277817
1.300000000000001,8956.999999999978,0.001598632192827243,20.072918231999314,0.0002914632847451637,0.0009122749783979645,10.031932556548266,9.992698017277817
1.310000000000001,9025.899999999978,0.0015986321928165848,20.07291823199931,0.00029146328475088135,0.0009122749784069017,10.031932556548268,9.992698017277812
1.320000000000001,9094.799999999977,0.0015986321928180836,20.072918231999324,0.00029146328475843086,0.0009122749784210016,10.031932556548275,9.9926980172778
1.330000000000001,9163.699999999977,0.0015986321928163627,20.0729182319993,0.0002914632847641485,0.0009122749784066797,10.03193255654827,9.99269801727782
1.340000000000001,9232.599999999977,0.0015986321928049274,20.07291823199932,0.00029146328475387895,0.0009122749784097328,10.031932556548277,9.992698017277808
1.350000000000001,9301.499999999976,0.0015986321928092573,20.072918231999303,0.00029146328475249117,0.0009122749784007955,10.031932556548274,9.992698017277819
1.360000000000001,9370.399999999976,0.0015986321928109781,20.072918231999314,0.00029146328474838334,0.0009122749783970763,10.031932556548277,9.992698017277814
1.370000000000001,9439.299999999976,0.001598632192809868,20.072918231999303,0.00029146328473983463,0.0009122749784140072,10.03193255654827,9.992698017277817
1.380000000000001,9508.199999999975,0.00159863219281825,20.072918231999317,0.00029146328474549676,0.0009122749783950224,10.031932556548275,9.992698017277812
1.390000000000001,9577.099999999975,0.0015986321928129765,20.07291823199931,0.0002914632847420551,0.0009122749784036266,10.03193255654827,9.992698017277817
1.400000000000001,9645.999999999975,0.0015986321928162517,20.072918231999292,0.00029146328474938255,0.0009122749784069573,10.031932556548272,9.992698017277814
1.410000000000001,9714.899999999974,0.0015986321928192493,20.07291823199931,0.00029146328475576633,0.0009122749784027939,10.031932556548272,9.992698017277803
1.420000000000001,9783.799999999974,0.0015986321928128655,20.072918231999303,0.00029146328475843086,0.000912274978403127,10.031932556548274,9.992698017277808
1.430000000000001,9852.699999999973,0.0015986321928184721,20.072918231999292,0.00029146328475682104,0.0009122749783938566,10.031932556548275,9.992698017277824
1.440000000000001,9921.599999999973,0.0015986321928217473,20.072918231999306,0.0002914632847487719,0.0009122749784041817,10.031932556548274,9.992698017277808
1.450000000000001,9990.499999999973,0.0015986321928201375,20.072918231999296,0.0002914632847635934,0.0009122749784172268,10.031932556548274,9.992698017277805
1.460000000000001,10059.399999999972,0.0015986321928156966,20.07291823199931,0.0002914632847371701,0.000912274978403349,10.03193255654827,9.992698017277814
1.470000000000001,10128.299999999972,0.0015986321928139757,20.072918231999296,0.0002914632847575427,0.0009122749784024609,10.031932556548268,9.992698017277823
1.480000000000001,10197.199999999972,0.001598632192813032,20.07291823199931,0.00029146328474533023,0.0009122749784036821,10.03193255654827,9.992698017277805
1.490000000000001,10266.099999999971,0.0015986321928159186,20.072918231999296,0.00029146328474932703,0.0009122749783974649,10.03193255654827,9.99269801727782
1.500000000000001,10334.99999999997,0.0015986321928236902,20.072918231999303,0.0002914632847495491,0.000912274978415506,10.03193255654827,9.992698017277794
1.5100000000000011,10403.89999999997,0.0015986321928062042,20.072918231999292,0.00029146328474949357,0.0009122749784075124,10.031932556548265,9.99269801727781
1.5200000000000011,10472.79999999997,0.0015986321928116443,20.072918231999306,0.00029146328474449756,0.0009122749784071793,10.031932556548266,9.992698017277812
1.5300000000000011,10541.69999999997,0.001598632192822358,20.072918231999324,0.0002914632847486609,0.0009122749783960771,10.03193255654827,9.99269801727782
1.5400000000000011,10610.59999999997,0.0015986321928119773,20.07291823199931,0.00029146328475188055,0.0009122749784053474,10.03193255654827,9.99269801727781
1.5500000000000012,10679.499999999969,0.0015986321928214142,20.072918231999285,0.0002914632847475507,0.0009122749784100104,10.031932556548268,9.99269801727782
1.5600000000000012,10748.399999999969,0.0015986321928166958,20.072918231999317,0.000291463284758986,0.0009122749784004625,10.031932556548254,9.992698017277819
1.5700000000000012,10817.299999999968,0.0015986321928136982,20.072918231999303,0.0002914632847531573,0.0009122749783940787,10.03193255654827,9.992698017277807
1.5800000000000012,10886.199999999968,0.0015986321928067593,20.07291823199929,0.00029146328475199157,0.0009122749784034601,10.031932556548265,9.992698017277803
1.5900000000000012,10955.099999999968,0.001598632192817473,20.072918231999303,0.00029146328475287975,0.0009122749784116757,10.03193255654827,9.992698017277819
1.6000000000000012,11023.999999999967,0.0015986321928110336,20.072918231999303,0.0002914632847565435,0.0009122749784010731,10.031932556548277,9.992698017277812
1.6100000000000012,11092.899999999967,0.0015986321928147529,20.072918231999314,0.0002914632847525467,0.0009122749784093442,10.031932556548277,9.992698017277796
1.6200000000000012,11161.799999999967,0.001598632192808036,20.072918231999324,0.00029146328474899397,0.0009122749784003514,10.031932556548275,9.99269801727783
1.6300000000000012,11230.699999999966,0.0015986321928123104,20.07291823199931,0.00029146328475976313,0.0009122749784097328,10.031932556548268,9.99269801727779
1.6400000000000012,11299.599999999966,0.0015986321928124214,20.072918231999303,0.00029146328474843886,0.0009122749784040707,10.031932556548266,9.992698017277792
1.6500000000000012,11368.499999999965,0.0015986321928089797,20.07291823199931,0.000291463284746607,0.0009122749784037376,10.031932556548272,9.992698017277814
1.6600000000000013,11437.399999999965,0.001598632192815863,20.072918231999303,0.00029146328475049277,0.0009122749784143958,10.031932556548274,9.992698017277812
1.6700000000000013,11506.299999999965,0.0015986321928163627,20.072918231999314,0.000291463284754101,0.0009122749783871953,10.031932556548274,9.99269801727783
1.6800000000000013,11575.199999999964,0.0015986321928087022,20.072918231999306,0.00029146328475493366,0.0009122749784037931,10.031932556548268,9.99269801727782
1.6900000000000013,11644.099999999964,0.001598632192827576,20.072918231999296,0.0002914632847517695,0.0009122749784152284,10.031932556548266,9.992698017277801
1.7000000000000013,11712.999999999964,0.0015986321928165292,20.072918231999314,0.00029146328476487016,0.0009122749784126194,10.03193255654827,9.992698017277807
1.7100000000000013,11781.899999999963,0.0015986321928290192,20.072918231999267,0.00029146328474144445,0.0009122749783944673,10.031932556548274,9.99269801727783
1.7200000000000013,11850.799999999963,0.0015986321928140867,20.07291823199931,0.0002914632847353382,0.0009122749784087336,10.031932556548274,9.992698017277819
1.7300000000000013,11919.699999999963,0.0015986321928043168,20.072918231999314,0.0002914632847535459,0.0009122749784084005,10.03193255654828,9.992698017277807
1.7400000000000013,11988.599999999962,0.0015986321928183611,20.072918231999296,0.0002914632847572096,0.000912274978410732,10.031932556548268,9.992698017277819
1.7500000000000013,12057.499999999962,0.0015986321928074254,20.072918231999296,0.00029146328473445005,0.0009122749783989637,10.031932556548272,9.99269801727782
1.7600000000000013,12126.399999999961,0.0015986321928125324,20.072918231999292,0.0002914632847451637,0.0009122749784116202,10.031932556548263,9.99269801727781
1.7700000000000014,12195.299999999961,0.0015986321928097569,20.072918231999303,0.0002914632847536014,0.000912274978410621,10.031932556548265,9.992698017277814
1.7800000000000014,12264.19999999996,0.001598632192810201,20.072918231999303,0.0002914632847452747,0.0009122749784043482,10.03193255654827,9.992698017277826
1.7900000000000014,12333.09999999996,0.001598632192802818,20.07291823199931,0.0002914632847452747,0.0009122749784021278,10.031932556548263,9.992698017277828
1.8000000000000014,12401.99999999996,0.001598632192830296,20.072918231999303,0.00029146328475232464,0.0009122749784157835,10.031932556548263,9.99269801727781
1.8100000000000014,12470.89999999996,0.001598632192818139,20.0729182319993,0.0002914632847351162,0.0009122749784013506,10.03193255654827,9.992698017277817
1.8200000000000014,12539.79999999996,0.0015986321928118663,20.072918231999303,0.00029146328476886696,0.0009122749784064577,10.03193255654827,9.992698017277817
1.8300000000000014,12608.699999999959,0.0015986321928123104,20.072918231999292,0.00029146328474893846,0.0009122749784080675,10.03193255654827,9.992698017277815
1.8400000000000014,12677.599999999959,0.001598632192810423,20.072918231999303,0.0002914632847511034,0.000912274978408345,10.03193255654827,9.99269801727781
1.8500000000000014,12746.499999999958,0.0015986321928233571,20.07291823199931,0.0002914632847520471,0.0009122749783990747,10.031932556548272,9.99269801727782
1.8600000000000014,12815.399999999958,0.001598632192813032,20.072918231999314,0.00029146328474743965,0.0009122749784099549,10.031932556548268,9.992698017277808
1.8700000000000014,12884.299999999957,0.001598632192830074,20.0729182319993,0.00029146328475238015,0.0009122749784017947,10.031932556548266,9.99269801727782
1.8800000000000014,12953.199999999957,0.0015986321928239677,20.072918231999292,0.0002914632847501042,0.0009122749784043482,10.031932556548266,9.99269801727782
1.8900000000000015,13022.099999999957,0.0015986321928046499,20.0729182319993,0.00029146328474938255,0.0009122749784054585,10.031932556548272,9.992698017277803
1.9000000000000015,13090.999999999956,0.0015986321928054825,20.072918231999306,0.0002914632847575982,0.0009122749783981865,10.031932556548274,9.992698017277823
1.9100000000000015,13159.899999999956,0.0015986321928251335,20.072918231999314,0.0002914632847591525,0.0009122749783944673,10.031932556548272,9.992698017277826
1.9200000000000015,13228.799999999956,0.0015986321928055935,20.072918231999306,0.00029146328474038974,0.0009122749784062356,10.031932556548272,9.99269801727781
1.9300000000000015,13297.699999999955,0.0015986321928043168,20.072918231999303,0.00029146328475337935,0.0009122749784115647,10.03193255654827,9.99269801727781
1.9400000000000015,13366.599999999955,0.001598632192818028,20.072918231999296,0.0002914632847696441,0.0009122749783928574,10.031932556548277,9.992698017277828
1.9500000000000015,13435.499999999955,0.001598632192825744,20.072918231999306,0.00029146328475526673,0.0009122749784011286,10.031932556548263,9.992698017277817
1.9600000000000015,13504.399999999954,0.0015986321928042613,20.072918231999303,0.0002914632847512144,0.0009122749784112316,10.031932556548275,9.992698017277801
1.9700000000000015,13573.299999999954,0.0015986321928165848,20.0729182319993,0.00029146328474599636,0.000912274978378258,10.031932556548274,9.992698017277823
1.9800000000000015,13642.199999999953,0.0015986321928128655,20.072918231999317,0.0002914632847531018,0.0009122749784171158,10.03193255654827,9.992698017277803
1.9900000000000015,13711.099999999953,0.0015986321928121439,20.072918231999292,0.0002914632847571541,0.0009122749783949669,10.03193255654827,9.992698017277826
2.0000000000000013,13779.999999999953,0.001598632192805094,20.072918231999317,0.0002914632847495491,0.0009122749783938566,10.031932556548277,9.992698017277808
2.010000000000001,13848.899999999952,0.001598632192817473,20.07291823199931,0.00029146328476381544,0.0009122749783977979,10.03193255654827,9.992698017277817
2.020000000000001,13917.799999999952,0.001598632192805871,20.072918231999303,0.0002914632847476062,0.00091227497839802,10.031932556548275,9.992698017277823
2.0300000000000007,13986.699999999952,0.0015986321928156966,20.072918231999317,0.0002914632847597076,0.0009122749783971873,10.031932556548274,9.992698017277808
2.0400000000000005,14055.599999999951,0.0015986321928068148,20.07291823199931,0.00029146328475992966,0.0009122749784119533,10.03193255654827,9.992698017277812
2.0500000000000003,14124.49999999995,0.001598632192810201,20.07291823199928,0.00029146328474549676,0.0009122749784011286,10.031932556548277,9.992698017277831
2.06,14193.39999999995,0.001598632192817362,20.072918231999303,0.00029146328474743965,0.0009122749784142292,10.031932556548277,9.992698017277814
0.0,0,-1.6653345369377348e-16,20.0,0.0,-5.551115123125783e-17,10.0,10.0
0.01,0.06889999999999999,0.001564017864867373,20.07247106047149,0.0002807396893886871,0.0008808587238837151,10.031704974411635,9.992786784703501
0.02,0.13779999999999998,0.0016756716846728081,20.073362291949586,0.0002974076583045493,0.0009620721110507602,10.032169169899245,9.992648191815203
0.03,0.20669999999999997,0.0016074871408442437,20.072927860116636,0.0002925569452900123,0.000917229966671429,10.031937534082989,9.992697496208118
0.04,0.27559999999999996,0.0015956068985340521,20.072915337489363,0.0002913904064491546,0.0009105762294539521,10.031930980380285,9.992698335014438
0.05,0.3444999999999999,0.0015979220802920246,20.072918121042925,0.00029140805739791276,0.0009119113865727613,10.031932504736963,9.992698002502031
0.060000000000000005,0.4133999999999999,0.0015987133824379995,20.072918250480598,0.00029146098469395865,0.0009123180913814255,10.031932567750845,9.992698013887034
0.07,0.48229999999999984,0.0015986738609820028,20.072918233133194,0.000291465620418041,0.0009122955499369922,10.031932556905584,9.992698018311383
0.08,0.5511999999999998,0.0015986321182248076,20.07291823188695,0.0002914636055373898,0.0009122748679035175,10.031932556409394,9.99269801745059
0.09,0.6200999999999998,0.0015986301832812688,20.07291823198522,0.00029146320455741836,0.0009122740030562126,10.03193255654527,9.992698017239361
0.09999999999999999,0.6889999999999997,0.0015986320115228825,20.07291823199956,0.00029146326257717403,0.0009122748938261149,10.03193255655243,9.992698017266742
0.10999999999999999,0.7578999999999997,0.001598632272685696,20.072918231999587,0.00029146328653884,0.0009122750169303084,10.031932556548576,9.992698017278657
0.11999999999999998,0.8267999999999996,0.0015986322088772376,20.072918231999346,0.00029146328595697213,0.0009122749859815649,10.03193255654811,9.992698017278393
0.12999999999999998,0.8956999999999996,0.0015986321904621903,20.072918231999296,0.00029146328478180106,0.0009122749772642047,10.031932556548249,9.99269801727783
0.13999999999999999,0.9645999999999996,0.001598632191835092,20.072918231999317,0.00029146328470808225,0.000912274977925176,10.031932556548274,9.992698017277803
0.15,1.0334999999999996,0.0015986321928439517,20.072918231999296,0.0002914632847460519,0.0009122749784050699,10.03193255654827,9.992698017277812
0.16,1.1023999999999996,0.0015986321928696534,20.072918231999317,0.00029146328475632144,0.0009122749784361006,10.031932556548277,9.99269801727781
0.17,1.1712999999999996,0.001598632192822913,20.072918231999303,0.00029146328474838334,0.0009122749784087891,10.03193255654827,9.992698017277803
0.18000000000000002,1.2401999999999995,0.0015986321928093128,20.0729182319993,0.0002914632847502707,0.0009122749783886386,10.031932556548275,9.992698017277815
0.19000000000000003,1.3090999999999995,0.0015986321928140867,20.072918231999303,0.0002914632847466625,0.0009122749784094553,10.031932556548274,9.992698017277807
0.20000000000000004,1.3779999999999994,0.0015986321928117553,20.072918231999296,0.0002914632847477727,0.0009122749784004069,10.031932556548272,9.99269801727782
0.21000000000000005,1.4468999999999994,0.0015986321928241343,20.07291823199931,0.00029146328476831185,0.0009122749784038486,10.03193255654827,9.992698017277823
0.22000000000000006,1.5157999999999994,0.0015986321928197489,20.07291823199931,0.00029146328475687655,0.0009122749783979089,10.03193255654827,9.992698017277828
0.23000000000000007,1.5846999999999993,0.0015986321928133096,20.072918231999317,0.000291463284749216,0.0009122749784146733,10.031932556548263,9.992698017277796
0.24000000000000007,1.6535999999999993,0.0015986321928162517,20.072918231999317,0.0002914632847645371,0.0009122749784092887,10.031932556548265,9.992698017277807
0.25000000000000006,1.7224999999999993,0.0015986321928270208,20.072918231999306,0.000291463284759208,0.0009122749783916362,10.031932556548274,9.992698017277817
0.26000000000000006,1.7913999999999992,0.0015986321928095903,20.072918231999296,0.0002914632847557108,0.000912274978403127,10.03193255654827,9.992698017277815
0.2700000000000001,1.8602999999999992,0.0015986321928005975,20.072918231999306,0.0002914632847620946,0.0009122749784052919,10.031932556548266,9.992698017277815
0.2800000000000001,1.9291999999999991,0.0015986321928158076,20.072918231999292,0.0002914632847594856,0.000912274978405403,10.031932556548266,9.99269801727781
0.2900000000000001,1.998099999999999,0.00159863219281553,20.072918231999292,0.0002914632847551002,0.000912274978403016,10.031932556548272,9.992698017277812
0.3000000000000001,2.0669999999999993,0.0015986321928123104,20.072918231999296,0.0002914632847632048,0.0009122749784024053,10.031932556548275,9.99269801727781
0.3100000000000001,2.1358999999999995,0.0015986321928030955,20.072918231999314,0.0002914632847680343,0.0009122749784120088,10.03193255654827,9.992698017277812
0.3200000000000001,2.2047999999999996,0.0015986321928139757,20.072918231999317,0.0002914632847542675,0.0009122749784185591,10.031932556548266,9.992698017277807
0.3300000000000001,2.2737,0.0015986321928170844,20.072918231999296,0.00029146328477175354,0.0009122749784059581,10.031932556548266,9.992698017277815
0.34000000000000014,2.3426,0.001598632192827465,20.072918231999296,0.0002914632847605958,0.0009122749784027939,10.03193255654827,9.992698017277814
0.35000000000000014,2.4115,0.001598632192810201,20.07291823199931,0.0002914632847496601,0.0009122749784216122,10.031932556548274,9.992698017277801
0.36000000000000015,2.4804000000000004,0.001598632192828242,20.072918231999303,0.00029146328475398997,0.0009122749784049589,10.03193255654827,9.992698017277814
0.37000000000000016,2.5493000000000006,0.001598632192817362,20.072918231999296,0.0002914632847486609,0.0009122749784125639,10.031932556548263,9.992698017277801
0.38000000000000017,2.6182000000000007,0.001598632192820304,20.072918231999306,0.00029146328474943806,0.0009122749783838646,10.031932556548277,9.992698017277837
0.3900000000000002,2.687100000000001,0.0015986321928135871,20.072918231999303,0.0002914632847582088,0.0009122749783948003,10.031932556548265,9.992698017277823
0.4000000000000002,2.756000000000001,0.0015986321928073144,20.07291823199931,0.00029146328475926353,0.0009122749784011286,10.031932556548275,9.992698017277826
0.4100000000000002,2.8249000000000013,0.0015986321927939362,20.07291823199929,0.0002914632847562104,0.0009122749784116202,10.031932556548263,9.9926980172778
0.4200000000000002,2.8938000000000015,0.0015986321928258551,20.072918231999306,0.0002914632847510479,0.000912274978405625,10.031932556548274,9.992698017277812
0.4300000000000002,2.9627000000000017,0.0015986321928221914,20.072918231999303,0.0002914632847527687,0.0009122749784140072,10.03193255654827,9.99269801727782
0.4400000000000002,3.031600000000002,0.0015986321928243008,20.0729182319993,0.0002914632847574872,0.000912274978398242,10.031932556548274,9.992698017277823
0.45000000000000023,3.100500000000002,0.0015986321928141423,20.072918231999303,0.0002914632847502152,0.0009122749784053474,10.03193255654827,9.992698017277817
0.46000000000000024,3.169400000000002,0.0015986321928168623,20.072918231999306,0.0002914632847565435,0.0009122749784042372,10.03193255654827,9.992698017277814
0.47000000000000025,3.2383000000000024,0.0015986321928186942,20.072918231999303,0.0002914632847577092,0.0009122749784102879,10.031932556548263,9.992698017277815
0.48000000000000026,3.3072000000000026,0.0015986321928121994,20.072918231999306,0.0002914632847401122,0.0009122749784079565,10.031932556548268,9.992698017277815
0.49000000000000027,3.3761000000000028,0.0015986321928045943,20.072918231999292,0.0002914632847511589,0.0009122749784174489,10.031932556548266,9.992698017277796
0.5000000000000002,3.445000000000003,0.001598632192802929,20.07291823199931,0.00029146328475693206,0.0009122749783918027,10.031932556548272,9.992698017277814
0.5100000000000002,3.513900000000003,0.0015986321928125324,20.072918231999317,0.00029146328476087335,0.0009122749784113982,10.031932556548272,9.992698017277792
0.5200000000000002,3.5828000000000033,0.0015986321928062042,20.07291823199929,0.0002914632847507148,0.0009122749783989637,10.031932556548272,9.992698017277835
0.5300000000000002,3.6517000000000035,0.0015986321928160296,20.072918231999296,0.0002914632847570431,0.0009122749783995743,10.03193255654828,9.992698017277808
0.5400000000000003,3.7206000000000037,0.0015986321928125324,20.07291823199933,0.00029146328476931105,0.000912274978403349,10.03193255654827,9.992698017277812
0.5500000000000003,3.789500000000004,0.0015986321928183056,20.072918231999306,0.00029146328475498917,0.0009122749784039041,10.031932556548266,9.99269801727781
0.5600000000000003,3.858400000000004,0.001598632192825411,20.072918231999303,0.0002914632847570986,0.000912274978405403,10.031932556548274,9.992698017277824
0.5700000000000003,3.9273000000000042,0.0015986321928148084,20.072918231999306,0.0002914632847496046,0.0009122749784031825,10.031932556548272,9.992698017277819
0.5800000000000003,3.9962000000000044,0.0015986321928140312,20.072918231999306,0.00029146328475287975,0.0009122749784144513,10.03193255654826,9.992698017277801
0.5900000000000003,4.065100000000005,0.0015986321928264102,20.07291823199931,0.0002914632847425547,0.0009122749783914141,10.031932556548277,9.992698017277826
0.6000000000000003,4.134000000000005,0.0015986321928108116,20.072918231999306,0.00029146328474799477,0.000912274978393246,10.031932556548272,9.992698017277817
0.6100000000000003,4.202900000000005,0.001598632192812921,20.072918231999317,0.0002914632847512699,0.0009122749784001294,10.031932556548266,9.992698017277824
0.6200000000000003,4.271800000000005,0.0015986321928327385,20.07291823199931,0.00029146328476131744,0.0009122749783971873,10.031932556548272,9.992698017277826
0.6300000000000003,4.340700000000005,0.0015986321928211367,20.072918231999296,0.000291463284741611,0.0009122749784064021,10.031932556548277,9.992698017277819
0.6400000000000003,4.4096000000000055,0.0015986321928120883,20.072918231999314,0.0002914632847591525,0.0009122749784063466,10.031932556548274,9.992698017277808
0.6500000000000004,4.478500000000006,0.0015986321928070923,20.07291823199931,0.0002914632847526577,0.0009122749783901374,10.031932556548279,9.992698017277831
0.6600000000000004,4.547400000000006,0.0015986321928121439,20.072918231999314,0.0002914632847621501,0.0009122749784054585,10.031932556548272,9.992698017277824
0.6700000000000004,4.616300000000006,0.0015986321928292968,20.07291823199931,0.0002914632847604848,0.0009122749784009621,10.031932556548268,9.992698017277803
0.6800000000000004,4.685200000000006,0.001598632192817806,20.07291823199931,0.00029146328477136496,0.0009122749784015727,10.031932556548275,9.992698017277808
0.6900000000000004,4.754100000000006,0.001598632192810423,20.072918231999314,0.0002914632847521581,0.0009122749784095663,10.031932556548266,9.992698017277814
0.7000000000000004,4.823000000000007,0.0015986321928058156,20.072918231999314,0.00029146328474699557,0.0009122749783952999,10.03193255654827,9.99269801727782
0.7100000000000004,4.891900000000007,0.0015986321928310177,20.07291823199931,0.0002914632847557108,0.0009122749783970208,10.031932556548274,9.99269801727782
0.7200000000000004,4.960800000000007,0.0015986321928269653,20.072918231999303,0.00029146328475643246,0.0009122749784047368,10.031932556548272,9.992698017277812
0.7300000000000004,5.029700000000007,0.001598632192805316,20.07291823199932,0.00029146328474088934,0.0009122749784192252,10.031932556548272,9.992698017277796
0.7400000000000004,5.098600000000007,0.001598632192822802,20.07291823199931,0.0002914632847609844,0.000912274978405736,10.031932556548277,9.9926980172778
0.7500000000000004,5.1675000000000075,0.001598632192807592,20.072918231999306,0.0002914632847457188,0.0009122749784102324,10.031932556548265,9.992698017277798
0.7600000000000005,5.236400000000008,0.0015986321928068148,20.0729182319993,0.00029146328475099237,0.0009122749784010731,10.031932556548265,9.992698017277812
0.7700000000000005,5.305300000000008,0.0015986321928169733,20.072918231999317,0.0002914632847685339,0.0009122749784061801,10.03193255654827,9.992698017277817
0.7800000000000005,5.374200000000008,0.0015986321928065372,20.072918231999303,0.0002914632847487164,0.0009122749784165052,10.03193255654827,9.992698017277801
0.7900000000000005,5.443100000000008,0.0015986321928194158,20.07291823199931,0.00029146328474338734,0.0009122749783885276,10.03193255654827,9.992698017277817
0.8000000000000005,5.5120000000000084,0.0015986321928164737,20.07291823199931,0.000291463284746718,0.0009122749784000184,10.031932556548274,9.992698017277817
0.8100000000000005,5.580900000000009,0.001598632192810867,20.072918231999306,0.0002914632847647036,0.0009122749783924688,10.031932556548277,9.992698017277824
0.8200000000000005,5.649800000000009,0.0015986321928148084,20.072918231999317,0.0002914632847546006,0.0009122749784068462,10.031932556548268,9.992698017277796
0.8300000000000005,5.718700000000009,0.0015986321928177505,20.0729182319993,0.00029146328475437855,0.0009122749784016837,10.03193255654827,9.992698017277817
0.8400000000000005,5.787600000000009,0.0015986321928262437,20.072918231999303,0.0002914632847585419,0.0009122749783944673,10.03193255654827,9.992698017277808
0.8500000000000005,5.856500000000009,0.0015986321928079805,20.0729182319993,0.00029146328474632943,0.0009122749784142847,10.031932556548277,9.9926980172778
0.8600000000000005,5.9254000000000095,0.0015986321928114777,20.072918231999324,0.0002914632847356713,0.0009122749783915807,10.031932556548275,9.992698017277819
0.8700000000000006,5.99430000000001,0.0015986321928173064,20.07291823199931,0.0002914632847516585,0.0009122749784027939,10.031932556548266,9.992698017277812
0.8800000000000006,6.06320000000001,0.0015986321928103675,20.07291823199931,0.0002914632847602072,0.0009122749784125639,10.031932556548258,9.992698017277814
0.8900000000000006,6.13210000000001,0.0015986321928166958,20.072918231999296,0.00029146328475643246,0.0009122749784036821,10.03193255654827,9.992698017277808
0.9000000000000006,6.20100000000001,0.0015986321928090352,20.07291823199929,0.00029146328475931904,0.0009122749784136741,10.031932556548272,9.992698017277817
0.9100000000000006,6.2699000000000105,0.0015986321928189717,20.072918231999324,0.00029146328475387895,0.000912274978388139,10.031932556548274,9.992698017277844
0.9200000000000006,6.338800000000011,0.0015986321928044833,20.072918231999292,0.0002914632847561549,0.0009122749783991857,10.03193255654828,9.992698017277812
0.9300000000000006,6.407700000000011,0.0015986321928074254,20.072918231999314,0.00029146328475682104,0.0009122749784035711,10.031932556548266,9.99269801727782
0.9400000000000006,6.476600000000011,0.0015986321928220248,20.072918231999306,0.00029146328475693206,0.0009122749783997963,10.03193255654827,9.992698017277815
0.9500000000000006,6.545500000000011,0.0015986321928168068,20.072918231999296,0.00029146328475343486,0.000912274978405514,10.03193255654827,9.992698017277812
0.9600000000000006,6.614400000000011,0.0015986321928210812,20.072918231999292,0.0002914632847506038,0.0009122749783979089,10.031932556548266,9.992698017277817
0.9700000000000006,6.683300000000012,0.001598632192822358,20.07291823199931,0.00029146328475043726,0.0009122749784044593,10.031932556548277,9.992698017277819
0.9800000000000006,6.752200000000012,0.0015986321928099234,20.072918231999303,0.0002914632847455523,0.0009122749783999073,10.031932556548263,9.992698017277807
0.9900000000000007,6.821100000000012,0.0015986321928171399,20.0729182319993,0.0002914632847610954,0.0009122749784147843,10.031932556548266,9.99269801727781
1.0000000000000007,6.890000000000012,0.0015986321928138647,20.072918231999296,0.000291463284756599,0.0009122749783930795,10.03193255654827,9.992698017277814
1.0100000000000007,6.958900000000012,0.00159863219282258,20.07291823199929,0.0002914632847485499,0.0009122749784028494,10.031932556548274,9.992698017277805
1.0200000000000007,7.0278000000000125,0.0015986321928032066,20.072918231999296,0.0002914632847551002,0.0009122749784085671,10.031932556548266,9.992698017277807
1.0300000000000007,7.096700000000013,0.0015986321928096459,20.072918231999324,0.00029146328474982663,0.0009122749783966322,10.031932556548268,9.992698017277826
1.0400000000000007,7.165600000000013,0.0015986321928208036,20.072918231999303,0.0002914632847556553,0.0009122749783985196,10.031932556548265,9.992698017277812
1.0500000000000007,7.234500000000013,0.0015986321928165848,20.07291823199928,0.00029146328475393446,0.0009122749784128414,10.03193255654827,9.992698017277808
1.0600000000000007,7.303400000000013,0.0015986321928092573,20.072918231999317,0.0002914632847587084,0.0009122749783966877,10.03193255654827,9.992698017277835
1.0700000000000007,7.372300000000013,0.001598632192822913,20.0729182319993,0.0002914632847506038,0.0009122749784077344,10.03193255654827,9.99269801727782
1.0800000000000007,7.441200000000014,0.0015986321928090352,20.072918231999303,0.0002914632847541565,0.0009122749784096218,10.031932556548266,9.992698017277792
1.0900000000000007,7.510100000000014,0.001598632192832461,20.072918231999317,0.0002914632847654808,0.0009122749783976869,10.031932556548274,9.99269801727782
1.1000000000000008,7.579000000000014,0.0015986321928189717,20.07291823199931,0.00029146328475243566,0.0009122749784098438,10.031932556548274,9.992698017277803
1.1100000000000008,7.647900000000014,0.0015986321928277425,20.07291823199932,0.0002914632847625942,0.0009122749783977424,10.03193255654827,9.99269801727782
1.1200000000000008,7.716800000000014,0.0015986321928166958,20.0729182319993,0.0002914632847442755,0.000912274978400851,10.031932556548274,9.992698017277815
1.1300000000000008,7.7857000000000145,0.0015986321928162517,20.072918231999303,0.00029146328474838334,0.0009122749784160611,10.031932556548266,9.992698017277814
1.1400000000000008,7.854600000000015,0.0015986321928265768,20.07291823199931,0.00029146328474149996,0.0009122749783774253,10.031932556548282,9.992698017277842
1.1500000000000008,7.923500000000015,0.0015986321928123104,20.0729182319993,0.0002914632847486609,0.0009122749783951889,10.031932556548265,9.992698017277828
1.1600000000000008,7.992400000000015,0.0015986321928138092,20.072918231999296,0.00029146328475249117,0.0009122749784066242,10.03193255654827,9.992698017277815
1.1700000000000008,8.061300000000015,0.0015986321928170844,20.072918231999314,0.0002914632847476617,0.0009122749784101769,10.031932556548274,9.99269801727781
1.1800000000000008,8.130200000000015,0.001598632192825411,20.07291823199932,0.0002914632847609844,0.0009122749784069573,10.03193255654827,9.992698017277814
1.1900000000000008,8.199100000000014,0.0015986321928076475,20.07291823199929,0.0002914632847466625,0.0009122749784078454,10.031932556548275,9.992698017277812
1.2000000000000008,8.268000000000013,0.0015986321928161407,20.072918231999303,0.00029146328477042127,0.0009122749783982975,10.03193255654827,9.99269801727782
1.2100000000000009,8.336900000000012,0.0015986321927984326,20.072918231999296,0.0002914632847397791,0.0009122749784131745,10.031932556548268,9.992698017277815
1.2200000000000009,8.405800000000012,0.0015986321928291303,20.072918231999324,0.00029146328475698757,0.0009122749783865847,10.03193255654827,9.992698017277823
1.2300000000000009,8.474700000000011,0.0015986321928243563,20.072918231999306,0.0002914632847560439,0.0009122749783941342,10.031932556548274,9.992698017277817
1.2400000000000009,8.54360000000001,0.001598632192817362,20.072918231999296,0.000291463284739335,0.0009122749784017392,10.031932556548268,9.992698017277805
1.2500000000000009,8.61250000000001,0.001598632192807481,20.072918231999303,0.00029146328474444205,0.0009122749784010176,10.031932556548277,9.99269801727781
1.260000000000001,8.681400000000009,0.001598632192814975,20.072918231999317,0.0002914632847735854,0.0009122749784019057,10.031932556548274,9.992698017277805
1.270000000000001,8.750300000000008,0.0015986321928227465,20.072918231999296,0.0002914632847516585,0.0009122749784065132,10.031932556548279,9.992698017277803
1.280000000000001,8.819200000000007,0.0015986321928196379,20.072918231999296,0.00029146328476742367,0.0009122749783965212,10.031932556548265,9.992698017277824
1.290000000000001,8.888100000000007,0.0015986321928068703,20.072918231999303,0.0002914632847497711,0.0009122749784191697,10.031932556548274,9.992698017277807
1.300000000000001,8.957000000000006,0.001598632192827576,20.072918231999306,0.00029146328475387895,0.0009122749784062911,10.03193255654826,9.992698017277807
1.310000000000001,9.025900000000005,0.001598632192827687,20.072918231999296,0.00029146328476337136,0.0009122749784187811,10.031932556548261,9.992698017277803
1.320000000000001,9.094800000000005,0.00159863219282258,20.072918231999303,0.00029146328475582184,0.0009122749784021278,10.031932556548263,9.992698017277817
1.330000000000001,9.163700000000004,0.0015986321928193048,20.072918231999292,0.0002914632847442755,0.0009122749784042927,10.03193255654827,9.992698017277807
1.340000000000001,9.232600000000003,0.0015986321928233571,20.07291823199931,0.0002914632847616505,0.0009122749784082895,10.031932556548266,9.992698017277796
1.350000000000001,9.301500000000003,0.001598632192815641,20.072918231999296,0.00029146328475337935,0.000912274978388028,10.03193255654827,9.992698017277824
1.360000000000001,9.370400000000002,0.0015986321928093683,20.072918231999317,0.0002914632847416665,0.0009122749783936901,10.031932556548272,9.992698017277826
1.370000000000001,9.439300000000001,0.001598632192835736,20.072918231999303,0.00029146328474422,0.0009122749784057915,10.031932556548268,9.992698017277824
1.380000000000001,9.5082,0.001598632192822913,20.07291823199929,0.00029146328474993766,0.0009122749784012396,10.031932556548275,9.992698017277824
1.390000000000001,9.5771,0.001598632192805205,20.072918231999296,0.0002914632847579868,0.0009122749783901374,10.031932556548274,9.992698017277833
1.400000000000001,9.645999999999999,0.0015986321928079805,20.0729182319993,0.0002914632847521026,0.0009122749784077344,10.03193255654827,9.99269801727781
1.410000000000001,9.714899999999998,0.0015986321928144753,20.072918231999314,0.0002914632847557108,0.0009122749784055695,10.031932556548263,9.992698017277828
1.420000000000001,9.783799999999998,0.0015986321928332936,20.07291823199931,0.00029146328476542527,0.000912274978402905,10.031932556548268,9.992698017277819
1.430000000000001,9.852699999999997,0.0015986321928198044,20.0729182319993,0.00029146328474533023,0.0009122749784049033,10.031932556548268,9.992698017277828
1.440000000000001,9.921599999999996,0.0015986321928060376,20.072918231999285,0.00029146328474338734,0.0009122749783969653,10.03193255654827,9.992698017277817
1.450000000000001,9.990499999999995,0.00159863219281986,20.072918231999303,0.00029146328474849437,0.0009122749783971873,10.031932556548275,9.992698017277828
1.460000000000001,10.059399999999995,0.0015986321928295188,20.07291823199931,0.00029146328474738414,0.0009122749784022943,10.031932556548268,9.992698017277808
1.470000000000001,10.128299999999994,0.0015986321928102565,20.072918231999303,0.0002914632847407783,0.0009122749784014061,10.031932556548268,9.99269801727781
1.480000000000001,10.197199999999993,0.0015986321928230796,20.07291823199931,0.00029146328475987415,0.0009122749784046813,10.031932556548274,9.992698017277812
1.490000000000001,10.266099999999993,0.001598632192814864,20.072918231999303,0.00029146328475038175,0.0009122749784111761,10.03193255654827,9.992698017277798
1.500000000000001,10.334999999999992,0.0015986321928233016,20.072918231999306,0.00029146328474144445,0.0009122749783973538,10.03193255654827,9.99269801727782
1.5100000000000011,10.403899999999991,0.0015986321928062042,20.072918231999303,0.0002914632847506038,0.0009122749784093442,10.031932556548266,9.9926980172778
1.5200000000000011,10.47279999999999,0.0015986321928012637,20.072918231999306,0.0002914632847637044,0.0009122749784046258,10.031932556548272,9.992698017277824
1.5300000000000011,10.54169999999999,0.001598632192820526,20.072918231999317,0.0002914632847536569,0.0009122749784121198,10.03193255654827,9.992698017277805
1.5400000000000011,10.61059999999999,0.0015986321928267433,20.07291823199931,0.000291463284746718,0.0009122749783920248,10.031932556548277,9.992698017277826
1.5500000000000012,10.679499999999988,0.0015986321928284641,20.0729182319993,0.00029146328475543326,0.0009122749783940232,10.031932556548268,9.992698017277835
1.5600000000000012,10.748399999999988,0.001598632192817806,20.0729182319993,0.00029146328475687655,0.0009122749783903039,10.031932556548266,9.992698017277815
1.5700000000000012,10.817299999999987,0.0015986321928210256,20.0729182319993,0.00029146328476131744,0.0009122749784049033,10.03193255654827,9.992698017277815
1.5800000000000012,10.886199999999986,0.0015986321928125324,20.072918231999296,0.0002914632847536569,0.0009122749784144513,10.03193255654827,9.992698017277814
1.5900000000000012,10.955099999999986,0.0015986321928017633,20.072918231999296,0.0002914632847446086,0.0009122749784016282,10.031932556548265,9.992698017277817
1.6000000000000012,11.023999999999985,0.0015986321928184721,20.07291823199932,0.00029146328476337136,0.00091227497840074,10.031932556548266,9.992698017277824
1.6100000000000012,11.092899999999984,0.0015986321928038727,20.072918231999303,0.0002914632847522691,0.0009122749784076234,10.03193255654827,9.99269801727782
1.6200000000000012,11.161799999999984,0.0015986321928150304,20.07291823199931,0.00029146328475931904,0.0009122749784113426,10.031932556548274,9.992698017277803
1.6300000000000012,11.230699999999983,0.0015986321928287972,20.0729182319993,0.00029146328473994565,0.0009122749783897488,10.03193255654827,9.99269801727783
1.6400000000000012,11.299599999999982,0.001598632192810867,20.072918231999296,0.00029146328475349037,0.0009122749784025164,10.03193255654827,9.992698017277824
1.6500000000000012,11.368499999999981,0.001598632192810423,20.072918231999303,0.00029146328474932703,0.0009122749784085671,10.031932556548263,9.992698017277808
1.6600000000000013,11.43739999999998,0.0015986321928230796,20.072918231999317,0.0002914632847536569,0.0009122749784028494,10.031932556548263,9.99269801727781
1.6700000000000013,11.50629999999998,0.0015986321928052605,20.072918231999303,0.0002914632847445531,0.0009122749784151729,10.031932556548266,9.992698017277787
1.6800000000000013,11.57519999999998,0.0015986321928092018,20.072918231999314,0.0002914632847506038,0.0009122749784044593,10.031932556548266,9.992698017277812
1.6900000000000013,11.644099999999979,0.0015986321928097569,20.0729182319993,0.00029146328476037375,0.0009122749784070128,10.031932556548274,9.992698017277812
1.7000000000000013,11.712999999999978,0.0015986321928155856,20.072918231999285,0.00029146328476081784,0.0009122749784157835,10.031932556548263,9.9926980172778
1.7100000000000013,11.781899999999977,0.001598632192828242,20.07291823199931,0.0002914632847521581,0.0009122749783964657,10.031932556548272,9.992698017277817
1.7200000000000013,11.850799999999976,0.001598632192832794,20.072918231999296,0.00029146328477885897,0.0009122749784112316,10.03193255654827,9.992698017277805
1.7300000000000013,11.919699999999976,0.001598632192820748,20.072918231999314,0.0002914632847660359,0.0009122749784087336,10.031932556548274,9.992698017277807
1.7400000000000013,11.988599999999975,0.001598632192835403,20.072918231999303,0.0002914632847627052,0.0009122749784019057,10.031932556548272,9.992698017277808
1.7500000000000013,12.057499999999974,0.0015986321928266323,20.072918231999317,0.0002914632847372811,0.0009122749784076789,10.031932556548274,9.9926980172778
1.7600000000000013,12.126399999999974,0.0015986321928082026,20.07291823199931,0.00029146328476081784,0.0009122749784070683,10.03193255654827,9.9926980172778
1.7700000000000014,12.195299999999973,0.0015986321928025404,20.072918231999303,0.0002914632847432208,0.0009122749784115092,10.03193255654827,9.992698017277812
1.7800000000000014,12.264199999999972,0.0015986321928185832,20.072918231999317,0.0002914632847605403,0.0009122749784021278,10.03193255654827,9.992698017277819
1.7900000000000014,12.333099999999972,0.0015986321928165848,20.072918231999317,0.0002914632847482723,0.0009122749783955775,10.03193255654827,9.992698017277823
1.8000000000000014,12.40199999999997,0.0015986321928161407,20.072918231999317,0.0002914632847526022,0.0009122749784024053,10.031932556548265,9.992698017277817
1.8100000000000014,12.47089999999997,0.001598632192817917,20.072918231999292,0.00029146328476176153,0.00091227497841051,10.03193255654827,9.992698017277803
1.8200000000000014,12.53979999999997,0.0015986321928163072,20.07291823199931,0.0002914632847482723,0.0009122749783981865,10.031932556548272,9.992698017277815
1.8300000000000014,12.608699999999969,0.0015986321928220248,20.072918231999292,0.00029146328474849437,0.0009122749784062356,10.03193255654827,9.99269801727782
1.8400000000000014,12.677599999999968,0.0015986321928152525,20.072918231999285,0.000291463284751603,0.0009122749784075679,10.03193255654827,9.992698017277807
1.8500000000000014,12.746499999999967,0.0015986321928162517,20.072918231999317,0.00029146328475837535,0.0009122749783996298,10.031932556548274,9.992698017277819
1.8600000000000014,12.815399999999967,0.0015986321928184721,20.072918231999303,0.0002914632847605958,0.0009122749784054585,10.031932556548272,9.99269801727782
1.8700000000000014,12.884299999999966,0.0015986321928113667,20.072918231999292,0.0002914632847522136,0.0009122749784040152,10.031932556548274,9.992698017277817
1.8800000000000014,12.953199999999965,0.0015986321928204705,20.072918231999317,0.00029146328475698757,0.0009122749784100104,10.03193255654827,9.9926980172778
1.8900000000000015,13.022099999999964,0.0015986321928230796,20.072918231999296,0.00029146328474194405,0.0009122749783979089,10.031932556548266,9.992698017277814
1.9000000000000015,13.090999999999964,0.0015986321928168623,20.0729182319993,0.0002914632847634824,0.0009122749784121198,10.031932556548272,9.992698017277796
1.9100000000000015,13.159899999999963,0.0015986321927934366,20.072918231999314,0.0002914632847497711,0.0009122749784072348,10.031932556548265,9.992698017277823
1.9200000000000015,13.228799999999962,0.001598632192810534,20.072918231999317,0.00029146328475393446,0.0009122749784196138,10.031932556548266,9.992698017277805
1.9300000000000015,13.297699999999962,0.0015986321928296854,20.07291823199933,0.0002914632847545451,0.0009122749784019057,10.031932556548282,9.992698017277808
1.9400000000000015,13.366599999999961,0.0015986321928038727,20.072918231999292,0.00029146328475548877,0.0009122749784097328,10.031932556548274,9.992698017277807
