Time,Pressure,P1_Position_X,P1_Position_Y,P1_Position_Z,P2_Position_X,P2_Position_Y,P2_Position_Z
0.0,0,-1.6653345369377348e-16,20.0,0.0,-5.551115123125783e-17,10.0,10.0
0.01,0.055119999999999995,9.128127130275665e-05,20.00419774696662,1.591602352724042e-05,5.1750029645192264e-05,10.001845484872716,9.999580534873164
0.02,0.11023999999999999,0.00019214519494953342,20.008458497776424,3.260871124804998e-05,0.00010976522531441768,10.00372497739972,9.999153476746631
0.03,0.16535999999999998,0.0002888581078831498,20.012692626122615,4.898512025774959e-05,0.00016508386639846329,10.005590180954265,9.998729138063291
0.04,0.22047999999999998,0.00038431425563645316,20.0169258857605,6.53435082528242e-05,0.00021974249930162282,10.007454845410203,9.998304607891175
0.05,0.27559999999999996,0.00047955124790322046,20.0211593015204,8.1734435381009e-05,0.0002743240809467973,10.00931952243254,9.997879788960395
0.060000000000000005,0.33071999999999996,0.0005745191999392829,20.025392702938632,9.815391098083603e-05,0.00032879318740769437,10.011184119769764,9.997454702156242
0.07,0.38583999999999996,0.0006691599228029199,20.029626080558184,0.00011459942678160306,0.0003831193532238264,10.013048632390085,9.9970293494533
0.08,0.44095999999999996,0.0007634705140786568,20.03385943613152,0.00013107092581216007,0.0004373011852669695,10.014913061146043,9.996603732683395
0.09,0.49607999999999997,0.0008574539918141943,20.03809277041639,0.00014756855440356542,0.0004913400364738862,10.016777406331542,9.996177853888886
0.09999999999999999,0.5511999999999999,0.0009511111385930859,20.042326084066886,0.00016409236150455309,0.000545236124677495,10.018641668191949,9.995751715062404
0.10999999999999999,0.6063199999999999,0.0010444422090777894,20.04655937774015,0.00018064237705439634,0.000598989414746065,10.020505846976356,9.995325318173345
0.11999999999999998,0.6614399999999998,0.001137447516360135,20.05079265209278,0.00019721863499816417,0.0006525999009135419,10.022369942933663,9.99489866517975
0.12999999999999998,0.7165599999999998,0.0012301274033797993,20.055025907779893,0.00021382117126772515,0.0007060675914879466,10.024233956312367,9.99447175802759
0.13999999999999999,0.7716799999999997,0.0013224822102196887,20.05925914545507,0.00023045002278127003,0.0007593924931085794,10.026097887360384,9.994044598650468
0.15,0.8267999999999996,0.001414512272219115,20.063492365770408,0.0002471052271781904,0.0008125746099719722,10.027961736325214,9.993617188969555
0.16,0.8819199999999996,0.001506217921702746,20.06772556937645,0.00026378682296596123,0.000865613944684096,10.029825503453868,9.993189530893698
0.17,0.9370399999999995,0.001597599488053325,20.071958756922257,0.00028049484956499393,0.0009185104982022407,10.031689188992873,9.992761626319728
0.18000000000000002,0.9921599999999995,0.0016886572977148906,20.076191929055426,0.0002972293472561227,0.0009712642699941654,10.0335527931883,9.992333477132387
0.19000000000000003,1.0472799999999995,0.0017793916742582794,20.08042508642199,0.0003139903570988922,0.0010238752579501131,10.035416316285719,9.991905085204538
0.20000000000000004,1.1023999999999996,0.0018698029383490966,20.084658229666513,0.00033077792113023197,0.0010763434585023268,10.037279758530222,9.99147645239713
0.21000000000000005,1.1575199999999997,0.0019598914078108876,20.088891359432072,0.00034759208215184856,0.0011286688665454458,10.039143120166411,9.991047580559568
0.22000000000000006,1.2126399999999997,0.0020496573975959387,20.093124476360266,0.00036443288385407113,0.0011808514755018984,10.041006401438406,9.990618471529599
0.23000000000000007,1.2677599999999998,0.0021391012197899406,20.097357581091128,0.0003813003707635043,0.001232891277404946,10.042869602589843,9.990189127133426
0.24000000000000007,1.3228799999999998,0.0022282231837125743,20.101590674263328,0.0003981945883020366,0.00128478826282169,10.044732723863852,9.989759549185917
0.25000000000000006,1.378,0.0023170235958727137,20.105823756513978,0.00041511558268492177,0.001336542420924458,10.046595765503062,9.989329739490685
0.26000000000000006,1.43312,0.0024055027600113355,20.11005682847874,0.00043206340097129425,0.001388153739490583,10.048458727749646,9.988899699840063
0.2700000000000001,1.48824,0.002493660977098189,20.114289890791788,0.0004490380911040259,0.0014396222049490315,10.050321610845216,9.988469432015444
0.2800000000000001,1.54336,0.002581498545361216,20.118522944085807,0.0004660397018150242,0.0014909478024029421,10.05218441503093,9.988038937787094
0.2900000000000001,1.5984800000000001,0.0026690157603341813,20.122755988992093,0.00048306828271543756,0.0015421305155720044,10.054047140547425,9.987608218914524
0.3000000000000001,1.6536000000000002,0.002756212914811873,20.12698902614036,0.0005001238842179956,0.0015931703269556063,10.055909787634828,9.987177277146339
0.3100000000000001,1.7087200000000002,0.0028430902988936246,20.131222056158997,0.0005172065575477225,0.0016440672177486237,10.057772356532771,9.986746114220477
0.3200000000000001,1.7638400000000003,0.0029296482000878976,20.135455079674834,0.0005343163548209295,0.001694821167836924,10.059634847480378,9.98631473186437
0.3300000000000001,1.8189600000000004,0.0030158869031681745,20.139688097313293,0.000551453328925533,0.0017454321558938446,10.06149726071624,9.985883131794822
0.34000000000000014,1.8740800000000004,0.0031018066903077957,20.14392110969837,0.0005686175335840038,0.0017959001593947366,10.06335959647847,9.985451315718285
0.35000000000000014,1.9292000000000005,0.0031874078410991658,20.14815411745253,0.0005858090233785695,0.0018462251545456332,10.06522185500464,9.985019285330901
0.36000000000000015,1.9843200000000005,0.0032726906324767047,20.152387121196877,0.0006030278536102718,0.0018964071164071505,10.067084036531812,9.984587042318543
0.37000000000000016,2.0394400000000004,0.00335765533880783,20.15662012155104,0.0006202740805017481,0.0019464460188796107,10.068946141296525,9.984154588356937
0.38000000000000017,2.0945600000000004,0.003442302231938865,20.160853119133264,0.0006375477610149338,0.001996341834669735,10.07080816953483,9.98372192511183
0.3900000000000002,2.1496800000000005,0.003526631581111661,20.165086114560296,0.0006548489529759616,0.0020460945353993343,10.072670121482213,9.983289054238883
0.4000000000000002,2.2048000000000005,0.0036106436530684016,20.169319108447475,0.0006721777149633623,0.002095704091517825,10.074531997373674,9.982855977383977
0.4100000000000002,2.2599200000000006,0.003694338712064149,20.173552101408724,0.0006895341063942184,0.0021451704723982057,10.07639379744366,9.982422696183175
0.4200000000000002,2.3150400000000007,0.003777717019761373,20.17778509405657,0.0007069181875076214,0.0021944936463706988,10.078255521926117,9.981989212262787
0.4300000000000002,2.3701600000000007,0.0038607788354655392,20.18201808700209,0.0007243300192764646,0.0022436735806095065,10.080117171054441,9.981555527239546
0.4400000000000002,2.4252800000000008,0.003943524415922328,20.18625108085496,0.0007417696635140247,0.0022927102413513034,10.08197874506154,9.981121642720572
0.45000000000000023,2.480400000000001,0.004025954015452138,20.19048407622342,0.0007592371828490374,0.0023416035936679735,10.083840244179742,9.980687560303643
0.46000000000000024,2.535520000000001,0.004108067886014477,20.194717073714347,0.0007767326406225017,0.002390353601712969,10.085701668640873,9.980253281577054
0.47000000000000025,2.590640000000001,0.004189866277020782,20.1989500739332,0.0007942561010563787,0.002438960228629772,10.087563018676217,9.979818808119811
0.48000000000000026,2.645760000000001,0.004271349435577998,20.203183077484066,0.0008118076290687393,0.0024874234365273584,10.089424294516544,9.979384141501727
0.49000000000000027,2.700880000000001,0.0043525176063689,20.207416084969577,0.0008293872904325261,0.0025357431865490887,10.091285496392084,9.97894928328349
0.5000000000000002,2.756000000000001,0.004433371031744793,20.211649096990993,0.0008469951516991148,0.002583919438942317,10.093146624532498,9.978514235016657
0.5100000000000002,2.811120000000001,0.004513909951628647,20.215882114148222,0.0008646312801302014,0.0026319521529195034,10.095007679166955,9.978078998243857
0.5200000000000002,2.8662400000000012,0.004594134603674305,20.220115137039787,0.0008822957438460177,0.002679841286878315,10.096868660524054,9.977643574498781
0.5300000000000002,2.9213600000000013,0.004674045223205414,20.224348166262754,0.0008999886116734523,0.0027275867982165525,10.098729568831873,9.977207965306228
0.5400000000000003,2.9764800000000013,0.004753642043182571,20.22858120241295,0.0009177099532502453,0.002775188643477311,10.100590404317956,9.976772172182336
0.5500000000000003,3.0316000000000014,0.004832925294306345,20.232814246084693,0.0009354598389552105,0.0028226467782966336,10.102451167209281,9.976336196634495
0.5600000000000003,3.0867200000000015,0.004911895205007177,20.23704729787103,0.0009532383399588062,0.0028699611574597994,10.104311857732302,9.975900040161456
0.5700000000000003,3.1418400000000015,0.004990552001450654,20.241280358363582,0.000971045528180059,0.0029171317348862247,10.106172476112938,9.975463704253496
0.5800000000000003,3.1969600000000016,0.00506889590752907,20.245513428152616,0.0009888814762920584,0.002964158463683475,10.10803302257655,9.975027190392332
0.5900000000000003,3.2520800000000016,0.005146927144895952,20.249746507827066,0.0010067462576976438,0.003011041296068495,10.109893497347947,9.974590500051358
0.6000000000000003,3.3072000000000017,0.0052246459330334005,20.253979597974517,0.0010246399466609657,0.0030577801835217633,10.111753900651397,9.97415363469557
0.6100000000000003,3.3623200000000018,0.005302052489158382,20.258212699181207,0.0010425626180620151,0.003104375076704302,10.11361423271066,9.973716595781674
0.6200000000000003,3.417440000000002,0.0053791470282974485,20.26244581203197,0.0010605143476354328,0.003150825925439471,10.115474493748893,9.973279384758248
0.6300000000000003,3.472560000000002,0.005455929763353129,20.26667893711037,0.001078495211784769,0.0031971326788248766,10.11733468398873,9.972842003065768
0.6400000000000003,3.527680000000002,0.005532400905036039,20.270912074998584,0.0010965052877274228,0.0032432952851780827,10.119194803652261,9.972404452136564
0.6500000000000004,3.582800000000002,0.005608560661853279,20.27514522627747,0.0011145446533589176,0.003289313692080853,10.121054852961015,9.971966733394972
0.6600000000000004,3.637920000000002,0.005684409240276134,20.279378391526578,0.0011326133873882371,0.003335187846363441,10.122914832135972,9.971528848257453
0.6700000000000004,3.693040000000002,0.005759946844544395,20.283611571324073,0.001150711569150309,0.0033809176941423935,10.124774741397571,9.97109079813255
0.6800000000000004,3.748160000000002,0.005835173676855432,20.287844766246888,0.0011688392788505308,0.003426503180824325,10.126634580965703,9.970652584421048
0.6900000000000004,3.803280000000002,0.005910089937298468,20.292077976870583,0.0011869965973118624,0.0034719442511137455,10.128494351059686,9.970214208515937
0.7000000000000004,3.8584000000000023,0.0059846958238694015,20.296311203769328,0.0012051836061515164,0.003517240849011616,10.130354051898301,9.969775671802617
0.7100000000000004,3.9135200000000023,0.006058991532506497,20.30054444751609,0.0012234003876991362,0.003562392917879631,10.132213683699762,9.969336975658726
0.7200000000000004,3.9686400000000024,0.006132977257076788,20.30477770868255,0.0012416470249959621,0.003607400400370331,10.134073246681744,9.968898121454519
0.7300000000000004,4.023760000000002,0.006206653189413158,20.30901098783896,0.0012599236018296933,0.003652263238528519,10.135932741061362,9.968459110552669
0.7400000000000004,4.078880000000002,0.0062800195193204456,20.313244285554365,0.0012782302026650982,0.0036969813737043333,10.137792167055181,9.968019944308406
0.7500000000000004,4.134000000000001,0.006353076434538973,20.31747760239647,0.0012965669127307233,0.003741554746679421,10.139651524879183,9.967580624069594
0.7600000000000005,4.189120000000001,0.006425824120897872,20.321710938931744,0.0013149338179418435,0.0037859832975442043,10.141510814748832,9.967141151176854
0.7700000000000005,4.2442400000000005,0.006498262762159646,20.325944295725265,0.0013333310049180036,0.003830266965859641,10.143370036879022,9.966701526963448
0.7800000000000005,4.29936,0.006570392540114711,20.330177673340962,0.001351758561007388,0.0038744056905575808,10.14522919148408,9.96626175275548
0.7900000000000005,4.35448,0.006642213634627359,20.33441107234129,0.00137021657427161,0.003918399409925277,10.14708827877778,9.965821829872013
0.8000000000000005,4.409599999999999,0.006713726223569916,20.338644493287674,0.0013887051335009226,0.003962248061758322,10.148947298973336,9.965381759624833
0.8100000000000005,4.464719999999999,0.006784930482872931,20.342877936740056,0.0014072243280546792,0.004005951583237133,10.150806252283429,9.964941543318874
0.8200000000000005,4.5198399999999985,0.006855826586545211,20.347111403257195,0.001425774248173639,0.0040495099110031685,10.152665138920131,9.964501182251986
0.8300000000000005,4.574959999999998,0.006926414706667772,20.351344893396607,0.0014443549846929749,0.004092922981152269,10.15452395909499,9.964060677715171
0.8400000000000005,4.630079999999998,0.006996695013461285,20.35557840771448,0.001462966629168061,0.004136190729232214,10.156382713019003,9.963620030992542
0.8500000000000005,4.685199999999997,0.007066667675165561,20.35981194676576,0.0014816092737889308,0.004179313090265646,10.158241400902579,9.963179243361385
0.8600000000000005,4.740319999999997,0.007136332858215189,20.364045511104173,0.0015002830115576349,0.00422228999879648,10.160100022955577,9.962738316092258
0.8700000000000006,4.795439999999997,0.007205690727167147,20.368279101282198,0.0015189879360526515,0.004265121388801585,10.161958579387312,9.962297250449035
0.8800000000000006,4.850559999999996,0.0072747414446552305,20.372512717850952,0.0015377241415771015,0.004307807193796864,10.163817070406502,9.961856047688876
0.8900000000000006,4.905679999999996,0.007343485171557196,20.376746361360485,0.001556491723149589,0.004350347346815331,10.16567549622136,9.961414709062412
0.9000000000000006,4.960799999999995,0.007411922066816623,20.380980032359457,0.0015752907764076673,0.004392741780397336,10.167533857039473,9.960973235813693
0.9100000000000006,5.015919999999995,0.007480052287657857,20.38521373139542,0.0015941213977076485,0.0044349904266094975,10.16939215306791,9.960531629180291
0.9200000000000006,5.071039999999995,0.007547875989428576,20.38944745901457,0.0016129836840507172,0.004477093217081229,10.171250384513163,9.96008989039326
0.9300000000000006,5.126159999999994,0.007615393325652864,20.393681215761912,0.0016318777331634782,0.004519050082948728,10.17310855158117,9.959648020677404
0.9400000000000006,5.181279999999994,0.007682604448125296,20.397915002181264,0.001650803643412524,0.0045608609549581125,10.17496665447731,9.959206021251061
0.9500000000000006,5.2363999999999935,0.007749509506827568,20.40214881881521,0.001669761513808543,0.00460252576338116,10.176824693406363,9.958763893326276
0.9600000000000006,5.291519999999993,0.007816108649981057,20.406382666205097,0.0016887514440427909,0.004644044438087969,10.178682668572613,9.958321638108924
0.9700000000000006,5.346639999999993,0.0078824020240581,20.410616544891056,0.0017077735345055745,0.004685416908506823,10.18054058017971,9.95787925679862
0.9800000000000006,5.401759999999992,0.007948389773754116,20.414850455411994,0.0017268278862287434,0.004726643103730388,10.18239842843079,9.957436750588764
0.9900000000000007,5.456879999999992,0.008014072042090314,20.419084398305685,0.0017459146009082271,0.004767722952349784,10.184256213528428,9.956994120666806
1.0000000000000007,5.511999999999992,0.008079448970274128,20.423318374108614,0.001765033780856129,0.00480865638260114,10.186113935674584,9.956551368214054
1.0100000000000007,5.567119999999991,0.008144520697896784,20.427552383356115,0.001784185529066895,0.004849443322403335,10.187971595070707,9.956108494405719
1.0200000000000007,5.622239999999991,0.008209287362757,20.43178642658231,0.001803369949209932,0.004890083699194359,10.189829191917674,9.95566550041119
1.0300000000000007,5.67735999999999,0.008273749101018912,20.436020504320087,0.001822587145594412,0.004930577440110773,10.191686726415792,9.955222387393837
1.0400000000000007,5.73247999999999,0.008337906047161059,20.44025461710123,0.0018418372231627234,0.004970924471938365,10.193544198764787,9.954779156511194
1.0500000000000007,5.78759999999999,0.008401758333975995,20.44448876545631,0.0018611202875037924,0.005011124721051974,10.195401609163838,9.954335808914934
1.0600000000000007,5.842719999999989,0.008465306092564184,20.448722949914654,0.0018804364448850586,0.0050511781135711975,10.197258957811584,9.953892345750921
1.0700000000000007,5.897839999999989,0.008528549452437195,20.452957171004492,0.0018997858021121417,0.005091084575161775,10.199116244906062,9.953448768159367
1.0800000000000007,5.9529599999999885,0.008591488541414616,20.457191429252834,0.0019191684667609343,0.005130844031282278,10.200973470644755,9.953005077274666
1.0900000000000007,6.008079999999988,0.008654123485725806,20.4614257251855,0.00193858454701884,0.005170456406990931,10.2028306352246,9.952561274225607
1.1000000000000008,6.063199999999988,0.008716454409950114,20.465660059327252,0.0019580341516315936,0.0052099216270461435,10.204687738841965,9.95211736013539
1.1100000000000008,6.118319999999987,0.008778481437075991,20.469894432201592,0.0019775173900197784,0.005249239615928936,10.206544781692628,9.951673336121559
1.1200000000000008,6.173439999999987,0.008840204688419562,20.474128844330814,0.001997034372247908,0.005288410297801527,10.208401763971839,9.951229203296167
1.1300000000000008,6.2285599999999866,0.008901624283828735,20.47836329623618,0.0020165852090058833,0.0053274335965396435,10.210258685874278,9.950784962765754
1.1400000000000008,6.283679999999986,0.00896274034145983,20.482597788437737,0.002036170011588012,0.005366309435685945,10.212115547594044,9.950340615631454
1.1500000000000008,6.338799999999986,0.009023552977980853,20.4868323214544,0.00205578889195307,0.00540503773858203,10.213972349324692,9.949896162988967
1.1600000000000008,6.393919999999985,0.009084062308448326,20.491066895803904,0.0020754419626225484,0.005443618428256913,10.215829091259188,9.949451605928573
1.1700000000000008,6.449039999999985,0.00914426844634636,20.495301512002897,0.002095129336779966,0.0054820514274714904,10.21768577358997,9.949006945535254
1.1800000000000008,6.504159999999985,0.009204171503658376,20.499536170566856,0.002114851128194095,0.0055203366587295855,10.219542396508892,9.948562182888711
1.1900000000000008,6.559279999999984,0.009263771590823033,20.503770872010072,0.0021346074513310387,0.005558474044316142,10.221398960207248,9.948117319063329
1.2000000000000008,6.614399999999984,0.009323068816750102,20.50800561684585,0.0021543984211858103,0.005596463506231941,10.223255464875763,9.947672355128365
1.2100000000000009,6.6695199999999835,0.009382063288829678,20.512240405586184,0.002174224153348836,0.0056343049662406774,10.225111910704614,9.947227292147835
1.2200000000000009,6.724639999999983,0.009440755112966437,20.516475238742114,0.002194084764091997,0.005671998345895213,10.226968297883413,9.946782131180617
1.2300000000000009,6.779759999999983,0.009499144393535386,20.520710116823434,0.002213980370277535,0.005709543566508046,10.228824626601181,9.94633687328049
1.2400000000000009,6.834879999999982,0.009557231233431163,20.5249450403389,0.002233911089324636,0.00574694054917263,10.23068089704644,9.94589151949621
1.2500000000000009,6.889999999999982,0.00961501573409268,20.529180009796093,0.0022538770392865892,0.005784189214775248,10.232537109407087,9.94544607087141
1.260000000000001,6.9451199999999815,0.009672497995463047,20.533415025701572,0.002273878338832913,0.005821289483998904,10.234393263870478,9.94500052844481
1.270000000000001,7.000239999999981,0.00972967811602804,20.53765008856066,0.002293915107217659,0.00585824127730028,10.236249360623415,9.944554893250121
1.280000000000001,7.055359999999981,0.009786556192842077,20.541885198877733,0.0023139874642799096,0.005895044514960868,10.238105399852152,9.944109166316192
1.290000000000001,7.11047999999998,0.00984313232151085,20.546120357155928,0.002334095530461988,0.005931699117086853,10.23996138174233,9.943663348666885
1.300000000000001,7.16559999999998,0.009899406596133975,20.55035556389734,0.00235423942680435,0.005968205003577531,10.241817306479092,9.943217441321307
1.310000000000001,7.22071999999998,0.009955379109503892,20.55459081960302,0.002374419274954631,0.006004562094125032,10.243673174246972,9.942771445293701
1.320000000000001,7.275839999999979,0.01001104995290103,20.55882612477285,0.002394635197110362,0.006040770308304466,10.24552898522998,9.942325361593555
1.330000000000001,7.330959999999979,0.010066419216253064,20.563061479905656,0.0024148873160565465,0.006076829565505482,10.247384739611523,9.941879191225576
1.340000000000001,7.386079999999978,0.010121486988059647,20.56729688549923,0.0024351757552086295,0.006112739784972454,10.24924043757448,9.941432935189729
1.350000000000001,7.441199999999978,0.010176253355421716,20.57153234205023,0.0024555006385133527,0.0061485008857246615,10.25109607930119,9.940986594481409
1.360000000000001,7.496319999999978,0.010230718404085237,20.57576785005423,0.0024758620905419026,0.0061841127867157675,10.252951664973377,9.940540170091218
1.370000000000001,7.551439999999977,0.01028488221835877,20.580003410005755,0.0024962602363808317,0.006219575406719358,10.25480719477223,9.940093663005248
1.380000000000001,7.606559999999977,0.010338744881280448,20.584239022398286,0.0025166952018102484,0.006254888664327218,10.256662668878397,9.93964707420501
1.390000000000001,7.6616799999999765,0.010392306474442725,20.588474687724208,0.002537167113009886,0.006290052478076569,10.258518087471945,9.93920040466737
1.400000000000001,7.716799999999976,0.010445567078110729,20.59271040647486,0.002557676096910433,0.006325066766328158,10.260373450732386,9.938753655364728
1.410000000000001,7.771919999999976,0.010498526771235472,20.596946179140488,0.002578222280906428,0.006359931447324774,10.262228758838694,9.938306827265041
1.420000000000001,7.827039999999975,0.010551185631391069,20.601182006210315,0.0025988057929891006,0.006394646439171869,10.264084011969242,9.937859921331794
1.430000000000001,7.882159999999975,0.01060354373486111,20.605417888172518,0.0026194267617216105,0.006429211659889855,10.265939210301887,9.93741293852397
1.440000000000001,7.937279999999975,0.010655601156574712,20.60965382551423,0.00264008531623966,0.006463627027408658,10.267794354013887,9.936965879796208
1.450000000000001,7.992399999999974,0.01070735797019623,20.613889818721464,0.002660781586198868,0.00649789245948823,10.269649443281999,9.936518746098821
1.460000000000001,8.047519999999974,0.010758814248002513,20.618125868279318,0.002681515701882964,0.006532007873819579,10.27150447828237,9.936071538377773
1.470000000000001,8.102639999999974,0.010809970061083807,20.622361974671755,0.0027022877940658385,0.006565973188018548,10.273359459190635,9.935624257574677
1.480000000000001,8.157759999999975,0.010860825479143688,20.626598138381766,0.0027230979941296196,0.006599788319591349,10.275214386181808,9.935176904626921
1.490000000000001,8.212879999999975,0.010911380570691631,20.63083435989124,0.002743946434005551,0.006633453185969473,10.277069259430426,9.934729480467634
1.500000000000001,8.267999999999976,0.010961635402858994,20.635070639681082,0.0027648332461440717,0.006666967704498983,10.27892407911041,9.934281986025722
1.5100000000000011,8.323119999999976,0.011011590041581476,20.639306978231183,0.0027857585635934212,0.006700331792400038,10.280778845395162,9.933834422225956
1.5200000000000011,8.378239999999977,0.011061244551594074,20.643543376020375,0.0028067225199256973,0.006733545366959304,10.28263355845749,9.933386789988829
1.5300000000000011,8.433359999999977,0.011110598996243226,20.647779833526528,0.0028277252492761584,0.0067666083452296855,10.284488218469686,9.93293909023085
1.5400000000000011,8.488479999999978,0.011159653437714856,20.652016351226422,0.002848766886293541,0.006799520644314605,10.28634282560347,9.932491323864364
1.5500000000000012,8.543599999999978,0.011208407936967812,20.656252929595894,0.002869847566217887,0.006832282181183924,10.288197380030013,9.932043491797671
1.5600000000000012,8.598719999999979,0.011256862553674696,20.66048956910973,0.0028909674247931116,0.006864892872813555,10.29005188191992,9.931595594934933
1.5700000000000012,8.65383999999998,0.011305017346371182,20.6647262702417,0.002912126598366316,0.006897352636103027,10.291906331443254,9.93114763417643
1.5800000000000012,8.70895999999998,0.011352872372263845,20.668963033464667,0.0029333252237139784,0.006929661387905073,10.293760728769529,9.930699610418351
1.5900000000000012,8.76407999999998,0.01140042768745525,20.673199859250346,0.0029545634382466823,0.006961819045014528,10.295615074067685,9.930251524553011
1.6000000000000012,8.81919999999998,0.011447683346778537,20.677436748069592,0.00297584137988105,0.006993825524256592,10.297469367506128,9.929803377468678
1.6100000000000012,8.874319999999981,0.011494639403981655,20.68167370039216,0.0029971591870617265,0.007025680742321239,10.299323609252712,9.929355170049828
1.6200000000000012,8.929439999999982,0.011541295911443372,20.685910716686926,0.0030185169987576588,0.007057384615942519,10.301177799474734,9.928906903176976
1.6300000000000012,8.984559999999982,0.0115876529205296,20.69014779742165,0.0030399149545189408,0.007088937061814071,10.303031938338927,9.928458577726824
1.6400000000000012,9.039679999999983,0.011633710481364856,20.69438494306322,0.0030613531943621264,0.007120337996602333,10.3048860260115,9.928010194572193
1.6500000000000012,9.094799999999983,0.011679468642871171,20.698622154077558,0.0030828318588603243,0.007151587336942655,10.30674006265808,9.927561754582186
1.6600000000000013,9.149919999999984,0.011724927452926692,20.702859430929426,0.00310435108909074,0.0071826849994652275,10.30859404844379,9.927113258622052
1.6700000000000013,9.205039999999984,0.011770086958123316,20.707096774082828,0.0031259110267057855,0.007213630900819723,10.310447983533138,9.926664707553304
1.6800000000000013,9.260159999999985,0.011814947203977078,20.711334184000687,0.003147511813849535,0.007244424957600082,10.31230186809013,9.926216102233752
1.6900000000000013,9.315279999999985,0.011859508234892846,20.715571661145002,0.0031691535931420156,0.007275067086402964,10.314155702278224,9.925767443517492
1.7000000000000013,9.370399999999986,0.011903770094089938,20.71980920597678,0.0031908365077729095,0.00730555720389825,10.316009486260302,9.925318732254855
1.7100000000000013,9.425519999999986,0.011947732823658797,20.724046818956033,0.0032125607014780733,0.00733589522666106,10.31786322019871,9.924869969292704
1.7200000000000013,9.480639999999987,0.011991396464647142,20.72828450054194,0.003234326318456049,0.007366081071340458,10.319716904255255,9.924421155474086
1.7300000000000013,9.535759999999987,0.012034761056878895,20.73252225119256,0.0032561335034076433,0.0073961146545751255,10.32157053859119,9.923972291638554
1.7400000000000013,9.590879999999988,0.012077826639140532,20.736760071365126,0.0032779824016066494,0.007425995893014736,10.3234241233672,9.92352337862203
1.7500000000000013,9.645999999999988,0.012120593249150435,20.74099796151584,0.0032998731587825514,0.007455724703340605,10.32527765874346,9.923074417256922
1.7600000000000013,9.701119999999989,0.012163060923407853,20.74523592210008,0.003321805921200238,0.007485301002247535,10.327131144879576,9.922625408372003
1.7700000000000014,9.75623999999999,0.012205229697499542,20.749473953572107,0.0033437808356498455,0.0075147247064487055,10.328984581934609,9.922176352792679
1.7800000000000014,9.81135999999999,0.012247099605744716,20.75371205638541,0.003365798049389357,0.007543995732719022,10.330837970067073,9.92172725134072
1.7900000000000014,9.86647999999999,0.012288670681543934,20.757950230992364,0.0033878577101627005,0.007573113997802694,10.332691309434955,9.921278104834558
1.8000000000000014,9.92159999999999,0.01232994295718226,20.762188477844617,0.0034099599663005575,0.0076020794185736595,10.33454460019569,9.920828914089059
1.8100000000000014,9.976719999999991,0.012370916463812054,20.766426797392704,0.0034321049665744785,0.0076308919118778795,10.336397842506138,9.92037967991575
1.8200000000000014,10.031839999999992,0.012411591231627883,20.770665190086355,0.003454292860273156,0.007659551394583131,10.33825103652265,9.919930403122788
1.8300000000000014,10.086959999999992,0.01245196728969189,20.77490365637432,0.0034765237971344787,0.007688057783650948,10.340104182401028,9.919481084514853
1.8400000000000014,10.142079999999993,0.012492044666094326,20.77914219670443,0.003498797927462549,0.00771641099609216,10.341957280296528,9.919031724893312
1.8500000000000014,10.197199999999993,0.012531823387848917,20.783380811523596,0.0035211154020446944,0.007744610948935915,10.343810330363848,9.91858232505624
1.8600000000000014,10.252319999999994,0.01257130348095098,20.787619501277845,0.003543476372126375,0.00777265755928902,10.345663332757168,9.918132885798341
1.8700000000000014,10.307439999999994,0.01261048497034617,20.79185826641222,0.0035658809894691945,0.007800550744320955,10.347516287630107,9.917683407911056
1.8800000000000014,10.362559999999995,0.012649367879980333,20.79609710737097,0.003588329406324142,0.007828290421233008,10.34936919513576,9.91723389218258
1.8900000000000015,10.417679999999995,0.012687952232781297,20.800336024597293,0.0036108217754266536,0.007855876507325776,10.351222055426664,9.916784339397788
1.9000000000000015,10.472799999999996,0.01272623805069717,20.80457501853362,0.0036333582499956107,0.007883308919939935,10.353074868654831,9.916334750338383
1.9100000000000015,10.527919999999996,0.0127642253545866,20.808814089621368,0.003655938983745499,0.007910587576495487,10.354927634971702,9.915885125782882
1.9200000000000015,10.583039999999997,0.01280191416442833,20.813053238301165,0.003678564130856543,0.00793771239449853,10.356780354528231,9.915435466506514
1.9300000000000015,10.638159999999997,0.012839304499098148,20.817292465012617,0.0037012338460382654,0.007964683291506514,10.358633027474784,9.914985773281462
1.9400000000000015,10.693279999999998,0.012876396376560573,20.821531770194568,0.0037239482844145244,0.007991500185156042,10.360485653961206,9.914536046876712
1.9500000000000015,10.748399999999998,0.012913189813787751,20.825771154284855,0.003746707601643251,0.008018162993178035,10.362338234136816,9.914086288058105
1.9600000000000015,10.803519999999999,0.012949684826753072,20.83001061772053,0.003769511953832072,0.008044671633389677,10.36419076815038,9.91363649758838
1.9700000000000015,10.85864,0.012985881430486734,20.834250160937682,0.003792361497574892,0.00807102602369697,10.366043256150132,9.91318667622723
1.9800000000000015,10.91376,0.013021779639027342,20.838489784371582,0.00381525638996022,0.008097226082069198,10.36789569828376,9.912736824731196
1.9900000000000015,10.96888,0.013057379465490626,20.84272948845656,0.003838196788515269,0.00812327172659738,10.36974809469843,9.912286943853871
2.0000000000000013,11.024000000000001,0.013092680922009936,20.846969273626105,0.0038611828512427615,0.008149162875436988,10.371600445540764,9.911837034345776
2.010000000000001,11.079120000000001,0.013127684019773989,20.851209140312847,0.0038842147366776603,0.008174899446864115,10.373452750956838,9.911387096954408
2.020000000000001,11.134240000000002,0.013162388769051847,20.85544908894849,0.0039072926037523326,0.008200481359272205,10.375305011092221,9.91093713242426
2.0300000000000007,11.189360000000002,0.013196795179171328,20.859689119963946,0.003930416611887699,0.008225908531123094,10.377157226091914,9.910487141496867
2.0400000000000005,11.244480000000003,0.013230903258486748,20.863929233789268,0.00395358692096448,0.008251180880945841,10.379009396100402,9.910037124910916
2.0500000000000003,11.299600000000003,0.01326471301448473,20.868169430853523,0.00397680369139064,0.0082762983274845,10.380861521261648,9.909587083401954
2.06,11.354720000000004,0.013298224453700935,20.872409711585032,0.004000067083953229,0.008301260789507325,10.382713601719065,9.909137017702738
2.07,11.409840000000004,0.013331437581769523,20.87665007641122,0.004023377259950389,0.008326068185912527,10.38456563761552,9.90868692854316
2.0799999999999996,11.464960000000005,0.013364352403401614,20.880890525758712,0.004046734381136952,0.00835072043571583,10.38641762909337,9.90823681665015
2.0899999999999994,11.520080000000005,0.01339696892240061,20.885131060053205,0.0040701386097143355,0.008375217458071904,10.38826957629444,9.907786682747767
2.099999999999999,11.575200000000006,0.013429287141680624,20.88937167971956,0.004093590108375511,0.008399559172250548,10.390121479360008,9.907336527557295
2.109999999999999,11.630320000000006,0.013461307063250938,20.893612385181854,0.004117089040204858,0.008423745497578461,10.391973338430839,9.90688635179714
2.1199999999999988,11.685440000000007,0.013493028688258857,20.897853176863283,0.004140635568820328,0.008447776353599112,10.393825153647155,9.906436156182924
2.1299999999999986,11.740560000000007,0.013524452016904609,20.902094055186165,0.004164229858257873,0.008471651659943402,10.395676925148633,9.905985941427414
2.1399999999999983,11.795680000000008,0.013555577048598277,20.906335020572023,0.004187872072977217,0.008495371336319113,10.39752865307447,9.905535708240736
2.149999999999998,11.850800000000008,0.013586403781788658,20.910576073441582,0.004211562377976985,0.00851893530268183,10.399380337563283,9.905085457330065
2.159999999999998,11.905920000000009,0.013616932214095323,20.914817214214647,0.004235300938620623,0.008542343479008285,10.401231978753165,9.904635189400018
2.1699999999999977,11.96104000000001,0.013647162342310226,20.919058443310288,0.004259087920730986,0.008565595785436586,10.403083576781729,9.90418490515238
2.1799999999999975,12.01616000000001,0.013677094162261039,20.92329976114663,0.004282923490656454,0.00858869214231689,10.404935131785999,9.903734605286221
2.1899999999999973,12.07128000000001,0.01370672766900849,20.92754116814111,0.004306807815087577,0.0086116324700245,10.406786643902521,9.903284290497997
2.199999999999997,12.126400000000011,0.013736062856748499,20.93178266471026,0.004330741061242982,0.008634416689147884,10.408638113267266,9.902833961481445
2.209999999999997,12.181520000000011,0.013765099718810236,20.936024251269817,0.004354723396771065,0.008657044720442597,10.410489540015723,9.902383618927562
2.2199999999999966,12.236640000000012,0.013793838247699086,20.940265928234645,0.004378754989699918,0.008679516484727756,10.412340924282823,9.901933263524862
2.2299999999999964,12.291760000000012,0.013822278435053126,20.94450769601889,0.004402836008573552,0.008701831903030588,10.414192266203004,9.901482895959074
2.239999999999996,12.346880000000013,0.013850420271675767,20.948749555035878,0.0044269666223551996,0.00872399089651238,10.416043565910151,9.901032516913439
2.249999999999996,12.402000000000013,0.013878263747643671,20.95299150569801,0.004451147000418487,0.00874599338648252,10.417894823537624,9.900582127068525
2.259999999999996,12.457120000000014,0.013905808852064161,20.95723354841703,0.00447537731264297,0.008767839294396451,10.419746039218285,9.90013172710235
2.2699999999999956,12.512240000000014,0.013933055573352116,20.961475683603783,0.004499657729254203,0.008789528541892855,10.421597213084445,9.899681317690295
2.2799999999999954,12.567360000000015,0.013960003899023354,20.965717911668293,0.004523988420993885,0.008811061050751245,10.423448345267916,9.899230899505355
2.289999999999995,12.622480000000015,0.01398665381582781,20.96996023301991,0.004548369559000676,0.00883243674290185,10.425299435899973,9.89878047321781
2.299999999999995,12.677600000000016,0.014013005309653825,20.974202648067084,0.004572801314824404,0.008853655540446037,10.427150485111344,9.89833003949551
2.3099999999999947,12.732720000000016,0.0140390583656968,20.978445157217497,0.004597283860532764,0.00887471736566553,10.429001493032283,9.897879599003812
2.3199999999999945,12.787840000000017,0.014064812968265283,20.982687760878058,0.004621817368513137,0.008895622140974613,10.430852459792499,9.897429152405529
2.3299999999999943,12.842960000000017,0.014090269100916097,20.986930459454864,0.004646402011666495,0.008916369788972145,10.43270338552119,9.896978700361023
2.339999999999994,12.898080000000018,0.01411542674637617,20.991173253353217,0.004671037963298985,0.008936960232426627,10.434554270347029,9.896528243528234
2.349999999999994,12.953200000000018,0.014140285886656612,20.995416142977678,0.004695725397095618,0.008957393394254665,10.436405114398141,9.896077782562632
2.3599999999999937,13.008320000000019,0.014164846502921713,20.999659128732006,0.004720464487263876,0.008977669197602733,10.438255917802199,9.895627318117157
2.3699999999999934,13.06344000000002,0.01418910857566541,21.00390221101916,0.004745255408334648,0.008997787565733495,10.440106680686283,9.895176850842498
2.3799999999999932,13.11856000000002,0.014213072084445055,21.008145390241346,0.004770098335353357,0.009017748422105398,10.441957403176996,9.894726381386839
2.389999999999993,13.17368000000002,0.014236737008227973,21.012388666799993,0.004794993443715534,0.009037551690375734,10.443808085400416,9.894275910395958
2.399999999999993,13.228800000000021,0.014260103325113405,21.01663204109579,0.004819940909297549,0.009057197294328745,10.445658727482112,9.893825438513364
2.4099999999999926,13.283920000000021,0.014283171012487217,21.02087551352855,0.004844940908360296,0.009076685157999143,10.44750932954712,9.893374966380064
2.4199999999999924,13.339040000000022,0.014305940046938803,21.02511908449752,0.004869993617557855,0.009096015205532937,10.449359891719954,9.89292449463485
2.429999999999992,13.394160000000022,0.014328410404394365,21.029362754400925,0.0048950992140432414,0.009115187361313448,10.451210414124652,9.89247402391408
2.439999999999992,13.449280000000023,0.014350582059912576,21.03360652363644,0.004920257875327294,0.009134201549888588,10.453060896884685,9.892023554851841
2.4499999999999917,13.504400000000023,0.01437245498791101,21.03785039260091,0.004945469779335521,0.009153057696017097,10.45491134012305,9.891573088079893
2.4599999999999915,13.559520000000024,0.014394029162036859,21.04209436169039,0.004970735104426027,0.009171755724591446,10.456761743962211,9.891122624227727
2.4699999999999913,13.614640000000025,0.01441530455524398,21.04633843130021,0.004996054029387131,0.00919029556077966,10.458612108524115,9.890672163922513
2.479999999999991,13.669760000000025,0.014436281139665441,21.050582601824942,0.005021426733383461,0.009208677129839249,10.460462433930186,9.890221707789205
2.489999999999991,13.724880000000026,0.014456958886771787,21.054826873658456,0.005046853395994089,0.00922690035731838,10.462312720301387,9.889771256450443
2.4999999999999907,13.780000000000026,0.014477337767362208,21.059071247193785,0.0050723341972558345,0.009244965168897723,10.46416296775809,9.889320810526703
2.5099999999999905,13.835120000000027,0.014497417751428099,21.063315722823276,0.0050978693175555145,0.009262871490488378,10.466013176420237,9.888870370636136
2.5199999999999902,13.890240000000027,0.014517198808287946,21.067560300938524,0.005123458937709047,0.009280619248183741,10.467863346407183,9.888419937394765
2.52999999999999,13.945360000000028,0.014536680906538257,21.0718049819304,0.005149103238998198,0.009298208368284266,10.469713477837836,9.887969511416355
2.53999999999999,14.000480000000028,0.014555864014109243,21.076049766188998,0.005174802402996004,0.009315638777287416,10.471563570830526,9.887519093312488
2.5499999999999896,14.055600000000029,0.014574748098182266,21.080294654103703,0.005200556611774154,0.009332910401889272,10.473413625503152,9.887068683692615
2.5599999999999894,14.110720000000029,0.014593333125281549,21.084539646063156,0.005226366047792086,0.009350023169010957,10.475263641973045,9.886618283163958
2.569999999999989,14.16584000000003,0.014611619061203507,21.08878474245529,0.0052522308938655615,0.009366977005754118,10.47711362035704,9.88616789233161
2.579999999999989,14.22096000000003,0.0146296058710923,21.093029943667258,0.005278151333244108,0.009383771839445276,10.478963560771476,9.885717511798504
2.5899999999999888,14.27608000000003,0.01464729351937133,21.097275250085545,0.0053041275495976925,0.009400407597604299,10.480813463332167,9.88526714216553
2.5999999999999885,14.331200000000031,0.014664681969793592,21.10152066209588,0.005330159726968264,0.009416884207976595,10.482663328154446,9.884816784031322
2.6099999999999883,14.386320000000032,0.014681771185453274,21.105766180083286,0.005356248049800727,0.00943320159851374,10.484513155353092,9.88436643799252
2.619999999999988,14.441440000000032,0.014698561128748733,21.110011804432066,0.005382392702950323,0.009449359697370319,10.48636294504243,9.883916104643625
2.629999999999988,14.496560000000033,0.014715051761406195,21.114257535525756,0.005408593871689238,0.009465358432936943,10.488212697336245,9.883465784577062
2.6399999999999877,14.551680000000033,0.014731243044496634,21.11850337374725,0.005434851741569491,0.009481197733802571,10.490062412347841,9.883015478383165
2.6499999999999875,14.606800000000034,0.014747134938445705,21.122749319478707,0.0054611664987350705,0.009496877528768655,10.491912090189981,9.88256518665027
2.6599999999999873,14.661920000000034,0.014762727402952258,21.126995373101536,0.005487538329537911,0.009512397746862522,10.493761730974953,9.882114909964585
2.669999999999987,14.717040000000035,0.014778020397134217,21.13124153499649,0.0055139674208453116,0.009527758317348756,10.495611334814539,9.881664648910363
2.679999999999987,14.772160000000035,0.014793013879428552,21.135487805543594,0.005540453959823832,0.009542959169668741,10.497460901819998,9.881214404069773
2.6899999999999866,14.827280000000036,0.014807707807612647,21.13973418512212,0.005566998134123591,0.009558000233511499,10.499310432102096,9.880764176023003
2.6999999999999864,14.882400000000036,0.014822102138859095,21.143980674110725,0.005593600131712284,0.00957288143879853,10.50115992577113,9.880313965348225
2.709999999999986,14.937520000000037,0.014836196829580761,21.148227272887333,0.005620260141004696,0.009587602715681931,10.503009382936824,9.879863772621597
2.719999999999986,14.992640000000037,0.014849991835713894,21.152473981829132,0.005646978350726528,0.009602163994509028,10.504858803708467,9.87941359841736
2.7299999999999858,15.047760000000038,0.014863487112476592,21.15672080131266,0.005673754950036636,0.009616565205847472,10.506708188194795,9.878963443307732
2.7399999999999856,15.102880000000038,0.014876682614422654,21.160967731713754,0.005700590128539129,0.009630806280549908,10.50855753650407,9.878513307862988
2.7499999999999853,15.158000000000039,0.01488957829556159,21.165214773407534,0.005727484076098022,0.009644887149622583,10.510406848744076,9.878063192651439
2.759999999999985,15.213120000000039,0.01490217410919864,21.16946192676847,0.005754436983048061,0.009658807744352294,10.512256125022049,9.877613098239541
2.769999999999985,15.26824000000004,0.014914470008077385,21.173709192170318,0.005781449040099307,0.009672567996272197,10.514105365444752,9.87716302519167
2.7799999999999847,15.32336000000004,0.014926465944253398,21.17795656998616,0.005808520438301601,0.009686167837086479,10.515954570118451,9.876712974070433
2.7899999999999845,15.37848000000004,0.01493816186928848,21.18220406058839,0.0058356513691368295,0.009699607198796312,10.517803739148894,9.876262945436462
2.7999999999999843,15.433600000000041,0.014949557733983654,21.18645166434868,0.005862842024449144,0.009712886013571398,10.519652872641363,9.875812939848538
2.809999999999984,15.488720000000042,0.014960653488642783,21.19069938163811,0.005890092596416929,0.009726004213883976,10.521501970700607,9.87536295786347
2.819999999999984,15.543840000000042,0.014971449082916533,21.19494721282704,0.005917403277697464,0.009738961732417561,10.523351033430911,9.874913000036258
2.8299999999999836,15.598960000000043,0.014981944465842001,21.19919515828513,0.0059447742611868915,0.009751758502026364,10.525200060936042,9.874463066920114
2.8399999999999834,15.654080000000043,0.014992139585943864,21.203443218381384,0.005972205740327474,0.009764394455957615,10.527049053319264,9.874013159066186
2.849999999999983,15.709200000000044,0.015002034391008334,21.207691393484183,0.005999697908792068,0.009776869527542531,10.528898010683369,9.873563277023989
2.859999999999983,15.764320000000044,0.01501162882834739,21.211939683961152,0.006027250960652486,0.009789183650443956,10.530746933130647,9.87311342134105
2.869999999999983,15.819440000000045,0.015020922844657725,21.21618809017931,0.006054865090436123,0.009801336758538504,10.532595820762884,9.872663592563203
2.8799999999999826,15.874560000000045,0.01502991638601242,21.22043661250504,0.006082540493006938,0.009813328785934994,10.534444673681373,9.872213791234351
2.8899999999999824,15.929680000000046,0.015038609397938274,21.224685251303942,0.006110277363521488,0.00982515966700459,10.536293491986926,9.871764017896695
2.899999999999982,15.984800000000046,0.015047001825365391,21.228934006941117,0.006138075897612505,0.009836829336366648,10.538142275779848,9.871314273090542
2.909999999999982,16.039920000000045,0.015055093612650061,21.233182879780863,0.006165936291203988,0.009848337728864232,10.53999102515996,9.870864557354494
2.9199999999999817,16.095040000000044,0.015062884703624269,21.237431870186917,0.006193858740667135,0.009859684779602806,10.541839740226587,9.87041487122533
2.9299999999999815,16.150160000000042,0.015070375041452089,21.241680978522297,0.006221843442678177,0.009870870423949962,10.54368842107856,9.869965215238079
2.9399999999999813,16.20528000000004,0.015077564568787782,21.24593020514947,0.006249890594311858,0.009881894597493446,10.545537067814218,9.869515589925987
2.949999999999981,16.26040000000004,0.01508445322775298,21.2501795504301,0.00627800039297588,0.009892757236063476,10.54738568053142,9.869065995820606
2.959999999999981,16.31552000000004,0.015091040959831326,21.254429014725307,0.006306173036506713,0.009903458275785926,10.549234259327529,9.868616433451692
2.9699999999999807,16.370640000000037,0.01509732770600225,21.258678598395548,0.006334408723042029,0.00991399765304457,10.551082804299408,9.86816690334729
2.9799999999999804,16.425760000000036,0.015103313406704066,21.262928301800653,0.006362707651096755,0.009924375304362298,10.552931315543459,9.867717406033776
2.9899999999999802,16.480880000000035,0.01510899800175175,21.26717812529975,0.006391070019576228,0.009934591166657014,10.554779793155543,9.867267942035713
2.99999999999998,16.536000000000033,0.015114381430509638,21.271428069251414,0.0064194960277748625,0.009944645177036027,10.556628237231084,9.866818511876062
3.00999999999998,16.591120000000032,0.015119463631669938,21.275678134013482,0.0064479858752520824,0.009954537272857167,10.558476647865,9.866369116075983
3.0199999999999796,16.64624000000003,0.015124244543523235,21.279928319943206,0.006476539761970823,0.009964267391733839,10.560325025151721,9.86591975515513
3.0299999999999794,16.70136000000003,0.015128724103696034,21.284178627397203,0.006505157888299917,0.00997383547156655,10.562173369185178,9.865470429631213
3.039999999999979,16.75648000000003,0.015132902249362312,21.28842905673148,0.0065338404549423745,0.009983241450487457,10.564021680058834,9.865021140020527
3.049999999999979,16.811600000000027,0.015136778917107963,21.29267960830133,0.006562587662896913,0.009992485266869577,10.565869957865672,9.864571886837592
3.0599999999999787,16.866720000000026,0.015140354043040039,21.29693028246154,0.0065913997136141655,0.010001566859418776,10.567718202698174,9.864122670595268
3.0699999999999785,16.921840000000024,0.015143627562681894,21.301181079566152,0.0066202768088551855,0.010010486167000898,10.569566414648317,9.863673491804816
3.0799999999999783,16.976960000000023,0.015146599411064998,21.305431999968647,0.006649219150705266,0.010019243128860988,10.571414593807638,9.8632243509758
3.089999999999978,17.032080000000022,0.01514926952266138,21.309683044021902,0.00667822694168152,0.010027837684363605,10.57326274026716,9.862775248616298
3.099999999999978,17.08720000000002,0.015151637831481879,21.31393421207807,0.0067073003845992685,0.010036269773252948,10.57511085411743,9.86232618523261
3.1099999999999777,17.14232000000002,0.015153704270965407,21.31818550448879,0.00673643968262988,0.010044539335499758,10.57695893544852,9.861877161329488
3.1199999999999775,17.197440000000018,0.015155468774024294,21.322436921605068,0.006765645039285562,0.010052646311305924,10.578806984350008,9.86142817741011
3.1299999999999772,17.252560000000017,0.015156931273150265,21.326688463777227,0.006794916658534544,0.010060590641195188,10.580655000910987,9.860979233976073
3.139999999999977,17.307680000000015,0.015158091700240572,21.33094013135504,0.006824254744494829,0.01006837226591717,10.582502985220081,9.860530331527325
3.149999999999977,17.362800000000014,0.015158949986682935,21.335191924687663,0.006853659501832088,0.010075991126506478,10.584350937365429,9.860081470562257
3.1599999999999766,17.417920000000013,0.015159506063437467,21.339443844123586,0.006883131135456022,0.010083447164226544,10.586198857434688,9.859632651577778
3.1699999999999764,17.47304000000001,0.015159759860868594,21.343695890010785,0.006912669850669517,0.01009074032069135,10.588046745515017,9.859183875069126
3.179999999999976,17.52816000000001,0.015159711308884771,21.347948062696545,0.0069422758530639506,0.010097870537684572,10.589894601693137,9.85873514153004
3.189999999999976,17.58328000000001,0.01515936033691967,21.352200362527526,0.00697194934865486,0.010104837757340945,10.59174242605525,9.858286451452688
3.1999999999999758,17.638400000000008,0.01515870687387505,21.356452789849904,0.007001690543706973,0.010111641922021741,10.5935902186871,9.857837805327748
3.2099999999999755,17.693520000000007,0.015157750848199314,21.36070534500915,0.007031499644971684,0.01011828297436329,10.595437979673942,9.857389203644336
3.2199999999999753,17.748640000000005,0.015156492187813064,21.364958028350163,0.007061376859379187,0.010124760857316062,10.597285709100563,9.856940646890022
3.229999999999975,17.803760000000004,0.015154930820153123,21.369210840217267,0.007091322394338573,0.010131075513991228,10.599133407051262,9.856492135550953
3.239999999999975,17.858880000000003,0.015153066672216109,21.37346378095415,0.007121336457523497,0.01013722688790708,10.600981073609866,9.856043670111694
3.2499999999999747,17.914,0.015150899670496265,21.377716850903916,0.007151419256975211,0.01014321492277298,10.602828708859724,9.855595251055306
3.2599999999999745,17.96912,0.015148429740967861,21.381970050409144,0.007181571001069698,0.010149039562610984,10.60467631288372,9.855146878863396
3.2699999999999743,18.02424,0.015145656809191776,21.3862233798117,0.007211791898526609,0.010154700751702883,10.606523885764247,9.854698554016077
3.279999999999974,18.079359999999998,0.015142580800189875,21.390476839452955,0.007242082158426644,0.010160198434591872,10.608371427583243,9.854250276991992
3.289999999999974,18.134479999999996,0.01513920163860838,21.394730429673654,0.007272441990159639,0.01016553255613134,10.610218938422127,9.853802048268308
3.2999999999999736,18.189599999999995,0.015135519248496154,21.398984150813938,0.007302871603439287,0.01017070306138984,10.612066418361907,9.853353868320745
3.3099999999999734,18.244719999999994,0.015131533553615184,21.40323800321341,0.007333371208374018,0.010175709895806795,10.613913867483063,9.852905737623514
3.319999999999973,18.299839999999993,0.015127244477067037,21.407491987211102,0.007363941015334774,0.010180553005017468,10.61576128586564,9.852457656649468
3.329999999999973,18.35495999999999,0.015122651941565812,21.41174610314537,0.007394581235116049,0.0101852323349651,10.61760867358919,9.852009625869979
3.3399999999999728,18.41007999999999,0.015117755869453964,21.416000351354096,0.007425292078777346,0.010189747831894636,10.619456030732787,9.851561645754945
3.3499999999999726,18.46519999999999,0.015112556182506787,21.420254732174463,0.007456073757719339,0.010194099442298099,10.62130335737505,9.851113716772891
3.3599999999999723,18.520319999999987,0.01510705280205632,21.424509245943305,0.007486926483699308,0.010198287112960003,10.623150653594127,9.850665839390913
3.369999999999972,18.575439999999986,0.01510124564907056,21.428763892996606,0.007517850468824527,0.010202310790934144,10.624997919467676,9.85021801407471
3.379999999999972,18.630559999999985,0.015095134643972496,21.43301867366996,0.007548845925471059,0.010206170423595562,10.626845155072898,9.84977024128855
3.3899999999999717,18.685679999999984,0.015088719706777387,21.43727358829831,0.007579913066409039,0.010209865958528241,10.628692360486546,9.84932252149528
3.3999999999999715,18.740799999999982,0.01508200075703714,21.441528637216045,0.0076110521047003665,0.010213397343704966,10.630539535784841,9.848874855156424
3.4099999999999713,18.79591999999998,0.015074977713936122,21.445783820757022,0.007642263253770876,0.010216764527274547,10.632386681043624,9.848427242732058
3.419999999999971,18.85103999999998,0.01506765049609865,21.450039139254514,0.007673546727330005,0.010219967457711587,10.634233796338181,9.84797968468094
3.429999999999971,18.90615999999998,0.015060019021798987,21.454294593041194,0.0077049027394666125,0.010223006083823705,10.636080881743364,9.847532181460382
3.4399999999999706,18.961279999999977,0.015052083208825617,21.45855018244921,0.00773633150454317,0.010225880354611472,10.6379279373336,9.847084733526447
3.4499999999999704,19.016399999999976,0.015043842974594268,21.462805907810107,0.007767833237276367,0.010228590219448108,10.639774963182777,9.846637341333679
3.45999999999997,19.071519999999975,0.015035298236016903,21.467061769454983,0.007799408152760978,0.010231135627915944,10.641621959364361,9.846190005335423
3.46999999999997,19.126639999999973,0.015026448909625179,21.47131776771424,0.007831056466311381,0.01023351652995802,10.643468925951337,9.845742725983591
3.47999999999997,19.181759999999972,0.015017294911509271,21.47557390291777,0.007862778393655068,0.010235732875754244,10.645315863016233,9.845295503728773
3.4899999999999696,19.23687999999997,0.01500783615734047,21.47983017539495,0.007894574150796474,0.010237784615772738,10.647162770631098,9.844848339020281
3.4999999999999694,19.29199999999997,0.01499807256238056,21.484086585474557,0.00792644395407105,0.010239671700806974,10.649009648867542,9.844401232306021
3.509999999999969,19.34711999999997,0.014988004041421199,21.488343133484847,0.007958388020145368,0.010241394081875466,10.65085649779668,9.843954184032635
3.519999999999969,19.402239999999967,0.014977630508893502,21.49259981975352,0.007990406566039998,0.010242951710366044,10.652703317489179,9.843507194645406
3.5299999999999687,19.457359999999966,0.014966951878788715,21.496856644607703,0.008022499808999661,0.01024434453789963,10.654550108015233,9.84306026458837
3.5399999999999685,19.512479999999965,0.014955968064685854,21.50111360837401,0.008054667966685414,0.01024557251638375,10.656396869444606,9.842613394304214
3.5499999999999683,19.567599999999963,0.014944678979733006,21.505370711378475,0.008086911257086105,0.010246635598071208,10.658243601846548,9.842166584234338
3.559999999999968,19.622719999999962,0.014933084536719099,21.509627953946634,0.00811922989839553,0.010247533735428194,10.66009030528991,9.84171983481889
3.569999999999968,19.67783999999996,0.014921184647970376,21.513885336403444,0.008151624109222932,0.010248266881304868,10.661936979843011,9.841273146496672
3.5799999999999677,19.73295999999996,0.014908979225447483,21.5181428590733,0.008184094108493856,0.010248834988759281,10.663783625573744,9.840826519705276
3.5899999999999674,19.788079999999958,0.01489646818068735,21.522400522280158,0.008216640115386975,0.01024923801115002,10.665630242549577,9.840379954881003
3.5999999999999672,19.843199999999957,0.014883651424836886,21.52665832634732,0.008249262349497355,0.01024947590220665,10.667476830837453,9.839933452458835
3.609999999999967,19.898319999999956,0.014870528868628441,21.530916271597622,0.008281961030636886,0.01024954861585703,10.669323390503884,9.839487012872578
3.619999999999967,19.953439999999954,0.01485710042240762,21.53517435835333,0.008314736378966292,0.010249456106383115,10.671169921614931,9.83904063655475
3.6299999999999666,20.008559999999953,0.014843365996157265,21.539432586936176,0.00834758861500512,0.01024919832835297,10.673016424236206,9.838594323936585
3.6399999999999664,20.06367999999995,0.014829325499384094,21.543690957667437,0.008380517959522382,0.010248775236580743,10.674862898432831,9.83814807544817
3.649999999999966,20.11879999999995,0.014814978841319382,21.547949470867728,0.008413524633598679,0.010248186786245783,10.67670934426947,9.83770189151825
3.659999999999966,20.17391999999995,0.014800325930690472,21.552208126857256,0.008446608858690974,0.010247432932767586,10.678555761810394,9.83725577257441
3.6699999999999657,20.229039999999948,0.014785366675891032,21.55646692595562,0.008479770856525681,0.010246513631908372,10.680402151119315,9.83680971904299
3.6799999999999655,20.284159999999947,0.014770100984966783,21.560725868481935,0.008513010849142189,0.010245428839675885,10.682248512259582,9.836363731349095
3.6899999999999653,20.339279999999945,0.014754528765510089,21.5649849547548,0.008546329058918,0.010244178512403945,10.684094845294021,9.835917809916685
3.699999999999965,20.394399999999944,0.014738649924807001,21.569244185092245,0.00857972570846649,0.010242762606721523,10.685941150285053,9.835471955168419
3.709999999999965,20.449519999999943,0.014722464369660293,21.573503559811854,0.008613201020761296,0.01024118107954769,10.687787427294616,9.835026167525797
3.7199999999999647,20.50463999999994,0.014705972006590406,21.577763079230564,0.008646755219142599,0.010239433888126315,10.6896336763842,9.834580447409145
3.7299999999999645,20.55975999999994,0.014689172741757572,21.582022743664943,0.008680388527139482,0.010237520989958115,10.691479897614844,9.834134795237564
3.7399999999999642,20.61487999999994,0.014672066480803936,21.586282553430983,0.008714101168666055,0.010235442342833467,10.693326091047135,9.833689211429027
3.749999999999964,20.669999999999938,0.01465465312917763,21.590542508844095,0.008747893367909099,0.010233197904900293,10.695172256741174,9.833243696400231
3.759999999999964,20.725119999999936,0.014636932591855056,21.594802610219265,0.008781765349383297,0.010230787634606331,10.697018394756682,9.832798250566732
3.7699999999999636,20.780239999999935,0.014618904773445629,21.599062857870916,0.008815717337898876,0.010228211490603378,10.698864505152855,9.83235287434303
3.7799999999999634,20.835359999999934,0.014600569578216871,21.603323252113036,0.008849749558586806,0.010225469431922873,10.700710587988478,9.831907568142288
3.789999999999963,20.890479999999933,0.014581926910102516,21.60758379325895,0.008883862236820361,0.010222561417884746,10.70255664332187,9.83146233237663
3.799999999999963,20.94559999999993,0.014562976672635453,21.61184448162166,0.008918055598345798,0.010219487408142047,10.704402671210905,9.831017167456933
3.8099999999999627,21.00071999999993,0.014543718768969871,21.61610531751352,0.00895232986920208,0.010216247362543784,10.70624867171302,9.830572073793041
3.8199999999999625,21.05583999999993,0.014524153101950155,21.620366301246477,0.00898668527571067,0.01021284124134747,10.70809464488517,9.830127051793578
3.8299999999999623,21.110959999999928,0.014504279574036216,21.624627433131852,0.009021122044480412,0.010209269005056198,10.709940590783877,9.829682101866027
3.839999999999962,21.166079999999926,0.014484098087306052,21.628888713480617,0.009055640402439946,0.010205530614506964,10.711786509465234,9.829237224416797
3.849999999999962,21.221199999999925,0.014463608543583584,21.63315014260311,0.009090240576804853,0.010201626030800715,10.713632400984848,9.828792419851046
3.8599999999999617,21.276319999999924,0.014442810844214449,21.637411720809265,0.009124922795112511,0.010197555215372633,10.715478265397923,9.828347688572993
3.8699999999999615,21.331439999999922,0.014421704890271003,21.641673448408444,0.009159687285177076,0.010193318129960494,10.717324102759168,9.827903030985558
3.8799999999999613,21.38655999999992,0.014400290582477993,21.645935325709548,0.009194534275152988,0.010188914736566412,10.719169913122887,9.827458447490699
3.889999999999961,21.44167999999992,0.014378567821184018,21.650197353021028,0.009229463993416176,0.010184344997567929,10.7210156965429,9.8270139384891
3.899999999999961,21.49679999999992,0.014356536506392903,21.654459530650726,0.009264476668702115,0.010179608875541257,10.722861453072607,9.82656950438054
3.9099999999999606,21.551919999999917,0.014334196537806931,21.65872185890606,0.009299572529998912,0.010174706333483774,10.724707182764966,9.826125145563527
3.9199999999999604,21.607039999999916,0.014311547814767456,21.662984338094027,0.009334751806646002,0.010169637334615123,10.726552885672477,9.82568086243558
3.92999999999996,21.662159999999915,0.014288590236207266,21.667246968520974,0.009370014728228182,0.010164401842497617,10.728398561847186,9.825236655393063
3.93999999999996,21.717279999999914,0.01426532370085204,21.671509750492888,0.009405361524621847,0.010158999820967851,10.730244211340729,9.824792524831295
3.9499999999999598,21.772399999999912,0.01424174810700285,21.675772684315213,0.009440792425994493,0.01015343123419371,10.732089834204254,9.824348471144559
3.9599999999999596,21.82751999999991,0.014217863352632254,21.68003577029291,0.009476307662892036,0.010147696046672205,10.7339354304885,9.823904494725893
3.9699999999999593,21.88263999999991,0.014193669335430426,21.684299008730484,0.00951190746603875,0.010141794223126499,10.735781000243762,9.823460595967507
3.979999999999959,21.93775999999991,0.014169165952663598,21.68856239993196,0.009547592066495691,0.010135725728619926,10.737626543519871,9.823016775260397
3.989999999999959,21.992879999999907,0.014144353101397777,21.692825944200763,0.009583361695619408,0.01012949052862383,10.739472060366229,9.822573032994445
3.9999999999999587,22.047999999999906,0.014119230678236117,21.69708964184003,0.009619216585078694,0.01012308858874178,10.741317550831807,9.822129369558654
4.009999999999959,22.103119999999905,0.014093798579558225,21.7013534931523,0.009655156966781209,0.01011651987500628,10.743163014965114,9.821685785340808
4.019999999999959,22.158239999999903,0.014068056701377452,21.70561749843959,0.00969118307295247,0.010109784353707407,10.745008452814236,9.821242280727768
4.0299999999999585,22.213359999999902,0.014042004939372132,21.709881658003585,0.009727295136083614,0.01010288199145315,10.74685386442681,9.820798856105258
4.039999999999958,22.2684799999999,0.014015643188922122,21.71414597214533,0.00976349338900584,0.010095812755182565,10.748699249850036,9.820355511857993
4.049999999999958,22.3235999999999,0.01398897134508198,21.718410441165545,0.009799778064783549,0.010088576612097389,10.750544609130689,9.8199122483697
4.059999999999958,22.3787199999999,0.013961989302601119,21.7226750653644,0.009836149396805771,0.010081173529735976,10.752389942315078,9.819469066023023
4.069999999999958,22.433839999999897,0.013934696955882231,21.72693984504154,0.009872607618684026,0.010073603475949877,10.754235249449092,9.81902596519961
4.079999999999957,22.488959999999896,0.013907094199018588,21.73120478049625,0.009909152964387824,0.010065866418890235,10.756080530578194,9.818582946280051
4.089999999999957,22.544079999999894,0.0138791809258349,21.735469872027316,0.009945785668140528,0.010057962326968095,10.757925785747375,9.818140009643981
4.099999999999957,22.599199999999893,0.013850957029773181,21.739735119932995,0.009982505964455268,0.01004989116901811,10.75977101500122,9.81769715566995
4.109999999999957,22.654319999999892,0.013822422404036805,21.744000524511115,0.010019314088130338,0.010041652914088706,10.761616218383873,9.817254384735564
4.119999999999957,22.70943999999989,0.013793576941470653,21.748266086059076,0.010056210274182575,0.01003324753153928,10.76346139593903,9.816811697217418
4.129999999999956,22.76455999999989,0.013764420534612243,21.752531804873765,0.01009319475806636,0.01002467499108528,10.76530654770997,9.816369093491037
4.139999999999956,22.819679999999888,0.013734953075691114,21.756797681251594,0.010130267775339152,0.010015935262737974,10.767151673739514,9.815926573931046
4.149999999999956,22.874799999999887,0.013705174456724145,21.761063715488625,0.010167429561949048,0.01000702831679351,10.768996774070079,9.815484138911012
4.159999999999956,22.929919999999886,0.013675084569247764,21.76532990788022,0.010204680354083673,0.009997954123879105,10.770841848743624,9.815041788803562
4.1699999999999555,22.985039999999884,0.013644683304707583,21.76959625872152,0.010242020388238349,0.009988712654922016,10.772686897801677,9.81459952398029
4.179999999999955,23.040159999999883,0.01361397055406266,21.77386276830717,0.01027944990114621,0.009979303881195,10.774531921285345,9.814157344811846
4.189999999999955,23.09527999999988,0.013582946208081592,21.77812943693125,0.010316969129854525,0.009969727774227333,10.77637691923531,9.813715251667912
4.199999999999955,23.15039999999988,0.013551610157173821,21.78239626488742,0.010354578311682738,0.009959984305888403,10.778221891691778,9.813273244917182
4.209999999999955,23.20551999999988,0.013519962291552223,21.786663252468966,0.010392277684229179,0.009950073448350805,10.780066838694577,9.812831324927378
4.2199999999999545,23.260639999999878,0.013488002501004959,21.79093039996864,0.010430067485322825,0.009939995174122529,10.781911760283082,9.812389492065254
4.229999999999954,23.315759999999877,0.013455730675098365,21.795197707678728,0.01046794795311573,0.009929749455939996,10.783756656496244,9.811947746696694
4.239999999999954,23.370879999999875,0.013423146703135769,21.799465175891175,0.010505919326063706,0.009919336266992207,10.78560152737257,9.811506089186437
4.249999999999954,23.425999999999874,0.013390250474083154,21.80373280489733,0.010543981842792705,0.009908755580659234,10.787446372950148,9.811064519898455
4.259999999999954,23.481119999999873,0.013357041876585152,21.808000594988236,0.010582135742314702,0.009898007370692019,10.789291193266635,9.810623039195688
4.269999999999953,23.53623999999987,0.01332352079909166,21.81226854645433,0.01062038126387077,0.009887091611111565,10.791135988359253,9.81018164744018
4.279999999999953,23.59135999999987,0.013289687129711292,21.816536659585765,0.010658718646956389,0.009876008276283543,10.792980758264816,9.809740344992962
4.289999999999953,23.64647999999987,0.013255540756214879,21.820804934672132,0.010697148131325607,0.009864757340862229,10.794825503019695,9.809299132214214
4.299999999999953,23.701599999999868,0.01322108156625107,21.825073372002624,0.010735669957083527,0.009853338779872212,10.796670222659825,9.808858009463092
4.3099999999999525,23.756719999999866,0.013186309446996503,21.82934197186602,0.010774284364545528,0.009841752568570783,10.798514917220755,9.808416977097917
4.319999999999952,23.811839999999865,0.013151224285475993,21.833610734550568,0.010812991594290167,0.009829998682577779,10.800359586737539,9.807976035476024
4.329999999999952,23.866959999999864,0.013115825968381623,21.83787966034418,0.010851791887143303,0.009818077097827282,10.802204231244875,9.807535184953844
4.339999999999952,23.922079999999863,0.013080114382156727,21.84214874953426,0.010890685484335638,0.00980598779053371,10.80404885077701,9.807094425886898
4.349999999999952,23.97719999999986,0.01304408941294305,21.846418002407784,0.010929672627204179,0.009793730737217121,10.805893445367742,9.806653758629835
4.3599999999999515,24.03231999999986,0.013007750946601948,21.850687419251315,0.010968753557402844,0.009781305914779659,10.807738015050493,9.806213183536261
4.369999999999951,24.08743999999986,0.012971098868752862,21.854957000350957,0.011007928516926446,0.00976871330039164,10.809582559858207,9.805772700959018
4.379999999999951,24.142559999999857,0.012934133064696485,21.8592267459924,0.011047197747971305,0.009755952871513374,10.811427079823456,9.805332311250002
4.389999999999951,24.197679999999856,0.012896853419516296,21.86349665646084,0.011086561492947788,0.009743024605951056,10.81327157497835,9.80489201476016
4.399999999999951,24.252799999999855,0.012859259817981972,21.867766732041137,0.0111260199946554,0.009729928481847394,10.815116045354621,9.804451811839613
4.40999999999995,24.307919999999854,0.012821352144620268,21.872036973017654,0.011165573496065673,0.009716664477569414,10.816960490983522,9.804011702837569
4.41999999999995,24.363039999999852,0.012783130283656574,21.87630737967431,0.011205222240444734,0.009703232571912523,10.81880491189591,9.803571688102316
4.42999999999995,24.41815999999985,0.012744594119102337,21.880577952294654,0.011244966471335993,0.009689632743923204,10.82064930812225,9.803131767981267
4.43999999999995,24.47327999999985,0.012705743534661862,21.884848691161785,0.011284806432516947,0.009675864972955805,10.822493679692553,9.802691942821003
4.4499999999999496,24.52839999999985,0.01266657841377039,21.889119596558334,0.011324742368038931,0.0096619292386953,10.824338026636429,9.802252212967188
4.459999999999949,24.583519999999847,0.012627098639666379,21.893390668766536,0.011364774522221288,0.00964782552113902,10.826182348983032,9.801812578764608
4.469999999999949,24.638639999999846,0.012587304095184715,21.89766190806826,0.01140490313963266,0.009633553800594885,10.828026646761153,9.801373040557166
4.479999999999949,24.693759999999845,0.012547194663087013,21.901933314744817,0.011445128465146004,0.009619114057722145,10.829870919999136,9.800933598687937
4.489999999999949,24.748879999999843,0.012506770225725605,21.906204889077195,0.011485450743795478,0.009604506273427349,10.831715168724884,9.800494253499114
4.4999999999999485,24.803999999999842,0.012466030665279293,21.910476631345986,0.011525870220980061,0.009589730428973486,10.833559392965935,9.800055005332014
4.509999999999948,24.85911999999984,0.012424975863623344,21.914748541831223,0.011566387142321721,0.00957478650593424,10.835403592749364,9.79961585452712
4.519999999999948,24.91423999999984,0.012383605702394385,21.919020620812624,0.011607001753658919,0.009559674486228631,10.837247768101857,9.799176801424034
4.529999999999948,24.96935999999984,0.012341920062980793,21.923292868569536,0.011647714301173673,0.009544394352008212,10.839091919049661,9.798737846361531
4.539999999999948,25.024479999999837,0.012299918826484901,21.927565285380755,0.011688525031224584,0.009528946085824774,10.840936045618625,9.798298989677555
4.549999999999947,25.079599999999836,0.012257601873793655,21.931837871524817,0.01172943419043776,0.009513329670479298,10.842780147834201,9.79786023170914
4.559999999999947,25.134719999999835,0.012214969085556027,21.93611062727964,0.011770442025723638,0.009497545089131698,10.844624225721374,9.797421572792548
4.569999999999947,25.189839999999833,0.012172020342104017,21.94038355292293,0.011811548784255,0.009481592325267685,10.846468279304776,9.79698301326314
4.579999999999947,25.244959999999832,0.012128755523574675,21.94465664873183,0.011852754713425229,0.009465471362626265,10.848312308608577,9.79654455345553
4.589999999999947,25.30007999999983,0.012085174509893326,21.948929914983175,0.011894060060883671,0.00944918218532348,10.850156313656555,9.796106193703386
4.599999999999946,25.35519999999983,0.012041277180611987,21.953203351953317,0.01193546507459503,0.009432724777798551,10.852000294472074,9.795667934339626
4.609999999999946,25.410319999999828,0.01199706341513801,21.957476959918274,0.011976970002683551,0.009416099124706867,10.853844251078089,9.795229775696354
4.619999999999946,25.465439999999827,0.0119525330926199,21.96175073915356,0.012018575093555972,0.00939930521111626,10.855688183497147,9.794791718104808
4.629999999999946,25.520559999999826,0.011907686091954695,21.966024689934322,0.012060280595962758,0.009382343022442563,10.857532091751352,9.794353761895351
4.6399999999999455,25.575679999999824,0.011862522291805122,21.97029881253534,0.012102086758753627,0.00936521254428424,10.859375975862452,9.793915907397702
4.649999999999945,25.630799999999823,0.011817041570561848,21.97457310723092,0.012143993831159772,0.009347913762660587,10.861219835851735,9.793478154940615
4.659999999999945,25.685919999999822,0.01177124380636868,21.978847574295013,0.012186002062526569,0.009330446663862568,10.863063671740104,9.793040504852065
4.669999999999945,25.74103999999982,0.01172512887719468,21.983122214001142,0.01222811170258642,0.009312811234501672,10.864907483548063,9.792602957459284
4.679999999999945,25.79615999999982,0.011678696660697874,21.987397026622467,0.012270323001265848,0.009295007461551763,10.866751271295671,9.792165513088602
4.689999999999944,25.851279999999818,0.01163194703436582,21.991672012431643,0.012312636208707095,0.009277035332249106,10.868595035002626,9.791728172065612
4.699999999999944,25.906399999999817,0.011584879875421672,21.995947171701054,0.012355051575341558,0.00925889483414083,10.870438774688173,9.791290934715128
4.709999999999944,25.961519999999815,0.011537495060782721,22.00022250470261,0.012397569351813853,0.009240585955130942,10.872282490371177,9.790853801361088
4.719999999999944,26.016639999999814,0.011489792467297089,22.004498011707792,0.012440189789033107,0.009222108683399177,10.874126182070107,9.790416772326713
4.729999999999944,26.071759999999813,0.011441771971377579,22.00877369298778,0.012482913138194163,0.009203463007507573,10.875969849802997,9.789979847934394
4.739999999999943,26.12687999999981,0.011393433449331691,22.013049548813267,0.012525739650660339,0.009184648916231053,10.877813493587476,9.789543028505772
4.749999999999943,26.18199999999981,0.011344776777277799,22.017325579454585,0.012568669578062741,0.009165666398765537,10.879657113440787,9.789106314361636
4.759999999999943,26.23711999999981,0.011295801830910945,22.021601785181694,0.012611703172323907,0.00914651544455869,10.881500709379774,9.788669705822056
4.769999999999943,26.292239999999808,0.01124650848593678,22.025878166264114,0.012654840685562496,0.009127196043403063,10.883344281420849,9.788233203206321
4.7799999999999425,26.347359999999806,0.011196896617665986,22.030154722970988,0.012698082370138086,0.009107708185376928,10.885187829580056,9.787796806832926
4.789999999999942,26.402479999999805,0.011146966101211575,22.034431455571053,0.012741428478678873,0.00908805186090661,10.887031353872977,9.78736051701957
4.799999999999942,26.457599999999804,0.011096716811523855,22.038708364332738,0.01278487926406291,0.009068227060718137,10.888874854314867,9.78692433408325
4.809999999999942,26.512719999999803,0.011046148623254981,22.042985449523915,0.012828434979324232,0.009048233775876047,10.890718330920537,9.786488258340112
4.819999999999942,26.5678399999998,0.010995261410860713,22.04726271141228,0.012872095877867251,0.009028071997742027,10.892561783704377,9.786052290105594
4.8299999999999415,26.6229599999998,0.010944055048557444,22.051540150264955,0.012915862213201179,0.009007741717984297,10.894405212680422,9.785616429694372
4.839999999999941,26.6780799999998,0.010892529410385154,22.05581776634874,0.012959734239173348,0.008987242928600259,10.89624861786229,9.785180677420335
4.849999999999941,26.733199999999798,0.010840684370135467,22.060095559930126,0.013003712209860907,0.008966575621901895,10.898091999263173,9.78474503359665
4.859999999999941,26.788319999999796,0.010788519801334495,22.06437353127506,0.013047796379527465,0.008945739790538476,10.89993535689589,9.784309498535688
4.869999999999941,26.843439999999795,0.01073603557731223,22.068651680649182,0.013091987002706695,0.008924735427451314,10.901778690772863,9.783874072549077
4.87999999999994,26.898559999999794,0.010683231571286478,22.07293000831787,0.01313628433415398,0.008903562525887754,10.903622000906102,9.783438755947774
4.88999999999994,26.953679999999792,0.010630107656054766,22.077208514545937,0.013180688628861237,0.008882221079442476,10.905465287307223,9.783003549041878
4.89999999999994,27.00879999999979,0.010576663704391864,22.08148719959783,0.013225200142084947,0.008860711081995376,10.907308549987464,9.782568452140824
4.90999999999994,27.06391999999979,0.010522899588693013,22.085766063737736,0.013269819129281102,0.00883903252780166,10.909151788957608,9.782133465553214
4.9199999999999395,27.11903999999979,0.010468815181277513,22.090045107229383,0.013314545846151993,0.00881718541134019,10.910995004228115,9.781698589587059
4.929999999999939,27.174159999999787,0.010414410354148251,22.094324330336114,0.013359380548624344,0.008795169727473406,10.912838195809007,9.781263824549516
4.939999999999939,27.229279999999786,0.010359684979153405,22.09860373332087,0.013404323492874681,0.008772985471372452,10.914681363709915,9.780829170747037
4.949999999999939,27.284399999999785,0.010304638927880028,22.10288331644635,0.01344937493532572,0.00875063263852549,10.916524507940078,9.780394628485377
4.959999999999939,27.339519999999784,0.010249272071738924,22.10716307997466,0.013494535132582974,0.008728111224700463,10.918367628508344,9.779960198069519
4.9699999999999385,27.394639999999782,0.010193584281930679,22.11144302416774,0.013539804341476003,0.008705421226022636,10.920210725423171,9.779525879803753
4.979999999999938,27.44975999999978,0.010137575429388757,22.115723149287025,0.013585182819199904,0.008682562638926195,10.922053798692597,9.779091673991612
4.989999999999938,27.50487999999978,0.010081245384947313,22.12000345559362,0.013630670822953439,0.008659535460152079,10.923896848324297,9.77865758093597
4.999999999999938,27.55999999999978,0.010024594019095667,22.12428394334824,0.013676268610372078,0.008636339686749595,10.925739874325544,9.778223600938908
5.009999999999938,27.56,0.009915912003504723,22.124459690569935,0.013693503835866816,0.008579060181428066,10.925793477531258,9.778263552160197
5.019999999999937,27.50488,0.009837018015212029,22.120330569834266,0.01367725159207489,0.00852694631826545,10.923985622677094,9.778748087946916
5.029999999999937,27.44976,0.009857166059476952,22.11602295988899,0.013646641564922402,0.008526245494585805,10.92212154394782,9.779193095518078
5.039999999999937,27.394640000000003,0.009902549748650458,22.111739799705784,0.013604563053074614,0.008541133892675523,10.920275770925063,9.77962762627534
5.049999999999937,27.339520000000004,0.009956733496881476,22.10745928705446,0.013559873947599832,0.008560875775239674,10.91843242735791,9.780061852089322
5.0599999999999365,27.284400000000005,0.010012314366656616,22.103178874804257,0.013514638255674671,0.008582611318898425,10.916589206405611,9.780496054461429
5.069999999999936,27.229280000000006,0.010068172683700138,22.098898622439478,0.01346932029637743,0.008604993966160823,10.91474600805973,9.780930304076595
5.079999999999936,27.174160000000008,0.01012382529586442,22.09461855061253,0.013424057459474115,0.008627559837990795,10.912902799296434,9.781364655817288
5.089999999999936,27.11904000000001,0.01017919595448219,22.090338659447973,0.013378889103102753,0.008650101602944105,10.911059569881129,9.781799112392743
5.099999999999936,27.06392000000001,0.010234251621465296,22.086058948344895,0.013333825534932564,0.008672536543948728,10.909216316764804,9.782233679899864
5.1099999999999355,27.00880000000001,0.010288987291065144,22.081779416938424,0.013288869843414153,0.008694828400339694,10.90737303941249,9.782668357830744
5.119999999999935,26.953680000000013,0.010343400870135244,22.077500064928707,0.013244022554557922,0.008716961915195165,10.905529737706267,9.783103146504699
5.129999999999935,26.898560000000014,0.010397492153738253,22.073220892034122,0.013199283689401098,0.008738930424159075,10.903686411658473,9.783538045570623
5.139999999999935,26.843440000000015,0.010451261125606848,22.06894189798281,0.013154653051492493,0.008760731073765238,10.901843061275809,9.783973054779754
5.149999999999935,26.788320000000017,0.010504707895957088,22.064663082506573,0.013110130407013032,0.008782362625789242,10.8999996865612,9.784408173817184
5.159999999999934,26.733200000000018,0.01055783258682258,22.060384445338823,0.01306571550373603,0.008803824551134709,10.898156287510183,9.784843402377598
5.169999999999934,26.67808000000002,0.010610635328503648,22.056105986213396,0.013021408086228592,0.008825116625252205,10.89631286411487,9.785278740148573
5.179999999999934,26.62296000000002,0.010663116251877491,22.051827704863996,0.012977207897773124,0.008846238756562708,10.894469416365268,9.78571418681789
5.189999999999934,26.56784000000002,0.010715275488169584,22.047549601024215,0.012933114681361157,0.008867190910791078,10.892625944250199,9.786149742071908
5.199999999999934,26.512720000000023,0.01076711316843093,22.04327167442722,0.012889128180115117,0.008887973078895217,10.890782447757768,9.786585405596227
5.209999999999933,26.457600000000024,0.0108186294235732,22.038993924805883,0.012845248137350163,0.008908585262704771,10.888938926875511,9.787021177075761
5.219999999999933,26.402480000000025,0.010869824384222682,22.034716351892733,0.01280147429656936,0.008929027469066042,10.887095381590479,9.787457056194508
5.229999999999933,26.347360000000027,0.010920698180844346,22.030438955419793,0.012757806401431593,0.008949299707062597,10.885251811889322,9.787893042635796
5.239999999999933,26.292240000000028,0.010971250943635935,22.026161735118844,0.012714244196010305,0.008969401986960335,10.883408217758252,9.788329136082133
5.2499999999999325,26.23712000000003,0.011021482802556493,22.021884690721187,0.012670787424519991,0.008989334319721487,10.881564599183072,9.788765336215336
5.259999999999932,26.18200000000003,0.011071393887373826,22.017607821957704,0.012627435831467748,0.009009096716812048,10.87972095614916,9.789201642716353
5.269999999999932,26.126880000000032,0.011120984327630645,22.013331128558974,0.01258418916146603,0.00902868919001254,10.877877288641542,9.78963805526538
5.279999999999932,26.071760000000033,0.011170254252560241,22.009054610255138,0.012541047159612906,0.009048111751492949,10.876033596644787,9.790074573541911
5.289999999999932,26.016640000000034,0.01121920379130037,22.004778266775894,0.012498009571032587,0.009067364413758439,10.874189880143067,9.790511197224575
5.299999999999931,25.961520000000036,0.011267833072593103,22.000502097850624,0.012455076141225041,0.009086447189616265,10.872346139120168,9.7909479259913
5.309999999999931,25.906400000000037,0.011316142225084591,21.996226103208276,0.012412246615900846,0.009105360092195314,10.870502373559445,9.791384759519136
5.319999999999931,25.85128000000004,0.011364131377097797,21.991950282577374,0.012369520741038642,0.009124103134965478,10.868658583443867,9.79182169748441
5.329999999999931,25.79616000000004,0.011411800656745241,21.9876746356861,0.01232689826283706,0.009142676331716504,10.86681476875595,9.79225873956264
5.339999999999931,25.74104000000004,0.011459150191958256,21.98339916226219,0.012284378927773565,0.0091610796964956,10.864970929477858,9.792695885428595
5.34999999999993,25.685920000000042,0.011506180110301134,21.979123862032964,0.01224196248256626,0.009179313243739717,10.86312706559133,9.793133134756152
5.35999999999993,25.630800000000043,0.011552890539225813,21.974848734725416,0.012199648674166397,0.009197376988191786,10.861283177077649,9.793570487218446
5.36999999999993,25.575680000000045,0.011599281605885192,21.970573780066047,0.012157437249841141,0.009215270944857967,10.859439263917764,9.794007942487852
5.37999999999993,25.520560000000046,0.011645353437189698,21.96629899778104,0.012115327957013977,0.009232995129115962,10.857595326092135,9.794445500235852
5.3899999999999295,25.465440000000047,0.011691106159834652,21.96202438759611,0.012073320543510457,0.009250549556644894,10.855751363580875,9.794883160133201
5.399999999999929,25.41032000000005,0.011736539900271292,21.957749949236526,0.012031414757208092,0.00926793424344674,10.853907376363637,9.79532092184978
5.409999999999929,25.35520000000005,0.011781654784628504,21.953475682427303,0.011989610346407331,0.009285149205814802,10.852063364419708,9.795758785054707
5.419999999999929,25.30008000000005,0.011826450938924815,21.94920158689286,0.011947907059595197,0.009302194460390434,10.85021932772792,9.79619674941624
5.429999999999929,25.244960000000052,0.011870928488805554,21.94492766235735,0.011906304645541987,0.009319070024105425,10.84837526626672,9.79663481460185
5.4399999999999284,25.189840000000054,0.011915087559765836,21.940653908544427,0.011864802853236434,0.009335775914266764,10.846531180014107,9.797072980278138
5.449999999999928,25.134720000000055,0.011958928276961545,21.93638032517742,0.011823401431992564,0.009352312148427244,10.844687068947712,9.797511246110954
5.459999999999928,25.079600000000056,0.012002450765395911,21.93210691197916,0.011782100131283335,0.009368678744461234,10.842842933044707,9.797949611765254
5.469999999999928,25.024480000000057,0.012045655149749979,21.927833668672097,0.011740898700916436,0.009384875720610142,10.840998772281898,9.798388076905185
5.479999999999928,24.96936000000006,0.012088541554464927,21.923560594978262,0.011699796890950409,0.009400903095413471,10.83915458663562,9.798826641194054
5.489999999999927,24.91424000000006,0.012131110103786924,21.919287690619306,0.011658794451748777,0.009416760887732245,10.837310376081826,9.799265304294337
5.499999999999927,24.85912000000006,0.012173360921602372,21.915014955316416,0.011617891133765768,0.009432449116665909,10.835466140596036,9.799704065867676
5.509999999999927,24.804000000000062,0.012215294131623589,21.91074238879034,0.011577086687919902,0.009447967801751889,10.833621880153377,9.800142925574836
5.519999999999927,24.748880000000064,0.012256909857334686,21.90646999076153,0.011536380865253881,0.009463316962786739,10.831777594728525,9.800581883075752
5.5299999999999265,24.693760000000065,0.012298208221826368,21.90219776094983,0.011495773417146748,0.009478496619872767,10.829933284295766,9.801020938029502
5.539999999999926,24.638640000000066,0.012339189348097968,21.897925699074833,0.011455264095248885,0.009493506793437356,10.82808894882896,9.80146009009434
5.549999999999926,24.583520000000068,0.012379853358774784,21.893653804855653,0.011414852651383756,0.009508347504234016,10.82624458830152,9.801899338927598
5.559999999999926,24.52840000000007,0.012420200376233481,21.889382078010932,0.011374538837727044,0.00952301877332662,10.82440020268649,9.802338684185813
5.569999999999926,24.47328000000007,0.01246023052264883,21.88511051825895,0.011334322406683861,0.009537520622084517,10.822555791956448,9.802778125524615
5.5799999999999255,24.41816000000007,0.012499943919916823,21.88083912531752,0.011294203110948975,0.009551853072232164,10.82071135608358,9.803217662598783
5.589999999999925,24.363040000000073,0.012539340689603662,21.87656789890406,0.01125418070343609,0.009566016145742262,10.818866895039648,9.803657295062223
5.599999999999925,24.307920000000074,0.012578420953067493,21.87229683873553,0.0112142549373912,0.00958000986498031,10.817022408795964,9.804097022567923
5.609999999999925,24.252800000000075,0.012617184831394512,21.86802594452852,0.01117442556626086,0.009593834252558275,10.815177897323448,9.80453684476808
5.619999999999925,24.197680000000076,0.012655632445411347,21.86375521599913,0.01113469234381903,0.009607489331447505,10.813333360592594,9.804976761313952
5.629999999999924,24.142560000000078,0.0126937639156669,21.859484652863042,0.011095055024067546,0.009620975124919828,10.811488798573457,9.805416771855889
5.639999999999924,24.08744000000008,0.012731579362389944,21.855214254835502,0.01105551336128574,0.0096342916565752,10.809644211235682,9.805856876043393
5.649999999999924,24.03232000000008,0.012769078905629838,21.850944021631335,0.011016067110056982,0.009647438950310894,10.807799598548497,9.806297073525087
5.659999999999924,23.97720000000008,0.012806262665096269,21.846673952964956,0.010976716025146882,0.009660417030329937,10.805954960480692,9.806737363948653
5.6699999999999235,23.922080000000083,0.012843130760277377,21.84240404855028,0.010937459861694643,0.00967322592120079,10.80411029700062,9.807177746960857
5.679999999999923,23.866960000000084,0.012879683310314638,21.83813430810086,0.010898298375056736,0.009685865647739156,10.802265608076235,9.807618222207674
5.689999999999923,23.811840000000085,0.012915920434156902,21.83386473132979,0.01085923132086769,0.009698336235135607,10.80042089367506,9.808058789334027
5.699999999999923,23.756720000000087,0.012951842250394918,21.829595317949632,0.010820258455065623,0.009710637708860381,10.798576153764175,9.808499447984033
5.709999999999923,23.701600000000088,0.01298744887740072,21.825326067672666,0.010781379533799151,0.009722770094720778,10.796731388310238,9.808940197800819
5.7199999999999225,23.64648000000009,0.01302274043326257,21.821056980210635,0.010742594313546572,0.009734733418798824,10.794886597279499,9.80938103842669
5.729999999999922,23.59136000000009,0.013057717035743766,21.816788055274856,0.010703902551050248,0.009746527707513997,10.793041780637752,9.809821969502927
5.739999999999922,23.53624000000009,0.013092378802353977,21.812519292576212,0.010665304003280529,0.009758152987643376,10.791196938350392,9.81026299066994
5.749999999999922,23.481120000000093,0.01312672585034702,21.80825069182512,0.010626798427581463,0.009769609286207959,10.789352070382357,9.810704101567215
5.759999999999922,23.426000000000094,0.01316075829663077,21.80398225273156,0.010588385581476623,0.009780896630567637,10.787507176698163,9.811145301833283
5.769999999999921,23.370880000000096,0.013194476257876286,21.799713975005076,0.010550065222806548,0.009792015048438019,10.785662257261924,9.81158659110571
5.779999999999921,23.315760000000097,0.013227879850450708,21.795445858354775,0.010511837109687505,0.009802964567760475,10.783817312037279,9.812027969021226
5.789999999999921,23.260640000000098,0.013260969190419913,21.791177902489288,0.010473701000510538,0.00981374521686701,10.781972340987478,9.812469435215483
5.799999999999921,23.2055200000001,0.013293744393575668,21.786910107116814,0.010435656653986547,0.009824357024376507,10.780127344075298,9.812910989323305
5.809999999999921,23.1504000000001,0.013326205575441674,21.782642471945085,0.010397703829026828,0.00983480001920034,10.778282321263125,9.813352630978454
5.81999999999992,23.095280000000102,0.013358352851180255,21.77837499668139,0.01035984228485809,0.00984507423061648,10.776437272512878,9.813794359813812
5.82999999999992,23.040160000000103,0.013390186335714094,21.774107681032575,0.010322071780993314,0.009855179688148474,10.774592197786077,9.814236175461275
5.83999999999992,22.985040000000104,0.013421706143660839,21.769840524705014,0.01028439207729498,0.009865116421695963,10.772747097043794,9.814678077551797
5.84999999999992,22.929920000000106,0.013452912389306626,21.765573527404637,0.010246802933751131,0.009874884461433753,10.770901970246637,9.815120065715304
5.8599999999999195,22.874800000000107,0.013483805186703224,21.761306688836882,0.01020930411072335,0.00988448383780599,10.769056817354848,9.815562139580855
5.869999999999919,22.81968000000011,0.013514384649565114,21.75704000870681,0.01017189536895241,0.009893914581699748,10.767211638328158,9.816004298776416
5.879999999999919,22.76456000000011,0.013544650891327115,21.752773486718937,0.010134576469247591,0.009903176724192775,10.765366433125925,9.81644654292902
5.889999999999919,22.70944000000011,0.01357460402505778,21.748507122577312,0.010097347172884852,0.009912270296687287,10.763521201707027,9.81688887166479
5.899999999999919,22.654320000000112,0.013604244163581358,21.74424091598565,0.010060207241327446,0.00992119533096919,10.761675944029943,9.817331284608716
5.909999999999918,22.599200000000113,0.01363357141942212,21.73997486664706,0.010023156436392788,0.009929951859079578,10.75983066005268,9.817773781384911
5.919999999999918,22.544080000000115,0.013662585904747393,21.73570897426425,0.009986194520085034,0.009938539913373345,10.757985349732845,9.81821636161643
5.929999999999918,22.488960000000116,0.01369128773145678,21.731443238539406,0.009949321254806465,0.009946959526511756,10.756140013027577,9.818659024925376
5.939999999999918,22.433840000000117,0.013719677011123366,21.72717765917433,0.009912536403180239,0.00995521073151684,10.754294649893582,9.819101770932793
5.949999999999918,22.37872000000012,0.013747753855034406,21.72291223587034,0.009875839728138769,0.009963293561648323,10.752449260287129,9.819544599258768
5.959999999999917,22.32360000000012,0.013775518374117002,21.71864696832824,0.009839230992889025,0.009971208050537583,10.750603844164086,9.81998750952232
5.969999999999917,22.26848000000012,0.013802970679042403,21.714381856248394,0.009802709960941736,0.009978954232086057,10.748758401479831,9.820430501341503
5.979999999999917,22.213360000000122,0.01383011088011138,21.71011689933065,0.009766276396067086,0.00998653214051387,10.74691293218932,9.820873574333314
5.989999999999917,22.158240000000124,0.013856939087306785,21.705852097274455,0.009729930062377545,0.009993941810358176,10.745067436247068,9.821316728113723
5.9999999999999165,22.103120000000125,0.013883455410389378,21.701587449778714,0.009693670724261472,0.010001183276490466,10.74322191360714,9.821759962297696
6.009999999999916,22.048000000000126,0.013909659958626253,21.697322956541953,0.009657498146359744,0.01000825657401505,10.74137636422321,9.822203276499152
6.019999999999916,21.992880000000127,0.01393555284111836,21.69305861726207,0.009621412093622161,0.010015161738444855,10.739530788048409,9.82264667033094
6.029999999999916,21.93776000000013,0.013961134166630584,21.688794431636612,0.009585412331331367,0.010021898805522789,10.73768518503555,9.823090143404906
6.039999999999916,21.88264000000013,0.01398640404345819,21.68453039936259,0.009549498625019692,0.010028467811328323,10.7358395551369,9.823533695331841
6.0499999999999154,21.82752000000013,0.014011362579741504,21.68026652013656,0.009513670740508962,0.010034868792246132,10.73399389830435,9.82397732572145
6.059999999999915,21.772400000000133,0.014036009883197087,21.676002793654543,0.009477928443965833,0.010041101784978024,10.732148214489307,9.82442103418244
6.069999999999915,21.717280000000134,0.014060346061245232,21.671739219612157,0.009442271501781174,0.010047166826528342,10.73030250364275,9.82486482032236
6.079999999999915,21.662160000000135,0.014084371220949798,21.667475797704487,0.009406699680733155,0.010053063954194807,10.728456765715213,9.825308683747798
6.089999999999915,21.607040000000136,0.014108085469098697,21.663212527626122,0.009371212747803503,0.010058793205616534,10.726611000656803,9.825752624064195
6.099999999999914,21.551920000000138,0.014131488912033585,21.658949409071212,0.009335810470287031,0.010064354618728566,10.724765208417132,9.826196640875937
6.109999999999914,21.49680000000014,0.014154581655901999,21.654686441733315,0.009300492615870015,0.010069748231711806,10.722919388945424,9.82664073378638
6.119999999999914,21.44168000000014,0.01417736380637713,21.650423625305656,0.009265258952386501,0.010074974083151944,10.721073542190425,9.82708490239768
6.129999999999914,21.38656000000014,0.014199835468902633,21.646160959480824,0.009230109248117124,0.010080032211855328,10.719227668100427,9.827529146311027
6.1399999999999135,21.331440000000143,0.014221996748503718,21.641898443950954,0.009195043271537529,0.010084922656998896,10.717381766623294,9.827973465126416
6.149999999999913,21.276320000000144,0.014243847749918714,21.63763607840777,0.00916006079147097,0.01008964545803559,10.715535837706458,9.828417858442798
6.159999999999913,21.221200000000145,0.014265388577485938,21.6333738625424,0.0091251615770363,0.01009420065469474,10.713689881296839,9.828862325858024
6.169999999999913,21.166080000000147,0.014286619335236062,21.62911179604548,0.00909034539765613,0.010098588287046961,10.711843897340987,9.829306866968802
6.179999999999913,21.110960000000148,0.014307540126890839,21.624849878607243,0.009055612023015858,0.010102808395508422,10.709997885784942,9.829751481370721
6.1899999999999125,21.05584000000015,0.014328151055714167,21.620588109917286,0.009020961223146662,0.010106861020705293,10.708151846574328,9.830196168658286
6.199999999999912,21.00072000000015,0.014348452224694275,21.6163264896648,0.008986392768431273,0.010110746203647936,10.706305779654311,9.830640928424847
6.209999999999912,20.94560000000015,0.014368443736451963,21.61206501753847,0.008951906429396916,0.010114463985580746,10.704459684969608,9.831085760262638
6.219999999999912,20.890480000000153,0.014388125693260867,21.607803693226433,0.008917501977059594,0.01011801440813459,10.702613562464471,9.831530663762756
6.229999999999912,20.835360000000154,0.014407498197027135,21.603542516416397,0.008883179182584022,0.010121397513117913,10.700767412082735,9.831975638515168
6.239999999999911,20.780240000000155,0.014426561349285938,21.599281486795412,0.00884893781756535,0.01012461334280862,10.69892123376772,9.832420684108666
6.249999999999911,20.725120000000157,0.01444531525125664,21.59502060405016,0.008814777653845585,0.010127661939651256,10.697075027462377,9.832865800130913
6.259999999999911,20.670000000000158,0.014463760003714687,21.59075986786679,0.008780698463578318,0.010130543346475507,10.695228793109122,9.833310986168371
6.269999999999911,20.61488000000016,0.014481895707141978,21.58649927793092,0.008746700019209686,0.010133257606345536,10.693382530649984,9.833756241806466
6.2799999999999105,20.55976000000016,0.014499722461674913,21.582238833927597,0.008712782093536597,0.01013580476265169,10.691536240026497,9.834201566629343
6.28999999999991,20.504640000000162,0.014517240366986095,21.57797853554149,0.008678944459654392,0.01013818485912893,10.689689921179767,9.834646960219949
6.29999999999991,20.449520000000163,0.01453444952247035,21.573718382456647,0.008645186890914203,0.010140397939734591,10.68784357405042,9.835092422160201
6.30999999999991,20.394400000000164,0.014551350027118382,21.56945837435661,0.008611509161010056,0.01014244404881004,10.68599719857865,9.835537952030666
6.31999999999991,20.339280000000166,0.014567941979509613,21.565198510924454,0.008577911044016728,0.010144323230947327,10.68415079470417,9.83598354941082
6.3299999999999095,20.284160000000167,0.014584225477920931,21.56093879184265,0.008544392314236482,0.01014603553102178,10.68230436236627,9.836429213878972
6.339999999999909,20.229040000000168,0.014600200620179471,21.55667921679322,0.008510952746257516,0.010147580994226246,10.680457901503761,9.836874945012154
6.349999999999909,20.17392000000017,0.014615867503822821,21.552419785457662,0.00847759211507193,0.010148959666098023,10.678611412055,9.837320742386225
6.359999999999909,20.11880000000017,0.014631226225897298,21.54816049751693,0.008444310195955262,0.01015017159240883,10.67676489395787,9.83776660557583
6.369999999999909,20.063680000000172,0.01464627688315534,21.543901352651435,0.00841110676446799,0.010151216819244913,10.674918347149845,9.83821253415444
6.379999999999908,20.008560000000173,0.014661019571954481,21.539642350541076,0.008377981596510486,0.010152095393027694,10.673071771567885,9.838658527694225
6.389999999999908,19.953440000000175,0.01467545438822826,21.535383490865218,0.008344934468257237,0.01015280736042029,10.671225167148542,9.839104585766194
6.399999999999908,19.898320000000176,0.01468958142749982,21.53112477330273,0.008311965156270584,0.010153352768400847,10.669378533827855,9.839550707940122
6.409999999999908,19.843200000000177,0.014703400784967458,21.52686619753195,0.00827907343737766,0.010153731664261367,10.667531871541442,9.839996893784516
6.419999999999908,19.78808000000018,0.014716912555458816,21.522607763230575,0.008246259088731389,0.010153944095623868,10.665685180224457,9.840443142866613
6.429999999999907,19.73296000000018,0.014730116833280626,21.518349470075897,0.008213521887852293,0.0101539901102905,10.663838459811583,9.840889454752505
6.439999999999907,19.67784000000018,0.014743013712486874,21.514091317744615,0.008180861612467893,0.01015386975649163,10.661991710237032,9.84133582900692
6.449999999999907,19.622720000000182,0.014755603286648211,21.509833305912917,0.008148278040732981,0.010153583082625539,10.660144931434578,9.841782265193377
6.459999999999907,19.567600000000184,0.014767885648923895,21.50557543425642,0.008115770951093504,0.010153130137512567,10.65829812333752,9.842228762874102
6.4699999999999065,19.512480000000185,0.014779860892146834,21.501317702450223,0.008083340122296612,0.01015251097018477,10.6564512858787,9.842675321610095
6.479999999999906,19.457360000000186,0.014791529108647283,21.49706011016886,0.008050985333383776,0.010151725629950814,10.65460441899049,9.843121940961034
6.489999999999906,19.402240000000187,0.014802890390482826,21.49280265708633,0.008018706363821959,0.010150774166512277,10.652757522604793,9.843568620485303
6.499999999999906,19.34712000000019,0.014813944829155101,21.488545342876108,0.007986502993297673,0.010149656629757309,10.650910596653073,9.844015359740046
6.509999999999906,19.29200000000019,0.01482469251584051,21.48428816721112,0.007954375001856862,0.010148373069931715,10.649063641066306,9.844462158281042
6.519999999999905,19.23688000000019,0.014835133541289625,21.48003112976373,0.007922322169874041,0.0101469235375371,10.647216655775004,9.844909015662825
6.529999999999905,19.181760000000192,0.01484526799585062,21.475774230205722,0.007890344278021377,0.0101453080833796,10.645369640709237,9.845355931438608
6.539999999999905,19.126640000000194,0.014855095969409149,21.471517468208393,0.007858441107400693,0.010143526758575105,10.643522595798569,9.845802905160259
6.549999999999905,19.071520000000195,0.014864617551479054,21.467260843442425,0.00782661243929117,0.010141579614484864,10.641675520972145,9.846249936378351
6.559999999999905,19.016400000000196,0.014873832831129419,21.463004355577972,0.007794858055344689,0.010139466702797195,10.6398284161586,9.846697024642111
6.569999999999904,18.961280000000198,0.014882741896993679,21.45874800428465,0.0077631777376442335,0.010137188075479586,10.637981281286145,9.84714416949945
6.579999999999904,18.9061600000002,0.01489134483733423,21.45449178923153,0.007731571268472293,0.010134743784796563,10.63613411628247,9.847591370496895
6.589999999999904,18.8510400000002,0.014899641739931191,21.45023571008703,0.007700038430491274,0.010132133883264227,10.634286921074839,9.848038627179708
6.599999999999904,18.7959200000002,0.01490763269215678,21.445979766519137,0.007668579006724685,0.010129358423751456,10.632439695590035,9.848485939091683
6.6099999999999035,18.740800000000203,0.014915317780921256,21.441723958195162,0.007637192780438284,0.010126417459326575,10.63059243975437,9.848933305775397
6.619999999999903,18.685680000000204,0.014922697092751291,21.437468284781914,0.007605879535327764,0.010123311043457817,10.628745153493695,9.849380726771875
6.629999999999903,18.630560000000205,0.01492977071372853,21.433212745945625,0.007574639055361931,0.010120039229769895,10.626897836733377,9.849828201620976
6.639999999999903,18.575440000000206,0.014936538729445947,21.42895734135193,0.007543471124878576,0.010116602072283376,10.625050489398324,9.850275729860993
6.649999999999903,18.520320000000208,0.01494300122510489,21.424702070665973,0.00751237552846018,0.01011299962525053,10.623203111412954,9.850723311028922
6.659999999999902,18.46520000000021,0.014949158285435304,21.420446933552256,0.007481352051207868,0.010109231943212948,10.621355702701255,9.85117094466038
6.669999999999902,18.41008000000021,0.014955009994767898,21.41619192967467,0.007450400478342445,0.010105299081000996,10.619508263186688,9.851618630289558
6.679999999999902,18.35496000000021,0.014960556436927952,21.411937058696694,0.007419520595515594,0.010101201093722367,10.61766079279228,9.852066367449183
6.689999999999902,18.299840000000213,0.014965797695292937,21.407682320281026,0.0073887121888081,0.01009693803678352,10.615813291440585,9.8525141556707
6.699999999999902,18.244720000000214,0.014970733852856744,21.403427714089947,0.007357975044444187,0.010092509965872076,10.613965759053658,9.852961994483973
6.709999999999901,18.189600000000215,0.014975364992082463,21.399173239785064,0.007327308949157341,0.010087916936913577,10.6121181955531,9.85340988341758
6.719999999999901,18.134480000000217,0.014979691195004252,21.394918897027438,0.007296713689922907,0.010083159006174791,10.610270600860044,9.85385782199857
6.729999999999901,18.079360000000218,0.01498371254320513,21.390664685477606,0.007266189054103922,0.010078236230199378,10.608422974895118,9.854305809752539
6.739999999999901,18.02424000000022,0.014987429117801487,21.386410604795376,0.007235734829377338,0.010073148665732057,10.606575317578516,9.85475384620375
6.7499999999999005,17.96912000000022,0.01499084099942355,21.382156654640145,0.007205350803716759,0.010067896369875373,10.604727628829934,9.855201930874893
6.7599999999999,17.91400000000022,0.014993948268294588,21.377902834670543,0.007175036765567522,0.010062479399996938,10.602879908568575,9.855650063287218
6.7699999999999,17.858880000000223,0.014996751004097697,21.373649144544757,0.007144792503591235,0.010056897813753074,10.60103215671319,9.856098242960538
6.7799999999999,17.803760000000224,0.01499924928607188,21.36939558392034,0.0071146178068206,0.01005115166903009,10.599184373182053,9.856546469413129
6.7899999999999,17.748640000000226,0.015001443192999675,21.365142152454176,0.007084512464674564,0.010045241024022988,10.597336557892959,9.856994742161843
6.7999999999998995,17.693520000000227,0.015003332803124714,21.360888849802663,0.007054476266881271,0.010039165937211714,10.595488710763197,9.85744306072199
6.809999999999899,17.638400000000228,0.015004918194326089,21.35663567562154,0.0070245090035562785,0.010032926467341885,10.593640831709626,9.857891424607377
6.819999999999899,17.58328000000023,0.01500619944391618,21.352382629565977,0.006994610465075879,0.01002652267339288,10.591792920648581,9.858339833330394
6.829999999999899,17.52816000000023,0.01500717662876061,21.348129711290532,0.006964780442210883,0.010019954614690019,10.58994497749595,9.85878828640178
6.839999999999899,17.473040000000232,0.015007849825145858,21.34387692044913,0.0069350187261572604,0.010013222350790718,10.588097002167125,9.859236783330822
6.849999999999898,17.417920000000233,0.01500821910897887,21.339624256695135,0.006905325108277016,0.010006325941527672,10.586248994577012,9.85968532362526
6.859999999999898,17.362800000000234,0.015008284555684037,21.335371719681316,0.006875699380485212,0.009999265447021732,10.58440095464006,9.860133906791319
6.869999999999898,17.307680000000236,0.015008046240126027,21.331119309059805,0.006846141334878153,0.009992040927644441,10.58255288227022,9.86058253233363
6.879999999999898,17.252560000000237,0.015007504236661084,21.326867024482144,0.0068166507640344265,0.009984652444035513,10.580704777380951,9.861031199755313
6.8899999999998975,17.19744000000024,0.015006658619201363,21.322614865599235,0.006787227460783973,0.009977100057156463,10.578856639885245,9.861479908557843
6.899999999999897,17.14232000000024,0.01500550946113538,21.318362832061354,0.006757871218348088,0.00996938382813567,10.57700846969562,9.861928658241274
6.909999999999897,17.08720000000024,0.015004056835371149,21.314110923518243,0.0067285818303213785,0.009961503818496587,10.575160266724092,9.862377448303892
6.919999999999897,17.032080000000242,0.015002300814207059,21.30985913961895,0.006699359090599655,0.009953460089924038,10.573312030882203,9.862826278242563
6.929999999999897,16.976960000000243,0.015000241469586229,21.305607480011965,0.0066702027934756325,0.009945252704419927,10.571463762081004,9.86327514755246
6.9399999999998965,16.921840000000245,0.014997878872836767,21.30135594434511,0.006641112733618448,0.009936881724242064,10.56961546023107,9.863724055727161
6.949999999999896,16.866720000000246,0.014995213094803506,21.297104532265593,0.006612088705977959,0.009928347211939637,10.567767125242487,9.864173002258674
6.959999999999896,16.811600000000247,0.014992244205791372,21.29285324342002,0.006583130505925294,0.00991964923026234,10.565918757024852,9.86462198663733
6.969999999999896,16.75648000000025,0.014988972275632062,21.28860207745432,0.006554237929159268,0.009910787842286106,10.564070355487278,9.865071008351894
6.979999999999896,16.70136000000025,0.014985397373537435,21.284351034013945,0.006525410771746232,0.009901763111305917,10.562221920538402,9.865520066889431
6.989999999999895,16.64624000000025,0.01498151956832211,21.28010011274346,0.006496648830099372,0.009892575100932333,10.560373452086365,9.865969161735396
6.999999999999895,16.591120000000252,0.014977338928196526,21.27584931328706,0.0064679519010064634,0.009883223874994629,10.558524950038816,9.866418292373552
7.009999999999895,16.536000000000254,0.01497285552081834,21.271598635288143,0.006439319781617658,0.009873709497572492,10.55667641430292,9.866867458286066
7.019999999999895,16.480880000000255,0.014968069413367868,21.26734807838953,0.006410752269430164,0.009864032033063075,10.554827844785354,9.867316658953357
7.0299999999998946,16.425760000000256,0.014962980672473314,21.263097642233426,0.006382249162312392,0.009854191546045943,10.55297924139231,9.867765893854221
7.039999999999894,16.370640000000257,0.014957589364176904,21.25884732646129,0.006353810258488912,0.009844188101403806,10.551130604029492,9.86821516246576
7.049999999999894,16.31552000000026,0.014951895554031647,21.254597130714107,0.006325435356573317,0.009834021764289047,10.549281932602105,9.868664464263299
7.059999999999894,16.26040000000026,0.014945899307038435,21.250347054632073,0.006297124255473074,0.009823692600075928,10.547433227014876,9.86911379872055
7.069999999999894,16.20528000000026,0.01493960068762823,21.246097097854815,0.006268876754602637,0.009813200674439193,10.545584487172027,9.869563165309472
7.0799999999998935,16.150160000000263,0.014932999759677101,21.241847260021316,0.006240692653560698,0.009802546053241434,10.54373571297729,9.870012563500309
7.089999999999893,16.095040000000264,0.014926096586524606,21.237597540769887,0.0062125717524558755,0.009791728802656163,10.541886904333925,9.870461992761513
7.099999999999893,16.039920000000265,0.014918891230959574,21.233347939738156,0.0061845138517026554,0.009780748989098087,10.540038061144681,9.870911452559877
7.109999999999893,15.984800000000265,0.014911383755178365,21.229098456563186,0.006156518752078177,0.009769606679204623,10.53818918331182,9.871360942360388
7.119999999999893,15.929680000000264,0.014903574220838212,21.22484909088131,0.006128586254751323,0.009758301939881975,10.536340270737108,9.871810461626309
7.129999999999892,15.874560000000264,0.014895462689037742,21.220599842328234,0.00610071616129837,0.009746834838301688,10.534491323321834,9.87226000981907
7.139999999999892,15.819440000000263,0.014887049220275672,21.216350710538972,0.006072908273561717,0.009735205441885164,10.532642340966763,9.872709586398347
7.149999999999892,15.764320000000263,0.014878333874503491,21.212101695147958,0.0060451623938776455,0.009723413818271132,10.530793323572185,9.873159190822076
7.159999999999892,15.709200000000262,0.014869316711074776,21.207852795788924,0.0060174783248459485,0.00971146003536244,10.528944271037897,9.873608822546316
7.169999999999892,15.654080000000262,0.014859997788820689,21.203604012094846,0.005989855869533711,0.009699344161297863,10.527095183263194,9.874058481025363
7.179999999999891,15.598960000000261,0.014850377165892159,21.199355343698212,0.005962294831320769,0.009687066264512767,10.525246060146877,9.874508165711621
7.189999999999891,15.54384000000026,0.014840454899952338,21.19510679023065,0.005934795013984473,0.009674626413579746,10.523396901587258,9.87495787605582
7.199999999999891,15.48872000000026,0.014830231048021059,21.190858351323275,0.005907356221643401,0.00966202467742866,10.521547707482133,9.875407611506663
7.209999999999891,15.43360000000026,0.014819705666519356,21.186610026606488,0.005879978258921559,0.009649261125189157,10.519698477728824,9.875857371511119
7.2199999999998905,15.378480000000259,0.014808878811333304,21.182361815709918,0.005852660930611486,0.009636335826181397,10.517849212224133,9.876307155514294
7.22999999999989,15.323360000000259,0.014797750537685839,21.178113718262622,0.005825404042106297,0.009623248850067823,10.51599991086438,9.876756962959325
7.23999999999989,15.268240000000258,0.014786320900250227,21.173865733893,0.005798207398989341,0.009610000266638441,10.514150573545384,9.877206793287616
7.24999999999989,15.213120000000258,0.014774589953034545,21.1696178622287,0.005771070807368994,0.009596590146000006,10.512301200162446,9.877656645938563
7.25999999999989,15.158000000000257,0.014762557749552319,21.16537010289663,0.005743994073639902,0.009583018558475875,10.510451790610407,9.87810652034971
7.269999999999889,15.102880000000257,0.014750224342558682,21.161122455523202,0.005716977004628976,0.009569285574567488,10.508602344783565,9.8785564159567
7.279999999999889,15.047760000000256,0.014737589784324212,21.15687491973396,0.0056900194075332755,0.009555391265127278,10.506752862575759,9.87900633219321
7.289999999999889,14.992640000000256,0.014724654126391623,21.152627495153876,0.005663121089944656,0.009541335701143239,10.50490334388028,9.879456268491047
7.299999999999889,14.937520000000255,0.014711417419782935,21.14838018140715,0.005636281859795811,0.009527118953901681,10.503053788589954,9.87990622427996
7.309999999999889,14.882400000000255,0.014697879714831219,21.14413297811733,0.00560950152548878,0.009512741094859611,10.50120419659708,9.880356198987908
7.319999999999888,14.827280000000254,0.014684041061288233,21.13988588490726,0.005582779895736856,0.009498202195727057,10.49935456779348,9.880806192040765
7.329999999999888,14.772160000000254,0.01466990150821873,21.135638901399144,0.005556116779683318,0.009483502328447801,10.497504902070473,9.881256202862478
7.339999999999888,14.717040000000253,0.014655461104109313,21.131392027214293,0.00552951198683721,0.009468641565197056,10.49565519931883,9.881706230874986
7.349999999999888,14.661920000000253,0.014640719896801324,21.127145261973602,0.005502965327103204,0.009453619978371353,10.493805459428872,9.882156275498236
7.3599999999998875,14.606800000000252,0.014625677933440107,21.122898605297024,0.0054764766108068574,0.009438437640609976,10.491955682290387,9.882606336150163
7.369999999999887,14.551680000000252,0.01461033526059996,21.118652056803956,0.005450045648605628,0.009423094624713357,10.49010586779268,9.883056412246717
7.379999999999887,14.496560000000251,0.014594691924155634,21.114405616112947,0.005423672251612166,0.009407591003816662,10.488256015824508,9.883506503201748
7.389999999999887,14.44144000000025,0.01457874796936559,21.110159282842005,0.00539735623132559,0.009391926851155974,10.486406126274174,9.883956608427127
7.399999999999887,14.38632000000025,0.014562503440837982,21.105913056608255,0.0053710973995717,0.009376102240264195,10.48455619902943,9.884406727332637
7.4099999999998865,14.33120000000025,0.0145459583824597,21.101666937028252,0.005344895568682784,0.009360117244869737,10.482706233977561,9.884856859326026
7.419999999999886,14.276080000000249,0.01452911283753927,21.09742092371772,0.005318750551252971,0.009343971938904627,10.480856231005312,9.885307003812956
7.429999999999886,14.220960000000249,0.01451196684864886,21.093175016291703,0.005292662160394923,0.009327666396577172,10.479006189998948,9.885757160196908
7.439999999999886,14.165840000000248,0.014494520457768112,21.088929214364576,0.005266630209583512,0.009311200692194987,10.477156110844192,9.886207327879465
7.449999999999886,14.110720000000248,0.014476773706093349,21.084683517549934,0.005240654512661591,0.009294574900404973,10.475305993426296,9.886657506259878
7.459999999999885,14.055600000000247,0.014458726634315244,21.080437925460636,0.00521473488391111,0.009277789096006739,10.473455837629976,9.88710769473543
7.469999999999885,14.000480000000247,0.01444037928222558,21.07619243770881,0.005188871137967899,0.009260843353975867,10.471605643339448,9.887557892701196
7.479999999999885,13.945360000000246,0.014421731689102935,21.071947053905937,0.005163063089968167,0.009243737749599246,10.469755410438413,9.888008099550087
7.489999999999885,13.890240000000246,0.01440278389351296,21.0677017736627,0.005137310555311858,0.00922647235826679,10.46790513881007,9.888458314672922
7.4999999999998845,13.835120000000245,0.014383535933285063,21.06345659658901,0.005111613349955246,0.009209047255618663,10.466054828337102,9.888908537458285
7.509999999999884,13.780000000000244,0.014363987845535164,21.059211522294095,0.00508597129009708,0.0091914625175184,10.464204478901685,9.889358767292604
7.519999999999884,13.724880000000244,0.014344139666759237,21.05496655038643,0.00506038419249516,0.009173718220012839,10.462354090385476,9.889809003560103
7.529999999999884,13.669760000000243,0.014323991432688143,21.050721680473778,0.0050348518742519555,0.009155814439342658,10.46050366266963,9.890259245642783
7.539999999999884,13.614640000000243,0.014303543178369627,21.046476912163094,0.005009374152850465,0.009137751251982573,10.45865319563477,9.890709492920438
7.5499999999998835,13.559520000000242,0.01428279493815049,21.042232245060585,0.00498395084622566,0.009119528734554683,10.456802689161016,9.891159744770636
7.559999999999883,13.504400000000242,0.014261746745655945,21.03798767877181,0.004958581772708859,0.009101146963931273,10.454952143127997,9.891610000568651
7.569999999999883,13.449280000000241,0.014240398633763529,21.033743212901484,0.004933266751025511,0.009082606017157713,10.453101557414776,9.89206025968753
7.579999999999883,13.394160000000241,0.014218750634676647,21.02949884705358,0.0049080056003751316,0.009063905971482378,10.451250931899946,9.892510521498039
7.589999999999883,13.33904000000024,0.014196802779861462,21.025254580831337,0.004882798140272593,0.009045046904282983,10.449400266461588,9.892960785368734
7.599999999999882,13.28392000000024,0.014174555100011144,21.021010413837203,0.0048576441907340895,0.009026028893286686,10.447549560977222,9.89341105066563
7.609999999999882,13.22880000000024,0.014152007625164387,21.016766345672966,0.00483254357217483,0.009006852016237854,10.445698815323892,9.893861316752707
7.619999999999882,13.173680000000239,0.014129160384552086,21.01252237593946,0.004807496105405262,0.008987516351176117,10.443848029378103,9.894311582991467
7.629999999999882,13.118560000000238,0.014106013406702811,21.00827850423693,0.0047825016116699315,0.008968021976263119,10.441997203015879,9.89476184874109
7.6399999999998816,13.063440000000238,0.01408256671935526,21.00403473016479,0.004757559912605125,0.008948368969903864,10.440146336112663,9.895212113358399
7.649999999999881,13.008320000000237,0.014058820349581003,20.99979105332168,0.004732670830317975,0.008928557410671778,10.43829542854343,9.895662376197892
7.659999999999881,12.953200000000237,0.014034774323596788,20.995547473305436,0.0047078341872965335,0.008908587377267296,10.43644448018264,9.896112636611626
7.669999999999881,12.898080000000236,0.014010428666954067,20.991303989713163,0.00468304980646389,0.008888458948669853,10.434593490904199,9.896562893949255
7.679999999999881,12.842960000000236,0.013985783404355245,20.98706060214118,0.0046583175111968855,0.008868172203915337,10.432742460581514,9.897013147558116
7.6899999999998805,12.787840000000235,0.013960838559807232,20.982817310185037,0.004633637125210477,0.008847727222363766,10.43089138908747,9.89746339678296
7.69999999999988,12.732720000000235,0.0139355941565385,20.978574113439446,0.004609008472780174,0.00882712408341374,10.42904027629444,9.897913640966287
7.70999999999988,12.677600000000234,0.013910050216934311,20.9743310114984,0.004584431378487797,0.008806362866738249,10.427189122074253,9.898363879447956
7.71999999999988,12.622480000000234,0.013884206762694196,20.97008800395507,0.004559905667397057,0.008785443652100544,10.425337926298235,9.898814111565503
7.72999999999988,12.567360000000233,0.013858063814664645,20.965845090401842,0.004535431164980064,0.008764366519479372,10.42348668883719,9.89926433665391
7.739999999999879,12.512240000000233,0.013831621392962457,20.9616022704303,0.004511007697184821,0.008743131549026506,10.421635409561404,9.899714554045646
7.749999999999879,12.457120000000232,0.013804879516846169,20.957359543631277,0.004486635090336033,0.008721738821029112,10.419784088340613,9.900164763070736
7.759999999999879,12.402000000000232,0.013777838204796833,20.95311690959469,0.004462313171229748,0.008700188415961152,10.417932725044055,9.900614963056594
7.769999999999879,12.346880000000231,0.013750497474571022,20.948874367909852,0.004438041767077017,0.008678480414484824,10.416081319540437,9.901065153328123
7.779999999999879,12.291760000000231,0.013722857343030803,20.94463191816504,0.004413820705554683,0.008656614897349868,10.414229871697952,9.901515333207694
7.789999999999878,12.23664000000023,0.013694917826247377,20.940389559947935,0.004389649814688534,0.008634591945537173,10.412378381384249,9.901965502015067
7.799999999999878,12.18152000000023,0.013666678939474819,20.93614729284529,0.004365528923086448,0.008612411640137263,10.410526848466471,9.902415659067447
7.809999999999878,12.12640000000023,0.013638140697167234,20.931905116443065,0.004341457859635467,0.008590074062417186,10.408675272811216,9.902865803679338
7.819999999999878,12.071280000000229,0.013609303112998572,20.927663030326435,0.004317436453784185,0.008567579293785155,10.40682365428456,9.903315935162794
7.8299999999998775,12.016160000000228,0.01358016619969249,20.923421034079706,0.004293464535383706,0.008544927415847392,10.404971992752088,9.903766052827041
7.839999999999877,11.961040000000228,0.013550729969273867,20.919179127286434,0.004269541934704135,0.008522118510253474,10.403120288078798,9.90421615597881
7.849999999999877,11.905920000000227,0.013520994432820233,20.914937309529346,0.004245668482512621,0.008499152658898057,10.401268540129198,9.904666243922058
7.859999999999877,11.850800000000227,0.013490959600648389,20.91069558039026,0.0042218440099855425,0.008476029943797536,10.399416748767262,9.905116315958095
7.869999999999877,11.795680000000226,0.013460625482184685,20.906453939450294,0.004198068348683026,0.00845275044709326,10.397564913856442,9.905566371385513
7.879999999999876,11.740560000000226,0.013429992086033238,20.902212386289605,0.004174341330749287,0.00842931425105553,10.395713035259666,9.906016409500209
7.889999999999876,11.685440000000225,0.013399059419887616,20.897970920487595,0.004150662788669823,0.008405721438131897,10.393861112839282,9.906466429595358
7.899999999999876,11.630320000000225,0.013367827490672557,20.893729541622843,0.004127032555442722,0.008381972090864498,10.39200914645717,9.906916430961308
7.909999999999876,11.575200000000224,0.013336296304342132,20.889488249273082,0.004103450464456426,0.008358066291972499,10.390157135974668,9.907366412885715
7.919999999999876,11.520080000000224,0.01330446586606543,20.88524704301516,0.004079916349624291,0.008334004124277594,10.388305081252556,9.9078163746534
7.929999999999875,11.464960000000223,0.013272336180093158,20.881005922425153,0.004056430045249693,0.008309785670724934,10.386452982151113,9.908266315546422
7.939999999999875,11.409840000000223,0.013239907249807503,20.87676488707821,0.004032991386112905,0.0082854110144025,10.384600838530044,9.908716234843995
7.949999999999875,11.354720000000222,0.013207179077725895,20.872523936548692,0.004009600207482866,0.008260880238517232,10.382748650248582,9.909166131822493
7.959999999999875,11.299600000000222,0.013174151665369782,20.86828307041009,0.003986256345018424,0.008236193426426897,10.380896417165376,9.90961600575541
7.9699999999998745,11.244480000000221,0.013140825013530977,20.86404228823506,0.0039629596349019525,0.008211350661537165,10.379044139138582,9.910065855913407
7.979999999999874,11.189360000000221,0.013107199121982271,20.859801589595378,0.0039397099137548075,0.008186352027430344,10.377191816025782,9.910515681564283
7.989999999999874,11.13424000000022,0.013073273989663348,20.855560974062,0.003916507018659587,0.0081611976078379,10.375339447684045,9.910965481972791
7.999999999999874,11.07912000000022,0.013039049614532006,20.85132044120495,0.0038933507871465323,0.008135887486498683,10.37348703396992,9.911415256400945
8.009999999999874,11.02400000000022,0.013004525993700111,20.847079990593397,0.0038702410571987977,0.008110421747353491,10.371634574739401,9.91186500410766
8.019999999999873,10.968880000000219,0.012969703123275111,20.842839621795736,0.003847177667320345,0.008084800474388532,10.369782069847956,9.912314724348951
8.029999999999873,10.913760000000218,0.012934580998549938,20.83859933437944,0.0038241604564275833,0.008059023751763539,10.367929519150499,9.912764416377867
8.039999999999873,10.858640000000218,0.01289915961378485,20.83435912791105,0.003801189263944349,0.008033091663672443,10.36607692250145,9.913214079444373
8.049999999999873,10.803520000000217,0.012863438962379403,20.830119001956316,0.0037782639297399,0.008007004294462994,10.364224279754634,9.913663712795506
8.059999999999873,10.748400000000217,0.012827419036695542,20.825878956080068,0.0037553842941488447,0.007980761728531682,10.362371590763399,9.914113315675252
8.069999999999872,10.693280000000216,0.012791099828286301,20.821638989846242,0.0037325501980167153,0.007954364050399731,10.360518855380503,9.914562887324461
8.079999999999872,10.638160000000216,0.012754481327633571,20.817399102817987,0.0037097614826080982,0.00792781134471382,10.358666073458213,9.915012426980969
8.089999999999872,10.583040000000215,0.012717563524313913,20.813159294557366,0.0036870179897005584,0.00790110369613134,10.356813244848217,9.915461933879506
8.099999999999872,10.527920000000215,0.012680346406943488,20.80891956462577,0.0036643195615275737,0.007874241189456066,10.35496036940169,9.915911407251674
8.109999999999872,10.472800000000214,0.012642829963145197,20.80467991258356,0.0036416660408105095,0.007847223909544898,10.353107446969272,9.916360846325949
8.119999999999871,10.417680000000214,0.012605014179587704,20.800440337990263,0.0036190572707811564,0.007820051941386241,10.351254477401028,9.916810250327629
8.129999999999871,10.362560000000213,0.012566899041964896,20.7962008404045,0.0035964930950622698,0.007792725369981879,10.349401460546519,9.917259618478825
8.139999999999871,10.307440000000213,0.012528484534932882,20.79196141938398,0.0035739733578435406,0.0077652442804571065,10.347548396254762,9.91770894999849
8.14999999999987,10.252320000000212,0.0124897706422738,20.787722074485465,0.003551497903803602,0.007737608757974135,10.345695284374209,9.918158244102347
8.15999999999987,10.197200000000212,0.01245075734662604,20.783482805264928,0.0035290665780318697,0.007709818887809861,10.343842124752804,9.918607500002821
8.16999999999987,10.142080000000211,0.0124114446297377,20.779243611277252,0.0035066792261559954,0.007681874755270213,10.341988917237915,9.919056716909193
8.17999999999987,10.08696000000021,0.012371832472287236,20.77500449207666,0.0034843356942667603,0.007653776445740668,10.340135661676392,9.919505894027324
8.18999999999987,10.03184000000021,0.012331920853974998,20.770765447216203,0.0034620358289608744,0.00762552404465161,10.338282357914533,9.919955030559866
8.19999999999987,9.97672000000021,0.01229170975350058,20.766526476248163,0.0034397794773641244,0.007597117637520523,10.336429005798099,9.92040412570617
8.20999999999987,9.92160000000021,0.012251199148453962,20.76228757872384,0.003417566486956458,0.007568557309915069,10.334575605172311,9.920853178662096
8.21999999999987,9.866480000000209,0.01221038901547511,20.758048754193645,0.003395396705930087,0.007539843147427283,10.332722155881822,9.921302188620336
8.229999999999869,9.811360000000208,0.012169279330134675,20.753810002207057,0.0033732699827593304,0.007510975235719863,10.330868657770768,9.92175115477
8.239999999999869,9.756240000000208,0.012127870066997726,20.7495713223126,0.003351186166527298,0.007481953660507079,10.329015110682734,9.922200076296942
8.249999999999869,9.701120000000207,0.012086161199498846,20.745332714057884,0.003329145106798992,0.00745277850756082,10.327161514460748,9.922648952383433
8.259999999999868,9.646000000000207,0.012044152700090627,20.741094176989563,0.003307146653593551,0.007423449862647757,10.325307868947295,9.923097782208426
8.269999999999868,9.590880000000206,0.01200184454013653,20.736855710653405,0.0032851906575419587,0.007393967811580637,10.323454173984352,9.923546564947362
8.279999999999868,9.535760000000206,0.011959236689966901,20.732617314594165,0.0032632769696233077,0.007364332440248367,10.321600429413282,9.923995299772075
8.289999999999868,9.480640000000205,0.011916329118766666,20.72837898835568,0.003241405441466838,0.007334543834531193,10.319746635074953,9.924443985851031
8.299999999999867,9.425520000000205,0.011873121794706953,20.724140731480876,0.0032195759251129608,0.007304602080306977,10.31789279080967,9.92489262234902
8.309999999999867,9.370400000000204,0.01182961468486693,20.719902543511704,0.0031977882731258345,0.007274507263551777,10.316038896457197,9.92534120842733
8.319999999999867,9.315280000000204,0.011785807755184952,20.71566442398906,0.00317604233859331,0.007244259470208292,10.31418495185673,9.92578974324362
8.329999999999867,9.260160000000203,0.011741700970567981,20.71142637245306,0.0031543379751361456,0.007213858786273064,10.312330956846951,9.926238225951936
8.339999999999867,9.205040000000203,0.011697294294784943,20.707188388442763,0.0031326750368526057,0.007183305297694675,10.31047691126596,9.92668665570272
8.349999999999866,9.149920000000202,0.011652587690480942,20.702950471496244,0.003111053378342943,0.007152599090500034,10.308622814951327,9.92713503164267
8.359999999999866,9.094800000000202,0.01160758111920046,20.698712621150637,0.0030894728547339323,0.007121740250682851,10.306768667740055,9.927583352914866
8.369999999999866,9.039680000000201,0.011562274541356943,20.694474836942153,0.003067933321720062,0.007090728864229956,10.304914469468638,9.928031618658567
8.379999999999866,8.9845600000002,0.011516667916239898,20.690237118405935,0.0030464346354349137,0.007059565017135894,10.303060219972963,9.928479828009479
8.389999999999866,8.9294400000002,0.011470761202022506,20.68599946507622,0.0030249766525773936,0.007028248795431347,10.301205919088416,9.92892798009933
8.399999999999865,8.8743200000002,0.01142455435570644,20.68176187648626,0.0030035592303415126,0.0069967802850705585,10.299351566649804,9.929376074056174
8.409999999999865,8.8192000000002,0.011378047333125585,20.677524352168287,0.0029821822265031495,0.006965159572034696,10.297497162491386,9.929824109004233
8.419999999999865,8.764080000000199,0.011331240088990002,20.673286891653575,0.0029608454992622324,0.006933386742277559,10.295642706446884,9.930272084063846
8.429999999999865,8.708960000000198,0.011284132576869998,20.66904949447241,0.0029395489074207637,0.006901461881727189,10.29378819834945,9.930719998351522
8.439999999999864,8.653840000000198,0.01123672474908144,20.664812160154064,0.0029182923103175384,0.00686938507630469,10.2919336380317,9.931167850979877
8.449999999999864,8.598720000000197,0.011189016556873266,20.660574888226854,0.0028970755677683036,0.0068371564118825945,10.290079025325685,9.931615641057547
8.459999999999864,8.543600000000197,0.011141007950222048,20.656337678218048,0.0028758985401440285,0.006804775974319777,10.288224360062912,9.932063367689283
8.469999999999864,8.488480000000196,0.011092698877907481,20.652100529653957,0.002854761088322777,0.006772243849415938,10.286369642074334,9.932511029975814
8.479999999999864,8.433360000000196,0.011044089287629621,20.647863442059837,0.0028336630738018953,0.006739560122916655,10.284514871190321,9.932958627013917
8.489999999999863,8.378240000000195,0.010995179125730559,20.64362641496005,0.0028126043584825178,0.006706724880583215,10.282660047240755,9.933406157896304
8.499999999999863,8.323120000000195,0.010945968337463086,20.639389447877736,0.0027915848049362424,0.006673738208062163,10.28080517005491,9.933853621711615
8.509999999999863,8.268000000000194,0.010896456866774706,20.6351525403352,0.002770604276167654,0.006640600190975565,10.278950239461512,9.934301017544454
8.519999999999863,8.212880000000194,0.010846644656408277,20.630915691853726,0.0027496626358022858,0.006607310914901576,10.277095255288742,9.934748344475215
8.529999999999863,8.157760000000193,0.010796531647951302,20.626678901953458,0.002728759747962939,0.006573870465339526,10.275240217364223,9.935195601580249
8.539999999999862,8.102640000000193,0.010746117781622322,20.622442170153597,0.002707895477302269,0.006540278927701704,10.273385125515025,9.935642787931727
8.549999999999862,8.047520000000192,0.010695402996515446,20.618205495972305,0.0026870696890977097,0.0065065363873895166,10.271529979567665,9.936089902597512
8.559999999999862,7.992400000000193,0.010644387230347108,20.61396887892673,0.002666282249077112,0.006472642929631012,10.269674779348104,9.93653694464141
8.569999999999862,7.937280000000193,0.01059307041968599,20.60973231853296,0.002645533023591773,0.006438598639662563,10.267819524681727,9.93698391312282
8.579999999999862,7.8821600000001935,0.010541452499718884,20.605495814306014,0.0026248218795098532,0.006404403602605857,10.265964215393382,9.937430807096899
8.589999999999861,7.827040000000194,0.010489533404499152,20.601259365759972,0.0026041486842131034,0.00637005790347539,10.264108851307363,9.937877625614517
8.599999999999861,7.771920000000194,0.010437313066644638,20.597022972407714,0.002583513305758456,0.0063355616272385284,10.262253432247398,9.93832436772218
8.60999999999986,7.716800000000195,0.010384791417582473,20.59278663376125,0.0025629156126285024,0.006300914858680673,10.260397958036652,9.938771032461993
8.61999999999986,7.661680000000195,0.010331968387385537,20.588550349331385,0.002542355473935387,0.006266117682588834,10.258542428497753,9.939217618871652
8.62999999999986,7.606560000000195,0.010278843904844459,20.584314118627947,0.0025218327593700685,0.0062311701835543465,10.256686843452732,9.939664125984443
8.63999999999986,7.551440000000196,0.0102254178974161,20.580077941159715,0.0025013473391064522,0.006196072446087386,10.254831202723114,9.94011055282917
8.64999999999986,7.496320000000196,0.010171690291246316,20.575841816434384,0.0024808990839259026,0.006160824554571176,10.252975506129841,9.940556898430128
8.65999999999986,7.4412000000001965,0.01011766101118422,20.571605743958557,0.0024604878652357276,0.006125426593316441,10.251119753493256,9.94100316180702
8.66999999999986,7.386080000000197,0.010063329980634306,20.567369723237817,0.002440113554908696,0.006089878646415026,10.249263944633222,9.9414493419751
8.67999999999986,7.330960000000197,0.010008697121780985,20.56313375377669,0.002419776025419651,0.00605418079788822,10.24740807936898,9.941895437944964
8.68999999999986,7.275840000000198,0.009953762355363882,20.558897835078533,0.0023994751498495615,0.006018333131597164,10.245552157519231,9.942341448722502
8.699999999999859,7.220720000000198,0.009898525600817665,20.554661966645718,0.002379210801853382,0.005982335731254285,10.243696178902141,9.942787373309072
8.709999999999859,7.1656000000001985,0.009842986776132767,20.55042614797944,0.0023589828555919956,0.005946188680442943,10.241840143335251,9.943233210701262
8.719999999999859,7.110480000000199,0.009787145797985064,20.546190378579958,0.002338791185874045,0.005909892062579414,10.23998405063563,9.943678959890887
8.729999999999858,7.055360000000199,0.009731002581659154,20.541954657946306,0.0023186356680706677,0.005873445960897672,10.238127900619723,9.944124619865097
8.739999999999858,7.0002400000002,0.009674557041015552,20.53771898557647,0.0022985161781259866,0.005836850458505238,10.236271693103422,9.944570189606136
8.749999999999858,6.9451200000002,0.009617809088509843,20.533483360967328,0.002278432592510704,0.005800105638295472,10.234415427902078,9.945015668091528
8.759999999999858,6.8900000000002,0.009560758635180688,20.529247783614736,0.0022583847884097286,0.005763211583034944,10.232559104830464,9.945461054293785
8.769999999999857,6.834880000000201,0.009503405590700897,20.525012253013347,0.002238372643458275,0.005726168375222773,10.230702723702816,9.945906347180674
8.779999999999857,6.779760000000201,0.009445749863244701,20.52077676865674,0.002218396035988779,0.005688976097270537,10.228846284332787,9.94635154571487
8.789999999999857,6.724640000000202,0.009387791359586006,20.516541330037384,0.0021984548448888974,0.005651634831339347,10.226989786533448,9.946796648854182
8.799999999999857,6.669520000000202,0.009329529984999918,20.512305936646662,0.002178548949549164,0.005614144659413234,10.22513323011736,9.947241655551338
8.809999999999857,6.614400000000202,0.009270965643387752,20.508070587974803,0.0021586782300898055,0.005576505663210329,10.223276614896502,9.947686564754061
8.819999999999856,6.559280000000203,0.009212098237119326,20.503835283510963,0.0021388425671578504,0.005538717924288783,10.221419940682274,9.948131375404992
8.829999999999856,6.504160000000203,0.009152927667123445,20.49960002274312,0.0021190418420478085,0.005500781523983034,10.21956320728552,9.948576086441593
8.839999999999856,6.4490400000002035,0.009093453832838383,20.49536480515814,0.0020992759365512925,0.005462696543414414,10.217706414516542,9.949020696796234
8.849999999999856,6.393920000000204,0.009033676632204668,20.491129630241744,0.00207954473312566,0.005424463063418039,10.215849562185058,9.949465205396043
8.859999999999856,6.338800000000204,0.008973595961676628,20.486894497478605,0.0020598481148950687,0.005386081164649059,10.213992650100229,9.949909611162912
8.869999999999855,6.283680000000205,0.008913211716153668,20.48265940635216,0.0020401859654857746,0.005347550927507494,10.212135678070663,9.950353913013469
8.879999999999855,6.228560000000205,0.008852523789074251,20.478424356344725,0.0020205581691977725,0.005308872432091549,10.210278645904381,9.950798109859047
8.889999999999855,6.173440000000205,0.008791532072339903,20.47418934693749,0.002000964610851752,0.005270045758300201,10.208421553408884,9.95124220060561
8.899999999999855,6.118320000000206,0.008730236456277851,20.46995437761053,0.0019814051760377316,0.005231070985770692,10.206564400391068,9.9516861841537
8.909999999999854,6.063200000000206,0.008668636829686105,20.465719447842645,0.0019618797508366703,0.005191948193811358,10.204707186657291,9.952130059398463
8.919999999999854,6.008080000000207,0.00860673307983778,20.46148455711161,0.0019423882219292699,0.005152677461478294,10.202849912013335,9.952573825229571
8.929999999999854,5.952960000000207,0.00854452509238951,20.457249704893986,0.0019229304767351962,0.005113258867590675,10.200992576264419,9.953017480531203
8.939999999999854,5.897840000000207,0.008482012751445556,20.453014890665177,0.0019035064031705518,0.005073692490601189,10.19913517921522,9.953461024181903
8.949999999999854,5.842720000000208,0.008419195939533886,20.448780113899424,0.0018841158898469934,0.005033978408727047,10.197277720669833,9.953904455054648
8.959999999999853,5.787600000000208,0.008356074537593738,20.4445453740698,0.0018647588259799175,0.004994116699855444,10.195420200431789,9.954347772016845
8.969999999999853,5.7324800000002085,0.008292648424906901,20.440310670648174,0.001845435101410442,0.0049541074415018205,10.193562618304053,9.954790973930203
8.979999999999853,5.677360000000209,0.008228917479220055,20.436076003105274,0.0018261446065863662,0.004913950710983606,10.191704974089046,9.955234059650595
8.989999999999853,5.622240000000209,0.008164881576590288,20.431841370910632,0.0018068872326064689,0.004873646585153879,10.189847267588629,9.955677028028251
8.999999999999853,5.56712000000021,0.00810054059146853,20.427606773532563,0.0017876628712519826,0.004833195140651836,10.18798949860406,9.956119877907549
9.009999999999852,5.51200000000021,0.008035894396701049,20.423372210438277,0.001768471414850259,0.004792596453687903,10.186131666936099,9.956562608126994
9.019999999999852,5.4568800000002105,0.007970942863365749,20.419137681093687,0.0017493127564012778,0.004751850600189178,10.184273772384858,9.957005217519223
9.029999999999852,5.401760000000211,0.007905685861007428,20.414903184963595,0.0017301867895679335,0.004710957655627512,10.182415814749962,9.957447704910898
9.039999999999852,5.346640000000211,0.007840123257392972,20.410668721511577,0.0017110934086205232,0.004669917695218573,10.180557793830443,9.957890069122731
9.049999999999851,5.291520000000212,0.007774254918697765,20.40643429019994,0.0016920325085040822,0.004628730793758695,10.178699709424768,9.958332308969363
9.059999999999851,5.236400000000212,0.007708080709309784,20.4021998904899,0.0016730039847713818,0.004587397025594742,10.176841561330864,9.958774423259381
9.069999999999851,5.181280000000212,0.007641600491970935,20.397965521841407,0.0016540077336495984,0.004545916464796795,10.174983349346048,9.95921641079521
9.07999999999985,5.126160000000213,0.007574814127706331,20.393731183713186,0.0016350436520302658,0.004504289184993238,10.173125073267125,9.959658270373119
9.08999999999985,5.071040000000213,0.00750772147578066,20.389496875562692,0.0016161116373970552,0.004462515259342881,10.171266732890325,9.960100000783218
9.09999999999985,5.0159200000002135,0.007440322393722887,20.38526259684631,0.0015972115879589466,0.004420594760666474,10.169408328011292,9.960541600809213
9.10999999999985,4.960800000000214,0.007372616737367166,20.381028347019022,0.0015783434025735121,0.004378527761351836,10.167549858425147,9.960983069228613
9.11999999999985,4.905680000000214,0.0073046043607238875,20.376794125534715,0.0015595069806635942,0.004336314333331148,10.165691323926398,9.96142440481244
9.12999999999985,4.850560000000215,0.0072362851160576724,20.37255993184599,0.0015407022224049327,0.004293954548057255,10.163832724309048,9.961865606325492
9.13999999999985,4.795440000000215,0.007167658853878878,20.3683257654042,0.0015219290286699327,0.004251448476623454,10.161974059366521,9.96230667252588
9.14999999999985,4.7403200000002155,0.007098725422828522,20.364091625659427,0.001503187300859965,0.004208796189621611,10.160115328891653,9.962747602165324
9.15999999999985,4.685200000000216,0.007029484669863473,20.359857512060625,0.0014844769411847536,0.004165997757129114,10.158256532676736,9.963188393988966
9.169999999999849,4.630080000000216,0.006959936440006698,20.355623424055395,0.0014657978524248994,0.004123053248778152,10.156397670513526,9.963629046735317
9.179999999999849,4.574960000000217,0.006890080576524127,20.35138936109007,0.0014471499380783182,0.004079962733783193,10.154538742193187,9.964069559136156
9.189999999999849,4.519840000000217,0.006819916920858982,20.347155322609865,0.0014285331023205505,0.004036726280757796,10.152679747506333,9.96450992991662
9.199999999999848,4.464720000000217,0.006749445312519975,20.34292130805854,0.0014099472499948806,0.0039933439578296315,10.150820686243044,9.964950157795098
9.209999999999848,4.409600000000218,0.006678665589259725,20.33868731687884,0.0013913922865771977,0.003949815832674786,10.148961558192788,9.965390241483025
9.219999999999848,4.354480000000218,0.006607577586861424,20.33445334851195,0.0013728681183393099,0.003906141972381205,10.1471023631445,9.965830179685039
9.229999999999848,4.299360000000219,0.006536181139277453,20.330219402398,0.0013543746521054167,0.0038623224435216374,10.145243100886592,9.966269971098823
9.239999999999847,4.244240000000219,0.006464476078595238,20.325985477975767,0.0013359117954621635,0.003818357312147913,10.143383771206862,9.966709614415045
9.249999999999847,4.189120000000219,0.006392462234925567,20.321751574682754,0.0013174794566612746,0.0037742466436860855,10.141524373892592,9.967149108317383
9.259999999999847,4.13400000000022,0.006320139436521155,20.317517691955224,0.001299077544671401,0.0037299905030589997,10.139664908730468,9.96758845148235
9.269999999999847,4.07888000000022,0.006247507509634043,20.313283829228073,0.0012807059690753686,0.0036855889545872045,10.137805375506666,9.968027642579326
9.279999999999847,4.0237600000002205,0.006174566278636939,20.309049985934962,0.001262364640275182,0.0036410420620544004,10.13594577400677,9.968466680270398
9.289999999999846,3.9686400000002204,0.006101315565923415,20.304816161508256,0.0012440534692506056,0.0035963498885588363,10.134086104015815,9.96890556321051
9.299999999999846,3.9135200000002204,0.006027755191906625,20.300582355379007,0.001225772367743072,0.003551512496647813,10.13222636531829,9.969344290047168
9.309999999999846,3.8584000000002203,0.005953884975032631,20.29634856697698,0.0012075212482114406,0.003506529948269388,10.13036655769812,9.969782859420482
9.319999999999846,3.8032800000002203,0.0058797047317495355,20.292114795730622,0.001189300023741402,0.0034614023046649067,10.128506680938703,9.970221269963204
9.329999999999846,3.74816000000022,0.005805214276494386,20.287881041067077,0.001171108608179372,0.0034161296265010632,10.126646734822838,9.970659520300458
9.339999999999845,3.69304000000022,0.005730413421701497,20.283647302412188,0.0011529469161170036,0.0033707119738042857,10.124786719132798,9.971097609049819
9.349999999999845,3.63792000000022,0.005655301977759208,20.279413579190454,0.001134814862739919,0.0033251494058550435,10.122926633650309,9.97153553482131
9.359999999999845,3.58280000000022,0.005579879753016159,20.275179870825085,0.001116712364122474,0.003279441981329234,10.12106647815651,9.971973296217094
9.369999999999845,3.52768000000022,0.005504146553784117,20.270946176737922,0.001098639336861218,0.0032335897582080886,10.119206252432054,9.972410891831732
9.379999999999844,3.47256000000022,0.005428102184235395,20.266712496349584,0.0010805956984021314,0.003187592793709393,10.117345956256962,9.97284832025187
9.389999999999844,3.41744000000022,0.005351746446527028,20.262478829079175,0.0010625813668496686,0.0031414511444413096,10.115485589410785,9.973285580056277
9.399999999999844,3.36232000000022,0.0052750791407100706,20.258245174344673,0.0010445962610521886,0.003095164866256772,10.113625151672462,9.973722669815725
9.409999999999844,3.3072000000002197,0.0051981000646939,20.25401153156251,0.001026640300603232,0.0030487340141818198,10.111764642820411,9.974159588093091
9.419999999999844,3.2520800000002197,0.005120809014320937,20.249777900147983,0.0010087134057942815,0.003002158642602837,10.109904062632527,9.97459633344305
9.429999999999843,3.1969600000002196,0.005043205783204607,20.24554427951488,0.0009908154976487893,0.0029554388051095115,10.108043410886088,9.975032904412156
9.439999999999843,3.1418400000002196,0.0049652901629178015,20.241310669075716,0.0009729464979094105,0.002908574554517762,10.1061826873579,9.975469299538734
9.449999999999843,3.0867200000002195,0.004887061942762838,20.237077068241582,0.0009551063290973993,0.0028615659428585793,10.104321891824176,9.975905517352825
9.459999999999843,3.0316000000002195,0.004808520909941327,20.232843476422353,0.0009372949144575426,0.002814413021356321,10.10246102406062,9.976341556376129
9.469999999999843,2.9764800000002194,0.004729666849414449,20.228609893026402,0.0009195121778918791,0.0027671158404068974,10.100600083842375,9.976777415121923
9.479999999999842,2.9213600000002193,0.004650499543969733,20.224376317460774,0.0009017580442023942,0.002719674449639553,10.098739070944006,9.9772130920949
9.489999999999842,2.8662400000002193,0.004571018774158275,20.220142749131178,0.0008840324387915932,0.002672088897775704,10.096877985139603,9.977648585791306
9.499999999999842,2.811120000000219,0.00449122431829696,20.215909187441916,0.000866335287860176,0.0026243592327124254,10.095016826202682,9.978083894698672
9.509999999999842,2.756000000000219,0.004411115952463074,20.211675631795963,0.0008486665183788933,0.0025764855014788757,10.093155593906195,9.978519017295802
9.519999999999841,2.700880000000219,0.004330693450432188,20.207442081594785,0.0008310260580215445,0.0025284677502235287,10.091294288022606,9.978953952052725
9.529999999999841,2.645760000000219,0.004249956583739001,20.203208536238655,0.0008134138352525744,0.002480306024194079,10.089432908323808,9.979388697430682
9.539999999999841,2.590640000000219,0.004168905121615607,20.198974995126285,0.0007958297793116964,0.0024320003677413826,10.087571454581175,9.97982325188183
9.54999999999984,2.535520000000219,0.004087538830990667,20.194741457655113,0.0007782738201321249,0.002383550824260283,10.085709926565517,9.98025761384945
9.55999999999984,2.480400000000219,0.004005857476471308,20.190507923221098,0.0007607458884676954,0.002334957436237184,10.083848324047146,9.980691781767664
9.56999999999984,2.425280000000219,0.003923860820271463,20.186274391218856,0.0007432459157782345,0.0022862202451774394,10.081986646795816,9.9811257540614
9.57999999999984,2.3701600000002188,0.003841548622338986,20.18204086104159,0.0007257738343551257,0.0022373392916247847,10.08012489458076,9.981559529146457
9.58999999999984,2.3150400000002187,0.003758920640233532,20.177807332081066,0.0007083295771793119,0.002188314615160558,10.078263067170685,9.981993105429154
9.59999999999984,2.2599200000002186,0.0036759766290717644,20.17357380372766,0.0006909130781048711,0.002139146254317159,10.076401164333747,9.9824264813065
9.60999999999984,2.2048000000002186,0.003592716341577318,20.169340275370367,0.0006735242716310874,0.002089834246653599,10.074539185837605,9.982859655165978
9.61999999999984,2.1496800000002185,0.0035091395281409143,20.165106746396685,0.0006561630931374851,0.0020403786286587455,10.072677131449359,9.983292625385587
9.62999999999984,2.0945600000002185,0.0034252459366841403,20.160873216192762,0.0006388294787700866,0.0019907794358089426,10.070815000935609,9.983725390333506
9.639999999999839,2.0394400000002184,0.003341035312638574,20.156639684143315,0.0006215233653719121,0.00194103670246909,10.068952794062419,9.984157948368356
9.649999999999839,1.9843200000002184,0.003256507398996522,20.152406149631574,0.0006042446906373011,0.0018911504619796293,10.067090510595344,9.984590297838821
9.659999999999838,1.9292000000002183,0.003171661936277992,20.148172612039364,0.0005869933930838234,0.0018411207465091617,10.065228150299383,9.985022437083739
9.669999999999838,1.8740800000002182,0.003086498662502324,20.14393907074712,0.0005697694118830809,0.00179094758716708,10.063365712939065,9.98545436443194
9.679999999999838,1.8189600000002182,0.003001017313225718,20.13970552513383,0.000552572687120445,0.0017406310138897152,10.061503198278377,9.985886078202169
9.689999999999838,1.7638400000002181,0.0029152176214062298,20.135471974576934,0.0005354031596312425,0.0016901710555132232,10.059640606080759,9.986317576702985
9.699999999999838,1.708720000000218,0.0028290993174490686,20.131238418452558,0.0005182607710615961,0.0016395677396709996,10.057777936109183,9.986748858232726
9.709999999999837,1.653600000000218,0.0027426621292944153,20.12700485613528,0.0005011454637816048,0.0015888210927640367,10.055915188126106,9.987179921079381
9.719999999999837,1.598480000000218,0.002655905782235013,20.12277128699829,0.00048405718105914985,0.0015379311400356421,10.05405236189345,9.98761076352048
9.729999999999837,1.543360000000218,0.0025688299989339858,20.118537710413293,0.00046699586686793637,0.0014868979055450704,10.052189457172624,9.988041383823024
9.739999999999837,1.4882400000002178,0.0024814344995017223,20.114304125750518,0.00044996146609288523,0.0014357214120079842,10.050326473724562,9.988471780243424
9.749999999999837,1.4331200000002178,0.0023937190014428067,20.11007053237879,0.00043295392432129987,0.0013844016809777537,10.04846341130966,9.988901951027287
9.759999999999836,1.3780000000002177,0.0023056832195441634,20.10583692966537,0.000415973188020502,0.0013329387326493913,10.046600269687833,9.989331894409544
9.769999999999836,1.3228800000002177,0.002217326865956659,20.101603316976142,0.00039901920440876815,0.0012813325859327707,10.044737048618469,9.989761608614083
9.779999999999836,1.2677600000002176,0.002128649650187553,20.097369693675425,0.0003820919216266927,0.001229583258461786,10.042873747860474,9.990191091853834
9.789999999999836,1.2126400000002175,0.0020396512789885857,20.093136059126103,0.00036519128845002857,0.0011776907664948766,10.041010367172268,9.990620342330637
9.799999999999836,1.1575200000002175,0.0019503314564062735,20.08890241268965,0.00034831725467077135,0.0011256551249190783,10.039146906311737,9.991049358235093
9.809999999999835,1.1024000000002174,0.001860689883795008,20.08466875372596,0.00033146977074960393,0.0010734763472461384,10.037283365036334,9.991478137746556
9.819999999999835,1.0472800000002174,0.0017707262597169149,20.080435081593418,0.0003146487880466009,0.0010211544456070754,10.035419743102938,9.991906679032866
9.829999999999835,0.9921600000002174,0.0016804402799475704,20.07620139564899,0.0002978542587017685,0.0009686894306640825,10.033556040268017,9.992334980250467
9.839999999999835,0.9370400000002175,0.0015898316375178578,20.071967695248116,0.00028108613574723273,0.0009160813116954603,10.0316922562875,9.992763039544098
9.849999999999834,0.8819200000002175,0.0014989000226384719,20.067733979744727,0.0002643443729711259,0.0008633300964724921,10.02982839091686,9.993190855046784
9.859999999999834,0.8268000000002176,0.0014076451226656683,20.06350024849128,0.0002476289250489261,0.000810435791278985,10.02796444391107,9.993618424879765
9.869999999999834,0.7716800000002176,0.0013160666221499473,20.05926650083871,0.00023093974744009538,0.000757398400879683,10.026100415024636,9.99404574715231
9.879999999999834,0.7165600000002177,0.0012241642027286948,20.0550327361364,0.00021427679650914966,0.0007042179285287054,10.02423630401158,9.994472819961674
9.889999999999834,0.6614400000002177,0.001131937543201289,20.05079895373237,0.00019764002937661118,0.0006508943759254704,10.022372110625449,9.994899641392855
9.899999999999833,0.6063200000002178,0.0010393863194466668,20.046565152972896,0.00018102940405417822,0.0005974277431702313,10.020507834619332,9.995326209518717
9.909999999999833,0.5512000000002178,0.0009465102044257656,20.042331333202945,0.0001644448794069775,0.0005438180287596905,10.018643475745819,9.995752522399624
9.919999999999833,0.49608000000021785,0.0008533088681350054,20.038097493765818,0.0001478864151044923,0.0004900652295661279,10.016779033757052,9.996178578083526
9.929999999999833,0.44096000000021784,0.0007597819776344883,20.03386363400336,0.00013135397169788954,0.0004361693408209688,10.014914508404713,9.99660437460571
9.939999999999833,0.38584000000021784,0.0006659291970299575,20.02962975325589,0.00011484751056844988,0.0003821303560885836,10.013049899440015,9.99702990998874
9.949999999999832,0.33072000000021784,0.0005717501873566122,20.0253958508622,9.836699395077142e-05,0.0003279482672121081,10.01118520661372,9.997455182242312
9.959999999999832,0.27560000000021784,0.00047724460666770385,20.021161926159483,8.191238495014463e-05,0.0002736230642992332,10.009320429676109,9.99788018936319
9.969999999999832,0.22048000000021784,0.0003824121099937905,20.016927978483473,6.548364749503488e-05,0.0002191547357398016,10.007455568377045,9.998304929335038
9.979999999999832,0.16536000000021783,0.000287252349255418,20.0126940071683,4.908074643295013e-05,0.00016454326813974962,10.005590622465933,9.998729400128246
9.989999999999831,0.11024000000021783,0.000191764973355657,20.008460011546664,3.270364741986276e-05,0.00010978864626559615,10.003725591691701,9.999153599699966
9.999999999999831,0.055120000000217835,9.594962804077012e-05,20.00422599094949,1.6352316948631263e-05,5.489085309989816e-05,10.001860475802882,9.999577525993788
10.009999999999831,2.1783963521926353e-13,-1.9404406714773614e-07,19.999991944706473,2.6722459522954267e-08,-1.5013025078669529e-07,9.999995274547548,10.000001176939755
0.0,0,-1.6653345369377348e-16,20.0,0.0,-5.551115123125783e-17,10.0,10.0
0.01,0.048229999999999995,7.531342105593364e-05,20.00348783367535,1.3559773752502835e-05,4.2343817643508697e-05,10.001524793068938,9.999652992958728
0.02,0.09645999999999999,0.0001581566313644811,20.00702637110804,2.7758074191586157e-05,8.961110052091437e-05,10.003076942217985,9.999299947906097
0.03,0.14468999999999999,0.00023775092239053386,20.010544043694594,4.1688495772240763e-05,0.00013476619870272932,10.004617933162361,9.998949052740475
0.04,0.19291999999999998,0.0003164281361224264,20.014061063310397,5.560161435114175e-05,0.00017943636669681684,10.006158524915666,9.998598032664422
0.05,0.24114999999999998,0.0003949660648328024,20.01757819819244,6.953820135952027e-05,0.00022405790523638558,10.007699129583964,9.998246815788209
0.060000000000000005,0.28937999999999997,0.0004733211692119488,20.021095321336777,8.349467590551551e-05,0.0002686012971830909,10.009239678710756,9.997895416974366
0.07,0.33760999999999997,0.0005514515049236945,20.02461242596841,9.746906142316103e-05,0.0003130446615290938,10.010780168746296,9.997543837234371
0.08,0.38583999999999996,0.0006293554122803746,20.028129513240174,0.00011146132755429639,0.0003573872356773533,10.012320600259189,9.99719207758437
0.09,0.43406999999999996,0.0007070349521891006,20.031646583595524,0.00012547157625619754,0.000401629966399919,10.013860973421437,9.996840139187402
0.09999999999999999,0.48229999999999995,0.0026487883673846913,20.03350417276164,0.001142200657099468,0.0010163777159221121,10.014201172457941,9.996969703198118
0.10999999999999999,0.53053,0.001035478576758675,20.038660722579824,0.0002513093405112632,0.0005670921805920326,10.016908935787963,9.996181470660506
0.11999999999999998,0.5787599999999999,0.0008695379413785065,20.042207242503437,0.0001302034985142253,0.0005027241163220175,10.01849478446101,9.99576524691015
0.12999999999999998,0.6269899999999999,0.002375396047844147,20.043283281190476,-0.00014007652342362675,0.0007756779244973422,10.019760640647245,9.995746478871375
0.13999999999999999,0.6752199999999999,0.001228243939470408,20.049201538338487,0.00015019598289406355,0.0006697528325678159,10.021561788157786,9.995066941959625
0.15,0.7234499999999999,-0.0007982549537375316,20.050341065955326,0.0038769555192771366,0.0006512834447356952,10.021347218751702,9.996522624679073
0.16,0.7716799999999999,0.0010422353269812223,20.05623699861817,0.0005603907696128396,0.000654597803944057,10.024556517335403,9.994534094093808
0.17,0.8199099999999999,0.0006206930988320591,20.05968650823373,-0.0046284693446589364,0.000310417465710755,10.027655240201678,9.992016773411981
0.18000000000000002,0.8681399999999999,0.005651643105720028,20.065158617041845,-0.0004201644840985397,0.001538376417541898,10.028826831634998,9.992985281341923
0.19000000000000003,0.9163699999999999,0.0019404150475208493,20.066848708341723,0.00043446060066471004,0.0010390000893173434,10.0292476395132,9.993387801921964
0.20000000000000004,0.9645999999999999,0.0025166048172580724,20.065644427682656,0.0022602685999231764,0.0008239549408426416,10.027500517243897,9.994039267809173
0.21000000000000005,1.01283,0.007916042805662493,20.085913941643636,0.012044757523300587,0.002400821098154482,10.032783106283407,9.995360699384946
0.22000000000000006,1.06106,0.0022925224252776655,20.0775656347436,0.0013703766209308132,0.0012230926981936507,10.033732526300085,9.992701189586011
0.23000000000000007,1.1092899999999999,0.001533608353944227,20.08081089267106,-0.00011469238212502564,0.0009082791603521323,10.035468496038604,9.991700857867976
0.24000000000000007,1.1575199999999999,0.004447540894895852,20.083390758945725,9.216737132844433e-05,0.0017268895029890485,10.036652931480136,9.991473412429945
0.25000000000000006,1.2057499999999999,0.0021730632685207363,20.08790772049945,0.00034788419247611113,0.0011848233293446642,10.038495537081278,9.991184696855333
0.26000000000000006,1.2539799999999999,0.0018951169425512338,20.091439450915203,0.00037922252585881333,0.001099829905104932,10.040038489485749,9.990836805981031
0.2700000000000001,1.3022099999999999,0.003201614025421795,20.09505700067503,0.0021245382862371542,0.0011001283851979626,10.040740163784152,9.990911628548691
0.2800000000000001,1.3504399999999999,0.004814366800914016,20.09958995037143,0.0002907560356399941,0.0016385688938216347,10.043723003029113,9.989847375086665
0.2900000000000001,1.3986699999999999,0.007344790277514224,20.09185030965983,0.007145271365232964,0.0027575991504846242,10.038250907350893,9.99343072279953
0.3000000000000001,1.4468999999999999,0.010412857118478613,20.106732224365473,0.000976200585833864,0.00489640311076589,10.04640065353317,9.9894979093781
0.3100000000000001,1.4951299999999998,0.002856815786020317,20.10909310978183,0.00016829831594494804,0.001613566965059765,10.04782251448521,9.98892046964652
0.3200000000000001,1.5433599999999998,0.0020962041303856926,20.112530098584447,0.0004035304532492012,0.0012316069970390031,10.049279407591495,9.988676259342219
0.3300000000000001,1.5915899999999998,0.002450775364884361,20.11605150359798,0.0004757149756763335,0.001407367915986224,10.05081106949078,9.98834706488968
0.34000000000000014,1.6398199999999998,0.0025879231472923925,20.11956899223685,0.00048473845861612963,0.0014806365328795534,10.05235126806502,9.987988254716354
0.35000000000000014,1.6880499999999998,0.002652199867199445,20.12308571012916,0.0004959764120145982,0.001518648094740782,10.053890685465738,9.987630486779228
0.36000000000000015,1.7362799999999998,0.0027201152823438934,20.126602451422315,0.0005104528753397952,0.0015583998166651125,10.055429538745285,9.987274119522404
0.37000000000000016,1.7845099999999998,0.0027916210810541298,20.130119199600365,0.0005251277651190933,0.001599867748764472,10.056968311343155,9.986917684818927
0.38000000000000017,1.8327399999999998,0.0028630623419171886,20.133635941416443,0.0005396828359043315,0.0016413065991237041,10.05850705169234,9.98656103434959
0.3900000000000002,1.8809699999999998,0.002934116898389738,20.137152676881676,0.0005542356975406504,0.0016825659714854169,10.060045741268146,9.986204226467734
0.4000000000000002,1.9291999999999998,0.002023206351388418,20.139666016611162,-0.00014188641203494168,0.0013177728699403368,10.061328127008771,9.985651944217723
0.4100000000000002,1.9774299999999998,0.00296626067900041,20.144173164713205,0.0005240971634891123,0.0017026606225191698,10.063131366661317,9.985462349944864
0.4200000000000002,2.02566,-0.004091706110644189,20.14367612518449,0.003578965814445667,0.0015328084224013883,10.062004616705352,9.986954672635619
0.4300000000000002,2.0738899999999996,0.002320421911990611,20.15116198061936,0.0009226588244289347,0.0015737128092356834,10.066092106331372,9.984911938425082
0.4400000000000002,2.12212,0.007149649918793521,20.154366310116036,-0.009121872653572782,0.0005853043937572022,10.071929247943244,9.980474652507496
0.45000000000000023,2.17035,0.003985773469223519,20.158280593106873,-0.00037396686697793724,0.0020855657472758637,10.069553070199323,9.983621340848616
0.46000000000000024,2.21858,0.0033030991547403077,20.161762573192494,0.001015495985090098,0.0019407645409389995,10.070744263742087,9.983875079176215
0.47000000000000025,2.2668100000000004,0.0034534508425645982,20.165286051178807,0.0007505909687245405,0.001993116719221033,10.072336356449535,9.983382204989098
0.48000000000000026,2.3150400000000007,0.0035656096963825323,20.16880311880821,0.0006762554861007852,0.0020501511459434796,10.07389277590093,9.982981500514853
0.49000000000000027,2.363270000000001,0.003634626173329547,20.172319790343277,0.0006962767900012268,0.0020905392794858813,10.075430569530317,9.982626056075198
0.5000000000000002,2.411500000000001,0.0037012410124943607,20.175836481393713,0.0007156845513918708,0.0021297980206456124,10.076967805745308,9.98226994830986
0.5100000000000002,2.4597300000000013,0.0037694784750678667,20.17935317318225,0.0007306252639743827,0.002169769708641689,10.078505793251084,9.981911510548734
0.5200000000000002,2.5079600000000015,0.005901514794357077,20.182606382611763,0.0008535042535057213,0.0029805145656512377,10.080406528508014,9.981769193261389
0.5300000000000002,2.5561900000000017,0.004096108374262775,20.18638324829959,0.0007238149878878719,0.0023318552499626555,10.08158815027329,9.98118786439942
0.5400000000000003,2.604420000000002,0.003894445485605247,20.18990446799345,0.0007659004357674082,0.0022530072819908487,10.083119451173605,9.980829277001341
0.5500000000000003,2.652650000000002,0.004025374711044416,20.19341995740113,0.000790736723570995,0.002321913720737312,10.08465736275831,9.980476461150744
0.5600000000000003,2.7008800000000024,0.004016191335969976,20.195054642900075,0.0031089224337134125,0.001542490209609948,10.084279606639592,9.981094711858614
0.5700000000000003,2.7491100000000026,0.0032555593658532,20.19958566789186,0.0022344296524265395,0.001847057644311867,10.086990579249948,9.980391500782364
0.5800000000000003,2.797340000000003,0.005238966626209096,20.203952356522517,0.0010077949677539944,0.002229366029066926,10.08886109744221,9.979256521572378
0.5900000000000003,2.845570000000003,0.004505549633141648,20.207495721415437,0.0008587487766102964,0.0025357808982416907,10.090806889402181,9.979029521659506
0.6000000000000003,2.8938000000000033,0.004349258238277698,20.21100237385173,0.000857149820423897,0.0025204063074253935,10.092348715942702,9.978677592266932
0.6100000000000003,2.9420300000000035,0.00443047331138946,20.21451999333447,0.0008782012355096902,0.002560638293851114,10.09388370319864,9.978318666138815
0.6200000000000003,2.9902600000000037,0.004508192301969638,20.21803679163696,0.0008945202953357101,0.002603947971308418,10.095420928526442,9.977959234044619
0.6300000000000003,3.038490000000004,0.0008078336034600397,20.226369997742022,0.000639850935257702,0.002254808852970358,10.099232772021832,9.976965281160531
0.6400000000000003,3.086720000000004,0.007052767124437864,20.222941573544496,0.0009967201790788693,0.0035118670156892295,10.097405760447433,9.977402982108897
0.6500000000000004,3.1349500000000043,0.002213836983034123,20.22764661215821,-0.008149799339059072,0.00178329136872446,10.10170071226861,9.973074490062107
0.6600000000000004,3.1831800000000046,0.004333979557132772,20.232107137533887,0.0001550898296091563,0.0025640237332988924,10.101801485855214,9.976159675752498
0.6700000000000004,3.231410000000005,0.004915122010028972,20.235625819933418,0.0013153725670688177,0.0028363440972221654,10.103057238916788,9.976326452065775
0.6800000000000004,3.279640000000005,0.0049260589324101045,20.239137125485225,0.0010505174366132741,0.0028481306383615346,10.104629784420647,9.975827935195468
0.6900000000000004,3.327870000000005,0.004962711681720411,20.242653685130797,0.0009893787907181428,0.0028728556855398546,10.106182971779841,9.975430725257526
0.7000000000000004,3.3761000000000054,0.005027269593655015,20.246170477230763,0.0010110627373388081,0.002911247676052553,10.107719765023788,9.975073258552104
0.7100000000000004,3.4243300000000056,0.0063199999774329885,20.2512961007344,0.0013089107487311291,0.0033846390375791846,10.11009877055772,9.974649493212631
0.7200000000000004,3.472560000000006,0.0070766199566644206,20.25349661131532,0.0015456744651138332,0.0036677361676625275,10.111071797980618,9.97455883733244
0.7300000000000004,3.520790000000006,0.005865350647087819,20.255485374679196,0.0006968999984121038,0.0033313868441163796,10.112078131814656,9.973967197178805
0.7400000000000004,3.5690200000000063,0.0003634326491296913,20.256752958558913,0.0012261392868295196,0.002310622861087741,10.11237292837168,9.974168067211183
0.7500000000000004,3.6172500000000065,0.004698575204118205,20.263706533759127,0.0011363133940607284,0.002884343244644816,10.115372331863377,9.973284566536066
0.7600000000000005,3.6654800000000067,0.005572655265942306,20.267291212501664,0.001104096025286494,0.0032064853910321323,10.116952722034577,9.972902161632563
0.7700000000000005,3.713710000000007,0.005516248469136065,20.270788475681563,0.0011192293726952074,0.003194770460624552,10.118477996609215,9.972544238922614
0.7800000000000005,3.761940000000007,0.005531681833885471,20.274304377288367,0.0011367711078087428,0.0032115136149252765,10.120013724560135,9.972183499625093
0.7900000000000005,3.8101700000000074,0.0055956126013304575,20.27782129131313,0.0011523264904507169,0.003249700547557355,10.121550422009921,9.971821596483117
0.8000000000000005,3.8584000000000076,0.005660086005739695,20.281338098367833,0.0011675941265774092,0.003287913207379034,10.123087034820701,9.971459473777024
0.8100000000000005,3.906630000000008,0.005722176569729898,20.284854900605726,0.0011829462030550353,0.0033250065087427894,10.124623572791569,9.97109727493093
0.8200000000000005,3.954860000000008,0.005783843622276574,20.288371712270447,0.0011983395239098527,0.003361911485065039,10.126160059575055,9.97073497519682
0.8300000000000005,4.003090000000008,0.0058453798723973605,20.2918885334647,0.001213752096800691,0.00339875589012939,10.127696498755693,9.970372565336032
0.8400000000000005,4.0513200000000085,0.003978508446892737,20.293242945330398,0.003012195527174244,0.002662005979461146,10.127758614043348,9.970957689189177
0.8500000000000005,4.099550000000009,0.005773670488530391,20.29888904053246,0.0014378334884211363,0.0033722163362803204,10.130697569957892,9.969724703040619
0.8600000000000005,4.147780000000009,0.006098282096234975,20.302451199504457,0.0011976853361483353,0.003541655957257528,10.132322433935055,9.96925245055737
0.8700000000000006,4.196010000000009,0.006104025636400667,20.305956391487847,0.0012616685867855026,0.003552331544339149,10.133845280392585,9.968915326129522
0.8800000000000006,4.244240000000009,0.006147983984199745,20.30947271514937,0.0012927699865320497,0.0035805737226002887,10.135377796457076,9.968559793125658
0.8900000000000006,4.2924700000000096,0.006209392327660268,20.31298966699772,0.0013074104853837976,0.003617357027467627,10.136913967400009,9.968196215721349
0.9000000000000006,4.34070000000001,0.006110036273487718,20.316303725047582,0.001317311320855552,0.003568301019994724,10.138446462125044,9.9678372362117
0.9100000000000006,4.38893000000001,0.006317281575183131,20.320022828829078,0.001337609447600474,0.003681784692652179,10.139986437266693,9.967469011268808
0.9200000000000006,4.43716000000001,0.006395643774647075,20.323540756498502,0.0013537510199306269,0.0037287893765881597,10.141522425535229,9.967106196084618
0.9300000000000006,4.48539000000001,0.009137264120674116,20.328340427659477,0.0015030171134726156,0.00454859409648789,10.14382682100312,9.966605973262354
0.9400000000000006,4.533620000000011,0.006857740007844559,20.330602122031088,0.001371198658056183,0.003952569055915844,10.144606555404426,9.966378222808306
0.9500000000000006,4.581850000000011,0.00647965545698731,20.334081961174064,0.0013936635049752177,0.003793244084343006,10.146124795319047,9.966013651772554
0.9600000000000006,4.630080000000011,0.00660339577961655,20.337607807465638,0.0014161541967113722,0.003857809155105696,10.147665723902131,9.965651712595736
0.9700000000000006,4.678310000000011,0.006726710708311823,20.33989745528893,-0.002373183110371102,0.0039174891401104195,10.150452108224664,9.964053270730066
0.9800000000000006,4.7265400000000115,0.006711855254940946,20.34462728027798,0.0009634604108137435,0.003919440441255695,10.150874842111557,9.964740123784772
0.9900000000000007,4.774770000000012,0.006794994796225418,20.348164759581692,0.0015857161954216936,0.003972463588739983,10.152257128987431,9.964617917249107
1.0000000000000007,4.823000000000012,0.006859758030229646,20.351676416381245,0.0015103216670080966,0.004010462298822015,10.153801403679992,9.964210193344794
1.0100000000000007,4.871230000000012,0.006917251961479298,20.355193217399304,0.0014918032563310257,0.004044957011895445,10.15534429674188,9.963829765903403
1.0200000000000007,4.919460000000012,0.006974491756280676,20.35871032003816,0.001508855227029926,0.004079764440612199,10.156880151697086,9.963466204388524
1.0300000000000007,4.967690000000013,0.007031783768555788,20.362227397504697,0.0015262946639407193,0.004114595357216866,10.158415354161939,9.963102553502399
1.0400000000000007,5.015920000000013,0.007088890865278585,20.365744486694226,0.0015422137408505066,0.004149329116652112,10.159950769436303,9.96273804561865
1.0500000000000007,5.064150000000013,0.007145780785892564,20.369261592842157,0.0015580162233653772,0.00418395981509373,10.16148618697239,9.962373385131425
1.0600000000000007,5.112380000000013,0.0072024584324952845,20.37277871577047,0.0015738971111224909,0.00421848888162224,10.16302155141121,9.962008661285257
1.0700000000000007,5.1606100000000135,0.007258925424021956,20.376295855636076,0.0015898099082573558,0.004252916571066745,10.164556867743883,9.961643850601508
1.0800000000000007,5.208840000000014,0.005809143746540291,20.37843429587473,0.002466497151493441,0.003559574269036081,10.16559639125993,9.961912150177415
1.0900000000000007,5.257070000000014,0.007201862428701522,20.38330692629164,0.0016525882893279054,0.004213806419980981,10.16760125570681,9.96093060120926
1.1000000000000008,5.305300000000014,0.0074779881463887254,20.38685497680948,0.0016022938912839124,0.004379537740547945,10.169171954779731,9.960529223414156
1.1100000000000008,5.353530000000014,0.00945198353984722,20.39334089694227,0.002021804349729761,0.004509546676001952,10.171499282487655,9.959768542309192
1.1200000000000008,5.4017600000000145,0.007887632894121366,20.39393990325467,0.0018121737818154737,0.004520816779905679,10.172224586427179,9.959864305497174
1.1300000000000008,5.449990000000015,0.007538080350283138,20.39738055006009,0.0016822898381323448,0.004434053492022971,10.173757535079563,9.95945578020901
1.1400000000000008,5.498220000000015,0.007628704288781707,20.400915549168204,0.0016952337530153905,0.004482701809751466,10.175303656417997,9.959084601200855
1.1500000000000008,5.546450000000015,0.007703940945652299,20.404433743150978,0.0017174890179031954,0.004525268398239357,10.176838051523381,9.958721953353113
1.1600000000000008,5.594680000000015,0.0077585749526451475,20.4079509386736,0.0017342295994546841,0.004558629888751942,10.178372665422254,9.958356657997573
1.1700000000000008,5.642910000000016,0.007812058926890075,20.411468254554087,0.001750138153230496,0.004591620277208386,10.179907551166576,9.95799085613716
1.1800000000000008,5.691140000000016,0.00786614568021421,20.414985602233024,0.0017662438700039584,0.004624906082162983,10.181442389075888,9.957625060223451
1.1900000000000008,5.739370000000016,0.007920124094779768,20.418502970078073,0.001782421255231481,0.004658131695601475,10.18297717039453,9.957259204679499
1.2000000000000008,5.787600000000016,0.007973865350713871,20.42202035871935,0.0017986168051740692,0.004691241336991447,10.184511907222873,9.956893264053642
1.2100000000000009,5.8358300000000165,0.00802739066852265,20.425537768657794,0.001814832080360096,0.0047242462912143734,10.18604660080355,9.95652724003998
1.2200000000000009,5.884060000000017,0.008080707236116647,20.429055200211252,0.0018310695376358432,0.004757149775383107,10.187581250825763,9.956161134485715
1.2300000000000009,5.932290000000017,0.008133814742552758,20.43257265368092,0.0018473293422822668,0.004789951505452028,10.18911585732619,9.95579494808663
1.2400000000000009,5.980520000000017,0.008186712927843731,20.436090129371294,0.0018636114573304385,0.004822651284871637,10.190650420432398,9.95542868144771
1.2500000000000009,6.028750000000017,0.008239401856521833,20.439607627587407,0.0018799159293089729,0.00485524907365531,10.192184940263465,9.955062335213821
1.260000000000001,6.076980000000018,0.008291881614036933,20.443125148633673,0.0018962428196360182,0.0048877448393069844,10.193719416933753,9.954695910033914
1.270000000000001,6.125210000000018,0.00834415227272689,20.446642692813832,0.001912592187568951,0.0049201385430441835,10.195253850557329,9.954329406552958
1.280000000000001,6.173440000000018,0.008396213902298222,20.450160260431126,0.0019289640918007112,0.004952430145141629,10.196788241248196,9.953962825412786
1.290000000000001,6.221670000000018,0.008448066572090851,20.45367785178823,0.0019453585914429583,0.004984619605885532,10.198322589120146,9.953596167252696
1.300000000000001,6.2699000000000185,0.008499710350757694,20.457195467187262,0.001961775745954797,0.005016706885482225,10.199856894286626,9.9532294327093
1.310000000000001,6.318130000000019,0.008551145306190555,20.460713106929774,0.0019782156150801034,0.005048691943894124,10.201391156860849,9.95286262241664
1.320000000000001,6.366360000000019,0.008602371505499917,20.464230771316867,0.0019946782588690093,0.005080574740998989,10.202925376955754,9.952495737006057
1.330000000000001,6.414590000000019,0.008883715420067773,20.467006954019872,0.0028290274059598053,0.00536445484623288,10.204186547766735,9.952615307635693
1.340000000000001,6.462820000000019,0.004064512519761476,20.477269730294623,0.0006737779855618409,0.003961026411061275,10.209660002139314,9.950882389828855
1.350000000000001,6.5110500000000195,0.00809928079167499,20.47488984538657,0.0016817760994538578,0.004949646494860016,10.207678720622912,9.951264081691622
1.360000000000001,6.55928000000002,0.008936476950602068,20.47826815508694,0.0020897293553935326,0.005267621833005387,10.20904404437577,9.951044405258944
1.370000000000001,6.60751000000002,0.008892433910445974,20.481818052478047,0.0020947157903156155,0.005254658775707133,10.210591375757161,9.950668579369632
1.380000000000001,6.65574000000002,0.008902694763916141,20.48533746613485,0.0020940345440675356,0.005268117543552497,10.212129462591285,9.950292799184057
1.390000000000001,6.70397000000002,0.008953397853990297,20.488855147767595,0.0021098487099576735,0.005300088594624053,10.21366385793682,9.949925131467706
1.400000000000001,6.752200000000021,0.009004660521700847,20.492373009465595,0.0021271521019174955,0.005331962220463671,10.215197649217107,9.949558002411932
1.410000000000001,6.800430000000021,0.009054093582144707,20.495890909317918,0.002143902341970816,0.005362945361141236,10.216731462085338,9.949190504052275
1.420000000000001,6.848660000000021,0.009103171588789372,20.499408836453156,0.0021605747497038252,0.005393771304253059,10.218265264860088,9.948822890315434
1.430000000000001,6.896890000000021,0.009152097769697665,20.50292679165227,0.0021772871940053395,0.005424523365580414,10.219799026406834,9.948455217318141
1.440000000000001,6.9451200000000215,0.009200825924111034,20.50644477506716,0.002194028468700926,0.005455176930564354,10.22133274550609,9.948087479122186
1.450000000000001,6.993350000000022,0.00962727933260138,20.51056233968317,0.0035735633410163836,0.005432859665639389,10.223477916259641,9.948363708530966
1.460000000000001,7.041580000000022,0.01011863880101982,20.51478644502805,0.0026288973743434085,0.005627468295005822,10.2246215261588,9.947246387233454
1.470000000000001,7.089810000000022,0.009527843587792129,20.517027556665504,0.0023392395002762023,0.005621671145228435,10.225916600590907,9.947004191745048
1.480000000000001,7.138040000000022,0.014544967684521293,20.52414380326116,0.0036751566983320716,0.006801685899532228,10.228445145707338,9.946569288472425
1.490000000000001,7.186270000000023,0.01493371676207439,20.527067751762075,0.0026035553368501385,0.0059937177299957956,10.230133590171576,9.94562532551032
1.500000000000001,7.234500000000023,0.008258871902753262,20.52486951318742,-0.0004266257376482341,0.005394656634575445,10.230081436977938,9.945102009609018
1.5100000000000011,7.282730000000023,0.009683350294049597,20.529150142414355,0.003462281262028466,0.0068023138809853445,10.23072445492971,9.94623567356059
1.5200000000000011,7.330960000000023,0.005828186108878752,20.537189292146056,-0.00080334066175336,0.0046246750546364845,10.236384392128652,9.943668411967167
1.5300000000000011,7.3791900000000235,0.014509012637051844,20.545028710445504,-0.016804295968549765,0.0041295653061675375,10.244796351023409,9.936445776788855
1.5400000000000011,7.427420000000024,0.0112257176871014,20.54175954042735,7.297268474831808e-05,0.00606525251572354,10.237554006754603,9.943621848888043
1.5500000000000012,7.475650000000024,0.009655216810362022,20.545106333313605,0.00294258260227126,0.005750028624153802,10.238118319622448,9.9443338795517
1.5600000000000012,7.523880000000024,0.01137410733434091,20.55045256040748,0.0019316230809122703,0.00589217303452394,10.240823216529916,9.943222694007671
1.5700000000000012,7.572110000000024,0.010178967281869122,20.552223958865515,0.0023120145664470293,0.005957349256153099,10.241313775245718,9.943265242369053
1.5800000000000012,7.6203400000000245,0.007408642900304796,20.55323303514783,0.0007673969778891898,0.004285337333296668,10.241790401742747,9.942323442720461
1.5900000000000012,7.668570000000025,0.010824564093354472,20.559711223530353,0.0032496720326956052,0.005690968432119192,10.24415521525824,9.942732577280532
1.6000000000000012,7.716800000000025,0.014753990213598689,20.563221579951147,0.002841876992364323,0.006549125398856825,10.245491843847446,9.94189521538712
1.6100000000000012,7.765030000000025,0.010657544934963903,20.566279838477758,0.0027142239976769567,0.006038810847859566,10.24735595899245,9.941895151979576
1.6200000000000012,7.813260000000025,0.014050909501545528,20.573684034636827,-0.001511858828199819,0.007069080303890363,10.253183912764156,9.939726846589185
1.6300000000000012,7.861490000000026,0.010677543552510327,20.5733773663818,0.001672401776527388,0.006256092101026622,10.250745392327959,9.940811793365778
1.6400000000000012,7.909720000000026,0.010021564115977655,20.576786779368806,0.002621816417760159,0.005998664598797776,10.251980841446734,9.940768505790768
1.6500000000000012,7.957950000000026,0.010146389848495752,20.580146503557597,0.002599064541360163,0.0060635482904869975,10.253517101757541,9.940373928164542
1.6600000000000013,8.006180000000025,0.010223274368963142,20.583847737935287,0.002567281489926576,0.006105246740886416,10.255063719982319,9.939979941297533
1.6700000000000013,8.054410000000026,0.010266102445365355,20.587367135832807,0.002584109591607542,0.006132448267648749,10.256597589643842,9.93961132094174
1.6800000000000013,8.102640000000026,0.01030799223176282,20.59088560751387,0.00260294476309314,0.006159874435093804,10.258129995473961,9.939242926219633
1.6900000000000013,8.150870000000026,0.010351461464690848,20.594404379207106,0.0026204381233171925,0.006187934646566251,10.259662656706286,9.938873742230886
1.7000000000000013,8.199100000000026,0.010394862098102309,20.597923199365137,0.0026377659240073292,0.006215932703418803,10.261195349428862,9.938504419442266
1.7100000000000013,8.247330000000026,0.0104379990121643,20.601442054117047,0.0026551578375240137,0.006243797501203907,10.262728000730553,9.938135066829823
1.7200000000000013,8.295560000000027,0.010480919738588113,20.604960944999824,0.0026725852891885116,0.006271554369118193,10.264260611175427,9.937765667079011
1.7300000000000013,8.343790000000027,0.010523635336288584,20.608479872422038,0.0026900375055068926,0.006299208046873561,10.265793183442359,9.937396215554335
1.7400000000000013,8.392020000000027,0.01056614482161844,20.611998836656905,0.002707514846813308,0.006326757874701827,10.267325717823747,9.937026713057243
1.7500000000000013,8.440250000000027,0.012348248696373076,20.61776800713308,0.002467714774844809,0.00640345118869623,10.269495128427536,9.936060976518812
1.7600000000000013,8.488480000000028,0.012344703663652201,20.622700737499322,0.003006795635648818,0.006738196153436016,10.271214753143985,9.935674395875102
1.7700000000000014,8.536710000000028,0.010996023710872993,20.6226201152372,0.003029236678987801,0.006534206571874146,10.271892961608645,9.936012929694558
1.7800000000000014,8.584940000000028,0.00933283151756642,20.620852711014262,-0.0003476153074779553,0.005680808433719042,10.272854384758656,9.935242221752768
1.7900000000000014,8.633170000000028,0.01041485193727798,20.631156426411767,0.0032672239925237156,0.00645804573444797,10.275394665948848,9.935214770700043
1.8000000000000014,8.681400000000028,0.012669162851536075,20.630967145191637,0.0032344123468231456,0.006816467217372613,10.276358776174643,9.935273184435385
1.8100000000000014,8.729630000000029,0.014395886841976235,20.632494097210074,-0.0022281351720555564,0.007464221584192243,10.278111816129146,9.933222214856595
1.8200000000000014,8.777860000000029,0.01129124811629284,20.640067018327557,0.002005163245376418,0.006682180752526301,10.279816033290947,9.93377763428844
1.8300000000000014,8.826090000000029,0.010842517513243166,20.643698714528867,0.0029807317048033966,0.006527301275194686,10.281127329724356,9.93375646849365
1.8400000000000014,8.87432000000003,0.010957651796118517,20.647191771724554,0.0029239199275273853,0.006587489233127963,10.282639630041347,9.933347794963282
1.8500000000000014,8.92255000000003,0.011021956261047738,20.650709781914266,0.002900366640995744,0.006624005449444026,10.284180205920489,9.932957967409306
1.8600000000000014,8.97078000000003,0.01105954699899514,20.654028890254992,0.002910537719321815,0.006654668018650056,10.285710604217353,9.932592231022284
1.8700000000000014,9.01901000000003,0.01084141523942056,20.657696751341142,0.0027986956782587447,0.0065872971068259845,10.287290108050382,9.932148821423052
1.8800000000000014,9.06724000000003,0.011119121916094266,20.661269990033603,0.0029477741778247135,0.006696238030832413,10.288783779509998,9.931845115655165
1.8900000000000015,9.11547000000003,0.011186524192272396,20.664787697903456,0.002977423682528124,0.0067315166495033885,10.290308630973378,9.931480973114567
1.9000000000000015,9.16370000000003,0.011219467010005257,20.668307476980715,0.002991271822298025,0.006753849994151406,10.291840939710058,9.931108443350226
1.9100000000000015,9.21193000000003,0.010411294338400878,20.67493615725757,0.0027279362835876397,0.006421864028651636,10.295128042214982,9.930339989619624
1.9200000000000015,9.260160000000031,0.01123087195239414,20.675411798752645,0.002891926413907675,0.0067795833341850464,10.294969625994096,9.930329075406163
1.9300000000000015,9.308390000000031,0.011334953274123316,20.67881018900817,0.0030953614032129817,0.006841170455037071,10.296429605885463,9.930003684921052
1.9400000000000015,9.356620000000031,0.011378099595756364,20.682384894986512,0.0030621325814759737,0.0068572251718226895,10.297966611809942,9.929628859639154
1.9500000000000015,9.404850000000032,0.01141111503572001,20.68590624024599,0.003080057081284504,0.006881022947949622,10.29950047520946,9.929255909556785
1.9600000000000015,9.453080000000032,0.009603840218378012,20.69517269367947,0.0012475180762663296,0.006406177029537441,10.305092146025745,9.927834077952086
1.9700000000000015,9.501310000000032,0.01117995847043124,20.693135609757732,0.002576199689580616,0.006836837156336817,10.302775365332481,9.928334956803594
1.9800000000000015,9.549540000000032,0.010219300488358174,20.699861619164174,0.0034387238047524082,0.007028316808791568,10.30503674803202,9.927735120089082
1.9900000000000015,9.597770000000033,0.011035000171076281,20.7000558744784,0.003396112007713614,0.006790279797775356,10.305611052741398,9.927854578503943
2.0000000000000013,9.646000000000033,0.011604438423175989,20.703485670855798,0.0031829058751255968,0.007002494123034941,10.307142542254358,9.92741067994729
2.010000000000001,9.694230000000033,0.011654869335863738,20.70702481698156,0.003181751796888954,0.007039485804003487,10.308690802244618,9.927029035136735
2.020000000000001,9.742460000000033,0.011673950859371951,20.71054601115719,0.0032064973281725195,0.007056049378133977,10.310222081125303,9.926661673162688
2.0300000000000007,9.790690000000033,0.011708641394069241,20.714066058602036,0.0032259933455289214,0.007079942668126338,10.311753139400905,9.92629150625097
2.0400000000000005,9.838920000000034,0.011745449576485434,20.717586245741423,0.0032441419804806193,0.007104608735643836,10.31328456990397,9.925920634178608
2.0500000000000003,9.887150000000034,0.011781667058173628,20.721106487470163,0.003262396110815746,0.0071289497675071645,10.31481598839897,9.925549787400465
2.06,9.935380000000034,0.011819910378643106,20.72444456429622,0.0032874405499273562,0.007155686840159048,10.316342845936425,9.925182929267432
2.07,9.983610000000034,0.011852332975660407,20.727999035838018,0.0032859866166619622,0.0071827048987917474,10.317875142662185,9.924810313602013
2.0799999999999996,10.031840000000035,0.011887667908170751,20.73166737255438,0.0033182972359646623,0.007202093393061659,10.31941027723878,9.92443695393058
2.0899999999999994,10.080070000000035,0.011924008347785453,20.73518814518886,0.003336403150626943,0.007224872716223851,10.3209412294101,9.924066365090274
2.099999999999999,10.128300000000035,0.011958229294349976,20.738645408167635,0.003354226271380212,0.007249776089829796,10.322472154393141,9.923695921401611
2.109999999999999,10.176530000000035,0.011995344484294235,20.74222851376836,0.003372848278717755,0.007273165901628964,10.324003903468672,9.923323767869896
2.1199999999999988,10.224760000000035,0.012029135562204862,20.745749580883555,0.0033914548083691654,0.007296208083632183,10.325534887126267,9.922953160537805
2.1299999999999986,10.272990000000036,0.012063202371377146,20.74927008286762,0.0034098760904905934,0.00731953235764804,10.327065987268297,9.92258201252826
2.1399999999999983,10.321220000000036,0.012097476898612791,20.75279073709656,0.003428429244316744,0.007342894485316276,10.32859708590033,9.922210895610982
2.149999999999998,10.369450000000036,0.012131555028173757,20.75631144575369,0.0034470229901910066,0.0073661459876327995,10.330128147711372,9.921839750330818
2.159999999999998,10.417680000000036,0.012165415517746692,20.75983220194366,0.003465643199790591,0.007389284622145664,10.331659175155142,9.921468574234513
2.1699999999999977,10.465910000000036,0.012885823817867181,20.762612968477878,0.003828637510154831,0.007283870974885254,10.332663974770078,9.921178143852888
2.1799999999999975,10.514140000000037,0.014820210371612075,20.768167921885563,0.0058528425060181966,0.007825034481878046,10.333887588836088,9.9210920068615
2.1899999999999973,10.562370000000037,0.012824489647989934,20.77044207053391,0.004150938847738095,0.0076187661720481525,10.336085834833218,9.920558157017453
2.199999999999997,10.610600000000037,0.012259628548017654,20.773906407407374,0.0035104243132711432,0.007457149184777301,10.337764729524997,9.919968388641514
2.209999999999997,10.658830000000037,0.012223715580714667,20.778474437612537,0.0035841770855630783,0.006955149479786926,10.3400529902441,9.919609905853715
2.2199999999999966,10.707060000000038,0.012381985675100127,20.780979273318717,0.0034660579065309838,0.007412206810062605,10.340876159676942,9.919207745469526
2.2299999999999964,10.755290000000038,0.012399888524263769,20.7844729844252,0.0035884656715848284,0.007532056890614092,10.342376469753088,9.918865856931848
2.239999999999996,10.803520000000038,0.012428505829782888,20.787999700672003,0.003618694243357534,0.007568158252486856,10.343905775799996,9.918499781638337
2.249999999999996,10.851750000000038,0.01246076029185511,20.791521245612454,0.0036350536634672803,0.007592414569588868,10.345436754040776,9.918126933083457
2.259999999999996,10.899980000000038,0.01370833254085313,20.79416051086654,0.005499116431827655,0.008064748469144123,10.345639868973624,9.91838685660803
2.2699999999999956,10.948210000000039,0.012799770257464371,20.798550029809178,0.004096602271194516,0.007771644039586356,10.34835730119191,9.917519212761281
2.2799999999999954,10.996440000000039,0.01253981031091056,20.802089235775952,0.0036641017140882637,0.007656705396402841,10.350022820490105,9.916995549070705
2.289999999999995,11.044670000000039,0.013781906845121206,20.80441609786325,0.005994278269613795,0.008231327392402399,10.35050281981593,9.917680650839962
2.299999999999995,11.09290000000004,0.011991535202270198,20.809490413470574,0.0034832898419549507,0.007755547789032369,10.353428894605525,9.916205272211403
2.3099999999999947,11.14113000000004,0.012376258523902395,20.81266168281702,0.0035633666244141438,0.007639026820167427,10.354668557474332,9.915823290528351
2.3199999999999945,11.18936000000004,0.012677810753782937,20.816169365359606,0.0037611606693471744,0.007746356785242381,10.356157570327742,9.915524056164166
2.3299999999999943,11.23759000000004,0.012717698873063232,20.819692547349874,0.003792114380317624,0.007770600372435987,10.35768081592627,9.915157392977065
2.339999999999994,11.28582000000004,0.012740382149223017,20.823214335343632,0.0038064202726214025,0.007787739228523494,10.359211672573117,9.914783007935148
2.349999999999994,11.33405000000004,0.012769511360702146,20.826736052162644,0.003824876864972626,0.0078085969741579775,10.360742366098954,9.914411049362123
2.3599999999999937,11.38228000000004,0.012799440146351038,20.830257824880025,0.003844195199399658,0.007829715319761898,10.362272745748529,9.914039433686806
2.3699999999999934,11.43051000000004,0.012829021772311155,20.83377965053161,0.0038634690965912988,0.007850632406534164,10.363803072477527,9.913667745010084
2.3799999999999932,11.478740000000041,0.012858359878296699,20.837301529946316,0.003882743295902158,0.007871425308484503,10.36533337475904,9.913296021084905
2.389999999999993,11.526970000000041,0.012335349575892551,20.84119863399154,0.00323783290580687,0.0076677112448096385,10.36719910192313,9.91254821704535
2.399999999999993,11.575200000000041,0.01284361704605147,20.844361187897128,0.0039011880023244183,0.00788292931716067,10.36842871832464,9.91254446557156
2.4099999999999926,11.623430000000042,0.011935893599320346,20.84505319217443,0.0033672068277070255,0.007098444660700587,10.368572205795932,9.91208562383116
2.4199999999999924,11.671660000000042,0.013406416570294233,20.851336417627284,0.004069416347675714,0.008156392536174006,10.37143042819977,9.91183489867953
2.429999999999992,11.719890000000042,0.013059515123565124,20.854926907603375,0.004002985295847639,0.00801833674099861,10.372984403217087,9.911449660701635
2.439999999999992,11.768120000000042,0.013021828677217795,20.858434701356835,0.003997262335647289,0.00799033150911882,10.37451418302548,9.911063767841815
2.4499999999999917,11.816350000000043,0.013055564578232315,20.861956127397868,0.004017654878262611,0.008013277565877275,10.376044756192355,9.910693041085686
2.4599999999999915,11.864580000000043,0.013085795235678488,20.865478524702954,0.004038067411731294,0.00803408079939194,10.377574694361273,9.910321573617466
2.4699999999999913,11.912810000000043,0.013113266650407185,20.86900090407984,0.004057645047234881,0.008053808762944092,10.379104673633801,9.909949688778072
2.479999999999991,11.961040000000043,0.013140482101456519,20.872523333879144,0.004077207953422979,0.008073485977625472,10.380634663626969,9.909577772305251
2.489999999999991,12.009270000000043,0.012297193575241172,20.879480049132262,0.0032079532151776946,0.007553960267219384,10.38472204637998,9.908737899421174
2.4999999999999907,12.057500000000044,0.011249346529932258,20.878559433455713,0.005912019045881567,0.00960939732576932,10.38376691742631,9.910116253837398
2.5099999999999905,12.105730000000044,0.01187768501293951,20.88304551333772,0.004059894209066495,0.00792212730211228,10.385148340802946,9.908442207231998
2.5199999999999902,12.153960000000044,0.013210822919643983,20.886616275829205,0.004105897324460817,0.008166045436516944,10.38677024947166,9.908056457040487
2.52999999999999,12.202190000000044,0.013307588667072545,20.89013686396588,0.004174295718962107,0.008194405917089587,10.388286610367292,9.90771846026889
2.53999999999999,12.250420000000044,0.013303700965636323,20.893659091019355,0.004196816650726409,0.008191584694061338,10.389813671502532,9.907346809977806
2.5499999999999896,12.298650000000045,0.014399040928342877,20.898228044132004,0.005658693283798477,0.00861560161097863,10.391405367756827,9.907354059241024
2.5599999999999894,12.346880000000045,0.014088882133972969,20.900151259609547,0.0038796946765589646,0.008458960474248989,10.392714913793256,9.906460923843973
2.569999999999989,12.395110000000045,0.011366264591180786,20.909746662967223,0.002323897310756995,0.008113221531809545,10.398166542267557,9.905180852018136
2.579999999999989,12.443340000000045,0.007633366719733525,20.9063585799231,0.003235597177667582,0.006311839626191529,10.396945995998145,9.90614051845761
2.5899999999999888,12.491570000000046,0.020673481212332367,20.915081876353117,0.009109291973609712,0.011681965612870493,10.395781969664124,9.906194828697501
2.5999999999999885,12.539800000000046,0.018079346125777385,20.916574181285466,0.011779278585791475,0.00906701619627992,10.39735273546879,9.907111967343774
2.6099999999999883,12.588030000000046,0.014612292799661974,20.91840486161138,0.005456231174141568,0.008715915772845417,10.400082403219638,9.905094249506554
2.619999999999988,12.636260000000046,0.013474855395468777,20.92182410761062,0.0042404509329490025,0.008325917583593745,10.40201631430999,9.904302214146583
2.629999999999988,12.684490000000046,0.013494799510503253,20.925365693564373,0.004335270322590901,0.008344420930881002,10.403590984863564,9.903978544363103
2.6399999999999877,12.732720000000047,0.014016052758912212,20.927570434088686,0.004830471232033118,0.008095775228397384,10.404241423455055,9.903863480002165
2.6499999999999875,12.780950000000047,0.013807642053174696,20.932385468926604,0.004550191526169756,0.008408376004833795,10.406590890893678,9.9032908648035
2.6599999999999873,12.829180000000047,0.01360306503558667,20.93594396907416,0.004433152381766725,0.00840084519313955,10.408168165104833,9.902878384237773
2.669999999999987,12.877410000000047,0.013614613733764325,20.939460903828916,0.004451746800646861,0.0084226864400615,10.409699523484768,9.902507050030659
2.679999999999987,12.925640000000048,0.01364254088187944,20.94298408279551,0.004475511665749721,0.008444800027123,10.411228171078504,9.90213695194238
2.6899999999999866,12.973870000000048,0.012735993359969944,20.9474319600419,0.006242511703050402,0.008163523828525032,10.412411988161828,9.902242346005032
2.6999999999999864,13.022100000000048,0.015283703745525845,20.94899902356361,0.0054431508129459405,0.00851794455437932,10.41413895843905,9.90197846713927
2.709999999999986,13.070330000000048,0.014295571412226094,20.953526548866627,0.004296753473947645,0.008671845454789218,10.4158042413926,9.900943709927484
2.719999999999986,13.118560000000048,0.010544973055519491,20.965483224663735,0.004106949060043885,0.008739411660399543,10.422289799479397,9.900024504542577
2.7299999999999858,13.166790000000049,0.012528971260695299,20.960781879005808,0.0038328454424560454,0.008254420243618887,10.419102230442915,9.900067347498094
2.7399999999999856,13.215020000000049,0.013760914499881483,20.964083721335875,0.004572692993479788,0.00857004896447,10.420414081558867,9.899897739760632
2.7499999999999853,13.263250000000049,0.01382696238100295,20.9676485383269,0.0046352157387798965,0.008584647521860056,10.421929737433908,9.899541983732155
2.759999999999985,13.31148000000005,0.014938238942873217,20.970995696823877,0.004311573059331553,0.009007168929077103,10.423668555442726,9.89901665902764
2.769999999999985,13.35971000000005,0.014061055546011225,20.974705083463782,0.0045834216114840065,0.008721760324673866,10.425015149987036,9.898765663490117
2.7799999999999847,13.40794000000005,0.010646184254371693,20.98321179487829,0.002843865807177881,0.00870901268008667,10.430113265597598,9.897443162343729
2.7899999999999845,13.45617000000005,0.012460382697315642,20.981869674524717,0.004058718809410611,0.00822700843336066,10.428292694241653,9.897849480792555
2.7999999999999843,13.50440000000005,0.013880544632745129,20.98524312353426,0.004729198223318243,0.008646824455418978,10.429589903305967,9.89768233594922
2.809999999999984,13.55263000000005,0.013955061309417871,20.988794941342203,0.004758505995570539,0.008680921808006836,10.431103640516135,9.897307894106326
2.819999999999984,13.60086000000005,0.013356902259320513,20.994447041326865,0.003942034667314631,0.008533536433750266,10.434070274182742,9.896422209392975
2.8299999999999836,13.64909000000005,0.013911236354087864,20.99589922574488,0.004542332242867986,0.008712464068515002,10.434261957919144,9.896486410496411
2.8399999999999834,13.697320000000051,0.013813771724549118,20.998922227182078,0.00552702734209648,0.008903675282760648,10.435411436819221,9.896548142419558
2.849999999999983,13.745550000000051,0.014550845505093057,21.002108144133413,0.004625321363085966,0.008745764057496774,10.43717425525854,9.895838864476923
2.859999999999983,13.793780000000051,0.015538728344821229,21.00611719054963,0.005178609883856322,0.00905390285223312,10.438289523131829,9.89546611670134
2.869999999999983,13.842010000000052,0.01433938442802285,21.009947438560893,0.005080722684169758,0.008837656822902495,10.440227452181045,9.895131342553197
2.8799999999999826,13.890240000000052,0.014052835458910506,21.013470366886818,0.004893942752337288,0.0087622213326925,10.441799478172573,9.89469492045718
2.8899999999999824,13.938470000000052,0.01407534257496268,21.016994368823497,0.004904293785506442,0.008785270892630592,10.443338794519484,9.894318243328156
2.899999999999982,13.986700000000052,0.014100878837575548,21.020519359335264,0.0049291354304780155,0.008804343367454559,10.444867326973043,9.893948467713145
2.909999999999982,14.034930000000053,0.013410261284356073,21.023242313149396,0.004075301949279075,0.008624526058997162,10.446553251748924,9.893399527038802
2.9199999999999817,14.083160000000053,0.013849365510917255,21.026442308045723,0.005314922309167025,0.00905866136338207,10.447574968988615,9.893576934618034
2.9299999999999815,14.131390000000053,0.013940057952317786,21.03106849000333,0.004969283828489157,0.008810672074817949,10.449431544318887,9.892824952258335
2.9399999999999813,14.179620000000053,0.012219247971977043,21.034446054157957,0.005250748683073236,0.00823678031072722,10.451014207599266,9.892596729413924
2.949999999999981,14.227850000000053,0.013849262561231368,21.038144115619357,0.005021280077794732,0.0087561220562834,10.452511797454651,9.892079987134565
2.959999999999981,14.276080000000054,0.013937836045476326,21.043687152337053,0.00439505950192931,0.00864530121543422,10.454714451693906,9.89100536021079
2.9699999999999807,14.324310000000054,0.013366923616805915,21.04051924738592,0.007441678122479423,0.008725104313415277,10.453629850724594,9.893086432223239
2.9799999999999804,14.372540000000054,0.011693058250585087,21.049608827871317,0.005482674946189092,0.008237756472013968,10.457020693530092,9.89103392684695
2.9899999999999802,14.420770000000054,0.01400024062139299,21.052297648042767,0.005269578040843659,0.008895767217679762,10.458615222967637,9.890615511129276
2.99999999999998,14.469000000000054,0.014303677807973925,21.055769623526448,0.005141625366971159,0.008981805153215894,10.460146334299866,9.890227493982469
3.00999999999998,14.517230000000055,0.014301048992031329,21.05929839070472,0.005160684381446734,0.008969031609855072,10.461681679885602,9.889852603295207
3.0199999999999796,14.565460000000055,0.014308903881708857,21.062824705064145,0.0051841539207407306,0.008977971593174816,10.46320998708462,9.889482050038822
3.0299999999999794,14.613690000000055,0.014615387917833844,21.06764989427657,0.006803410760103823,0.008628006672265764,10.464858023872441,9.8895586517822
3.039999999999979,14.661920000000055,0.014657432044975494,21.069914306852084,0.005479056349993239,0.009043315495324444,10.466175610583019,9.88881747531083
3.049999999999979,14.710150000000056,0.014371259261958091,21.073395054547206,0.005236120001600841,0.009011300554329305,10.467781049504406,9.888355491301379
3.0599999999999787,14.758380000000056,0.014367585327452526,21.076928156415033,0.005264305792995638,0.009026371347301554,10.46932452547572,9.887989983673
3.0699999999999785,14.806610000000056,0.014386184113361788,21.080454882072473,0.005291997439781315,0.0090446771246942,10.470851918492123,9.887621310984901
3.0799999999999783,14.854840000000056,0.014401882984904246,21.083981083060774,0.005313990303006111,0.009058521457244395,10.472379836667665,9.887249142339115
3.089999999999978,14.903070000000056,0.012748156889210771,21.088851024630248,0.004759750740676527,0.008950434864493761,10.475038676534876,9.886634004045094
3.099999999999978,14.951300000000057,0.013246366355551653,21.093744522763192,0.005505690509103767,0.009795582905926858,10.477541677796221,9.88664063959656
3.1099999999999777,14.999530000000057,0.020138495376526733,21.08835740646809,0.007174453231034883,0.012463884998430985,10.472740425669093,9.887038366588937
3.1199999999999775,15.047760000000057,0.015009941949702177,21.09791912383292,0.006375913316924997,0.009568890508384387,10.478154369405749,9.886047929285441
3.1299999999999772,15.095990000000057,0.014422382195686367,21.101644454088383,0.005451531982550828,0.009149159743411406,10.479988990348367,9.885387356561866
3.139999999999977,15.144220000000058,0.015049899181670934,21.104986546499877,0.005441135878469561,0.00939474358281639,10.481655671436922,9.885043565514227
3.149999999999977,15.192450000000058,0.01462993881302388,21.10866893363561,0.005411292341141016,0.009233247501790887,10.483083459289904,9.884626311003242
3.1599999999999766,15.240680000000058,0.0145150798291101,21.112193360721974,0.005483913561808829,0.009168795760895299,10.484606831752695,9.884270537062713
3.1699999999999764,15.288910000000058,0.015362972152730248,21.116010563937575,0.005603620642767648,0.009404337808506691,10.486349757423952,9.883897963035608
3.179999999999976,15.337140000000058,0.01674791987834262,21.12295371703858,0.009108950179822994,0.009988654206667835,10.486797972891408,9.883999413718769
3.189999999999976,15.385370000000059,0.014593029898044119,21.122875385741406,0.006947536698735934,0.00906246332949212,10.48884091688416,9.883586272815489
3.1999999999999758,15.433600000000059,0.014536201933108006,21.126280051658114,0.005613629669020681,0.009156371227487747,10.49064003934126,9.882787188117467
3.2099999999999755,15.481830000000059,0.014575931251632979,21.12982729907028,0.005578368467659467,0.009213154172067417,10.492246303225135,9.882397935929404
3.2199999999999753,15.53006000000006,0.014590308550806286,21.13335602845887,0.0056183333059824925,0.009230819051120442,10.493774078577683,9.8820388069374
3.229999999999975,15.57829000000006,0.016750749680434107,21.13935455412591,0.004959132727854698,0.009520991196730666,10.496889131929635,9.881074643206347
3.239999999999975,15.62652000000006,0.01535482296072993,21.14049122576218,0.0054368449684568665,0.009504274851123873,10.496925316000555,9.881235472694947
3.2499999999999747,15.67475000000006,0.014715295848107435,21.143708324259386,0.005742555204197697,0.009275709791770226,10.498354680854305,9.88096740965984
3.2599999999999745,15.72298000000006,0.014647551058642516,21.147463162406147,0.0056940329105286125,0.00926173018696691,10.499883086030525,9.880546571844398
3.2699999999999743,15.77121000000006,0.014646186070183531,21.15099357996118,0.005731706022670424,0.009283700904544279,10.501412702465549,9.880179008587167
3.279999999999974,15.81944000000006,0.014657482371353558,21.15452097518949,0.005755158236066205,0.009298331828496431,10.502939537696175,9.879807858139092
3.289999999999974,15.86767000000006,0.014668236094186049,21.158048704604056,0.0057775732367284505,0.00931002376330109,10.504467205660644,9.87943583590449
3.2999999999999736,15.915900000000061,0.01531770740059557,21.164121060622115,0.00420506552176203,0.00941302344105599,10.507965000216199,9.878220916189417
3.3099999999999734,15.964130000000061,0.014390872249395892,21.175823869105663,0.00017283053844163732,0.01097880174111543,10.51567727152526,9.87598654955903
3.319999999999973,16.01236000000006,0.012181535137887334,21.16905784442027,0.0019212265406050033,0.007259731305451211,10.510628150088099,9.87712562791241
3.329999999999973,16.06059000000006,0.01602717607055587,21.172118990210176,0.00548047983854677,0.009786012876765948,10.510791262855737,9.877849157403986
3.3399999999999728,16.108820000000062,0.014819762959169258,21.17568509028899,0.005909808467776667,0.009437341977031777,10.512110360097545,9.877609801050962
3.3499999999999726,16.157050000000062,0.015859992685209767,21.179184612098457,0.005743476072186227,0.00983751546181344,10.513853417853678,9.877143971038675
3.3599999999999723,16.205280000000062,0.01478825345773932,21.18274759450177,0.0058279209994467895,0.00939565788247343,10.515182758247846,9.876801545578143
3.369999999999972,16.253510000000063,0.015393683328823349,21.185921583081978,0.005986827900447134,0.009602244641364888,10.516686956306014,9.876470604975157
3.379999999999972,16.301740000000063,0.014782526286321984,21.18980132997939,0.005972634310954517,0.009397507164506269,10.518212976449457,9.87608711656354
3.3899999999999717,16.349970000000063,0.0147598902070053,21.193330777016502,0.006004459919340399,0.009403479398936876,10.519743270602785,9.875716656147883
3.3999999999999715,16.398200000000063,0.014770289203291764,21.196859165038237,0.006027314349589752,0.009421331580394099,10.521270402962468,9.875345487286136
3.4099999999999713,16.446430000000063,0.014779634668170283,21.200387806416146,0.006050301960251414,0.009431893437875927,10.522797824593605,9.87497360619042
3.419999999999971,16.494660000000064,0.014072042455883949,21.20371693316046,0.0060543022079402875,0.00925960678874943,10.524319440290837,9.8746060925866
3.429999999999971,16.542890000000064,0.014746066515090028,21.207444876416982,0.00609840229809272,0.009481490012516358,10.52585506540951,9.87422987199364
3.4399999999999706,16.591120000000064,0.016083881510747744,21.221050802677304,0.010694719915658346,0.00999969615398838,10.52983430174346,9.874084177262073
3.4499999999999704,16.639350000000064,0.015154330226755275,21.214811589870187,0.007455849491168898,0.009612501880281676,10.528602831292607,9.87391393619407
3.45999999999997,16.687580000000064,0.014825483822853314,21.217974389245725,0.006206586616872178,0.009487013049460202,10.530330195247528,9.873122118612756
3.46999999999997,16.735810000000065,0.016427309539259083,21.22178703477172,0.00718499083238916,0.010061554667995187,10.531921267302799,9.873087652538443
3.47999999999997,16.784040000000065,0.015111133488408035,21.22510329580863,0.006323146996617346,0.009613334044645039,10.533422537277733,9.872405720905506
3.4899999999999696,16.832270000000065,0.014842653156222463,21.22861789405316,0.006230625278979662,0.009507802018784262,10.535008455438469,9.871994077280132
3.4999999999999694,16.880500000000065,0.014840481036391517,21.23214931994328,0.006256333879475162,0.009514241453766947,10.53654371551826,9.871627420456823
3.509999999999969,16.928730000000066,0.014849383562127505,21.23567893945898,0.006282002449105539,0.009522362397525852,10.53807074436535,9.87125705856738
3.519999999999969,16.976960000000066,0.014855443129412893,21.239208471900504,0.006305509189285519,0.009530039231157306,10.539597762300271,9.870885477175229
3.5299999999999687,17.025190000000066,0.014861072320780655,21.242738096036085,0.006328942593519626,0.009538036720118381,10.541124883143715,9.870513929420037
3.5399999999999685,17.073420000000066,0.014866514348094328,21.246267802936746,0.0063524353675846745,0.009546079945964514,10.542651984557278,9.870142418659146
3.5499999999999683,17.121650000000066,0.014871752315479936,21.249797590306937,0.006375973227482401,0.009554048187301267,10.544179060591516,9.869770930699353
3.559999999999968,17.169880000000067,0.014876782369760477,21.253327458326954,0.006399553345778464,0.009561914129974425,10.545706112623977,9.869399464218937
3.569999999999968,17.218110000000067,0.014881604807919058,21.256857407192275,0.006423176121153784,0.009569670883815273,10.547233140968622,9.869028019799131
3.5799999999999677,17.266340000000067,0.014170865317138015,21.260016690116377,0.006352074852050971,0.009504480387947434,10.548864390156307,9.86867142017774
3.5899999999999674,17.314570000000067,0.014573665416798665,21.263914195744402,0.006384062674233748,0.009488344575253549,10.550308959628515,9.868258723180732
3.5999999999999672,17.362800000000068,0.014882720957317686,21.267448138525427,0.006492080423746438,0.00958743365113185,10.551820700919073,9.867912332112137
3.609999999999967,17.411030000000068,0.014900063431319999,21.27097807362285,0.006518891069903443,0.009600655945178338,10.553341155525327,9.867543340488016
3.619999999999967,17.459260000000068,0.014903010760987712,21.274508364447705,0.006542116654485786,0.009606488722428197,10.554867883502764,9.867171143960569
3.6299999999999666,17.507490000000068,0.014906145560174833,21.278038808423624,0.006565808243557625,0.00961375645785717,10.556394806019448,9.86679983299911
3.6399999999999664,17.55572000000007,0.014909546180579436,21.281569330002004,0.00658974066986423,0.00962080797942333,10.557921682195925,9.866428549188656
3.649999999999966,17.60395000000007,0.014912706323003955,21.285099933063034,0.006613709501598231,0.009627692626657969,10.559448522290094,9.86605729467383
3.659999999999966,17.65218000000007,0.014915659185704533,21.28863061876976,0.006637721967927834,0.009634446523541618,10.560975340000303,9.86568606171823
3.6699999999999657,17.70041000000007,0.01491840348535145,21.292161387369788,0.006661778049002087,0.009641084848081849,10.56250213462851,9.865314854246794
3.6799999999999655,17.74864000000007,0.015093257814647654,21.29535273835906,0.006460676377018915,0.009636690853785379,10.564043872077457,9.864928338124919
3.6899999999999653,17.79687000000007,0.014394094293292803,21.299745680738518,0.006351681652901675,0.009504545944369613,10.566048431803878,9.86441337624166
3.699999999999965,17.84510000000007,0.009499947907042727,21.313312580811306,0.00421752240197204,0.008751698685205422,10.573527860125006,9.8625712419457
3.709999999999965,17.89333000000007,0.014786470046923572,21.30082748202019,0.011331984559965924,0.01071524745679292,10.564028965168449,9.86611756000419
3.7199999999999647,17.94156000000007,0.014156037923747866,21.309603251988058,0.008490499588799216,0.009409645624102625,10.569541752149192,9.863950535958324
3.7299999999999645,17.98979000000007,0.019766918146524592,21.31500778220503,-0.0036258326767552584,0.007994075468069073,10.576245151696982,9.858458487255595
3.7399999999999642,18.03802000000007,0.00800130188678283,21.30794488662833,0.002731112394923796,0.008225926096090797,10.571565408371725,9.862970082073229
3.749999999999964,18.08625000000007,0.012078942124335468,21.32007601899439,0.005727757064278971,0.008742108477995336,10.574973006389895,9.862047084109214
3.759999999999964,18.13448000000007,0.014773985192891637,21.32399480311548,0.006845483561057297,0.00963462760487116,10.576357429584057,9.861960959607371
3.7699999999999636,18.18271000000007,0.013992375759301845,21.328144737672748,0.0057820041128877064,0.00972887985724008,10.578467947850996,9.861147313688583
3.7799999999999634,18.23094000000007,0.01319665279301524,21.332885002960104,0.005951534202887854,0.009668642737701294,10.581126115881132,9.860991410822727
3.789999999999963,18.27917000000007,0.016691673585143563,21.325542103615522,0.009140592319842877,0.008683159585984146,10.57406064324503,9.861980119046958
3.799999999999963,18.327400000000072,0.016929698770940138,21.3378264469496,0.00895026564981477,0.010224969397538808,10.58181106070513,9.86105162171582
3.8099999999999627,18.375630000000072,-0.0038160233919076747,21.362970613639366,0.0026127045967675455,0.00832360311136976,10.59795234148813,9.857547186560948
3.8199999999999625,18.423860000000072,0.031670320213363135,21.3347275323342,-0.008077573307287533,0.010455535222045786,10.590431794904704,9.85739442778925
3.8299999999999623,18.472090000000073,0.022380070018828413,21.348197033599686,0.0004078775745400831,0.011260387491446755,10.588610454553542,9.857324185524911
3.839999999999962,18.520320000000073,0.00507094148175441,21.365987336619916,0.014020719628260736,0.004113550576183567,10.592423621196863,9.85988326901257
3.849999999999962,18.568550000000073,0.01883857848586895,21.35621238347152,0.008526527742732215,0.011752478047638681,10.58960744383032,9.859096268476932
3.8599999999999617,18.616780000000073,0.015161921582034998,21.35919222125039,0.007203395575143989,0.01014473811326777,10.59135121379692,9.858300962102131
3.8699999999999615,18.665010000000073,0.01495784495959468,21.362788064678433,0.0071424439470964,0.009809382774298159,10.593024350185381,9.857880132797774
3.8799999999999613,18.713240000000074,0.014921802817321916,21.36632746879011,0.007175450345953405,0.009778320523254891,10.594559621141075,9.85752662334774
3.889999999999961,18.761470000000074,0.01492683664338651,21.369859763363642,0.007202294801549547,0.009766141214708368,10.596085938142256,9.857154991811285
3.899999999999961,18.809700000000074,0.015773545702609915,21.373506042936093,0.007433756247048229,0.009793415481966605,10.597368141034087,9.856678016523261
3.9099999999999606,18.857930000000074,0.015260284251187972,21.376940586272983,0.007528967726083247,0.009841281275979497,10.599090120747594,9.856496887203773
3.9199999999999604,18.906160000000074,0.017590329461034504,21.377431217935225,0.004360004105062376,0.010525063441995108,10.602108936192229,9.855889253223298
3.92999999999996,18.954390000000075,0.015354764169685675,21.383885046536125,0.005314651180425067,0.009963628358529153,10.602589954713082,9.85508032022653
3.93999999999996,19.002620000000075,0.0174804701306413,21.391052711044757,0.02049895626694631,0.009712336059857885,10.604080363113967,9.8608520299973
3.9499999999999598,19.050850000000075,0.015722995247196392,21.391151618632545,0.0078035308209361,0.009794255456213097,10.604496206702601,9.855056722230401
3.9599999999999596,19.099080000000075,0.014972678639007975,21.394572229619904,0.007385040271084331,0.009723826560951165,10.606731215675106,9.854499820516775
3.9699999999999593,19.147310000000076,0.014908595879204678,21.39812227966189,0.007390669446758813,0.009770162782742897,10.608293551366732,9.854186838883008
3.979999999999959,19.195540000000076,0.014900829315691477,21.40165750285173,0.007431543538797325,0.009785936565574915,10.609822369401137,9.853822251949273
3.989999999999959,19.243770000000076,0.014896147249032488,21.405190969143543,0.007455310358818745,0.009792418827382354,10.611347591122712,9.853451093492357
3.9999999999999587,19.292000000000076,0.014892022722850007,21.408724578801312,0.0074810158261103266,0.009796385695654497,10.612873739058251,9.853080897701204
4.009999999999959,19.340230000000076,0.014887655316883464,21.412258287254307,0.007506597027123807,0.009799533106015279,10.614399763868555,9.85271069553279
4.019999999999959,19.388460000000077,0.01488309630622725,21.41579208448931,0.007532267800242853,0.009802325103210552,10.61592578177318,9.852340545044138
4.0299999999999585,19.436690000000077,0.014878323419884487,21.41932597158187,0.007557978424458323,0.009804931575699116,10.617451776973752,9.851970423895985
4.039999999999958,19.484920000000077,0.014873341782918936,21.422859948839488,0.007583738753512759,0.009807401216952227,10.61897775167162,9.85160033906917
4.049999999999958,19.533150000000077,0.014868150251688361,21.42639401654986,0.007609547231768543,0.009809750125781946,10.620503705137011,9.851230289531243
4.059999999999958,19.581380000000078,0.014862748992654107,21.429928174915517,0.007635404201948748,0.009811983166614469,10.62202963743628,9.850860275802942
4.069999999999958,19.629610000000078,0.014857137912572094,21.433462424137566,0.007661309717653497,0.009814101900975425,10.623555548579862,9.850490298088143
4.079999999999957,19.677840000000078,0.01485131697046066,21.436996764410594,0.007687263904543662,0.009816106793516022,10.625081438608575,9.850120356660412
4.089999999999957,19.726070000000078,0.014845286113827016,21.440531195928298,0.007713266880238101,0.009817997973167014,10.62660730756412,9.849750451777808
4.099999999999957,19.77430000000008,0.01483904529215302,21.44406571888359,0.0077393187657524565,0.009819775460190527,10.628133155489898,9.849380583700977
4.109999999999957,19.82253000000008,0.014832594454128156,21.44760033346903,0.007765419682151664,0.009821439240882746,10.629658982429417,9.849010752689248
4.119999999999957,19.87076000000008,0.014825933548436365,21.451135039876824,0.0077915697508650905,0.009822989290682704,10.631184788426102,9.848640959001461
4.129999999999956,19.91899000000008,0.014819062523449167,21.454669838299058,0.007817769093508564,0.009824425581682172,10.632710573523216,9.848271202895852
4.139999999999956,19.96722000000008,0.014811981327316426,21.45820472892729,0.00784401783188432,0.009825748084989039,10.63423633776381,9.847901484629936
4.149999999999956,20.01545000000008,0.014804689908031354,21.461739711953026,0.007870316087917661,0.009826956771477824,10.635762081190698,9.847531804460663
4.159999999999956,20.06368000000008,0.014754389711094995,21.46470892949348,0.008611865085042636,0.009985570131131993,10.637097249502673,9.847578939235424
4.1699999999999555,20.11191000000008,0.01567210896393212,21.470610224482183,0.008085597827635682,0.010225847013077716,10.639314933972555,9.846559335042562
4.179999999999955,20.16014000000008,0.014585403020272003,21.466572416785496,0.007564412056411729,0.011163685349036556,10.637838735475746,9.846637611841823
4.189999999999955,20.20837000000008,0.014555138408197166,21.472361029797664,0.0082826397652635,0.010161198620432799,10.6399676650521,9.846834355795288
4.199999999999955,20.25660000000008,0.01258939564098338,21.479995258578217,0.012371457725689483,0.009262294653268888,10.643074443438604,9.84725501391446
4.209999999999955,20.30483000000008,0.012260775196080376,21.4779932280183,0.010876971300708693,0.006412173671485277,10.638772044786764,9.846219426094098
4.2199999999999545,20.35306000000008,0.02456885436377576,21.484484821981884,0.00817528714672383,0.012773280068733406,10.646056666272258,9.844412217270305
4.229999999999954,20.40129000000008,0.01794703526315028,21.477252522303054,0.0006588268966025712,0.01159333037029292,10.643754272282246,9.843355620958901
4.239999999999954,20.44952000000008,0.004267469574198879,21.471437304004272,0.01181658487565701,0.012088656760335603,10.641509438754712,9.849549265968498
4.249999999999954,20.49775000000008,-0.04389798936400563,21.4609215076452,0.038337833962360124,-0.019422745501241956,10.614957962573452,9.857656822804591
4.259999999999954,20.545980000000082,0.012459199753619532,21.49968283877466,0.022053859320808,0.00562469593481052,10.648494919563184,9.846974053251337
4.269999999999953,20.594210000000082,0.014244984663511706,21.5043705618858,0.009482591637799576,0.008723489500472081,10.653199142904741,9.843420733751428
4.279999999999953,20.642440000000082,0.014742330864993491,21.50771578743769,0.008390946262998689,0.009379768115471143,10.655514238702741,9.842700225600026
4.289999999999953,20.690670000000082,0.01466581462246358,21.51123733940452,0.008254611251639954,0.00968765834567259,10.657106530448337,9.842365122005457
4.299999999999953,20.738900000000083,0.014672425458733429,21.514775328657684,0.008275245094030048,0.009781996186907005,10.658645313177784,9.841991093149806
4.3099999999999525,20.787130000000083,0.01521962765674667,21.516554171452587,0.009454196726723152,0.01037042119442333,10.659173999605503,9.842254173523951
4.319999999999952,20.835360000000083,0.014329326755044391,21.52179906512361,0.008535048647462906,0.009748484876465291,10.661574641765238,9.841303994060166
4.329999999999952,20.883590000000083,0.014628665798778695,21.525392810444142,0.008374004823485992,0.009824500239650091,10.663212867078313,9.84088234402279
4.339999999999952,20.931820000000084,0.014621539033999209,21.52892291518615,0.008381528379939496,0.00983012004167727,10.664745939830627,9.840515866082194
4.349999999999952,20.980050000000084,0.01612574745570461,21.53117044938697,0.005350956065156731,0.010431037749945027,10.666330483274894,9.838990024616374
4.3599999999999515,21.028280000000084,0.014874249301825293,21.53596082606368,0.008096208667450588,0.009980388557023545,10.668005174608652,9.839684148458556
4.369999999999951,21.076510000000084,0.014252620406603467,21.537780700605456,0.006935758269505543,0.009781872002363579,10.668307121946425,9.838716672722825
4.379999999999951,21.124740000000084,0.014495166838068396,21.543028972056433,0.008887594269480714,0.00981359956619382,10.67086403434883,9.839159890744927
4.389999999999951,21.172970000000085,0.01456004767459984,21.546614654513814,0.008533698154179759,0.009825319141684996,10.672351247852305,9.838682965605765
4.399999999999951,21.221200000000085,0.014553737197462668,21.55014560503547,0.008551262550761385,0.009820278703960683,10.673898114341094,9.838303034916102
4.40999999999995,21.269430000000085,0.01454095975185482,21.553682272848057,0.00857139335488033,0.009818646997150515,10.675423683796435,9.837934135942287
4.41999999999995,21.317660000000085,0.014528206445489189,21.557219866935284,0.008599736639425481,0.009816537826923932,10.676949448104034,9.837565806729128
4.42999999999995,21.365890000000086,0.014516651120581148,21.560559572317054,0.008621440664841662,0.009819192098648843,10.678472204525523,9.83720196312358
4.43999999999995,21.414120000000086,0.014498419826033282,21.56429417748737,0.008653670659966917,0.009814697669670636,10.68000055680919,9.836827562475479
4.4499999999999496,21.462350000000086,0.014489983532273154,21.56783324992629,0.00868329155970654,0.009810355766772028,10.68152497613178,9.836460465394321
4.459999999999949,21.510580000000086,0.01447412895814082,21.571371081582107,0.008710785119550368,0.009807865945354377,10.683050003872307,9.83609198292411
4.469999999999949,21.558810000000086,0.014460118305551328,21.57490908360981,0.00873875319445494,0.009805369783382811,10.684575123580208,9.835723660092647
4.479999999999949,21.607040000000087,0.014807253768676087,21.578474296802177,0.008392771254936482,0.010299533257695115,10.68575842616844,9.8350308384881
4.489999999999949,21.655270000000087,0.014174861755783752,21.58199076534827,0.009138091991105601,0.009763239345467523,10.687595599638215,9.835095009551623
4.4999999999999485,21.703500000000087,0.014404290350296722,21.5855226675908,0.008845260199228211,0.009806070504319142,10.689125852387829,9.834626971131623
4.509999999999948,21.751730000000087,0.013773209491103777,21.591965276222993,0.008856522066986172,0.00963583351437497,10.691924531540751,9.83389351870543
4.519999999999948,21.799960000000087,0.014236973800307307,21.592696117372498,0.0088891234299589,0.009755699173250754,10.692238584531179,9.833903591922097
4.529999999999948,21.848190000000088,0.014348566359247084,21.596124780076977,0.008914467692299921,0.009786430744303132,10.693715347687425,9.833520453713955
4.539999999999948,21.896420000000088,0.014796363941471324,21.599367466927205,0.008929975128566858,0.009936346561587928,10.695193239500082,9.833154090812606
4.549999999999947,21.944650000000088,0.014676633465331046,21.60209345433215,0.00929542285436763,0.009708031502264902,10.696332364127185,9.833045219955615
4.559999999999947,21.99288000000009,0.014539862906320644,21.606723192722306,0.008969989732549477,0.009818558979414194,10.698268165656708,9.832398413037353
4.569999999999947,22.04111000000009,0.01432873059372497,21.610300325157603,0.009020811575799148,0.009771717248108658,10.69982866831026,9.832040136989153
4.579999999999947,22.08934000000009,0.014296186558877877,21.613834513499974,0.009048385790230595,0.009768691224450843,10.701350113130788,9.831674742773739
4.589999999999947,22.13757000000009,0.014275297472385928,21.617373270013733,0.009078392776943833,0.009766307930852647,10.702874847448525,9.831307464325837
4.599999999999946,22.18580000000009,0.014258242230547613,21.620912628346197,0.009106950336958464,0.009762814965650346,10.704399645423582,9.830939650886892
4.609999999999946,22.23403000000009,0.014241098901083993,21.62445206848548,0.009135707341447419,0.00975894064302929,10.705924477669871,9.830572017495124
4.619999999999946,22.28226000000009,0.014223859520941018,21.627991605744715,0.009164471337594904,0.009754832476473296,10.707449283698681,9.83020440178362
4.629999999999946,22.33049000000009,0.014206408765833678,21.63153124394645,0.009193294535248808,0.009750569967791889,10.708974073784972,9.829836842234101
4.6399999999999455,22.37872000000009,0.014188748420500441,21.63507098362672,0.009222171663517575,0.00974617679411205,10.710498845039996,9.829469330651028
4.649999999999945,22.42695000000009,0.014170874949623768,21.63861082492629,0.009251104765081175,0.00974166319878822,10.712023597516117,9.829101869713408
4.659999999999945,22.47518000000009,0.01415278844204404,21.642150768044615,0.009280093760292984,0.00973703248906771,10.713548331099677,9.828734459070576
4.669999999999945,22.52341000000009,0.014134488728847816,21.645690813161462,0.009309138837516828,0.009732285926749573,10.715073045808959,9.828367099102174
4.679999999999945,22.57164000000009,0.014115975755239318,21.649230960457277,0.009338240116402663,0.009727423928373946,10.716597741666416,9.827999789996587
4.689999999999944,22.61987000000009,0.014097249455659988,21.65277121011037,0.009367397728215765,0.009722446634499504,10.718122418701064,9.827632531989558
4.699999999999944,22.66810000000009,0.014078309767832808,21.656311562298733,0.009396611802520494,0.00971735408014518,10.719647076943016,9.82726532530427
4.709999999999944,22.71633000000009,0.014059156629110336,21.659852017199956,0.009425882469664304,0.009712146264279575,10.721171716422745,9.826898170166476
4.719999999999944,22.764560000000092,0.011901392191527693,21.661326121141713,0.010753526891063181,0.00934399508483208,10.721418904724345,9.827245246801295
4.729999999999944,22.812790000000092,0.013324400727551589,21.666866414916786,0.009860166959156647,0.009536865368255765,10.72406309953652,9.826264168655213
4.739999999999943,22.861020000000092,0.013926032519520515,21.670483187065766,0.009563495370019104,0.009688837858845223,10.725724938664351,9.825803225428345
4.749999999999943,22.909250000000092,0.01370328210861016,21.673798317198823,0.009319073251509269,0.009520724902902289,10.727338611564894,9.825342981717396
4.759999999999943,22.957480000000093,0.013957724205510502,21.67755715009571,0.009534205809355822,0.009675088817645894,10.728817881585172,9.825051568753263
4.769999999999943,23.005710000000093,0.013936921849545647,21.68109679938982,0.009597999572395932,0.009672855127471902,10.73032229086036,9.82469614325971
4.7799999999999425,23.053940000000093,0.01391907639860196,21.684638109925896,0.009631674262845391,0.009670183997739168,10.731844216825927,9.824329356853896
4.789999999999942,23.102170000000093,0.013898092810300189,21.688179372325543,0.009661977070195782,0.00966549524154392,10.733368240494677,9.82396280723878
4.799999999999942,23.150400000000094,0.013877163975392848,21.69172076241896,0.009691866374711477,0.009659782993955812,10.734892651349668,9.82359612169229
4.809999999999942,23.198630000000094,0.013857993985232686,21.695064579547367,0.009716233446177003,0.009658207743862612,10.736414714185159,9.823234337308177
4.819999999999942,23.246860000000094,0.013831044241607693,21.698802624480784,0.009749878048988025,0.009649724726842668,10.737942401517849,9.822861564931246
4.8299999999999415,23.295090000000094,0.013815132571244615,21.702345661487666,0.00978197958323912,0.009640930204997955,10.739466031204703,9.822496500460684
4.839999999999941,23.343320000000094,0.013790756450907382,21.705887397776905,0.009811579693643324,0.009634001712994056,10.740990310334286,9.82212993543107
4.849999999999941,23.391550000000095,0.013768680688161783,21.709429266089035,0.009841701864478913,0.009627129177694205,10.742514714000643,9.821763536710957
4.859999999999941,23.439780000000095,0.013551548087344878,21.711615428161537,0.010358821148689412,0.009792822133953327,10.743650195642163,9.821951312308208
4.869999999999941,23.488010000000095,0.013256744532989417,21.716448950486335,0.009623291311514237,0.009436955342440378,10.745545464890377,9.820939147721043
4.87999999999994,23.536240000000095,0.013665200237711894,21.720063972006482,0.009920831695721999,0.009581900058074577,10.747118074113974,9.82065444381643
4.88999999999994,23.584470000000096,0.01366395236649387,21.72359874741987,0.009955476946496622,0.009591897066678234,10.748614182342472,9.820298344266796
4.89999999999994,23.632700000000096,0.013653843410083633,21.727140385800716,0.009993192143126273,0.009588711496546887,10.750137087029303,9.81993222621477
4.90999999999994,23.680930000000096,0.013632589465579437,21.730485374813416,0.010017565938118145,0.009587424764747665,10.751658250538998,9.819571066480787
4.9199999999999395,23.729160000000096,0.013604179701622254,21.734224340897605,0.010052138280205958,0.009578369357140848,10.753185799130524,9.81919882483153
4.929999999999939,23.777390000000096,0.01358622768385137,21.73776846761956,0.010084797025780023,0.009568568985092285,10.754709191942357,9.818834337510932
4.939999999999939,23.825620000000097,0.013565732409637155,21.74078525509776,0.010936588155737559,0.009721640346136595,10.756053718280143,9.818912453892422
4.949999999999939,23.873850000000097,0.013421024323294228,21.7448389904101,0.010136739525711258,0.009555379317794876,10.75769684992056,9.81809261765421
4.959999999999939,23.922080000000097,0.013507475590227525,21.748399133790485,0.010192018248641577,0.009554913338800652,10.759282168359071,9.81773717469988
4.9699999999999385,23.970310000000097,0.013482717300208003,21.75194066683624,0.010206835212537457,0.009540821936426858,10.760804515849223,9.817371135350935
4.979999999999938,24.018540000000097,0.01346122408601591,21.75548376186738,0.010238803084248294,0.009529615014348514,10.762329958259292,9.817005412658027
4.989999999999938,24.066770000000098,0.013435786865044264,21.759027170009922,0.010268949564071594,0.009520120710301005,10.763854049131021,9.816639657236164
4.999999999999938,24.115,0.013410589015272367,21.762570679712788,0.010299969925306907,0.009511146059178355,10.765378226849915,9.816274092533178
5.009999999999938,24.066769999999998,0.013289762043505404,21.759269581016746,0.010287323090541756,0.009444557923790509,10.763932359842212,9.816689429475712
5.019999999999937,24.018539999999998,0.0160704064811924,21.753927852687923,0.008710460501736406,0.010192816491025103,10.76239279458889,9.816829142933699
5.029999999999937,23.970309999999998,0.014007757635747076,21.752064406034485,0.0094835951167489,0.009654124449063162,10.761024421926999,9.817207885273103
5.039999999999937,23.922079999999998,0.013434341933397376,21.748607535966997,0.010113636573355067,0.009475820814591196,10.759398741782967,9.81777277619836
5.049999999999937,23.873849999999997,0.0133735848868754,21.7450538050688,0.010154994802326678,0.009461129962358927,10.757816115104406,9.81816181765185
5.0599999999999365,23.825619999999997,0.0133823971506693,21.741509367077377,0.010145017424930125,0.00946301314952841,10.756284404217151,9.818530860609236
5.069999999999936,23.777389999999997,0.013439719129757999,21.73831219773755,0.010707444567508662,0.009517090080051027,10.754664250931064,9.819121775617358
5.079999999999936,23.729159999999997,0.013369612714957346,21.734425184705895,0.010185128237753527,0.009438439821602584,10.753179623765904,9.819290377056916
5.089999999999936,23.680929999999996,0.013446698708520832,21.730879189237974,0.010073345592833238,0.009477596582689651,10.751700726195224,9.8196319934172
5.099999999999936,23.632699999999996,0.013474605695130926,21.727336665894086,0.010028101928280297,0.009490266589741336,10.750183369031605,9.81999530052035
5.1099999999999355,23.584469999999996,0.01349987311180878,21.72379388713881,0.009995574864685108,0.009499346656696273,10.748660476060332,9.820360885948258
5.119999999999935,23.536239999999996,0.011469251130155067,21.71773923222474,0.008804796304462292,0.00854572110097096,10.746453382389076,9.820706648477966
5.129999999999935,23.488009999999996,0.013430383773416099,21.71660673943903,0.009498069009776344,0.009463933561458193,10.745721566358378,9.820951810282779
5.139999999999935,23.439779999999995,0.013519697789932505,21.713180778849626,0.00985084670178793,0.009505765306144165,10.74413614285513,9.821445079795717
5.149999999999935,23.391549999999995,0.013589718925986483,21.70962479464018,0.009862125891569262,0.009522826828233077,10.742569773715111,9.821822807557776
5.159999999999934,23.343319999999995,0.0136133508793152,21.706081025870052,0.009841991697317476,0.009534563133029195,10.741039813191726,9.822191325706497
5.169999999999934,23.295089999999995,0.01363787130549432,21.70253880868102,0.00981268503846816,0.009543244725677802,10.739514426506599,9.822557491830697
5.179999999999934,23.246859999999995,0.013155057795770586,21.69895243655884,0.009860170355071751,0.009846203244317786,10.737673868239998,9.822989446302223
5.189999999999934,23.198629999999994,0.012976972755801897,21.695433882654427,0.009887985523499065,0.009324463746908596,10.736427747484317,9.823334240891198
5.199999999999934,23.150399999999994,0.015165695069366103,21.69239078642726,0.00922886159284475,0.009283462488574812,10.735668042205772,9.823492239984038
5.209999999999933,23.102169999999994,0.014750552532903971,21.688395714597306,0.009241433614935013,0.009832914786684133,10.733528401425364,9.823886644977192
5.219999999999933,23.053939999999994,0.013848460837007637,21.684826957408262,0.00961320202221666,0.00958479957187236,10.731919848056332,9.824379876923256
5.229999999999933,23.005709999999993,0.013793852139344864,21.681287189085374,0.009620493634460325,0.009582143892358008,10.730371259971042,9.824753396821375
5.239999999999933,22.957479999999993,0.013791605324396217,21.677746039765005,0.009601977482718238,0.009589255425943577,10.72884352256722,9.825123042412237
5.2499999999999325,22.909249999999993,0.013414744958326397,21.67437667466017,0.009578159616828397,0.009464377140628366,10.727369394164329,9.825484102252002
5.259999999999932,22.861019999999993,0.013763617038975384,21.670666344221868,0.009541133340674912,0.009577892305905056,10.725797642571969,9.825854680286001
5.269999999999932,22.812789999999993,0.013838836221063189,21.66712158231232,0.009514767252992273,0.009604745571745121,10.724269181036867,9.826223976849485
5.279999999999932,22.764559999999992,0.01386952843027206,21.66358093082093,0.009485058032345173,0.009612985661160478,10.722744065212758,9.826590210023465
5.289999999999932,22.716329999999992,0.013890479579063031,21.6600400014092,0.00945551402408501,0.00961940153436891,10.721219331763605,9.826957211652967
5.299999999999931,22.668099999999992,0.013910487538880745,21.65649910322872,0.009426056569415142,0.009625212320930443,10.71969462349617,9.827324148997421
5.309999999999931,22.61986999999999,0.01392997783511113,21.65295831172534,0.009396684313679349,0.009630734614246017,10.718169902843082,9.827691179143176
5.319999999999931,22.57163999999999,0.013371811176761284,21.64996823609116,0.009506350465936286,0.009608652839853404,10.716847621869746,9.82802692182087
5.329999999999931,22.52340999999999,0.013700409849223216,21.645897696617837,0.00941424867727364,0.009571171709831794,10.715112524357249,9.82845092998176
5.339999999999931,22.47517999999999,0.013960261503782767,21.642333018870236,0.00931930216862581,0.00964223325585245,10.713588837898989,9.828795773640858
5.34999999999993,22.42694999999999,0.013999812370407316,21.638795881454794,0.009282105626733539,0.00965113683480362,10.712069918325906,9.829160326955844
5.35999999999993,22.37871999999999,0.014023544437713975,21.635255903960942,0.009250995342338197,0.0096561260722422,10.710545869787905,9.829527068821104
5.36999999999993,22.33048999999999,0.014042070387311367,21.631715716042205,0.009221768297901889,0.009660935433802642,10.709021157348474,9.829894434250157
5.37999999999993,22.28225999999999,0.01617751637096565,21.62754356171883,0.010066797994257248,0.010531769491085308,10.707058979881943,9.830707100110429
5.3899999999999295,22.23402999999999,0.014411563299618402,21.624608989621752,0.009202257260226387,0.009813263819675455,10.705887859820928,9.830636530098086
5.399999999999929,22.18579999999999,0.014148087616143556,21.621099798430485,0.00914144745298262,0.009702737130546146,10.704443021441662,9.830992774224752
5.409999999999929,22.13756999999999,0.014119267710209327,21.61755637297328,0.009105163556676898,0.009688589314551743,10.702920635421101,9.831364215862909
5.419999999999929,22.08933999999999,0.014131411189195198,21.614016333574487,0.009077530599723993,0.009686339048067594,10.7013966627526,9.831731791911483
5.429999999999929,22.04110999999999,0.014230734978235737,21.61083921479636,0.009432659546052602,0.009818213690404809,10.700011905153458,9.832262264580995
5.4399999999999284,21.99287999999999,0.014167055685323449,21.606945105802012,0.008990702308265541,0.009724993127503412,10.698329442426536,9.832457593124317
5.449999999999928,21.94464999999999,0.014180277166297717,21.603396557096858,0.008992549641374858,0.00970645149260102,10.696822642216382,9.832833791004976
5.459999999999928,21.89641999999999,0.014196145699858276,21.599858525363437,0.008962129470319657,0.009702875655884957,10.695296557592675,9.833202530934805
5.469999999999928,21.84818999999999,0.014212274440442096,21.596319508227573,0.008934631655629521,0.009703481759604893,10.693771815243808,9.833570476704732
5.479999999999928,21.799959999999988,0.01422802925726424,21.592780427432835,0.008906076864153345,0.009705942666742351,10.692246711104765,9.833938303277455
5.489999999999927,21.751729999999988,0.014243648720138391,21.589241455263235,0.008877751727252747,0.009708931906489415,10.690721657200802,9.834306230515978
5.499999999999927,21.703499999999988,0.014259040667343792,21.585702584070695,0.008849445286210234,0.009712039632026603,10.689196569612246,9.834674195053202
5.509999999999927,21.655269999999987,0.014274222971177919,21.582163812486428,0.008821198186862222,0.009715111846980817,10.687671463696866,9.835042208490902
5.519999999999927,21.607039999999987,0.01428919125527145,21.57862514009343,0.0087930040471767,0.009718097276490978,10.686146337349339,9.835410268363908
5.5299999999999265,21.558809999999987,0.014303946551038005,21.57508656665152,0.008764864331698763,0.009720977161724542,10.684621191229127,9.835778375025349
5.539999999999926,21.510579999999987,0.014318488687288466,21.571548091959222,0.008736778708230308,0.009723745097506953,10.683096025289348,9.836146528124964
5.549999999999926,21.462349999999986,0.014332817772462092,21.56800971582529,0.008708747122019522,0.009726398817807624,10.68157083954127,9.836514727454446
5.559999999999926,21.414119999999986,0.013490601739748587,21.565142313068847,0.008509740305439384,0.009822553195193207,10.680494056474664,9.836893473017021
5.569999999999926,21.365889999999986,0.01388708220842777,21.56094099261764,0.008447613990293534,0.0096417155239234,10.678563924396961,9.83719492187582
5.5799999999999255,21.317659999999986,0.01243468598641112,21.552431715984525,0.00782553054892815,0.008642414640328,10.673861255397732,9.83755562811376
5.589999999999925,21.269429999999986,0.014599905137524682,21.553694276656792,0.009315278346785583,0.009790024434108147,10.675350340200026,9.838187278761986
5.599999999999925,21.221199999999985,0.013442446557400123,21.550426361885634,0.010441192086000806,0.009480238431016863,10.6729820377093,9.839029416459647
5.609999999999925,21.172969999999985,0.01429433563168625,21.546780480789167,0.009218791675523252,0.00968270163124113,10.672212577548915,9.838908605530747
5.619999999999925,21.124739999999985,0.012890301922305836,21.541447452509814,0.009305273318174268,0.010101132946318425,10.669503558747534,9.839722245087767
5.629999999999924,21.076509999999985,0.013702495274917237,21.539623427602127,0.008773596013080975,0.009674246672772335,10.66924506465166,9.839528156637996
5.639999999999924,21.028279999999985,0.014385773315090722,21.53618079538383,0.008480448712055055,0.009783405802564205,10.667834616925084,9.83983032345216
5.649999999999924,20.980049999999984,0.014454900598574683,21.532632457603302,0.008435557635217306,0.009763398144832014,10.666316813464,9.840199600768388
5.659999999999924,20.931819999999984,0.01311833853636557,21.526612888718216,0.0093957907123286,0.009186843642120412,10.662926055649034,9.841144702837346
5.6699999999999235,20.883589999999984,0.014548820547416907,21.525474773830673,0.008900413688462006,0.009797813710640868,10.663099776062994,9.841078105930574
5.679999999999923,20.835359999999984,0.014497360650052082,21.522033092108266,0.008386537033131192,0.009765914999649461,10.661712816639273,9.841311449782065
5.689999999999923,20.787129999999983,0.01350908616869212,21.51718469369126,0.008564144521960193,0.009553111191752006,10.659518938603767,9.84189461947579
5.699999999999923,20.738899999999983,0.014236137897200019,21.514904142769012,0.008418980231384154,0.009682368796057494,10.658644358975966,9.842074452662501
5.709999999999923,20.690669999999983,0.015024582858024382,21.510089472117173,0.008959405181791058,0.009797973152779638,10.656114155607689,9.842750081988134
5.7199999999999225,20.642439999999983,0.014851408286879086,21.50782979243128,0.008553750755314726,0.009853091399023295,10.655530136531748,9.842866772719994
5.729999999999922,20.594209999999983,0.014580183226882926,21.50434279940022,0.008234010205721842,0.009765233101025228,10.65409486694573,9.843152616034974
5.739999999999922,20.545979999999982,0.014888298200817884,21.5023171516574,0.009361283201901827,0.009674357735327654,10.652667704527458,9.843714559776547
5.749999999999922,20.497749999999982,0.014902376523824201,21.49829170745836,0.008451616513254157,0.009773600191870069,10.651558024694145,9.843906750434638
5.759999999999922,20.449519999999982,0.014697888784571955,21.493751559722202,0.008022539569188636,0.009801518059234626,10.649542277446832,9.844227586722559
5.769999999999921,20.40128999999998,0.014603777484401614,21.490184280252933,0.00809899502591449,0.009761362025350162,10.648014693554359,9.8446239742832
5.779999999999921,20.35305999999998,0.016130975997836305,21.48634429650242,0.008947687821871164,0.01075808969243458,10.64596474575207,9.845386149687194
5.789999999999921,20.30482999999998,0.014549100718346919,21.483096245520386,0.008229232395057906,0.009801712993476652,10.644865195347958,9.84541855720439
5.799999999999921,20.25659999999998,0.014625128057826009,21.47958459668203,0.008037757930057732,0.009775037605526615,10.643424011476556,9.845731390111313
5.809999999999921,20.20836999999998,0.013849165624054971,21.47727856416836,0.007193309875087095,0.009259953377281083,10.642437009858963,9.845624672734447
5.81999999999992,20.16013999999998,0.014727722771880003,21.472542800857873,0.007917640405766924,0.00974793967205867,10.640455971507837,9.846462394981927
5.82999999999992,20.11190999999998,0.012830043180262263,21.473656682437404,0.010285726650906601,0.009433942974712117,10.639376118605316,9.847006870007512
5.83999999999992,20.06367999999998,0.015240834141121928,21.46362920754926,0.009811518090772242,0.009867905267526289,10.636082950148566,9.847988680698574
5.84999999999992,20.01544999999998,0.01552531604935048,21.46547736299395,0.006930595790367922,0.009770534010522747,10.636518838137354,9.846455577481105
5.8599999999999195,19.96721999999998,0.015464301944817516,21.45848771085467,0.008289655395910422,0.010076384583994236,10.634316346225926,9.848081987298794
5.869999999999919,19.91898999999998,0.014722581231113252,21.454816741529687,0.007859991157455837,0.009799779867608494,10.63271058155641,9.848340988297364
5.879999999999919,19.87075999999998,0.015118363245453403,21.44857905662564,0.007361175369055006,0.01007496645896161,10.630723538329196,9.849105972702588
5.889999999999919,19.82252999999998,0.016135408941340634,21.446836112214896,0.006824106671840802,0.009696011948574668,10.629571010135884,9.848845156595903
5.899999999999919,19.77429999999998,0.01603351505644196,21.445632483854737,0.005190996387471503,0.009559465678995183,10.629093536617802,9.848092272777532
5.909999999999918,19.72606999999998,0.02290177460777204,21.44434544351229,0.010830955799418285,0.01143601251156251,10.626575121798322,9.850069983379765
5.919999999999918,19.67783999999998,0.0166390946210771,21.437296678851588,0.00908937936214771,0.010055416913621884,10.624765298113314,9.850600232949807
5.929999999999918,19.62960999999998,0.012606073751428248,21.44195265339362,0.002384306471570785,0.0064729077770864785,10.627608857487148,9.847051678892658
5.939999999999918,19.581379999999978,0.016891376975812056,21.43038009137094,0.0074440156050715744,0.010219920601629573,10.622549148417901,9.850866187379033
5.949999999999918,19.533149999999978,0.019471442304412223,21.433132812700844,0.006266108777689128,0.01141408000303551,10.622352284155184,9.849565686280249
5.959999999999917,19.484919999999978,0.01594989429170207,21.423225620798185,0.00827829144960257,0.010152282820185543,10.61905805722444,9.851871162852293
5.969999999999917,19.436689999999977,-0.002102249718213711,21.437982640300135,0.008509658550713062,0.005107524998676172,10.621994393105838,9.8496036850173
5.979999999999917,19.388459999999977,0.0023691069454221947,21.415977290888392,0.014095709475629936,0.008224540621258492,10.615847863355572,9.854988372170036
5.989999999999917,19.340229999999977,0.034400252446236124,21.42964371975207,0.007033626007353411,0.013357680972308827,10.615892210671577,9.848202630738687
5.9999999999999165,19.291999999999977,0.008206750236407045,21.411837751169024,0.01442580179402747,0.004952136570566701,10.613411697967525,9.854670145746006
6.009999999999916,19.243769999999977,0.015694437440366638,21.40539899655802,0.008038533894343669,0.010205729757519044,10.610936439910327,9.853777502917088
6.019999999999916,19.195539999999976,-0.004638137930523922,21.387315064320003,0.02795100181801108,0.004302451153462783,10.595134302904704,9.863370189421987
6.029999999999916,19.147309999999976,0.010276357624498245,21.397773575426303,0.012338074588874315,0.007959335644805943,10.606280649178052,9.855593349855283
6.039999999999916,19.099079999999976,0.01448899477893778,21.394830033503617,0.0077457250626802865,0.009578897327448876,10.606577407504279,9.854605265821926
6.0499999999999154,19.050849999999976,0.014781258559617594,21.391218982185247,0.0073821761463337965,0.009682462443952877,10.605270847921524,9.854958660639337
6.059999999999915,19.002619999999975,0.014784376536411292,21.38767825450864,0.007347837241273025,0.009696138621223205,10.603758378782267,9.85534800319157
6.069999999999915,18.954389999999975,0.014785592799929359,21.38414524892706,0.007322943105791846,0.009701431780063496,10.602232900490131,9.855718840930914
6.079999999999915,18.906159999999975,0.014788878769153302,21.38061191282607,0.00729714010430238,0.009701242469122517,10.600706652271114,9.856089031108992
6.089999999999915,18.857929999999975,0.014791807415195257,21.37707858533646,0.007271800602035139,0.009698659335930782,10.599180357951926,9.856459319774258
6.099999999999914,18.809699999999975,0.014793394000400972,21.373743697892365,0.007252649252641463,0.00969051923744696,10.597656459677518,9.85682510025914
6.109999999999914,18.761469999999974,0.014802376037511333,21.3700937808477,0.007228648162122542,0.009688392750838826,10.596130165104057,9.857199395334318
6.119999999999914,18.713239999999974,0.013662688837225156,21.36525670992426,0.006939453625491587,0.008100626330081462,10.593558578216832,9.857517027573719
6.129999999999914,18.665009999999974,0.015549422237195742,21.362903337983077,0.007408540026247745,0.009763016021535398,10.593038896730357,9.858006338715768
6.1399999999999135,18.616779999999974,0.014852643066082805,21.359422104518075,0.007157244735439938,0.009663905452113819,10.591536267406202,9.85831892265642
6.149999999999913,18.568549999999973,0.016878180218856675,21.354278688109424,0.008002092341359457,0.009977664886921589,10.588651174824419,9.859046052114962
6.159999999999913,18.520319999999973,0.015569259312000983,21.352303212310034,0.0075074675321514794,0.009891900403891762,10.588358224277354,9.859170339777851
6.169999999999913,18.472089999999973,0.013317313397310127,21.349166790681664,0.006655363716719376,0.009144281574025026,10.586944074697072,9.859231090849025
6.179999999999913,18.423859999999973,0.014645640327887677,21.345285975529226,0.0071055841001873565,0.009601774311514544,10.585461849359337,9.859808223912282
6.1899999999999125,18.375629999999973,0.014799367494304605,21.341749534277106,0.007027145929077994,0.009660512399985444,10.583912770103979,9.860169407437661
6.199999999999912,18.327399999999972,0.014811316090405535,21.33821762670926,0.006997575952663704,0.009652141093606681,10.582389257023094,9.860534713600542
6.209999999999912,18.279169999999972,0.014810248486874622,21.334685404373285,0.006971723053979362,0.0096474459672366,10.580862814692114,9.860905644907294
6.219999999999912,18.230939999999972,0.014810544764351119,21.331153201868442,0.006947164029179942,0.00964263885250033,10.579336270590485,9.861276402259081
6.229999999999912,18.18270999999997,0.014810503225369476,21.327621084404,0.0069225018329917565,0.009637601222867276,10.57780963558891,9.861647162316132
6.239999999999911,18.13447999999997,0.014810271297110544,21.324089052041387,0.006897899211302516,0.0096323795691588,10.576282987479495,9.862017941743241
6.249999999999911,18.08624999999997,0.014809825209289307,21.320557104763157,0.00687334026479286,0.009627032227357335,10.574756315651376,9.862388751551606
6.259999999999911,18.03801999999997,0.014809170764923163,21.31702524236235,0.006848827280278413,0.009621566795280923,10.57322962116691,9.86275958886571
6.269999999999911,17.98978999999997,0.014808306991234088,21.31349346465322,0.006824359439928596,0.00961598690201193,10.571702903761922,9.863130453772785
6.2799999999999105,17.94155999999997,0.014807234083267395,21.309961771436605,0.0067999367148178225,0.009610293400122538,10.57017616341719,9.863501345899165
6.28999999999991,17.89332999999997,0.014805952060911676,21.306430162510626,0.00677555897150206,0.009604486624151365,10.568649400071141,9.863872264983108
6.29999999999991,17.84509999999997,0.014804460973739664,21.302898637672513,0.006751226095701335,0.00959856668726572,10.567122613672016,9.864243210733576
6.30999999999991,17.79686999999997,0.014802760865588016,21.299367196718993,0.006726937970683078,0.009592533650019552,10.565595804167327,9.864614182865141
6.31999999999991,17.74863999999997,0.01480085178103463,21.295835839446248,0.006702694480557603,0.009586387555020837,10.564068971504796,9.864985181090164
6.3299999999999095,17.70040999999997,0.01479873376416646,21.292304565650447,0.006678495509664262,0.009580128440093927,10.562542115631919,9.865356205120545
6.339999999999909,17.65217999999997,0.014796406858931355,21.288773375127207,0.006654340942536363,0.009573756341646755,10.56101523649602,9.865727254667439
6.349999999999909,17.60394999999997,0.01593887782304243,21.2836172614095,0.007094485029197295,0.009727180243433609,10.558157654444992,9.866318399537992
6.359999999999909,17.55571999999997,0.015269689332282899,21.281664520893855,0.006961855285849972,0.009713648644596562,10.55785689212069,9.866571612380909
6.369999999999909,17.50748999999997,0.014813646231305044,21.27818960153231,0.00659737074902339,0.0095637488119934,10.556417107477351,9.866843338026978
6.379999999999908,17.45925999999997,0.01478402964303771,21.274650121666717,0.006555851827871106,0.009545896066998183,10.554907283789586,9.867208966713434
6.389999999999908,17.41102999999997,0.014781116545339923,21.271118620645765,0.006533622327788369,0.009540765478477764,10.553380600524243,9.867582743478597
6.399999999999908,17.362799999999968,0.014778106536749769,21.267587964508998,0.006510365013011443,0.009533343114115578,10.551853498261792,9.867954088777324
6.409999999999908,17.314569999999968,0.014905607678503907,21.264255583194604,0.006491154439211666,0.009565814789755656,10.550329821879398,9.868319484132293
6.419999999999908,17.266339999999968,0.014781298796096298,21.260527660183214,0.006463205781616632,0.009515451359614402,10.548798462629524,9.868697600789485
6.429999999999907,17.218109999999967,0.014764410989529908,21.256996143287992,0.006438377374025694,0.009509489655442627,10.547272199902821,9.869067553323916
6.439999999999907,17.169879999999967,0.014761435137485235,21.25346598118306,0.006415196213786389,0.009503516493100328,10.545745178738606,9.869439109607097
6.449999999999907,17.121649999999967,0.014757029944868494,21.24993571881083,0.0063915401057015875,0.00949616749250648,10.54421801954007,9.86981039959515
6.459999999999907,17.073419999999967,0.014752209861097543,21.246405509326184,0.006367909113071779,0.00948847583147766,10.542690853109184,9.870181734291224
6.4699999999999065,17.025189999999967,0.014747167598020472,21.242875382621044,0.006344320039822604,0.009480649097998783,10.541163666405708,9.870553087728966
6.479999999999906,16.976959999999966,0.014741920855545765,21.239345336301263,0.006320775148969504,0.009472702645393627,10.539636455937226,9.870924463961794
6.489999999999906,16.928729999999966,0.014736465725526449,21.235815370156395,0.0062972728852033755,0.009464641194371182,10.538109221362141,9.871295861031996
6.499999999999906,16.880499999999966,0.01504768651426125,21.23235749947925,0.006251228303742473,0.00967690561481599,10.53655756940635,9.871695292866534
6.509999999999906,16.832269999999966,0.014609091215140979,21.228838330799846,0.00623618375385776,0.009399162316130805,10.535055495345503,9.872026125282517
6.519999999999905,16.784039999999965,0.014710894950485331,21.22522699040887,0.006226620609988021,0.009430815656483182,10.533529236316678,9.872410297981133
6.529999999999905,16.735809999999965,0.014712196578692549,21.22169624315682,0.006203891060009237,0.009431383612870159,10.532000054398335,9.872781844455425
6.539999999999905,16.687579999999965,0.014706323827630319,21.218166719900793,0.006180458110350173,0.009422509490317199,10.530472675884713,9.873153172073772
6.549999999999905,16.639349999999965,0.014699353608081334,21.214637245149838,0.006157146436629679,0.009413853569631536,10.528945302106807,9.873524665498488
6.559999999999905,16.591119999999965,0.014692451272497797,21.211107834266137,0.00613394292438596,0.00940504182080698,10.527417900847777,9.873896205707446
6.569999999999904,16.542889999999964,0.014685331522765077,21.207578501971987,0.006110778279698192,0.009396094903218188,10.52589047119104,9.87426776067595
6.579999999999904,16.494659999999964,0.01467800425002369,21.20404924791892,0.006087655283848803,0.009387025007415062,10.52436301728764,9.874639333963113
6.589999999999904,16.446429999999964,0.014670468561397254,21.200520071939376,0.006064573756988989,0.009377841100651374,10.522835538757818,9.875010925222663
6.599999999999904,16.398199999999964,0.01466272511233807,21.19699097381115,0.0060415337254665635,0.009368544585814431,10.521308035528598,9.875382534228308
6.6099999999999035,16.349969999999963,0.014654773854944292,21.19346195332463,0.006018535045923534,0.009359135947070052,10.519780507526264,9.875754160648409
6.619999999999903,16.301739999999963,0.014646614831754168,21.189933010267204,0.005995577608989666,0.009349615329374561,10.51825295469194,9.876125804173633
6.629999999999903,16.253509999999963,0.014638248077579186,21.186404144425826,0.005972661303628779,0.009339982804278169,10.516725376965631,9.876497464491289
6.639999999999903,16.205279999999963,0.0146296736285223,21.182875355587058,0.00594978601972207,0.009330238419021974,10.515197774287573,9.876869141288177
6.649999999999903,16.157049999999963,0.014620891519956825,21.17934664353699,0.0059269516472873485,0.009320382215093626,10.513670146597798,9.877240834250049
6.659999999999902,16.108819999999962,0.014611901787143333,21.175818008061526,0.005904158076583954,0.009310414232384656,10.512142493836159,9.877612543061861
6.669999999999902,16.060589999999962,0.01460270446497014,21.172289448946195,0.005881405198030765,0.009300334510463582,10.510614815942237,9.877984267407683
6.679999999999902,16.012359999999962,0.014593299588034292,21.168760965976176,0.005858692902226015,0.009290143088882541,10.509087112855417,9.878356006970678
6.689999999999902,15.964129999999962,0.01458368719065739,21.16523255893632,0.005836021080019682,0.009279840007294538,10.507559384514789,9.878727761433106
6.699999999999902,15.915899999999962,0.011684926950305374,21.16381858199263,0.003271787856870101,0.008148448691295052,10.507778933414066,9.877996369983556
6.709999999999901,15.867669999999961,0.014093681329628127,21.158223475156152,0.005279566414902737,0.009056829554043466,10.504734328847846,9.879321936685539
6.719999999999901,15.819439999999961,0.014555296482357427,21.154638253569612,0.005774433450663918,0.00924646665317902,10.502995257087036,9.879858810900906
6.729999999999901,15.77120999999996,0.013140425240959486,21.151061819627326,0.006329257832292101,0.008756306114539147,10.50102152739016,9.880475398843146
6.739999999999901,15.72297999999996,0.014230696946953059,21.147578952211923,0.0058733665178642425,0.00907705057896907,10.49986915708315,9.880629521273718
6.7499999999999005,15.67474999999996,0.014773913360098867,21.142750093129557,0.006387325159271151,0.009510806655491977,10.497729219374662,9.881522214047703
6.7599999999999,15.62651999999996,0.01464230489605306,21.142726499401107,0.007408727186317077,0.00899081683884001,10.497372017821714,9.881759932781167
6.7699999999999,15.57828999999996,0.008531556375499849,21.135303198134025,0.0060659996482956835,0.007419875497086836,10.494687854981965,9.882246295711392
6.7799999999999,15.53005999999996,0.012865135595960864,21.133410595106792,0.005526571435299998,0.008546596256472583,10.49379799539259,9.882026820790067
6.7899999999999,15.48182999999996,0.014463477471578667,21.12996162170925,0.005606677407271221,0.009147235429119105,10.492301992306889,9.882437651283404
6.7999999999998995,15.43359999999996,0.01448884098365133,21.126425807422276,0.005591285071064045,0.009162768819940104,10.490753657195025,9.882819354919565
6.809999999999899,15.38536999999996,0.015010092178122936,21.12294454763268,0.005048342063296685,0.009243727665575685,10.489566006322733,9.883030424713983
6.819999999999899,15.337139999999959,0.015120170708361469,21.119995776224147,0.004717151302859102,0.00905739397345734,10.487890449693811,9.883129673619951
6.829999999999899,15.288909999999959,0.014795696195884833,21.115857005416288,0.005538323451122262,0.009228627737739692,10.486205482897471,9.88393878268237
6.839999999999899,15.240679999999958,0.011440512559482141,21.1091152217804,0.005820086778878297,0.008849102709584944,10.482829839790833,9.884944651792004
6.849999999999898,15.192449999999958,0.01338610652771699,21.10868051839848,0.005604504444615022,0.008783226790774756,10.48303819340366,9.884701857748734
6.859999999999898,15.144219999999958,0.01436746436301578,21.105281114815135,0.005460359754199562,0.009090128347880755,10.481595825931882,9.885043776315602
6.869999999999898,15.095989999999958,0.01447911446866379,21.099531298759437,0.005898132592755789,0.008882668478505884,10.47833317749609,9.885656393672027
6.879999999999898,15.047759999999958,0.01670416020478971,21.093130500864337,0.0034525643882358237,0.010426724624735317,10.47677656166557,9.885609304998306
6.8899999999998975,14.999529999999957,0.00916638005568493,21.09180030673542,0.006000047044808554,0.008131700477443049,10.475531541135194,9.887013107243785
6.899999999999897,14.951299999999957,0.02283915873567849,21.09276910366635,0.009214083084244484,0.010875965738927185,10.473941138611595,9.887175484264253
6.909999999999897,14.903069999999957,0.01601322845216835,21.08299214916706,0.009353576005511344,0.00915461446669541,10.471560355732493,9.889074121663105
6.919999999999897,14.854839999999957,0.014654315919019112,21.083960564859247,0.005272727026604418,0.009126148051272376,10.472175468520938,9.887265477394688
6.929999999999897,14.806609999999957,0.01429094256478608,21.08059867104426,0.0052248881509284195,0.009005961501196924,10.470913327073053,9.887598099697529
6.9399999999998965,14.758379999999956,0.012570397177377901,21.07823814013826,0.004008327825431535,0.008252644908807283,10.470001906828694,9.887393259222243
6.949999999999896,14.710149999999956,0.014180747728396281,21.073544356216043,0.0051437856905183765,0.008933838092596957,10.467919884715283,9.88836192730026
6.959999999999896,14.661919999999956,0.014264529888574518,21.06998865189479,0.005255686201978527,0.008972631611442128,10.466300955208684,9.888783713316261
6.969999999999896,14.613689999999956,0.014233749299773946,21.066466728435778,0.005221261376867459,0.008946064234337747,10.46477098359808,9.889143284420545
6.979999999999896,14.565459999999955,0.014214467264230979,21.062940825260352,0.005195521745103848,0.008932159461318645,10.463243835074026,9.889513486229
6.989999999999895,14.517229999999955,0.014198910108461582,21.059414577886677,0.0051740628499474806,0.008918933154930642,10.461715501617666,9.889885659546604
6.999999999999895,14.468999999999955,0.014182948515934823,21.055888413198364,0.005152679519273451,0.0089052739376006,10.460186941683439,9.890257764847647
7.009999999999895,14.420769999999955,0.014166710851280573,21.052362320262255,0.005131251133729087,0.008891424993690777,10.458658366780284,9.890629823009379
7.019999999999895,14.372539999999955,0.014150265799052375,21.048836296104156,0.005109853194445568,0.008877461376465834,10.457129769335124,9.89100188380319
7.0299999999998946,14.324309999999954,0.014613368018908668,21.04306157319434,0.004830246676187255,0.008811769666387526,10.454658419813434,9.891500023776889
7.039999999999894,14.276079999999954,0.014383736678720116,21.041729971399363,0.005046618158779104,0.008932264551422042,10.454059993292786,9.89173622901706
7.049999999999894,14.227849999999954,0.014108389999050786,21.038270967333553,0.00504668135648817,0.008837777424666848,10.452550234117208,9.892117924522722
7.059999999999894,14.179619999999954,0.014077650403168551,21.034733650255724,0.005024897202947243,0.008817676894628035,10.451015321909948,9.892490252050468
7.069999999999894,14.131389999999953,0.014064329464803516,21.031207134856295,0.005003436969967079,0.008805877310722299,10.449486326380326,9.892862267923945
7.0799999999998935,14.083159999999953,0.014047343034600257,21.027681573501752,0.00498224554210569,0.008791420265384153,10.44795760537143,9.893234312885848
7.089999999999893,14.034929999999953,0.014029397959982814,21.024156029937068,0.004961105708786828,0.008776632519126248,10.446428814732709,9.893606396086012
7.099999999999893,13.986699999999953,0.014011285269406981,21.020630546579948,0.004940002101119778,0.008761776061338211,10.444899995367075,9.893978476181253
7.109999999999893,13.938469999999953,0.013992983996069297,21.017105129912242,0.004918934153845256,0.008746820626396368,10.443371148249357,9.894350557287273
7.119999999999893,13.890239999999952,0.01397447670857932,21.013579779649003,0.004897902093475848,0.008731755133659813,10.441842273020876,9.894722638556425
7.129999999999892,13.842009999999952,0.01395576270646054,21.010054495516858,0.004876905885850158,0.008716579670002778,10.440313369616,9.895094719829727
7.139999999999892,13.793779999999952,0.013936842374159653,21.006529277286813,0.004855945439340925,0.008701294433710594,10.438784437970257,9.895466800714498
7.149999999999892,13.745549999999952,0.013848617436469257,21.001526388289122,0.0035598672723244906,0.00873290143159472,10.437267525164819,9.895635211706455
7.159999999999892,13.697319999999952,0.013902031502344092,20.999438125086677,0.004461051623832368,0.00871049391488965,10.435817641066155,9.896098642276586
7.169999999999892,13.649089999999951,0.013881016723633843,20.995962918667495,0.0047958117739807515,0.008664704994228667,10.434214826321984,9.896587252565524
7.179999999999891,13.600859999999951,0.013858786596669559,20.99242960728013,0.004780899614545142,0.008640587794271959,10.4326671101712,9.896959770291208
7.189999999999891,13.55262999999995,0.013839015293085066,20.988904117084108,0.004752318283684498,0.008623448808066203,10.431138886402309,9.897327344581853
7.199999999999891,13.50439999999995,0.013818987223356727,20.985379333909997,0.004730759135426976,0.008607342944360663,10.429610247572953,9.897699149957152
7.209999999999891,13.45616999999995,0.013798630885142438,20.981854575843716,0.0047101886903456736,0.008591244500519624,10.428081130542699,9.898071314544046
7.2199999999998905,13.40793999999995,0.014102022639513045,20.97959037240967,0.0067254840889260925,0.008934532587066557,10.426368649287895,9.899141215685882
7.22999999999989,13.35970999999995,0.013501458015023948,20.974827589949108,0.004986353006318833,0.008426077193495751,10.42489850526698,9.89891815692538
7.23999999999989,13.31147999999995,0.013712303813015747,20.97127442214619,0.0046236256601758785,0.008518977611416068,10.42348395535924,9.899168980924799
7.24999999999989,13.26324999999995,0.013718756217179218,20.967955089374566,0.0046229175266922495,0.008522056406580103,10.421969410796102,9.89955006930734
7.25999999999989,13.21501999999995,0.013695713504958018,20.96429157359161,0.00457907108656419,0.008506017507859953,10.420445928946105,9.899923154535399
7.269999999999889,13.16678999999995,0.013663095316112761,20.960989658907526,0.004577934465166522,0.008483364533207027,10.418909480766292,9.900293879421044
7.279999999999889,13.118559999999949,0.013664004237468663,20.9572263393921,0.004575015068931931,0.00847336045437408,10.417381733521218,9.900676251327875
7.289999999999889,13.070329999999949,0.013623429806275345,20.953658790870918,0.0045441797013939245,0.00845847727312593,10.415846529406469,9.901047854738941
7.299999999999889,13.022099999999948,0.013563202702042143,20.950383710714977,0.0046388872846417906,0.008410725488886606,10.414327841213522,9.901458801648419
7.309999999999889,12.973869999999948,0.01356802561172149,20.946612159024724,0.004509779731939334,0.008412448640848724,10.412783667036017,9.901794247484451
7.319999999999888,12.925639999999948,0.013259036289531845,20.943322102931248,0.004177912366853331,0.008251083591988007,10.411305351732107,9.902030748104469
7.329999999999888,12.877409999999948,0.013518334706212276,20.93956346064568,0.0044471803201245885,0.00837602185384112,10.409744654892625,9.902530469421288
7.339999999999888,12.829179999999948,0.013519791232156686,20.93603810983503,0.004449915722419762,0.008374645059933739,10.408199486050988,9.90291149480263
7.349999999999888,12.780949999999947,0.013492731719103257,20.932514477400474,0.0044248189073475275,0.008355016890504108,10.40666983952729,9.903280140167608
7.3599999999998875,12.732719999999947,0.01346834852081713,20.928990678093193,0.004403559665504542,0.008337209134712642,10.405140624231137,9.903651658615772
7.369999999999887,12.684489999999947,0.013444751238946229,20.925466911378358,0.0043834650820663845,0.0083195140416214,10.40361105587219,9.904023689584646
7.379999999999887,12.636259999999947,0.01342090956829911,20.921943204540277,0.004363365290025012,0.008301628991504273,10.402081416396477,9.90439566557576
7.389999999999887,12.588029999999947,0.013396836803099776,20.91841955780991,0.004343266997024919,0.00828361438649522,10.400551753277316,9.904767615285158
7.399999999999887,12.539799999999946,0.013372557647124805,20.914895970903597,0.004323200812124339,0.008265490379130158,10.399022061474291,9.90513955478802
7.4099999999998865,12.491569999999946,0.013348594764926114,20.91157205162898,0.004310070805307709,0.008242282177374327,10.39749499896214,9.905507235931156
7.419999999999886,12.443339999999946,0.013325300090670567,20.907849650811123,0.004283514725447579,0.008227567006722614,10.395962262165387,9.905884088501782
7.429999999999886,12.395109999999946,0.01329800469312864,20.90432529049384,0.004262792329918386,0.00821055850811081,10.394432772315474,9.906255165943222
7.439999999999886,12.346879999999945,0.013273352390254956,20.9008021998264,0.004243249319845821,0.008191901131384238,10.39290300170078,9.906627200760783
7.449999999999886,12.298649999999945,0.01324807912010656,20.897278926328315,0.004223377870495759,0.00817325098945526,10.391373146587338,9.906999092330434
7.459999999999885,12.250419999999945,0.01322256467449534,20.893755691403282,0.004203502617941612,0.008154469521612917,10.389843271062958,9.907370958868672
7.469999999999885,12.202189999999945,0.012277502665312412,20.890739060141012,0.005666028020803293,0.008072265198401818,10.387744563043459,9.908230653405738
7.479999999999885,12.153959999999945,0.01411686432689141,20.88836225119074,0.004890355596645857,0.008235877036730788,10.387117154575265,9.908086955456003
7.489999999999885,12.105729999999944,0.009098692528367758,20.882976087183046,0.0053036353191079355,0.006752727735862829,10.384472480792152,9.908973733694262
7.4999999999998845,12.057499999999944,0.012276333613112422,20.879770997978515,0.004399002691774956,0.007799204158110751,10.38362166817337,9.90892933542444
7.509999999999884,12.009269999999944,0.013172021258741506,20.876143870888207,0.004087772219644958,0.008097812702538343,10.382191680948662,9.909220012812478
7.519999999999884,11.961039999999944,0.01414948643642433,20.870456297826195,0.004878609269702461,0.008616102346796384,10.379393055733956,9.91015038901967
7.529999999999884,11.912809999999943,0.011555206401459295,20.86656064473357,0.0025634060998441233,0.007904299707038986,10.379227465281696,9.910020756801824
7.539999999999884,11.864579999999943,0.00949669540683884,20.868667457867627,0.0017755612117368869,0.0068964096221630355,10.379166460756869,9.909068801946251
7.5499999999998835,11.816349999999943,0.0125069336894445,20.862138127145233,0.00401059939542231,0.007799615391025472,10.37620580846091,9.910706888609056
7.559999999999883,11.768119999999943,0.01335048226391744,20.858357178335243,0.004485843015697932,0.007087435587501467,10.37381859879067,9.9113050447122
7.569999999999883,11.719889999999943,0.01252089553207364,20.854068560947255,0.0009242660729419927,0.007552280247806464,10.374128397208306,9.910470634690574
7.579999999999883,11.671659999999942,0.01272261448586598,20.851465347569246,0.0032670605599299796,0.007840701447280385,10.371704209110167,9.911609703365917
7.589999999999883,11.623429999999942,0.012871059683120467,20.847963910043784,0.003988760335026875,0.007894528310814886,10.36996998604992,9.912229475285777
7.599999999999882,11.575199999999942,0.012847517634661798,20.844436636647806,0.003952450650780537,0.007881323995117762,10.368416446742355,9.912587436023392
7.609999999999882,11.526969999999942,0.012815414317428775,20.840913979799037,0.003909947730443841,0.007859604708064571,10.366890473171743,9.912947114655754
7.619999999999882,11.478739999999942,0.012786257237019316,20.837391687952515,0.003889299383055933,0.00783927851493288,10.365361124952749,9.913318471174417
7.629999999999882,11.430509999999941,0.012757326841198624,20.833869412803644,0.0038705874610137636,0.007818759044289803,10.363830665019039,9.913690412402158
7.6399999999998816,11.382279999999941,0.012728118127121102,20.830347186885515,0.003851372162425759,0.007798049715417588,10.362300189441259,9.914062018998601
7.649999999999881,11.334049999999941,0.012698691601871759,20.826825015077777,0.003832093978785811,0.007777224000052374,10.3607697157449,9.914433563952267
7.659999999999881,11.28581999999994,0.012669060942436583,20.8233028967669,0.0038128563899123558,0.007756292001909082,10.359239211520974,9.9148050949544
7.669999999999881,11.23758999999994,0.012639224827281192,20.81978083158864,0.0037936530740189656,0.007735252722391284,10.35770867398778,9.915176606363085
7.679999999999881,11.18935999999994,0.012609182846398614,20.816258819295108,0.0037744803477142153,0.0077141060563144515,10.356178103854035,9.91554809594609
7.6899999999998805,11.14112999999994,0.012578935033466021,20.812736859637706,0.003755338069724057,0.0076928520988570614,10.354647501169367,9.915919563304637
7.69999999999988,11.09289999999994,0.010240640777112009,20.8074294533429,0.006026321530370082,0.0072959993245180765,10.351311164875842,9.917389251564451
7.70999999999988,11.04466999999994,0.011962574472402954,20.80564342508499,0.00413187758884026,0.007454331496517808,10.351423659520977,9.91679198816653
7.71999999999988,10.99643999999994,0.01251780925169943,20.802182397022275,0.0036599292422577756,0.007642276133216441,10.350059081572343,9.917007471178197
7.72999999999988,10.94820999999994,0.01247595392646711,20.798650215100047,0.0036632092877591504,0.007615528099771396,10.348529169598523,9.917397579787195
7.739999999999879,10.899979999999939,0.011502429438371264,20.79664392515752,0.003596787794325762,0.007291980867950465,10.347507925527768,9.917604949560609
7.749999999999879,10.851749999999939,0.011487553989975197,20.79117083012534,0.003388169604827518,0.007409623318109071,10.345165663953619,9.918072060254428
7.759999999999879,10.803519999999939,0.012197220636373407,20.788064525886057,0.0036577904714109044,0.007496263815499782,10.343926212997188,9.918528477989245
7.769999999999879,10.755289999999938,0.012346119111282639,20.784565635089017,0.003613998369180582,0.007528085706157206,10.342401305582348,9.918895487471561
7.779999999999879,10.707059999999938,0.011493787669457078,20.778104345238745,0.00500899531675042,0.0070279341594217115,10.338679354192575,9.920052595122849
7.789999999999878,10.658829999999938,0.012134534678136688,20.77745432088568,0.003929580171760039,0.00735800225389488,10.33920630852035,9.919739717324303
7.799999999999878,10.610599999999938,0.010836167485630044,20.776796445163054,0.002752857047097379,0.0070015369850804365,10.339011798448048,9.919347723975177
7.809999999999878,10.562369999999937,0.012016308302258416,20.770537988913915,0.0035058158534500006,0.007369604610510505,10.33633831257637,9.920361864434147
7.819999999999878,10.514139999999937,0.00810494506774423,20.766238755371134,0.00022908687803313565,0.00589435942689992,10.336180643854721,9.919903183632126
7.8299999999998775,10.465909999999937,0.011372639106217997,20.763410779511837,0.002753243660949034,0.007023799834132427,10.333446061815788,9.92087434616864
7.839999999999877,10.417679999999937,0.012173902767689537,20.759918563374463,0.0035259274865598322,0.0073834563507224615,10.33170058763007,9.921517937053085
7.849999999999877,10.369449999999937,0.01209626091688637,20.756392715806378,0.003481690984393049,0.007349180689271928,10.330146907650477,9.921873460090621
7.859999999999877,10.321219999999936,0.012032834492208933,20.752871290770365,0.0034348347568289306,0.007314096819206695,10.328621136427943,9.922230449520523
7.869999999999877,10.272989999999936,0.011998292457025883,20.74935029141355,0.003414966808230724,0.007291467618646352,10.327091118941384,9.92260119405853
7.879999999999876,10.224759999999936,0.011965067877830582,20.74582929009724,0.0033972513527324444,0.007268699377812771,10.325559790649004,9.922972621677069
7.889999999999876,10.176529999999936,0.011930777706989304,20.742308328477968,0.003378802497860711,0.007245331968828761,10.324028472064226,9.923343592752245
7.899999999999876,10.128299999999935,0.011896180033744153,20.73878741498571,0.0033602597361997444,0.007221820834792614,10.32249716511252,9.9237144792323
7.909999999999876,10.080069999999935,0.011861398485753571,20.7352665487321,0.0033417629936738913,0.007198216938585467,10.320965825242222,9.92408534449026
7.919999999999876,10.031839999999935,0.012606282781510103,20.728247719501404,0.0009494584227253688,0.007489065344033818,10.319156621618145,9.924168869568927
7.929999999999875,9.983609999999935,0.011898905680107819,20.72814083831227,0.002724239068936707,0.007225303165121155,10.318034134151484,9.9246383636587
7.939999999999875,9.935379999999935,0.014301535930495268,20.72426875643181,0.004529572763017908,0.00736724658840221,10.31625756117037,9.925903218543136
7.949999999999875,9.887149999999934,0.010860913704784758,20.72416845029487,0.0011888111109358834,0.00725791956686328,10.315636076417967,9.924118318237623
7.959999999999875,9.838919999999934,0.011391046850065256,20.7177344169512,0.0033935016702161813,0.007066079242225076,10.313370974407173,9.925960216754506
7.9699999999998745,9.790689999999934,0.011656000449785375,20.714125894370724,0.003312373296737392,0.007072833607294993,10.31175373296451,9.926356713136258
7.979999999999874,9.742459999999934,0.011622712045341821,20.710620843296592,0.003214238021171656,0.007035769011473847,10.310242589478477,9.926680257082062
7.989999999999874,9.694229999999934,0.011576258168898013,20.707101362829555,0.003191954140735198,0.0070056803559935266,10.308714294457511,9.927049533101048
7.999999999999874,9.645999999999933,0.011538815813816883,20.703580832354074,0.0031763700095823744,0.006980863747946153,10.307182309895285,9.927421545008361
8.009999999999874,9.597769999999933,0.011502252875803365,20.700060412204355,0.0031584888552000367,0.006956348091558873,10.305650486070029,9.92779220102122
8.019999999999873,9.549539999999933,0.0077828661407045585,20.694696215605777,0.003973815476779996,0.0060782211337007674,10.302694075150704,9.92875598913258
8.029999999999873,9.501309999999933,0.010732012795759804,20.68953727501692,0.004051569567727342,0.0064049722437031775,10.299698100038622,9.928871492004344
8.039999999999873,9.453079999999932,0.011634576571580124,20.68944726325229,0.003579469491904186,0.006958572802781449,10.30092564510145,9.929040909434416
8.049999999999873,9.404849999999932,0.011397359407979868,20.685998891186053,0.0030856447726381186,0.006876542243007544,10.299524725962742,9.929271624817257
8.059999999999873,9.356619999999932,0.011309839453905068,20.68245983332093,0.0030505417189695128,0.00682805400231995,10.29799485927494,9.929635600718788
8.069999999999872,9.308389999999932,0.013949855924349941,20.681268496069883,0.004379966192948503,0.007541342506757198,10.296914975335955,9.930274136063899
8.079999999999872,9.260159999999932,0.011403982285304703,20.675460793939504,0.0032106691419350186,0.006743291154967912,10.294875680797459,9.9304475467362
8.089999999999872,9.211929999999931,0.011119896482347291,20.67188640571804,0.002982291136592319,0.0067017395097930255,10.293389568176092,9.93073958620299
8.099999999999872,9.163699999999931,0.0111502234721238,20.66837810365514,0.0029871269806759915,0.006724662411598081,10.29186587698323,9.931121139428766
8.109999999999872,9.115469999999931,0.011124716305645876,20.66485876992713,0.002978342029127945,0.0067052188836086435,10.29033185264459,9.931495587496752
8.119999999999871,9.06723999999993,0.011284047719585466,20.661703321114487,0.0031852774296556308,0.006786901717464711,10.28886528898849,9.931941862311806
8.129999999999871,9.01900999999993,0.011094094486191253,20.65782412721296,0.0029544292596521693,0.006692050248989223,10.287260465842559,9.932241835496828
8.139999999999871,8.97077999999993,0.011001188139966922,20.654297534525778,0.0029162899266480524,0.006627290832738053,10.28573513507052,9.932601474971266
8.14999999999987,8.92254999999993,0.010962834216672379,20.650779096253796,0.0029053334607307413,0.006599224663817238,10.284203369620258,9.932974885630088
8.15999999999987,8.87431999999993,0.010924934886621718,20.647259397422626,0.0028887685109429406,0.00657377229893541,10.282670800836858,9.933345345094459
8.16999999999987,8.82608999999993,0.010884894971405101,20.6437396505866,0.00287082613314954,0.006547449397045602,10.281138513755977,9.933715111638183
8.17999999999987,8.77785999999993,0.010844481809126671,20.640219951570963,0.0028530197421280934,0.006520965316365979,10.279606217896966,9.934084904120319
8.18999999999987,8.72962999999993,0.010803920734951511,20.636700292960512,0.0028353000483313795,0.006494404695631728,10.278073873243855,9.934454680252536
8.19999999999987,8.681399999999929,0.011415477910551808,20.632818343474298,0.0021852774130670105,0.006619537700185918,10.276420367513868,9.934599790201311
8.20999999999987,8.633169999999929,0.010756700510614114,20.629650750358735,0.0027510433187913907,0.006422866527707294,10.27502774956058,9.935175271247868
8.21999999999987,8.584939999999929,0.010018592376616953,20.628328596971876,0.0002705863166982958,0.006405225193969466,10.275295573363156,9.934412000891085
8.229999999999869,8.536709999999928,0.010461298952735454,20.622663083935574,0.0024256802024895663,0.0063534494356946025,10.272086284615435,9.935818416954476
8.239999999999869,8.488479999999928,0.010607969394915595,20.619090934621415,0.002812914646042275,0.006367283156368753,10.270401349021174,9.936338860750057
8.249999999999869,8.440249999999928,0.010563325917590183,20.615582572951578,0.002747305467712291,0.006336076733661711,10.268873945655127,9.936680591952609
8.259999999999868,8.392019999999928,0.010514385168043039,20.61206381803069,0.002710817543891797,0.006305460448596034,10.26734615717287,9.93704097961437
8.269999999999868,8.343789999999927,0.010471810734864195,20.608544416446023,0.0026937124857922545,0.006278039507634281,10.265813912596965,9.937410792959804
8.279999999999868,8.295559999999927,0.010429625056918357,20.605025095883185,0.002676973288729678,0.00625066278812042,10.264281090886424,9.937780507869498
8.289999999999868,8.247329999999927,0.010387031336295038,20.601505816558436,0.0026595500256342275,0.006223066493187102,10.26274834150129,9.938149806973858
8.299999999999867,8.199099999999927,0.010344197048507253,20.597986573840213,0.0026420883547993435,0.006195352992351244,10.26121558314446,9.938519029704688
8.309999999999867,8.150869999999927,0.010301161123554115,20.594467367314643,0.002624674677843164,0.006167538557105556,10.259682784416597,9.938888212462302
8.319999999999867,8.102639999999926,0.01046233428005533,20.59108973439124,0.0030591768641658468,0.006213881461688997,10.257782141629292,9.939380480114316
8.329999999999867,8.054409999999926,0.010250400534633164,20.587427795253113,0.002699055127949268,0.006124867984277971,10.256585362019752,9.939662621766788
8.339999999999867,8.006179999999926,0.010165620361970384,20.583910246097673,0.0025636216940793655,0.006081324763319129,10.255084108179052,9.939990984851281
8.349999999999866,7.957949999999926,0.010125323464181712,20.580390912836293,0.00255037733472413,0.006054494931051813,10.253552294711513,9.940362084247816
8.359999999999866,7.9097199999999255,0.01008297093035082,20.576871868398367,0.0025379721594355753,0.006026972056062063,10.252018332178586,9.940733362914505
8.369999999999866,7.861489999999925,0.010038673645788254,20.573352871572943,0.00252093463861236,0.005998498490938364,10.250485141958517,9.941102288952173
8.379999999999866,7.813259999999925,0.009994121590387206,20.569833909938318,0.0025035272611005355,0.005969921716582782,10.248952094058495,9.941471003097858
8.389999999999866,7.765029999999925,0.009975818799211333,20.565419492118817,0.0014885742329145968,0.0058062726981672474,10.247269434436683,9.941517284594902
8.399999999999865,7.716799999999925,0.009979335547781687,20.562779590452614,0.0023620204246678767,0.005945251944107777,10.245918964100037,9.942169397405525
8.409999999999865,7.668569999999924,0.010242101634367895,20.559367544422237,0.0018678989635285692,0.005991412635955873,10.244191874596902,9.942255808862388
8.419999999999865,7.620339999999924,0.009967186257921257,20.55575912053951,0.002458072754497276,0.005940258462787451,10.242825789034427,9.942950274346623
8.429999999999865,7.572109999999924,0.006121341880790998,20.55028643841542,0.0029578099883524334,0.005024018404403419,10.239883992818203,9.943830436977983
8.439999999999864,7.523879999999924,0.009087365825956706,20.548671575395165,0.002538551805032374,0.00554904561655184,10.239698340601967,9.943722437247384
8.449999999999864,7.4756499999999235,0.009767199869195331,20.54521562149297,0.002372380435574417,0.00580654099522393,10.238229239170746,9.944042269545232
8.459999999999864,7.427419999999923,0.009663195530827506,20.541684079249908,0.00236010097137479,0.00575232594669417,10.236687847059502,9.944416294615934
8.469999999999864,7.379189999999923,0.009583276286493803,20.53816465897251,0.0023494156785424103,0.005707563269936489,10.235152713734447,9.944787656422392
8.479999999999864,7.330959999999923,0.009536492004066255,20.534646104398803,0.0023327850344659895,0.005678134612488672,10.233619162032873,9.945155965739286
8.489999999999863,7.282729999999923,0.009491048412019643,20.53112750934771,0.0023156011545295563,0.0056490798960247,10.232085697413172,9.94552400081178
8.499999999999863,7.234499999999922,0.007662154565898083,20.528677628640786,0.0014801920695375337,0.004801420974760384,10.231124228140722,9.945438929693992
8.509999999999863,7.186269999999922,0.009313009567807895,20.52410787123395,0.0022056404510431005,0.005560955117942745,10.229060486037552,9.946230591447751
8.519999999999863,7.138039999999922,0.009413474687279766,20.52056690566065,0.0022925060504514483,0.005592736346655525,10.227479445927113,9.946643083936296
8.529999999999863,7.089809999999922,0.009309890550800115,20.517053147729982,0.002253086227153034,0.005532440433189512,10.225949570256285,9.94699830876063
8.539999999999862,7.041579999999922,0.009252107042251434,20.51353496015702,0.0022303653394710188,0.00549801055034288,10.22441755268285,9.947363370491516
8.549999999999862,6.993349999999921,0.010992798727165298,20.50836855007189,0.0022892556664544372,0.005428980344470147,10.221465119095441,9.947711597484195
8.559999999999862,6.945119999999921,0.009553729514479081,20.506468675854038,0.002367242187224672,0.005536709934676309,10.22129773055044,9.94815413581814
8.569999999999862,6.896889999999921,0.009910745691081968,20.504005988806323,0.003447069586678897,0.005624077323489296,10.219840668016676,9.94896703104191
8.579999999999862,6.848659999999921,0.007362823383410488,20.507287010019382,-0.0008276389225491676,0.0061318764208967425,10.223566668345862,9.947146976095272
8.589999999999861,6.8004299999999205,0.009090261671087951,20.49564061006976,0.001571705420537084,0.005563857972725517,10.216560748612865,9.94906613660333
8.599999999999861,6.75219999999992,0.009047733613973485,20.492368444439087,0.002277762096974445,0.005350647938888675,10.21516467932919,9.94963218752442
8.60999999999986,6.70396999999992,0.00891940126075963,20.48890831640576,0.0021466287248375626,0.0052864853524621225,10.213673290826755,9.949952204804214
8.61999999999986,6.65573999999992,0.00845070491860972,20.48465416103791,0.0013721476481112216,0.00520207904806691,10.212467836934389,9.950281889147009
8.62999999999986,6.60750999999992,0.009213262537344058,20.481965707464315,0.0018850173696152162,0.0053046899304241,10.210786086262043,9.950679910947798
8.63999999999986,6.559279999999919,0.00881851016791202,20.478356350435654,0.002045504244924834,0.005194170940062193,10.209085875696916,9.951033735858068
8.64999999999986,6.511049999999919,0.008701209269815213,20.474834018741657,0.0020530029088160484,0.005152713261065034,10.207542672616754,9.951407632014343
8.65999999999986,6.462819999999919,0.0082239294634463,20.47121282724971,0.002253538802254096,0.005288740903919398,10.206193648660676,9.952043189018646
8.66999999999986,6.414589999999919,0.008497032913226954,20.467790155063085,0.001941346013045131,0.005085314735370938,10.204482476627721,9.95212073273596
8.67999999999986,6.3663599999999185,0.008809405465649844,20.466299258060836,0.005482801352407307,0.00404409070678341,10.201784497614868,9.953312070054016
8.68999999999986,6.318129999999918,0.008941898507158486,20.46080112162932,0.0025875756744908607,0.005131091574226365,10.20124579802118,9.953089065755098
8.699999999999859,6.269899999999918,0.008487807648385415,20.45723267718781,0.0018693449516884453,0.005019335463708974,10.199876692811465,9.953196110848165
8.709999999999859,6.221669999999918,0.008393499519938008,20.453724961117096,0.0019151584701510571,0.004962741354737565,10.19834545175799,9.953590920348569
8.719999999999859,6.173439999999918,0.008355601402567359,20.45020757533647,0.0019333633713755627,0.004936912023822793,10.196804088120608,9.95397385582398
8.729999999999858,6.125209999999917,0.008306729893700737,20.446689556000106,0.0019170965359391334,0.004905952432846472,10.195268864697805,9.954340182903902
8.739999999999858,6.076979999999917,0.008254396480174675,20.443171623294553,0.0018992646997895712,0.00487349144260113,10.193734550366877,9.954705862738685
8.749999999999858,6.028749999999917,0.008202063836142248,20.439653722870215,0.001882793243725811,0.004841065182462079,10.19220000469112,9.955072140070065
8.759999999999858,5.980519999999917,0.008149671988873175,20.436135844985063,0.001866514347196535,0.004808604151331108,10.190665361481019,9.955438413713468
8.769999999999857,5.932289999999917,0.008097072824439777,20.43261798957963,0.001850214112470494,0.004776039763438267,10.189130678830239,9.955804585006359
8.779999999999857,5.884059999999916,0.009314914751213876,20.42654949769263,0.0042004375858500365,0.004790279662024,10.185361602157528,9.957309999553692
8.789999999999857,5.835829999999916,0.008215083806448531,20.425534147302955,0.0021414949696770824,0.004746154615108078,10.185934069326512,9.956656813656346
8.799999999999857,5.787599999999916,0.00790416808849509,20.422080621983188,0.001727316675327939,0.004662462889541641,10.184544433838115,9.956864491289167
8.809999999999857,5.739369999999916,0.006454101617942187,20.41804346849453,0.00267718907309078,0.004317814451086477,10.182294525428567,9.957691918687193
8.819999999999856,5.6911399999999155,0.007650306412137098,20.41501512895847,0.0018929181465489608,0.004550952574701117,10.181413120675739,9.957679654959781
8.829999999999856,5.642909999999915,0.00782296566505919,20.41151551945205,0.0017248473128381736,0.004599446356827963,10.17992830467658,9.95798530328199
8.839999999999856,5.594679999999915,0.007734513148112188,20.40799380573265,0.0017290431522796745,0.004550190918198527,10.178388610605502,9.958361936207279
8.849999999999856,5.546449999999915,0.007667611492667925,20.404475899968524,0.0017211231029390373,0.0045112327814259,10.176851652306834,9.958731333463263
8.859999999999856,5.498219999999915,0.007613607175473713,20.400958259490203,0.0017048067137086509,0.004478063474439908,10.175316510336277,9.959096594443018
8.869999999999855,5.449989999999914,0.0064846009795638815,20.397179465730975,-0.0004057982839938967,0.004607237610127213,10.17433663787025,9.958763240661698
8.879999999999855,5.401759999999914,0.003092254145302342,20.396281668743743,-0.0018733756287278025,0.003063732978788425,10.174033461924276,9.958271615292496
8.889999999999855,5.353529999999914,0.006939006620195809,20.390433039374543,0.0013872143738605791,0.004146784903115042,10.17083405653321,9.960088139701185
8.899999999999855,5.305299999999914,0.007536273292778617,20.386878447792604,0.0017697207207694188,0.004408776110535806,10.169152861935192,9.960621432352635
8.909999999999854,5.2570699999999135,0.007372096619854052,20.383369850135118,0.0016461304704757374,0.00432498141319726,10.167634331663603,9.960932306186425
8.919999999999854,5.208839999999913,0.007279231451242041,20.379852703055274,0.001604280564242777,0.004273442465097699,10.16610546567713,9.961285054270864
8.929999999999854,5.160609999999913,0.007225121670683898,20.376335141517956,0.0015910089597879207,0.004240271675030605,10.164570085687938,9.961651331442473
8.939999999999854,5.112379999999913,0.007170706504517177,20.37281762478244,0.0015764156632783743,0.004206794470930975,10.163034382677042,9.962016697531652
8.949999999999854,5.064149999999913,0.007114372087735021,20.369300124694846,0.0015604873050206747,0.0041724042484316826,10.161498880396916,9.962381309111914
8.959999999999853,5.0159199999999124,0.007057701891419466,20.365782641889155,0.0015445343126477273,0.004137864276160197,10.159963364527659,9.96274581335733
8.969999999999853,4.967689999999912,0.007000886296546549,20.362265175825183,0.001528658822825102,0.004103254630353104,10.158427794715065,9.963110252784443
8.979999999999853,4.919459999999912,0.006943870190576074,20.358747725934656,0.0015128110321488974,0.004068547873495754,10.156892177056253,9.963474601533903
8.989999999999853,4.871229999999912,0.006886640961711099,20.35523029189771,0.0014969825184171226,0.004033738516079077,10.155356513675649,9.963838855031817
8.999999999999853,4.822999999999912,0.00682919999518361,20.351712873409223,0.0014811747741051984,0.003998827391246629,10.153820804351119,9.96420301337362
9.009999999999852,4.774769999999911,0.0057809545886849945,20.34780755639227,0.0006482783339037956,0.00400416466575132,10.152666960383224,9.96448378419248
9.019999999999852,4.726539999999911,0.0065665385735037,20.344666593025984,0.0012906952185459675,0.003913478263815162,10.150786939126727,9.964876409189491
9.029999999999852,4.678309999999911,0.00668529517376254,20.341164247482755,0.0014549975848219265,0.003905673126639586,10.149211858765648,9.9653034427557
9.039999999999852,4.630079999999911,0.006606251540256958,20.337643501768007,0.0014270493223002556,0.003861305837604301,10.147675676672598,9.965662832990319
9.049999999999851,4.5818499999999105,0.006538217279931036,20.334125974352226,0.0014022528984515836,0.0038223247721707043,10.146141449379055,9.966022227230022
9.059999999999851,4.53361999999991,0.0064796703627841845,20.33060866850695,0.0013863584204573676,0.0037870305159240503,10.144605646505173,9.966385727341244
9.069999999999851,4.48538999999991,0.006421187744057977,20.327091352944166,0.00137108648963441,0.0037516133526586115,10.143069550226022,9.966749392919208
9.07999999999985,4.43715999999991,0.00636208133841043,20.323574047073937,0.0013554872038075705,0.00371589879889056,10.141533455040085,9.967112783864389
9.08999999999985,4.38892999999991,0.006815652136186734,20.320667525724105,0.0013047547061963427,0.004077360028085952,10.140400350170626,9.967484592902274
9.09999999999985,4.340699999999909,0.009072496373252081,20.314455400807656,-0.0008742429594517653,0.00374318833752163,10.139203829288533,9.967560121979348
9.10999999999985,4.292469999999909,0.013983362500950947,20.321759486522154,0.0027242427372560774,0.005602109567954261,10.140708262940489,9.967988102548038
9.11999999999985,4.244239999999909,0.00679552296427427,20.309657202926452,0.001444076955565976,0.0037853795678290947,10.135408094267852,9.96864051836582
9.12999999999985,4.196009999999909,0.00577971079833689,20.30593841097877,0.0012300315472019707,0.0034093189084613007,10.133828280636621,9.968910090687555
9.13999999999985,4.1477799999999085,0.006836064433029365,20.30131472776471,0.0013396735685229366,0.003912733043425265,10.13148685146727,9.96935440018495
9.14999999999985,4.099549999999908,0.006053439507724134,20.298934697093657,0.001295422896339271,0.0035293725688931854,10.130757814086166,9.969669528308355
9.15999999999985,4.051319999999908,0.005854083393213583,20.295443204155386,0.0012323127595161298,0.0034129062751749872,10.129247105216368,9.970016622604634
9.169999999999849,4.003089999999908,0.005813028339130388,20.291919072469017,0.0012135301134456045,0.003385894196911432,10.127707094135209,9.970377453442552
9.179999999999849,3.9548599999999077,0.005759700093427578,20.288401592057586,0.0011999704230578612,0.0033533980594881996,10.126170074855319,9.970740685849508
9.189999999999849,3.9066299999999075,0.005697973369399811,20.28488444828636,0.0011848666276950137,0.003316468026913044,10.124633405700532,9.971103048538176
9.199999999999848,3.8583999999999072,0.005635907900000403,20.28136727501132,0.0011694133930031936,0.0032793468014200577,10.123096755655004,9.971465122866318
9.209999999999848,3.810169999999907,0.005573992704477004,20.27785010844503,0.0011540208451945033,0.0032423028722115554,10.121560055215241,9.971827107788872
9.219999999999848,3.761939999999907,0.0055118994759006945,20.274332950540913,0.0011386682936689319,0.003205175157862783,10.1200233019687,9.972188990961115
9.229999999999848,3.7137099999999066,0.005449579100831881,20.27081580069724,0.0011233355864692651,0.00316794008173793,10.118486499512011,9.972550761690071
9.239999999999847,3.6654799999999064,0.005387042526377228,20.267298658597795,0.0011080220127631657,0.003130603026858414,10.116949648199745,9.972912418917826
9.249999999999847,3.617249999999906,0.00532429278740737,20.263781523917658,0.001092728381052288,0.0030931654901450445,10.115412747772217,9.973273962271506
9.259999999999847,3.569019999999906,0.005261329521541402,20.260264396322448,0.0010774547455928984,0.0030556273708738924,10.113875798069643,9.973635390995616
9.269999999999847,3.5207899999999057,0.0010661205982989697,20.254298041970557,0.0027637808596010505,0.0018684944612747945,10.110413855503149,9.974992449184683
9.279999999999847,3.4725599999999055,0.011140785813832432,20.257949711622143,0.0011847011498070659,0.004250408638686698,10.11211192090053,9.973589647441953
9.289999999999846,3.4243299999999053,0.021890401394838943,20.25770098098412,-0.007116653293051833,0.008021651305333832,10.116972690937683,9.97063733286715
9.299999999999846,3.376099999999905,0.0067377725199787575,20.24632438518786,-3.0873927139130064e-05,0.003727383138487861,10.108072261717037,9.974685017861626
9.309999999999846,3.327869999999905,0.00023105651646659897,20.2494743379831,-0.0010743770965818134,0.0001115563030736344,10.109976523789957,9.974041684974916
9.319999999999846,3.2796399999999046,0.000822190984002491,20.246252897923533,-0.00774236600649536,-0.0012363959629205223,10.111828999654273,9.971812745332327
9.329999999999846,3.2314099999999044,0.005042178191061009,20.235720314684134,2.8474671411093944e-05,0.0027829168502419566,10.103430101153478,9.975793521002183
9.339999999999845,3.183179999999904,0.004950329521131891,20.232085340269332,0.0012682047428668186,0.002873064369785794,10.101499396433482,9.976676461882297
9.349999999999845,3.134949999999904,0.004690481030786231,20.228609264935898,0.0010110969591635155,0.002718031202938509,10.100024534566595,9.976916034544761
9.359999999999845,3.0867199999999038,0.004270813641328475,20.221611839479962,0.0021189584472907086,0.0024089871496233983,10.095948722802609,9.977922627288986
9.369999999999845,3.0384899999999035,0.004523319760315225,20.22152366416194,0.0011015301214162276,0.0026010927955100738,10.096888839960306,9.977673948897998
9.379999999999844,2.9902599999999033,0.0012874682321730724,20.217693035947548,-0.001243375677054681,0.0018806662577748878,10.095641617875188,9.977178351573519
9.389999999999844,2.942029999999903,-0.0027717171080678393,20.21004771324627,0.0015855555518201614,0.0010621926330087739,10.09169854825673,9.979317386072136
9.399999999999844,2.893799999999903,0.003681580832055109,20.210954022200433,0.0010250518707722867,0.0022840830768424136,10.092286136770424,9.978758707375862
9.409999999999844,2.8455699999999027,0.0045566574534436355,20.207537376960676,0.0008307139726258517,0.002592661729306167,10.090835076671514,9.97902728377645
9.419999999999844,2.7973399999999025,0.004279241608779238,20.203992093077495,0.0008264364375810129,0.0024651345622948018,10.089280184588212,9.979397458047753
9.429999999999843,2.7491099999999022,0.0038678705947108316,20.201184872447428,0.0005455717850586517,0.001995831865494513,10.087506532274316,9.979447672635159
9.439999999999843,2.700879999999902,0.004102792040580172,20.196963446240687,0.000831095507493107,0.002348508013740369,10.086199276469122,9.980122069173717
9.449999999999843,2.652649999999902,0.004038293809653926,20.193437485703917,0.0008059899110872126,0.002332998285798804,10.084662391043318,9.980488807194217
9.459999999999843,2.6044199999999016,0.002284239923512954,20.18979578994277,0.00039358064377842394,0.0018566971263231369,10.083554668952296,9.980876489233944
9.469999999999843,2.5561899999999014,0.0030837171910210737,20.187050633420753,0.0003598684391311058,0.0016999044418399833,10.08180748076199,9.98095638089139
9.479999999999842,2.507959999999901,0.007783985467725796,20.176448259700976,0.005142900646129045,0.0024500683051759675,10.073790105635187,9.983356276815396
9.489999999999842,2.459729999999901,-0.01833477886823004,20.16088319897309,0.014928499995276345,-0.004285000286002927,10.060693763865817,9.988503942639653
9.499999999999842,2.4114999999999007,0.02937984815079836,20.18436901980864,-0.011607035355252704,0.013318269102955804,10.085368855315131,9.97651724175399
9.509999999999842,2.3632699999999005,0.007214494909095648,20.172628586255662,-0.0013733381776328546,0.00389183804263471,10.07615475643424,9.981750025575195
9.519999999999841,2.3150399999999003,0.002679632176218638,20.168766402030048,0.0010521232408525205,0.0016235909688334105,10.073801065770134,9.983174307467126
9.529999999999841,2.2668099999999,0.0032343679892447574,20.165300184055262,0.0008023607718494752,0.0018826019456382737,10.072330683343791,9.98340964022064
9.539999999999841,2.2185799999999,0.003430577610063379,20.16178668165656,0.0006522018389168993,0.0019731095630490247,10.070821228296012,9.98370237972611
9.54999999999984,2.1703499999998996,0.00022743047741408118,20.162083861492228,0.0028896437836461453,0.0009121871684592553,10.07003478752303,9.98455998502159
9.55999999999984,2.1221199999998994,0.0029652269831477174,20.15480204691457,0.0008514583496177508,0.0017488675432866252,10.06771337077904,9.98451308035672
9.56999999999984,2.073889999999899,0.0033156054844543092,20.151214203554886,0.0005335895599293261,0.0018929345702686229,10.066209265972017,9.984742394502007
9.57999999999984,2.025659999999899,0.0031575708960429605,20.147717388881656,0.00058134002524457,0.001812855184395279,10.064669983296287,9.985127270528709
9.58999999999984,1.977429999999899,0.0049621913808907125,20.145915811269923,0.0009060312737376175,0.002537270001401637,10.063792683673705,9.985517022587219
9.59999999999984,1.929199999999899,0.003171026835703805,20.140704513030304,0.0005902420524899754,0.0018083046618083687,10.061594569448268,9.985860569348622
9.60999999999984,1.880969999999899,0.0028510698997572526,20.137157958861366,0.0005413932032770075,0.0016438806821885699,10.060047208553103,9.986200808840586
9.61999999999984,1.832739999999899,0.0028365472153452087,20.133649351984847,0.0005384228897444276,0.0016301496660323656,10.058511958109388,9.986562368098339
9.62999999999984,1.784509999999899,0.0027824173147995013,20.130132613065882,0.0005264637765678426,0.001597182600154734,10.056972819139492,9.986920200497334
9.639999999999839,1.736279999999899,0.002710072027705901,20.12661544545427,0.0005115939561272098,0.0015552553402917724,10.055433895195293,9.98727648487943
9.649999999999839,1.688049999999899,0.002641462105955006,20.12330095899736,0.0005047393349925655,0.0015084433651067486,10.05389846318018,9.987628895609436
9.659999999999838,1.639819999999899,0.0025661468830122103,20.119581891344602,0.0004830235454154064,0.0014714760407215088,10.052356021114633,9.987989170048571
9.669999999999838,1.591589999999899,0.0024974993633179454,20.11638738981312,0.00047673990788665854,0.0014215217146114068,10.050819730580876,9.988338230578501
9.679999999999838,1.543359999999899,0.0024222311906586524,20.112547980252643,0.00045437033391321213,0.0013877686983737036,10.049277891001818,9.988701097624245
9.689999999999838,1.495129999999899,0.002350419782182478,20.10902923199996,0.0004385359156408031,0.0013468551394736905,10.047738376812505,9.989056211081053
9.699999999999838,1.446899999999899,0.002277579853613043,20.10551261014101,0.00042449661248983306,0.0013046847806004735,10.04619926587708,9.98941184996766
9.709999999999837,1.398669999999899,0.003851742367681932,20.103331367869735,-0.0012207280257360287,0.0014395149340371005,10.04518335056759,9.988834921974531
9.719999999999837,1.350439999999899,-0.0003451967444405568,20.095795449931522,-0.00234107660614713,-0.00013174789668862763,10.043725852040255,9.989648473013245
9.729999999999837,1.302209999999899,-0.007395724907110046,20.08601437463718,-9.95293476899195e-05,-0.0007097299899330167,10.03739184627921,9.991591960046438
9.739999999999837,1.253979999999899,0.0015079807016765145,20.092257573062827,0.001149248382567969,0.0009520586104618256,10.040050539845666,9.99102351679156
9.749999999999837,1.205749999999899,0.002104941674606897,20.08575002660629,0.002898113706402361,0.0009724894137562168,10.037220241983645,9.992530654574406
9.759999999999836,1.157519999999899,0.0018531657909324206,20.084380235571743,0.0005371459585845617,0.0010481895565778165,10.036903768160396,9.99163751326849
9.769999999999836,1.109289999999899,0.0017616251194923493,20.080903325026565,0.0002234456736622814,0.001011135037450983,10.035446291218888,9.991845951491173
9.779999999999836,1.061059999999899,0.0017494216927125272,20.0777567037049,0.0005691605528507226,0.0009899509730212364,10.033840322660263,9.99231143299614
9.789999999999836,1.012829999999899,0.0016223510977306232,20.07386056473549,0.0003264572764098972,0.0009283121535652583,10.032337780769348,9.992618183468759
9.799999999999836,0.9645999999998991,0.0024877574604270647,20.072481078137514,0.0023624826126041887,0.0013664296964955303,10.031176210121762,9.993665670899723
9.809999999999835,0.9163699999998991,0.0015450062786123708,20.066846758806445,0.00045301263605895814,0.0008682870267820997,10.029236759245878,9.993398610890498
9.819999999999835,0.8681399999998991,0.0043648545083183055,20.065892465657228,-0.0012656156587163014,0.0020788104555655162,10.029006199037948,9.992761225810566
9.829999999999835,0.8199099999998991,0.0015984792923220414,20.059817670757013,8.740441707161262e-05,0.0009006036545510243,10.026230468427487,9.993945849018447
9.839999999999835,0.7716799999998991,0.0011265844154346727,20.05625835045181,0.0002813193412373183,0.0006486633449009349,10.02462637879293,9.99440188551704
9.849999999999834,0.7234499999998991,0.0011395571182351016,20.05275362924782,0.00022286904613549874,0.0006510413596145237,10.023101153109403,9.994731797643365
9.859999999999834,0.6752199999998991,0.0010908157902134175,20.049236806534758,0.0001945840081239436,0.0006215516695802781,10.021564000601856,9.995077826375972
9.869999999999834,0.6269899999998991,0.0006775487010980408,20.047153365047045,0.0002112138740861247,0.0006874974791110655,10.020381464798392,9.995233273540496
9.879999999999834,0.5787599999998991,0.0008821341874871158,20.042269669898495,0.00019409498461758767,0.000516952229843548,10.01849660315173,9.995788829005575
9.889999999999834,0.5305299999998991,0.00121811125175747,20.039090562617712,-0.0007437382359953282,0.0005721747871338945,10.017164548317883,9.99570743545052
9.899999999999833,0.48229999999989914,0.0008170079025556221,20.035169753364755,5.5223393077785676e-05,0.0004637549096789817,10.015420301303077,9.99644766411152
9.909999999999833,0.43406999999989915,0.0006923057817448952,20.03164857635743,0.0001601551426516079,0.000394511082554283,10.01385535701844,9.996857577219533
9.919999999999833,0.38583999999989915,0.0006240004166233049,20.028132348698197,0.00011896943484113187,0.0003550537294332856,10.012320208804537,9.997196079963082
9.929999999999833,0.33760999999989916,0.000549529444582475,20.024614941980914,9.66812767377867e-05,0.0003125101511898265,10.01078119681313,9.997543756652478
9.939999999999833,0.28937999999989916,0.0004715861471679683,20.02109747218692,8.319934689582364e-05,0.000268091426540884,10.009240497104198,9.997895536238293
9.949999999999832,0.24114999999989917,0.0003933861820480389,20.017579991190946,6.966457635998458e-05,0.00022356395537526108,10.007699745166555,9.998247096751356
9.959999999999832,0.19291999999989917,0.00031511528377992093,20.014062492644605,5.571942923732198e-05,0.00017901757727906142,10.0061590116212,9.998598266769218
9.969999999999832,0.14468999999989918,0.00023663627162401335,20.01054497580604,4.1754764240897746e-05,0.00013437931439952422,10.004618226181776,9.998949235912995
9.979999999999832,0.09645999999989918,0.0001579267909883053,20.00702744032708,2.7824891419170328e-05,8.963808067113943e-05,10.003077378621114,9.999300029411543
9.989999999999831,0.04822999999989919,-0.0007537098718504165,20.003582408584027,-0.0008129836752052699,-0.00020718751162879245,10.001640911568089,9.999323036183878
0.0,0,-1.6653345369377348e-16,20.0,0.0,-5.551115123125783e-17,10.0,10.0
0.01,0.048229999999999995,7.531342105593364e-05,20.00348783367535,1.3559773752502835e-05,4.2343817643508697e-05,10.001524793068938,9.999652992958728
0.02,0.09645999999999999,0.0001581566313644811,20.00702637110804,2.7758074191586157e-05,8.961110052091437e-05,10.003076942217985,9.999299947906097
0.03,0.14468999999999999,0.00023775092239181062,20.010544043694594,4.168849577346201e-05,0.00013476619870284035,10.004617933162361,9.998949052740477
0.04,0.19291999999999998,0.0003164281361186516,20.014061063310393,5.560161435946842e-05,0.000179436366687713,10.006158524915675,9.99859803266442
0.05,0.24114999999999998,0.0003949660648229214,20.017578198192446,6.95382013676249e-05,0.000224057905253372,10.00769912958396,9.998246815788175
0.060000000000000005,0.28937999999999997,0.00047332116922316203,20.02109532133678,8.349467590662574e-05,0.0002686012971900298,10.00923967871075,9.997895416974371
0.07,0.33760999999999997,0.0005514515049217517,20.02461242596841,9.746906142837908e-05,0.0003130446615338678,10.010780168746289,9.997543837234353
0.08,0.38583999999999996,0.0006293554122729916,20.028129513240163,0.00011146132756079119,0.00035738723568856656,10.012320600259182,9.99719207758436
0.09,0.43406999999999996,0.000707034952198482,20.03164658359553,0.00012547157625192318,0.000401629966395034,10.013860973421437,9.996840139187409
0.09999999999999999,0.48229999999999995,0.0007844905884116238,20.03516363740897,0.00013949983296579482,0.0004457729927596077,10.015401288374315,9.996488023170299
0.10999999999999999,0.53053,0.0008617224524746225,20.038680675057442,0.00015354611020490516,0.0004898162949174556,10.016941545261801,9.99613573064687
0.11999999999999998,0.5787599999999999,0.0009387307200788841,20.04219769691769,0.00016761042318297337,0.0005337598751694594,10.018481744227852,9.995783262725988
0.12999999999999998,0.6269899999999999,0.001015515585881921,20.045714703365906,0.00018169278848384485,0.0005776037446118543,10.02002188541613,9.995430620511044
0.13999999999999999,0.6752199999999999,0.0010920772427343017,20.04923169477748,0.00019579322303664437,0.0006213479133856392,10.021561968970069,9.995077805099559
0.15,0.7234499999999999,0.0011684158810573164,20.05274867152714,0.00020991174419821013,0.0006649923903308541,10.023101995032853,9.994724817583217
0.16,0.7716799999999999,0.0012445316898480607,20.056265633988858,0.00022404836970690845,0.0007085371834580911,10.024641963747468,9.994371659047907
0.17,0.8199099999999999,0.0013204248566465737,20.05978258253598,0.00023820311774408465,0.0007519823000010639,10.026181875256661,9.994018330573759
0.18000000000000002,0.8681399999999999,0.001396095567676725,20.063299517541054,0.00025237600693067685,0.0007953277464509689,10.027721729702947,9.993664833235206
0.19000000000000003,0.9163699999999999,0.0014715440077186503,20.06681643937597,0.0002665670563316014,0.0008385735284872076,10.029261527228611,9.99331116810107
0.20000000000000004,0.9645999999999999,0.001546770360172034,20.07033334841196,0.0002807762853559992,0.0008817196510393366,10.03080126797569,9.992957336234538
0.21000000000000005,1.01283,0.0016217748070825322,20.073850245019443,0.00029500371391782965,0.0009247661183395262,10.032340952086006,9.992603338693183
0.22000000000000006,1.06106,0.001696557529097642,20.07736712956821,0.000309249362293762,0.0009677129337703483,10.033880579701137,9.992249176529153
0.23000000000000007,1.1092899999999999,0.001771118705535868,20.080884002427403,0.00032351325124746477,0.0010105601000669484,10.035420150962421,9.991894850789048
0.24000000000000007,1.1575199999999999,0.0018454585143528046,20.084400863965268,0.00033779540185607804,0.0010533076192174584,10.036959666010972,9.991540362514005
0.25000000000000006,1.2057499999999999,0.0019195771320754673,20.087917714549636,0.00035209583573703185,0.001095955492492806,10.038499124987673,9.991185712739817
0.26000000000000006,1.2539799999999999,0.001993474734039047,20.091434554547437,0.0003664145748091263,0.0011385037204318937,10.040038528033131,9.990830902496874
0.2700000000000001,1.3022099999999999,0.0020671514941161817,20.094951384324904,0.00038075164152778784,0.001180952302921201,10.041577875287743,9.990475932810263
0.2800000000000001,1.3504399999999999,0.0021406075849078054,20.098468204247688,0.00039510705860923423,0.0012233012391151266,10.043117166891697,9.990120804699778
0.2900000000000001,1.3986699999999999,0.002213843177707231,20.10198501468073,0.00040948084934000484,0.0012655505275142032,10.044656402984856,9.989765519179976
0.3000000000000001,1.4468999999999999,0.0022868584424906024,20.105501815988198,0.00042387303732827064,0.0013077001659163034,10.04619558370691,9.98941007726021
0.3100000000000001,1.4951299999999998,0.00235965354788803,20.10901860853358,0.0004382836466123585,0.0013497501514805887,10.047734709197295,9.98905447994465
0.3200000000000001,1.5433599999999998,0.002432228661282454,20.112535392679792,0.0004527127016425436,0.0013917004806972,10.049273779595191,9.988698728232405
0.3300000000000001,1.5915899999999998,0.0025045839487265464,20.116052168788926,0.0004671602272598996,0.0014335511493873132,10.050812795039533,9.988342823117392
0.34000000000000014,1.6398199999999998,0.0025767195750418526,20.119568937222475,0.0004816262487377654,0.0014753021527637578,10.052351755669026,9.987986765588529
0.35000000000000014,1.6880499999999998,0.0026486357037486807,20.123085698341246,0.0004961107917837992,0.001516953485379946,10.053890661622122,9.987630556629782
0.36000000000000015,1.7362799999999998,0.002720332497057998,20.126602452505214,0.0005106138824267914,0.0015585051411825535,10.05542951303702,9.98727419722
0.37000000000000016,1.7845099999999998,0.00279181011598717,20.130119200073924,0.0005251355471540542,0.0015999571134823198,10.056968310051687,9.986917688333204
0.38000000000000017,1.8327399999999998,0.002863068720244333,20.133635941406045,0.0005396758128802803,0.001641309394965873,10.058507052803838,9.986561030938454
0.3900000000000002,1.8809699999999998,0.002934108468322205,20.137152676859642,0.0005542347068554498,0.0016825619777466327,10.060045741430923,9.986204225999991
0.4000000000000002,1.9291999999999998,0.003004929517463617,20.140669406792107,0.0005688122567715226,0.0017237148533329472,10.06158437607018,9.98584727447711
0.4100000000000002,1.9774299999999998,0.0030755320236390826,20.144186131560108,0.0005834084907560544,0.0017647680126363086,10.063122956858551,9.985490177324454
0.4200000000000002,2.02566,0.003145916141652938,20.147702851519654,0.0005980234372555127,0.0018057214459687443,10.064661483932772,9.985132935491803
0.4300000000000002,2.0738899999999996,0.003216082025064737,20.151219567026157,0.0006126571251445223,0.0018465751430921662,10.066199957429303,9.984775549924242
0.4400000000000002,2.12212,0.0032860298262148424,20.154736278434214,0.000627309583744462,0.0018873290931841757,10.067738377484345,9.984418021562162
0.45000000000000023,2.17035,0.0033557596962169867,20.158252986097917,0.0006419808426938456,0.0019279832848766998,10.069276744233903,9.984060351341267
0.46000000000000024,2.21858,0.003425271785008177,20.161769690370534,0.000656670932076775,0.0019685377062425014,10.07081505781366,9.983702540192649
0.47000000000000025,2.2668100000000004,0.0034945662412848577,20.165286391604756,0.000671379882355716,0.0020089923447958458,10.072353318359081,9.983344589042787
0.48000000000000026,2.3150400000000007,0.0035636432126634476,20.168803090152558,0.0006861077243772162,0.0020493471875226987,10.073891526005362,9.982986498813649
0.49000000000000027,2.363270000000001,0.0036325028454262664,20.1723197863653,0.0007008544894047675,0.0020896022208628517,10.075429680887485,9.982628270422596
0.5000000000000002,2.411500000000001,0.0037011452848177417,20.17583648059367,0.0007156202090544683,0.0021297574307473366,10.076967783140134,9.982269904782534
0.5100000000000002,2.4597300000000013,0.003769570674827194,20.17935317318762,0.0007304049153574743,0.0021698128025565144,10.078505832897731,9.98191140280194
0.5200000000000002,2.5079600000000015,0.003837779158311738,20.182869864496524,0.0007452086407371827,0.0022097683211641517,10.080043830294507,9.981552765384789
0.5300000000000002,2.5561900000000017,0.003905770876941772,20.186386554869046,0.0007600314180022938,0.0022496239709842714,10.081581775464377,9.981193993430661
0.5400000000000003,2.604420000000002,0.003973545971290793,20.18990324465324,0.0007748732802768665,0.0022893797358544687,10.08311966854102,9.980835087834821
0.5500000000000003,2.652650000000002,0.004041104580747357,20.193419934196484,0.0007897342611682956,0.0023290355991618106,10.084657509657857,9.980476049488152
0.5600000000000003,2.7008800000000024,0.004108446843547109,20.19693662384543,0.0008046143946637274,0.002368591543799814,10.086195298948038,9.980116879277215
0.5700000000000003,2.7491100000000026,0.004175572896845059,20.200453313946188,0.0008195137150595055,0.002408047552178494,10.08773303654449,9.979757578084287
0.5800000000000003,2.797340000000003,0.004242482876619769,20.203970004844138,0.0008344322570461027,0.002447403606185228,10.089270722579862,9.979398146787506
0.5900000000000003,2.845570000000003,0.004309176917777491,20.20748669688405,0.0008493700557729578,0.002486659687327142,10.090808357186539,9.97903858626062
0.6000000000000003,2.8938000000000033,0.004375655154009284,20.211003390409964,0.000864327146679611,0.0025258157765377653,10.092345940496655,9.978678897373307
0.6100000000000003,2.9420300000000035,0.004441917718068733,20.21452008576542,0.0008793035656366466,0.002564871854399242,10.093883472642085,9.978319080991042
0.6200000000000003,2.9902600000000037,0.004507964741435833,20.218036783293147,0.0008942993488600393,0.0026038279009701903,10.095420953754449,9.97795913797515
0.6300000000000003,3.038490000000004,0.004573796354588211,20.221553483335356,0.0009093145329683305,0.002642683895895115,10.096958383965074,9.977599069182883
0.6400000000000003,3.086720000000004,0.004639412686880451,20.225070186233552,0.0009243491549194571,0.002681439818344067,10.098495763405078,9.977238875467421
0.6500000000000004,3.1349500000000043,0.0047048138665907735,20.228586892328543,0.0009394032520939621,0.0027200956470542215,10.1000330922053,9.976878557677903
0.6600000000000004,3.1831800000000046,0.0047700000209374704,20.23210360196063,0.0009544768622010147,0.0027586513603720664,10.101570370496301,9.976518116659406
0.6700000000000004,3.231410000000005,0.004834971276020117,20.235620315469415,0.0009695700233169902,0.002797106936189897,10.103107598408393,9.976157553253056
0.6800000000000004,3.279640000000005,0.00489972775691766,20.239137033193757,0.0009846827739526942,0.0028354623519681876,10.10464477607162,9.97579686829602
0.6900000000000004,3.327870000000005,0.004964269587595993,20.242653755472027,0.0009998151529224675,0.0028737175847950436,10.106181903615788,9.97543606262148
0.7000000000000004,3.3761000000000054,0.0050285968909932754,20.246170482641865,0.0010149671994485465,0.0029118726113169235,10.107718981170398,9.975075137058768
0.7100000000000004,3.4243300000000056,0.0050927097890169915,20.24968721504034,0.0010301389530765759,0.0029499274077514626,10.109256008864735,9.97471409243331
0.7200000000000004,3.472560000000006,0.005156608402492879,20.253203953003855,0.0010453304537663688,0.002987881949977955,10.110792986827802,9.974352929566674
0.7300000000000004,3.520790000000006,0.005220292851210617,20.25672069686817,0.0010605417417974827,0.003025736213446706,10.112329915188319,9.97399164927661
0.7400000000000004,3.5690200000000063,0.0052837632539496915,20.260237446968432,0.0010757728578676407,0.003063490173232153,10.113866794074752,9.973630252377044
0.7500000000000004,3.6172500000000065,0.005347019728457247,20.26375420363914,0.0010910238429852614,0.003101143804009776,10.115403623615348,9.97326873967817
0.7600000000000005,3.6654800000000067,0.005410062391430492,20.26727096721421,0.001106294738561997,0.003138697080108277,10.116940403938015,9.972907111986357
0.7700000000000005,3.713710000000007,0.005472891358532517,20.270787738026893,0.0011215855863146995,0.00317614997541793,10.118477135170476,9.97254537010435
0.7800000000000005,3.761940000000007,0.0055355067444947115,20.2743045164098,0.0011368964283889338,0.003213502463588258,10.120013817440107,9.972183514831036
0.7900000000000005,3.8101700000000074,0.005597908662960005,20.277821302694964,0.0011522273072470668,0.0032507545177378194,10.121550450874087,9.971821546961845
0.8000000000000005,3.8584000000000076,0.005660097226595606,20.28133809721375,0.0011675782657406542,0.0032879061107884966,10.123087035599292,9.971459467288337
0.8100000000000005,3.906630000000008,0.005722072547082679,20.28485490029698,0.0011829493470152386,0.003324957215163904,10.124623571742347,9.971097276598634
0.8200000000000005,3.954860000000008,0.005783834735116733,20.28837171227478,0.0011983405946292547,0.003361907803083375,10.126160059429619,9.97073497567709
0.8300000000000005,4.003090000000008,0.005845383900359047,20.291888533476637,0.001213752052493411,0.003398757846275524,10.127696498787202,9.970372565304627
0.8400000000000005,4.0513200000000085,0.005906720151547917,20.295405364231495,0.0012291837648403803,0.0034355073162319893,10.129232889940907,9.970010046258526
0.8500000000000005,4.099550000000009,0.00596784359639968,20.298922204867704,0.0012446357762677662,0.003472156184106401,10.130769233016311,9.96964741931254
0.8600000000000005,4.147780000000009,0.006028754341700637,20.302439055712874,0.0012601081317469842,0.0035087044206658646,10.132305528138689,9.969284685236985
0.8700000000000006,4.196010000000009,0.0060894524932470495,20.30595591709413,0.0012756008765954507,0.0035451519963953237,10.13384177543308,9.968921844798562
0.8800000000000006,4.244240000000009,0.006149938155855517,20.309472789337942,0.0012911140564285106,0.0035814988814321658,10.135377975024255,9.968558898760687
0.8900000000000006,4.2924700000000096,0.006210211433420709,20.312989672770136,0.0013066477172459234,0.003617745045607912,10.136914127036706,9.968195847883221
0.9000000000000006,4.34070000000001,0.006270272428872292,20.31650656771598,0.001322201905452014,0.0036538904584707543,10.138450231594636,9.96783269292261
0.9100000000000006,4.38893000000001,0.006330121244196463,20.320023474500115,0.0013377766676982983,0.003689935089236207,10.139986288822037,9.967469434631962
0.9200000000000006,4.43716000000001,0.00638975798043756,20.32354039344656,0.0013533720510209846,0.0037258789067749487,10.14152229884258,9.96710607376102
0.9300000000000006,4.48539000000001,0.006449182737696013,20.327057324878776,0.0013689881028409734,0.0037617218797228458,10.143058261779705,9.96674261105612
