Time,Goal_Desp,SPA_Pressure_calculated,Presion_experimental_kPa,YM,P1_Position_X,P1_Position_Y,P1_Position_Z,P2_Position_X,P2_Position_Y,P2_Position_Z
0.0,0.0,0.0,2.8402357996390528e-05,32950.0,-1.6653345369377348e-16,20.0,0.0,-5.551115123125783e-17,10.0,10.0
0.001,6.817840563659203e-07,0.0001218409120198339,0.00011360943198556211,32950.0,1.8314771532690344e-08,20.000000344452435,1.8334434526146026e-09,-1.508667718530532e-08,9.999999639744061,10.000000015261445
0.002,3.084292746222306e-06,0.00020144945378625846,0.0002556164732034291,32950.0,4.556966942681484e-08,20.00000252639255,1.7122803175340096e-08,-2.0369725739488587e-08,10.00000056501733,9.999999808187694
0.003,6.63181237352693e-06,0.0002829571678802117,0.00045443772794224844,32950.0,9.460628952462358e-08,20.00000584788654,3.8227797261036756e-08,3.908394996532394e-09,10.000002140265115,9.999999458694917
0.004,1.132926049658932e-05,0.00039943717867456277,0.0007100542011456775,32950.0,1.7902023480287355e-07,20.00001022222466,5.868552105381397e-08,5.529603358533919e-08,10.000004178848373,9.999998998029785
0.005,1.736320391017423e-05,0.0005530518806253485,0.0010225038829264016,32950.0,3.0429264025189084e-07,20.000015829944605,7.73195292236295e-08,1.3025136652577984e-07,10.000006775978612,9.999998408460248
0.006,2.45691314126277e-05,0.0007335765432800831,0.0013916728029463648,32950.0,4.687855242879735e-07,20.000022534843318,9.45513047301283e-08,2.2758225221020112e-07,10.000009892408887,9.999997700273536
0.007,3.306927132131867e-05,0.0009484638287331278,0.001817731916712651,32950.0,6.69755081394996e-07,20.000030438546364,1.1180299319679676e-07,3.440047164904314e-07,10.00001356122075,9.99999686477485
0.008,4.278418602853296e-05,0.0011926800585163506,0.002300586248943547,32950.0,9.021368226891369e-07,20.00003947558568,1.310396292031335e-07,4.770636135020823e-07,10.000017760135451,9.999995908491721
0.009000000000000001,5.376534556393191e-05,0.00146960593366263,0.0028401408243573394,32950.0,1.1620564864811556e-06,20.00004968810626,1.5388773433322456e-07,6.244913107744665e-07,10.000022502392214,9.999994828700371
0.010000000000000002,6.597672646700684e-05,0.0017769799208803814,0.003436585593517454,32950.0,1.4464263642377517e-06,20.000061046367513,1.8145090657784024e-07,7.855908164544623e-07,10.00002777794689,9.999993628557773
0.011000000000000003,7.943814665655509e-05,0.002116187114173906,0.00408982558114218,32950.0,1.7542226778965997e-06,20.00007356636266,2.1407169342735344e-07,9.603535824354026e-07,10.0000335916179,9.999992306925579
0.012000000000000004,9.414610450423155e-05,0.0024866709964826324,0.004799860787231514,32950.0,2.0858579017346557e-06,20.000087246127105,2.5152238436465524e-07,1.1494894763264263e-06,10.000039943844957,9.999990863703612
0.013000000000000005,0.0001101132196599205,0.0028889713161059285,0.0055665962365037455,32950.0,2.4429457618491135e-06,20.00010209677426,2.9316704708293173e-07,1.353868829490068e-06,10.000046839305838,9.999989297475759
0.014000000000000005,0.0001273210090388387,0.0033222997732908622,0.006390221879522299,32950.0,2.827300154717438e-06,20.00011810198849,3.382220198910879e-07,1.5743496392106593e-06,10.00005427155789,9.99998760943572
0.015000000000000006,0.0001457618289480686,0.0037867457864938277,0.0072706427410054635,32950.0,3.2404843389177707e-06,20.000135253866613,3.860018054635539e-07,1.8113979586842355e-06,10.000062236193958,9.999985800230357
0.016000000000000007,0.0001654772247744675,0.004283689711908651,0.008207763845671524,32950.0,3.68371543518764e-06,20.000153590124356,4.36210653764757e-07,2.065235457537895e-06,10.000070749641223,9.99998386589796
0.017000000000000008,0.0001864337407730919,0.004811356948836717,0.009201680168802195,32950.0,4.157146203498385e-06,20.00017308221574,4.887749556203858e-07,2.3361724657000593e-06,10.000079801664949,9.999981808941978
0.01800000000000001,0.0002086151516673346,0.005369942377338619,0.0102525816609609,32950.0,4.660368595532649e-06,20.000193713379762,5.437542481834257e-07,2.623947337021537e-06,10.000089382656956,9.99997963145214
0.01900000000000001,0.0002320888712214196,0.0059617504515418265,0.011359993445739078,32950.0,5.193060900632318e-06,20.000215544655205,6.015522231450632e-07,2.9281311471063276e-06,10.000099518766195,9.999977327502721
0.02000000000000001,0.0002567870243221914,0.006583426677834391,0.01252439039954529,32950.0,5.754138278246668e-06,20.00023851745877,6.624558386292279e-07,3.248802630306802e-06,10.000110188041502,9.999974902595252
0.02100000000000001,0.0002827528710761973,0.007237765758978124,0.013745772522379539,32950.0,6.343295601340948e-06,20.000262667319227,7.26652922999893e-07,3.5854660355716383e-06,10.000121401680985,9.99997235386338
0.022000000000000013,0.0003099866232428557,0.007923823956490618,0.015023190061424692,32950.0,6.960231316355259e-06,20.000287997062333,7.943466194260118e-07,3.938109631229647e-06,10.000133163686769,9.999969680706748
0.023000000000000013,0.0003384273795817262,0.008639767635821152,0.016357592769497876,32950.0,7.60454179848935e-06,20.000314450864924,8.654155240206407e-07,4.3067580626776625e-06,10.000145449376,9.99996688877545
0.024000000000000014,0.0003681114809189352,0.009387735174383821,0.0177489806465991,32950.0,8.276405324969538e-06,20.000342059149215,9.397527923615812e-07,4.691034397819038e-06,10.000158268892234,9.999963975443872
0.025000000000000015,0.0003990891884801979,0.010168484973135895,0.019197353692728365,32950.0,8.976282690698056e-06,20.000370870073787,1.0174189676304124e-06,5.091116628108683e-06,10.000171646050626,9.999960935400813
0.026000000000000016,0.0004313357461735107,0.010980610613479446,0.02070176215506853,32950.0,9.704542829280793e-06,20.00040086277173,1.098314487246732e-06,5.507601025578346e-06,10.000185573903892,9.999957770325556
0.027000000000000017,0.000464790282732146,0.011822822951897224,0.02226410553925386,32950.0,1.0461233157788019e-05,20.000431979939556,1.1821664823719047e-06,5.9406180971111056e-06,10.00020002516023,9.999954486292769
0.028000000000000018,0.000499600351052845,0.012700771261466785,0.0238824843396501,32950.0,1.1247409333670078e-05,20.00046435348778,1.2691349463578305e-06,6.38988062118262e-06,10.000215054670765,9.999951070416316
0.02900000000000002,0.0005355939371721254,0.013606249873540746,0.025556898556257236,32950.0,1.2062213133490207e-05,20.000497834117642,1.3591459774864312e-06,6.856169353974817e-06,10.000230605456382,9.999947536546797
0.03000000000000002,0.0005727963379630913,0.01454340531923043,0.02728924769470955,32950.0,1.2905504562676917e-05,20.000532435653295,1.4519754972242005e-06,7.338614252228037e-06,10.00024667323192,9.999943884784848
0.03100000000000002,0.0006113801751790399,0.015516700611639593,0.02907763224937276,32950.0,1.3777892927113733e-05,20.000568318360095,1.5481041987230881e-06,7.836893892720909e-06,10.000263331206405,9.999940098599058
0.03200000000000002,0.0006511484261809344,0.016517076323245904,0.03092300197306401,32950.0,1.4678298313475224e-05,20.000605310295118,1.6474715215375468e-06,8.352048823101477e-06,10.00028051310344,9.999936193976524
0.03300000000000002,0.0006922125937424105,0.017552138172331817,0.032825356865783285,32950.0,1.5607414711238388e-05,20.000643501908506,1.7499423557443272e-06,8.883293910577628e-06,10.00029824594716,9.999932163599055
0.03400000000000002,0.0007345479970216369,0.01861849060153687,0.03478374717471348,32950.0,1.6565046498051572e-05,20.00068287791746,1.855705072384417e-06,9.430887093209162e-06,10.000316530635342,9.999928008019186
0.035000000000000024,0.0007780938196804347,0.01971490345305288,0.0367991226526717,32950.0,1.7550846828140454e-05,20.000723380913467,1.9645840321769192e-06,9.994867213203307e-06,10.000335340283875,9.999923733207302
0.036000000000000025,0.0008230116601983029,0.020847568223542282,0.03887148329965796,32950.0,1.8565804553338783e-05,20.00076515535276,2.0767760033346683e-06,1.0574897821635787e-05,10.000354734840187,9.999919325058169
0.037000000000000026,0.000869201806855406,0.02201046048725921,0.041000829115672266,32950.0,1.9609725205649298e-05,20.000808118196783,2.192335452622096e-06,1.1171956397271199e-05,10.000374686872158,9.999914790634943
0.03800000000000003,0.0009165645387894973,0.023202644607590268,0.043186210347897463,32950.0,2.068220104001206e-05,20.000852172318467,2.3108365196922165e-06,1.1785804485409113e-05,10.000395146855874,9.999910140722632
0.03900000000000003,0.0009652642814085457,0.024430585444095293,0.045428576749150705,32950.0,2.178385464540744e-05,20.00089746424776,2.4324610208292796e-06,1.2415545484978363e-05,10.0004161747649,9.999905361224043
0.04000000000000003,0.0010151373779475,0.025685779849808167,0.04772792831943196,32950.0,2.291340452775792e-05,20.000943853869874,2.5572062896106473e-06,1.3061770052336108e-05,10.000437719553018,9.999900464777085
0.04100000000000003,0.001066434505273165,0.026979711301775955,0.05008331530592414,32950.0,2.407231567952417e-05,20.000991560071036,2.6852621638484564e-06,1.3723887214434072e-05,10.000459866856918,9.999895430656053
0.04200000000000003,0.001118819585384306,0.028296920109935418,0.052495687461444354,32950.0,2.5258721884413582e-05,20.00104028957139,2.8164015437037726e-06,1.440306090105814e-05,10.00048250220092,9.999890286539307
0.04300000000000003,0.0011726295537317,0.029654668341534872,0.05496504478599261,32950.0,2.647458789084567e-05,20.001090331520693,2.9506987258010042e-06,1.5097835807442728e-05,10.000505732653835,9.999885005998342
0.04400000000000003,0.001227614547179173,0.031038133038037756,0.05749043752675176,32950.0,2.7718512079055735e-05,20.001141477087273,3.088288836772257e-06,1.5809565154178973e-05,10.00052948723306,9.999879607266719
0.04500000000000003,0.001283939099819996,0.032457954469538405,0.06007281543653894,32950.0,2.8991653556409425e-05,20.001193861351254,3.2290236164356223e-06,1.653750635005613e-05,10.000553809385572,9.999874078821367
0.046000000000000034,0.001341689927274135,0.03391351462342031,0.06271217851535418,32950.0,3.0294950842835178e-05,20.00124757272996,3.3733649737466287e-06,1.728238908021984e-05,10.000578747737741,9.999868410383295
0.047000000000000035,0.001400617153605056,0.035396005386578056,0.0654075770103803,32950.0,3.162760202629622e-05,20.001302385729932,3.5209134792157926e-06,1.8045224543294935e-05,10.000604206631238,9.999862624178775
0.048000000000000036,0.001460634979473557,0.036906972996949616,0.06815996067443446,32950.0,3.298856677746986e-05,20.001358210283374,3.6710627425717846e-06,1.8824433137443197e-05,10.000630132406338,9.999856731475177
0.04900000000000004,0.001522080531530278,0.038457360081927267,0.07096932950751667,32950.0,3.437860525645764e-05,20.001415353228452,3.824455273526706e-06,1.9618544851884856e-05,10.000656658744118,9.999850701495877
0.05000000000000004,0.001584954341224264,0.04004143241187207,0.07383473375680975,32950.0,3.579786712665234e-05,20.001473830962937,3.981682923648311e-06,2.0429459767989933e-05,10.00068381186746,9.999844529625285
0.05100000000000004,0.001648920227161483,0.041650063324976665,0.07675712317513089,32950.0,3.7245199936752904e-05,20.001533332573146,4.141938823087887e-06,2.1258144161540038e-05,10.00071145066926,9.999838247856525
0.05200000000000004,0.001714315418729502,0.04329967512684371,0.07973554800966295,32950.0,3.8722627936194076e-05,20.0015941498263,4.305309339480701e-06,2.2102718031269397e-05,10.00073968446288,9.999831829590878
0.05300000000000004,0.001781054182684121,0.04498049569585074,0.08277095801322301,32950.0,4.0229846297368255e-05,20.001656224033525,4.472289838131083e-06,2.296458050476957e-05,10.000768509498627,9.999825277620822
0.05400000000000004,0.001848972883682469,0.04668997920130524,0.08586335318581113,32950.0,4.176626142970985e-05,20.001719398610923,4.6423376754423096e-06,2.384397436822061e-05,10.000797849705373,9.999818608640535
0.05500000000000004,0.001918322567608922,0.048438691994136265,0.08901178377461015,32950.0,4.3333187072835955e-05,20.00178389535325,4.815673102565032e-06,2.4739755303704314e-05,10.000827793480285,9.999811801641018
0.05600000000000004,0.001988766978867241,0.0502108345395658,0.0922171995324372,32950.0,4.492828836488716e-05,20.001849421747327,4.992116300561733e-06,2.5652804571840715e-05,10.000858228296934,9.999804883960476
0.057000000000000044,0.002060643527425757,0.05202368464926253,0.09547865070647517,32950.0,4.655305680134614e-05,20.001916267378313,5.171744194509831e-06,2.6581465121133796e-05,10.00088926145482,9.999797829065376
0.058000000000000045,0.002133866495251773,0.05386782175770482,0.09879328803827261,32950.0,4.820702606606053e-05,20.001984372601257,5.355004800977614e-06,2.7527129833615493e-05,10.000920887060397,9.999790640128651
0.059000000000000045,0.002207926856589229,0.05572936687394489,0.10217440806726945,32950.0,4.9886917963704036e-05,20.002053266827804,5.540691860872471e-06,2.8489685917787444e-05,10.00095289178078,9.999783365658931
0.060000000000000046,0.002284284685051349,0.057663631189635266,0.10560301573712298,32950.0,5.160151977329219e-05,20.002124256992605,5.730855321073314e-06,2.9466435209457575e-05,10.000985821693574,9.999775877452922
0.06100000000000005,0.002361213602111238,0.05958943474582579,0.10908860857600455,32950.0,5.334266388312692e-05,20.00219584143589,5.924549519698008e-06,3.046551741636705e-05,10.001019099468392,9.999768315534755
0.06200000000000005,0.002439327092890181,0.06156020544291725,0.1126406841120855,32950.0,5.511342179814749e-05,20.002268485770486,6.119804131399231e-06,3.147934742842029e-05,10.001052824696878,9.99976064778842
0.06300000000000004,0.00251974027251305,0.06359515138921344,0.11624024728902313,32950.0,5.6919441631275713e-05,20.002343251904477,6.320246368540783e-06,3.250815929140005e-05,10.001087510839035,9.999752760583588
0.06400000000000004,0.002600726262699498,0.06562272170024765,0.1198967956349888,32950.0,5.875277826450365e-05,20.00241861103092,6.524198171209417e-06,3.3560133159526995e-05,10.001122543405538,9.999744799586493
0.06500000000000004,0.002682898782923645,0.06769574833444697,0.12361032914998252,32950.0,6.0616196560170366e-05,20.00249503064904,6.7296449616227605e-06,3.462702712603294e-05,10.001158021639277,9.999736732987857
0.06600000000000004,0.002766509216363396,0.06980464024034491,0.12738084783400427,32950.0,6.250805571633711e-05,20.00257278869483,6.938629805663954e-06,3.570782279893603e-05,10.00119411851551,9.999728526184882
0.06700000000000005,0.002851558284335687,0.07194717605512575,0.13120835168705405,32950.0,6.442809506324032e-05,20.002651892038863,7.1515878268813005e-06,3.680499188668529e-05,10.001230849537237,9.99972017580453
0.06800000000000005,0.002938046719961615,0.07412570356204173,0.13509284070913186,32950.0,6.637793998820474e-05,20.002732334904508,7.368267167240372e-06,3.791995813473559e-05,10.001268203911746,9.999711683507252
0.06900000000000005,0.003025975268174088,0.07634060349168464,0.13903431490023774,32950.0,6.835948871508624e-05,20.002814116967542,7.588583970874474e-06,3.905353875149897e-05,10.00130617961677,9.999703049815514
0.07000000000000005,0.003115093853956121,0.07858358610018917,0.14302327673220028,32950.0,7.037226906542182e-05,20.002897011098003,7.81204415151171e-06,4.020606793303516e-05,10.001344677823365,9.999694297658099
0.07100000000000005,0.003175439304280946,0.07987390944986421,0.14707872126136223,32950.0,7.217892563071704e-05,20.002953770193862,7.981013394886549e-06,4.134232834934748e-05,10.001371785144483,9.999688183851529
0.07200000000000005,0.003266937141169518,0.08261631658619485,0.15119115095955218,32950.0,7.405555173867207e-05,20.003037662779242,8.168384999285294e-06,4.2266059452567006e-05,10.001409349479074,9.999679540345056
0.07300000000000005,0.003364896090892129,0.08494606579792473,0.15535106829859885,32950.0,7.593824925966608e-05,20.00312915828412,8.428789349868016e-06,4.330826573600843e-05,10.001452198778374,9.999669843056804
0.07400000000000005,0.003451892176873166,0.08697216909974449,0.15957746833484487,32950.0,7.785584750646946e-05,20.003210530933536,8.667060097777846e-06,4.449126439920459e-05,10.001490574183563,9.999661151455715
0.07500000000000005,0.003553744146039274,0.08972526706031222,0.16386085354011895,32950.0,7.998145666660017e-05,20.003304745919614,8.906958687660005e-06,4.5681726102198006e-05,10.00153372958192,9.999651291577884
0.07600000000000005,0.003645999657477316,0.09188721350510744,0.16819172638624974,32950.0,8.216085352252822e-05,20.00339099985405,9.152533704481769e-06,4.6980960889730916e-05,10.001574266889548,9.999642117096084
0.07700000000000005,0.003746616378821532,0.09453610123269207,0.17257958440140855,32950.0,8.44707316554616e-05,20.003484266406275,9.393927927148216e-06,4.828304836057562e-05,10.001617240654419,9.999632316954884
0.07800000000000006,0.003844162002497986,0.09692313072442374,0.17703392511376675,32950.0,8.680087760554178e-05,20.003575186323765,9.642647040786212e-06,4.962522661355884e-05,10.001659660663528,9.999622689049925
0.07900000000000006,0.003945526866253441,0.09951800655576754,0.18153575346698164,32950.0,8.916267858871674e-05,20.003669350065678,9.891665598116273e-06,5.095896500728614e-05,10.001703268489125,9.99961276237464
0.08000000000000006,0.004048228210402655,0.1020927522731101,0.18609456698922452,32950.0,9.152259359507253e-05,20.00376490602401,1.0148993556613473e-05,5.229836447723235e-05,10.001747669539292,9.999602669419426
0.08100000000000006,0.004150370273289068,0.10464836129968862,0.19071036568049549,32950.0,9.386622483786855e-05,20.003859955818974,1.0406274345453603e-05,5.364151115477833e-05,10.001791866727604,9.999592623118039
0.08200000000000006,0.004256222691553337,0.10734631604504788,0.1953831495407945,32950.0,9.622116994706387e-05,20.003958321985102,1.0668952932835207e-05,5.49778604094775e-05,10.001837442021907,9.99958225225353
0.08300000000000006,0.004361266065560909,0.10996151049253605,0.2001129185701215,32950.0,9.857372959182209e-05,20.004056108163393,1.0935743261442088e-05,5.633418021555592e-05,10.001882942828596,9.999571913763933
0.08400000000000006,0.004469519716237022,0.11271496517081904,0.2048996727684766,32950.0,0.00010096282451199645,20.00415672172436,1.120578944052708e-05,5.769937384964008e-05,10.001929582525786,9.999561301741581
0.08500000000000006,0.004577970446749847,0.11542755567026017,0.2097434121358597,32950.0,0.000103383143163438,20.004257645196237,1.1480263357455112e-05,5.9092902564950034e-05,10.001976502459144,9.999550637378414
0.08600000000000006,0.004688628808134735,0.11822753823740687,0.21464413667227084,32950.0,0.00010585479181801638,20.004360534043258,1.1757345949714448e-05,6.050759376458048e-05,10.00202424220346,9.999539778239491
0.08700000000000006,0.004800239585985019,0.12103136964907435,0.21960184637771002,32950.0,0.0001083714985938844,20.004464364289028,1.2038220207621908e-05,6.194992118846443e-05,10.002072477040443,9.99952881135852
0.08800000000000006,0.004913306194005687,0.12388215280227916,0.2246070437240059,32950.0,0.0001109329297712125,20.0045695200758,1.2321643692581041e-05,6.341454324787499e-05,10.002121298972337,9.999517707999026
0.08900000000000007,0.00502746558407611,0.126755604715952,0.22967872376750112,32950.0,0.00011352950451348764,20.004675705635517,1.260802203112421e-05,6.489901741374426e-05,10.00217061215035,9.999506493910586
0.09000000000000007,0.005143446710575979,0.12968245098369005,0.23479789145185304,32950.0,0.00011615881142329476,20.00478356491886,1.289834875922713e-05,6.639930226365331e-05,10.002220679305884,9.999495106447018
0.09100000000000007,0.005260271051055456,0.1326183519210161,0.23997404430523298,32950.0,0.00011881077854286604,20.004892242189623,1.3191996754591262e-05,6.791704452846492e-05,10.002271164542877,9.999483626599403
0.09200000000000007,0.005378303538171267,0.13559351552003013,0.24521667985581241,32950.0,0.00012148416880936042,20.005002018800006,1.3488007159279114e-05,6.944639778322381e-05,10.00232213378113,9.999472034212113
0.09300000000000007,0.005498915275283164,0.13864271766499703,0.2505068030472485,32950.0,0.00012418771808642148,20.005114169544782,1.3789912042039276e-05,7.098832075680406e-05,10.002374173503412,9.999460196502437
0.09400000000000007,0.005620121534942478,0.14168167415451155,0.2558539114077126,32950.0,0.00012691563989974952,20.00522694298146,1.4095836596617062e-05,7.255368876718515e-05,10.002426583686628,9.999448280267327
0.09500000000000007,0.005742790465849621,0.1447765400657571,0.26125800493720464,32950.0,0.00012967630956439713,20.005341024122664,1.4403728538170402e-05,7.413502287190177e-05,10.002479543549432,9.99943623377212
0.09600000000000007,0.00586692312078821,0.14790452719535926,0.2667190836357248,32950.0,0.00013246988728105036,20.005456477079417,1.4715534314979628e-05,7.573368463542618e-05,10.002533147832073,9.999424041866392
0.09700000000000007,0.005992772162686075,0.15107653649448022,0.27223714750327305,32950.0,0.00013529948567286842,20.00557352432311,1.5031686497135599e-05,7.735196058200611e-05,10.002587491583139,9.999411681389198
0.09800000000000007,0.006119835505484112,0.15427354431341772,0.27781219653984923,32950.0,0.00013816358266766082,20.005691716425094,1.535139569641686e-05,7.899203840516789e-05,10.002642384909663,9.999399196812485
0.09900000000000007,0.006248617468217667,0.15752100865089536,0.28343473321728213,32950.0,0.00014106505358674193,20.005811487232975,1.5674759106576452e-05,8.065140784363489e-05,10.002697988752317,9.999386548628785
0.10000000000000007,0.006377999320660817,0.16077206719745962,0.28912375259191453,32950.0,0.00014399500166462076,20.005931847771972,1.6000593605125513e-05,8.233079337099936e-05,10.002753902463494,9.999373832468596
0.10100000000000008,0.006509970230772854,0.16411077049876888,0.29486975713557484,32950.0,0.00014696285564402833,20.00605455454385,1.6330988315660377e-05,8.402398983858861e-05,10.002810834681966,9.999360879127787
0.10200000000000008,0.006643159805806259,0.16745703477167448,0.3006632493200919,32950.0,0.00014996200379902014,20.00617845882287,1.6666671569909308e-05,8.574101510078203e-05,10.002868394043492,9.999347788670972
0.10300000000000008,0.006777204003385945,0.17082939496795585,0.306513726673637,32950.0,0.0001529911700214326,20.006303145288975,1.7004160660916146e-05,8.747771359396417e-05,10.002926306824342,9.99933461587833
0.10400000000000008,0.006912720619858613,0.17424777425652513,0.31242118919621015,32950.0,0.0001560505374425536,20.006429176605963,1.7344429267818207e-05,8.922799186455999e-05,10.002984812674452,9.99932130597487
0.10500000000000008,0.007049710814503663,0.17769924075992138,0.3183951344159826,32950.0,0.00015913801638123282,20.00655658973643,1.7688866835896544e-05,9.099374109688974e-05,10.003043971977998,9.999307848465929
0.10600000000000008,0.007189296809836509,0.18122389885484375,0.3244165672766118,32950.0,0.00016226334365382344,20.006686395844277,1.8039396193658686e-05,9.277798388851455e-05,10.003104218196075,9.99929414159817
0.10700000000000008,0.007329489825267483,0.1847409059442194,0.33049498530626903,32950.0,0.00016541998514191247,20.006816829914705,1.839363035399666e-05,9.458924066507723e-05,10.003164829296768,9.999280356707244
0.10800000000000008,0.007471160044829178,0.18831453928241204,0.33662089097678294,32950.0,0.0001686133480830465,20.00694858421774,1.87497534048231e-05,9.641807528587565e-05,10.00322599418183,9.999266440546446
0.10900000000000008,0.007613691079497832,0.1919012897954337,0.34281327934449624,32950.0,0.00017183546875754185,20.00708116283109,1.9108655233801564e-05,9.826375601429405e-05,10.003287565104712,9.999252434176721
0.11000000000000008,0.007758571278701624,0.19556172862210852,0.3490626528812376,32950.0,0.0001750927428352811,20.00721588643807,1.9472307364487573e-05,0.00010012349715105007,10.003350087191318,9.999238207760989
0.11100000000000008,0.007904932420004904,0.1992431152982559,0.35535951405883565,32950.0,0.00017838224370242406,20.007352032787043,1.9841342179804933e-05,0.00010200589035769259,10.003413320418783,9.999223823239294
0.11200000000000009,0.008052157776868794,0.20294604160255858,0.3617133604054617,32950.0,0.0001817023407431062,20.007488983528514,2.021265055185406e-05,0.00010390927666120708,10.003476931359678,9.999209352044577
0.11300000000000009,0.00820111849659412,0.20670475570597802,0.36813368944928715,32950.0,0.00018505633531301635,20.00762751501124,2.0587162845753237e-05,0.00010582782738238761,10.003541235803239,9.9991947200088
0.11400000000000009,0.008351425358522279,0.21048890589028085,0.37460150613396925,32950.0,0.00018844075232055113,20.00776732203408,2.0965902474912035e-05,0.00010776484479424475,10.003606158051962,9.999179949444141
0.11500000000000009,0.008505374427409116,0.2143840496327798,0.38112630798767944,32950.0,0.00019187374560403203,20.00791046375661,2.1352388316742132e-05,0.00010972235428374777,10.003672568008552,9.999164835565018
0.11600000000000009,0.008657026937940647,0.21816039754812722,0.3877080950104177,32950.0,0.00019532281533662932,20.008051637559767,2.1738506045365646e-05,0.00011171279625277197,10.003738259438013,9.999149898861614
0.11700000000000009,0.008813952209789328,0.22216651724072672,0.3943468672021839,32950.0,0.0001988283054407125,20.008197447869684,2.212911661036987e-05,0.00011370508340974306,10.003805798287804,9.999134518069642
0.11800000000000009,0.008971106026967735,0.22609351775749448,0.4010331270348068,32950.0,0.00020236263935963228,20.008343705468032,2.2528067945948305e-05,0.00011573246992030439,10.003873802085714,9.9991190529602
0.11900000000000009,0.009127617825846963,0.23002417629318578,0.4077858695646292,32950.0,0.0002059201821810186,20.008489310773452,2.292373445939022e-05,0.00011777876418739286,10.003941458238977,9.999103659807531
0.12000000000000009,0.009287755233278875,0.23409094801847102,0.41458609973530824,32950.0,0.00020951615409631197,20.008638164761873,2.332415440087221e-05,0.00011982643520569436,10.004010468165363,9.99908794838269
0.1210000000000001,0.009449777444884174,0.23816269866626102,0.42144331507501526,32950.0,0.000213143011766892,20.008788889568486,2.3733644555767874e-05,0.00012189938078183138,10.004080478900795,9.999072020194152
0.1220000000000001,0.009612032445892406,0.24223494974304094,0.42836701311192166,32950.0,0.00021679821231962437,20.008939845591126,2.414451289634023e-05,0.00012399874976853908,10.00415062457254,9.999056060738464
0.1230000000000001,0.009777918721137325,0.24643866795519828,0.4353381987896848,32950.0,0.0002205034857724053,20.009094068726764,2.4560820698626973e-05,0.00012611316084959467,10.00422215471443,9.999039776502556
0.1240000000000001,0.009943168315364664,0.2505717015483898,0.44235687210830466,32950.0,0.00022423501937735013,20.009247850609764,2.4980464826462878e-05,0.0001282586255862972,10.004293651135812,9.999023513222959
0.12500000000000008,0.01011030801371709,0.25479750092261516,0.44944202812412387,32950.0,0.00022800352691482173,20.009403265636855,2.5400772454275966e-05,0.00013041511212807944,10.00436577008167,9.99900709611715
0.12600000000000008,0.01027855745621476,0.25903249407227635,0.4565841693089711,32950.0,0.00023179751268509463,20.00955976480828,2.582542942108912e-05,0.00013258632484980382,10.004438442772651,9.998990557922724
0.12700000000000009,0.01044957265422645,0.2633521931555294,0.46377379813467506,32950.0,0.00023562731544946036,20.009718795095477,2.625610013984314e-05,0.00013477283708512866,10.004512247299774,9.998973758088528
0.12800000000000009,0.01062248276053958,0.2677024043139521,0.4710299096575784,32950.0,0.00023949470973938514,20.009879635604545,2.6693378078201935e-05,0.00013698633510578206,10.00458694501729,9.998956758682821
0.1290000000000001,0.01079650728812885,0.27207914660298405,0.4783335088213383,32950.0,0.00024340129612065997,20.010041516848727,2.713372263896119e-05,0.00013922721734338506,10.004662134491802,9.998939646834025
0.1300000000000001,0.01096990097820898,0.2764331828857704,0.4856940931541264,32950.0,0.00024733171232638185,20.01020282994135,2.757277313725215e-05,0.00014148651994144723,10.00473708151982,9.998922591130071
0.1310000000000001,0.01114859593669027,0.2809790654152235,0.49311166265594253,32950.0,0.000251315149543907,20.010368913050797,2.802002316454333e-05,0.00014375113314868404,10.004814053903905,9.998905060811012
0.1320000000000001,0.01132753641551362,0.2854527176255285,0.5005862173267867,32950.0,0.0002553288174371726,20.010535441367946,2.847540103773083e-05,0.00014605468623218876,10.004891478965423,9.9988874464093
0.1330000000000001,0.01150672325131859,0.2899613767465558,0.5081082596384875,32950.0,0.0002593753734789206,20.01070211895474,2.892886941097128e-05,0.00014837956192853552,10.004968895824579,9.998869824534538
0.1340000000000001,0.01168781371116761,0.29453674452945305,0.5156967846473876,32950.0,0.00026345475063122015,20.01087051536099,2.9385014024219114e-05,0.00015071229529051156,10.005047039724115,9.998852033060526
0.1350000000000001,0.0118725580203147,0.29920554181289777,0.5233327972971447,32950.0,0.0002675766357834175,20.011042306798142,2.985068278960057e-05,0.00015306250718022385,10.00512675383051,9.998833884401414
0.1360000000000001,0.01205667855510886,0.30381164909119823,0.5310257951159295,32950.0,0.00027172251249896195,20.01121364780105,3.031936407305036e-05,0.00015544622559443555,10.005206413336577,9.9988157581712
0.1370000000000001,0.01224358219940105,0.3085422425769459,0.5387757781037423,32950.0,0.0002759123565444499,20.01138742714076,3.0790103174804795e-05,0.00015784223888831717,10.005287035093454,9.998797398582699
0.1380000000000001,0.01243073883706208,0.3132409128529916,0.5465827462605833,32950.0,0.0002801275241978707,20.011561547668848,3.126481682536042e-05,0.0001602600776524632,10.005367928105443,9.998778987055106
0.1390000000000001,0.0126206822037132,0.318042677625917,0.5544466995864524,32950.0,0.00028438196505431446,20.011738169390416,3.1743887492607925e-05,0.00016269132825930122,10.005449884703678,9.998760324572679
0.1400000000000001,0.01281341460573445,0.3228999701047309,0.5623581405531782,32950.0,0.0002886805497763212,20.011917426206665,3.2231563199369706e-05,0.00016514874710499283,10.005533105166236,9.99874137788551
0.1410000000000001,0.01300552902525898,0.327712816875902,0.5703360642171033,32950.0,0.00029300845082091964,20.012096187854496,3.272045292185277e-05,0.00016763821091336784,10.005616194136561,9.998722466856384
0.1420000000000001,0.01320131151932001,0.3326748832573896,0.578361475521885,32950.0,0.0002973882223005764,20.01227820430812,3.321334701672507e-05,0.00017013947774707772,10.00570061269499,9.998703238714766
0.1430000000000001,0.01339901317309038,0.3376457113035529,0.5864438719956949,32950.0,0.00030181085547725806,20.01246211540444,3.3714820273034185e-05,0.00017267129651649116,10.005786028749348,9.998683793664519
0.1440000000000001,0.01359697663113294,0.34261764851850646,0.5945832536385329,32950.0,0.0003062689096937632,20.012646285015137,3.42176815486539e-05,0.00017523192235419094,10.005871592792197,9.998664314546977
0.1450000000000001,0.01379520282119647,0.3476100188386195,0.6027701229222274,32950.0,0.0003107521524812751,20.012830660679,3.471959686546233e-05,0.00017780385663934695,10.005957205826254,9.998644820083898
0.1460000000000001,0.01399788859542539,0.3527485353074823,0.6110234749031214,32950.0,0.0003152774550406745,20.013019091259515,3.522990062893028e-05,0.00018038123442060128,10.006044588249136,9.998624915129156
0.1470000000000001,0.01420171734680891,0.35786083811183067,0.619324314524872,32950.0,0.00031983290324938407,20.013208737196514,3.574867894706735e-05,0.00018299187531828354,10.006132709837404,9.998604854863695
0.1480000000000001,0.01440493660766029,0.36296306612294055,0.6276821393156508,32950.0,0.0003244125283429766,20.013397801395985,3.626556363273137e-05,0.0001856259530487181,10.006220555169467,9.998584853982049
0.1490000000000001,0.01461096170403003,0.3681784519722131,0.6360969492754573,32950.0,0.0003290290789709771,20.01358935808627,3.678540163437605e-05,0.00018826445256758806,10.006309414533659,9.998564611943067
0.1500000000000001,0.01481979512246876,0.37344231975059283,0.6445687444042922,32950.0,0.00033368386795734617,20.013783588722784,3.731473663959317e-05,0.00019092460526137778,10.00639958113454,9.998544078271348
0.1510000000000001,0.01503143937304344,0.37877299717136076,0.6530975247021551,32950.0,0.0003383901684230195,20.013980444992477,3.785214209378607e-05,0.0001936190766943513,10.00649098634899,9.998523262132284
0.1520000000000001,0.01524335767692586,0.3840916370117262,0.6616737926408744,32950.0,0.0003431412956907409,20.0141776083434,3.8391914758462153e-05,0.00019635071383983238,10.006582595059944,9.998502402949015
0.1530000000000001,0.01545467286684584,0.38940624976385063,0.6703070457486221,32950.0,0.0003479225305721423,20.014374179549392,3.892870295046924e-05,0.0001990993047565892,10.006673894878599,9.998481610468488
0.1540000000000001,0.01567134435730054,0.3949100881327676,0.6789972840253975,32950.0,0.0003527565673618338,20.01457558311071,3.947410413596142e-05,0.0002018507349675347,10.006767258095635,9.998460335362447
0.1550000000000001,0.01588829453983319,0.400341010901982,0.6877445074712012,32950.0,0.00035761707052461844,20.014777467017588,4.0028021567828365e-05,0.0002046390574292345,10.006861096947901,9.998438971202773
0.1560000000000001,0.01610552443310736,0.40580794548894855,0.6965487160860329,32950.0,0.0003625057553728883,20.014979530839526,4.058024726860676e-05,0.00020744658902538404,10.006954941295838,9.998417596058577
0.1570000000000001,0.01632811895755379,0.41145515473468264,0.7054004123417212,32950.0,0.00036745016887734794,20.015186460107692,4.1141891264750985e-05,0.0002102640911355036,10.00705088727063,9.998395731830248
0.1580000000000001,0.01655011806505946,0.41700585961745573,0.7143090937664375,32950.0,0.0003724228893955961,20.01539306087032,4.170989486673715e-05,0.00021312321577821036,10.00714694068866,9.998373862902573
0.1590000000000001,0.01677240165297439,0.42260639515662696,0.7232747603601819,32950.0,0.00037742745930785526,20.015599808047746,4.227474941032039e-05,0.00021599829327578757,10.007242939283746,9.998351993444551
0.16000000000000011,0.01699751433987175,0.42829849861697417,0.7322974121229544,32950.0,0.00038246739911157457,20.015809130760566,4.2844613852122126e-05,0.00021887865821434982,10.00734005502083,9.998329865127966
0.16100000000000012,0.01722545881833117,0.4340426682185769,0.7413770490547549,32950.0,0.00038754466237711505,20.016021141003833,4.342398769602296e-05,0.00022178145007745176,10.007438480444156,9.998307443198213
0.16200000000000012,0.01745623780472896,0.43985542493741264,0.7505041736274121,32950.0,0.00039267248172253355,20.01623579567333,4.4011367488494546e-05,0.0002247179776793673,10.007538147497238,9.998284737551678
0.16300000000000012,0.01768642828397128,0.44562765240159,0.7596882833690973,32950.0,0.0003978371187545182,20.016449973784383,4.459953914526249e-05,0.00022769006757011878,10.007637676043217,9.998262068418047
0.16400000000000012,0.01791945716642285,0.45152163869168194,0.7689293782798106,32950.0,0.0004030523804900432,20.016666653069233,4.519013291620633e-05,0.00023067508429652772,10.007738205571986,9.998239158293632
0.16500000000000012,0.01815278087455678,0.4573831556001379,0.7782274583595519,32950.0,0.00040829467279712706,20.016883716914233,4.57850677351157e-05,0.00023368229697678933,10.007839033889548,9.99821619000509
0.16600000000000012,0.01838894742151046,0.4633493854548979,0.7875825236083212,32950.0,0.0004135747216159613,20.017103333652816,4.6384572952751224e-05,0.00023670193726799127,10.007940949134372,9.998192964582934
0.16700000000000012,0.01862795961589038,0.4693725724892209,0.7969850764979473,32950.0,0.00041889558084595713,20.017325638233473,4.699293962984186e-05,0.00023974591470210527,10.008044152338812,9.998169449007928
0.16800000000000012,0.01886893852184174,0.47543579563390226,0.8064446145566012,32950.0,0.0004242620982027323,20.01754979849717,4.760763727063022e-05,0.000242823066804565,10.008148252207961,9.998145730316343
0.16900000000000012,0.01911021962440136,0.4815002857050324,0.8159611377842834,32950.0,0.0004296672178265015,20.017774257249492,4.8223656010593086e-05,0.00024592921230170983,10.008252511896716,9.998121975477282
0.17000000000000012,0.01935435327173839,0.487668804863576,0.8255251486528221,32950.0,0.0004351205912804246,20.018001280416737,4.884391621440276e-05,0.00024905081607129453,10.008357857358375,9.998097964838605
0.17100000000000012,0.01960045981911898,0.4938640613123669,0.8351556422185603,32950.0,0.0004406151079387466,20.018230202297424,4.9471492757080515e-05,0.00025219856793878836,10.008464153491612,9.998073743011023
0.17200000000000013,0.01984775660486962,0.5000864673092282,0.8448336234251552,32950.0,0.0004461470438641979,20.01846023911104,5.0102664941542585e-05,0.00025537221184240844,10.008570982214824,9.998049398956509
0.17300000000000013,0.02009703043892455,0.5063713922738252,0.854568589800778,32950.0,0.00045171830859985773,20.018692079787208,5.073774133318443e-05,0.00025856447583327835,10.00867860577753,9.99802486969852
0.17400000000000013,0.02034661523410132,0.5126467277192005,0.864360541345429,32950.0,0.0004573139810318261,20.0189242578844,5.137528369203448e-05,0.00026177575805125253,10.008786440194067,9.998000296075247
0.17500000000000013,0.0206016164897268,0.5191082260106215,0.8741999805309367,32950.0,0.00046296500263720564,20.01916133701969,5.2022466923373756e-05,0.000264999804989563,10.0088963914269,9.997975227087057
0.17600000000000013,0.02085604962634039,0.5254758281464565,0.8840964048854724,32950.0,0.0004686452628506754,20.01939810775949,5.2675843969285374e-05,0.0002682664411707836,10.009006449673711,9.997950152692482
0.17700000000000013,0.02111079915565271,0.5318943933655177,0.894049814409036,32950.0,0.0004743586064401839,20.019635053713866,5.3326166750078396e-05,0.0002715494365468918,10.009116464898868,9.997925075025211
0.17800000000000013,0.02137097422398821,0.5384894962256395,0.9040602091016278,32950.0,0.0004801286242383518,20.019876936417916,5.398652611821042e-05,0.0002748411147712737,10.009228629848044,9.997899498120713
0.17900000000000013,0.02163147053613696,0.545016430772243,0.9141180914350763,32950.0,0.00048593321574724735,20.02011932886609,5.4655288454052986e-05,0.0002781751304950508,10.009341276050112,9.997873829895846
0.18000000000000013,0.02189395960500618,0.5516364475896203,0.9242329589375528,32950.0,0.0004917874394826938,20.020363456238712,5.5325482381407554e-05,0.0002815340852562187,10.009454602998852,9.997847993136318
0.18100000000000013,0.02215677307035238,0.5582463745071121,0.9344048116090572,32950.0,0.0004976741637856552,20.020607935800967,5.599784877391434e-05,0.0002849141959561652,10.009568140735814,9.997822112645112
0.18200000000000013,0.02242502504433557,0.5650418629012182,0.9446336494495898,32950.0,0.0005036209135191316,20.02085734009635,5.668002154146645e-05,0.0002883084868110508,10.009683811788342,9.997795733349507
0.18300000000000013,0.02269360639961269,0.5717725520592066,0.954881482346465,32950.0,0.0005096052075375668,20.021107252939462,5.737014109924443e-05,0.0002917466162988269,10.009799948407244,9.997769265197212
0.18400000000000014,0.02295897435143352,0.5784252937844998,0.965233788053225,32950.0,0.0005155990986639991,20.02135416808132,5.8051764573519016e-05,0.0002952038203750118,10.00991469810641,9.99774310959935
0.18500000000000014,0.02323422009180193,0.5854578271077842,0.9756810690416984,32950.0,0.0005216665872753712,20.021609909712726,5.8746474051296627e-05,0.00029864720112188214,10.010033113176132,9.997716086386763
0.18600000000000014,0.02351334842868629,0.5924542418430365,0.9860333747484583,32950.0,0.0005277971739555132,20.021869633618447,5.9464490218374966e-05,0.00030215668726063516,10.010153792319429,9.997688581359533
0.18700000000000014,0.02378118650439201,0.5990773970617127,0.996575631018645,32950.0,0.0005339110815358872,20.022119100267126,6.016210517245657e-05,0.0003057222341955046,10.01027002934501,9.997662105426999
0.18800000000000014,0.02406177792397027,0.6063197755963834,1.0071178872888318,32950.0,0.0005401164384410406,20.02237960627382,6.086382641934396e-05,0.0003092340811804428,10.01039042548319,9.997634606747928
0.18900000000000014,0.02434250918999781,0.6133169901050236,1.0177551188407319,32950.0,0.0005463394395103238,20.022640930608205,6.15892893069403e-05,0.0003128016002902356,10.010511957467411,9.997606915550783
0.19000000000000014,0.02462713443530725,0.6205013108723219,1.0283923503926322,32950.0,0.0005526312177788761,20.02290563080749,6.231834162390149e-05,0.00031641055207259905,10.010634826531797,9.99757889080596
0.19100000000000014,0.02490934060564824,0.6275662512067401,1.0391245572262457,32950.0,0.0005589555351155351,20.02316824215182,6.304564242537447e-05,0.0003200587828494639,10.01075688611025,9.997551064360868
0.19200000000000014,0.02519544589307223,0.634817411007138,1.0498567640598593,32950.0,0.0005653344509766178,20.023434237052605,6.377479518432372e-05,0.0003237086044685089,10.010880243067387,9.997522919807572
0.19300000000000014,0.02547913277684486,0.6419213930360973,1.0606839461751862,32950.0,0.0005717129037296487,20.023698220948717,6.450560369736236e-05,0.00032737717524683463,10.011002930302034,9.997494949425038
0.19400000000000014,0.02576928811391372,0.6492930193052303,1.0716061035722264,32950.0,0.0005781362601003925,20.02396793255409,6.524403745267193e-05,0.0003310386790064679,10.01112795460816,9.997466417759117
0.19500000000000015,0.02606591879856546,0.6567732153180971,1.0825282609692668,32950.0,0.0005846264411044633,20.024243818842482,6.600480795715402e-05,0.00033474405263722584,10.011256000823124,9.997437210963954
0.19600000000000015,0.02636013705172539,0.6641148662474651,1.0934504183663072,32950.0,0.0005911634619965578,20.02451767585616,6.676746658218491e-05,0.00033852160173070134,10.011383373394612,9.997408174116714
0.19700000000000015,0.02664937475725603,0.6713743113696041,1.1045625263267742,32950.0,0.0005977150045709534,20.02478677973255,6.751244360153619e-05,0.00034231057143901955,10.011508407267925,9.997379656901636
0.19800000000000015,0.0269539961986622,0.679204816966077,1.1156746342872412,32950.0,0.000604375802772894,20.025069686621595,6.827957205385315e-05,0.0003460721617303264,10.01163923818088,9.997349773694225
0.19900000000000015,0.0272562099886836,0.686697667131314,1.1267867422477085,32950.0,0.0006110664283111578,20.025351120189036,6.906742115042608e-05,0.0003499283581290258,10.011770261283834,9.997319916628449
0.20000000000000015,0.02755344593382557,0.6941474377656011,1.137993825489889,32950.0,0.0006177783820843774,20.02562769500513,6.983549560912738e-05,0.00035381516941912494,10.011898817269605,9.997290593830225
0.20100000000000015,0.0278597476339428,0.701972645340737,1.1492009087320696,32950.0,0.0006245611771144022,20.02591229640492,7.061182944001487e-05,0.00035767230022526464,10.012030588327917,9.997260502532233
0.20200000000000015,0.02816107222347281,0.7094679647780489,1.1605029672559635,32950.0,0.0006313210887282095,20.026192833867118,7.13949862301555e-05,0.00036156831870015615,10.012161119569443,9.997230747188395
0.20300000000000015,0.02846890189577738,0.7172968430938813,1.1719000010615706,32950.0,0.0006381262816171906,20.026478953289725,7.218025126642935e-05,0.0003654528978918048,10.012293732744903,9.997200468970679
0.20400000000000015,0.02878324389963758,0.7252265913211918,1.183297034867178,32950.0,0.0006449950138670557,20.026771305762864,7.298823129719967e-05,0.00036937593604036145,10.012429404386301,9.99716951034295
0.20500000000000015,0.0290926116292863,0.7329298910891249,1.1947890439544988,32950.0,0.0006518876162128207,20.02705931051418,7.379384548411583e-05,0.0003733672131679966,10.012563407282599,9.997138954945488
0.20600000000000016,0.0294084986998751,0.7409664819415239,1.2062810530418193,32950.0,0.0006588682683236757,20.02735291188823,7.460012130999782e-05,0.0003773610401135996,10.012699470113066,9.997107884144437
0.20700000000000016,0.02972198395814347,0.7488066101141275,1.2178680374108535,32950.0,0.000665871032966836,20.02764465508705,7.541236195823808e-05,0.00038139369056056083,10.012835078552957,9.997076953157642
0.20800000000000016,0.0300419970443246,0.7569279674904965,1.2295499970616008,32950.0,0.0006729437799789517,20.02794214762646,7.623142441420816e-05,0.00038543418550784914,10.012973008346686,9.997045459693059
0.20900000000000016,0.03036854543159966,0.7651622236346898,1.2412319567123484,32950.0,0.0006801004337203542,20.02824586275774,7.707235477472096e-05,0.0003895251250490839,10.01311396820408,9.997013287773347
0.21000000000000016,0.03069012328623606,0.7731732431668015,1.2530088916448094,32950.0,0.0006872895961724246,20.02854522496288,7.791034035892208e-05,0.00039368630442571106,10.013253241536882,9.996981522376508
0.21100000000000016,0.0310182436813398,0.7815183636902788,1.2647858265772702,32950.0,0.000694563971751827,20.028850204798868,7.874905350963024e-05,0.0003978465569617895,10.01339458363125,9.996949239481747
0.21200000000000016,0.03134396961497142,0.7896667777226174,1.276562761509731,32950.0,0.0007018499721920812,20.029153334589306,7.959395425743976e-05,0.0004020397641867346,10.01353547676617,9.996917095352652
0.21300000000000016,0.03166729898851916,0.7978031472921467,1.2885296470056187,32950.0,0.0007091227078084295,20.029454101370785,8.042891716353306e-05,0.0004062244847794494,10.013675148227097,9.996885213954892
0.21400000000000016,0.03200613190465963,0.8064776337002055,1.3004965325015063,32950.0,0.0007164815501556343,20.02976888247719,8.129037699727837e-05,0.00041038751962813036,10.013820828348194,9.99685192379687
0.21500000000000016,0.03233999821418014,0.8147448848233949,1.3124634179973942,32950.0,0.0007238473805339374,20.030079824038097,8.216669876431881e-05,0.00041464715057754065,10.01396562358954,9.996818907061364
0.21600000000000016,0.03267405283306907,0.8231800892160539,1.324525278774995,32950.0,0.0007312676749222091,20.03039048888436,8.302902226237086e-05,0.0004189262772385516,10.014109813692828,9.99678598004414
0.21700000000000016,0.03301209615008994,0.8317329765612109,1.3366821148343095,32950.0,0.0007387438159276449,20.030704816628415,8.389864906777067e-05,0.000423207861848407,10.014255602837288,9.99675268588184
0.21800000000000017,0.03335671489133181,0.8404372568592265,1.348838950893624,32950.0,0.0007462971547512742,20.03102530062998,8.478759030233762e-05,0.0004275260133450587,10.014404303136281,9.996718730559351
0.21900000000000017,0.03369636730675324,0.8489055324347212,1.361090762234652,32950.0,0.0007538714159920912,20.03134147135042,8.567465075265401e-05,0.00043190655949132406,10.01455136691948,9.996685173192198
0.22000000000000017,0.03404518537849776,0.8577917870331043,1.3733425735756797,32950.0,0.0007615429556929176,20.03166565072216,8.65679037778122e-05,0.0004362857320843183,10.0147015549707,9.996650852030667
0.22100000000000017,0.03438903802131511,0.8663587956490537,1.385689360198421,32950.0,0.0007692189044566367,20.03198574821053,8.746620606492339e-05,0.00044071628447839295,10.014850442590994,9.996616878761714
0.22200000000000017,0.03481700726303328,0.8778103741450929,1.3980361468211622,32950.0,0.0007775675852873531,20.032381977141725,8.851388391722947e-05,0.00044522896850252014,10.015032222090777,9.996575198322729
0.22300000000000017,0.03508754661032609,0.8828401737501574,1.410477908725617,32950.0,0.0007851899596235667,20.032638549132542,8.938259306595642e-05,0.00045026515806939615,10.015157034268604,9.996547150004044
0.22400000000000017,0.0355068537525207,0.8955536198495161,1.4229196706300715,32950.0,0.0007936530534141673,20.033022622801283,9.026645051835036e-05,0.00045454252879817414,10.01532865622945,9.996507380781798
0.22500000000000017,0.03581001704919935,0.9014394378515111,1.4354564078162395,32950.0,0.0008012954640126413,20.03330945098847,9.120681539920295e-05,0.00045929582886039544,10.015467052461906,9.996476254211457
0.22600000000000017,0.03620514018609865,0.9127327563348092,1.448088120284121,32950.0,0.0008094023989677623,20.033673273361355,9.211335437692147e-05,0.0004636255324770855,10.01563200338466,9.996438211280012
0.22700000000000017,0.03654479227377554,0.920357391003007,1.4607198327520023,32950.0,0.0008171214648590719,20.033991779452485,9.307665320368308e-05,0.00046824495643316144,10.015782575598845,9.99640407047787
0.22800000000000017,0.03692347782451919,0.9304790006331238,1.4734465205015972,32950.0,0.0008251107707870076,20.034342407996878,9.401119498286814e-05,0.0004727284398036158,10.0159436771831,9.996367110500698
0.22900000000000018,0.03727772670053006,0.9390092971027796,1.486173208251192,32950.0,0.0008330039552607027,20.034673004069393,9.496596322522421e-05,0.0004773619480368252,10.016098281349286,9.996331899247567
0.23000000000000018,0.0376555008211791,0.9488332975368485,1.4989948712825003,32950.0,0.0008411192201890905,20.035023544296614,9.592104581052086e-05,0.0004819625284986917,10.016260103875148,9.996294848477547
0.23100000000000018,0.03801400816485483,0.9575814791892702,1.5119115095955218,32950.0,0.0008491939922491976,20.0353577949706,9.687801884972203e-05,0.00048668326508538584,10.016416119774197,9.996259279979604
0.23200000000000018,0.0384076642358874,0.9678764199288683,1.5248281479085435,32950.0,0.0008575642997041277,20.035722912899104,9.786658984967112e-05,0.0004913742162346302,10.016584445795626,9.99622072133524
0.23300000000000018,0.03876526117052293,0.9763861905950904,1.537744786221565,32950.0,0.0008658078388983914,20.036056912137166,9.884205030297188e-05,0.0004962567718285738,10.016741040150258,9.996185073091171
0.23400000000000018,0.03915679133079138,0.986723247748351,1.5507563998163,32950.0,0.000874297525815193,20.03641978709114,9.981627171157248e-05,0.0005010125417875821,10.016908052550008,9.99614678130522
0.23500000000000018,0.03951347946015574,0.9952471732200965,1.5638629886927484,32950.0,0.0008825641335525325,20.036752838615154,0.00010078469526109135,0.0005058761999475192,10.01706405520479,9.996111258103971
0.23600000000000018,0.03992093587772512,1.006105066140445,1.576969577569197,32950.0,0.0008911165354841821,20.037130199092363,0.00010179046058056418,0.0005105990206532574,10.01723740114888,9.996071486517813
0.23700000000000018,0.04027931996854894,1.0144428679918538,1.5901711417273585,32950.0,0.0008993893991188773,20.037465462339988,0.00010278752139641911,0.0005155442312975156,10.017395159191391,9.996035618044056
0.23800000000000018,0.04069110516514575,1.0255122434565636,1.6033727058855203,32950.0,0.0009080102135123336,20.03784656659193,0.00010379734944176988,0.00052031914076206,10.017569952543765,9.995995480061136
0.23900000000000018,0.04105379136096599,1.0339575894138628,1.6166692453253955,32950.0,0.0009163713538889451,20.03818583437811,0.000104805645099737,0.000525312843208281,10.017729538999024,9.99595919302512
0.24000000000000019,0.04146991825486068,1.045132764569292,1.630060760046984,32950.0,0.0009250959727949426,20.038570987465402,0.00010582807071812805,0.0005301460990284057,10.017906228553725,9.995918619228151
0.2410000000000002,0.0418459654601957,1.053983034161759,1.6434522747685727,32950.0,0.0009336409158756664,20.038922495312384,0.00010686553196848081,0.0005352128926052746,10.018071275160818,9.995881062369293
0.2420000000000002,0.0422638508057002,1.0650509747979555,1.6568437894901606,32950.0,0.0009425165129912094,20.03930970316228,0.00010790766857571299,0.0005401829403012259,10.018249399787301,9.99584019521449
0.2430000000000002,0.04263518236871396,1.0738043876333376,1.6703302794934631,32950.0,0.000951158630987381,20.039656763016424,0.00010893126544719856,0.0005453243573715905,10.01841233768866,9.995803108133124
0.2440000000000002,0.04306003492911187,1.0851957720402323,1.6839117447784786,32950.0,0.0009601304458851101,20.040050043038235,0.0001099767615442282,0.0005502809627319638,10.018592784652885,9.995761668522155
0.2450000000000002,0.04344216587053911,1.0941744026594222,1.697493210063494,32950.0,0.0009688610217546412,20.04040727935373,0.00011103383407023992,0.0005554542970589438,10.01876057536567,9.995723483723403
0.2460000000000002,0.04386879923783973,1.105501054617002,1.7111696506302227,32950.0,0.0009778920465769447,20.040802519649464,0.00011209680140550349,0.0005604986940929702,10.018942306242486,9.99568177186429
0.2470000000000002,0.04425789632939574,1.1147555687016002,1.7248460911969514,32950.0,0.0009867325831445783,20.04116595870653,0.0001131637903625804,0.0005657251008609476,10.019112662587407,9.995642967998887
0.2480000000000002,0.04468892574629073,1.1261479770931524,1.738617507045393,32950.0,0.0009958674212209861,20.04156541313567,0.00011424289046224612,0.0005708379837625066,10.019296470629492,9.99560079062001
0.2490000000000002,0.04507979452386441,1.135438203960345,1.7524838981755495,32950.0,0.0010047980359635944,20.04193052504592,0.0001153165886885743,0.0005761270022209275,10.019467645122889,9.995561797725827
0.25000000000000017,0.04552431347542268,1.1472814386129935,1.7663502893057046,32950.0,0.0010140955052458933,20.042342221345706,0.00011642109045273408,0.0005812871067367165,10.019656772463332,9.995518369563126
0.25100000000000017,0.04591957472064965,1.1565336476615289,1.7802166804358603,32950.0,0.0010231620631800387,20.042711830790658,0.00011752143721244224,0.0005866949709354974,10.019830498886169,9.995478829248647
0.25200000000000017,0.04635943938823385,1.1682410294212413,1.7941780468477293,32950.0,0.0010325421129021572,20.043119248614083,0.00011861693256431938,0.0005919389612573656,10.020017730745552,9.995435831284702
0.25300000000000017,0.04675910283369601,1.177747575504587,1.8082343885413117,32950.0,0.0010416873455814657,20.043492556562697,0.00011971481171546561,0.0005973371453334431,10.020192698752766,9.995395965837734
0.25400000000000017,0.04720989004501665,1.1897254592297248,1.822290730234894,32950.0,0.001051150694500791,20.04391014886095,0.00012083988413813529,0.0006025954042482851,10.020384642725396,9.995351889524596
0.25500000000000017,0.04761397245072624,1.1992366489003994,1.8364420472101899,32950.0,0.0010603665545366736,20.0442878633247,0.00012196182149198931,0.0006080758756819016,10.020562013295134,9.995311497039985
0.25600000000000017,0.04807183152700677,1.211452809138735,1.8505933641854855,32950.0,0.0010699525193423876,20.04471186821247,0.00012310134026283226,0.0006134086683071693,10.020756754005557,9.995266756876486
0.2570000000000002,0.04847773465118629,1.220959657348312,1.8648396564424947,32950.0,0.0010792747511659262,20.045091415399874,0.00012423333379546486,0.0006189703461585983,10.02093511973754,9.99522614721253
0.2580000000000002,0.0489400694427046,1.2333420596960092,1.8790859486995037,32950.0,0.0010889757394869082,20.045519435958326,0.00012538041788107135,0.0006243551238626077,10.02113156076534,9.995180998429689
0.2590000000000002,0.04935041764902966,1.2429473856237956,1.8934272162382262,32950.0,0.0010983962069155973,20.04590315583779,0.00012652591496975507,0.0006299669918449768,10.02131189472667,9.99513993846653
0.2600000000000002,0.04981724250138388,1.2554399940419283,1.9078634590586623,32950.0,0.0011081859882652312,20.046335361741512,0.00012768626933828964,0.0006354018874230039,10.021510292290825,9.995094336745048
0.2610000000000002,0.0502411747592477,1.2654572242650604,1.922299701879098,32950.0,0.001117761427516406,20.046731525953653,0.00012886189492811173,0.0006410723413371455,10.021696174336515,9.995051983882343
0.2620000000000002,0.05071250832727898,1.2779308164766425,1.9367359446995338,32950.0,0.001127690561648631,20.047168293220118,0.00013004813343975297,0.0006466334795884321,10.021897107970664,9.995005831657124
0.2630000000000002,0.05113179328025585,1.287814651316541,1.9513621380833974,32950.0,0.0011373538428902652,20.047560179144686,0.000131214649179201,0.0006523918236365778,10.022081081374727,9.99496391316146
0.2640000000000002,0.0516167833577316,1.3008472141909109,1.965893356185546,32950.0,0.0011474388788560441,20.048009056177854,0.0001324161411745961,0.0006579568944434233,10.022286928830336,9.994916574088283
0.2650000000000002,0.05212702739107175,1.3134971538036047,1.9805195495694086,32950.0,0.001157873082603178,20.048484245723788,0.00013377718033741326,0.0006639011905211767,10.022507988910398,9.994866038292418
0.2660000000000002,0.05242659052022955,1.319178636913581,1.9952407182349847,32950.0,0.001167119342663836,20.048768038127974,0.00013475247775840415,0.0006700663061713352,10.022645866097465,9.994834968939706
0.2670000000000002,0.05302393176789613,1.3379600358493953,2.0100568621822745,32950.0,0.0011778361815094618,20.049313357668975,0.00013596520055347838,0.0006749927065999306,10.022887120964018,9.994778721943838
0.2680000000000002,0.05348657737789525,1.3467331571151635,2.02477803084785,32950.0,0.001187868899724276,20.04975168047562,0.00013745150276139873,0.0006812735121889957,10.023099229539156,9.994730989781166
0.2690000000000002,0.05392988982575356,1.3583525134733403,2.0396891500768533,32950.0,0.0011981797472364053,20.0501627895609,0.00013860183808461768,0.0006874905593866054,10.023289288729677,9.994687303168584
0.2700000000000002,0.05433408640569227,1.3685446499588803,2.054600269305856,32950.0,0.0012081057016649077,20.050538733551228,0.0001396577814756772,0.0006932571305579005,10.023463498555063,9.994647413651379
0.2710000000000002,0.05486197551745139,1.3830810680397831,2.069511388534859,32950.0,0.0012184606895359051,20.051026350379416,0.0001409287454288144,0.0006986300482726415,10.023685808976124,9.99459619776946
0.2720000000000002,0.05537972706193411,1.3952130502346227,2.084517483045575,32950.0,0.0012288966903767906,20.05151048454012,0.00014238496129637124,0.0007047329420324377,10.02391330371169,9.994544359592297
0.2730000000000002,0.05580453800457633,1.4051384450990247,2.0996185528380047,32950.0,0.0012391387805436027,20.051907781779278,0.0001435956215115608,0.00071113940975015,10.024100465314785,9.994501681695159
0.2740000000000002,0.05633082725652332,1.4198534997809797,2.114719622630435,32950.0,0.001250068605984811,20.052393301878027,0.00014484486534782626,0.0007170337282023098,10.024321141376248,9.99445073808667
0.2750000000000002,0.05677860262268392,1.4299269553547216,2.129915667704578,32950.0,0.0012605192784163055,20.05281315395957,0.00014613997816759206,0.0007232962511111163,10.024519648660892,9.994405628745616
0.2760000000000002,0.05728849248224783,1.4436743959753189,2.1451117127787205,32950.0,0.001271326657783678,20.053284953329182,0.00014740983678468433,0.0007293005104292982,10.024735989924924,9.994355814535474
0.2770000000000002,0.05776190473635335,1.4549795935636984,2.1604027331345774,32950.0,0.0012818750154232617,20.053727035025958,0.0001487192368044843,0.0007354887014208722,10.02494298171565,9.9943085752637
0.2780000000000002,0.05825801285384206,1.4678362704487389,2.1756937534904335,32950.0,0.001292548364506485,20.054187519333414,0.00015000430749928517,0.0007415659940280817,10.025155696550932,9.99425974328366
0.2790000000000002,0.05874920902696705,1.480058166712022,2.191079749128004,32950.0,0.00130318124719353,20.05464484920015,0.00015132007813356552,0.0007477021587049548,10.025368363348168,9.994211066679549
0.2800000000000002,0.0592420597698621,1.4924959912201836,2.2064657447655733,32950.0,0.001313851348758499,20.05510323624322,0.00015262833712442747,0.0007538602838137454,10.0255810910894,9.994162322275454
0.2810000000000002,0.05974053559193136,1.5050923387561124,2.2219467156848567,32950.0,0.0013245922935982146,20.055566809923384,0.00015394864687939824,0.0007600386069347431,10.025796114959753,9.994113043816995
0.2820000000000002,0.06023804017230955,1.5175782702132214,2.237522661885853,32950.0,0.0013353805425433962,20.056029717995344,0.0001552756899106389,0.0007662710024211594,10.026011113850839,9.994063793017911
0.2830000000000002,0.0607503991088585,1.5306012653189136,2.25309860808685,32950.0,0.0013463340150816072,20.05650599418711,0.00015662695300661111,0.0007725414276607556,10.026231803722675,9.994013188248335
0.2840000000000002,0.06125521631761979,1.543160049825828,2.2686745542878466,32950.0,0.0013573426680877354,20.05697601309389,0.00015798506439651527,0.0007789312387274094,10.026450448402386,9.993963125520418
0.2850000000000002,0.0617604008784995,1.5559276742435544,2.284345475770557,32950.0,0.0013684258925593107,20.0574458212151,0.00015932639875304577,0.0007853275198758669,10.026668399108395,9.993913160901558
0.2860000000000002,0.06227254632517817,1.5688912554283638,2.30011137253498,32950.0,0.0013795688486815116,20.057922048337836,0.00016068295194671123,0.0007917129782687993,10.026889211564484,9.99386253471636
0.2870000000000002,0.06279166359787802,1.581973757547495,2.3158772692994036,32950.0,0.0013907721649950577,20.058404918709215,0.00016206488883824255,0.0007981421300480296,10.027113300416312,9.993811170021525
0.2880000000000002,0.0633085209431066,1.5949215984342082,2.3317381413455402,32950.0,0.001402002381778067,20.05888590209898,0.00016345005637996568,0.0008046363505176402,10.027336777089763,9.993759961251312
0.2890000000000002,0.06383236297776533,1.6081824096070938,2.3475990133916773,32950.0,0.001413316131181952,20.059373004350835,0.00016484119563886512,0.000811143772634304,10.02756265478806,9.993708160265511
0.2900000000000002,0.06435394876410667,1.6212610003904702,2.3635548607195274,32950.0,0.0014246523434462421,20.059858354911032,0.00016623874195675903,0.000817694709834671,10.027788098631584,9.993656492614509
0.2910000000000002,0.06488253220759096,1.6346400921631208,2.3795107080473774,32950.0,0.0014360627815675486,20.060349871856552,0.00016764422841736293,0.0008242545795367207,10.028016028916774,9.993604215515347
0.2920000000000002,0.06540886311839009,1.6478373717056136,2.3955615306569413,32950.0,0.001447489281305725,20.060839639757315,0.0001690561363533738,0.000830856396617563,10.028243525542777,9.993552070067725
0.2930000000000002,0.06594220475874173,1.6613363919781912,2.411612353266505,32950.0,0.001458987221282737,20.061335583729424,0.00017047586971036255,0.0008374658038298177,10.028473508309974,9.993499314916896
0.2940000000000002,0.06647594588343338,1.674740713170033,2.4277581511577813,32950.0,0.0014705219059346075,20.061832189622844,0.00017190702169123107,0.0008441205011729402,10.028704110251585,9.993446444495621
0.2950000000000002,0.06701406367218744,1.6883214342445252,2.443998924330772,32950.0,0.001482125574291171,20.062332684298205,0.00017334482706393706,0.0008508043037031565,10.028936325441862,9.99339318090237
0.2960000000000002,0.06756186707473688,1.7021670656183139,2.460239697503763,32950.0,0.0014938466530924899,20.062842131817426,0.00017480651709472772,0.0008575379735530908,10.029172610057826,9.993338974662217
0.2970000000000002,0.06810478287152867,1.715736182467513,2.476480470676753,32950.0,0.0015056179203296605,20.06334745694295,0.000176271478895762,0.0008643627067130843,10.029407479485151,9.99328513241338
0.2980000000000002,0.0686481098726233,1.7294525510860486,2.492816219131457,32950.0,0.0015174457664607899,20.063852785826818,0.0001777254679607987,0.0008711928183404161,10.029641930402974,9.993231342758074
0.2990000000000002,0.06919848957425928,1.743376672107463,2.509246942867874,32950.0,0.0015293307089596087,20.0643645930366,0.00017919478081224183,0.0008780159663467901,10.029879256893052,9.993176883627365
0.3000000000000002,0.06975593355638403,1.7574250647289986,2.525677666604291,32950.0,0.0015412828210494278,20.06488312124244,0.0001806893460639114,0.0008848863382579508,10.030119880680616,9.993121679087926
0.3010000000000002,0.07031114909712737,1.771339115863185,2.542203365622422,32950.0,0.0015532725561560046,20.06539979305961,0.00018218735246755546,0.0008918263083293465,10.030359907439369,9.993066627691547
0.3020000000000002,0.0708734425662604,1.7855692418160996,2.5587290646405525,32950.0,0.001565357274585344,20.06592266842324,0.0001836916079386297,0.0008987841725193735,10.030602372425525,9.993010973661367
0.3030000000000002,0.07143616914857058,1.7997044402704632,2.575349738940396,32950.0,0.0015774935549620062,20.06644623991867,0.00018520756631801305,0.0009057923908112331,10.030845475783106,9.992955201425154
0.3040000000000002,0.07200333088105904,1.8140171547274773,2.59197041324024,32950.0,0.0015897043878860262,20.066973755630382,0.00018673056714291203,0.0009128311216404783,10.031090220973091,9.992899028579222
0.3050000000000002,0.07257093184240349,1.8282901189183811,2.6086860628217976,32950.0,0.0016019577831200005,20.0675018209435,0.00018826021483958622,0.0009199065407155538,10.03133536824139,9.99284277418253
0.3060000000000002,0.0731429797186524,1.842729125256424,2.625401712403355,32950.0,0.0016142696995855021,20.068033874133725,0.00018979762284532242,0.0009269996749289855,10.031582201326684,9.992786113281626
0.3070000000000002,0.07371547299157949,1.8571250589163812,2.642212337266626,32950.0,0.0016266103794973508,20.068566492405115,0.00019134224475225725,0.0009341233413559524,10.031829460362546,9.992729366405973
0.3080000000000002,0.07429508793290936,1.8717750359629717,2.659022962129897,32950.0,0.0016390227927821077,20.069105529891736,0.00019289973088421064,0.000941265919031542,10.032079466867344,9.99267196278029
0.3090000000000002,0.07487249266636056,1.886255741082278,2.6759285622748807,32950.0,0.001651458319485155,20.06964282601508,0.00019446327003191932,0.0009484596439234272,10.032329017848072,9.992614692560046
0.3100000000000002,0.07545703317425244,1.9010457376272016,2.6929291377015785,32950.0,0.0016639748668800802,20.07018640246954,0.00019603459321221317,0.0009556664817684246,10.032581084086559,9.992556802640165
0.3110000000000002,0.07605138772393631,1.916049004435091,2.709929713128276,32950.0,0.001676608394098722,20.070739203357032,0.00019763546106288388,0.0009629333363828096,10.032837512862828,9.992497917251287
0.3120000000000002,0.07664087829823218,1.9307877012877697,2.7269302885549735,32950.0,0.0016892999018926491,20.07128787245955,0.00019923930785603616,0.000970299914454964,10.033092498034812,9.992439399165079
0.3130000000000002,0.07723083525910385,1.9456794691716293,2.7440258392633843,32950.0,0.0017020569648038553,20.07183658443229,0.00020083201148424212,0.0009776752818214662,10.033347062968256,9.99238093182598
0.3140000000000002,0.0778279587589493,1.9607821353580255,2.761216365253508,32950.0,0.0017148775851877907,20.07239187997636,0.0002024404601201346,0.0009850454129015085,10.033604550767159,9.99232178265097
0.3150000000000002,0.07843226114163421,1.9760113083155886,2.778406891243633,32950.0,0.001727768426423526,20.072954005096626,0.00020407468482153135,0.0009924639528272605,10.03386538847964,9.992261874837652
0.3160000000000002,0.07903437527701997,1.991106462881327,2.795597417233757,32950.0,0.0017406966752185893,20.073514313238263,0.0002057127704707673,0.0009999521915345921,10.034125649536666,9.99220211586769
0.3170000000000002,0.07963429816801301,2.006213157492611,2.8128829185055944,32950.0,0.0017536450887606914,20.074072398520343,0.00020733985067067362,0.0010074464335448896,10.034384668539644,9.99214261873475
0.3180000000000002,0.0802440904437603,2.0216711638924894,2.8302633950591454,32950.0,0.0017666579929380144,20.07463938185065,0.00020898325916618443,0.0010149210784924367,10.034647465711735,9.992082221117286
0.31900000000000023,0.08086109307604776,2.0372048072450943,2.8476438716126973,32950.0,0.0017797445440917437,20.075213367089656,0.0002106572008103158,0.0010224588938013701,10.03491384434556,9.992021026711058
0.32000000000000023,0.08147591836567386,2.052617125855151,2.865119323447962,32950.0,0.0017928894331012413,20.07578551099505,0.0002123343013424317,0.0010300823754257893,10.035179607315218,9.991959986155765
0.32100000000000023,0.08209796885131278,2.068353990154484,2.8825947752832266,32950.0,0.0018061525238978748,20.076363982314188,0.0002140176656621473,0.0010377341317285849,10.035447845186566,9.991898330577726
0.32200000000000023,0.0827178464092896,2.0839083824653697,2.9001652024002045,32950.0,0.0018194632678081302,20.076940785953028,0.00021570822134653334,0.001045439771047374,10.03571569465564,9.991836799376696
0.32300000000000023,0.08334496411452975,2.0997713850234145,2.9177356295171823,32950.0,0.0018328621264619982,20.07752397625911,0.00021740756969934605,0.0010531591976182253,10.0359861269042,9.991774631760272
0.32400000000000023,0.0839725938281226,2.1155406161203953,2.9354010319158736,32950.0,0.001846298400739299,20.078107938691915,0.00021911925671108667,0.00106092344657438,10.03625723461687,9.991712335812457
0.32500000000000023,0.08460748101542395,2.1315808406072345,2.953066434314565,32950.0,0.0018598151949502095,20.078698409394498,0.00022084355043527903,0.001068714111516933,10.036531099532558,9.991649374363119
0.32600000000000023,0.08524020649205233,2.1474551996809774,2.9708268119949697,32950.0,0.0018733573795264857,20.079287177926652,0.0002225739343537647,0.0010765558659440733,10.036804514175882,9.991586544873876
0.32700000000000023,0.08588020464578872,2.1636434244486393,2.9885871896753744,32950.0,0.0018869776849542719,20.079882351268715,0.00022431265353534124,0.0010844079905575899,10.037080498128157,9.99152308083362
0.32800000000000024,0.08651804564203851,2.1796494872997383,3.0064425426374926,32950.0,0.0019006145109787265,20.080475872146618,0.00022605881950465978,0.0010923030043168414,10.037356101033073,9.991459738299532
0.32900000000000024,0.08716586079882406,2.1960548813068326,3.024392870881324,32950.0,0.0019143441509530956,20.08107826293579,0.0002278189363739136,0.0011002096386639182,10.037635366526656,9.991395503686043
0.33000000000000024,0.0878209793823383,2.2125500589122598,3.0423431991251553,32950.0,0.0019281784918408484,20.081687709517638,0.00022960818405992622,0.0011081927091330934,10.037918179617913,9.991330476087308
0.33100000000000024,0.0884739554556494,2.2289239710789905,3.0602935273689864,32950.0,0.0019420921319530104,20.082295349357203,0.00023140095451218423,0.0011162682121734768,10.03820039532324,9.991265599892255
0.33200000000000024,0.08912478590709869,2.2453137066525737,3.078338830894532,32950.0,0.001956059306155944,20.082900799928982,0.0002331827025530142,0.0011243632603156195,10.038481370842765,9.99120098362109
0.33300000000000024,0.08978562849032518,2.262059022908845,3.096384134420077,32950.0,0.0019701091595759612,20.083515279543924,0.0002349812685892294,0.0011324441987746736,10.038766182827555,9.991135450642393
0.33400000000000024,0.09044433246628453,2.2785705570428174,3.114524413227335,32950.0,0.001984161131440343,20.08412826829342,0.0002367931496265463,0.001140576219659073,10.039050874486538,9.991069993873168
0.33500000000000024,0.09111037581649407,2.2954113981593123,3.1327596673163067,32950.0,0.0019982780478942086,20.084747686049116,0.0002386128248743069,0.0011487191412809516,10.039338115101625,9.991003899835846
0.33600000000000024,0.09178377198982901,2.3123863274619003,3.1509949214052777,32950.0,0.0020124784652206795,20.085374086595923,0.0002404573993095016,0.0011569133057265368,10.039628725421947,9.990937041038746
0.33700000000000024,0.09245504225425814,2.329223892467292,3.1693251507759634,32950.0,0.0020267328432168052,20.08599874178494,0.00024230699104593745,0.0011651846135868338,10.039918813120952,9.990870322258303
0.33800000000000024,0.09313637794483919,2.346475534336707,3.1876553801466483,32950.0,0.002041118894848315,20.086632317219,0.0002441692001391438,0.0011734844599730065,10.040212528029361,9.990802714420026
0.33900000000000025,0.09381559493837392,2.363505567191212,3.2059856095173336,32950.0,0.0020555615083510115,20.08726438766473,0.0002460431388924822,0.0011818588675763242,10.040506057272141,9.990735196109743
0.34000000000000025,0.09449269006646456,2.3805527438976783,3.224410814169732,32950.0,0.0020700360384625083,20.08789428913742,0.0002479073207938276,0.0011902481651460128,10.040798386220567,9.990667926926989
0.34100000000000025,0.09517987506488565,2.3979618492263195,3.242930994103844,32950.0,0.0020845786159794932,20.088533280084526,0.00024978806587627744,0.0011986180718328576,10.041094559739768,9.990599735125416
0.34200000000000025,0.09587176449946022,2.4153618659025407,3.2614511740379553,32950.0,0.0020991686823116917,20.089177001793402,0.00025169506933458985,0.0012070439611014394,10.041393328359312,9.9905309788349
0.34300000000000025,0.09656424768225559,2.4327695506669706,3.280066329253781,32950.0,0.002113811520305653,20.089821296726477,0.00025360719304501345,0.0012155310681091769,10.041692413058536,9.990462144385654
0.34400000000000025,0.09726685683286834,2.450541987825313,3.2986814844696064,32950.0,0.002128578031503181,20.090474709194527,0.0002555366742238996,0.001224054038067468,10.041995363150892,9.990392380907863
0.34500000000000025,0.09796466197132704,2.468016385853555,3.3172966396854315,32950.0,0.0021433852919827134,20.09112414279735,0.0002574722799588147,0.0012326565537833511,10.042297020751434,9.990322964845706
0.34600000000000025,0.09866306865733057,2.4856404503438223,3.3360067701829696,32950.0,0.002158239345047608,20.09177376422265,0.00025939901958188516,0.001241259922744986,10.04259836256952,9.990253574540418
0.34700000000000025,0.09936891894577997,2.503483533650212,3.354811875962222,32950.0,0.0021731450320959245,20.092430224343733,0.0002613426169538746,0.0012498541606933422,10.042902740840006,9.990183470390757
0.34800000000000025,0.1000822269168967,2.5214596039319934,3.3736169817414736,32950.0,0.002188116910787352,20.093093775438685,0.00026331313728600314,0.0012584965750808141,10.043210589839417,9.990112576791734
0.34900000000000025,0.1007961558849456,2.5393917346859944,3.392517062802441,32950.0,0.002203149437878027,20.093758069901735,0.0002652936306168918,0.0012672146297640907,10.043518987045635,9.990041567484068
0.35000000000000026,0.1015175617351863,2.5576142283514076,3.4114171438634044,32950.0,0.0022182996320908033,20.094429038562623,0.0002672858685247026,0.0012759765063405926,10.043830153230898,9.989969882970357
0.35100000000000026,0.1022368863595298,2.5756705403072013,3.4304122002060837,32950.0,0.0022335075697133555,20.09509838636458,0.0002692851722926881,0.0012848032417338562,10.044140913583444,9.989898322606155
0.35200000000000026,0.1029664182778271,2.594136765958004,3.449407256548763,32950.0,0.002248837352145927,20.095776808077158,0.0002712989751709194,0.0012936526127950154,10.044455411833795,9.98982584722488
0.35300000000000026,0.1036911619113346,2.6122919143861667,3.4684972881731553,32950.0,0.002264187359419134,20.096451302943134,0.00027331999716923017,0.0013025671139897943,10.044768672471843,9.98975371039771
0.35400000000000026,0.1044288483174579,2.631000187262159,3.487587319797547,32950.0,0.002279655116280477,20.09713721117913,0.000275355849208736,0.0013114846908975908,10.04508653030951,9.989680436534046
0.35500000000000026,0.1051617517220407,2.64934505192814,3.5067723267036532,32950.0,0.002295132089792762,20.097819342864796,0.000277403581586122,0.0013204731058090724,10.045403373629679,9.989607466413785
0.35600000000000026,0.1059049040462119,2.6681672786422643,3.5259573336097585,32950.0,0.0023107095926190313,20.098510403629884,0.0002794603411325758,0.001329468943822465,10.045723699883872,9.989533618105247
0.35700000000000026,0.1066459959347072,2.6867584699724567,3.545237315797577,32950.0,0.002326311040183493,20.099200044204068,0.0002815297605050504,0.0013385215630265512,10.046043896021208,9.989459850016859
0.35800000000000026,0.1073946380777181,2.7056822609775057,3.564517297985397,32950.0,0.0023419971382215854,20.099896315723484,0.00028360836293650493,0.001347592300628253,10.046366746867307,9.989385418662504
0.35900000000000026,0.1081439473963317,2.7245170193635504,3.583892255454929,32950.0,0.0023577271416352907,20.100593501770994,0.0002857001294366279,0.0013567124945915165,10.046690329822637,9.989310845288328
0.36000000000000026,0.1089008269293934,2.743632601588369,3.603267212924461,32950.0,0.002373550892141474,20.1012974820475,0.0002878058250573301,0.0013658656774786504,10.047016796286615,9.989235571876149
0.36100000000000027,0.1096556593785118,2.7625824817879647,3.622737145675707,32950.0,0.0023894130406624803,20.101999874539523,0.00028991890854213054,0.0013750766495414513,10.047342873300595,9.989160417790465
0.36200000000000027,0.1104208056408407,2.7819466575259213,3.642207078426953,32950.0,0.002405386549830524,20.102711435612935,0.0002920467157816464,0.0013843059848622774,10.047672724830317,9.989084337683828
0.36300000000000027,0.1111839128566281,2.801088974589532,3.6617719864599123,32950.0,0.0024213988338832593,20.103421572431266,0.0002941871906182447,0.001393603665483023,10.048002434589922,9.989008337727768
0.36400000000000027,0.1119546281465353,2.8205693511632903,3.681336894492871,32950.0,0.002437507531456773,20.104138382923708,0.00029633664756850697,0.0014029244823913767,10.048334800734526,9.988931671547043
0.36500000000000027,0.1127260397818835,2.839961079508378,3.7009967778075437,32950.0,0.0024536649832783697,20.104856136088827,0.0002984995286721137,0.0014122959688367964,10.048667912275528,9.988854860627153
0.36600000000000027,0.1135050799210465,2.8596353163024273,3.7206566611222165,32950.0,0.0024699151052509083,20.105580737224287,0.0003006766524348836,0.001421699384248909,10.04900393191064,9.9887773429749
0.36700000000000027,0.1142820947563519,2.8791439050493817,3.7404115197186023,32950.0,0.0024861982587705,20.10630377231621,0.00030286143902741314,0.001431158057673243,10.049339573531284,9.988699942232415
0.36800000000000027,0.1150694897960615,2.899069058086324,3.7601663783149886,32950.0,0.002502586275495433,20.107036036274817,0.0003050612174215206,0.00144063203182776,10.049679015618706,9.988621607943253
0.36900000000000027,0.1158548677887609,2.918772279311448,3.780016212193088,32950.0,0.0025190070116060115,20.10776689830064,0.000307273920570561,0.0014501717370478118,10.050018327919421,9.988543351449385
0.3700000000000003,0.1166479130462831,2.9388156145962787,3.7999610213529005,32950.0,0.0025355206058974566,20.108504487641465,0.00030949585523715184,0.0014597330012831589,10.050360319677086,9.988464422119758
0.3710000000000003,0.1174513785627614,2.9590895217510607,3.819810855231,32950.0,0.0025521569499678542,20.109251860850012,0.00031174964670338534,0.001469355986037646,10.0507069182714,9.98838443169877
0.3720000000000003,0.1182431442562047,2.978868068539322,3.8398506396725263,32950.0,0.002568794261680718,20.109988905194257,0.00031399578735386013,0.001479069772209074,10.051049386115158,9.988305453026546
0.3730000000000003,0.1190550478430288,2.999551003917217,3.859795448832339,32950.0,0.0025856013960433577,20.110743586580725,0.0003162589636876434,0.0014887536621890352,10.05139877748057,9.988224740643695
0.3740000000000003,0.1198552474277863,3.0194960587980733,3.8799302085555785,32950.0,0.0026023756575098145,20.111488606548352,0.00031853506955636934,0.0014985326612503291,10.051745043072787,9.98814488685054
0.3750000000000003,0.120672878545615,3.0402900200628515,3.900064968278818,32950.0,0.002619292367269821,20.112248710676823,0.0003208221373722231,0.0015082950585276755,10.052097073247937,9.988063560733295
0.3760000000000003,0.1214912687057364,3.0608086080404235,3.9201997280020584,32950.0,0.0026362625516912486,20.113010337366823,0.00032313977383324755,0.001518149002684377,10.052450668927591,9.987981960178283
0.3770000000000003,0.1223076729992106,3.081339037640853,3.9404294630070105,32950.0,0.0026532853344872764,20.11376994605981,0.0003254513449276186,0.0015280564665429153,10.052803196732132,9.987900579583506
0.3780000000000003,0.1231318265803223,3.10217865526149,3.960659198011963,32950.0,0.0026703937133222833,20.11453644987045,0.00032777357337715474,0.0015379636729257462,10.053158523640022,9.987818508264695
0.3790000000000003,0.123956748386395,3.122917922957755,3.98098390829863,32950.0,0.002687533381741769,20.11530400088611,0.0003301115180553982,0.001547912830346887,10.053514706235054,9.987736271525359
0.3800000000000003,0.1247894410397778,3.1439439629699577,4.001308618585297,32950.0,0.002704753231198842,20.1160785307782,0.00033246435018274845,0.0015578901411790191,10.053873857204495,9.987653310216706
0.3810000000000003,0.1256229132963441,3.164895742828475,4.021728304153676,32950.0,0.002722020922749313,20.116854047044814,0.00033483043922771794,0.0015679241735115368,10.054233745051558,9.987570201270122
0.3820000000000003,0.1264641781324208,3.1861389418085406,4.042147989722056,32950.0,0.002739388810051313,20.11763655096687,0.0003372109883613139,0.0015779938768961665,10.054596584079583,9.98748637155243
0.3830000000000003,0.1273089875073795,3.2073978473671265,4.062662650572149,32950.0,0.0027568417578926474,20.1184225573206,0.00033961027855722303,0.0015881298292378943,10.05496126298234,9.987402132689812
0.3840000000000003,0.1281533496368462,3.2286363857631537,4.083177311422243,32950.0,0.0027743563250876013,20.119208173689298,0.00034201288449081657,0.0015983184397276307,10.055325804954768,9.987317921276492
0.3850000000000003,0.1289985090170136,3.249937392306438,4.103786947554049,32950.0,0.0027919101336386087,20.119994415494826,0.0003444160048697298,0.0016085154841218308,10.055690493379725,9.987233655257413
0.3860000000000003,0.1298542570432363,3.2715756849575324,4.124396583685856,32950.0,0.002809541189408349,20.120790314613572,0.0003468420725449284,0.0016187159102233895,10.056059423549122,9.987148377041512
0.3870000000000003,0.1307108166747898,3.2930887930390544,4.145101195099375,32950.0,0.002827206966376117,20.12158737328898,0.00034928709203352337,0.0016289839018266417,10.056429353212994,9.987062906449738
0.3880000000000003,0.1315779926086581,3.315003015863052,4.165805806512895,32950.0,0.0028449948106450407,20.12239394015032,0.0003517507181596824,0.0016392979620792336,10.05680328622908,9.98697645654808
0.3890000000000003,0.1324459946329914,3.3368063371695107,4.1866053932081275,32950.0,0.0028628673341609123,20.123201641249345,0.0003542317444720777,0.001649700118804387,10.0571781378485,9.986889830004143
0.3900000000000003,0.1333246408510196,3.3590106097700927,4.2074049799033615,32950.0,0.002880898247118069,20.12401887863086,0.0003567320032076271,0.0016601611536293803,10.057557009637991,9.98680222153599
0.3910000000000003,0.1342041277758602,3.381103238161651,4.228204566598595,32950.0,0.0028990313064882756,20.124837266811426,0.00035925024118205195,0.0016707157349810098,10.057936813261993,9.986714433496932
0.3920000000000003,0.1350567987621262,3.40236412089632,4.2491941038572545,32950.0,0.002917032872840397,20.125631139522444,0.00036171787761701824,0.0016812820119672667,10.058305773592613,9.986629202926121
0.3930000000000003,0.1359576305870204,3.4256193476254526,4.270088665834201,32950.0,0.002935271300623876,20.12646765905135,0.0003642368042108268,0.001691678557430687,10.058692003452366,9.986539705393437
0.3940000000000003,0.1368494875594292,3.4477139054016104,4.291078203092861,32950.0,0.002953477106038882,20.127298417828335,0.000366822601134853,0.001702301348200208,10.05907845290411,9.986450455816826
0.3950000000000003,0.1377243537285575,3.469634435715701,4.312162715633235,32950.0,0.0029716661596644878,20.12811266656095,0.0003693497522295752,0.0017129863997100703,10.05945661607114,9.986363032265583
0.3960000000000003,0.1386376339508884,3.4930750600697156,4.333247228173608,32950.0,0.0029901231788063143,20.12896112684873,0.0003719222823338475,0.0017235767301116978,10.059848756083866,9.986272180059832
0.3970000000000003,0.1395240727482574,3.5149544020148444,4.354426715995696,32950.0,0.0030084750928934256,20.129787066064477,0.0003745124475187378,0.0017343578262458692,10.060233237226157,9.986183392127964
0.3980000000000003,0.1404489822125459,3.538698428002534,4.375606203817783,32950.0,0.0030271480836423503,20.130646319304667,0.00037712490831909307,0.00174510494292468,10.060630452074534,9.986091341824565
0.3990000000000003,0.1413470373203094,3.560883729270694,4.396785691639869,32950.0,0.003045751453168266,20.13148303139891,0.0003797513051806978,0.0017560407633855912,10.061019861445606,9.98600138855129
0.4000000000000003,0.1422459654815809,3.5836850736447006,4.418060154743671,32950.0,0.003064395889914806,20.132318912007634,0.000382331461037666,0.0017668928298020803,10.061407152253267,9.985911722667554
0.4010000000000003,0.1431556599132745,3.6067142134910233,4.439429593129184,32950.0,0.0030830367995061114,20.13316493134946,0.00038494078791340147,0.0017776620164928203,10.061799135394528,9.985820974385138
0.4020000000000003,0.1441039392409155,3.6308259392480187,4.460799031514696,32950.0,0.003101915671311517,20.134046545320476,0.0003876439459481462,0.0017885072071874841,10.062207316652604,9.985726420584442
0.4030000000000003,0.1450253383411025,3.653553146675505,4.482168469900211,32950.0,0.003120785987420327,20.13490511005543,0.0003903511008479521,0.0017996483301370159,10.062607075572608,9.985634046040735
0.4040000000000003,0.1459476408893908,3.6769481243458606,4.5036328835674375,32950.0,0.0031397965023890473,20.135762730131958,0.0003930060263624413,0.0018107510868308196,10.063004417408495,9.98554201101089
0.4050000000000003,0.1468807681634177,3.7005711094675515,4.525192272516378,32950.0,0.003158887443878322,20.136630546240525,0.00039569138425926687,0.001821800376699989,10.063406479499612,9.985448891741141
0.4060000000000003,0.1478247419566522,3.7243602198597108,4.5467516614653185,32950.0,0.0031780539739312275,20.13750875195251,0.00039842022635155905,0.001832911672316806,10.06381375682904,9.985354588053063
0.4070000000000003,0.1487696494171329,3.7480865966400128,4.568311050414259,32950.0,0.0031972828888639504,20.13838806678608,0.00040116468262746396,0.0018441250910307683,10.064221843208715,9.985260112599313
0.4080000000000003,0.149715491256342,3.7719094573281495,4.589965414644913,32950.0,0.0032165820225670827,20.139268050398783,0.0004039085938481457,0.0018553790058513653,10.06463000254149,9.985165588255434
0.4090000000000003,0.1506443198496815,3.795176131350013,4.611619778875567,32950.0,0.003235780075907191,20.140132559666878,0.00040662315885631184,0.001866617114998026,10.06503137279843,9.985072677892536
0.4100000000000003,0.1516019813832456,3.8196454737443926,4.633369118387935,32950.0,0.003255092621374689,20.141022577897296,0.00040936889999121373,0.001877735314718021,10.065443057910805,9.984977200979577
0.4110000000000003,0.1525705569501022,3.8439503576346064,4.6552134331820145,32950.0,0.0032744817632643364,20.141923969097476,0.0004121863469130349,0.0018889945939498665,10.06586135729767,9.984880324917299
0.4120000000000003,0.153550068872273,3.868606269068611,4.676962772694382,32950.0,0.003294095277301068,20.14283532769957,0.00041503363691014483,0.0019004415370336702,10.066284134197803,9.984782371990317
0.4130000000000003,0.1544926287065222,3.8919870193925705,4.698902062770176,32950.0,0.003313642997091304,20.143713260142732,0.0004178228432326625,0.0019120099453045492,10.0666924703845,9.984687886421517
0.4140000000000003,0.1554840665643499,3.9175940457661347,4.720746377564257,32950.0,0.003333534064564325,20.144633914731777,0.0004206472808951922,0.0019234079369429002,10.06711745721671,9.984589186662845
0.4150000000000003,0.1564385246486305,3.9410572917005076,4.742780642921765,32950.0,0.00335320885795215,20.14552352134477,0.0004234917671845362,0.0019349916066990769,10.067531783017369,9.984493369917427
0.4160000000000003,0.1574419349923817,3.966918013606255,4.764719932997558,32950.0,0.0033732057872243315,20.146455451194434,0.00042636206592111536,0.0019464793545862502,10.067962230712451,9.98439339406793
0.4170000000000003,0.1584083377506028,3.990685123083924,4.786849173636779,32950.0,0.003393013971131953,20.147356166579193,0.0004292451171049594,0.0019581669181243933,10.06838168819923,9.984296362255648
0.4180000000000003,0.1594237675190887,4.01685263787818,4.808883438994287,32950.0,0.0034131830346750824,20.148299271691087,0.00043215427322323974,0.001969769084111228,10.068817291396687,9.98419516842636
0.4190000000000003,0.1604021617636978,4.040921414717658,4.831012679633508,32950.0,0.0034331992398804467,20.149211148243232,0.0004350773188355195,0.0019815874454289784,10.069241918689272,9.984096918760535
0.4200000000000003,0.1613915709364448,4.066139936693353,4.853236895554442,32950.0,0.0034533104610248166,20.150130859241116,0.00043795626057019366,0.0019932875261433614,10.069667609833992,9.983998114435364
0.4210000000000003,0.1623920178752863,4.091399251266851,4.875461111475376,32950.0,0.0034734358177860303,20.15106149877724,0.00044088251798268807,0.0020049526611184976,10.070098923802853,9.983898072459084
0.4220000000000003,0.1634215701859625,4.117473033383617,4.897780302678024,32950.0,0.003493774054992682,20.152018995194343,0.00044388312852522427,0.0020167238151097555,10.070542523329843,9.98379513347486
0.4230000000000003,0.1644341182020127,4.14263997513088,4.920099493880671,32950.0,0.003514168692921149,20.15296199712701,0.00044689184598384335,0.0020287397353648817,10.070980918955463,9.983693559421141
0.4240000000000003,0.1654476998190119,4.168277869920399,4.942418685083319,32950.0,0.0035347122577567003,20.153904729760555,0.0004498684454846136,0.0020407568612484384,10.071417820093675,9.98359217378867
0.4250000000000003,0.1664623158514724,4.193866347186877,4.96483285156768,32950.0,0.003555290118020471,20.154848635086665,0.00045285577775122654,0.0020527397464820685,10.071855401379102,9.983490649581885
0.4260000000000003,0.1674880406857783,4.219786696783576,4.987341993333754,32950.0,0.003575912122206426,20.155802733968923,0.00045587154644544103,0.002064712862557938,10.072297582003042,9.98338802587015
0.4270000000000003,0.1685248977030029,4.245917662273764,5.009756159818115,32950.0,0.0035966064514071916,20.156767385947646,0.00045892656969620527,0.0020767529265718343,10.072744870693786,9.983284223472035
0.4280000000000003,0.1695527329858389,4.271656977748588,5.032360276865903,32950.0,0.003617293134390187,20.157724101127023,0.00046197926348956475,0.0020888836194669635,10.073189016991343,9.98318120094096
0.4290000000000003,0.1706018135118007,4.298307383196363,5.054964393913691,32950.0,0.0036381617369981023,20.158699544131288,0.0004650555361865316,0.0021010030428326165,10.07364065060205,9.983076294105022
0.4300000000000003,0.1716519779140313,4.324640136543126,5.077568510961479,32950.0,0.003659118377859094,20.15967695247629,0.0004681709649157484,0.002113251370639113,10.074094236473753,9.982971044486549
0.4310000000000003,0.1726750028544997,4.35017695563114,5.1002676032909795,32950.0,0.0036799734250729244,20.160629422060175,0.0004712349286381534,0.0021255481955038125,10.074536690992868,9.982868419598185
0.43200000000000033,0.1737374415246414,4.377441106856238,5.122966695620482,32950.0,0.0037010400828466627,20.16161653105104,0.000474332554633472,0.0021376840920979134,10.07499282940859,9.982762336448955
0.43300000000000033,0.1748009819907052,4.404001727684539,5.145760763231696,32950.0,0.0037221271656436294,20.162606692372492,0.00047750394279050257,0.0021499922659501958,10.07545262101876,9.982655648446169
0.43400000000000033,0.1758474895071614,4.430185766389151,5.16855483084291,32950.0,0.003743197350027261,20.16358086233783,0.0004806373092403615,0.002162403683294345,10.075904986295788,9.98255066272029
0.43500000000000033,0.1769233708510062,4.457643155603963,5.191348898454126,32950.0,0.0037644917809415146,20.164580887153154,0.00048379760791061877,0.0021747396750613768,10.076367557208462,9.982443098789826
0.43600000000000033,0.1780003720917674,4.484604295999912,5.214332916628766,32950.0,0.0037858618078236983,20.16558340803061,0.00048701402185413745,0.0021872283322222907,10.076832892943248,9.982335068204375
0.43700000000000033,0.1790704932491849,4.511473695109065,5.237221959521694,32950.0,0.003807296538493432,20.16657930327228,0.0004902150786538773,0.0021998125703267535,10.07729500833084,9.982227749513845
0.43800000000000033,0.1801599026928046,4.539122347876204,5.260205977696336,32950.0,0.0038289153337194293,20.167592334245242,0.0004934415588843111,0.0022123829321620825,10.077764070254254,9.982118695848435
0.43900000000000033,0.1812322761618,4.565885742759009,5.28328497115269,32950.0,0.00385046474564138,20.1685907793151,0.000496671877728172,0.0022250396290290353,10.078227791615305,9.982011042652129
0.44000000000000034,0.1823443177690357,4.594309069757201,5.306363964609046,32950.0,0.0038722862463634877,20.169624305479463,0.0004999484837975299,0.0022376552340079847,10.078705739866884,9.981899822230698
0.44100000000000034,0.1834291519653301,4.621177102362861,5.3294429580654,32950.0,0.0038940031453243984,20.170634928126617,0.0005032405392869643,0.002250466995128708,10.079175736332466,9.981790757659464
0.44200000000000034,0.1845151272997139,4.648695739259673,5.352616926803468,32950.0,0.003915751260233469,20.171644892360646,0.0005064860824240958,0.0022631925712918166,10.079643590431786,9.98168196255163
0.44300000000000034,0.1856124496165631,4.676457252853937,5.375790895541536,32950.0,0.0039374969844910845,20.172665535418407,0.000509762708942596,0.0022758334859080964,10.080116376966252,9.981572018611363
0.44400000000000034,0.1867393567120012,4.704997325777967,5.399059839561318,32950.0,0.003959414385260485,20.173713615536325,0.0005131175556515322,0.00228854647451332,10.08060182623574,9.981459094401556
0.44500000000000034,0.1878492341136192,4.732611765206752,5.422328783581101,32950.0,0.003981350637241143,20.17474722817898,0.0005164832866070834,0.0023014931450054954,10.081082161118594,9.981347530921227
0.44600000000000034,0.1889602880794626,4.760706081436845,5.445692702882594,32950.0,0.0040034193292141085,20.17578069028022,0.0005198180142690911,0.002314437378754697,10.08156104069722,9.981236138116909
0.44700000000000034,0.1900827564128412,4.789091788323902,5.46905662218409,32950.0,0.004025600520204953,20.1768247636782,0.000523183605703359,0.0023273606329795027,10.082044718058565,9.981123614145641
0.44800000000000034,0.191206419244711,4.81733155948795,5.492515516767298,32950.0,0.0040478164625167845,20.177870437950023,0.000526575453485445,0.0023403519696538755,10.082529732565133,9.981010830686724
0.44900000000000034,0.1923415304967927,4.845999613832371,5.515974411350506,32635.0,0.0040701431657184095,20.178926379223164,0.0005299899618467219,0.002353387245634997,10.083019083634555,9.980896969968127
0.45000000000000034,0.1934778543331391,4.8336483965091555,5.539433305933715,32351.5,0.004092182681949608,20.180011630230656,0.0005316903955475683,0.002370886054968435,10.08357541411143,9.980770965043085
0.45100000000000035,0.1946153917565593,4.822945009446291,5.562987175798637,32096.350000000002,0.004114375734558806,20.181101362765034,0.0005309447524676769,0.0023904180346073223,10.08413872806685,9.980643951985867
0.45200000000000035,0.1957644210156692,4.816819283491973,5.586541045663559,31866.715000000004,0.004137460619726918,20.182196971183362,0.0005281008996338987,0.0024102466879009077,10.084697045388276,9.98051602845429
0.45300000000000035,0.1969146821132299,4.813831494540292,5.610189890810194,31660.043500000003,0.004161088401125945,20.1832914944933,0.0005241610177004197,0.0024298159137315922,10.08525020886011,9.980388094049891
0.45400000000000035,0.1980764696577842,4.813995644333458,5.633933711238543,31474.039150000004,0.004184944492434894,20.18439453332913,0.0005201716830901537,0.0024488308415935855,10.085803264298683,9.98025970622528
0.45500000000000035,0.1992498092793138,4.816860197704147,5.657582556385178,31306.635235000005,0.004208784288022849,20.18550680179908,0.0005170224759432629,0.0024671936163199737,10.086357360103536,9.980131161884863
0.45600000000000035,0.2004141065605551,4.821597019588555,5.681421352095239,31155.971711500006,0.004232352363249314,20.18660953804408,0.000515207396470041,0.002484933527223787,10.086904314612276,9.98000467175616
0.45700000000000035,0.2016002928255285,4.829298582414856,5.7051651725235875,31020.374540350007,0.004255772948129399,20.18773007401504,0.0005148771071893377,0.002502071770631553,10.08745521426524,9.979877489730969
0.45800000000000035,0.202748788304843,4.837303740838382,5.729003968233649,30898.33708631501,0.004278684648018005,20.188816030829514,0.0005157642532309104,0.0025188649457730805,10.087989344372959,9.979754779551659
0.45900000000000035,0.2039375238948127,4.848943715840003,5.752937739225425,30788.503377683508,0.0043015883021400025,20.18993537825599,0.0005174910932380095,0.0025351806876728333,10.088533358760518,9.979629502134586
0.46000000000000035,0.2051378913101625,4.861689379354003,5.776871510217201,30689.653039915156,0.004324466447645725,20.191066432141117,0.0005196779571821075,0.002551449262276184,10.089082778697819,9.979503176000447
0.46100000000000035,0.2063108654123284,4.87497727229541,5.8009002564906895,30600.687735923642,0.00434730714407211,20.192171484854697,0.0005218134113716966,0.002567736479826943,10.089619010113916,9.9793798114532
0.46200000000000035,0.2075241902455076,4.891315086815207,5.824834027482464,30520.61896233128,0.004370566404819587,20.193310730712945,0.0005237332075289647,0.0025837904383296806,10.090166600583004,9.97925316928703
0.46300000000000036,0.2086997394690961,4.906862065822358,5.848957749037666,30448.55706609815,0.004393769596030106,20.19441692416057,0.0005253644980447447,0.0025998692345423624,10.090700605753169,9.979129825865277
0.46400000000000036,0.2099260680613564,4.925788552724411,5.873081470592868,30383.701359488336,0.004417429245294424,20.195566268446104,0.0005268015785351854,0.0026157037905176206,10.0912496456349,9.979002256506405
0.46500000000000036,0.2111249754861905,4.943870481370877,5.89720519214807,30325.331223539502,0.004441042845363119,20.196692642096597,0.0005282117482460769,0.0026316138704778336,10.091790263480355,9.97887694199014
0.46600000000000036,0.2123539777672814,4.964394506918557,5.921423888984987,30272.79810118555,0.004464947939241792,20.197843791224315,0.0005297222121656842,0.0026473650601724352,10.092338466949824,9.978749416875424
0.46700000000000036,0.2135659301814276,4.984611241147406,5.945642585821901,30225.518291066997,0.004488791506881029,20.198980420610294,0.0005314843769173017,0.0026630987290614527,10.092880839721683,9.978623511699826
0.46800000000000036,0.2148080299570203,5.006854016147026,5.969861282658817,30182.9664619603,0.004512832117807342,20.200142753281618,0.0005335669600415871,0.002678683900700085,10.093432196449054,9.978495278769518
0.46900000000000036,0.216022663625601,5.02836163298957,5.994174954777446,30144.66981576427,0.004536695716983674,20.20128111032554,0.0005359511178130716,0.002694274921594353,10.09397374095591,9.978369667910142
0.47000000000000036,0.2172490591051403,5.051366657928687,6.018583602177788,30110.202834187843,0.004560572817129127,20.202428056385052,0.000538556477020613,0.002709637231204265,10.09451636657875,9.978243558172089
0.47100000000000036,0.2185161091051668,5.075851403115178,6.0429922495781305,30079.18255076906,0.004584629988865441,20.203612420628172,0.0005414264406422009,0.0027249056618008916,10.095075451797513,9.978113571626244
0.47200000000000036,0.219755680587385,5.099381923530793,6.067400896978473,30051.264295692155,0.004608601254742439,20.204773100281404,0.0005443981311972768,0.0027403665363436303,10.095625536090754,9.977985978464918
0.47300000000000036,0.2209966237995975,5.124040498732892,6.091904519660528,30026.13786612294,0.00463268813417661,20.205932739344032,0.0005473392644985142,0.002755711484122736,10.096172354477304,9.977858811808906
0.47400000000000037,0.2222783188023775,5.1502146783049385,6.116408142342586,30003.524079510647,0.004657066922744535,20.207129496516014,0.0005503464093896682,0.0027709610798775652,10.096735115492539,9.977727758931604
0.47500000000000037,0.2235325056278554,5.17524867643655,6.141006740306354,29983.171671559583,0.004681389979103445,20.208302834977058,0.0005533518535905113,0.0027864116257632077,10.09728939500814,9.97759897723456
0.47600000000000037,0.224798564907694,5.201613406422828,6.165605338270123,29964.854504403625,0.004705889566355981,20.209484800867507,0.0005563151128689103,0.002801773581474376,10.097844870110276,9.977469545684224
0.47700000000000037,0.2260660354199765,5.228021629785154,6.190298911515605,29948.369053963263,0.0047304047431107055,20.210668657076315,0.0005593226158367992,0.0028170822293112074,10.098401550093888,9.977339897779776
0.47800000000000037,0.2273454157617447,5.255066177641218,6.214992484761087,29933.532148566937,0.004754982185778522,20.21186310058845,0.0005623979818928371,0.0028323660232214,10.098962542380189,9.9772091680537
0.47900000000000037,0.2286262273263515,5.282234757302126,6.23968605800657,29920.178933710245,0.004779575475876874,20.213059108528103,0.0005655553184647499,0.002847679136286807,10.099524373020337,9.977078278494547
0.48000000000000037,0.2299084713574339,5.309710671491132,6.264474606533766,29908.161040339222,0.004804199417979271,20.214256094511843,0.0005687850116211091,0.0028629862887364355,10.100086151958644,9.976947363854753
0.48100000000000037,0.2312026729306655,5.337748885638858,6.2892631550609615,29897.3449363053,0.004828915558311941,20.21546379080101,0.0005721053820962885,0.0028782725689018296,10.10065228934226,9.976815376070991
0.4820000000000004,0.232498327140232,5.365836773945186,6.314146678869871,29887.61044267477,0.004853681220661765,20.216673163790258,0.0005755048040361754,0.0028936071571732946,10.101219474783484,9.976683195663785
0.4830000000000004,0.2338059768637883,5.394501768538113,6.339030202678781,29878.849398407292,0.004878588170524334,20.217893167207336,0.0005789664078036938,0.002908972508780916,10.101790927233766,9.976549936027006
0.4840000000000004,0.2351150995586623,5.4231999389229895,6.364008701769403,29870.964458566563,0.004903589219651339,20.219114849809984,0.000582475532493687,0.002924409237371972,10.102363402804972,9.976416474318523
0.4850000000000004,0.2364362560255519,5.452447677942499,6.388987200860026,29863.868012709907,0.004928756653808597,20.22034722153065,0.0005860207575809073,0.0029398871923013714,10.102940216411552,9.976281909657539
0.4860000000000004,0.2377589059648577,5.481702294628797,6.413965699950649,29857.481211438917,0.004954022473992126,20.221581316179694,0.0005895957671739893,0.0029554400232972844,10.103518119633636,9.976147123313547
0.4870000000000004,0.2390830506887995,5.511157587435267,6.439039174322984,29851.733090295027,0.004979366313573819,20.222816539404455,0.0005931808373387248,0.0029710199352480093,10.104096216719268,9.976012240713239
0.4880000000000004,0.2403901207316796,5.540181705638268,6.464112648695321,29846.559781265525,0.00500460163645472,20.22403616278694,0.0005967488407284671,0.002986563694912847,10.10466732105473,9.97587903161042
0.4890000000000004,0.2417278460826646,5.570500438687139,6.4892810983493705,29841.903803138972,0.005029936464471696,20.225282810236358,0.0006003579162752182,0.0030019598683370674,10.105249206581965,9.975743052173375
0.4900000000000004,0.2430776928506883,5.600717501019886,6.5144495480034195,29837.713422825076,0.0050553043708913,20.22654205171598,0.0006040569148296759,0.003017468652318722,10.105838339298195,9.975605544707966
0.4910000000000004,0.2444290759295736,5.631032407797641,6.539712972939182,29833.94208054257,0.005080779118243339,20.22780269428053,0.0006077874082602297,0.003033137671237862,10.106428167925683,9.97546786410312
0.4920000000000004,0.2457633920598832,5.6609740377960485,6.564976397874944,29830.547872488314,0.00510626664623226,20.229047507437674,0.000611504762350723,0.003048853052453504,10.10701061727282,9.975331922174476
0.4930000000000004,0.2471284753982597,5.692198245660376,6.59033479809242,29827.493085239483,0.005131984496664244,20.23031942982158,0.0006152700136876632,0.0030644743624511084,10.107603849948038,9.9751932103063
0.4940000000000004,0.2485057586797272,5.723292950983357,6.615598223028184,29824.743776715535,0.005157835779395159,20.23160405204461,0.0006191284040361067,0.0030802502919299313,10.108204434219392,9.975052953175169
0.4950000000000004,0.2498446894456556,5.753229594955622,6.6410515985273735,29822.269399043984,0.00518356000878839,20.23285383923302,0.000622947712284827,0.003096165572520737,10.10878991494824,9.97491637412381
0.4960000000000004,0.2512357638248399,5.785498975059048,6.666504974026563,29820.042459139586,0.0052096142383978306,20.234148981040068,0.0006268034010267209,0.0031118901391893883,10.109392760062388,9.974775220214728
0.4970000000000004,0.2526284380628249,5.816871531466453,6.691958349525754,29818.038213225627,0.005235701921016966,20.235448460209774,0.0006307632610506042,0.0031278233777020104,10.11000069920269,9.974633271981734
0.4980000000000004,0.2539933795711444,5.847655343307513,6.7174117250249425,29816.234391903065,0.005261730351056204,20.236722018331392,0.0006346746122301572,0.0031438883114947025,10.110596692344108,9.974494117689574
0.4990000000000004,0.255389239979673,5.879914123423795,6.742960075805845,29814.61095271276,0.005287959611585069,20.238022212796594,0.0006385988636508078,0.0031597928718524737,10.11120246185725,9.974352321416877
0.5000000000000003,0.2567680316137956,5.911052987004125,6.768603401868462,29813.149857441484,0.005314038650993669,20.239308709669437,0.0006425606447042487,0.00317576140542819,10.11180425600232,9.974211774350103
0.5010000000000003,0.2581885055993562,5.943899799378965,6.794246727931078,29811.834871697334,0.0053403642647394944,20.24063190849237,0.0006465698426733058,0.0031917059652091795,10.112420851038596,9.974067411858602
0.5020000000000003,0.2595812183333283,5.97523731233924,6.819890053993694,29810.651384527602,0.0053665750495234255,20.24193185561511,0.0006506053368180442,0.00320785170141058,10.113029444183558,9.973925305075152
0.5030000000000003,0.2610049648595002,6.008188639216991,6.845628355338025,29809.586246074843,0.0053930611349158886,20.243258120988372,0.0006546503858946839,0.00322395633945588,10.1136474661917,9.973780584402824
0.5040000000000003,0.2624116514768411,6.0400615207273125,6.871366656682354,29808.62762146736,0.005419505401907609,20.244570555120216,0.0006587292630625408,0.003240177170967251,10.114261199532901,9.973637164293102
0.5050000000000003,0.2638199698040508,6.072399552698694,6.897104958026685,29807.764859320625,0.005445994678490496,20.245883285872054,0.0006627904881198465,0.003256358173911733,10.114873814267714,9.97349381754767
0.5060000000000003,0.2652593994549019,6.105627282725835,6.922938234652728,29806.98837338856,0.005472653765433877,20.247224542070438,0.0006669193457669031,0.0032725082840168174,10.115499046960654,9.973347405475513
0.5070000000000003,0.2666817666318838,6.137868884592788,6.948866486560484,29806.289536049706,0.005499242681625494,20.24855168168707,0.000671076755529354,0.003288832922745344,10.116119758216685,9.973202315698387
0.5080000000000003,0.2681165613368391,6.170944989547333,6.974794738468241,29805.660582444736,0.00552596287718693,20.24988881524088,0.0006752271262041587,0.0033051403427725168,10.116743385060087,9.973056287274595
0.5090000000000003,0.2695825646180848,6.2047513305830435,7.000722990375998,29805.094524200264,0.00555292145089703,20.25125503456033,0.000679459456919107,0.00332150352124988,10.117380416846032,9.972907080372304
0.5100000000000003,0.271020730497384,6.2372955255406115,7.026651242283755,29804.58507178024,0.005579828326078784,20.252597167751624,0.0006836987410253625,0.0033380896420385775,10.118008401428334,9.972760279311874
0.5110000000000003,0.2724605751153766,6.270512668579298,7.0526744694732235,29804.126564602215,0.005606812612204859,20.253939013245404,0.0006878967309547068,0.0033545880572102282,10.118634187894033,9.972613703485816
0.5120000000000003,0.2739424987122691,6.304886907806155,7.078792671944408,29803.713908141995,0.005634020741664469,20.25531954880996,0.0006921838117961987,0.00337102509230508,10.119277227982304,9.972462956240063
0.5130000000000003,0.2754073743916737,6.338089972221842,7.104910874415591,29803.342517327797,0.005661169325900883,20.256686516434762,0.0006965167858607457,0.003387705970638921,10.119916648216885,9.972313404198657
0.5140000000000003,0.2768739719920282,6.3718568327799225,7.131029076886774,29803.008265595017,0.00568841457224184,20.258053557881794,0.0007008205770890896,0.0034044001643350197,10.120554459605396,9.972163987484532
0.5150000000000003,0.2783422930921667,6.405612550766197,7.157242254639671,29802.707439035516,0.005715669053597772,20.25942237315884,0.0007051396694253143,0.0034210407442795687,10.121193113109408,9.972014378161727
0.5160000000000003,0.2798231889801539,6.439720516268985,7.183455432392568,29802.436695131964,0.005742960786872309,20.260802740781813,0.0007094937834975501,0.003437665108826038,10.121836995485943,9.971863495227485
0.5170000000000003,0.281335511496561,6.4746275527724855,7.2096686101454655,29802.19302561877,0.005770460698020952,20.262212195984272,0.0007139265669498518,0.003454387072302889,10.122494192423881,9.97170941876652
0.5180000000000003,0.2828199198628796,6.5082900399195145,7.2359767631800755,29801.973723056894,0.005797910477214507,20.263597424439592,0.0007183624712571723,0.0034713400089947943,10.123142145274489,9.971557788858709
0.5190000000000003,0.2843169567308355,6.5429616472490135,7.2623798914963995,29801.776350751206,0.005825532551111401,20.26499231261677,0.0007227755018597848,0.003488220289853905,10.123792238206107,9.971405318776647
0.5200000000000004,0.2858266532144367,6.577713909449069,7.2887830198127235,29801.598715676086,0.005853237319843885,20.266399636964408,0.0007272450108450346,0.0035050987993531235,10.124448681422376,9.971251425180357
0.5210000000000004,0.2873381416633866,6.612371940343581,7.315186148129045,29801.438844108477,0.005880975643589026,20.267809043884604,0.0007317453860438139,0.0035220742902400404,10.125106659948418,9.971097220681347
0.5220000000000004,0.2888514237380004,6.647153056928139,7.341589276445369,29801.29495969763,0.005908758655978175,20.26921989172456,0.0007362537082474807,0.0035390910032024325,10.125765038515155,9.97094286849918
0.5230000000000004,0.290366501099975,6.681993474177745,7.368087380043406,29801.165463727866,0.005936557780789886,20.270632369883977,0.0007407739245267053,0.0035561039119280102,10.126424080206004,9.970788336892904
0.5240000000000004,0.2918943040924221,6.717213206416401,7.3946804589231565,29801.04891735508,0.0059644213081374575,20.272056464866047,0.0007453259525009859,0.0035731150768965603,10.127088246080882,9.970632539330634
0.5250000000000004,0.2934348642952206,6.752651749829669,7.421273537802906,29800.944025619574,0.005992382076169256,20.273492682850293,0.0007499256465606785,0.0035902086286505597,10.127758313214526,9.970475365513343
0.5260000000000004,0.2949772647072275,6.788037225331035,7.447866616682657,29800.849623057617,0.006020434585076173,20.274930907310818,0.0007545514099666084,0.0036074258330837106,10.128429660761643,9.970317921143627
0.5270000000000004,0.2965215070452044,6.823545403639298,7.474459695562407,29800.764660751855,0.006048592000848785,20.276370619188363,0.0007591870007735979,0.0036247016978134816,10.129101427980236,9.970160328504091
0.5280000000000004,0.2980675930273508,6.859110354065131,7.501147749723871,29800.68819467667,0.006076812688009803,20.27781201454777,0.0007638371800612331,0.003641991476153572,10.129773899536003,9.970002548219204
0.5290000000000004,0.2996265032845687,6.895055923225422,7.527930779167048,29800.619375209004,0.006105125070435147,20.27926511934842,0.0007685213594699758,0.0036592903731193505,10.130451540032867,9.969843489871234
0.5300000000000004,0.3011982698678275,6.931221405938194,7.554713808610226,29800.557437688105,0.006133540648482261,20.280730441257916,0.0007732547292482184,0.0036766721734953767,10.131135126396893,9.969683044068944
0.5310000000000004,0.302771925740502,6.9673336610991505,7.581496838053404,29800.501693919294,0.006162036304008134,20.2821978177007,0.0007780149494785449,0.003694169863051766,10.13182001751324,9.969522322454203
0.5320000000000004,0.3043474726771864,7.003569341954741,7.608279867496581,29800.451524527365,0.006190614905512426,20.283666727295383,0.0007827851706166955,0.0037117144886670284,10.132505349110394,9.969361446753304
0.5330000000000004,0.3059249124539729,7.039862291751148,7.6351578722214715,29800.40637207463,0.006219232178148071,20.28513736699336,0.0007875697922926639,0.0037292615679357377,10.13319140706107,9.9692003773126
0.5340000000000004,0.3075152766847085,7.07653795510891,7.662130852228075,29800.36573486717,0.006247920846562671,20.28661980920905,0.0007923881748858053,0.0037468094745914393,10.133882676445726,9.969038017349437
0.5350000000000004,0.3090885760441662,7.11250835411991,7.689103832234679,29800.329161380454,0.006276485297095513,20.28808727346749,0.0007972052510147876,0.003764401436669562,10.134568008939459,9.968877193190275
0.5360000000000004,0.3106938171223619,7.149796708001171,7.716076812241282,29800.29624524241,0.006305205192912056,20.289582796942945,0.0008020540543920429,0.0037819112255459975,10.13526448542148,9.968713437997998
0.5370000000000004,0.3123009992400728,7.1865873569385466,7.7431447675296,29800.266620718172,0.006333937990324723,20.29108174050478,0.0008069655741962944,0.003799559135524877,10.135964288291959,9.968549129752484
0.5380000000000004,0.3139211952932311,7.223917003359091,7.7702127228179165,29800.239958646354,0.006362851287470828,20.29259211386526,0.0008119023902768419,0.0038173254345651997,10.136668736602406,9.96838360094553
0.5390000000000004,0.3155433567723876,7.261167642886855,7.797280678106236,29800.21596278172,0.006391907928278873,20.294104692443643,0.0008168684600871612,0.0038352079432060204,10.13737454413449,9.968217792922657
0.5400000000000004,0.3171373665999078,7.297597912347337,7.824443608676266,29800.194366503547,0.006420875993899511,20.29559154155144,0.000821799062190931,0.003853116855694061,10.138068958284173,9.968054757973938
0.5410000000000004,0.3187745472555593,7.335803721771591,7.851606539246296,29800.174929853194,0.00645006703988521,20.297116327848975,0.0008267701503002489,0.0038708555524666344,10.138778400409201,9.967887766880178
0.5420000000000004,0.3204137197881507,7.373265532913122,7.87886444509804,29800.157436867874,0.00647923084278379,20.29864531324544,0.0008318273278256627,0.0038887583512499657,10.139492360645614,9.967720057022786
0.5430000000000004,0.3220660092762184,7.411321205368882,7.906122350949784,29800.141693181085,0.006508555435924934,20.300185669518513,0.0008369072712454684,0.003906799947841211,10.140210821321638,9.967551136143872
0.5440000000000004,0.3236901180717942,7.448382297555842,7.933380256801529,29800.12752386298,0.006537790130049959,20.301700783074104,0.0008419637375376987,0.003924912331258357,10.140918559086662,9.967384907180508
0.5450000000000004,0.3253464231523683,7.486933129075087,7.960733137934986,29800.11477147668,0.00656721467118504,20.30324370112269,0.0008470396671177438,0.003942875658491829,10.141636761906021,9.9672158227153
0.5460000000000004,0.3270159035023702,7.525259627738924,7.988086019068444,29800.103294329012,0.0065966939289510695,20.30480046766484,0.0008522039020191774,0.0039609488034453855,10.142363078155809,9.967045040387848
0.5470000000000004,0.3286571708920362,7.56267251220085,8.015533875483614,29800.09296489611,0.006626051405689559,20.30633171995411,0.000857343331213567,0.003979159865970361,10.143078540742746,9.966876955774822
0.5480000000000004,0.3303418965476128,7.601966430351233,8.04288675661707,29800.0836684065,0.006655689122474606,20.307900885742175,0.000862515348907078,0.003997251576885519,10.143808660356616,9.966704946472536
0.5490000000000004,0.3320175043674676,7.640183350871944,8.070429588313957,29800.075301565852,0.006685291998564047,20.309464121641984,0.00086775523306859,0.004015513953143923,10.144538799031293,9.966533330719415
0.5500000000000004,0.3336872400541105,7.678571242599995,8.09797242001084,29800.067771409267,0.006714932087298453,20.31102098279286,0.0008729726348422617,0.004033827295958414,10.145265127405374,9.966362468493058
0.5510000000000004,0.3353893660826167,7.718049215171742,8.125515251707725,29800.06099426834,0.006744792593172844,20.31260702551957,0.0008782446153510759,0.004052098359051626,10.146003753407461,9.966188492150831
0.5520000000000004,0.3370935882862263,7.75706295748412,8.15305808340461,29800.054894841505,0.00677472191665085,20.31419654370556,0.0008835834278806964,0.004070548994817624,10.146745709765863,9.966013960515879
0.5530000000000004,0.3387695326549368,7.795354028392208,8.180695890383207,29800.049405357357,0.006804564703340343,20.31575991713394,0.0008888809609836623,0.004089079210892799,10.147475821910017,9.965842271803123
0.5540000000000004,0.3404891734752046,7.835468273365189,8.208333697361804,29800.04446482162,0.006834658892221512,20.31736161334105,0.0008942171641908025,0.004107446510607071,10.148220962481394,9.965666588908423
0.5550000000000004,0.3422109381203102,7.874832570085263,8.236066479622117,29800.04001833946,0.006864747776124169,20.318967657931477,0.0008996420026285423,0.004125980491174297,10.148970713948707,9.96549017811002
0.5560000000000004,0.3439156542077489,7.913858293286883,8.263799261882427,29800.036016505514,0.006894797843980449,20.320557655246237,0.0009050418396027715,0.0041446241152029994,10.149712992910723,9.965315515345543
0.5570000000000004,0.3456529361184273,7.954213199716506,8.291532044142738,29800.032414854963,0.006925064826194982,20.322176302790094,0.000910476099874935,0.004163179629617042,10.150466559872678,9.965137859849797
0.5580000000000004,0.3473618930806889,7.993110103171761,8.319359801684763,29800.02917336947,0.006955147603869338,20.32377093315999,0.0009159287236438218,0.004181835347686125,10.151211569052606,9.964962618373074
0.5590000000000004,0.3491147548573926,8.033949764435683,8.347187559226787,29800.02625603252,0.0069854911122279595,20.325403742057702,0.0009214154486929527,0.004200410961194445,10.151971376318164,9.96478338466403
0.5600000000000004,0.3508392771864666,8.073138215048788,8.375110292050524,29800.02363042927,0.007015661748943858,20.32701309130077,0.0009269356611188995,0.004219145088978804,10.152723424643126,9.964606463653032
0.5610000000000004,0.3526077927885776,8.11432711703476,8.403033024874263,29800.021267386343,0.007046146708950929,20.328660537230657,0.0009324882211546037,0.00423784245091352,10.153490093832483,9.964425570063986
0.5620000000000004,0.3543479544531774,8.1538763258672,8.430955757698,29800.01914064771,0.00707651156164113,20.330284474733237,0.0009380750044357677,0.004256715467670591,10.154248915974755,9.964247007435532
0.5630000000000004,0.3561208599005812,8.195078687290003,8.458973465803453,29800.01722658294,0.007107145173263774,20.33193628250418,0.0009436777743606628,0.004275547964027404,10.155017889838247,9.964065578827075
0.5640000000000004,0.3579073232213877,8.2361015431373,8.486991173908903,29800.015503924646,0.00713792009095654,20.33360218945529,0.0009493695726815465,0.004294522813322432,10.155794882693604,9.963882456849905
0.5650000000000004,0.3596653998833193,8.276201334032255,8.515103857296069,29800.013953532183,0.007168627239973802,20.33524243537797,0.000955042527800043,0.004313646499778556,10.156560967211032,9.96370206891061
0.5660000000000004,0.3614676819930325,8.318208702250821,8.543121565401519,29800.012558178965,0.00719963908552218,20.336921264865094,0.0009607538867416054,0.004332653785162621,10.157341995373525,9.963517655286788
0.5670000000000004,0.363230180102708,8.358179324353912,8.571329224070398,29800.01130236107,0.007230383026034126,20.338566325803843,0.0009664856654538756,0.004351787083776537,10.15811091405583,9.963336665984096
0.5680000000000004,0.3650176643295897,8.399733120123082,8.599441907457562,29800.010172124963,0.007261218287541116,20.340231703874686,0.0009722010920646396,0.0043707593494906605,10.158886113467027,9.963153665609727
0.5690000000000004,0.3668266899542075,8.441403922068789,8.62764956612644,29800.009154912466,0.0072920790840346195,20.34191829086904,0.0009780052014718987,0.004389746912053072,10.15967223000193,9.962968214026583
0.5700000000000004,0.3686186756413383,8.48232348182329,8.655952200077031,29800.00823942122,0.00732283855278093,20.343590060155258,0.0009838188680809101,0.004408890244382679,10.16045279766742,9.962784262841726
0.5710000000000004,0.3704550814534781,8.525027535021172,8.68415985874591,29800.007415479096,0.007353932732663604,20.34530099322867,0.0009896827745471959,0.004428025714164674,10.161249048392632,9.962596169505735
0.5720000000000004,0.3722515999084426,8.5657672134081,8.7124624926965,29800.006673931188,0.007384875415897829,20.34697784018166,0.0009955637980087473,0.004447362843857772,10.16203279572555,9.962411570949506
0.5730000000000004,0.3740926070394663,8.60870959164295,8.740860101928806,29800.00600653807,0.0074161746792539285,20.34869268144049,0.0010014650828282234,0.00446660881408506,10.162830458900103,9.96222305086676
0.5740000000000004,0.3759165903896181,8.650285945289367,8.76925771116111,29800.005405884265,0.007447403959415455,20.350394538550486,0.0010074275584668335,0.0044860046323842995,10.163625098787895,9.962035715274844
0.5750000000000004,0.377773703660467,8.693346979918328,8.797655320393416,29800.00486529584,0.007478903973977269,20.352125152045957,0.0010134270095105702,0.004505431647878033,10.164430929820114,9.961845342520265
0.5760000000000004,0.379602317041033,8.734992358565059,8.82605292962572,29800.004378766254,0.007510274913852144,20.353831448224295,0.0010194435715322192,0.004524986654528829,10.165227801324043,9.96165747115263
0.5770000000000004,0.3814332384223238,8.77730456012465,8.854545514139739,29800.00394088963,0.007541636767932347,20.35553808554909,0.001025428277124818,0.0045444081471020525,10.166022894145684,9.961469703965433
0.5780000000000004,0.3833088666331738,8.820835256340054,8.88313307393547,29800.003546800668,0.007573155558250111,20.35728584783808,0.0010315069385065656,0.004563745313089562,10.166836345841276,9.961277417273465
0.5790000000000004,0.3851674806059723,8.8631513295074,8.91162565844949,29525.003192120603,0.007604552741730275,20.359020189329954,0.001037636192570024,0.004583317180799629,10.167646362369059,9.961086362691823
0.5800000000000004,0.3870478565894979,8.834436587811926,8.940213218245221,29277.502872908542,0.007634938142693115,20.360829037194573,0.0010406119162255645,0.004611439370176884,10.16858608192457,9.960869903840312
0.5810000000000004,0.3889112039095252,8.80743062933719,8.968895753322665,29054.752585617687,0.007665105035535413,20.362630470091993,0.00103893419947082,0.004643601292006749,10.169534623681246,9.960653321540281
0.5820000000000004,0.3907884699290462,8.788865478635113,8.99757828840011,28854.27732705592,0.007696861287848633,20.36443416103267,0.0010332856452307526,0.0046761194766331005,10.170468518407343,9.960435909998234
0.5830000000000004,0.3926991219321758,8.77696107609862,9.026260823477555,28673.84959435033,0.007729861068755117,20.366263477368488,0.0010255476212984727,0.004707941290728379,10.17140429943456,9.960215531418271
0.5840000000000004,0.3945811933301178,8.768679887735614,9.054943358555,28511.464634915297,0.0077631000568453845,20.36806434866888,0.0010175547109581018,0.004738859476808799,10.172322289960004,9.959998950428576
0.5850000000000004,0.3964966980264588,8.766512399811631,9.08372086891416,28365.31817142377,0.007796467418633157,20.369890163648254,0.0010109678418390722,0.004768351595146658,10.173242496050193,9.959781465041623
0.5860000000000004,0.3983951843085601,8.767284027951698,9.112498379273317,28233.786354281394,0.007829294684453036,20.371699088101856,0.0010069098805028376,0.0047965477491468955,10.174151025107562,9.959567771056484
0.5870000000000004,0.4002960943713004,8.772232498581108,9.141370864914188,28115.407718853254,0.007861553500789098,20.373505908826246,0.0010056883722742715,0.004823514529851192,10.175051446230054,9.95935655904303
0.5880000000000004,0.4022421556799098,8.781777641196499,9.170243350555062,28008.86694696793,0.007893487472741656,20.37535125132056,0.0010071088733467626,0.0048495653447624965,10.175963507091943,9.959143051776291
0.5890000000000004,0.4041595887610853,8.792813794241061,9.199115836195933,27912.980252271136,0.007924886371788897,20.3771701027872,0.001010388255317074,0.004875240225734212,10.176861652844833,9.95893374593229
0.5900000000000004,0.406079476415126,8.807359454293776,9.228083297118518,27826.682227044024,0.007956183726173627,20.378986699819073,0.001014565451565086,0.004900427702939969,10.177752216956367,9.958725885354365
0.5910000000000004,0.4080446460187448,8.825581590565765,9.257050758041103,27749.014004339624,0.00798775384915651,20.380842755356866,0.001018976518704584,0.004925234214686491,10.178656614827936,9.958514276331066
0.5920000000000004,0.4099811540489001,8.844496752266286,9.286018218963688,27679.11260390566,0.00801936130043801,20.382672975383038,0.001023026584233866,0.004950010883259415,10.179549062497,9.958305554586584
0.5930000000000004,0.411920147726186,8.866214622685467,9.315080655167986,27616.201343515095,0.008051294795016262,20.384501513619142,0.001026407669470597,0.0049744757441794185,10.180435491874107,9.958097310857934
0.5940000000000004,0.4139045549351545,8.890965548174307,9.344143091372285,27559.581209163585,0.0080837146724006,20.386370147670267,0.0010293056730664163,0.004998618752735551,10.181337104260113,9.957884769062549
0.5950000000000004,0.4158602671627621,8.91582952127514,9.373300502858298,27508.623088247226,0.008116171389702609,20.388213409937293,0.0010319192673770572,0.005022735809438461,10.18222783151189,9.957674987336606
0.5960000000000004,0.4178302146019641,8.943315617249537,9.402362939062597,27462.760779422504,0.008148873099791065,20.390066095897858,0.0010345178924870413,0.00504654262154397,10.183118040073829,9.95746466420621
0.5970000000000004,0.4198222716271856,8.972493984747306,9.431520350548608,27421.484701480254,0.00818170038090299,20.391938645263856,0.0010375020831711046,0.005070077698576647,10.184015750997773,9.9572525419592
0.5980000000000004,0.4217973184078552,9.002116837069163,9.460772737316333,27384.33623133223,0.008214380292898171,20.393795521460767,0.001041028088863083,0.005093483183990721,10.184905826303527,9.957042547565752
0.5990000000000004,0.4237866680908706,9.033676020222211,9.49002512408406,27350.902608199005,0.008247060332767231,20.39566313529033,0.0010451570040403424,0.005116588267042699,10.185797374740236,9.95683199791905
0.6000000000000004,0.4258099550114368,9.066953644949487,9.519372486133499,27320.812347379106,0.008279822075235366,20.397561565547853,0.0010499349564599414,0.005139498198083237,10.186701665623078,9.95661847829139
0.6010000000000004,0.4278162584064166,9.10019754822008,9.548814823464651,27293.731112641195,0.008312466896093718,20.39944513115265,0.001055181868120314,0.005162427497988509,10.187599711165992,9.956406849776956
0.6020000000000004,0.4298369573274762,9.135159529829604,9.578257160795802,27269.358001377077,0.00834525507409739,20.40133955404604,0.0010606962261068276,0.0051851859577298764,10.188499544747085,9.9561944461924
0.6030000000000004,0.4318917161805368,9.17159281537548,9.607699498126953,27247.42220123937,0.008378294228047756,20.4032650982204,0.0010664117952237095,0.005207851527666396,10.189412647404678,9.955978774408209
0.6040000000000004,0.4339177035984513,9.207409034687624,9.637141835458106,27227.679981115434,0.008411280079477224,20.40516528665839,0.00107214226706015,0.005230615127702121,10.190315369210456,9.95576588760115
0.6050000000000004,0.435946328280844,9.244561317911655,9.666584172789259,27209.91198300389,0.008444379334102858,20.4070652824714,0.0010777707753928945,0.005253182825185998,10.191214791699238,9.955553275495538
0.6060000000000004,0.438009087416011,9.28309879868272,9.696026510120412,27193.920784703503,0.008477642756072323,20.408996308700093,0.001083400663712153,0.005275565433348284,10.192127346619761,9.955337298599915
0.6070000000000004,0.4400430169151175,9.320757375878113,9.725468847451564,27179.52870623315,0.008510695683361935,20.410902357115187,0.0010890129497851953,0.005298001573802391,10.193030273022039,9.955123983314833
0.6080000000000004,0.4420795918265961,9.35958041658757,9.754911184782715,27166.575835609838,0.008543719440670505,20.412808404202984,0.0010946017312891132,0.0053202325986311805,10.193930289403582,9.954910910596041
0.6090000000000004,0.4441503758744752,9.39964835584542,9.784353522113868,27154.918252048854,0.008576812180573767,20.414745675866484,0.0011003325736316794,0.0053422793626231035,10.194843700661439,9.954694486925721
0.6100000000000004,0.4461922719678759,9.43870651580697,9.813795859445019,27144.42642684397,0.008609653851304577,20.416658038252926,0.0011061968156478863,0.005364393531966549,10.195747678955259,9.954480767826478
0.6110000000000004,0.4482368216441979,9.478813098915278,9.843238196776172,27134.983784159573,0.008642476857917358,20.41857050874717,0.001112155380709301,0.005386332576110986,10.196648943097571,9.954267309193675
0.6120000000000004,0.4503156553037538,9.520059246330009,9.872680534107324,27126.485405743617,0.008675414012980165,20.42051437164679,0.001118315952192639,0.005408128668064116,10.197563824844229,9.954050483566345
0.6130000000000004,0.4523655425726746,9.560196929014532,9.90307262425561,27118.836865169254,0.008708159844231456,20.4224333663622,0.0011246074903069059,0.005430037328326309,10.198469442739434,9.953836339413323
0.6140000000000004,0.4545374759933082,9.604771021433988,9.932514961586762,27111.95317865233,0.008741742623436688,20.424461076664393,0.0011311223022555383,0.005451949464267192,10.199419988466717,9.95361043017451
0.6150000000000004,0.4565928129258697,9.644227349092176,9.961957298917914,27105.757860787096,0.008774888249100887,20.42638871872834,0.001137714223098607,0.0054744492460549465,10.200333304137136,9.953395165319785
0.6160000000000004,0.4586825347208865,9.687305996165733,9.9923493890662,27100.182074708388,0.008808508517481939,20.42833983122448,0.0011442001151435455,0.005496602540511875,10.201248196539801,9.953177927341088
0.6170000000000004,0.4608629921948424,9.732170775505855,10.021791726397353,27095.16386723755,0.008842605984569485,20.43037651142379,0.0011509247525800514,0.005518635137792327,10.20220327180812,9.952951096709828
0.6180000000000004,0.4629264854657644,9.772475528419836,10.05218381654564,27090.647480513795,0.008876052332258078,20.43231088140117,0.0011576314943392285,0.005541155637602879,10.20311862017396,9.952735189657647
0.6190000000000004,0.4651444539450044,9.819752959408378,10.081626153876792,27086.582732462415,0.008910496685346436,20.43437821497279,0.001164386410113849,0.005563322712413776,10.204083581500845,9.952505181697608
0.6200000000000004,0.4672134476917209,9.85996213344103,10.112018244025077,27082.924459216174,0.008943992355123387,20.43631903251169,0.0011711984659149022,0.005585880244753538,10.205002783810727,9.952288552955864
0.6210000000000004,0.4694053902989245,9.90683786336972,10.14146058135623,27079.63201329456,0.008978220861930286,20.438362171379712,0.0011779809657427864,0.005607970387059791,10.20595654837962,9.952061266990487
0.6220000000000004,0.4715117274537749,9.948829404624103,10.171852671504515,27076.668811965104,0.00901172090202873,20.44033527252488,0.0011848835802321656,0.005630210347650544,10.206887717210723,9.95184123420576
0.6230000000000004,0.4737094421438462,9.995375895727474,10.201295008835668,27074.001930768594,0.009045694951954064,20.44238569805949,0.0011918217743721038,0.005652253181918476,10.207846785865458,9.951613005385047
0.6240000000000004,0.475789448976724,10.036886670389848,10.231687098983954,27071.601737691737,0.009078843295392824,20.44433440445906,0.0011987708591426616,0.00567444689167651,10.20876680931319,9.95139570608152
0.6250000000000004,0.478024847159936,10.085181057170654,10.26207918913224,27069.441563922563,0.009112849026821468,20.44641742556691,0.0012058023342970126,0.005696229295624522,10.209737977448011,9.951164022286097
0.6260000000000004,0.4802312958970247,10.129810543758477,10.291521526463391,27067.497407530307,0.00914667424419452,20.448483181034828,0.0012130809738609694,0.005718592170518733,10.2107114076466,9.950933628661996
0.6270000000000004,0.482319660804799,10.172258865393257,10.321913616611678,27065.747666777275,0.009180108804424492,20.4504378163709,0.001220146906840025,0.005741153331795146,10.211632621357833,9.95071575751905
0.6280000000000004,0.4845638800605023,10.221110313028143,10.352305706759964,27064.172900099547,0.009214472023789388,20.452528372908453,0.0012272995634656225,0.005763015782454695,10.212606005271859,9.950483346122432
0.6290000000000004,0.4867790903049021,10.266100356750222,10.382697796908252,27062.755610089593,0.009248535757000909,20.454602179007296,0.0012347072566386008,0.005785386413513449,10.213582865916125,9.950252073141012
0.6300000000000004,0.4889972628857219,10.312405566733627,10.413089887056538,27061.480049080634,0.009282859334597826,20.45667493302476,0.0012420726792313763,0.005808076222341585,10.214555758210718,9.950021098417398
0.6310000000000004,0.4912504621336128,10.359781426854845,10.44253222438769,27060.33204417257,0.00931756899636349,20.45877946805209,0.0012495176547448472,0.005830758954231019,10.215541849427616,9.949786702890208
0.6320000000000005,0.4933529069518148,10.402265121676127,10.472924314535975,27059.298839755313,0.00935140134333845,20.460748662382542,0.0012568271923008578,0.005853436962721892,10.216470738811859,9.949567190166325
0.6330000000000005,0.4955798778822122,10.450862297571192,10.503316404684261,27058.36895577978,0.009385669007228592,20.46282329216866,0.0012641160235481452,0.005875252130818853,10.217436846309951,9.949336511968333
0.6340000000000005,0.4978419539760339,10.497809724164778,10.533708494832547,27057.532060201804,0.009419647180411272,20.464938312575526,0.0012716906980791975,0.005897266012678426,10.218429827996502,9.949100741566056
0.6350000000000005,0.500074900958544,10.543939365462023,10.564100584980833,27056.778854181623,0.009453465253554227,20.467026843363755,0.0012792647513443223,0.005919805743847151,10.21941201610048,9.948867804295041
0.6360000000000005,0.5023108290381072,10.591004612732926,10.59449267512912,27056.10096876346,0.009487497947562318,20.469115482350823,0.0012867985116924996,0.0059423060238678604,10.220390917268611,9.948635108638763
0.6370000000000005,0.5045819418098595,10.638949617285359,10.624884765277407,27055.490871887116,0.009521842896351329,20.471236613544004,0.0012944304611673396,0.005964730514523453,10.22138433989371,9.94839880421217
0.6380000000000005,0.5068238649324899,10.685504424496084,10.655276855425692,27054.941784698403,0.00955611448913296,20.47333297001471,0.0013021136138064993,0.005987343403831835,10.22236906129521,9.94816509936109
0.6390000000000005,0.5091010258720747,10.733749114009408,10.686618698391111,27054.447606228565,0.009590688745019116,20.475459315634353,0.0013098337387663084,0.006009922765880138,10.223364606962893,9.947928194873523
0.6400000000000005,0.5114716938635024,10.784080140884978,10.717010788539397,27054.002845605708,0.009625888859651155,20.477672697295773,0.0013177861469197416,0.006032718803057668,10.22440032127219,9.947681494144273
0.6410000000000005,0.513722753449932,10.82971272420824,10.747402878687684,27053.602561045136,0.009660623924100553,20.47978124276425,0.0013257301689930667,0.006056101180758222,10.225394849037468,9.947446169559214
0.6420000000000005,0.5160091315421653,10.878775073754865,10.777794968835972,27053.242304940624,0.009695727958001388,20.481914372185187,0.0013335607040120268,0.006079028517185725,10.22639156886407,9.947208644905668
0.6430000000000005,0.5182662182096363,10.925892059701203,10.808187058984258,27052.918074446563,0.009730345137686058,20.48402434823371,0.0013414514071933281,0.006101636282545675,10.227381485578555,9.946973501203372
0.6440000000000005,0.5205263114568619,10.973581388066114,10.839528901949677,27052.626267001906,0.009764567123980716,20.486135564702863,0.0013493170024881374,0.006123989427840426,10.228370680210856,9.946738216179968
0.6450000000000005,0.5229452073870345,11.025731384728543,10.869920992097963,27052.363640301715,0.009799389179307505,20.48839166104461,0.0013574261066639504,0.006146327925006523,10.229423626566774,9.946486746035694
0.6460000000000005,0.5252114792876563,11.07105856765504,10.900313082246248,27052.127276271545,0.009833366835185153,20.490516561536452,0.0013655506519583693,0.006169492215825356,10.230427957115847,9.946249360914079
0.6470000000000005,0.5275132040158907,11.120650714104093,10.931654925211669,27051.914548644392,0.009867849087248415,20.492663541662953,0.0013734860915529667,0.0061922388647677185,10.23143064808611,9.946010193656262
0.6480000000000005,0.5299093431252412,11.171783087695404,10.962047015359955,27051.723093779954,0.00990282187089131,20.494900156280917,0.001381674924612164,0.006214788104847269,10.232475940138778,9.945760869893562
0.6490000000000005,0.5321848297778301,11.217985231490704,10.993388858325375,27051.55078440196,0.009937151947712497,20.497031596083296,0.0013898668363103162,0.006237887090827177,10.233481005207812,9.945522875346704
0.6500000000000005,0.5346199302403463,11.27124559747292,11.023780948473663,27051.395705961764,0.00997260133002531,20.499300545042377,0.0013981262331513866,0.006260730082922106,10.23453761222331,9.945270048819216
0.6510000000000005,0.5369016287349196,11.317086409069612,11.055122791439082,27051.256135365587,0.010007149164508233,20.50143938036718,0.0014064509764022959,0.006284019122631157,10.235547371121744,9.945031187364094
0.6520000000000005,0.539343267956542,11.370646717132436,11.085514881587368,27051.13052182903,0.010042750815786317,20.503713968902876,0.0014147952739906322,0.00630694392027914,10.236606185446842,9.944777731156465
0.6530000000000005,0.5416311916726981,11.416659834859296,11.116856724552788,27051.017469646125,0.010077298448479377,20.505858528336773,0.001423198575513318,0.006330189058073088,10.23761838094487,9.94453823039443
0.6540000000000005,0.544079383650339,11.470369707251118,11.147248814701074,27050.915722681515,0.010112759210055444,20.508139238902125,0.0014316132379339486,0.006353024930085327,10.238679994664956,9.944284050494115
0.6550000000000005,0.5463735459936387,11.51651511507665,11.178590657666494,27050.824150413366,0.010147077337197385,20.510289658532923,0.0014400752270373185,0.006376163135501212,10.239694908845689,9.944043859876079
0.6560000000000005,0.5488283047512841,11.570374852597203,11.209932500631915,27050.74173537203,0.010182288435802711,20.51257650141008,0.0014485406562243508,0.00639889098394103,10.240759328463792,9.943788942963158
0.6570000000000005,0.551253757014036,11.620289533726083,11.240324590780201,27050.667561834827,0.010217202098697586,20.514846451896663,0.0014572406737121124,0.006422084496184921,10.241826650367159,9.943535364056363
0.6580000000000005,0.5535573576249139,11.667835322809339,11.27166643374562,27050.600805651346,0.010251596586255352,20.51700195986622,0.0014657188880378147,0.0064454336315282745,10.24284059008469,9.943294729283526
0.6590000000000005,0.556022050797304,11.72194214690456,11.303008276711042,27050.54072508621,0.010286878522787202,20.519298008479343,0.0014742791925715926,0.006468061462220509,10.243908578172746,9.94303881345111
0.6600000000000005,0.558457375584632,11.772021715639196,11.334350119676461,27050.48665257759,0.01032178994176386,20.521577357460885,0.0014830947033112607,0.006491193866353273,10.244980462864358,9.942784120699757
0.6610000000000005,0.5609288113880572,11.824364775517044,11.364742209824746,27050.43798731983,0.010357168057856636,20.523885734609035,0.0014919242207229177,0.006514709964519472,10.246061529046369,9.942526339277087
0.6620000000000005,0.5632451047673956,11.871713622385563,11.396084052790167,27050.39418858785,0.01039179722325373,20.526054614200252,0.001500606302687113,0.006538222493397472,10.247082728610808,9.942284169315437
0.6630000000000005,0.5657231570427937,11.9262649364732,11.427425895755587,27050.354769729063,0.010427238304833442,20.528362681106387,0.0015093312025850625,0.0065609155417191145,10.248155851176247,9.942026872502124
0.6640000000000005,0.5681717580207845,11.97665962558357,11.458767738721006,27050.319292756158,0.01046213091373438,20.530654370023182,0.0015183052059181135,0.006583994965603135,10.249233236685104,9.94177075894103
0.6650000000000005,0.5706565820237818,12.029288924036756,11.490109581686427,27050.287363480544,0.010497318057498872,20.532975289515566,0.0015272819791527503,0.006607406233402058,10.250320077164146,9.941511502836237
0.6660000000000005,0.573144809724354,12.081532404609534,11.521451424651847,27050.25862713249,0.01053267864937868,20.535300842576014,0.0015363376878291257,0.006630974095518771,10.251410079656303,9.941251729327934
0.6670000000000005,0.5756035233447482,12.133038256785056,11.552793267617268,26810.23276441924,0.01056802731377432,20.53759919795315,0.0015453925668952317,0.00665458546895642,10.252487889220076,9.940995028098078
0.6680000000000005,0.5780985448991602,12.091022611578033,11.584135110582688,26594.209487977318,0.010601241390453098,20.540013149995865,0.0015502876003561927,0.006690201609092228,10.253749332718662,9.940700638848643
0.6690000000000005,0.5805640104379437,12.05056013154043,11.615476953548107,26399.788539179586,0.010633547724298753,20.542412847640207,0.0015487703494806992,0.006731679928626666,10.25502428664873,9.940406862314259
0.6700000000000005,0.5830658406209522,12.022075673590225,11.646818796513527,26224.80968526163,0.010668098689578742,20.544829625386434,0.0015418731537859554,0.006773495381882544,10.256284060764354,9.940110213758459
0.6710000000000005,0.5855380727934769,12.000050668238051,11.678160639478946,26067.32871673547,0.010703971779846555,20.54721309430235,0.0015319458282260778,0.006814128646536022,10.257516766923274,9.939817106596893
0.6720000000000005,0.5880467264088658,11.986254087629058,11.709502482444368,25925.595845061922,0.010740643520089133,20.549621904173677,0.0015214938836141112,0.006853107290892446,10.25874872910398,9.939522422466212
0.6730000000000005,0.5905257399594251,11.976889337235761,11.741794078226922,25798.03626055573,0.01077703312988304,20.552000617056898,0.0015128048295607877,0.006890303769004458,10.259960865703958,9.939233274789455
0.6740000000000005,0.5931686596909702,11.97819881108215,11.773135921192342,25683.23263450016,0.010813954697410089,20.554521307743016,0.0015076434635207248,0.006925665427861993,10.261224235064507,9.93893115617863
0.6750000000000005,0.5956877311945079,11.978324235247753,11.804477764157763,25579.909371050144,0.010849683178310365,20.556933210363244,0.0015065618652799206,0.0069601703711408835,10.262441298359711,9.938643925502806
0.6760000000000005,0.5981770988392331,11.984844155002776,11.835819607123181,25486.91843394513,0.010884927166990188,20.559304854327674,0.0015089901708839615,0.006993099847437567,10.26362338627162,9.938364532943469
0.6770000000000005,0.6007030312141319,11.99636731345844,11.868111202905736,25403.226590550617,0.010919636393844245,20.56170600786337,0.0015143113737439151,0.007024420355471239,10.264810801792619,9.938084158578826
0.6780000000000005,0.6033604155810179,12.014298573491066,11.899453045871155,25327.903931495555,0.010954436074566365,20.564226082095047,0.0015215492861140323,0.007055157134044587,10.266047998823874,9.937791736148075
0.6790000000000005,0.6058601715680624,12.029296767008814,11.930794888836576,25260.113538346,0.01098823219495726,20.56660559656625,0.001529243714053663,0.007086132338604001,10.267225662864965,9.93751579611712
0.6800000000000005,0.6083965788896795,12.051509400402281,11.96308648461913,25199.1021845114,0.011022539878764448,20.56900497204736,0.0015363300730882878,0.00711613018991103,10.268395540574693,9.937238680532293
0.6810000000000005,0.6110648840649543,12.078800692482778,11.99442832758455,25144.19196606026,0.011057620910781885,20.571525780319327,0.0015428145284237527,0.007145452852898582,10.269618345150285,9.936947895518838
0.6820000000000005,0.6135750627446376,12.10211390425959,12.026719923367104,25094.772769454237,0.011092059325497505,20.573907037703385,0.001548348231037111,0.007175091703241376,10.270784854437972,9.93667253124766
0.6830000000000005,0.6162507095658284,12.13543625536265,12.058061766332525,25050.295492508812,0.01112794989211291,20.576425935361613,0.0015531614323466836,0.007204021649354353,10.271996397409591,9.936382340451313
0.6840000000000005,0.6188012414541486,12.1640530480597,12.089403609297944,25010.26594325793,0.011163246926313042,20.578839708167227,0.0015578377633623797,0.007232914691617742,10.273170123786652,9.936103924966055
0.6850000000000005,0.621321877279245,12.196264414792486,12.121695205080497,24974.23934893214,0.011198549798074109,20.581215836401377,0.0015624967064151174,0.0072611042925526115,10.27431564797321,9.935830619898379
0.6860000000000005,0.6240085049360647,12.234657897192118,12.153986800863052,24941.815414038927,0.011234478793589575,20.58374133137794,0.0015679560522355307,0.007288440908805149,10.275523009812327,9.935541134443573
0.6870000000000005,0.6266989093436437,12.271768514161462,12.185328643828472,24912.633872635033,0.011270159718322237,20.586278205364565,0.001574510164745413,0.00731627728158224,10.27674409858808,9.935250562199908
0.6880000000000005,0.6292301805155379,12.306676084630169,12.217620239611026,24886.37048537153,0.011305174199016055,20.588666209147842,0.001581695101202596,0.007344251587054429,10.277895229406441,9.934977691983715
0.6890000000000005,0.6319279751931256,12.350062941863907,12.248962082576446,24862.73343683438,0.011341181519082921,20.59119549328262,0.0015896398204129913,0.007371091792989615,10.279095205809337,9.93469000173006
0.6900000000000005,0.634499798663584,12.38761078063865,12.281253678359,24841.46009315094,0.011376075706461042,20.593620563036016,0.0015982732898951468,0.007397879295170717,10.280260382830786,9.934414070329584
0.6910000000000005,0.6372050257233264,12.432457418319862,12.313545274141555,24822.31408383585,0.01141166134103494,20.596157163973658,0.0016071996194840232,0.00742429019576224,10.281463821502712,9.934126163425876
0.6920000000000005,0.6398804999968215,12.474869400515567,12.344887117106975,24805.082675452264,0.011446919081371298,20.598674101390177,0.0016163976137683056,0.007450869275147043,10.282665787390666,9.933840427582016
0.6930000000000005,0.6424630947851715,12.516576219490364,12.37717871288953,24789.57440790704,0.011481801370412659,20.60110229551831,0.0016253625074488798,0.007477374087589084,10.283824479504087,9.933565015653322
0.6940000000000005,0.645179550645829,12.564115231111,12.409470308672082,24775.616967116337,0.011517425602653786,20.603646718030426,0.001634250956001393,0.00750314860910295,10.285026877215364,9.933276789009128
0.6950000000000005,0.6478998167054044,12.609807163631597,12.441761904454635,24763.055270404704,0.011552890851096898,20.606202585975822,0.001643255812176947,0.007529214513909865,10.286243014098613,9.932986931791572
0.6960000000000005,0.6506238972270241,12.656779499709284,12.47405350023719,24751.749743364235,0.011588630000874622,20.608759384252537,0.0016522035593664053,0.007555658131842002,10.287457232065645,9.93269711010887
0.6970000000000005,0.6533181171833327,12.703629524853124,12.50539534320261,24741.57476902781,0.01162446942177675,20.611287942989055,0.0016611580554739547,0.0075820274648272235,10.288657116176196,9.932410749355062
0.6980000000000005,0.6559188580461301,12.748868779012987,12.537686938985164,24732.417292125032,0.0116597972648535,20.613729435090832,0.0016700854384434916,0.007607919334955471,10.28981622532795,9.932134517109176
0.6990000000000005,0.6586542299190625,12.799484408675943,12.569978534767719,24724.17556291253,0.011695545806258756,20.616288754221053,0.0016792512298775542,0.007633037040094548,10.291021293471815,9.931845213032119
0.7000000000000005,0.6613934331735479,12.84797671939635,12.602270130550274,24716.758006621276,0.011730821134213976,20.618859877592342,0.001688841472713254,0.007658462947271294,10.292240725204,9.931554315670818
0.7010000000000005,0.6641364720941403,12.89753000204348,12.634561726332826,24710.08220595915,0.011766136479454903,20.621432143828915,0.0016986143544713284,0.00768425632236408,10.29345855447674,9.931263498658485
0.7020000000000005,0.6668833509697263,12.947679127779816,12.666853322115381,24704.073985363233,0.011801627186373564,20.624007017811806,0.001708569056549425,0.007710001918030396,10.294675818803048,9.930972655446734
0.7030000000000005,0.669634074093526,12.998193340601969,12.699144917897936,24698.666586826912,0.011837250670267363,20.626585196308188,0.0017186933634398271,0.007735632884433741,10.29589409555548,9.930681574512276
0.7040000000000005,0.672388645763101,13.049033451967876,12.731436513680489,24693.79992814422,0.011872938920460263,20.62916674995002,0.0017289437031643429,0.007761190854681299,10.297113600966389,9.930390189232828
0.7050000000000005,0.6751470702803557,13.100185258968404,12.763728109463042,24689.4199353298,0.011908623657338246,20.631751673235943,0.0017392742216042478,0.007786692067238199,10.298334300676153,9.930098481064402
0.7060000000000005,0.6778754387749067,13.150696066530308,12.796019705245596,24685.47794179682,0.01194403858597537,20.63430915760089,0.0017496026720788538,0.0078120835276225264,10.299542740866432,9.929809936255715
0.7070000000000005,0.6806415557381411,13.202922098302432,12.829261053845284,24681.93014761714,0.01197948481347133,20.636899153484435,0.0017599472014500073,0.007837203626527567,10.300763202864799,9.929517775833123
0.7080000000000005,0.6835440165751403,13.258331128624173,12.86155264962784,24678.737132855425,0.012015513962536695,20.63961538434688,0.0017705469294783671,0.007862473512377122,10.30204129598815,9.929211160586574
0.7090000000000005,0.6863180225877885,13.308481235106523,12.893844245410392,24675.863419569883,0.012050926784720861,20.642220979919486,0.001781204091972799,0.00788850555914572,10.303278238852952,9.928916950369505
0.7100000000000005,0.6890959031602859,13.361675179488117,12.926135841192947,24673.277077612896,0.012086716632842165,20.64482065714109,0.0017917143502062527,0.00791416302600867,10.304501925819396,9.928623876735301
0.7110000000000005,0.6918776626208233,13.414491318560017,12.958427436975501,24670.94936985161,0.012122346430147923,20.64742576906045,0.001802336500359214,0.007939256296532748,10.305729126601053,9.928330209583363
0.7120000000000005,0.6946633053019619,13.467297456808925,12.99166878557519,24668.85443286645,0.012157647978892794,20.650035073790274,0.001813054418345561,0.00796420432649858,10.306959333188896,9.92803597292037
0.7130000000000005,0.6975860869776819,13.523945676720022,13.023960381357744,24666.968989579807,0.012193468866827983,20.65276905447016,0.0018240215897037948,0.007989264455723899,10.308244039614017,9.927727524504247
0.7140000000000005,0.7003796631217027,13.575102675217988,13.056251977140297,24665.272090621827,0.012228535150678344,20.655392281547385,0.0018350816757302657,0.008014975370586985,10.309487915402643,9.927431533154358
0.7150000000000005,0.7031771356686373,13.62921454956995,13.089493325739985,24663.744881559644,0.012263878096353376,20.658009775391765,0.001846003994478096,0.00804029075084084,10.310718947565709,9.92713660304804
0.7160000000000005,0.7061464067436621,13.687507319638016,13.121784921522538,24662.37039340368,0.012300045546910277,20.660785421227203,0.001857253168348505,0.00806525750430448,10.312020382077172,9.926823624900178
0.7170000000000005,0.7089518660160714,13.738593716227928,13.154076517305093,24661.13335406331,0.012335220764449428,20.6634213418767,0.0018686132153168944,0.008091011016556626,10.313271737751224,9.926526237687222
0.7180000000000005,0.7117612349344907,13.793335081751492,13.187317865904781,24660.02001865698,0.01237066995973174,20.66604915877845,0.0018797609719110597,0.008116341386150638,10.314506668154012,9.926230229118154
0.7190000000000005,0.7147087079366847,13.851171340011842,13.219609461687334,24659.01801679128,0.012406603617785394,20.66880498221969,0.0018911666547984374,0.008141162485056919,10.315799085385938,9.925919587325025
0.7200000000000005,0.7175260642129693,13.903168861705929,13.252850810287022,24658.116215112153,0.01244152575159957,20.671450196261944,0.0019026479818546882,0.008166540604570893,10.317052532219114,9.92562123599458
0.7210000000000005,0.7204818493060612,13.961794638135231,13.285142406069577,24657.30459360094,0.012477324354077557,20.6742119630214,0.001914127337305338,0.008191720449994888,10.31834671149518,9.925309889787362
0.7220000000000005,0.7233072110729266,14.0142343468303,13.318383754669265,24656.574134240847,0.012512217226042788,20.676863943550984,0.0019256906280550323,0.00821705839930953,10.319601914700936,9.925010898443608
0.7230000000000005,0.7262713270681946,14.073112216358403,13.35067535045182,24655.916720816764,0.012547948421163357,20.679633411656816,0.0019372822719628258,0.008242100720316337,10.320899410542639,9.924698704455366
0.7240000000000005,0.7291391045618846,14.126708400695634,13.383916699051507,24655.32504873509,0.012582937318420861,20.682324167991954,0.0019490144214770466,0.008267371462521489,10.322171733681808,9.92439529170714
0.7250000000000005,0.7321115976321774,14.18529534824415,13.416208294834062,24654.792543861582,0.01261859652529479,20.68510316139687,0.0019607871690356937,0.008292555523228218,10.323475484623255,9.924081972593715
0.7260000000000005,0.7349530514904348,14.238357566646823,13.44944964343375,24654.313289475424,0.012653391010914505,20.687769517074003,0.0019726032555523743,0.008317844832033294,10.324736585794618,9.923781421961873
0.7270000000000005,0.7379339132439696,14.297733973255546,13.482690992033437,24653.88196052788,0.012688957017313596,20.69055439614479,0.001984456866592099,0.008342730839711932,10.32604067409184,9.923467521032606
0.7280000000000005,0.7409190474576678,14.354519926738504,13.51498258781599,24653.493764475093,0.01272429323113139,20.693352243355996,0.0019965876725359655,0.008367947935666642,10.327360035392417,9.92315189222855
0.7290000000000005,0.7438072039519463,14.409220808024632,13.548223936415678,24653.144388027584,0.012759203384924034,20.69606006814094,0.0020086332668148854,0.008393486043394571,10.328638773609837,9.92284662490259
0.7300000000000005,0.746800762853857,14.468531501370805,13.581465285015366,24652.829949224826,0.012794761762833673,20.698858051492095,0.002020724000621421,0.008418511842025411,10.329949884147243,9.922531275209025
0.7310000000000005,0.7497986088022075,14.525820023781176,13.61375688079792,24652.546954302343,0.012830105561926652,20.701667108569737,0.002033049500458184,0.00844370882073725,10.331273637151519,9.922214443382538
0.7320000000000005,0.7526644816269085,14.57989415463806,13.646998229397608,24652.29225887211,0.01286470048740318,20.704354872837584,0.002045240984901442,0.008469061263796984,10.332543556710554,9.92191153436297
0.7330000000000005,0.755705389937498,14.640973800636598,13.680239577997297,24652.063032984897,0.012900176162579768,20.707194476916538,0.0020575046752806525,0.008493746643064237,10.333871063504876,9.921591454166254
0.7340000000000005,0.7587159910224536,14.697818101334013,13.713480926596985,24651.85672968641,0.012935099058711708,20.710017904715592,0.0020700439827074923,0.008518868154882897,10.335204012804336,9.921272893455416
0.7350000000000005,0.7617308987227359,14.756073208946107,13.746722275196673,24651.67105671777,0.012970202223794136,20.712840990034856,0.002082568722636513,0.00854436188468527,10.336532995786646,9.920954471539975
0.7360000000000005,0.7647848369967559,14.815426937648626,13.779013870979227,24651.503951045994,0.013005662400851659,20.715699505169688,0.0020952109834969646,0.008569792715231617,10.337876598274178,9.920632111511233
0.7370000000000005,0.7676713232623568,14.869574325081501,13.812255219578914,24441.353555941394,0.013040178823639503,20.718407840686464,0.0021077627050552494,0.008595140940859614,10.339156902848636,9.920326969114175
0.7380000000000005,0.7707338177413309,14.819403360435624,13.845496568178602,24252.218200347255,0.01307191826949905,20.721378570548886,0.002115441096043724,0.008635128904952327,10.340705737339098,9.919960505685125
0.7390000000000005,0.7737658926971618,14.768104219590965,13.878737916778283,24081.996380312532,0.013101839495641532,20.7243473159325,0.0021155862829689287,0.008683034913440246,10.3422906210839,9.91959340594503
0.7400000000000005,0.7768022989030884,14.730554705956356,13.911979265377978,23928.79674228128,0.013134652698807314,20.727297190417527,0.0021093112117426815,0.008731705167745407,10.343837727088061,9.919227164369797
0.7410000000000005,0.7798778976854102,14.703643405217665,13.945220613977666,23790.917068053153,0.013170101820952351,20.730271063295532,0.0020994290783968306,0.008778600596546837,10.345375447526834,9.918858276327542
0.7420000000000005,0.7829230089933427,14.683106678738476,13.978461962577352,23666.82536124784,0.01320655741977117,20.733211506657433,0.002088824612203166,0.00882370943938704,10.346888898743266,9.918494737703728
0.7430000000000005,0.7860073782574438,14.671360971509595,14.01170331117704,23555.142825123057,0.01324358765987349,20.73617819993693,0.0020801743154129637,0.00886661775124259,10.34840037457342,9.918131013060083
0.7440000000000005,0.7890612146697447,14.664517013614574,14.044944659776728,23454.628542610753,0.013280041905981255,20.73911286565972,0.0020754704879125674,0.008907269672910889,10.349889622573784,9.917774514817182
0.7450000000000006,0.7921543745268106,14.665204264830553,14.078186008376417,23364.16568834968,0.013315903619079916,20.742074879335814,0.002075603619637101,0.008945719404490349,10.351378321903137,9.917418688524716
0.7460000000000006,0.7952169560874385,14.669632043188088,14.111427356976105,23282.749119514712,0.013350496582486993,20.745005913173564,0.0020804473278104307,0.008982420970709948,10.352846684025215,9.917069932680706
0.7470000000000006,0.7983189266904304,14.680526867296223,14.144668705575793,23209.474207563242,0.013384328689418745,20.74796536318391,0.002089029973354972,0.009017654639215944,10.354316708237054,9.916720867118668
0.7480000000000006,0.8013902734850188,14.694203100082595,14.178859806992618,23143.526786806917,0.013417179238814025,20.750894749401738,0.0020999935468666298,0.00905185400708719,10.355768724002274,9.916377405475872
0.7490000000000006,0.8046401335396548,14.717155139893364,14.212101155592306,23084.174108126226,0.013450662700157656,20.75397987776817,0.0021120698004675753,0.009085341134307867,10.357279954011297,9.916017363178938
0.7500000000000006,0.807720431557785,14.736305271813723,14.245342504191994,23030.756697313605,0.013483249178785017,20.756916801160685,0.002123982871846064,0.009118930129482394,10.358731793175814,9.915675073820946
0.7510000000000006,0.8108402511141815,14.763259304509983,14.278583852791682,22982.681027582246,0.013516743904145423,20.759873731056857,0.002134727442025919,0.009151614400746855,10.360173885267049,9.91533106870155
0.7520000000000006,0.8139645179947944,14.791891438384726,14.31182520139137,22939.41292482402,0.013550473561282916,20.762836040807052,0.002144354338857457,0.00918335611156218,10.361617747379363,9.914986539628629
0.7530000000000006,0.817058046381897,14.822222048815629,14.346016302808192,22900.471632341618,0.013584199030105493,20.765767812703242,0.002152901346613778,0.009214651033876087,10.363045451793905,9.914645563449712
0.7540000000000006,0.8203310931551951,14.860178867891463,14.379257651407878,22865.424469107456,0.013619062527116754,20.76885819721728,0.0021610006043554786,0.009245544022665253,10.364536507240963,9.914286533303743
0.7550000000000006,0.8234336245316421,14.89288736326827,14.412499000007566,22833.88202219671,0.013653069616467062,20.771801243319064,0.002169118200097797,0.00927672502726784,10.365971142259637,9.913944965420452
0.7560000000000006,0.826575843458596,14.932154467591763,14.446690101424387,22805.49381997704,0.013687692864466028,20.774765664179828,0.002177516169722671,0.00930708979017797,10.36739826194642,9.913601889084957
0.7570000000000006,0.8298629416160795,14.975636567852158,14.479931450024075,22779.94443797934,0.013722835327068084,20.77786440355164,0.0021870745144078607,0.00933669733269149,10.368884948156145,9.913244083195597
0.7580000000000006,0.8330142797517471,15.014886984240878,14.513172798623764,22756.949994181407,0.013756956457686875,20.780845767149437,0.0021977812565477928,0.00936661425564661,10.370327431945583,9.912900610014418
0.7590000000000006,0.8361347407171982,15.057711028150283,14.547363900040585,22736.254994763265,0.013790982928631457,20.783787092965852,0.0022092946877144137,0.009395806321671696,10.371738415772262,9.91256285625576
0.7600000000000006,0.839435938951813,15.106466550536888,14.580605248640273,22717.62949528694,0.013825560653887847,20.78689152364951,0.002221880793874309,0.009424030552392382,10.373217464266414,9.912206939087445
0.7610000000000006,0.842600883300829,15.149666509422051,14.614796350057095,22700.866545758247,0.01385888194229662,20.789881772589105,0.0022351807201962948,0.009452581649326164,10.374657711865671,9.911864602317351
0.7620000000000006,0.8459115862710099,15.200799672078684,14.648037698656783,22685.77989118242,0.013893132067750946,20.792992577768956,0.0022487388585252788,0.009480859218511217,10.37613737514798,9.91150882974852
0.7630000000000006,0.8490502280656658,15.245651843301486,14.68127904725647,22672.20190206418,0.013926291611744246,20.795955425325555,0.002262381849892303,0.009508988304084198,10.377560417069171,9.911170498040015
0.7640000000000006,0.8522288258827553,15.295662559926278,14.715470148673292,22659.98171185776,0.013959778479740614,20.798942198849012,0.002275708658168507,0.0095363159679831,10.378980437717786,9.910829622342032
0.7650000000000006,0.8555537106589908,15.348873576100976,14.74871149727298,22648.983540671983,0.013993663077250695,20.80206593876175,0.002289103177147589,0.009563171408071225,10.380463462076992,9.910472844197672
0.7660000000000006,0.858741512446962,15.396946453293234,14.782902598689802,22639.085186604785,0.014026576428608661,20.805072169632005,0.002302377288327051,0.00959065232069628,10.381903960244081,9.910129653064818
0.7670000000000006,0.8620759569781978,15.452478382767783,14.817093700106627,22630.176667944306,0.014060602367418629,20.808200479336353,0.0023155260958754864,0.009617919861836577,10.38338512979794,9.909772562869689
0.7680000000000006,0.8654152776621076,15.505907806042147,14.850335048706315,22622.159001149877,0.014094615443701997,20.81134237817335,0.00232897736617671,0.009645354624583269,10.384881325910332,9.909414047522379
0.7690000000000006,0.8685813640480506,15.555884670507831,14.884526150123136,22614.94310103489,0.014127957998114227,20.81432426842421,0.0023424129287328843,0.009672917231089428,10.386305614180774,9.90907438495124
0.7700000000000006,0.8719302488394938,15.61398242563958,14.917767498722823,22608.4487909314,0.014162403537202606,20.81746167248375,0.0023560849753328506,0.009699501703650137,10.387784807140363,9.908717005358373
0.7710000000000006,0.8751412112363686,15.66511848168653,14.951958600139644,22602.60391183826,0.014195514125559361,20.820486477378118,0.0023701790221056784,0.009726081798991149,10.389228516033803,9.908372801066198
0.7720000000000006,0.8784997114710407,15.723376112566525,14.986149701556466,22597.343520654435,0.01422929410521201,20.823634828436354,0.0023845005122464236,0.009752494325166838,10.390715348542676,9.908014420263152
0.7730000000000006,0.8818631162223122,15.779338116255685,15.019391050156154,22592.60916858899,0.0142627113343472,20.82679695637962,0.002399280511287183,0.009779125907894037,10.392217437312034,9.90765462632239
0.7740000000000006,0.8850880911091938,15.832575828076383,15.053582151572975,22588.348251730094,0.01429542946139345,20.829830877787202,0.002414075370561153,0.00980592395954949,10.39366167780595,9.907309965333276
0.7750000000000006,0.8884611449621954,15.892310813719666,15.087773252989797,22584.513426557085,0.01432899618138439,20.832990822681918,0.002428972076929048,0.009831913585324925,10.395150391757003,9.906950856001497
0.7760000000000006,0.8918391204751029,15.949373508561118,15.121964354406618,22581.062083901375,0.014362165372552305,20.836165670576385,0.002444195770743618,0.009858033142225164,10.396656854003435,9.906589984908855
0.7770000000000006,0.8952220234391479,16.007353472594062,15.155205703006306,22577.955875511238,0.014395419924934316,20.83934278730223,0.002459474890611324,0.00988461546380548,10.398162890242457,9.906228911214532
0.7780000000000006,0.8984658153816101,16.062091951549775,15.189396804423131,22575.160287960116,0.01442804197919545,20.842392583161608,0.0024746283581159045,0.009910991763574017,10.399611581747173,9.90588289008713
0.7790000000000006,0.9018584126191421,16.123062388745396,15.223587905839953,22572.644259164106,0.014461406188376102,20.845569831774608,0.002489799241299606,0.009936526168987436,10.401106749703523,9.90552206322421
0.7800000000000006,0.9052919203829946,16.182184181983516,15.257779007256774,22570.379833247694,0.014494456211679607,20.848794909593686,0.00250529220954665,0.009962297396329478,10.402634440337645,9.90515556786361
0.7810000000000006,0.908694442160686,16.24067426384874,15.291970108673596,22568.341849922926,0.014527329186514393,20.851991584820915,0.002520854767946834,0.009988735029965723,10.404150571592062,9.904792448686731
0.7820000000000006,0.9121019202673245,16.300372144607255,15.326161210090412,22566.507664930636,0.014560433251378013,20.855189316434902,0.0025364696653408236,0.010015068106630276,10.405662608800922,9.904429445340375
0.7830000000000006,0.915514360531125,16.360132429378037,15.359402558690105,22564.856898437574,0.014593543550844579,20.858392092437732,0.0025522426322878156,0.010041097086318784,10.407176951924335,9.904065972070018
0.7840000000000006,0.9187866587209854,16.41623786715504,15.393593660106927,22563.371208593817,0.014625714515050903,20.861467744383134,0.0025679873366072914,0.010066795294834174,10.408636159241256,9.903717401960112
0.7850000000000006,0.9222088616155169,16.478526154895942,15.427784761523748,22562.034087734435,0.014658382971511008,20.864671918849496,0.002583799561186817,0.010091712511459294,10.410142540377834,9.903353818910254
0.7860000000000006,0.9256721857332872,16.53888892617367,15.461975862940573,22560.830678960992,0.014690564790345473,20.867924227853564,0.0025999522651533047,0.010116900112250415,10.411681630907148,9.902984553014136
0.7870000000000006,0.9291043829808423,16.598551880232982,15.496166964357394,22559.747611064893,0.014722492168923018,20.871148071986518,0.0026161689224704077,0.01014276358003996,10.413209215038876,9.902618666243129
0.7880000000000006,0.9325415714477675,16.659365108146122,15.530358065774216,22558.772849958405,0.01475465759689265,20.87437306249427,0.0026324137212225263,0.01016852814569319,10.414732833118101,9.902252849768765
0.7890000000000006,0.9359837569994831,16.72018330389274,15.564549167191037,22557.895564962564,0.014786890990779733,20.877603201481726,0.0026487806125839453,0.010194012845260947,10.416258907453376,9.90188652000481
0.7900000000000006,0.9394672055277364,16.782025400572877,15.598740268607859,22557.106008466308,0.014819294676746808,20.880871186678785,0.0026653152225739607,0.010219446123064413,10.417802023596707,9.901515778561114
0.7910000000000006,0.9429194325007536,16.84250814470826,15.63293137002468,22556.39540761968,0.014851441808741206,20.884112848884094,0.00268197295251954,0.010245014834485644,10.41933595457084,9.901148186371337
0.7920000000000006,0.9463766742165829,16.90389681266761,15.667122471441502,22555.75586685771,0.014883582129893436,20.887356476853043,0.0026986796147616676,0.010270455555037084,10.420867800981553,9.90078043913292
0.7930000000000006,0.9498752855497472,16.966212676894457,15.701313572858325,22555.180280171942,0.014915736797047607,20.89063835926337,0.002715527421851993,0.010295716164436308,10.42241670285444,9.90040825626583
0.7940000000000006,0.9533426041320904,17.027098190956508,15.73645442709228,22554.662252154747,0.014947467878935639,20.893894063050247,0.002732468975039204,0.010321035745988305,10.423956843921475,9.900039168469778
0.7950000000000006,0.9569620496509857,17.092709600010814,15.770645528509101,22554.196026939273,0.014979899564207977,20.897285494550143,0.0027496189954287487,0.010346383382753233,10.425553423978695,9.899654214803654
0.7960000000000006,0.9604760594123288,17.153160285812664,15.804836629925923,22368.776424245345,0.01501159314331707,20.900589649707968,0.002766960409478214,0.010372224254759643,10.427121308732753,9.899279639705643
0.7970000000000006,0.963958704437926,17.090924109188453,15.839027731342744,22201.89878182081,0.015038503979714068,20.90399524925846,0.002778907460165292,0.010416085739391734,10.428912358354015,9.898856093653166
0.7980000000000006,0.9674828984613821,17.03309463672172,15.873218832759566,22051.70890363873,0.015063856953633825,20.907455212460803,0.0027822458743286815,0.010468454805420746,10.430756362074483,9.898426331246789
0.7990000000000006,0.97097568009508,16.987492681953945,15.90740993417639,21916.538013274858,0.015092193001827847,20.91086688544742,0.002778745476080091,0.01052098951561975,10.43255275379224,9.89800052394595
0.8000000000000006,0.9745100822894348,16.95444160383405,15.942550788410346,21794.884211947374,0.015123584991735717,20.914299378900953,0.0027712155365299806,0.010571198267162518,10.434332765842575,9.89757240852717
0.8010000000000006,0.9781612187065182,16.932393568439334,15.976741889827167,21685.39579075264,0.015156966409952288,20.917830816520375,0.0027629262857287173,0.010619420633680265,10.436144486592134,9.897134577416894
0.8020000000000006,0.9817060364248105,16.913922080001527,16.01093299124399,21586.856211677376,0.015190329170051087,20.92126244297266,0.002756674485398014,0.010665898851042577,10.437906911654252,9.896711805045264
0.8030000000000006,0.9852193455984841,16.904222452681214,16.04512409266081,21498.17059050964,0.01522368141630831,20.924648542713015,0.0027544540156577146,0.010709506853864348,10.439627572591437,9.89629851712209
0.8040000000000006,0.9887744198592783,16.902169981456154,16.08026494689477,21418.353531458677,0.01525634601678827,20.928064663088243,0.0027576082896091925,0.010749955023421853,10.441348223704756,9.895886038945083
0.8050000000000006,0.9924835809297126,16.90892788288758,16.114456048311588,21346.51817831281,0.01528833697428833,20.931617376213183,0.002766362163936331,0.010788451656990772,10.443122086064525,9.895461471182962
0.8060000000000006,0.9960124104718964,16.914281087535826,16.14864714972841,21281.86636048153,0.015318052068527377,20.93500763697434,0.002779582123627833,0.010826032447075695,10.444824701132298,9.895059678844756
0.8070000000000006,0.9995831140953375,16.929248966305625,16.183788003962366,21223.67972443338,0.015347410645227155,20.938416575082915,0.002795588805034499,0.010861791406123866,10.44651156162585,9.894658374328376
0.8080000000000006,1.003271681084028,16.950106807661037,16.217979105379186,21171.31175199004,0.015376477473885652,20.94193251711452,0.0028132453558358805,0.010895991860336907,10.448241869802606,9.894246304954855
0.8090000000000006,1.006852886744798,16.97034477462257,16.252170206796013,21124.180576791037,0.015404476849029847,20.94535278302036,0.002831003261711207,0.010929884511665822,10.449932569125357,9.893846559722162
0.8100000000000006,1.010439275336189,16.99666164554419,16.287311061029968,21081.762519111933,0.01543282524176548,20.94876465880683,0.0028476573167233177,0.010962917475915823,10.451604181270168,9.893448285171504
0.8110000000000006,1.014180906618056,17.029593599388555,16.321502162446787,21043.58626720074,0.015462180188151153,20.952315441853138,0.002863106005178473,0.010995066651762309,10.453332175199424,9.89303383560085
0.8120000000000006,1.017740943040897,17.058355798766016,16.356643016680742,21009.227640480665,0.015490831217387757,20.955706749514235,0.0028772206415669244,0.011027255065531982,10.454997077254069,9.892638443958633
0.8130000000000006,1.021493502586402,17.098247611017094,16.390834118097565,20978.304876432598,0.015521299719525705,20.959256299556912,0.0028903105476017488,0.011058743786986402,10.456712050530136,9.892224495537448
0.8140000000000006,1.025101025235137,17.133137177944658,16.425974972331524,20950.47438878934,0.015551063825946065,20.96268472560563,0.0029031874647894584,0.011089875488251189,10.458384388282326,9.891825602043555
0.8150000000000006,1.02886457005518,17.17711649430763,16.460166073748344,20925.426949910405,0.015582057002814065,20.966241113311995,0.002916316993206436,0.01112052493216742,10.46009774603894,9.89141211569227
0.8160000000000006,1.032482712616004,17.216465726670435,16.4953069279823,20902.884254919365,0.015612048178305471,20.969673631965566,0.0029303473133813207,0.011150777585400673,10.461764507601806,9.891014452458663
0.8170000000000006,1.036220193491582,17.26345723522019,16.52949802939912,20882.595829427428,0.01564266120318708,20.973201721458853,0.0029454498194336765,0.011180315391322582,10.463458735806476,9.890606332931332
0.8180000000000006,1.039848950963951,17.306885292873602,16.56463888363308,20864.336246484687,0.01567208899767547,20.976637892146417,0.002961859960969593,0.011209239407286353,10.465118841892629,9.890210287524273
0.8190000000000006,1.043634513552113,17.357786572233344,16.5988299850499,20847.90262183622,0.015701984643153366,20.980206939091513,0.0029794144178565407,0.011237588982734303,10.466826377259887,9.88979924842369
0.8200000000000006,1.047273941533298,17.4034848090963,16.633970839283855,20833.112359652598,0.015730462320934557,20.98365198408936,0.002997916190267569,0.011265707423187443,10.468488468826479,9.889403882998803
0.8210000000000006,1.051070567840291,17.45724925754377,16.668161940700678,20819.80112368734,0.015759680296918488,20.987227466605624,0.003016931789029731,0.011293292987429537,10.47019386155379,9.888993460341593
0.8220000000000006,1.05472069173582,17.505405362888222,16.703302794934633,20807.821011318607,0.015787670145743893,20.990679512935603,0.003036271511824118,0.011320581981819566,10.471854877666589,9.88859831689452
0.8230000000000006,1.058528408039934,17.56136358537153,16.73844364916859,20797.038910186748,0.01581656873533016,20.99426282589419,0.0030555680775674054,0.011347446721442445,10.473560465173074,9.888187639970194
0.8240000000000006,1.062341776359922,17.615295742546877,16.77263475058541,20787.335019168073,0.015845186340171735,20.997861313928684,0.0030749672768183856,0.011374361235439112,10.475282679542051,9.887775569312087
0.8250000000000006,1.066008085946487,17.666940486107492,16.807775604819366,20778.601517251267,0.01587324457655087,21.001322955981514,0.00309403221771426,0.011401439711193617,10.47694269654431,9.887379879923293
0.8260000000000006,1.069832584003006,17.72575318953487,16.84291645905332,20770.74136552614,0.01590238576823222,21.004918160925822,0.003112919605675668,0.011427677380918821,10.47864836522701,9.886968366535879
0.8270000000000006,1.073662754302517,17.782076818643702,16.877107560470147,20763.66722897353,0.015931117779576676,21.008529729308002,0.003132024089578578,0.011453919477721564,10.48037309572065,9.886555232329622
0.8280000000000006,1.077345307681063,17.8358793041227,16.912248414704102,20757.300506076175,0.01595909827128228,21.012004271862693,0.0031510488411810034,0.011480395697690993,10.482036110681848,9.886158546421695
0.8290000000000006,1.081186647585874,17.89670001423795,16.947389268938057,20751.570455468558,0.015987962829527913,21.015613072487806,0.0031702174562691643,0.011506054763948115,10.483745183621956,9.885746038752385
0.8300000000000006,1.085033680026595,17.954856203545507,16.981580370354877,20746.413409921704,0.0160162283594264,21.019238512659868,0.003189912307480114,0.011531697193403467,10.485473667325959,9.885331997847205
0.8310000000000006,1.088770044036889,18.01126152592508,17.016721224588835,20741.772068929535,0.016043797458963338,21.022760704556333,0.00320980729869641,0.011557595610579174,10.48715538601286,9.884930472380029
0.8320000000000006,1.092628317583893,18.07306358857523,17.05186207882279,20737.59486203658,0.01607198621875211,21.02638590096025,0.0032299961327791338,0.01158282561534102,10.488872133070627,9.884516904762592
0.8330000000000006,1.096492304052181,18.13285706036057,17.087002933056745,20733.835375832925,0.016099690044856507,21.030025051057077,0.003250679779148169,0.011607978920251949,10.490604181514305,9.884102078435388
0.8340000000000006,1.100362010316438,18.193525097102444,17.1221437872907,20730.45183824963,0.016127316534325864,21.03366746690458,0.0032716312945992865,0.011633414066044845,10.49233644634063,9.88368704885772
0.8350000000000006,1.104275077977042,18.255686636312273,17.156334888707523,20727.40665442467,0.016155157741853332,21.03734845012057,0.0032928519107287557,0.011658767483260835,10.494083858870273,9.883267726032466
0.8360000000000006,1.108001422102094,18.312843215047046,17.19147574294148,20724.665988982204,0.016181949654733463,21.040861670648912,0.0033140948024426575,0.011683850205932766,10.495760072895127,9.88286864024441
0.8370000000000006,1.111888163579386,18.37733024312014,17.226616597175436,20722.199390083984,0.016209561213946455,21.044508896910642,0.003335329076952609,0.011708014009576495,10.497481270970276,9.882453373936924
0.8380000000000006,1.11578065223132,18.438690816834416,17.26175745140939,20719.979451075586,0.016236428475547238,21.04817390634351,0.003356832093485862,0.011732151980054006,10.49922348745196,9.88203625910818
0.8390000000000006,1.119716655424472,18.501855958844835,17.296898305643346,20717.981505968026,0.016263316063371003,21.051876278539986,0.0033783921051528387,0.011756888503202612,10.500981069800734,9.881614695847878
0.8400000000000006,1.123620690883695,18.564014112875114,17.3320391598773,20716.183355371224,0.016290023926989805,21.055550802525904,0.003400020584140462,0.011781742897103709,10.502727064188829,9.881196745916546
0.8410000000000006,1.127568318212417,18.628166515871197,17.36718001411126,20714.565019834103,0.01631704104205034,21.0592619675296,0.0034217637526270384,0.011806364730568786,10.504485515397665,9.880774530365278
0.8420000000000006,1.131483928294581,18.690856558094207,17.40137111552808,20713.108517850695,0.016343758551289778,21.06294683079505,0.0034436962667045434,0.011830796404335986,10.506235277293822,9.880355664658532
0.8430000000000006,1.135249086433093,18.75062022414449,17.436511969762037,20711.797666065624,0.016369601738315198,21.066492249574228,0.003465575079190375,0.011854791067936132,10.507921366920536,9.879953484028924
0.8440000000000006,1.139213986938926,18.8176536939646,17.471652823995992,20710.617899459063,0.016396205975199196,21.07021097922874,0.0034875794103594315,0.01187791065510696,10.509673124435919,9.879530409045007
0.8450000000000006,1.143146796409223,18.88000360877085,17.506793678229947,20709.556109513156,0.01642174678854791,21.0739151346597,0.003509930396595251,0.011901362708277019,10.5114346130826,9.879109431695777
0.8460000000000006,1.147123390570708,18.944934495874485,17.541934532463905,20708.600498561842,0.016447433132253164,21.077653833343092,0.0035323666539596177,0.011925404764758174,10.513206758033695,9.878684323196637
0.8470000000000006,1.151067843994431,19.00861289388549,17.57707538669786,20547.74044870566,0.016472939995220426,21.08136520780851,0.003554955607325272,0.011949386299929643,10.514967894031237,9.878262818254253
0.8480000000000006,1.155056159916278,18.944326540191838,17.612216240931815,20402.966403835093,0.016492873594171453,21.085274203207934,0.0035724289444159507,0.011993284812616078,10.517013947397336,9.877776650189416
0.8490000000000006,1.159012285321714,18.88136150481121,17.64735709516577,20272.669763451584,0.016510555501604574,21.089176558384246,0.0035811064805900683,0.01204746823233166,10.519096967297308,9.877292458380577
0.8500000000000006,1.163012351170067,18.835076622856747,17.68249794939973,20155.402787106425,0.016532687252466705,21.093089311415156,0.0035830292828721855,0.012101660839340389,10.521147743270827,9.876805221111992
0.8510000000000006,1.167018318566972,18.79963011765256,17.717638803633683,20049.86250839578,0.016558445428334068,21.09699310269605,0.003581125634079918,0.012153019389368191,10.523171215993287,9.876319666792645
0.8520000000000006,1.17099202064939,18.7727491584109,17.752779657867638,19954.876257556203,0.016586031272069146,21.100855593959487,0.0035782968688823358,0.01220197948061802,10.52516085591874,9.875841341368458
0.8530000000000006,1.175009780364382,18.75585020856904,17.787920512101596,19869.388631800583,0.01661462468608632,21.10474546524391,0.003577457886504709,0.012248265179334361,10.527146048626975,9.875363221974052
0.8540000000000006,1.179033462898797,18.745831748640548,17.824011119152683,19792.449768620525,0.016642891285231554,21.108634111366054,0.0035809243792109813,0.012291817326052057,10.52912071057904,9.874889693398346
0.8550000000000006,1.183183444070226,18.745853671486273,17.859151973386638,19723.20479175847,0.016670796983195457,21.112628140872253,0.0035899852578730185,0.012332950248511332,10.53112842322573,9.874408146252389
0.8560000000000006,1.18721916371146,18.7474759535951,17.894292827620596,19660.884312582624,0.016696636190249137,21.11651708646028,0.003604700617856116,0.012372122577787914,10.533086329606023,9.873943974281227
0.8570000000000007,1.191260827740579,18.75735462156139,17.92943368185455,19604.795881324364,0.01672133818422239,21.120394480823425,0.0036240632597084876,0.012408968916625407,10.535018094709356,9.87348482277078
0.8580000000000007,1.195308443295905,18.771906672125862,17.964574536088506,19554.31629319193,0.016744544287537744,21.12427251648718,0.0036468636405884713,0.012443505770933838,10.536941647063781,9.873028684425373
0.8590000000000007,1.199362017523562,18.790943051416985,17.99971539032246,19508.884663872737,0.016766470626009777,21.128150693988143,0.003671475148623815,0.012476582243616197,10.538858524313515,9.872574570797209
0.8600000000000007,1.203383125505199,18.813291140491348,18.03485624455642,19467.996197485463,0.01678744586931341,21.131993923415333,0.003696341831157246,0.01250856706090775,10.540753163408743,9.872125947484111
0.8610000000000007,1.207448606269013,18.84100992909495,18.07094685160751,19431.19657773692,0.016808401912916937,21.13587021993923,0.003720357421834408,0.01253955626725095,10.542653247548664,9.871673928609098
0.8620000000000007,1.211680132451304,18.87523024982763,18.106087705841464,19398.076919963227,0.01683021431928372,21.13989607965295,0.0037431587816039724,0.012570129351413772,10.544616416568115,9.871204305538122
0.8630000000000007,1.21575778451781,18.906453571360117,18.141228560075422,19368.269227966906,0.016851662564659975,21.143786924730005,0.003764526055214157,0.012600944304492545,10.546526585735636,9.870751545260903
0.8640000000000007,1.219841431306874,18.94397917501337,18.176369414309377,19341.442305170218,0.016874371099939556,21.14766638946441,0.003784496388432923,0.012631009380903557,10.54841283113827,9.87030011403401
0.8650000000000007,1.223931080011791,18.98344380254725,18.211510268543332,19317.298074653198,0.01689759066427704,21.15155049440802,0.003803880268149318,0.012659815558464627,10.550298115845173,9.869848686364982
0.8660000000000007,1.228026737833711,19.024988655975484,18.247600875594422,19295.56826718788,0.016920919793076528,21.155438127078945,0.0038233019015601055,0.012688055000168952,10.552183229792316,9.869397406138773
0.8670000000000007,1.232289505565402,19.07249417500433,18.282741729828377,19276.01144046909,0.01694495137955554,21.15947505545861,0.0038434999104599576,0.012716114879476437,10.554130155405202,9.86892903327708
0.8680000000000007,1.236397408277927,19.11561937371629,18.31788258406233,19258.410296422182,0.01696783108869121,21.163378347371985,0.0038648428714123106,0.012744332952867643,10.556026510234618,9.86847834017481
0.8690000000000007,1.240511341988859,19.163909402499296,18.35302343829629,19242.569266779963,0.016990911386346175,21.167271886351315,0.0038872728921451327,0.012771716731318328,10.557901319711197,9.868029581820894
0.8700000000000007,1.244631313931091,19.213137275161387,18.38911404534738,19228.312340101966,0.01701343212598494,21.171171500178772,0.003911025586073036,0.012797711589107419,10.559777139382938,9.867581254227204
0.8710000000000007,1.248919253106316,19.267400917884153,18.424254899581335,19215.48110609177,0.01703596578115718,21.1752231154518,0.003936071504389127,0.012823253256776967,10.561718784905928,9.867115408943148
0.8720000000000007,1.253051529194783,19.316614769774386,18.459395753815294,19203.932995482595,0.017056934549312508,21.179141406326348,0.00396201541389074,0.012848997085546543,10.563611547513144,9.86666689352191
0.8730000000000007,1.257189865492357,19.370468985566113,18.49548636086638,19193.539695934338,0.01707801556383226,21.183050604762865,0.00398822764968082,0.012874074453513962,10.565483964847058,9.866219659032557
0.8740000000000007,1.261535706277431,19.42955020455753,18.530627215100335,19184.185726340904,0.017099683303183455,21.187149725678044,0.0040148595513326835,0.012898266899393773,10.567438542326833,9.865749994132807
0.8750000000000007,1.265686424114659,19.48145264889726,18.565768069334293,19175.767153706813,0.017119794586000214,21.191083471177244,0.004041576918727585,0.012922836551610195,10.56933557290479,9.865301090057809
0.8760000000000007,1.269843224238985,19.53851139835136,18.601858676385383,19168.190438336133,0.01714041122177129,21.195005434295688,0.004067857463186386,0.01294692602364661,10.571208633033805,9.864853238994012
0.8770000000000007,1.274169289283222,19.599474589805553,18.636999530619338,19161.37139450252,0.017161615890849635,21.199083494773102,0.004094126612988025,0.01297012289300109,10.573149821362279,9.864386803936153
0.8780000000000007,1.278377504890043,19.655391592183562,18.672140384853297,19155.234255052266,0.017181728564209076,21.203064719107193,0.004120380781841515,0.01299374785295987,10.575061600232244,9.863932610935596
0.8790000000000007,1.282552836009734,19.71390758787482,18.708230991904383,19149.71082954704,0.01720198166464898,21.20700449746685,0.004146384012152948,0.013017226845738916,10.576942983074023,9.86348326255001
0.8800000000000007,1.286898084670306,19.777132673409206,18.743371846138338,19144.739746592335,0.01722292482269111,21.211097452739146,0.0041726044574674215,0.01303998565121145,10.57888775620129,9.863015628347151
0.8810000000000007,1.291124975645694,19.835020616529732,18.77946245318943,19140.265771933104,0.017242708545354424,21.21509376656906,0.004199177766850637,0.013062997311748592,10.580803254783566,9.86256042110486
0.8820000000000007,1.295483134991554,19.899196746293633,18.814603307423386,19136.239194739795,0.01726328323112225,21.219198274634422,0.0042260514492399315,0.013086020531922204,10.582754156253088,9.862092059359894
0.8830000000000007,1.299683407044716,19.957601053363565,18.850693914474476,19132.615275265816,0.01728269108987085,21.223168038820873,0.004253364178939845,0.013108697483214304,10.58465459382173,9.861640900831123
0.8840000000000007,1.304093696040833,20.024350681283423,18.88583476870843,19129.353747739235,0.017303155922348157,21.22731664546842,0.004281094676582997,0.013130957031030455,10.58662011072325,9.861167852150885
0.8850000000000007,1.308306500571462,20.08278029843719,18.920975622942386,19126.418372965312,0.017321916475239618,21.231300544546446,0.004309310448596282,0.013153087817497466,10.58852926046858,9.86071580088094
0.8860000000000007,1.31256474896285,20.146585276588105,18.95706622999348,19123.77653566878,0.017341010912108934,21.235309906214255,0.00433758663327255,0.013174775400639271,10.590433028245975,9.860260183276349
0.8870000000000007,1.316955197327192,20.212299857857012,18.992207084227434,19121.398882101905,0.01736013297495731,21.239444822702573,0.004366250219082268,0.013195827308722874,10.592395365664176,9.859789785979283
0.8880000000000007,1.321226090626174,20.27331121429441,19.02829769127852,19119.258993891715,0.017378028553702407,21.24347886818865,0.004395094862853555,0.013217324249270967,10.594323816888,9.859332097944964
0.8890000000000007,1.325629559511693,20.340349624351603,19.06343854551248,19117.333094502545,0.01739668766047059,21.24762286191985,0.0044239761956182955,0.013238769927091443,10.596288540749757,9.858860842945898
0.8900000000000007,1.329913128438972,20.402231335391477,19.09952915256357,19115.59978505229,0.017414368989814688,21.251667266174778,0.004453000124779616,0.01325996549235181,10.598219028020504,9.858402353428115
0.8910000000000007,1.334369104710805,20.47079101357971,19.134670006797524,19114.03980654706,0.017432982354221527,21.255858860905708,0.004482129977930682,0.013281003607212127,10.600203899221356,9.857925660392553
0.8920000000000007,1.338625924806598,20.531628025308763,19.170760613848614,19112.635825892357,0.017450152055142665,21.259881379252306,0.004511420270891908,0.013301946694056377,10.602127465557906,9.857470292190154
0.8930000000000007,1.343095052102359,20.601526020379886,19.206851220899704,18971.37224330312,0.01746857532782775,21.264081733138756,0.004540792622243495,0.013322593010989148,10.604112469457496,9.856992729551584
0.8940000000000007,1.347570893380935,20.53413260435108,19.24199207513366,18844.23501897281,0.01747958487277118,21.268485244819793,0.0045655763895849355,0.013365044556859329,10.606414225853072,9.856446986486782
0.8950000000000007,1.351846852463276,20.465367486063222,19.27808268218475,18729.81151707553,0.017487347650751217,21.27272625158271,0.00458140474433627,0.01341938544334359,10.608686542690451,9.855923158357081
0.8960000000000007,1.356335892877643,20.420677358743077,19.313223536418704,18626.830365367976,0.017501375726498347,21.277116858340875,0.004590780028842112,0.013472746089454535,10.610970278355545,9.855378764703499
0.8970000000000007,1.360664225736032,20.379813980822618,19.349314143469787,18534.14732883118,0.017518301765485023,21.281358710601666,0.00459671737952233,0.013522426687981481,10.613178054933904,9.854854112036836
0.8980000000000007,1.365166531471213,20.35597281329489,19.384454997703752,18450.732595948062,0.017538702015125918,21.285732315236007,0.004601853197054306,0.013569607500166392,10.615413496934378,9.854315342947759
0.8990000000000007,1.369467987974221,20.332794747093153,19.42054560475484,18375.659336353256,0.017558800467238622,21.289924266844945,0.0046090510596909495,0.013614180154500777,10.617568121876213,9.853803331102135
0.9000000000000007,1.373983556928903,20.326327556392844,19.456636211805932,18308.093402717932,0.017580270747994065,21.294284467456542,0.004620358148863635,0.013655805168705293,10.619765877880894,9.85327455767939
0.9010000000000007,1.378505897037953,20.32294974918456,19.491777066039887,18247.28406244614,0.017600269649958922,21.298657058648423,0.004637375166396118,0.013694804454208176,10.621972338761891,9.852750015576177
0.9020000000000007,1.382866482979299,20.3230508409038,19.527867673090974,18192.555656201526,0.01761810400181646,21.302870186511733,0.004659833596535379,0.013731758612442468,10.624095532822933,9.852249425071006
0.9030000000000007,1.387402169147483,20.335916325882586,19.563958280142067,18143.300090581375,0.017635384657867237,21.307222477987068,0.004687103731351616,0.013765749260402194,10.626253439595368,9.851735379546971
0.9040000000000007,1.391944651206425,20.350579015006836,19.599099134376022,18098.970081523235,0.017650368418359763,21.31158751529332,0.004718230012246694,0.013797765187363142,10.628421906540108,9.851223760742027
0.9050000000000007,1.396324746380974,20.36684397281656,19.635189741427112,18059.073073370913,0.017663196696879935,21.3157955600996,0.0047512727553159495,0.013828592830122333,10.630512479794174,9.850733592331924
0.9060000000000007,1.400880623293126,20.39430254695517,19.671280348478202,18023.165766033824,0.01767625531249284,21.32014562004575,0.00478482583674944,0.013857474462447006,10.632642840219091,9.850227095244055
0.9070000000000007,1.405443320914807,20.422166820469982,19.706421202712157,17990.849189430442,0.01768829927791704,21.324510495241647,0.004818052306414133,0.013885334157752172,10.634788101377096,9.849720441835718
0.9080000000000007,1.409842996752813,20.45038877735154,19.742511809763247,17961.764270487398,0.017699654271700727,21.328719542260067,0.004849823999491687,0.01391283484003214,10.636858912252855,9.849233182433615
0.9090000000000007,1.41441913818435,20.488691858034795,19.778602416814337,17935.587843438658,0.017712591537040967,21.33307275439173,0.004879956762278703,0.013939068906574592,10.638972823639133,9.8487279800866
0.9100000000000007,1.419002125226831,20.526367258026564,19.813743271048292,17912.02905909479,0.017725509132739625,21.337442382288607,0.0049089560506693775,0.013964799694834829,10.641104486101506,9.848221807724705
0.9110000000000007,1.423421453396728,20.56347463909651,19.849833878099382,17890.826153185313,0.01773828017393958,21.34165693685527,0.004936895930784169,0.013990538864072477,10.643163676300755,9.847734904000692
0.9120000000000007,1.428017933368796,20.609848879658315,19.885924485150465,17871.74353786678,0.017752715474372183,21.346017430384865,0.004964470492007156,0.014015215829532301,10.645267901219961,9.847230188013723
0.9130000000000007,1.432661487442202,20.6557484371177,19.92106533938443,17854.5691840801,0.017766986117089933,21.350432117218165,0.004992695852560292,0.014039499103549569,10.647407397672529,9.846720524153685
0.9140000000000007,1.437100573617229,20.69884869314549,19.957155946435517,17839.11226567209,0.017780281736729353,21.3546581528381,0.005021692105900866,0.01406387711221313,10.649463574533694,9.846235092133659
0.9150000000000007,1.441717501105463,20.751474530687485,19.993246553486607,17825.201039104883,0.017794702879138535,21.35902819855189,0.005051794136497312,0.014087017957531311,10.651560922028503,9.845732400834706
0.9160000000000007,1.446341324286377,20.801978046783148,20.029337160537697,17812.680935194396,0.017808076791329452,21.363417469038673,0.005083509623151017,0.014109361374876728,10.653679376839797,9.845229375996972
0.9170000000000007,1.45101239310672,20.855492363824624,20.064478014771645,17801.41284167496,0.01782106238501935,21.367845422947816,0.005116585761299419,0.014131850679063473,10.655811824627438,9.844722577703973
0.9180000000000007,1.455477997202351,20.90517642002823,20.100568621822745,17791.27155750746,0.017832596149827573,21.37208628920994,0.005150622252488857,0.014153648468545776,10.657861287557132,9.844239991387758
0.9190000000000007,1.460122367773563,20.963578414974855,20.13665922887383,17782.144401756716,0.01784482105000068,21.37647384950663,0.005185297882754958,0.014174055713200018,10.659955974471245,9.843739244975438
0.9200000000000007,1.464814112759396,21.020208196384548,20.172749835924915,17773.929961581045,0.017856036964760236,21.38091846547047,0.005220670357667212,0.01419389852084113,10.662089893201337,9.84323288938608
0.9210000000000007,1.469472385442165,21.0769229939272,20.20789069015888,17766.536965422943,0.017866577892729496,21.385331580291293,0.005256206587802403,0.01421424698227336,10.664211195109685,9.842730860598527
0.9220000000000007,1.474005151128823,21.13270415840607,20.243981297209967,17759.88326888065,0.01787657476121196,21.38962494797289,0.005291506350076025,0.014234067315809507,10.666273090467023,9.842243766667014
0.9230000000000007,1.478677133718638,21.194282211969902,20.28007190426106,17753.894941992585,0.017887269041945875,21.39403618926746,0.005326574487685365,0.01425277590554147,10.668375357176917,9.841741856762901
0.9240000000000007,1.483396663381946,21.254674620515374,20.316162511312147,17748.505447793326,0.017897470604313792,21.398501464236507,0.005361670564382248,0.014271323767221178,10.670513018289107,9.841234097994503
0.9250000000000007,1.4880826159413,21.31474277928185,20.352253118363237,17743.654903013994,0.01790733312732795,21.40293600374457,0.005396682528844177,0.01429044643274685,10.672638795954382,9.840730440741254
0.9260000000000007,1.492816202731011,21.377484685621546,20.388343725414327,17739.289412712595,0.017917592798377735,21.40740885265828,0.005431739511351674,0.014309422337493494,10.67477482281738,9.840222303019234
0.9270000000000007,1.497516159564988,21.439122258177434,20.42348457964828,17735.360471441338,0.017927548430172746,21.41185374270556,0.005467063948883966,0.014327982114645477,10.676900826298713,9.839718224299688
0.9280000000000007,1.502089511980272,21.49904855274933,20.459575186699375,17731.824424297207,0.017936849826066137,21.416179961497896,0.005502565236688128,0.014345936177516616,10.678971490263187,9.839228859783617
0.9290000000000007,1.506844037816189,21.56536636975858,20.49566579375046,17728.641981867484,0.017946821678531177,21.42066277135981,0.005538428490685865,0.01436301919125954,10.681100298776999,9.838719989703057
0.9300000000000007,1.511564854939783,21.627694301555607,20.53175640080155,17725.777783680736,0.017955586798698187,21.42512882361375,0.005574877473591977,0.01438014137505672,10.683237010889686,9.838214406708875
0.9310000000000007,1.516333523708076,21.692777156220014,20.56784700785264,17723.20000531266,0.017964307652827805,21.42963253995874,0.005611704931755723,0.014397742680865577,10.685385206200712,9.837704274306915
0.9320000000000007,1.521109294542844,21.757695862895527,20.60393761490373,17720.880004781393,0.0179727403598951,21.434144785682694,0.005648995614999319,0.014415137974412962,10.68753796623443,9.837193832237148
0.9330000000000007,1.525851277063945,21.82222837387444,20.63907846913769,17718.792004303254,0.017980780084234926,21.438625467447046,0.005686656119816169,0.014432204724814712,10.689676120356285,9.836687636849163
0.9340000000000007,1.530465548858219,21.884724098201694,20.675169076188777,17716.91280387293,0.017988051814979922,21.442987165056486,0.005724458422460277,0.014448479198560238,10.691758899714305,9.836196178584737
0.9350000000000007,1.535262412409456,21.95340987219918,20.711259683239867,17595.221523485634,0.01799592791995669,21.447507210664075,0.005762438750382903,0.014463875265494475,10.693901319739147,9.835684770460713
0.9360000000000007,1.540066412604797,21.887341430487975,20.747350290290957,17485.69937113707,0.017995563050769825,21.452242789810825,0.0057961749826638265,0.014501701854616245,10.696366617299812,9.835101874502666
0.9370000000000007,1.544877558187037,21.824254461863354,20.783440897342047,17387.129434023365,0.01799259376867607,21.457005864251094,0.005821516506550828,0.014552384183524059,10.698889497207496,9.83451888208857
0.9380000000000007,1.549654783057619,21.776264636024028,20.819531504393137,17298.416490621028,0.017995010963099023,21.461704144121576,0.005841071764325412,0.014602681353951763,10.701343552338063,9.833942295369614
0.9390000000000007,1.554480210250665,21.742009986051038,20.855622111444227,17218.574841558926,0.018002779310532013,21.466422036561422,0.00585757398897907,0.014648625658493342,10.703771334381042,9.833364364537427
0.9400000000000007,1.559312809087103,21.71652533065857,20.891712718495317,17146.71735740303,0.018013319207036693,21.471135824910103,0.005873747086863446,0.014691529987328866,10.706183783861174,9.832790228191122
0.9410000000000007,1.564152588348851,21.699852191519607,20.927803325546407,17082.045621662728,0.0180252635806874,21.475842864674558,0.005892092877783306,0.014732029205012931,10.708578784959911,9.83222104208426
0.9420000000000007,1.568999556827644,21.691174289973866,20.963893932597493,17023.841059496455,0.018037412109826623,21.480544254797188,0.005914604568245163,0.014769749805441712,10.710956458326187,9.831657375829936
0.9430000000000007,1.57385372332504,21.68969665468413,20.99903478683145,16971.45695354681,0.01804862526602391,21.48524124708235,0.005942366571721258,0.014804561669157001,10.713318399697378,9.831099163585051
0.9440000000000007,1.578537094422945,21.690763847688075,21.03512539388254,16924.31125819213,0.018057274735245266,21.48977308658352,0.005975298340949842,0.01483634610676371,10.715595987469769,9.830565917328215
0.9450000000000007,1.583405450291921,21.704458720675564,21.07121600093363,16881.88013237292,0.018064772370586513,21.494452617593762,0.006012717027648051,0.014865062619931202,10.71791299449714,9.830017378466033
0.9460000000000007,1.588322388587182,21.72062184875207,21.10730660798472,16843.69211913563,0.018069426085537355,21.49918373163365,0.006053748463722031,0.014891843292625828,10.7202589688258,9.829466737279464
0.9470000000000007,1.593205237396956,21.74073454336586,21.14339721503581,16809.322907222067,0.018071902090358694,21.503876346316314,0.006096752820354268,0.014917839321790083,10.722581558326837,9.828923404597402
0.9480000000000007,1.598095328141334,21.76639549558018,21.1794878220869,16778.390616499863,0.018073395309098295,21.508563998365748,0.006140349157935987,0.014942312420467285,10.724887663745506,9.828382309969374
0.9490000000000007,1.602992669680775,21.79586413008461,21.215578429137988,16750.551554849877,0.018074264393784845,21.51325280875852,0.0061835536352523035,0.014965116433831083,10.72718719686905,9.827842251757904
0.9500000000000007,1.607897270885635,21.828818270409037,21.25166903618908,16725.49639936489,0.018074961894426755,21.517943165444937,0.006225673608918514,0.01498675991266446,10.729482181898508,9.827302628367692
0.9510000000000007,1.612850677532302,21.86591915392041,21.287759643240168,16702.9467594284,0.018076080760563717,21.522673031900542,0.00626645691165395,0.015007670405582652,10.731789179748787,9.826758560331264
0.9520000000000007,1.617769860547732,21.904394432268212,21.32385025029126,16682.652083485562,0.018077437846144906,21.527370056298324,0.006305982862607085,0.01502813263648245,10.734080250339847,9.826219236438682
0.9530000000000007,1.622696329930043,21.946413666470047,21.359940857342348,16664.386875137006,0.01807953975486376,21.53206606685186,0.006344550641007418,0.015048079017273785,10.73636260353063,9.825680302771785
0.9540000000000007,1.627630094589315,21.99068356737716,21.39603146439344,16647.948187623304,0.018082117566629363,21.5367658020365,0.006382741736400022,0.01506734707618168,10.73864279015736,9.82514163518224
0.9550000000000007,1.632612843843323,22.037986039206775,21.432122071444528,16633.153368860974,0.018085089899705087,21.541507162714545,0.006421162348456688,0.015086172720483682,10.740937991893247,9.824598669908438
0.9560000000000007,1.637561261779358,22.085698691431933,21.468212678495618,16619.838031974876,0.018087772679453107,21.546217182746503,0.006460303111357701,0.01510462389418249,10.743219433543157,9.824060907933106
0.9570000000000007,1.64255875414771,22.13702040072379,21.50430328554671,16607.85422877739,0.018090522227890926,21.550965546255576,0.006500498699754942,0.015122515293630678,10.74551035876975,9.82351931859536
0.9580000000000007,1.647521861244458,22.188246022187958,21.54039389259779,16597.068805899653,0.01809249546187741,21.555683744304883,0.006541979529501085,0.015139649774610409,10.74778859724739,9.822982983793917
0.9590000000000007,1.65253413277529,22.242691123453614,21.57648449964889,16587.361925309688,0.018094099571179467,21.560441200741575,0.006584716926972156,0.015156078912489546,10.750077878060743,9.822442643386102
0.9600000000000007,1.657511964996915,22.29674749872967,21.61257510669998,16578.625732778717,0.018094659341239328,21.565168948825384,0.006628599309309924,0.015171736566876537,10.752355327466042,9.821907330386763
0.9610000000000007,1.662539051818882,22.35377408327802,21.64866571375107,16570.763159500846,0.018094762944582565,21.569936436834297,0.006673341747536532,0.015186749477418493,10.754644517533752,9.821367675452109
0.9620000000000007,1.667531645209934,22.41017910876611,21.68475632080216,16563.686843550764,0.018093892168164538,21.5746745564711,0.00671868739636533,0.015201102498742514,10.756922543086608,9.820832680687158
0.9630000000000007,1.672573583532374,22.469347514107337,21.720846927853245,16557.31815919569,0.018092753618253687,21.57945284123127,0.006764321631327896,0.015214957899633785,10.759212996059064,9.82029294977484
0.9640000000000007,1.677622979309639,22.528624601665076,21.75693753490434,16551.586343276118,0.018091064780025645,21.58424021932812,0.006810101560633164,0.015228378322324376,10.761509444989677,9.819752826636906
0.9650000000000007,1.682637800331069,22.587994349013663,21.793028141955425,16546.427708948504,0.01808892665483325,21.588994505356425,0.006855802600243821,0.015241522288914733,10.763790108945498,9.81921712205885
0.9660000000000007,1.687702102105715,22.649790491159813,21.82911874900652,16541.784938053654,0.01808690226311066,21.593789878354013,0.006901384213069961,0.01525419902723496,10.766083823398562,9.818676365028956
0.9670000000000007,1.69277388867613,22.711407963465284,21.865209356057605,16537.60644424829,0.018084567630594683,21.598595021674676,0.006946947354038391,0.01526657872549475,10.768384790616027,9.818134977402035
0.9680000000000007,1.69781101897591,22.77290988663246,21.9012999631087,16533.84579982346,0.018081925605099303,21.603367365043518,0.0069924829235387675,0.015278828695061253,10.770670600876894,9.817597935913708
0.9690000000000007,1.702897766223283,22.836666379115876,21.937390570159785,16530.461219841112,0.018079435591060122,21.608181198693273,0.007038116037491993,0.015290702397069311,10.772969896883893,9.81705583996348
0.9700000000000008,1.707992025698967,22.900081286437917,21.973481177210875,16527.415097857003,0.01807657520322703,21.613005108110336,0.007084044048122795,0.015302308423467692,10.77527680777618,9.816513183352285
0.9710000000000008,1.713093806578009,22.964159721705116,22.009571784261965,16524.673588071302,0.01807345108584435,21.617834807129825,0.007130330866094048,0.015313831085791152,10.77758550410033,9.815970202619512
0.9720000000000008,1.718203118045701,23.028775743582415,22.045662391313055,16522.20622926417,0.018070041028790118,21.62267072647622,0.007177064295433799,0.015325054450212539,10.779895743053466,9.815426951204195
0.9730000000000008,1.723319969297579,23.093826454572852,22.081752998364145,16519.985606337752,0.0180662614122315,21.62751321533329,0.0072242937606791235,0.015335909558680305,10.782208231935424,9.81488336917705
0.9740000000000008,1.728402000709308,23.15834099019265,22.117843605415235,16407.98704570398,0.018061878349184435,21.63232386019129,0.007271973084055305,0.015346334499560632,10.784506507048171,9.81434420212191
0.9750000000000008,1.733533922610595,23.088433695817212,22.153934212466325,16307.188341133582,0.01804930462005938,21.63739530324376,0.007315803265096732,0.015380128214813271,10.787139676469607,9.813722772523477
0.9760000000000008,1.738673411912767,23.019505617757197,22.190024819517415,16216.469507020223,0.018033458642821465,21.64250444173267,0.007351703793699871,0.015426987493076916,10.789847052082573,9.813101937497569
0.9770000000000008,1.743820477852446,22.967291025108434,22.2261154265685,16134.8225563182,0.018023621925004008,21.647582995237467,0.007382546239972254,0.01547347982534314,10.792499653791559,9.812483210118941
0.9780000000000008,1.749017644882479,22.928878788468943,22.263155786436727,16061.340300686381,0.018019690683638512,21.652682264399893,0.00741097680229863,0.015515270146022608,10.795125285590231,9.811863722872381
0.9790000000000008,1.754366272267667,22.903026359138305,22.299246393487817,15995.206270617744,0.018019638495823387,21.657905832822493,0.007439656277666018,0.015554092388027407,10.797788665304793,9.811232725999673
0.9800000000000008,1.759536404056187,22.880158154457774,22.335337000538907,15935.68564355597,0.0180203165329319,21.662961489390128,0.007470881364929294,0.015590674086326806,10.800374262457648,9.81062838231112
0.9810000000000008,1.764714149845289,22.86936478309789,22.371427607589997,15882.117079200372,0.018022183739624775,21.66799452528178,0.007506208186695673,0.015623952570434418,10.802917007813557,9.81003071100487
0.9820000000000008,1.769899518923557,22.865308613244654,22.407518214641087,15833.905371280336,0.018023062006635004,21.673025435805172,0.0075467489335943605,0.015653154043341333,10.805445403305193,9.809438607162832
0.9830000000000008,1.77509252058993,22.867723410783896,22.443608821692177,15790.514834152304,0.01802170008829257,21.67805348857013,0.007592449631102338,0.01567941228480435,10.807961983356222,9.808851412184804
0.9840000000000008,1.78029316415372,22.87627143845775,22.479699428743267,15751.463350737073,0.018017605259033065,21.68307841921931,0.007642518021059086,0.015703237096782008,10.810465443445322,9.808268649494847
0.9850000000000008,1.78554423248658,22.891321015483335,22.515790035794357,15716.317015663366,0.018010902360762082,21.68813990740191,0.007695781388570688,0.01572491193647768,10.81297363458594,9.807684668912481
0.9860000000000008,1.790760224710409,22.90982402621514,22.551880642845443,15684.685314097029,0.01800146998250146,21.69316405778968,0.007750871044632068,0.015744684122965424,10.815459313531935,9.807108228797862
0.9870000000000008,1.795983886853744,22.93379092434014,22.587971249896537,15656.216782687326,0.017990361601431692,21.698183777684058,0.0078064308036738805,0.015762636442402167,10.817930511438638,9.806533822073106
0.9880000000000008,1.801258112602199,22.96263238922166,22.624061856947623,15630.595104418595,0.017978259014529208,21.703243365441296,0.007861523906629309,0.015778911310099064,10.820411760990627,9.805955690787771
0.9890000000000008,1.806497179639054,22.993542483786406,22.660152463998717,15607.535593976736,0.017965355249743076,21.708268091819345,0.007915478132531906,0.0157940911930603,10.822875496910228,9.805383004563605
0.9900000000000008,1.811743944711393,23.028738485785055,22.696243071049803,15586.782034579062,0.017952725104619593,21.71329040022239,0.007967942352274326,0.015808382718471403,10.825328412870011,9.804810834744687
0.9910000000000008,1.817041412605819,23.067752667613696,22.732333678100897,15568.103831121156,0.017940760829552982,21.71835449268554,0.008019091965754066,0.015821864331954594,10.827794392460484,9.80423400415054
0.9920000000000008,1.822303638993485,23.107875102458536,22.768424285151983,15551.29344800904,0.017929156923190026,21.723385307418965,0.008069283143569528,0.015834942956338083,10.830245377837691,9.803662242722677
0.9930000000000008,1.827616661237346,23.152333799386952,22.80546464502021,15536.164103208137,0.017918565445716794,21.728454366143872,0.008119011435012202,0.015847659864989205,10.8327046075216,9.803086119678778
0.9940000000000008,1.833084427381906,23.20135577303793,22.8415552520713,15522.547692887323,0.017908912468934557,21.73366408631443,0.008169105328875936,0.015860126627895488,10.835224273408294,9.80249379896954
0.9950000000000008,1.838413290844926,23.2471775975996,22.87764585912238,15510.29292359859,0.017898505834484324,21.738753601125143,0.008220074885276263,0.01587261808296092,10.837699646381134,9.801918887232057
0.9960000000000008,1.843749983576824,23.298065368321335,22.91373646617348,15499.263631238731,0.01788863365113663,21.74383358723051,0.008272096472459134,0.01588433754050078,10.8401525192901,9.801345356027205
0.9970000000000008,1.849051295731438,23.349187956994033,22.949827073224565,15489.337268114858,0.017878084141278672,21.74888117490245,0.008325486178855812,0.01589434630570763,10.842588527123798,9.800777421098802
0.9980000000000008,1.854403638356971,23.40318852793983,22.98591768027566,15480.403541303373,0.017866835335846598,21.753971043850196,0.00838020554635871,0.015903326525602834,10.84503895783425,9.800204983363834
0.9990000000000008,1.859763838876697,23.457655520029466,23.022008287326745,15472.363187173036,0.01785432909407697,21.759070056390925,0.008436113043421567,0.015911676413283504,10.847495492341311,9.79963285642918
1.0000000000000007,1.865088575538934,23.51266250787051,23.05809889437784,15465.126868455733,0.01784062629535421,21.764134237933707,0.008492832295090957,0.015919569766147834,10.849934444143983,9.799066004784628
1.0010000000000006,1.870377745797518,23.568676878372163,23.094189501428925,15458.614181610159,0.017826015419247387,21.76916116519336,0.00854997203764124,0.01592659947466879,10.852351150192149,9.798504249110774
1.0020000000000004,1.87571805914636,23.6271172067967,23.130280108480015,15452.752763449143,0.017810910002287517,21.774231199321243,0.008607281560431335,0.015932709131711353,10.854782131985305,9.797937303248936
1.0030000000000003,1.881066193768961,23.68551884150891,23.166370715531105,15447.47748710423,0.01779501746016532,21.779311416788886,0.00866459532840741,0.015938369899451077,10.857221130019697,9.797369827612924
1.0040000000000002,1.88642215918486,23.744963486327826,23.202461322582195,15442.729738393808,0.017778774899759042,21.784396949469595,0.00872173900592177,0.015943934516412517,10.859661167774728,9.796801982802748
1.0050000000000001,1.891742446391735,23.80437395089205,23.238551929633285,15438.456764554427,0.01776225015820404,21.789448719186286,0.008778655414344139,0.01594916053554818,10.862084761217684,9.796238736639026
1.006,1.897114064456921,23.86613276099898,23.27559228950151,15434.611088098984,0.017745980208930257,21.794543306367654,0.008835424649365042,0.015953958696204917,10.86452235425267,9.79567009079646
1.007,1.902686838543379,23.931725058627116,23.3116828965526,15431.149979289086,0.017730227401112852,21.799824051522307,0.00889246522587206,0.015958792170871428,10.867043964849675,9.79507887574412
1.0079999999999998,1.908074436674722,23.990963153955214,23.34777350360369,15428.034981360179,0.017713117656482424,21.804948339058438,0.008949914775369827,0.015964081293269095,10.869512214703423,9.794509417342299
1.0089999999999997,1.91346991361436,24.05495441443884,23.38386411065478,15425.231483224161,0.017696744979253942,21.81006115255847,0.009007659687058633,0.015968937297422103,10.871955121930979,9.79394034697674
1.0099999999999996,1.91887327894591,24.118743347789824,23.419954717705867,15332.708334901745,0.017680060818676124,21.81518377704336,0.0090660093328363,0.015972282052706177,10.874401891017412,9.793370885346183
1.0109999999999995,1.924284542263653,24.058198972379937,23.456045324756957,15249.43750141157,0.017654962532435536,21.82052935885078,0.00912156985427276,0.015997494251358324,10.877156593892382,9.792726317758063
1.0119999999999993,1.929703713172556,23.99904770769624,23.492135931808047,15174.493751270413,0.01762668060954925,21.825908666796014,0.009170521466019266,0.016035355888594616,10.879980156623077,9.79208352737372
1.0129999999999992,1.93513080128828,23.95532562186537,23.528226538859137,15107.044376143373,0.017604262063090903,21.831258606876013,0.009215754761535078,0.016072635197320273,10.882751324417077,9.79144310739145
1.0139999999999991,1.940565816237191,23.923555499469202,23.564317145910227,15046.339938529036,0.017587451756767236,21.83659111319972,0.009259520096584428,0.016105030331139747,10.885479898923633,9.790807015364901
1.014999999999999,1.94600876765637,23.90117398918079,23.60040775296131,14991.705944676132,0.01757400129198794,21.84191457561577,0.009303826853785058,0.01613408574403663,10.88818580294625,9.790175852013846
1.015999999999999,1.951459665193624,23.887161171783667,23.636498360012407,14942.53535020852,0.017562352738078157,21.847231003425104,0.009350568762246325,0.016160571330966156,10.890874235672413,9.789550152464859
1.0169999999999988,1.956918518507504,23.880814955314143,23.672588967063497,14898.281815187669,0.01755123183639712,21.852541281683052,0.00940115421566734,0.016184384896022586,10.89354572673702,9.7889301425235
1.0179999999999987,1.962385337267307,23.881435023398797,23.708679574114587,14858.453633668902,0.017539386970062687,21.857846517302377,0.009456249458719757,0.01620543239730532,10.896201245751458,9.788315546856756
1.0189999999999986,1.967860131153093,23.88835333060576,23.744770181165677,14822.608270302011,0.017525747425792992,21.863147881173806,0.009515776658465536,0.01622378559573112,10.898842368978942,9.78770577673056
1.0199999999999985,1.973342909855694,23.900964695546136,23.780860788216767,14790.34744327181,0.017509610657293895,21.8684464519854,0.009579069830431275,0.016239594765597165,10.90147080911824,9.78710010933791
1.0209999999999984,1.978877807125186,23.919639090333984,23.817901148084992,14761.31269894463,0.017490867130700194,21.873783314246687,0.009645145455509208,0.016253116843645832,10.904105569795966,9.786492719862634
1.0219999999999982,1.984573734909687,23.94543941673559,23.85399175513608,14735.181429050168,0.017469894772546235,21.87926144140245,0.00971306171683356,0.0162649238957413,10.90679589810479,9.785870410264451
1.0229999999999981,1.990080820546647,23.96920508194087,23.890082362187172,14711.66328614515,0.017445553861314245,21.884570146975207,0.009781686802812162,0.016275301056177582,10.90941667415954,9.785272751200477
1.023999999999998,1.995640169532501,24.00172739576215,23.92617296923826,14690.496957530637,0.017420628885695455,21.8899018476437,0.009849926775310491,0.01628377281968313,10.912020718783626,9.784671716284004
1.024999999999998,2.001163351107143,24.03528278996008,23.962263576289352,14671.447261777574,0.01739433266578544,21.89520128832237,0.009917349410691223,0.016289830951737694,10.914609257094702,9.784076324231357
1.0259999999999978,2.006738891917979,24.07346126766321,23.99835418334044,14654.302535599816,0.017367716431802183,21.900540317520925,0.009983562884657071,0.016294845622676524,10.917208435829103,9.783475996928665
1.0269999999999977,2.012278208586268,24.112672026885544,24.034444790391532,14638.872282039834,0.017340750952124617,21.90584546597195,0.010048533951282745,0.016299220250318935,10.91979243037897,9.782880945420679
1.0279999999999976,2.017825588382645,24.15533730869069,24.07053539744262,14624.985053835851,0.01731432298324448,21.91114961361782,0.010112388738041433,0.016303243835671277,10.922367700114068,9.7822861347468
1.0289999999999975,2.02342547155847,24.201080709463227,24.1066260044937,14612.486548452267,0.01728862021133082,21.916498264492528,0.010175605462355297,0.016306850050613608,10.924958334104968,9.781686439511814
1.0299999999999974,2.028989045313009,24.247240709146464,24.1427166115448,14601.23789360704,0.017263152247094016,21.92181383849968,0.010238671802175414,0.016310260727052106,10.92753539175786,9.781092150566884
1.0309999999999973,2.034605218773132,24.297168375565825,24.17880721859589,14591.114104246337,0.017238465069303155,21.927169894251467,0.010302057543674359,0.016313401495066937,10.930122273054941,9.780493316876528
1.0319999999999971,2.04022957139686,24.34796950638633,24.21489782564698,14582.002693821703,0.017213797158265376,21.932534398803824,0.010366277005352365,0.016316023419421455,10.932713343229118,9.779895076502612
1.032999999999997,2.045817529154932,24.399594842260804,24.25098843269807,14573.802424439533,0.017188826016552805,21.937862576975792,0.010431555600084685,0.016318148982357172,10.935285746715591,9.77930261861952
1.033999999999997,2.051458231454663,24.454345609522044,24.28707903974916,14566.42218199558,0.017163728743935514,21.943232998347654,0.010498050117213054,0.016319445497537666,10.937869478638913,9.778705683275813
1.0349999999999968,2.057107142713096,24.509453481827826,24.32316964680025,14559.779963796022,0.017137693210493132,21.9486130969098,0.010565832270296116,0.016319930047020426,10.940459377547116,9.77810919508147
1.0359999999999967,2.06271957346247,24.564985960157788,24.359260253851335,14553.801967416419,0.017110571473529457,21.953957571076476,0.010634688095207179,0.01631977052146044,10.943031780361423,9.77751824694073
1.0369999999999966,2.068384893986984,24.62329927784625,24.39535086090243,14548.421770674777,0.017082796649098175,21.959345066998527,0.010704412193608293,0.0163187283232199,10.945616511473878,9.776922419894849
1.0379999999999965,2.074058453364769,24.68164954933902,24.431441467953515,14543.5795936073,0.017053837391527882,21.96474289062337,0.010774830772342092,0.01631690959091886,10.9482084012523,9.776326570595081
1.0389999999999964,2.079740261593934,24.741054841759848,24.46753207500461,14539.221634246569,0.017023973167407336,21.97014630821114,0.01084566983245433,0.016314637570063184,10.950801295725526,9.775730633195248
1.0399999999999963,2.08543032868371,24.80135594424802,24.503622682055695,14535.299470821912,0.01699338661091221,21.97555583394472,0.010916745469443379,0.016311769605496962,10.953394885586118,9.775134540475058
1.0409999999999962,2.091128664654458,24.86241047482132,24.53971328910679,14531.769523739722,0.01696219700662005,21.98097193335944,0.010987935395148973,0.016308327333527495,10.955990106800856,9.774538124738756
1.041999999999996,2.096835279537677,24.92414321279435,24.575803896157876,14528.59257136575,0.016930526926067835,21.98639479069829,0.011059178569740924,0.016304399539908143,10.958587381764623,9.773941303642973
1.042999999999996,2.102505213345169,24.98557691331463,24.611894503208966,14525.733314229175,0.01689832797289048,21.99178363054311,0.011130421088868914,0.01629999915815533,10.961169207419514,9.773349211685817
1.0439999999999958,2.108228377402077,25.049219086320427,24.647985110260056,14523.159982806259,0.0168661440728739,21.99721710153165,0.011201703135285623,0.01629516565993333,10.9637659373354,9.77275143848022
1.0449999999999957,2.11395985049947,25.112431424419622,24.684075717311146,14435.843984525633,0.016833496464400077,22.00266190463745,0.011273165175737954,0.01629006455009796,10.966371455465147,9.772153152567402
1.0459999999999956,2.119744729215927,25.047215287171575,24.720166324362236,14357.259586073069,0.016792374391177034,22.00839307718774,0.011341958581710554,0.01630889131891461,10.969321221670986,9.771467483661768
1.0469999999999955,2.125492889524813,24.98149320312254,24.75625693141332,14286.533627465762,0.01674804037204669,22.01412339041537,0.011404294295897899,0.01634161043342902,10.972334449834726,9.770790170884585
1.0479999999999954,2.131249389169817,24.93297317447243,24.792347538464416,14222.880264719186,0.016711049829529978,22.019816401435744,0.01146361735904522,0.016373431660363313,10.975284416032352,9.77011583554451
1.0489999999999953,2.137014238260763,24.89687717444756,24.828438145515506,14165.592238247267,0.016680786236693834,22.025490128944117,0.01152239839778929,0.0163992280240845,10.978187136256413,9.769446784988515
1.0499999999999952,2.142787446918711,24.870542533848365,24.864528752566585,14114.03301442254,0.01665450649691652,22.031153601590116,0.011582628177636722,0.01642118443570112,10.981065570875867,9.76878354317536
1.050999999999995,2.148569025275967,24.852954980989004,24.900619359617686,14067.629712980288,0.016630365689179027,22.0368088016963,0.011646065782331627,0.016440441329630795,10.983925157125892,9.768126643856295
1.051999999999995,2.154404303827413,24.84430930477265,24.936709966668772,14025.866741682259,0.016607018660835082,22.042497867635266,0.01171395515052881,0.01645703681498678,10.986784028098807,9.767470968585371
1.0529999999999948,2.160202691117833,24.841322341768233,24.972800573719866,13988.280067514033,0.016582512906247182,22.0481429427119,0.011786713332778309,0.01647086022942934,10.989612910564404,9.766826565863878
1.0539999999999947,2.166009478605814,24.845890901488296,25.008891180770952,13954.452060762631,0.016556086389980296,22.053778869200254,0.011863948598344998,0.0164818038212613,10.992419608977118,9.766187407342077
1.0549999999999946,2.171870114199006,24.857164509206676,25.044981787822046,13924.006854686368,0.016526793686160723,22.059453271342914,0.011944872078447688,0.016489768069871236,10.995230637656238,9.765547306180645
1.0559999999999945,2.177693771819582,24.872107433415348,25.080122642056,13896.606169217732,0.01649372499973506,22.065087579370434,0.012028295086051022,0.016495171572939116,10.998018110126178,9.764915885247902
1.0569999999999944,2.183319574411843,24.888741514037882,25.116213249107087,13871.94555229596,0.016456848005427793,22.070528494457772,0.012112651621739301,0.016497863463860396,11.000708234535946,9.76431086838395
1.0579999999999943,2.18920539049628,24.917947428268015,25.15230385615818,13849.750997066363,0.01641872605147815,22.076183277198936,0.012196847921143061,0.016497842940285667,11.00346474484773,9.763678169180873
1.0589999999999942,2.195054142419173,24.94503493526888,25.188394463209267,13829.775897359727,0.016377139750272218,22.081820588754656,0.012280287318336136,0.016496200563825336,11.006232177794637,9.763051648448469
1.059999999999994,2.200956988535486,24.978353640601267,25.22448507026036,13811.798307623754,0.016334639706108267,22.08749260175092,0.012362267348017764,0.01649454607872408,11.009003742180344,9.762420687448618
1.060999999999994,2.206822712448205,25.013516387611503,25.260575677311447,13795.618476861378,0.016291606366086897,22.093127143878938,0.012442752396611911,0.01649182015587719,11.011753667271345,9.761795952198229
1.0619999999999938,2.212742629848534,25.053474514933054,25.296666284362537,13781.05662917524,0.016249160786809713,22.098801288586948,0.01252197132945071,0.01648811361290614,11.014510815785544,9.76116635913526
1.0629999999999937,2.218671118104157,25.095189759341118,25.332756891413627,13767.950966257717,0.016207092730738448,22.104482549458545,0.012600455774146424,0.01648351091555461,11.017270631693847,9.760537256492686
1.0639999999999936,2.224562396941428,25.13857789988398,25.36884749846471,13756.155869631944,0.016165539618005098,22.110124869536527,0.012678672668660629,0.016478368412954247,11.020009472893,9.759914058991422
1.0649999999999935,2.230508018565242,25.185884842858407,25.404938105515807,13745.54028266875,0.01612492121867165,22.115808968729983,0.012757168677796693,0.016472589631304546,11.022757784047565,9.759286264255419
1.0659999999999934,2.236462242189199,25.234217616899972,25.440078959749762,13735.986254401874,0.01608442362909579,22.12150180388496,0.012836476929458107,0.016466274900126088,11.025510768630618,9.758659234942378
1.0669999999999933,2.242170194089672,25.27943162404143,25.476169566800852,13727.387628961687,0.016043105017972403,22.12696689265083,0.012916601609528344,0.016459254991492422,11.028162438075034,9.758062449720907
1.0679999999999932,2.248141341513215,25.335497454852614,25.512260173851942,13719.64886606552,0.016003316603638407,22.132649484620593,0.012997682923908238,0.016451129284089927,11.03088242500744,9.757436425671074
1.068999999999993,2.254121121872071,25.387635124549934,25.548350780903032,13712.683979458969,0.01596170835168237,22.138362262642268,0.013080084452099683,0.016442337579296862,11.033638704249652,9.756810868639567
1.069999999999993,2.260109545616664,25.442040603856306,25.584441387954122,13706.415581513073,0.015919276379428526,22.144076544672174,0.013163538021381482,0.016434338558396655,11.036393414951894,9.756185917915062
1.0709999999999928,2.266106623209013,25.498139592216887,25.620531995005212,13700.774023361766,0.015876186906292944,22.149794614479816,0.013247985149991592,0.016425687660153565,11.03914310480442,9.75556187059241
1.0719999999999927,2.272112365122759,25.555400676101925,25.655672849239167,13695.69662102559,0.01583217438475437,22.15551863508024,0.013333336680224184,0.01641589257510706,11.041892369434777,9.75493816355451
1.0729999999999926,2.277916179471277,25.60945352976948,25.691763456290257,13691.126958923032,0.01578642798251212,22.16105769692513,0.0134191991315733,0.016404602424714754,11.044560573905116,9.754338874710436
1.0739999999999925,2.283939007758557,25.6719631337619,25.727854063341347,13687.01426303073,0.01574111877751244,22.166779183257788,0.013505360120861676,0.016391903030962496,11.047288221212037,9.753714624483237
1.0749999999999924,2.289970531542442,25.730836461953462,25.763944670392437,13683.312836727657,0.01569383315856565,22.17252797653823,0.013591903530922711,0.016378484186979125,11.050048006352263,9.75309009958809
1.0759999999999923,2.296010761342826,25.791244103171547,25.800035277443527,13679.981553054891,0.015645755006767348,22.17828021531202,0.013678557242650546,0.01636578760756463,11.052808334349663,9.752465377778181
1.0769999999999922,2.302059707691283,25.852743766855944,25.836125884494617,13606.983397749402,0.015597318339864275,22.184037732618442,0.01376534914117078,0.0163527659198755,11.05556624792758,9.751840759629317
1.077999999999992,2.308117381131074,25.79791293321223,25.871266738728572,13541.285057974463,0.015540705555956658,22.190030996804722,0.013850244711588633,0.016360968875760995,11.058625550018816,9.751138608106451
1.078999999999992,2.313971551125197,25.73961151160691,25.907357345779662,13482.156552177017,0.015480598017205582,22.19586752567983,0.013929563577958715,0.016381375369531437,11.061676543866554,9.750464825285645
1.0799999999999919,2.320046434798562,25.703815317563283,25.943447952830752,13428.940896959315,0.015428917069408521,22.20184990145025,0.014006663432765742,0.0164003069982937,11.064732778878911,9.749768794290905
1.0809999999999917,2.326130076945736,25.675112573587867,25.979538559881842,13381.046807263383,0.015382858415052048,22.207834102345274,0.014083955290307093,0.01641359378565299,11.067774076746876,9.749078082169095
1.0819999999999916,2.332268991851234,25.657134208370394,26.0146794141158,13337.942126537046,0.015341093276480255,22.213847228671984,0.014163050224338447,0.01642466192406017,11.070808323429384,9.748387876052973
1.0829999999999915,2.338156884760271,25.641716277792778,26.050770021166887,13299.147913883342,0.015300997810174966,22.219618304904664,0.014245265792139139,0.016433151322899353,11.073724347849621,9.747734535733597
1.0839999999999914,2.344266629173055,25.642270980602593,26.086860628217977,13264.233122495009,0.01526371207047611,22.22555595857718,0.014331535866768608,0.016438522906348174,11.07667379165529,9.747062066139325
1.0849999999999913,2.350431797285684,25.64569590289554,26.122951235269067,13232.809810245508,0.015224982783740793,22.23155268077322,0.014422483801817987,0.01644084923948058,11.079657253815897,9.746389783743243
1.0859999999999912,2.356559193789907,25.654175594545748,26.158092089503022,13204.528829220957,0.015183910839436487,22.23750343828836,0.014517549699809229,0.01644176527408936,11.082613687546612,9.74572785796926
1.086999999999991,2.362527674622842,25.666210593639747,26.194182696554115,13179.07594629886,0.015139818663068072,22.243292448454852,0.014615658567329382,0.01643992760962454,11.085480745021254,9.745089791145464
1.087999999999991,2.368672487791039,25.689014746748416,26.230273303605202,13156.168351668975,0.01509351446167384,22.2492200082029,0.014715753871136716,0.01643475538868422,11.088381680553383,9.744434928581454
1.0889999999999909,2.374872927037295,25.713522342635365,26.265414157839153,13135.551516502079,0.015042904517750255,22.255206478568407,0.014816959340936131,0.01642704418386587,11.091317645719808,9.743776890457433
1.0899999999999908,2.380820208096666,25.73678634346908,26.30150476489025,13116.996364851871,0.014988038254485136,22.260955661166435,0.014917894370799323,0.0164178491963074,11.094148707418785,9.743151085055441
1.0909999999999906,2.38703820633276,25.773559941759512,26.337595371941337,13100.296728366684,0.014932683060423446,22.266921546277754,0.015017804975805626,0.01640656853527167,11.097039478442236,9.74249558208874
1.0919999999999905,2.3932182570048,25.807267002111757,26.37273622617529,13085.267055530016,0.014874180362240141,22.272872052908447,0.015116591338549146,0.016393381668161344,11.099943413686212,9.741846460819577
1.0929999999999904,2.399238035888526,25.842327634950077,26.408826833226385,13071.740349977013,0.014814335432833226,22.27866333400712,0.01521373840130441,0.016379852090777136,11.102770317431638,9.741217312887473
1.0939999999999903,2.405482611871985,25.887217659118242,26.444917440277468,13059.566314979313,0.014755782605184065,22.284640077186356,0.015309529775835606,0.016364996845780633,11.105653835682833,9.7405632553977
1.0949999999999902,2.411689152027182,25.929258294715225,26.48005829451143,13048.609683481382,0.014696307111501827,22.290598171903987,0.015404586021433408,0.01634931680410745,11.10854676174531,9.739915236668114
1.09599999999999,2.417734738169284,25.971786658415354,26.51614890156252,13038.748715133244,0.014637070379672934,22.29639842003648,0.015499044446568577,0.01633378140929015,11.111363905221967,9.739287368722954
1.09699999999999,2.424005987381793,26.023399535031174,26.552239508613606,13029.87384361992,0.014580011241639046,22.302386649412853,0.015593550705024328,0.016317390155318023,11.114240365988588,9.73863461045265
1.0979999999999899,2.430286256626331,26.072422415235565,26.587380362847565,13021.886459257928,0.014522427687324702,22.30840050037571,0.01568887917401285,0.016300562215101455,11.117146492501307,9.737982744577955
1.0989999999999898,2.436310598531257,26.118778886651338,26.623470969898655,13014.697813332135,0.014464329619032545,22.314174862567306,0.015784998624502777,0.01628396789023251,11.119946672406002,9.737362522678046
1.0999999999999897,2.44260861676958,26.176409760150953,26.659561576949745,13008.228031998922,0.014408296015965272,22.32017359936973,0.015882210945854236,0.01626631808763651,11.122813365832604,9.736711757558723
1.1009999999999895,2.448915687399588,26.229799883775552,26.6947024311837,13002.40522879903,0.01435054713601952,22.326204580569197,0.015980982934024,0.016247683585073225,11.125718205595202,9.73606193895653
1.1019999999999894,2.455013206558049,26.2810942450564,26.73079303823479,12997.164705919127,0.014291344788186056,22.332038747830236,0.01608088074897096,0.01622931571391223,11.12853715386979,9.735438141184366
1.1029999999999893,2.461338130739561,26.34172647631651,26.765933892468748,12992.448235327214,0.014232967146656617,22.33805912464031,0.016181841924759743,0.016209766790572677,11.13141030896409,9.73478912035945
1.1039999999999892,2.467452965295676,26.394521059940118,26.802024499519835,12988.203411794493,0.014171732397563641,22.34390857046841,0.016283715506426155,0.01618862659075071,11.134229984701742,9.734166110143049
1.104999999999989,2.473795785548647,26.456742627906156,26.83716535375379,12984.383070615044,0.014110793796901111,22.349943925051388,0.016386151942144322,0.01616730942894956,11.137109709387465,9.73351687610183
1.105999999999989,2.479927976797101,26.511271804850484,26.873255960804883,12980.94476355354,0.014047124386869947,22.355806694338074,0.01648898566810597,0.016144778869168708,11.139933168020107,9.732893786439497
1.1069999999999889,2.486288735734533,26.575161707590098,26.90934656785597,12977.850287198185,0.013984001091495835,22.361855856199817,0.016591961370011066,0.01612218619282607,11.142816006583669,9.732244198238636
1.1079999999999888,2.492706171101346,26.63638596611253,26.944487422089924,12975.065258478367,0.013919211513827245,22.36797586111711,0.01669538174369989,0.01609892674024438,11.145747490743243,9.731589502397402
1.1089999999999887,2.498864653576172,26.693103914494067,26.980578029141018,12912.55873263053,0.013852713057640798,22.37385947996315,0.016798911647982306,0.016075749110681214,11.14858049015859,9.730966009845133
1.1099999999999886,2.505252584841962,26.650417736903186,27.015718883374973,12856.302859367477,0.01378017758213057,22.38015288566736,0.0169011816605798,0.016072163613559287,11.151750874394239,9.73024079354476
1.1109999999999884,2.51142852802511,26.599004217743815,27.051809490426063,12805.67257343073,0.013703100049821615,22.386304231438256,0.016998997577880426,0.01607978150093614,11.154941169191279,9.729546326456727
1.1119999999999883,2.517882215668841,26.571028450734868,27.086950344660018,12760.105316087656,0.013634511966238938,22.392649632491942,0.017095693851798488,0.01608713643020676,11.158159328527853,9.728822664424282
1.1129999999999882,2.524075701243812,26.54370860182956,27.123040951711108,12719.094784478892,0.01357067926984834,22.398755806548042,0.01719329159282773,0.01608851759635327,11.16126141732984,9.728136903609057
1.113999999999988,2.530499808680017,26.534515242234093,27.158181805945066,12682.185306031002,0.013512931645160764,22.405028455848665,0.017293130578560745,0.016087035091449653,11.164390662466758,9.727430371568936
1.114999999999988,2.53675867010421,26.524969965613803,27.19332266017902,12648.966775427902,0.01345629254432118,22.41115702006109,0.01739657682520407,0.016082492740456644,11.167463856257783,9.726751117355615
1.115999999999988,2.542978387924322,26.524885893889973,27.229413267230107,12619.070097885111,0.013401368807643033,22.41721907405408,0.01750395020976081,0.016075940207508688,11.170480562739387,9.726082776263475
1.1169999999999878,2.549477519851987,26.536455316391013,27.264554121464066,12592.1630880966,0.013347122322375615,22.423520990525162,0.017615564712699372,0.016066586353836954,11.173582273767035,9.725388075379172
1.1179999999999877,2.555714884484596,26.543632981183542,27.300644728515156,12567.94677928694,0.013289009129102192,22.429596340106173,0.017730773128514232,0.016055205797596728,11.176602378243576,9.724730118275522
1.1189999999999876,2.562232335919367,26.566766594015103,27.335785582749104,12546.152101358246,0.0132301957660656,22.43588863754355,0.017848585399004357,0.01604237767194966,11.179677661277228,9.724043523385234
1.1199999999999875,2.568487389433594,26.58407670844244,27.371876189800194,12526.536891222422,0.013166068747781146,22.441957887044353,0.01796803772132971,0.016026304947532433,11.182670800738197,9.723392537007609
1.1209999999999873,2.575023203925503,26.616060707599004,27.407017044034156,12508.88320210018,0.013100246154269746,22.448248340529283,0.018088019837381286,0.016008459528422447,11.185726332043332,9.722710859187274
1.1219999999999872,2.581344105431735,26.642216065365382,27.44215789826811,12492.994881890163,0.013029151241500725,22.454361141036586,0.018207793738740985,0.015987643033700927,11.188722778980805,9.72205789407404
1.1229999999999871,2.58762565070655,26.675432921790406,27.478248505319204,12478.695393701148,0.012955947386207811,22.460409297254426,0.018326308393180835,0.01596512235902514,11.191665249478493,9.721410666125218
1.123999999999987,2.594188966431386,26.716991599541103,27.51338935955316,12465.825854331033,0.012881521358347747,22.46670701453356,0.018443547667245097,0.015940242413489514,11.194703913889857,9.72073199144137
1.124999999999987,2.600536545260104,26.752072509682883,27.548530213787114,12454.24326889793,0.012803575404429446,22.472826935519638,0.01855940405904616,0.015914506599841227,11.197690264880954,9.720080599763229
1.1259999999999868,2.606892956510601,26.794610685197974,27.5846208208382,12443.818942008136,0.01272608899371136,22.47892618574042,0.01867373469041078,0.015888545916207142,11.200640548917686,9.719429002292927
1.1269999999999867,2.613483912751247,26.843076760843164,27.619761675072162,12434.437047807323,0.012649292654344946,22.4852372323749,0.01878730267372586,0.01586123804204881,11.203675464543986,9.718751510109437
1.1279999999999866,2.619809942196029,26.88440964180023,27.65490252930611,12425.993343026592,0.012570906880186916,22.491322603572936,0.01890046956204211,0.015833700124756045,11.206633919233454,9.718107000024803
1.1289999999999865,2.62619315699919,26.934083154429604,27.690993136357203,12418.394008723933,0.012494588964112763,22.49742970456217,0.019013466570062976,0.01580604147004916,11.209571111959752,9.717456574648256
1.1299999999999863,2.63281181017248,26.98798663228642,27.726133990591162,12411.55460785154,0.012419263037201977,22.50375612229119,0.01912718109625222,0.015777280034706187,11.212603102796908,9.716780428291193
1.1309999999999862,2.639213069151471,27.035278643964446,27.761274844825113,12405.399147066386,0.012342472579616015,22.509900598180707,0.019241875177960555,0.015748844312364507,11.215578669144843,9.716132011155608
1.1319999999999861,2.645623223477257,27.08885578371063,27.796415699059068,12399.859232359748,0.012267007184573964,22.51602712629853,0.019357535459941788,0.015720400296492576,11.21851991196662,9.715483818460582
1.132999999999986,2.652042283576409,27.14296285661533,27.832506306110165,12394.873309123774,0.01219140999546664,22.522163010357495,0.019474367348852883,0.0156902401828658,11.221461254649986,9.714836261381539
1.133999999999986,2.658697976351764,27.202145983041564,27.86764716034412,12390.385978211396,0.012115648903868403,22.528513972240816,0.019592562454269324,0.015659814130437655,11.224496601975929,9.714162110264452
1.1349999999999858,2.665183815345246,27.255303355032506,27.902788014578068,12386.347380390256,0.012037472919350034,22.534726498810628,0.019712015011812356,0.015629402630758626,11.227492058896187,9.713510382518484
1.1359999999999857,2.671629983261345,27.312603667091455,27.93792886881203,12382.71264235123,0.011959111714132553,22.54088164747925,0.019832332886743076,0.015598566270050407,11.23044099058914,9.712864375409156
1.1369999999999856,2.678085099125104,27.371041612737763,27.973069723045985,12379.441378116107,0.011879852178327543,22.547042249002928,0.019953377995408195,0.015565628955140243,11.233384322191133,9.712218370475362
1.1379999999999855,2.684549173419765,27.429688629984476,28.009160330097078,12321.497240304498,0.011799095861798559,22.553212621433907,0.020074882175406428,0.015531446244198832,11.2363345678102,9.711571772333663
1.1389999999999854,2.691251379662091,27.385491334343946,28.044301184331033,12269.347516274049,0.011710149533411651,22.559831741293657,0.020195957410041265,0.015517725728138976,11.239667271566276,9.710820850514578
1.1399999999999852,2.697782545703463,27.334460405912093,28.079442038564988,12222.412764646644,0.011616380903216983,22.566341693110164,0.020313180648804385,0.015517150439876615,11.24303469485905,9.71009805070291
1.1409999999999851,2.704273887921195,27.300722617662462,28.114582892798943,12180.17148818198,0.011530373673445171,22.572755332770026,0.020429823989581375,0.015515714563546112,11.246302198042242,9.70938400716605
1.141999999999985,2.710823168198841,27.279154872805762,28.149723747032898,12142.154339363782,0.011451570851428283,22.57919222158207,0.020547912371344956,0.015506873853520786,11.249534304492164,9.70867014528476
1.142999999999985,2.71733256372656,27.263791336162,28.184864601266856,12107.938905427403,0.011376460998236915,22.585580915706235,0.020668730142414438,0.015493669029894297,11.25273413840979,9.70796799315543
1.1439999999999848,2.723850981214923,27.25684843631493,28.22000545550081,12077.145014884663,0.01130412980779305,22.591957374432162,0.020793182017490697,0.015478155327297516,11.255911764738997,9.707272017131865
1.1449999999999847,2.730427491859368,27.257561947612928,28.256096062551897,12049.430513396197,0.011233264799163811,22.598372389733512,0.020921791467280237,0.015460468857470877,11.259092090154716,9.706576597178517
1.1459999999999846,2.737195226248702,27.26709740754135,28.29123691678586,12024.487462056577,0.011162508443580854,22.604951688803585,0.02105466426597763,0.01544123374826395,11.26233448086959,9.705865595402177
1.1469999999999845,2.743790249014125,27.27622303892546,28.326377771019814,12002.03871585092,0.011088946195748572,22.611374585144567,0.021191130908954914,0.015420363491232991,11.265513574308388,9.705181645723291
1.1479999999999844,2.750394418969827,27.294442756542278,28.361518625253762,11981.834844265828,0.01101372316040422,22.61777520763719,0.021330085687470912,0.015397163471241038,11.268651443429286,9.704500978958588
1.1489999999999843,2.756958520052576,27.315745832067808,28.396659479487724,11963.651359839245,0.010934906353821605,22.624132308520714,0.021470439982076317,0.015370163200009002,11.271759882581293,9.703828931561093
1.1499999999999841,2.763580975194851,27.3425908158945,28.43180033372168,11947.28622385532,0.01085237771108083,22.630531212504103,0.021611032600033053,0.015340434549542814,11.274876904485094,9.703152465631845
1.150999999999984,2.770212609666081,27.37212803797562,28.466941187955634,11932.557601469789,0.010765767403527804,22.636935610710246,0.021750917097123568,0.015308590086349438,11.277995270418423,9.702477521068285
1.151999999999984,2.776804083300618,27.404355086710876,28.50208204218959,11919.301841322811,0.010675771051077199,22.643295224469348,0.021889318770125232,0.01527520391561571,11.281088152897674,9.701809273402379
1.1529999999999838,2.783454067235465,27.441490396186083,28.53722289642355,11907.37165719053,0.010583672535740718,22.64969704034509,0.022025916444744775,0.01524030764912343,11.284187817484728,9.701135607560971
1.1539999999999837,2.790113262741874,27.480385094303024,28.572363750657505,11896.634491471477,0.01048962711939061,22.656106396750527,0.022160759444820932,0.015204106132472639,11.287290760742342,9.700462447731283
1.1549999999999836,2.796781680602144,27.52197747856027,28.607504604891453,11886.97104232433,0.010394661220797019,22.66251802888427,0.022294106387217794,0.015167154506882718,11.290390572796436,9.699789569903334
1.1559999999999835,2.803459331610182,27.565955915271154,28.642645459125415,11878.273938091897,0.010299483061884163,22.668932842588923,0.022426444438157056,0.015129424719624918,11.293486796513074,9.699117181305615
1.1569999999999834,2.81014622657153,27.612025266536286,28.676836560542238,11870.446544282708,0.010204501831053592,22.675351736300332,0.022558356063560048,0.015091045091576771,11.296580782055115,9.69844530696338
1.1579999999999833,2.816607656963092,27.655603012498666,28.71197741477619,11863.401889854436,0.010109376674768578,22.681561871571432,0.022690099909286887,0.015051749795414404,11.299582231239938,9.697801501543815
1.1589999999999832,2.823312776695647,27.709014815587814,28.747118269010148,11857.061700868993,0.010016459236018738,22.687971646567892,0.02282219336043856,0.015011756255648323,11.302644498187046,9.697129386999203
1.159999999999983,2.830027172537032,27.75897232117053,28.7822591232441,11851.355530782093,0.00992268792080403,22.6944113858808,0.022955189592457792,0.014971397306858591,11.305741990218051,9.696458779022851
1.160999999999983,2.836750855339055,27.811137232994092,28.817399977478058,11846.219977703884,0.009829127749804212,22.700852989514594,0.023089266939967712,0.014932226291898054,11.308838937023538,9.69578883601215
1.1619999999999828,2.843483835965219,27.865019491389372,28.852540831712012,11841.597979933496,0.009735802139580585,22.707298494753807,0.02322468725837662,0.014892849859205304,11.311930450326395,9.695120178416069
1.1629999999999827,2.850226125290712,27.92011265485816,28.887681685945967,11837.438181940148,0.00964215672764901,22.713750103390367,0.023361592902633177,0.014852649702356557,11.31502095143545,9.694452262258782
1.1639999999999826,2.85697773420244,27.976234525758006,28.921872787362794,11833.694363746134,0.009547711069140652,22.720208453427137,0.023499986224545633,0.014811404893780522,11.318112505302338,9.69378491537865
1.1649999999999825,2.863551777581379,28.02982890521962,28.957013641596742,11830.324927371521,0.009451679330754303,22.72650380204474,0.023639479578520417,0.014768711297052872,11.321132825339719,9.693139908306522
1.1659999999999824,2.870321802362065,28.090766545213953,28.99215449583071,11827.29243463437,0.009355641120253444,22.73296112388821,0.023779871465746172,0.014724726942279664,11.32420373991708,9.692472041275146
1.1669999999999823,2.877101179161871,28.14851745249849,29.02729535006466,11779.563191170933,0.009257126813396244,22.73944528271601,0.02392101745603098,0.014679788271984462,11.327304842940286,9.691804964652297
1.1679999999999822,2.883939934928326,28.113846727930436,29.06243620429862,11736.60687205384,0.009150669990214577,22.74619283255053,0.02406237713280146,0.01465355760862419,11.330686184301786,9.691061550095109
1.168999999999982,2.890738090585893,28.077832902923532,29.096627305715437,11697.946184848457,0.009040890922605904,22.752931985174136,0.024200911228916155,0.014638697064961237,11.334121207843392,9.690331043921587
1.169999999999982,2.897357457986248,28.05199288907422,29.13176815994939,11663.151566363611,0.00893719773237761,22.759466040513097,0.02433963650001486,0.014622025502621039,11.33742777996329,9.689625675301023
1.1709999999999818,2.90417413689529,28.042262892163482,29.16690901418336,11631.83640972725,0.008840967522089904,22.76613932411512,0.024480260446668622,0.014598674708738546,11.340740345742418,9.688902728886955
1.1719999999999817,2.911000222344495,28.03597982790727,29.201100115600173,11603.652768754526,0.008747463287216206,22.77282422862393,0.02462397786954801,0.014571245646868791,11.34406078209458,9.688186310342278
1.1729999999999816,2.91764678585649,28.03350981525998,29.236240969834128,11578.287491879073,0.00865585832714827,22.779328058292275,0.024771223787730667,0.014542275695319073,11.347293055726627,9.687498064463952
1.1739999999999815,2.924541725289796,28.044949584310928,29.271381824068083,11555.458742691166,0.008567206867993338,22.78602701280705,0.024922455489982676,0.014511311863003251,11.350575273527031,9.686786751538762
1.1749999999999814,2.931395879886427,28.05623618896435,29.305572925484906,11534.912868422049,0.008477160208685552,22.792700010897477,0.025077547344716122,0.014478204662436156,11.353858524866148,9.686087609123316
1.1759999999999813,2.938069775208487,28.070753937890952,29.34071377971886,11516.421581579843,0.008385567498425783,22.799189364760757,0.025235422636783578,0.01444376280695675,11.357048533103885,9.685414501774272
1.1769999999999812,2.944992974107678,28.097444168896544,29.375854633952816,11499.77942342186,0.008293216461035091,22.80587901511641,0.025395289597400006,0.014406791412212239,11.360292774263945,9.684715522629556
1.177999999999981,2.951875295512248,28.12240838486318,29.410045735369643,11484.801481079674,0.008196200202699289,22.8125466717476,0.02555621529045149,0.014367373937684669,11.363544254490536,9.684025949725388
1.178999999999981,2.958576617740786,28.14927416357257,29.44518658960359,11471.321332971707,0.00809538196960774,22.819033126210186,0.025716868843239038,0.014326512903168998,11.366707325868795,9.683360099939595
1.1799999999999808,2.965528174287591,28.18715738008644,29.479377691020414,11459.189199674536,0.007992697541087779,22.825723386015653,0.02587669450052099,0.014283203765069419,11.369929141771474,9.682666266325798
1.1809999999999807,2.972247763413166,28.218730191904726,29.514518545254376,11448.270279707083,0.007884902981395048,22.832220591184193,0.02603505110154347,0.01423738815899983,11.373088266754504,9.682002687313513
1.1819999999999806,2.979218206603859,28.262230020419207,29.548709646671195,11438.443251736375,0.007776140492430583,22.838916115955328,0.026191772878193464,0.01419084247475122,11.37630561063366,9.681309474775315
1.1829999999999805,2.985956104773879,28.299083982287602,29.58385050090515,11429.598926562738,0.007663736792216658,22.845418281450822,0.026346836207020607,0.014142319602829745,11.379457607543587,9.680646769484913
1.1839999999999804,2.992945478122949,28.347369742030764,29.618041602321966,11421.639033906464,0.007551790174555539,22.852120535095853,0.026500601479365227,0.01409353269917224,11.382668893919352,9.679954110269664
1.1849999999999803,2.999701727574365,28.388514209691152,29.65318245655593,11414.475130515817,0.0074375052267892094,22.85863019532124,0.026653427781991257,0.014043248854865464,11.385816381430224,9.679292048785044
1.1859999999999802,3.006710074688677,28.440699898287676,29.68737355797275,11408.027617464235,0.007324779818202398,22.865341441647086,0.02680593295768202,0.013993106061209015,11.389024567486757,9.678600090505327
1.18699999999998,3.013484717748158,28.48536021232938,29.722514412206706,11402.224855717812,0.007210505486001995,22.87186051704334,0.02695855642404238,0.013941785215014768,11.392169725446042,9.6779390664847
1.18799999999998,3.020512082327126,28.54075495913765,29.75670551362352,11397.00237014603,0.007098231257236687,22.878582464576375,0.027111871085232997,0.013890831339800513,11.395376512534572,9.67724826150258
1.1889999999999799,3.027305161411241,28.5883064069367,29.79184636785748,11392.302133131428,0.006984503486444249,22.885112506127307,0.027266148939430412,0.013838806506550005,11.398520831718967,9.676588656583064
1.1899999999999797,3.034351587247027,28.646346045473106,29.826037469274304,11388.071919818285,0.006872588638307808,22.8918465711495,0.02742174398408498,0.01378714060317393,11.401727611101247,9.67589923457548
1.1909999999999796,3.041163144862436,28.69627890913881,29.86022857069113,11384.264727836457,0.006758816379848764,22.898388863168694,0.027578661924095305,0.013734297630973724,11.404872413086721,9.675241086079389
1.1919999999999795,3.048034829847015,28.75296110958537,29.895369424925086,11380.838255052811,0.006645938703593812,22.904959992180633,0.027736713189351392,0.013681292616609386,11.408005412313912,9.674575608442456
1.1929999999999794,3.055109818682554,28.812451151449135,29.929560526341902,11377.75442954753,0.006532578248191645,22.911722627500843,0.027896102797299926,0.013627172531775478,11.411222279085418,9.673888193574662
1.1939999999999793,3.061949066278859,28.865041239777764,29.96375162775873,11374.978986592778,0.006416644928126436,22.918285937084903,0.02805641026791078,0.01357288913450111,11.414374288175852,9.67323089210607
1.1949999999999792,3.068848598978564,28.924365696772053,29.998892481992684,11327.4810879335,0.006301175698976258,22.924877649737656,0.028217349547070614,0.013518247720351872,11.417511135621385,9.672566356772435
1.195999999999979,3.075952249064645,28.885059193184418,30.033083583409496,11284.73297914015,0.006177639301154003,22.9318990674963,0.02837927796131462,0.013481741982528939,11.421014041718253,9.671801701764736
1.196999999999979,3.082870514386383,28.838629943771274,30.06727468482632,11246.259681226134,0.006049361905920925,22.938798086317743,0.02853865807422301,0.013458052695268619,11.424550029662337,9.671068875642415
1.1979999999999789,3.08974675820383,28.808916204033963,30.101465786243143,11211.633713103522,0.00592926511382319,22.94559673169162,0.028699018316668767,0.013433189614372953,11.427984942732866,9.670344855393546
1.1989999999999787,3.096683497604809,28.790838404789714,30.136606640477105,11180.47034179317,0.005816571127278292,22.95242023606548,0.02886214171001239,0.013400667250539622,11.431383389573242,9.669621218434171
1.1999999999999786,3.103825441306454,28.78292386695657,30.170797741893924,11152.423307613853,0.0057081263061783405,22.959418412534223,0.02902933602285257,0.013364185154621566,11.434844793878328,9.668881058664446
1.2009999999999785,3.110780999048458,28.77553211262615,30.204988843310744,11127.180976852469,0.005600881777417299,22.96624604081806,0.02920117882781459,0.01332585972436523,11.438240013661874,9.668172461523925
1.2019999999999784,3.117745851864269,28.778944931188622,30.23917994472756,11104.462879167222,0.005496222107537252,22.973045126987444,0.029377748408969617,0.013285593646131133,11.441587260592136,9.667469591473047
1.2029999999999783,3.124668525049421,28.786721953919617,30.27337104614439,11084.0165912505,0.00539143621361432,22.97979494913756,0.02955848798213323,0.013241872360703122,11.444898460439703,9.666778621620885
1.2039999999999782,3.131651957591669,28.80123744222105,30.307562147561217,11065.61493212545,0.005285215366604534,22.986585011927062,0.029742286428320663,0.01319572094882071,11.44821406813328,9.66608512668611
1.204999999999978,3.138644716846203,28.819439900328078,30.342703001795172,11049.053438912906,0.005175852828750549,22.9933779404806,0.02992777929619106,0.013147521574473797,11.45152734065314,9.665395213963217
1.205999999999978,3.145895929579366,28.84669631438401,30.37689410321199,11034.148095021616,0.005063413801135452,23.000394576470306,0.030113976923190733,0.013098151933770896,11.454926736881726,9.664678413780731
1.2069999999999779,3.152907678342538,28.869515183366737,30.411085204628815,11020.733285519455,0.004945307873585991,23.007204076921877,0.030299654316590874,0.013047130659201212,11.458252118937612,9.66399489486395
1.2079999999999778,3.159928785921273,28.901233878967773,30.44527630604564,11008.659956967509,0.004824718227111946,23.01398674696063,0.030483942117216778,0.01299412191563315,11.461531304826938,9.663311065304448
1.2089999999999776,3.166907523555769,28.93441905414114,30.479467407462458,10997.793961270758,0.004700412262974019,23.020727586961268,0.030666341991321233,0.012937353409271213,11.46478450997597,9.662634234997766
1.2099999999999775,3.173947338336817,28.971815885372912,30.513658508879274,10988.014565143681,0.004573064847989694,23.02751540536806,0.030846588666994246,0.01287837561184807,11.468052674376633,9.661950650755434
1.2109999999999774,3.180996543771897,29.010694040760608,30.5478496102961,10979.213108629314,0.00444295178225429,23.03431163826575,0.031024703842874535,0.01281805537646008,11.471327056885636,9.661267626670995
1.2119999999999773,3.188107016823133,29.05309847299918,30.582040711712917,10971.291797766382,0.004311375329135836,23.041157159665072,0.03120104625397413,0.012757313047911278,11.474618351874996,9.660578764329028
1.2129999999999772,3.195175077900362,29.096014936118586,30.616231813129744,10964.162617989745,0.0041786941194639216,23.04796297080746,0.03137611506882043,0.012696142732053273,11.477892437959088,9.659896945588239
1.213999999999977,3.202252561639258,29.14201376201071,30.650422914546567,10957.74635619077,0.00404613899988665,23.05476732951015,0.03155054926834572,0.012634540318105791,11.481156249389919,9.659215274865222
1.214999999999977,3.2093394787198,29.189611454220618,30.68461401596339,10951.971720571693,0.003913791543963097,23.06157730141786,0.031725022522941015,0.0125721881217577,11.484418757072028,9.65853426070362
1.2159999999999769,3.216435839833135,29.23871926266891,30.717855364563068,10946.774548514524,0.0037817630408666925,23.06839293226184,0.031900099844509255,0.012509392113749684,11.487681729083281,9.657853871447625
1.2169999999999768,3.223289173558716,29.284742075185974,30.75204646597989,10942.097093663073,0.0036496550601738398,23.07498462853389,0.03207580091100415,0.012445811853786626,11.490847034775902,9.657203973485366
1.2179999999999767,3.230456266815035,29.34162811503652,30.786237567396718,10937.887384296766,0.0035197551572336283,23.081838072373994,0.03225261515871236,0.012381817585310706,11.494097114491534,9.656516718753707
1.2189999999999765,3.237580758547309,29.39255704699814,30.82042866881354,10934.09864586709,0.0033881118746739713,23.08868207282764,0.03243068634997853,0.012317546836219884,11.4973733714335,9.655838461021236
1.2199999999999764,3.244714736888501,29.446527213394017,30.854619770230364,10930.688781280382,0.0032566009340069257,23.095522707285387,0.03261001743696906,0.012254547823472461,11.500642528723962,9.655160320054822
1.2209999999999763,3.251910460414936,29.50273464720645,30.888810871647184,10927.619903152343,0.003125058699703809,23.102416031656936,0.03279081104360032,0.01219109022086079,11.503926356887877,9.65447737704394
1.2219999999999762,3.259063486920738,29.55802937734297,30.922052220246872,10924.85791283711,0.002992367850276789,23.109273388872012,0.032973037339793676,0.01212671694284162,11.507197341322934,9.653801516510326
1.222999999999976,3.266024036781862,29.611597806702857,30.95624332166369,10887.372121553399,0.002858461260393852,23.115948859079413,0.03315626373294722,0.012060852596855853,11.510384255807285,9.653149427213377
1.223999999999976,3.273195844668808,29.58872278691684,30.990434423080508,10853.634909398059,0.0027187010904611286,23.123003115647414,0.03334106083987565,0.012009534850968562,11.513862363175315,9.652405493972335
1.2249999999999759,3.280429610374286,29.562120925301297,31.02462552449734,10823.271418458253,0.002574767753561691,23.13016125529861,0.03352452147777518,0.011968365153857019,11.517462054823417,9.65166445942393
1.2259999999999758,3.287673012738748,29.546677309828382,31.057866873097026,10795.944276612428,0.002436345366346404,23.137293519199034,0.033709837426136535,0.011927205545469777,11.52102624046928,9.650927191284561
1.2269999999999757,3.294617996026748,29.535282676256493,31.092057974513853,10771.349848951186,0.0023033666892326443,23.14412575307772,0.03389802120805796,0.011880099171818426,11.524422858672128,9.650232936927702
1.2279999999999756,3.301880349040597,29.54132715856045,31.126249075930662,10749.214864056068,0.0021761909907472288,23.15120341960978,0.03409019563668719,0.011828576685114112,11.527873549793943,9.64950561162398
1.2289999999999754,3.3091523711297,29.546770495149953,31.159490424530357,10729.293377650461,0.0020492238056817325,23.15830935108208,0.034286904441065025,0.011774122415230237,11.531358549221714,9.64878665334839
1.2299999999999753,3.316124951475633,29.55319630626793,31.193681525947177,10711.364039885415,0.0019226584504735134,23.165124743889795,0.034487585731473425,0.011718563369634116,11.53471248994303,9.648109622237163
1.2309999999999752,3.323415988034117,29.575688711987617,31.22692287454687,10695.227635896874,0.0017984804256762632,23.172188812455392,0.03469198676769064,0.011660855675074522,11.538125320818631,9.647398981616078
1.2319999999999751,3.330459617894165,29.59161196743292,31.26111397596369,10680.704872307188,0.001670712301956534,23.179050467287663,0.034898752200091754,0.011600319301755146,11.541474178500495,9.646724744105887
1.232999999999975,3.337769754408532,29.621311334391716,31.29530507738051,10667.63438507647,0.0015422482085882816,23.18611819135047,0.03510687237738469,0.011539251532805328,11.544880451640438,9.646020129875005
1.233999999999975,3.345089614158629,29.64978212918521,31.3285464259802,10655.870946568823,0.001409442945277617,23.193211173814547,0.035315375055357145,0.011476258302472286,11.548311971612652,9.645320269990998
1.2349999999999748,3.352161166175291,29.677928013920273,31.362737527397027,10645.283851911941,0.0012727284923604865,23.20006578646298,0.0355229478372906,0.011412031645373744,11.55163608775844,9.644651944453663
1.2359999999999747,3.359500190205555,29.71828445951896,31.395978875996715,10635.755466720748,0.0011345125096096642,23.207132572935375,0.035729279391376434,0.011345520245033824,11.555014652578489,9.643952237986054
1.2369999999999746,3.366590307412137,29.75132221806126,31.429220224596403,10627.179920048673,0.0009909628162947381,23.213994797873973,0.03593365754613104,0.011276051617302218,11.558328462148852,9.643285558521807
1.2379999999999745,3.373689569819508,29.791808735508486,31.46341132601322,10619.461928043806,0.0008457765346208124,23.220833899415528,0.036135754206989834,0.011205315847616304,11.561606366968519,9.642616304291145
1.2389999999999743,3.381057262370065,29.838249441240258,31.496652674612907,10612.515735239425,0.0006987940095433687,23.227916303334638,0.0363360426375835,0.011132839959522356,11.564982380214577,9.641916853268352
1.2399999999999742,3.388175151894844,29.877495877132617,31.530843776029734,10606.264161715482,0.0005481865893697813,23.234790892086824,0.036534482741234886,0.011059956253381076,11.568296293163732,9.641249962461142
1.2409999999999741,3.395615214227791,29.9296090086391,31.564085124629415,10600.637745543934,0.0003986983392539889,23.24192590413744,0.0367320683223914,0.010987703638273116,11.571690174897793,9.640544341681036
1.241999999999974,3.40275181466466,29.97197769177365,31.597326473229103,10595.57397098954,0.0002467029950341537,23.2488116125428,0.03692916049678996,0.010914104003151015,11.5750021368138,9.639879502374214
1.242999999999974,3.409897611365757,30.022058537312812,31.631517574645926,10591.016573890587,9.626994641109832e-05,23.255670361390642,0.03712627596364804,0.010840187220614361,11.578270369998087,9.63921192560474
1.2439999999999738,3.417366673229705,30.07797918631704,31.664758923245614,10586.914916501528,-5.3582797466422694e-05,23.262825587481547,0.037324435617042406,0.010764929817759727,11.58166020658103,9.638508319310708
1.2449999999999737,3.424531243258655,30.123951308241242,31.69800027184531,10583.223424851376,-0.0002058656307785678,23.26973054233468,0.03752359132023608,0.010689613416057786,11.58497768534905,9.63784487603786
1.2459999999999736,3.431705040264423,30.177695149198588,31.732191373262133,10579.90108236624,-0.0003562520359860488,23.27660726330919,0.03772393398179963,0.010614573097214974,11.588248067608562,9.637179570168186
1.2469999999999735,3.439203198180408,30.23704895014792,31.76543272186181,10576.910974129616,-0.000506163284997363,23.283781859003145,0.03792610270492286,0.010538374751436541,11.591638908045184,9.63647825021604
1.2479999999999734,3.446395831121885,30.286096312472303,31.798674070461498,10574.219876716656,-0.0006589545268895214,23.290706232174742,0.038129639888242584,0.010462087754904481,11.594957887840037,9.635817124857414
1.2489999999999732,3.453651161443935,30.34359052310542,31.83191541906119,10541.79788904499,-0.0008103729472075938,23.297651654522586,0.03833451838252666,0.010385931801900838,11.598251372344583,9.635147540694005
1.2499999999999731,3.460862362578999,30.322944465343213,31.865156767660874,10512.618100140491,-0.0009681753873678756,23.304755461223213,0.03854142862954346,0.010322415248630645,11.601749686641034,9.634423608030005
1.250999999999973,3.468136366423576,30.303512040125653,31.899347869077697,10486.356290126443,-0.0011281021922091572,23.311936779849518,0.03874745209891478,0.010268780674325406,11.605331784066976,9.633700085387776
1.251999999999973,3.475683076801906,30.298035058161858,31.932589217677386,10462.720661113799,-0.0012819977922264858,23.31933822354195,0.03895602666843273,0.01021471351726283,11.608984632870985,9.63294942424806
1.2529999999999728,3.482922538952567,30.291112327784695,31.965830566277074,10441.44859500242,-0.0014320882394236456,23.326457389925913,0.039168043459455903,0.010155974767648956,11.612509874923738,9.632244876127965
1.2539999999999727,3.490224963699007,30.29801069409993,31.99907191487676,10422.303735502177,-0.0015766565814253064,23.33358361042836,0.03938433944404496,0.010093879162589192,11.61598509518591,9.631537063565634
1.2549999999999726,3.497536793085247,30.308426279497105,32.032313263476446,10405.07336195196,-0.0017195243601272336,23.3407151177244,0.03960525040722451,0.010027835734677748,11.619454255368517,9.63083598911983
1.2559999999999725,3.504858037445435,30.323553358923885,32.065554612076134,10389.566025756763,-0.0018618933171000163,23.347844370710714,0.039830466173984946,0.00995970377615607,11.622918343250136,9.630139612006818
1.2569999999999724,3.512188707124216,30.343309087369178,32.09879596067582,10375.609423181088,-0.0020046415204958423,23.354970510479234,0.04005918907907102,0.009889834252371,11.626371784502274,9.629448006453
1.2579999999999723,3.519528812476721,30.36726434125302,32.13203730927551,10363.048480862979,-0.0021488950313577893,23.36209462505731,0.040290275436969336,0.009818351344104526,11.629814320009746,9.628759974644705
1.2589999999999721,3.526878363868581,30.39498255743725,32.165278657875206,10351.74363277668,-0.0022956681062509254,23.369217957993328,0.040522454518659934,0.009745295847038926,11.63324790594227,9.628074427215529
1.259999999999972,3.534237371675957,30.42608986744703,32.198520006474894,10341.569269499014,-0.0024456315332135325,23.37634153277829,0.04075454667676931,0.009670570547776924,11.636674359510208,9.627390513443352
1.260999999999972,3.541605846285517,30.460261638940512,32.23176135507458,10332.412342549113,-0.002599105028676163,23.383466212611353,0.04098559173444288,0.009594089664694272,11.640095087644314,9.626707615926271
1.2619999999999718,3.548983798094474,30.497206533155946,32.26500270367427,10324.171108294202,-0.0027561068087303964,23.39059277199101,0.04121492830640283,0.009515859463079535,11.643511262697345,9.626025312805206
1.2629999999999717,3.556371237510589,30.536660572097837,32.29729429945682,10316.753997464783,-0.0029164043194579437,23.397721917975254,0.041442228092960554,0.0094359780777723,11.646923890997568,9.625343338303683
1.2639999999999716,3.563501076853108,30.573710249882375,32.33053564805651,10310.078597718304,-0.0030798897894887545,23.404611478019312,0.04166695603161935,0.009354071525410845,11.650231063514894,9.624692951985534
1.2649999999999715,3.570907206742298,30.62180227962171,32.3637769966562,10304.070737946475,-0.0032437639084581527,23.411724790660525,0.041889610918133535,0.009270693642304373,11.653603700184377,9.624008014316267
1.2659999999999714,3.57832285519176,30.66604809390201,32.39701834525589,10298.663664151827,-0.003410879321232907,23.41887223927901,0.04211048709791265,0.009186309751088084,11.657017273757358,9.62332562527566
1.2669999999999713,3.585802241628877,30.713790828267214,32.430259693855575,10293.797297736644,-0.0035789404782768375,23.42606932587962,0.04233028430083163,0.009102983826485556,11.660452055936052,9.622636687273515
1.2679999999999712,3.593237001625326,30.76174573637262,32.46255128963813,10289.41756796298,-0.0037475308985590594,23.433224338756453,0.04254978496132633,0.009019513866381945,11.663865768570158,9.621956034601958
1.268999999999971,3.600412639232664,30.807615535335316,32.49579263823782,10285.475811166683,-0.003916210856650559,23.440134324011897,0.04276928052707246,0.00893485099646052,11.667165096702316,9.621307139635853
1.269999999999971,3.607920529041015,30.864522911903485,32.529033986837504,10281.928230050014,-0.004083041636430251,23.447321959212324,0.04298980835370381,0.008849005968344037,11.670553238384386,9.620617774271661
1.2709999999999708,3.615383695584214,30.914881253253355,32.56132558262006,10278.735407045013,-0.004252053591663085,23.454501782032445,0.043211591534620786,0.008762399460008896,11.673972301750291,9.619938720993234
1.2719999999999707,3.622641248222898,30.964529216791576,32.594566931219745,10275.861866340512,-0.0044211555361931,23.461482091078345,0.043434514753609876,0.008676463838275972,11.677302389315921,9.619284933665861
1.2729999999999706,3.63012331215192,31.02269936347398,32.62780827981943,10273.275679706461,-0.004588651845337688,23.46864459243109,0.043659091208977874,0.008589954713650427,11.680680411574745,9.618604904539529
1.2739999999999705,3.637669486657404,31.078048183557883,32.66009987560199,10270.948111735815,-0.004757815982828872,23.475887957749695,0.043885371665418615,0.008502898309968199,11.684113652108294,9.617921142937252
1.2749999999999704,3.644954792638179,31.12921998225337,32.693341224201674,10238.853300562234,-0.004928301862633044,23.482894005949916,0.04411283942895455,0.008416020263610713,11.687453197310669,9.617270154913133
1.2759999999999703,3.652465460849917,31.109546713150063,32.725632819984234,10209.967970506012,-0.00510316607088801,23.49028350314424,0.0443432567061538,0.008343879373211238,11.69106882278323,9.616524640819675
1.2769999999999702,3.659769201740373,31.08081080609601,32.758874168583915,10183.971173455411,-0.005281757200197579,23.497535340394336,0.04457306322044141,0.008281276710640273,11.694702951737177,9.615816658183418
1.27799999999997,3.667353549732935,31.07185249370969,32.79116576436647,10160.57405610987,-0.0054522338687156835,23.504984730906497,0.04480608065493791,0.00821815702228157,11.698372629651276,9.615077224918267
1.27899999999997,3.674621085781581,31.060687825533986,32.824407112966156,10139.516650498883,-0.005618151117547043,23.51214713245178,0.04504299936216444,0.0081487881082275,11.701910260614993,9.6143864298099
1.2799999999999698,3.682224560694634,31.06810137821947,32.856698708748716,10120.564985448995,-0.005777813785131647,23.519564520553185,0.04528507924942998,0.00807653644840517,11.705505600406134,9.613659229043256
1.2809999999999697,3.689565333399779,31.070064935728308,32.889940057348404,10103.508486904095,-0.005937134566611713,23.526762601515358,0.045532032689359736,0.008001151350559899,11.709026931352078,9.612974941476208
1.2819999999999696,3.69718802009348,31.0875393410669,32.92223165313096,10088.157638213686,-0.006093415836240901,23.534174498029998,0.04578412206595678,0.00792485747443189,11.712603641125012,9.612260830678037
1.2829999999999695,3.704547389995672,31.099850527962456,32.95452324891351,10074.341874392318,-0.006251498100022568,23.541362206700164,0.046040016814436036,0.007845838341882572,11.716098402438245,9.611587982384425
1.2839999999999694,3.711915917045402,31.121867618599186,32.9877645975132,10061.907686953085,-0.006409529583121687,23.54851881197784,0.04629844591426452,0.007765066844675539,11.719544756063545,9.610915258511582
1.2849999999999693,3.719567337361991,31.151613828560624,33.02005619329575,10050.716918257776,-0.006569887556668819,23.555927406454764,0.04655837952051678,0.007681846101790568,11.723087121850282,9.61021339001773
1.2859999999999692,3.726954521696804,31.17524623202239,33.052347789078304,10040.645226432,-0.006735824604631568,23.563112781962772,0.04681786570063812,0.007597046054839074,11.726559702468956,9.609548140924796
1.286999999999969,3.73435089278165,31.20787850825652,33.08558913767799,10031.5807037888,-0.0069039100541579135,23.570267807362903,0.04707584055866909,0.0075109330620938275,11.729984222459764,9.608880929365846
1.287999999999969,3.742031139450883,31.247314715156488,33.117880733460545,10023.42263340992,-0.007075517289936606,23.57767801641274,0.0473319915532851,0.007422456310876291,11.733507070252177,9.608182351812626
1.2889999999999688,3.749501378712705,31.280624565265065,33.1501723292431,10016.080370068928,-0.007252913279815698,23.58491700488909,0.04758546048259399,0.007332660708440686,11.736984949038122,9.607512533981462
1.2899999999999687,3.756925726353443,31.320259678096356,33.18246392502566,10009.472333062036,-0.007432227321351015,23.592082497894168,0.047836262607820534,0.007241802407900122,11.740404411355623,9.606846987377946
1.2909999999999686,3.764359300277117,31.362369439828633,33.21475552080821,10003.525099755832,-0.007613713469029004,23.59924934114608,0.04808462646583128,0.00714835557326432,11.743810757054415,9.606181343865808
1.2919999999999685,3.771802110302561,31.405736638187353,33.247996869407906,9998.17258978025,-0.007797447041338945,23.60642350899802,0.04833080562267367,0.007053466919096862,11.747221719734387,9.605514914945518
1.2929999999999684,3.779585756224964,31.456412163906297,33.28028846519046,9993.355330802226,-0.007982300517133278,23.613904277158987,0.04857596942915765,0.0069588117951595585,11.750762453482437,9.6048094078079
1.2939999999999683,3.78704742697236,31.497601271595883,33.312580060973005,9989.019797722003,-0.008170058949320769,23.621117005772096,0.048820277004924695,0.006864299346168057,11.75421949188918,9.604147785540242
1.2949999999999682,3.794573771442481,31.548303333614776,33.34487165675556,9985.117817949804,-0.008355896205578195,23.62834756908414,0.04906483389743732,0.006769906183827834,11.757643953336318,9.603476532577957
1.295999999999968,3.802054026754556,31.597404751994258,33.37716325253812,9981.606036154824,-0.008542084516130921,23.63554355571147,0.04931012760215564,0.006673508287569463,11.761052024949077,9.60281391045548
1.296999999999968,3.80959906110264,31.64920171315632,33.409454848320664,9978.445432539342,-0.008728245728736483,23.64279290228049,0.049556605093713235,0.006576587429809155,11.764481196100927,9.602143857993205
1.2979999999999678,3.81709794058173,31.699952982720756,33.441746444103224,9975.600889285408,-0.008914826150114685,23.6500041385209,0.04980434200305339,0.006479342440955216,11.767899341245863,9.601482022659885
1.2989999999999677,3.824661704581138,31.753759871327837,33.47403803988578,9973.040800356868,-0.009101039966547653,23.657266396331405,0.05005355304522924,0.006382239080480967,11.771331649776105,9.600813633287476
1.2999999999999676,3.83223486979221,31.807385119048362,33.50632963566833,9970.736720321182,-0.009287692445342333,23.664541076645424,0.050304212461616316,0.006285113067583725,11.77477186957354,9.600146798008101
1.3009999999999675,3.839761781409932,31.861049650542764,33.538621231450875,9948.663048289063,-0.009474721287508758,23.67177113829611,0.05055617322011413,0.006187930909292039,11.778191704242417,9.599487019129707
1.3019999999999674,3.847353736112288,31.860922119508693,33.56996307441631,9928.796743460158,-0.00966579688139968,23.679202426475037,0.05081080945430183,0.00610113381349825,11.781791922566992,9.59877231404478
1.3029999999999673,3.854675667658835,31.854531467996743,33.60225467019886,9910.917069114143,-0.00985890638984227,23.686412568394484,0.051065195229193505,0.006021248714367322,11.785343876268875,9.598098947712046
1.3039999999999672,3.862286173995339,31.865608349673668,33.63454626598141,9894.825362202728,-0.010045250190799937,23.693833488014192,0.05132232056566688,0.0059402028901412995,11.78893600683947,9.597391355074846
1.304999999999967,3.869906131309076,31.87706938179263,33.666837861763966,9880.342825982456,-0.010228732482193748,23.701275052257962,0.05158284177263733,0.005854931205873437,11.792540278847557,9.596692181977204
1.305999999999967,3.877535549654823,31.894237033507757,33.69912945754652,9867.30854338421,-0.010409446696209579,23.708707726350703,0.05184731791152564,0.00576833215145417,11.796130191928917,9.595997103960581
1.3069999999999669,3.885174439097252,31.916136885640913,33.73047130051193,9855.57768904579,-0.010588227757708069,23.716135431037735,0.05211613288363226,0.0056801779648184,11.799703336664292,9.595307902102602
1.3079999999999667,3.892541758527975,31.93713434886402,33.76276289629449,9845.01992014121,-0.010766480654676003,23.723305914425726,0.0523885823396405,0.005589483710236709,11.803157573970449,9.594656398723005
1.3089999999999666,3.900199297908813,31.970990449301468,33.79505449207704,9835.51792812709,-0.010943328944608477,23.730706979972524,0.0526645419940322,0.0054965861030226715,11.80667397504531,9.593971640458573
1.3099999999999665,3.90786633830941,32.00199247921831,33.82639633504247,9826.966135314382,-0.011123498526184605,23.738140582129873,0.052942747299557835,0.00540176953080862,11.810228424179789,9.593293242048754
1.3109999999999664,3.915260880975528,32.0319190005614,33.85868793082502,9819.269521782944,-0.011306244371621033,23.745314426520938,0.05322153279138958,0.005306178023423869,11.813670771685263,9.592649479253778
1.3119999999999663,3.922946630267692,32.07438241102034,33.89002977379044,9812.34256960465,-0.011489681075671387,23.752719132343618,0.05350053403230359,0.0052091312763132835,11.817171246748423,9.591970696868223
1.3129999999999662,3.930359265263737,32.10839004046542,33.92232136957299,9806.108312644186,-0.011678198182988264,23.759901415746857,0.05377801465250831,0.0051098046001234465,11.820602120084796,9.59132936115549
1.313999999999966,3.938119983400246,32.15577220977281,33.95461296535555,9800.497481379767,-0.01186806731762885,23.767365825731105,0.05405415179415163,0.005010310662916129,11.82412456664442,9.590643713422985
1.314999999999966,3.94583407512814,32.19767292551723,33.98595480832097,9795.44773324179,-0.012062758806216156,23.774817485450683,0.05432847209815106,0.004909663824000932,11.827669298387924,9.5899701663869
1.3159999999999659,3.953274118886441,32.238631025500624,34.017296651286394,9790.902959917612,-0.012259841394126003,23.782004272231752,0.05460064823952998,0.004808402895453812,11.831094635599303,9.58932875436573
1.3169999999999658,3.960779443077842,32.287053500896526,34.04958824706895,9786.812663925852,-0.012457103165131322,23.78922028158486,0.05487118097230648,0.0047049900512363685,11.83449514837549,9.588677731560333
1.3179999999999656,3.968521641404912,32.33837149349535,34.080930090034364,9783.131397533267,-0.012656518976153552,23.796661205822588,0.055140662149999575,0.004599891677742385,11.8379967013018,9.588000102136235
1.3189999999999655,3.976045299983418,32.38306051247694,34.113221685816924,9779.81825777994,-0.01285896640394174,23.803922006537164,0.05540887836161701,0.004494710047293626,11.841450169576419,9.587351806506682
1.3199999999999654,3.983806408065201,32.43778061777819,34.144563528782335,9776.836432001946,-0.01306050784307533,23.811369598581823,0.05567711033421213,0.004390138674183475,11.844955453832736,9.586674133876054
1.3209999999999653,3.991348439446023,32.485284390153495,34.17590537174776,9774.152788801752,-0.013263834291996568,23.818639032656808,0.055945345261171175,0.004284651413898832,11.848401523998557,9.586027644376916
1.3219999999999652,3.998842971859333,32.53724818639266,34.20819696753031,9771.737509921577,-0.013466180461463917,23.82583939697276,0.056214063915003665,0.004178796755451186,11.851795767238194,9.585384477797815
1.322999999999965,4.006688939572966,32.596073898723304,34.23953881049574,9769.56375892942,-0.013668170034677796,23.833356692131343,0.05648428527609023,0.004072322778011617,11.855315080638995,9.584701239388572
1.323999999999965,4.014258464664279,32.64454471387085,34.27088065346115,9767.607383036478,-0.013872732418282518,23.84065459220795,0.05675544415693479,0.0039657896008062354,11.858779100946824,9.584056498363669
1.3249999999999649,4.021780390652929,32.699022298049826,34.30222249642658,9765.84664473283,-0.014075673456200699,23.847874452279704,0.05702786980823599,0.003859495574036198,11.862179275805758,9.583415099559742
1.3259999999999648,4.029368066219336,32.75527758406899,34.334514092209126,9739.261980259547,-0.014278360039921778,23.855152018066605,0.0573016173428465,0.0037517248629280187,11.865591205220483,9.582767530024782
1.3269999999999647,4.037251977384357,32.74120650587944,34.36585593517455,9715.335782233593,-0.014487123593922735,23.862905825018068,0.0575792183893048,0.00365825632712663,11.869350940321802,9.582021796312974
1.3279999999999645,4.044858202390703,32.716880878542035,34.39719777813996,9693.802204010233,-0.014699180201509898,23.87045671923042,0.0578569669882078,0.0035762486433749685,11.873109325537952,9.581325288964315
1.3289999999999644,4.052473557011663,32.70901122623441,34.42853962110539,9674.42198360921,-0.014901943326985134,23.87794744554818,0.05813895523613016,0.0034932806004504546,11.876779854337528,9.58062870446011
1.3299999999999643,4.060098050656598,32.70823462456905,34.459881464070804,9656.97978524829,-0.015097844607470379,23.885426056915847,0.05842641682410249,0.0034036442414345225,11.880404941549962,9.579939666242725
1.3309999999999642,4.067731692743836,32.712972565207366,34.49122330703622,9641.28180672346,-0.01528981129037671,23.89289935486725,0.058719747149113544,0.0033100866613480218,11.884015557732203,9.579255942762689
1.331999999999964,4.075374492700687,32.722925416391746,34.52256515000164,9627.153626051115,-0.015479168150382583,23.900367421077043,0.05901887809591616,0.003214485034108372,11.887615459361934,9.578578906338208
1.332999999999964,4.083026459963457,32.737762247023554,34.553906992967065,9614.438263446003,-0.015666932100156128,23.907830678710987,0.059323228598118116,0.003117306028048328,11.89120279772169,9.577908019540178
1.3339999999999639,4.090687603977442,32.757042135372416,34.58524883593249,9602.994437101403,-0.015854430113812934,23.915290276703654,0.059631633734729905,0.003018762504510719,11.894777883120932,9.577242182208456
1.3349999999999638,4.098357934196957,32.78032458479762,34.61659067889791,9592.694993391262,-0.016043084077291048,23.922747482907447,0.059942602836790204,0.002918823378505353,11.898342361116642,9.576580082063607
1.3359999999999637,4.106094621124001,32.808186167494796,34.647932521863325,9583.425494052137,-0.016234119173460515,23.930255393525456,0.060254716432150746,0.0028174446515928375,11.901919868139128,9.575913784754022
1.3369999999999636,4.113783394969611,32.83740876462512,34.67927436482875,9575.082944646923,-0.01642884298962799,23.937716119933224,0.06056641045963329,0.00271435349119592,11.905475913246892,9.575256687777122
1.3379999999999634,4.121481383469853,32.87080266911585,34.70966645497703,9567.57465018223,-0.016627094317470004,23.94517088140708,0.06087661332526689,0.002609386258698998,11.909016917513387,9.574599663230655
1.3389999999999633,4.12889762031734,32.90174597819898,34.74100829794245,9560.817185164007,-0.016829516141669387,23.952363514619634,0.061183747956099765,0.0025015830742022294,11.912441443312622,9.573977367564895
1.3399999999999632,4.136671074943394,32.94562159709818,34.772350140907875,9554.735466647608,-0.017034110674514658,23.95984972855724,0.061488127874069765,0.002391901904352678,11.915957965976444,9.573309215248283
1.340999999999963,4.144396484151035,32.98352642266222,34.803691983873286,9549.261919982848,-0.017244507145665056,23.96732538184598,0.061789030732836814,0.0022809342912668007,11.919504805629844,9.572652753287239
1.341999999999963,4.152188562854653,33.026526412919324,34.83408407402158,9544.335727984564,-0.017457414592434717,23.974845130745724,0.06208710309883353,0.0021705418266933507,11.923064901121055,9.57198777536766
1.342999999999963,4.159640268719343,33.064832570051884,34.86542591698699,9539.902155186108,-0.017672541376063944,23.982053979279307,0.06238223671620591,0.002058742642745026,11.926489254225167,9.571366041899633
1.3439999999999628,4.167450684425779,33.116629340049485,34.89676775995242,9535.911939667498,-0.017886991973905753,23.989552811565233,0.06267620972377463,0.0019458594558908193,11.92999654877363,9.57069745597154
1.3449999999999627,4.175270466974171,33.16246717295463,34.92715985010071,9532.320745700748,-0.01810482743655134,23.99709665475057,0.06296933951146805,0.001832115156389924,11.933558162105959,9.570034651278469
1.3459999999999626,4.182748812516449,33.20478415591063,34.958501693066125,9529.088671130674,-0.018323408829309717,24.004321129120733,0.06326173818385938,0.0017184706282139528,11.936988208070286,9.56941277271128
1.3469999999999624,4.190586988174928,33.260605463333135,34.98889378321441,9526.179804017607,-0.018539685789964344,24.01183552521266,0.0635552495102234,0.0016043783012658075,11.940495985086311,9.568746013990136
1.3479999999999623,4.198140691885096,33.305123554236765,35.02023562617983,9523.561823615846,-0.018758348191301066,24.01912887137589,0.0638491744081418,0.0014890946694951501,11.943944305023045,9.568119924256598
1.3489999999999622,4.205939626194123,33.36047175476962,35.05062771632812,9521.205641254262,-0.01897533896608966,24.026611447739633,0.06414469346117785,0.0013747112532905836,11.947447045098444,9.567461154667349
1.3499999999999621,4.213511137389482,33.40800221923664,35.08196955929353,9519.085077128837,-0.019193558230224117,24.03391074474373,0.064441186055688,0.0012596483219152188,11.95089031048488,9.566835939910895
1.350999999999962,4.221386254378642,33.46590572144544,35.11236164944183,9502.176569415953,-0.01941037565381537,24.041459683553292,0.06473970082030539,0.0011452742375301361,11.954415930022872,9.566172051623171
1.351999999999962,4.228975651151853,33.467361891627064,35.143703492407234,9486.958912474358,-0.019632304795129285,24.048905342328965,0.06504084772963054,0.0010391395846932605,11.958009975575127,9.565507652056315
1.3529999999999618,4.236869316629273,33.479471858189555,35.17409558255553,9473.263021226923,-0.019853197591185534,24.05661111253848,0.06534372308419178,0.00094056642961593,11.961718969502828,9.564811188560814
1.3539999999999617,4.244476635282417,33.48753272038767,35.20448767270382,9460.936719104231,-0.02007115913028018,24.06406468453619,0.065649663861714,0.0008401976229106545,11.965328532829275,9.564157847328328
1.3549999999999616,4.252092769657074,33.50669561611768,35.23582951566924,9449.843047193808,-0.020283201293134046,24.0714781784811,0.06595974859473802,0.0007361634963234387,11.968871231755834,9.563503480728809
1.3559999999999615,4.260014163748983,33.53393751416219,35.26622160581751,9439.858742474427,-0.02049267967820556,24.07916327987568,0.0662747552442644,0.0006293022502222301,11.972513343205158,9.562819425318626
1.3569999999999613,4.267648274273734,33.55438572325045,35.29661369596581,9430.872868226985,-0.020702802124288988,24.086606806808277,0.06659353034468729,0.0005211079247374184,11.976081518551625,9.562178579782188
1.3579999999999612,4.275349324483407,33.585360986400126,35.32700578611409,9422.785581404287,-0.020910316507683158,24.09406841026496,0.06691621367703188,0.0004121097604398716,11.979619562627299,9.56153034037565
1.3589999999999611,4.283001170885839,33.61648772099697,35.357397876262375,9415.507023263859,-0.021118278524203282,24.10148723370937,0.06724163008454276,0.0003008700284277688,11.983133322628602,9.560894086012361
1.359999999999961,4.290661877393342,33.6509996934592,35.3887397192278,9408.956320937474,-0.021327288245375997,24.108903176254522,0.06756856059409755,0.0001883717160964249,11.986639238726717,9.560258058009456
1.360999999999961,4.298629495338258,33.69269660707109,35.41913180937609,9403.060688843727,-0.021538251502449646,24.116593131896295,0.06789655468568778,7.552125243509566e-05,11.990256568719353,9.559588720995205
1.3619999999999608,4.306366535982982,33.727620104180815,35.449523899524365,9397.754619959354,-0.021753438205955045,24.12409453712465,0.06822392093985119,-3.787076871308859e-05,11.993820105980742,9.55895339711137
1.3629999999999607,4.314054238335884,33.76898920572924,35.479915989672655,9392.979157963418,-0.021969708676938537,24.131516454940606,0.06855035926194059,-0.0001522610491272447,11.997318747376836,9.558321614644932
1.3639999999999606,4.321809188744253,33.81346065033294,35.510308079820945,9388.681242167077,-0.022188463740650477,24.13899311098207,0.06887554425453885,-0.00026909993264656595,12.000825416319929,9.557683151515448
1.3649999999999605,4.329514734004362,33.85687488538382,35.54070016996923,9384.813117950369,-0.022410821183987018,24.14643000643117,0.0691988338732058,-0.0003877599999878578,12.004323695928417,9.557051570028728
1.3659999999999604,4.337287629890306,33.903799126981184,35.571092260117524,9381.331806155333,-0.02263559256542108,24.153918767795055,0.06952034574838672,-0.0005073067914366236,12.007838772747153,9.55641189120738
1.3669999999999602,4.345011053681432,33.94995464254936,35.6014843502658,9378.1986255398,-0.022862891666223573,24.161365393864536,0.06984001306340554,-0.0006277046263347685,12.011338970118965,9.555780186478849
1.3679999999999601,4.352801930824856,33.99947055363829,35.63092668759696,9375.378762985822,-0.023091591065205197,24.16886413342161,0.07015839747622177,-0.000748407982379018,12.01485333520619,9.555140338699495
1.36899999999996,4.360301216607954,34.043879158179315,35.66131877774524,9372.84088668724,-0.023321846792670298,24.176101471435853,0.07047503522781184,-0.0008701508884700893,12.018260964321993,9.554537000457595
1.36999999999996,4.368051224066749,34.0984409778263,35.69171086789353,9370.556798018515,-0.02355112278289201,24.18353680384926,0.07079121545551592,-0.0009923653022953505,12.021721237242396,9.553899709076134
1.3709999999999598,4.375868837635813,34.149504878460725,35.72210295804181,9368.501118216664,-0.02378243088741161,24.191060857731145,0.07110699319550623,-0.0011146116397156014,12.025243592656327,9.553259907382829
1.3719999999999597,4.383695503209132,34.20108700109579,35.7524950481901,9366.651006394997,-0.02401427237531234,24.198593096690885,0.07142294901808904,-0.001235511954235713,12.028778779668748,9.552620431138774
1.3729999999999596,4.391531229812017,34.254167588694685,35.78193738552125,9364.985905755499,-0.024245736342316693,24.206127958769724,0.07173989182285256,-0.0013558284264922338,12.03230779115351,9.551982534778883
1.3739999999999595,4.399073801132251,34.30303875464315,35.812329475669536,9363.48731517995,-0.02447697829968798,24.213393929242415,0.07205759999401418,-0.0014772247460438925,12.03571810621243,9.55138095780467
1.3749999999999594,4.406927351688351,34.36251483234423,35.842721565817826,9362.138583661954,-0.024706673684323055,24.220914735922914,0.07237738282123424,-0.0015995209485154538,12.039204262170756,9.550739097921042
1.3759999999999593,4.414789990086984,34.41604630054282,35.87216390314897,9345.92472529576,-0.024938828561597848,24.22847816637882,0.07269873258806281,-0.001722370507161064,12.042740889945627,9.550103139225694
1.3769999999999591,4.422358534937935,34.417221083061406,35.90255599329726,9331.332252766184,-0.02517472932275372,24.235903704893044,0.07302298575247046,-0.0018360894538513861,12.046314185316866,9.549458374360965
1.377999999999959,4.430239050060965,34.42847310779516,35.93199833062842,9318.199027489565,-0.025409412265875397,24.243599749435162,0.07334907685312952,-0.001942469507907385,12.050000353626888,9.548782862851757
1.378999999999959,4.437824848365226,34.43505260709063,35.9623904207767,9306.37912474061,-0.025640908564057818,24.25103880698058,0.07367812243657862,-0.002050681692126799,12.053589260848572,9.548150690826773
1.3799999999999588,4.445723275268108,34.45797121533848,35.99183275810785,9295.741212266548,-0.02586606853234802,24.258712845087334,0.07401216005654171,-0.002161451540791448,12.057227899853668,9.547481194648942
1.3809999999999587,4.453326360899775,34.47392185756622,36.022224848256144,9286.167091039893,-0.026089760642377113,24.2661393661261,0.07435019477711585,-0.0022750173885496827,12.060776763513417,9.546858452100713
1.3819999999999586,4.461301847850427,34.50553531712836,36.05166718558729,9277.550381935904,-0.02630970726638776,24.273862137734564,0.07469367395644927,-0.00238906515201337,12.064414946375509,9.546191022331904
1.3829999999999585,4.468922296339008,34.527373946726286,36.082059275735574,9269.795343742313,-0.026530494423887496,24.281291122904676,0.07504062146157336,-0.0025047500941439704,12.067955297903062,9.545578545809423
1.3839999999999584,4.476856695189159,34.5645673727364,36.11150161306673,9262.815809368081,-0.02674900829054483,24.288957800259467,0.07539174255484338,-0.0026210155332518914,12.071554661593332,9.544926043458789
1.3849999999999583,4.484553738359853,34.59415095574074,36.140943950397876,9256.534228431274,-0.026970161878381693,24.29643510103042,0.0757447316493724,-0.002739202885576608,12.075094056416761,9.544312224401677
1.3859999999999582,4.492200115759134,34.63010235860692,36.17133604054617,9250.880805588147,-0.02719177615825441,24.30383294021512,0.07609863679843543,-0.002858934578198191,12.078574137166893,9.543701170785777
1.386999999999958,4.500220756631625,34.674605289233405,36.20077837787731,9245.792725029332,-0.027415733385557528,24.31156382766573,0.07645319135775097,-0.002979935675451295,12.082180523291393,9.543048340629728
1.387999999999958,4.507884581964863,34.708287841521134,36.230220715208475,9241.2134525264,-0.02764499626707012,24.319001699322317,0.07680589726830389,-0.0031021438702740767,12.085700875977372,9.54244472670127
1.3889999999999578,4.515616371874276,34.752431823977574,36.25966305253962,9237.09210727376,-0.02787497127607902,24.32645480061729,0.0771570232215964,-0.0032252069672689676,12.089187310116603,9.54182738537577
1.3899999999999577,4.523297361175408,34.795118299660245,36.289105389870784,9233.382896546384,-0.028108137750910867,24.333868910590766,0.0775057121125966,-0.0033505036202920446,12.092654210390013,9.541219296825588
1.3909999999999576,4.531046415215998,34.84087280820433,36.31854772720193,9230.044606891746,-0.028343982703803394,24.341337913980023,0.07785187065303545,-0.003476781144650054,12.096142822045419,9.540601193446019
1.3919999999999575,4.538804134730134,34.88670659585182,36.347990064533086,9227.040146202571,-0.028582452267299885,24.348818343264252,0.07819542554571424,-0.003603390229924064,12.0996421993915,9.539984136145229
1.3929999999999574,4.546510953078829,34.93298427657658,36.37743240186423,9224.336131582315,-0.02882246435676622,24.356248314397142,0.07853663810528955,-0.0037301914973370542,12.10311882420384,9.539373468687227
1.3939999999999573,4.55428598670293,34.98245281868229,36.40687473919538,9221.902518424084,-0.029063176910087307,24.363731676689177,0.07887631285206409,-0.0038570684788958864,12.106608536226346,9.538754725900489
1.3949999999999572,4.562069710867675,35.03165272189044,36.436317076526535,9219.712266581675,-0.029304990095848804,24.371227534974583,0.07921499064408194,-0.00398402841826373,12.110107766495288,9.538137096170612
1.395999999999957,4.569862133953537,35.081932302634826,36.46575941385768,9217.741039923509,-0.029547224155449192,24.378728304003083,0.07955344294196864,-0.0041109063723848704,12.113608495762797,9.537519498551548
1.396999999999957,4.577663264348472,35.13314070713029,36.49520175118884,9215.966935931157,-0.02978961394619367,24.38623459222969,0.07989241547203163,-0.00423793197390987,12.117108664559648,9.536902650723983
1.3979999999999568,4.585473110447944,35.18511038594519,36.52464408851999,9214.370242338042,-0.03003216494004063,24.393747135946313,0.08023252520927915,-0.0043652534054711145,12.120609259753834,9.536286476814631
1.3989999999999567,4.593291680654913,35.23775103559666,36.55408642585115,9212.933218104237,-0.03027496127127166,24.401266264558355,0.08057422901107775,-0.004492908045631128,12.124111006987624,9.53567113427518
1.3999999999999566,4.601118983379851,35.29100393632242,36.5835287631823,9211.639896293815,-0.030518112244117712,24.40879215256391,0.08091783198519992,-0.004620942516783522,12.127614073281482,9.535056678406836
1.4009999999999565,4.608955027040742,35.34481756161565,36.61202134769631,9195.475906664433,-0.030761755376035427,24.416324951346247,0.0812634805032757,-0.004749379098471729,12.13111851435087,9.534443102391727
1.4019999999999564,4.616488607536077,35.343104936279,36.641463685027475,9180.92831599799,-0.03100915488531819,24.42372508622573,0.08161253607348862,-0.004869657003597039,12.134661062177187,9.533820076516374
1.4029999999999563,4.62440182904177,35.35203177734917,36.67090602235862,9167.83548439819,-0.03125572540069904,24.431460532092395,0.08196372767040028,-0.004982204981923755,12.138351436596599,9.53315769416963
1.4039999999999562,4.632263864541854,35.35943961260001,36.69939860687264,9156.051935958372,-0.031499134924712235,24.439166027488575,0.08231868948711857,-0.005095498646277674,12.142048476897106,9.532512067233338
1.404999999999956,4.639822501043973,35.36950956698906,36.72884094420379,9145.446742362536,-0.03173660052690919,24.446565077423877,0.08267767494437783,-0.005211765366253063,12.145589524698018,9.531905908280283
1.405999999999956,4.647701769463639,35.394552077810395,36.75828328153494,9135.902068126283,-0.03196834191187037,24.454213183482338,0.08304244488466755,-0.005330414693041408,12.149182750280206,9.531263126849751
1.4069999999999558,4.655649990732639,35.41758535180941,36.786775866048956,9127.311861313654,-0.03219978839148474,24.46195066263582,0.08341226057993617,-0.005450169157947826,12.15283803596963,9.530624142579818
1.4079999999999557,4.663233755061489,35.437746047156566,36.81621820338012,9119.58067518229,-0.03242981315557952,24.469347811249182,0.08378563710340775,-0.005570720347193858,12.156354990109016,9.530033524813325
1.4089999999999556,4.671199384236917,35.474212632621324,36.84471078789414,9112.622607664061,-0.032656924781126084,24.477045060593156,0.08416359092511744,-0.00569234663235918,12.15994664578567,9.529396872931231
1.4099999999999555,4.678799849543495,35.4994618647106,36.874153125225284,9106.360346897656,-0.03288683497313016,24.484445432389435,0.08454282340362834,-0.005816149668237902,12.16344301439551,9.52881452699407
1.4109999999999554,4.686782919599206,35.54071313357124,36.9026457097393,9100.72431220789,-0.03311665022934873,24.492146891946195,0.08492388477742974,-0.005940431098512833,12.167029433615468,9.528181052625223
1.4119999999999553,4.694460487266585,35.57167694573514,36.93113829425332,9095.651880987101,-0.03335093951151824,24.499604779290994,0.08530379967979068,-0.006066288466021752,12.170541775519368,9.52759476657863
1.4129999999999552,4.70208592678372,35.61010215988831,36.96058063158447,9091.086692888392,-0.033586197970108755,24.506974573710323,0.08568210546774707,-0.006193706021071443,12.173985204716775,9.527007830306154
1.413999999999955,4.710095077310585,35.6566874431479,36.9890732160985,9086.978023599553,-0.033824515905874986,24.51468785850603,0.08605902056848808,-0.0063221636606478615,12.177558858807016,9.52637741408029
1.414999999999955,4.717797791383608,35.692731558525146,37.01756580061251,9083.280221239598,-0.03406826870206986,24.522156654474717,0.08643245733233035,-0.0064514434567659595,12.181070509616317,9.525789932169939
1.4159999999999549,4.725448275879963,35.73617446611658,37.04605838512653,9079.95219911564,-0.034312623596197245,24.529536215929483,0.08680308674944892,-0.0065814755447740625,12.18451116174233,9.525202603752604
1.4169999999999547,4.733167568596962,35.78216497566132,37.07550072245768,9076.956979204075,-0.03455886638673855,24.53697386243552,0.08717118773807092,-0.006713211551971188,12.187960816389436,9.524608167411948
1.4179999999999546,4.741211512214963,35.83279590600896,37.103993306971695,9074.261281283667,-0.03480811654684318,24.54471378343337,0.08753779057294953,-0.006844858913445051,12.191548047804204,9.523976214139886
1.4189999999999545,4.748947773404969,35.874232589468484,37.13248589148572,9071.835153155302,-0.035060564211448486,24.552199196132612,0.0879021087767613,-0.006976079684898606,12.195061503422764,9.523387776955653
1.4199999999999544,4.756692371915715,35.923638699678705,37.160978475999734,9069.651637839772,-0.03531171137620975,24.55965153366936,0.08826596019021316,-0.0071077201599037965,12.198523003240176,9.522793199481846
1.4209999999999543,4.764445315514387,35.973033123618514,37.18947106051376,9067.686474055794,-0.03556352429414,24.567114409876357,0.08862979078953537,-0.007240743204475986,12.201980348353834,9.522200428830612
1.4219999999999542,4.772206611974893,36.02266512806704,37.21796364502777,9065.917826650215,-0.03581626880947797,24.57458630884276,0.08899388839830347,-0.007374445864812673,12.205446770213277,9.521606706062464
1.422999999999954,4.779976269077853,36.072967003128205,37.24645622954179,9064.326043985195,-0.03606943756194092,24.582064647752805,0.0893585555747225,-0.007508126402025805,12.20891751856167,9.521013700099601
1.423999999999954,4.78781516217905,36.12501012662033,37.274948814055804,9062.893439586675,-0.03632275198771828,24.58960426001481,0.08972431050245672,-0.007641483716804676,12.212412293402926,9.52041414275762
1.4249999999999539,4.795601605381923,36.175704741224195,37.30344139856983,9046.604095628009,-0.0365763918416942,24.59710025545842,0.09009108941642041,-0.007774473060713882,12.215892620508477,9.519823652832788
1.4259999999999537,4.803396432637705,36.17540471784463,37.33193398308384,9031.943686065208,-0.03683313394242704,24.604746490043397,0.09046203942998216,-0.007897686261985393,12.21952734903345,9.519183240626058
1.4269999999999536,4.81119965175396,36.174233757014406,37.359476814780734,9018.749317458687,-0.037089976267180136,24.612420331227852,0.09083447540783857,-0.008012319895075115,12.223211594154536,9.518554800727689
1.4279999999999535,4.818752782245891,36.176155345029606,37.38796939929475,9006.874385712817,-0.03733992897198507,24.619840528232924,0.09121070867786202,-0.008128907074264169,12.22676880359832,9.517958817530719
1.4289999999999534,4.826572529542121,36.192451155554956,37.416461983808766,8996.186947141536,-0.037582459671336166,24.62746032794076,0.09159288209158273,-0.00824920887220637,12.230357480830467,9.517332864864972
1.4299999999999533,4.834461807184791,36.208685114070185,37.444954568322785,8986.568252427383,-0.037822574844785906,24.635160940087623,0.09198071471146585,-0.008371306851602811,12.233993557090773,9.516710394693977
1.4309999999999532,4.842298434057453,36.22761026291761,37.47249740001966,8977.911427184645,-0.038060001885317385,24.642803909763703,0.0923740499875621,-0.008493526248857242,12.237607293112774,9.516100754193944
1.431999999999953,4.849883893769359,36.24761855780018,37.50098998453368,8970.12028446618,-0.038294353142488746,24.650198479304727,0.09277191639558008,-0.008617157926707864,12.241096155950348,9.515526496534473
1.432999999999953,4.857737110000072,36.27930432123517,37.52853281623057,8963.108256019563,-0.03852658042103074,24.65780435433624,0.09317454296489958,-0.008742506102756065,12.244636543761246,9.514920586552783
1.4339999999999529,4.865338623502058,36.30390793153519,37.557025400744585,8956.797430417606,-0.03876099097334168,24.66520474240316,0.09357865657632392,-0.008869621480519951,12.248113373586087,9.51435363201093
1.4349999999999528,4.873269780332091,36.34150099379271,37.585517985258605,8951.117687375845,-0.038995980849693745,24.6728696030387,0.09398441079040815,-0.008997235043794738,12.251675195316464,9.513744052366008
1.4359999999999526,4.881148119735718,36.37438436941829,37.61306081695549,8946.00591863826,-0.03923532580757594,24.680513488890814,0.0943895046328202,-0.009125281225348725,12.255251444615718,9.513151181219285
1.4369999999999525,4.88877394531571,36.40733115369223,37.64060364865238,8941.405326774435,-0.03947694379894062,24.687909712403773,0.09479254089006928,-0.009254618055766217,12.258714437929605,9.512586551585517
1.4379999999999524,4.896407695061205,36.44678420051973,37.6690962331664,8937.264794096991,-0.03972009105404445,24.69528256325446,0.09519329416976219,-0.009386220237953768,12.262131207324378,9.512017849993324
1.4389999999999523,4.904372388967674,36.49194206546396,37.69663906486328,8933.538314687292,-0.03996738345757567,24.70295917975545,0.09559197137842673,-0.009519277094845402,12.265674352971022,9.511410835077282
1.4399999999999522,4.912022321374875,36.527502006790456,37.72418189656016,8930.184483218563,-0.04021975692019708,24.710377915630204,0.09598652682027536,-0.009653039775640526,12.269146953555751,9.510847332466247
1.440999999999952,4.919680199620773,36.571411567638,37.75267448107418,8927.166034896707,-0.04047254357568797,24.71776186935346,0.0963782177158809,-0.009787660856121427,12.272569624424,9.510276174881357
1.441999999999952,4.927669995523906,36.621024890331164,37.780217312771065,8924.449431407036,-0.04072786515715715,24.72544938774574,0.09676833710538607,-0.009922657856057282,12.276110779382586,9.509668502850289
1.4429999999999519,4.935344100659196,36.66057810622287,37.807760144467956,8922.004488266331,-0.04098677391689809,24.732879644188813,0.0971556080676792,-0.01005789755315517,12.279580385176226,9.509104312401234
1.4439999999999518,4.943026173361353,36.708075704884536,37.83530297616483,8919.8040394397,-0.04124468372536716,24.74027642266264,0.09754181801780809,-0.010193585366974345,12.28300181134774,9.508532939404532
1.4449999999999517,4.950716220794362,36.75557538427935,37.86284580786172,8917.82363549573,-0.04150326907275015,24.747683398350816,0.09792735169010186,-0.010330395604281117,12.2864195312753,9.507963435101617
1.4459999999999515,4.958414250128199,36.80335764774046,37.89133839237574,8916.041271946156,-0.04176262847188483,24.755098867308185,0.09831244340402995,-0.010467589836205105,12.289845979178404,9.507392634227246
1.4469999999999514,4.966445816999297,36.85721587610033,37.91888122407262,8914.43714475154,-0.04202270846872158,24.762816212679894,0.09869864620961394,-0.010603400530631857,12.29340058676673,9.50678447206582
1.4479999999999513,4.974222000075965,36.90215476282597,37.946424055769505,8912.993430276387,-0.04228427242294702,24.770329160820214,0.09908506934634759,-0.010738243452072527,12.296899348200748,9.506215193563499
1.4489999999999512,4.981944374323329,36.952745195684884,37.973966887466396,8911.694087248748,-0.042543698832639365,24.77775847341435,0.09947309454926545,-0.010873217518099998,12.300331246237393,9.505647749072764
1.449999999999951,4.989674759512119,37.004262272805676,38.001509719163266,8900.524678523874,-0.04280271320617152,24.78519195055117,0.099862946315731,-0.011009370202954893,12.303750170795,9.505081453640125
1.450999999999951,4.997475138324881,37.01986052753191,38.02810279804302,8890.472210671487,-0.043064831845115226,24.792798613429433,0.10025674702558607,-0.011139705073613504,12.307315948350581,9.50447272971135
1.4519999999999509,5.004894478058768,37.02743580094766,38.055645629739914,8881.424989604338,-0.04332704834722978,24.80007879183515,0.1006505939341723,-0.011264773846054787,12.310782502433794,9.503919688244038
1.4529999999999508,5.012710719287711,37.053465940914684,38.08318846143679,8873.282490643905,-0.043582697697467365,24.80766332197168,0.10104873742372933,-0.01139079769991952,12.314322977567503,9.50331367650876
1.4539999999999507,5.020472985204901,37.07445930700496,38.11073129313368,8865.954241579515,-0.04383647915086447,24.81523041494755,0.1014500014080128,-0.01151818115709391,12.317876381105583,9.502728579045714
1.4549999999999506,5.028305435310743,37.1019226064883,38.13827412483056,8859.358817421564,-0.044086779633212836,24.822839636999976,0.10185537006171808,-0.011645585934302927,12.32143732959755,9.502135970835898
1.4559999999999504,5.036146021227844,37.13158134019739,38.16486720371031,8853.422935679408,-0.0443347297730694,24.830451769643346,0.10226499211467704,-0.01177280016777904,12.3249911559477,9.501550793198497
1.4569999999999503,5.043603824045078,37.157674439835766,38.19241003540719,8848.080642111467,-0.04458033920793597,24.837707062406402,0.10267738151082789,-0.011901976805966719,12.328386776524944,9.501014259402307
1.4579999999999502,5.051460343287741,37.19901593402429,38.219952867104084,8843.27257790032,-0.044823631492184546,24.84528217587702,0.10309400289545162,-0.012032618544796037,12.331871410949566,9.500426295948083
1.4589999999999501,5.059325020005716,37.23405100857672,38.24654594598383,8838.945320110288,-0.04507019585901084,24.852905576237895,0.10351239595506401,-0.01216382598691007,12.335413577077967,9.499850094192714
1.45999999999995,5.066868208158504,37.26677301438234,38.27408877768072,8835.050788099259,-0.04531755315244057,24.860224870131844,0.10393069211709705,-0.01229592970935911,12.338831294181395,9.499311656969647
1.46099999999995,5.074748901714383,37.31278680970108,38.300681856560466,8831.545709289334,-0.045564976121841405,24.86781203670123,0.10435012847584019,-0.012428790306701187,12.342316349949218,9.498729836869149
1.4619999999999498,5.082245072935272,37.346930825852525,38.32822468825736,8828.3911383604,-0.04581634715363647,24.875084226211637,0.10476722415318718,-0.012563425442840837,12.345697732474733,9.498202068115738
1.4629999999999497,5.090141770527423,37.39635199693408,38.354817767137106,8825.55202452436,-0.046068713004181805,24.882675564834337,0.10518389391492777,-0.01269861069464362,12.349178358593413,9.49761724699862
1.4639999999999496,5.097778253212061,37.43479250860621,38.382360598833976,8822.996822071924,-0.046325582187731085,24.890070639781896,0.10559751195514494,-0.01283432368296894,12.35261022285296,9.497075025523849
1.4649999999999495,5.105691065343535,37.48450622673274,38.40895367771373,8820.697139864733,-0.04658355626376415,24.8976822542011,0.10601014046479629,-0.012970219996441656,12.35610900435919,9.49649226861641
1.4659999999999493,5.113280544523568,37.52476445820017,38.43554675659349,8818.62742587826,-0.04684450299987636,24.905025419792032,0.10641996639927964,-0.013106689646469438,12.35951373767346,9.495956916909437
1.4669999999999492,5.120877608079669,37.57232781625865,38.46213983547324,8816.764683290434,-0.04710509995017881,24.912337778212354,0.10682841004196464,-0.013244817530081499,12.362873266521067,9.495411566759957
1.4679999999999491,5.128482262586568,37.6195191339866,38.489682667170115,8815.08821496139,-0.04736719332189143,24.919661748382048,0.10723524846998733,-0.013383973203065391,12.366234254036645,9.494867960157952
1.468999999999949,5.13642698449672,37.672326736673554,38.516275746049864,8813.57939346525,-0.047631231643666005,24.927296510385215,0.10764184925126746,-0.013522597578719486,12.36973229192306,9.494283667878488
1.469999999999949,5.144109893126924,37.71588604942981,38.54286882492962,8812.221454118724,-0.04789740729940528,24.934722445053985,0.10804687996807927,-0.013660022641465708,12.373176731926739,9.493739262579652
1.4709999999999488,5.151737710243926,37.765228122595715,38.56946190380937,8810.99930870685,-0.04816162826377107,24.942062563276455,0.10845198099891318,-0.013797549027598888,12.376553469793766,9.493195385758726
1.4719999999999487,5.159373144949099,37.815499067335395,38.59605498268912,8809.899377836166,-0.04842543984133574,24.949406390707114,0.10885753369976459,-0.013935741381620737,12.37991661689809,9.492652298284392
1.4729999999999486,5.167079065894765,37.866503037698244,38.622648061568874,8808.90944005255,-0.04868979626140307,24.956817837060257,0.10926375007976558,-0.014074337146616323,12.383313117398878,9.49210084038028
1.4739999999999485,5.174729795535802,37.91570248158171,38.64924114044862,8808.018496047294,-0.04895455177209013,24.96418517055639,0.10967028461561446,-0.014212633240146322,12.386701082497563,9.491558550877812
1.4749999999999484,5.182451104586589,37.96774383850335,38.67583421932837,8797.216646442565,-0.04921883348511824,24.97160825418896,0.1100778209465581,-0.014350532737563315,12.390105096244413,9.491007627663128
1.4759999999999482,5.190180137689911,37.980928223913146,38.70242729820813,8787.494981798307,-0.049485804109974385,24.97915552237848,0.11048876302823052,-0.014481092704677456,12.39363690088843,9.49042265989376
1.4769999999999481,5.197853879542347,37.99271417292266,38.72902037708788,8778.745483618477,-0.04975235281744922,24.986665519071206,0.1109008142264577,-0.014604736495649584,12.397181681296676,9.489854382746763
1.477999999999948,5.205598340801767,38.012094816763536,38.75561345596763,8770.87093525663,-0.050013306716296835,24.99421363007306,0.11131711721780935,-0.014729280385125443,12.400718848451135,9.489279154342617
1.478999999999948,5.213350546201545,38.03438197045706,38.78125678203024,8763.783841730967,-0.05026993612943703,25.001761948757174,0.11173836463467074,-0.014856168344354492,12.404241670759301,9.48871021210672
1.4799999999999478,5.220711456077452,38.053547293761895,38.80784986090999,8757.40545755787,-0.05052241587362055,25.008943998470503,0.11216337966638379,-0.014986028104893578,12.407601032120473,9.48819122411459
1.4809999999999477,5.228478815349206,38.08872486628233,38.83444293978974,8751.664911802083,-0.05077093476385108,25.01645035935502,0.1125944154169255,-0.01511736016797871,12.411049807105549,9.487620315570542
1.4819999999999476,5.23625393863368,38.11789387986846,38.861036018669495,8746.498420621876,-0.05102074910558185,25.02400429420441,0.11302907678590168,-0.015248578068785268,12.414555196674362,9.48706374539509
1.4829999999999475,5.244036832662094,38.150632159542,38.88667934473211,8741.84857855969,-0.05126985821848107,25.031551843307355,0.1134669362932112,-0.015379286686378169,12.418059892659562,9.486507749120056
1.4839999999999474,5.251490353308713,38.18073307332619,38.913272423611865,8737.66372070372,-0.05151793925628212,25.038789696649072,0.11390597841248334,-0.015510850198107162,12.421420274113288,9.485995578541587
1.4849999999999473,5.259288493561538,38.22392308256725,38.93891574967448,8733.897348633349,-0.05176567553782385,25.0463038527409,0.11434738895294883,-0.015643898275024715,12.424854683830626,9.485436746304448
1.4859999999999471,5.266756655051349,38.256009620875204,38.96550882855423,8730.507613770014,-0.052017013871251405,25.053554010024573,0.11478709035880558,-0.015778285508855072,12.428210995557368,9.484927225946368
1.486999999999947,5.2745700674692,38.301743818493456,38.99115215461685,8727.456852393014,-0.05226937206904625,25.061077144203743,0.11522669452319961,-0.01591348516152652,12.431653008609477,9.48436769838824
1.487999999999947,5.282052894744509,38.33671952469041,39.0177452334966,8724.711167153713,-0.052525437619391435,25.06833297844451,0.11566288148841308,-0.016049242176859102,12.435009242454768,9.483858513440516
1.4889999999999468,5.289945103849035,38.38625181803502,39.043388559559205,8722.240050438342,-0.05278267700793354,25.07592015881264,0.1160982875329829,-0.01618536765709183,12.438472267739076,9.483290979130544
1.4899999999999467,5.297442660804232,38.422636558130336,39.069031885621825,8720.016045394508,-0.053043778825284715,25.08318866913844,0.1165298009243308,-0.01632166146172781,12.441834752706875,9.482782906212938
1.4909999999999466,5.304947420362238,38.468124197436694,39.095624964501575,8718.014440855059,-0.0533043071675493,25.090416045740092,0.11695926258805789,-0.01645981920035272,12.44514227967528,9.482261379524898
1.4919999999999465,5.31286262550235,38.51983009854106,39.12126829056419,8716.212996769553,-0.05356754867310043,25.098021469925655,0.11738810060769861,-0.016597591413241464,12.448601774774062,9.481695715035967
1.4929999999999464,5.320382152157291,38.558444554170514,39.14691161662681,8714.591697092597,-0.05383406186734868,25.105306242617054,0.11781383938865525,-0.016735625926214748,12.451973325626843,9.481184910388638
1.4939999999999463,5.327908899735209,38.60642834950896,39.17255494268942,8713.132527383339,-0.054098750899192694,25.112547707503865,0.1182387747343035,-0.01687430176946436,12.455285661366338,9.480663319790654
1.4949999999999461,5.335506608082258,38.6549606762756,39.198198268752044,8711.819274645004,-0.054364174455243275,25.119858662971552,0.11866322997556877,-0.017013501792512542,12.45861747589272,9.48013706749543
1.495999999999946,5.343047854646397,38.70129729752102,39.223841594814665,8710.637347180504,-0.05463067070993244,25.127126891015244,0.1190867703041083,-0.01715302617510961,12.461944889690113,9.479617704012904
1.496999999999946,5.350660152207719,38.75051273862375,39.24948492087728,8709.573612462453,-0.05489710101164297,25.134451426379318,0.11951014484220857,-0.017291807328886244,12.465292111444839,9.47908963716846
1.4979999999999458,5.35827977305846,38.79905164138553,39.2751282469399,8708.616251216208,-0.05516369360076395,25.141788248886826,0.11993352201698348,-0.017429838321789126,12.46864815182606,9.478563755229953
1.4989999999999457,5.365842833124693,38.847259402050554,39.3007715730025,8707.754626094587,-0.05542980653817786,25.14907141078893,0.1203570516847654,-0.017567370005645067,12.471980665126363,9.47804510880754
1.4999999999999456,5.373477079757047,38.898115351789635,39.32641489906512,8701.979163485128,-0.05569533424201367,25.156411932739665,0.120781539549625,-0.01770445806747878,12.475328433682355,9.47751809049179
1.5009999999999455,5.381118668019736,38.92828751891282,39.352058225127735,8696.781247136616,-0.05596233044054172,25.163824158959628,0.12120839740470135,-0.017837753957727576,12.478749247675735,9.476974205395074
1.5019999999999454,5.388767604043877,38.95851043836336,39.377701551190356,8692.103122422955,-0.05622901600368113,25.17124910679229,0.1216366818681272,-0.017967278525834462,12.482190759779208,9.476435610280474
1.5029999999999453,5.39642389396535,38.991827371937944,39.40334487725296,8687.89281018066,-0.0564927892984986,25.17866942822186,0.12206804110378039,-0.018097341296169966,12.485619947723336,9.475898498515612
1.5039999999999452,5.404087543924794,39.027517832228675,39.42803845049847,8684.103529162594,-0.05675412377951666,25.186088600835195,0.12250307259167192,-0.018228793545694733,12.489036513112648,9.475364225422446
1.504999999999945,5.411350818831361,39.058353217378645,39.453681776561076,8680.693176246335,-0.05701285353788865,25.1931386630538,0.12294014633254385,-0.018362720618840922,12.49229199612198,9.474879691806816
1.505999999999945,5.419093021775374,39.105172435923464,39.47932510262369,8677.623858621702,-0.05726937774565177,25.200582258828522,0.1233820816869684,-0.018497749398972974,12.49566945380312,9.47433177621815
1.5069999999999448,5.426778478945649,39.1425368000582,39.50401867586917,8674.861472759532,-0.057528503021501975,25.20802544806307,0.12382586088349501,-0.018631944862187055,12.499093279924349,9.473806972005608
1.5079999999999447,5.434126786742565,39.17823816252699,39.529662001931776,8672.37532548358,-0.05778602440156749,25.2151438482638,0.124270180323871,-0.018766818004925634,12.50237899252629,9.473318933440105
1.5089999999999446,5.441826708586779,39.227006844772106,39.55435557517728,8670.13779293522,-0.05804207673222611,25.222543643876314,0.12471709405008502,-0.018901611727980272,12.505735783723683,9.472785557487594
1.5099999999999445,5.449188885174866,39.26379162378072,39.57999890123989,8668.124013641698,-0.058300230788891516,25.229675163415813,0.12516270451641964,-0.019037146658512583,12.50901141853516,9.472302152045359
1.5109999999999444,5.456903295375492,39.31386304372596,39.60469247448537,8666.311612277528,-0.05855822155952861,25.237087006763673,0.12560921045378648,-0.01917284304527833,12.512376954029667,9.471767040501987
1.5119999999999443,5.464343758697467,39.35341912029899,39.63033580054798,8664.680451049775,-0.05881862287153755,25.24428568529517,0.12605349111408287,-0.019308172830274584,12.515681083849847,9.471276751120708
1.5129999999999442,5.472072720435154,39.40416684316744,39.65502937379346,8663.212405944798,-0.05907910023932217,25.25171222817542,0.12649797115780093,-0.019443880750384834,12.519055407952603,9.470742913551202
1.513999999999944,5.479462740873435,39.44454774906604,39.67972294703895,8661.891165350318,-0.05934151225173118,25.258859373022553,0.12693990040693226,-0.01957951395069385,12.52233349423014,9.470259741317918
1.514999999999944,5.486924088343973,39.49328519470744,39.705366273101575,8660.702048815287,-0.05960308520321189,25.26603261643718,0.1273811427138984,-0.01971688801051824,12.525590598723193,9.469756803862563
1.5159999999999438,5.494674746347577,39.544890187993204,39.73005984634705,8659.63184393376,-0.05986710230231329,25.273480547708576,0.1278223092454926,-0.01985351209643288,12.528965628381663,9.46922537203707
1.5169999999999437,5.502150157863927,39.5874711246737,39.754753419592525,8658.668659540384,-0.06013325829222632,25.280704913358505,0.128261498067481,-0.019990215574504033,12.532280662441277,9.468732111436198
1.5179999999999436,5.509567852108126,39.6356414527058,39.77944699283801,8657.801793586346,-0.06039794843694918,25.28784133798799,0.12870021044723012,-0.020127561856272236,12.53552889990399,9.468238600869581
1.5189999999999435,5.517057049447128,39.685558763614274,39.80414056608349,8657.021614227713,-0.060662977370516236,25.29504045655819,0.1291389103167006,-0.020265447467184505,12.538789666552077,9.467737844445201
1.5199999999999434,5.524553167074211,39.73395942246913,39.82883413932898,8656.319452804943,-0.060929264359894486,25.302255893459638,0.12957716510900696,-0.02040352528379369,12.54206937868948,9.467237369911194
1.5209999999999433,5.53205621054887,39.782842422999174,39.85352771257446,8655.68750752445,-0.061195917747926876,25.30947636071829,0.13001514321381635,-0.0205410262812884,12.54535487572983,9.466736710055473
1.5219999999999432,5.539501406277071,39.831158950889815,39.87822128581994,8655.118756772004,-0.061462302628335075,25.31664284371586,0.13045287897030644,-0.020678207852232733,12.548615524047229,9.466243887403557
1.522999999999943,5.547018279915251,39.881948142796794,39.902914859065426,8654.606881094805,-0.06172835293914697,25.32386782918981,0.13089110308398788,-0.020815019965800374,12.551892589978245,9.465741752992747
1.523999999999943,5.554542096081842,39.93161858560939,39.92760843231091,8654.146192985325,-0.06199474599428795,25.331106598092283,0.1313296885425549,-0.02095120088556035,12.555181453270144,9.465241786050589
1.5249999999999428,5.562072860352939,39.98174342048821,39.95230200555639,8643.731573686793,-0.06226099589662987,25.338350294874118,0.13176899319198043,-0.021087021560333763,12.558473066175784,9.464741522195284
1.5259999999999427,5.56961057830881,39.99144844245474,39.97699557880187,8634.358416318115,-0.06252959756817006,25.345720150270477,0.13221249604577334,-0.021215481183828988,12.56189382902599,9.464202265918818
1.5269999999999426,5.57715525553389,40.00032951295537,40.00073939923022,8625.922574686305,-0.06279754357856848,25.353112128466808,0.1326576588167646,-0.02133624821776653,12.56535331836394,9.463674854835899
1.5279999999999425,5.584356314175016,40.0091702082457,40.025432972475706,8618.330317217675,-0.06305825575215945,25.360170584761914,0.13310592505781732,-0.02145955918016751,12.568655814144918,9.463189383267054
1.5289999999999424,5.591914623100259,40.03392314691353,40.050126545721184,8611.497285495909,-0.0633123200691057,25.367506139084306,0.13356082989790252,-0.02158581137388832,12.572018839740478,9.46265831036214
1.5299999999999423,5.599479907836788,40.0544455927968,40.073870366149535,8605.347556946319,-0.06356477012465,25.37488041863506,0.1340206999194708,-0.02171253351933028,12.575423471649067,9.462142091315355
1.5309999999999422,5.60676581312992,40.07428712010979,40.09856393939502,8599.812801251686,-0.0638131298799256,25.38198631371826,0.13448441604607975,-0.021840270492170077,12.578716039670608,9.461660730518947
1.531999999999942,5.614344800416971,40.1068304450058,40.122307759823364,8594.831521126518,-0.06405781505765085,25.3893206000289,0.13495398214230997,-0.021968078484259856,12.58206274314834,9.461144259050009
1.532999999999942,5.621578700957003,40.12998911695793,40.14700133306886,8590.348369013867,-0.06430190823689502,25.396368213735673,0.13542523298827747,-0.022096728606675164,12.585309708863917,9.460680556629981
1.5339999999999419,5.629236608839647,40.16877167537548,40.170745153497194,8586.313532112481,-0.06454491253587713,25.40375758077015,0.13590032387858164,-0.022225844857480137,12.588666597506217,9.460158419480518
1.5349999999999417,5.636483646375641,40.19457543738326,40.19543872674268,8582.682178901232,-0.06478990282855596,25.41081354008538,0.13637403723456398,-0.022354847605389416,12.591916570836656,9.459701109393391
1.5359999999999416,5.644090065044345,40.236287050976784,40.21918254717103,8579.413961011109,-0.06503475177763024,25.418143996084595,0.13684902400665006,-0.02248522448037865,12.595241049947745,9.459187959943085
1.5369999999999415,5.651415570761062,40.267754256749065,40.242926367599374,8576.472564909998,-0.06528295209817297,25.425254804691946,0.13732114308350468,-0.02261539842753202,12.598498034673959,9.458722721108197
1.5379999999999414,5.658747572430102,40.3064695127469,40.26667018802772,8573.825308418998,-0.06553178653268232,25.432334915019922,0.13779124389895603,-0.022748048919861874,12.6017171271987,9.458245024939748
1.5389999999999413,5.666020653367807,40.34457601896091,40.29136376127321,8571.442777577098,-0.06578299092043016,25.439362599143656,0.13825802784514446,-0.02288139195303701,12.604907918796155,9.457777941336346
1.5399999999999412,5.673719782597581,40.39127202001791,40.315107581701554,8569.29849981939,-0.06603783932182061,25.446771084377772,0.13872339614376422,-0.023014817196525983,12.60825579598546,9.457257596462293
1.540999999999941,5.681006062345315,40.424899163090025,40.338851402129904,8567.368649837452,-0.06629614703255265,25.453842584648548,0.1391838365519621,-0.023147446580347453,12.611504099791915,9.456798382695634
1.541999999999941,5.688364318600952,40.469527716458344,40.36259522255825,8565.631784853707,-0.06655342607773512,25.460926568741613,0.13964260864538436,-0.02328154856432968,12.614713476639924,9.45631704228126
1.5429999999999409,5.695729096089504,40.51267262568241,40.3863390429866,8564.068606368337,-0.06681258986219407,25.468027434157143,0.1400994140508628,-0.02341568624692808,12.617926055993335,9.455841251500619
1.5439999999999408,5.703100399842353,40.55616175958323,40.41008286341495,8562.661745731504,-0.06707330808995376,25.4751347877719,0.14055455327515115,-0.023550762331877806,12.621148639934615,9.45536232534361
1.5449999999999406,5.710478234894496,40.600380262425944,40.4338266838433,8561.395571158355,-0.06733492135651192,25.482246241156467,0.14100843362297566,-0.023685363481807664,12.624374240544846,9.45488437525006
1.5459999999999405,5.717862606284533,40.64530522649398,40.457570504271644,8560.25601404252,-0.06759692470327983,25.489361774071547,0.14146167402404375,-0.023819850302811973,12.627599652909378,9.454406272644384
1.5469999999999404,5.72525351905468,40.690841592945986,40.481314324699994,8559.230412638268,-0.0678591336671499,25.496481769822424,0.14191474201258653,-0.0239538839459828,12.630825122726524,9.453928529085996
1.5479999999999403,5.732650978250784,40.7369173525158,40.50410839231121,8558.307371374442,-0.06812140218549245,25.50360649480149,0.14236810018736584,-0.024087546269705162,12.634051217621924,9.453451170571839
1.5489999999999402,5.739698172299705,40.77768427040511,40.52785221273956,8557.476634236999,-0.06838237584305418,25.510411755015816,0.1428202761467936,-0.024222194876631187,12.63714235968772,9.453015511160807
1.54999999999994,5.747108442796272,40.830574710657274,40.551596033167904,8556.7289708133,-0.06864230026789875,25.517513023344964,0.14327435006969413,-0.024357285538977314,12.640322721757652,9.452528088884243
1.55099999999994,5.754525274656209,40.876154201018984,40.57533985359626,8551.056073731968,-0.0689046090082206,25.524662846158527,0.14372813765313214,-0.024490569406821594,12.643560193008263,9.452052788175349
1.5519999999999399,5.761948672939692,40.90212267914181,40.59813392120747,8545.950466358772,-0.06916787217917453,25.53187479732248,0.14418407278894507,-0.024619363377698322,12.646871000596416,9.451553667111314
1.5529999999999398,5.769086593028396,40.92380272426101,40.62187774163582,8541.355419722895,-0.06942893773427988,25.53883118268405,0.1446397031823065,-0.024743652795832072,12.650081527872395,9.451097420160197
1.5539999999999397,5.776522879187749,40.958299789374266,40.644671809247036,8537.219877750606,-0.06968552083022844,25.546019526366997,0.14509946254009787,-0.02486927161629815,12.65334798002096,9.450598603354177
1.5549999999999395,5.783607171689598,40.98310582905086,40.66841562967538,8533.497889975544,-0.06993980026863283,25.55291527233517,0.14556014169354814,-0.024995974798517062,12.656510614690102,9.45015416295676
1.5559999999999394,5.791122380376946,41.02349314766843,40.691209697286595,8530.148100977989,-0.07019105127509484,25.560158922879744,0.1460258029779769,-0.0251238806976129,12.659785178446757,9.449648927219695
1.5569999999999393,5.798219005747881,41.050343930346116,40.714953517714946,8527.13329088019,-0.07044161624263945,25.56706405503113,0.14649194277104177,-0.02525098399503023,12.662951570924623,9.449211601049292
1.5579999999999392,5.805747214749171,41.094160154707986,40.73774758532616,8524.419961792171,-0.07068958031268996,25.574309111035163,0.14696282957529688,-0.025378956059515734,12.666220058888786,9.448710175144392
1.558999999999939,5.812856191661157,41.12404214970631,40.76054165293737,8521.977965612954,-0.07093788723275757,25.581216479014138,0.14743351310961028,-0.025505769060312322,12.669377968637871,9.448277517346042
1.559999999999939,5.820037388718354,41.164681951842056,40.78333572054859,8519.780169051659,-0.07118358740218639,25.58813851124122,0.14790606836171738,-0.02563522602658752,12.672503301387774,9.447820717012679
1.5609999999999389,5.827224684330397,41.203934457509554,40.807079540976936,8517.802152146494,-0.07143028275240293,25.59507706353809,0.1483786101514099,-0.025764210495623663,12.675634256482892,9.447371469954005
1.5619999999999388,5.834712417817307,41.248549724407646,40.82987360858816,8516.021936931844,-0.07167921078915257,25.60228840497046,0.14885180553200333,-0.025893240982562737,12.67888593874816,9.446884934705784
1.5629999999999387,5.841912175654064,41.28448694913338,40.85266767619936,8514.41974323866,-0.071929904066663,25.60926271470177,0.14932249793397456,-0.026021047695930055,12.682066075833056,9.446442689956651
1.5639999999999386,5.849118045781109,41.32768389365423,40.87546174381058,8512.977768914796,-0.07217954143621791,25.61620420350258,0.1497925322252736,-0.026150251722086515,12.685198808486987,9.445989788313472
1.5649999999999384,5.856330032721036,41.37074484982858,40.8982558114218,8511.679992023317,-0.07243049850902566,25.623154294988716,0.15026136329947032,-0.02627968212247872,12.68832678583047,9.445539742648391
1.5659999999999383,5.863548140999543,41.413925552299,40.921049879033006,8510.511992820986,-0.07268312234614954,25.630111434518064,0.15072868875694517,-0.026410173390348013,12.691463148489094,9.44508737250948
1.5669999999999382,5.870772375145446,41.45763147735473,40.94384394664422,8509.460793538889,-0.07293707177376407,25.637073163660308,0.15119444086060474,-0.026540586498400243,12.694603830065398,9.444635221800677
1.567999999999938,5.87800273969068,41.50192926842752,40.966638014255444,8508.514714185,-0.07319195707141618,25.64403898029074,0.1516588706949985,-0.02667104292996636,12.697745268435877,9.444182637775388
1.568999999999938,5.885239239170291,41.546758159320845,40.98943208186665,8507.663242766499,-0.07344759476653484,25.6510091010061,0.1521222538497063,-0.026801236232607384,12.700887084770404,9.443729945681255
1.569999999999938,5.892481878122457,41.59205428143608,41.01127639666073,8506.896918489849,-0.07370380827242606,25.657983768182,0.15258496374312613,-0.026931169735794513,12.704029732420526,9.443277201086415
1.5709999999999378,5.899367459513858,41.631882694337285,41.034070464271956,8506.207226640865,-0.07395899464198924,25.66463297957819,0.15304538842648435,-0.027062243312395373,12.707035251269296,9.442866394137727
1.5719999999999377,5.906622101505413,41.68397747419445,41.05686453188316,8505.586503976778,-0.07421364431765526,25.671583094698164,0.15350700404095163,-0.02719390450563991,12.710132090332559,9.442402041190618
1.5729999999999376,5.913949564846496,41.72963791992022,41.07870884667724,8505.0278535791,-0.07447122608633067,25.678643069980954,0.15396789710762948,-0.027323268919446975,12.713312388034424,9.441942852019402
1.5739999999999374,5.920852494662658,41.76865384034481,41.10150291428847,8504.525068221192,-0.07472725712189848,25.685316521395386,0.15442633117727872,-0.02745315823662242,12.716344111186393,9.441531766096388
1.5749999999999373,5.928125355190216,41.82201222699598,41.12429698189967,8504.072561399073,-0.07498133387995826,25.692279792675045,0.1548867448270964,-0.02758255468011489,12.719447154961294,9.441067289616697
1.5759999999999372,5.935471158027714,41.86874267098574,41.146141296693756,8503.665305259165,-0.07523783875726303,25.6993539226965,0.15534741643733774,-0.02770986177000817,12.722628400637037,9.440608393793525
1.5769999999999371,5.942391474310865,41.90857399637046,41.168935364304964,8503.298774733248,-0.07549276173066255,25.706041813814938,0.1558065180152644,-0.027838082751650894,12.725662684832235,9.440197695708102
1.577999999999937,5.949749440451183,41.96375067925616,41.190779679099045,8497.968897259923,-0.07574614089639586,25.713081432662978,0.1562688866267819,-0.027966044169098647,12.728795516814234,9.439726054121094
1.578999999999937,5.956681288033139,41.981254295379095,41.21262399389313,8493.17200753393,-0.07600184418605666,25.71985011265776,0.15673160773580702,-0.028090156805706257,12.731895409774557,9.43929850025293
1.5799999999999368,5.963685668254149,42.007884119608605,41.23541806150434,8488.854806780539,-0.07625467467501257,25.72664566970915,0.1571956121867346,-0.028212147830185774,12.734990348842292,9.438852185793097
1.5809999999999367,5.97106178412412,42.04102085077966,41.25726237629843,8484.969326102484,-0.07650588747556664,25.73378179387455,0.15766344261362347,-0.028332476687651653,12.73822024670734,9.438371054879884
1.5819999999999366,5.978010838486811,42.06311298226748,41.27910669109251,8481.472393492237,-0.07675434623062621,25.740557899512588,0.15813162499312172,-0.028453846007733707,12.741329809128603,9.437950760616499
1.5829999999999365,5.985032544012795,42.097207332117236,41.30095100588659,8478.325154143015,-0.07699734784636436,25.74734335515665,0.15860346069372577,-0.028576805854850063,12.744394038683996,9.437510302322535
1.5839999999999363,5.992059951293922,42.1303785147921,41.32279532068067,8475.492638728712,-0.07723867119958328,25.75414360645895,0.15907785329025903,-0.028699452244544676,12.747458865833611,9.437078237698614
1.5849999999999362,5.999093064369524,42.16453704887953,41.345589388291884,8472.94337485584,-0.07747870550171893,25.760947573845264,0.1595541120334557,-0.028822946637070135,12.750531185978431,9.436644833916418
1.5859999999999361,6.006499345163317,42.20599319300496,41.367433703085965,8470.649037370256,-0.0777191897506394,25.768086856925443,0.16003365422470583,-0.028944266589764067,12.753743245510796,9.436171829786428
1.586999999999936,6.013476997531524,42.23560789918053,41.389278017880045,8468.58413363323,-0.07795933343329065,25.77486706466066,0.16051228595808786,-0.02906490519103555,12.756835125505521,9.435761931915577
1.587999999999936,6.020527497901923,42.276494166357104,41.41017257985699,8466.725720269907,-0.07819672988679838,25.781659125968734,0.16099280244266084,-0.029187474162607585,12.759883819801725,9.435329521864116
1.5889999999999358,6.027282655496616,42.31090666010531,41.43201689465108,8465.053148242918,-0.07843411690560093,25.788194544023803,0.16147184361475053,-0.029311225658333828,12.762821488874275,9.434938910379316
1.5899999999999357,6.034344358227878,42.35556260299505,41.45386120944515,8463.547833418626,-0.07867258416756556,25.794980921848897,0.1619513126411526,-0.029437325144374804,12.765844277562833,9.434500195423386
1.5909999999999356,6.041411791045606,42.394514052529715,41.47570552423923,8462.193050076763,-0.07891463865883391,25.801807114091574,0.1624282908769223,-0.029561550010746007,12.76891638841414,9.43407359695992
1.5919999999999355,6.048484958007818,42.43518468587073,41.49754983903332,8460.973745069088,-0.0791577523973871,25.80863109910228,0.1629031244571547,-0.02968578672444322,12.771992012065208,9.433642739629205
1.5929999999999354,6.055563863175196,42.47711289267177,41.51844440101026,8459.876370562179,-0.079401561364978,25.81545525311185,0.1633762029890184,-0.029808597162328532,12.775058947999227,9.433213859012863
1.5939999999999352,6.062346224540215,42.51484579190871,41.540288715804344,8458.88873350596,-0.07964486539265991,25.822007828026443,0.16384628830285763,-0.029932645559923476,12.778007403629609,9.432818900019434
1.5949999999999351,6.069436371445216,42.56297851604493,41.56213303059842,8457.999860155365,-0.07988860387787039,25.82881081785495,0.1643166008858949,-0.03005737876211384,12.781031843709215,9.432378994300727
1.595999999999935,6.076532268578154,42.6050305820118,41.58302759257537,8457.19987413983,-0.08013526118094971,25.83565500575222,0.16478529806469688,-0.03018069098035614,12.784104695836287,9.431950315292115
1.596999999999935,6.083330903435752,42.643558633383016,41.60487190736945,8456.479886725847,-0.08038102777042483,25.842222764465447,0.16525154481612692,-0.030305241029470853,12.787067696037917,9.431553070192138
1.5979999999999348,6.090438065856777,42.69298724678109,41.625766469346395,8455.831898053262,-0.08062635822987263,25.849038495468903,0.16571903514097525,-0.030429438696513766,12.790098721046757,9.431113115078537
1.5989999999999347,6.097247489666781,42.73140299362332,41.647610784140475,8455.248708247937,-0.0808726625098663,25.85561937415897,0.16618427429856902,-0.030553268378973042,12.793058432746683,9.430719249124465
1.5999999999999346,6.104365932987065,42.78099007036271,41.66850534611742,8454.723837423142,-0.08111865555726905,25.862447059774432,0.16665102757986833,-0.030677614528851982,12.796099257922055,9.43027706990126
1.6009999999999345,6.111186160697663,42.81994401356073,41.68939990809438,8454.251453680827,-0.081365159960608,25.869037084411453,0.16711588503136976,-0.030800315876773232,12.799064790165266,9.42988403431226
1.6019999999999344,6.118011677262657,42.86523183985789,41.71029447007132,8453.826308312744,-0.0816095607640328,25.875597253380946,0.16758101137911274,-0.030925127163071886,12.80199219305267,9.429476760294362
1.6029999999999343,6.124774768914273,42.90866717997866,41.73213878486539,8453.44367748147,-0.08185361739187264,25.882105923889426,0.16804530025390652,-0.031049108659790603,12.804893798354673,9.429081414302141
1.6039999999999341,6.13198328988619,42.96002634358948,41.753033346842344,8453.099309733323,-0.08209926925614941,25.889015947581555,0.16851135965471042,-0.0311721814852281,12.807963665554785,9.42863028107241
1.604999999999934,6.138824932411381,42.99786306964229,41.773927908819296,8447.78937875999,-0.08234558086782773,25.895635751879645,0.16897488984203007,-0.031292704076875344,12.810955924569605,9.428237935885921
1.605999999999934,6.145671878290779,43.02177518615143,41.794822470796234,8443.01044088399,-0.08258993852624152,25.902280825858952,0.16944136304711688,-0.0314109061110886,12.813964837508578,9.427807638857526
1.6069999999999338,6.152524131114681,43.04423819129401,41.815717032773186,8438.709396795592,-0.08283319941812772,25.908945220799502,0.16990852616660818,-0.03152337955876794,12.816987677142905,9.427390096803407
1.6079999999999337,6.159381694475654,43.06921586206264,41.83661159475013,8434.838457116031,-0.08307262033280371,25.915606337665984,0.17037799861393216,-0.031637794646718065,12.820006944942236,9.42696953520666
1.6089999999999336,6.166244571968527,43.09657027902979,41.85750615672708,8431.35461140443,-0.08330838921104744,25.922264334656887,0.17085011831020658,-0.03175249713877831,12.823016659863189,9.426552748632648
1.6099999999999335,6.173112767190403,43.12585220598572,41.87840071870402,8428.219150263987,-0.08354104945565044,25.928921252009772,0.17132528741606018,-0.031867885725946676,12.826019162568231,9.426137616680407
1.6109999999999334,6.179986283740643,43.15680190278199,41.899295280680974,8425.39723523759,-0.08377128105132825,25.935578108929,0.17180340542640582,-0.03198303758295057,12.82901702972317,9.42572520773466
1.6119999999999333,6.186865125220879,43.18926017599658,41.919240089840784,8422.857511713832,-0.08399964027404666,25.942235402859524,0.1722842311777365,-0.032098056734773006,12.832011218710509,9.425315103929995
1.6129999999999332,6.193374393474107,43.21703223135024,41.94013465181773,8420.571760542449,-0.08422501813228161,25.948552760814863,0.1727649760142998,-0.03221451538375614,12.834859426361504,9.424950070358625
1.613999999999933,6.200331712491207,43.25940706985258,41.96102921379467,8418.514584488204,-0.08444980018498938,25.955238705846757,0.17324913508432915,-0.03233176005548605,12.837824334363793,9.42452229180857
1.614999999999933,6.207226310872263,43.29253877292896,41.98097402295449,8416.663126039384,-0.08467748308491918,25.961916833013653,0.17373225523523733,-0.03244660749528866,12.840828128339965,9.424120352658717
1.6159999999999328,6.21375053843586,43.32325052780719,42.00186858493143,8414.996813435446,-0.08490330420401176,25.96824058803346,0.17421261953445932,-0.03256358098823248,12.843682304247164,9.423754538034173
1.6169999999999327,6.22072373565111,43.36877345523035,42.02276314690839,8413.497132091901,-0.0851294953338314,25.9749318272114,0.17469437538437238,-0.032679943673734724,12.846643739528009,9.423328349469216
1.6179999999999326,6.227634122460423,43.4047271078449,42.04270795606819,8412.147418882712,-0.0853594527488552,25.981616315975653,0.1751737651719536,-0.03279458161144955,12.849642698528523,9.422925931335655
1.6189999999999325,6.234241596574292,43.439033078651256,42.06265276522801,8410.932676994442,-0.08558858426292942,25.988008894864272,0.1756500160379738,-0.03291111704146282,12.852519919748339,9.422551844880497
1.6199999999999324,6.24078566453792,43.47850397151763,42.083547327204954,8409.839409294997,-0.08581639358852167,25.99431036258816,0.17612448515996237,-0.03302906371137265,12.855319937199525,9.422178358287166
1.6209999999999323,6.247779920677817,43.52531264279689,42.10349213636477,8408.855468365498,-0.08604751086263895,26.00102209726404,0.17659933802251465,-0.03314684245557664,12.858285169366072,9.421751247361511
1.6219999999999322,6.254402285017233,43.55816946015629,42.12343694552458,8407.969921528947,-0.08628097709994936,26.007442047459946,0.17706954097447847,-0.033263487976823825,12.861179865089735,9.421381541333709
1.622999999999932,6.260961153584956,43.59875853715916,42.144331507501526,8407.172929376053,-0.0865121606876289,26.01375590710245,0.1775379768882432,-0.033382155189745244,12.863995817407114,9.421003377826374
1.623999999999932,6.26797111918814,43.64715898876586,42.164276316661336,8406.455636438448,-0.08674557500198266,26.020477837339456,0.17800747228670716,-0.03349836067058515,12.866965348916503,9.420576285429817
1.6249999999999318,6.274608403076459,43.681453348741506,42.18422112582115,8405.810072794604,-0.08698044752428719,26.02690773697818,0.17847347014007908,-0.03361383346559094,12.869860600534096,9.420205415939582
1.6259999999999317,6.281250589859836,43.72441408425086,42.20416593498096,8405.229065515145,-0.08721283321097589,26.03329434864248,0.17893937360073991,-0.0337307552382759,12.872704051392486,9.41981906177688
1.6269999999999316,6.287897682704068,43.766709056049066,42.22411074414077,8404.70615896363,-0.08744517025367798,26.039690342054534,0.17940502674123632,-0.033846850717627,12.875541003934226,9.419437798502443
1.6279999999999315,6.294549684776851,43.808636982137614,42.24405555330059,8404.235543067269,-0.08767781832658023,26.04609403063518,0.17987024039452426,-0.033963975508977284,12.878387868209405,9.419053359839578
1.6289999999999314,6.301206599247783,43.850724515732324,42.2640003624604,8403.811988760543,-0.08791053122425974,26.052502329153825,0.18033487778293972,-0.034080171063977205,12.881240405661321,9.418669853187527
1.6299999999999313,6.307868429288374,43.89310054459585,42.28394517162022,8403.430789884489,-0.0881429427481315,26.058914465635596,0.18079916871976542,-0.03419592621642903,12.884094152137415,9.418285941355837
1.6309999999999312,6.314535178072036,43.93573477756949,42.303889980780035,8403.087710896041,-0.08837498863917725,26.065330558204344,0.18126324942084193,-0.03431090188020364,12.886948409320624,9.41790209780952
1.631999999999931,6.321206848774097,43.97858749127222,42.3228850371227,8402.778939806438,-0.08860664497570991,26.071750777786818,0.18172730823345867,-0.034425213459213067,12.889803599620109,9.417518253992451
1.632999999999931,6.327503228388287,44.01549616725848,42.34282984628252,8402.501045825793,-0.0888359784870476,26.0778295952803,0.18218908398986206,-0.03454055945176804,12.892515225660775,9.417178109170814
1.6339999999999308,6.334253236500907,44.066132162293925,42.36277465544234,8397.250941243214,-0.08906506007411463,26.084284877049203,0.18265320232182958,-0.034656320228490856,12.895349605432779,9.416772539920899
1.6349999999999307,6.340939460246312,44.083290661829125,42.38176971178501,8392.525847118894,-0.08929792180713192,26.09080525944656,0.18311816520562946,-0.03476500230509966,12.898301459206117,9.416369947973923
1.6359999999999306,6.347249621112431,44.096466293240425,42.40171452094482,8388.273262407005,-0.08952696911318492,26.09697803620223,0.1835809200301013,-0.03487051473686065,12.901125562853819,9.416011378036156
1.6369999999999305,6.354014297351703,44.12701001462071,42.42165933010464,8384.445936166305,-0.08975106283104786,26.10351284272256,0.18404859755860564,-0.03497581650891579,12.904046343358582,9.415591167939537
1.6379999999999304,6.360715101892957,44.149569149155575,42.440654386447314,8381.001342549675,-0.0899735559655305,26.110034078075685,0.18451821256311768,-0.03507951092904016,12.906990500961935,9.415199018037672
1.6389999999999303,6.36710797961319,44.17162889052676,42.460599195607124,8377.901208294708,-0.09019043968564194,26.116254722513794,0.1849895304556764,-0.03518578131750538,12.90980373214938,9.4148374582475
1.6399999999999302,6.373818442621458,44.206090824042704,42.47959425194981,8375.111087465237,-0.09040405147441197,26.122726890106165,0.185466485825383,-0.03529169961321682,12.912680038740184,9.414435537376908
1.64099999999993,6.380220530783877,44.23022292557617,42.49858930829249,8372.599978718714,-0.09061612681611575,26.128952803128946,0.1859443734448495,-0.035397839150864086,12.915478431455735,9.414084006210597
1.64199999999993,6.386627117583131,44.26185383590536,42.51758436463517,8370.339980846842,-0.09082515096259133,26.13514409888345,0.18642451389295572,-0.03550671643766928,12.91823786498388,9.41371947454242
1.6429999999999298,6.39296916974233,44.29260167290384,42.53752917379499,8368.305982762158,-0.09103348498307254,26.141278816718366,0.18690476766923758,-0.03561515100593349,12.920967181477934,9.413368716121667
1.6439999999999297,6.399767789161312,44.332375552148335,42.55652423013766,8366.475384485942,-0.09124419426508767,26.147821866532524,0.18738708927066522,-0.03572320580339572,12.923865286999742,9.41296106459129
1.6449999999999296,6.406188110751093,44.35907401262987,42.575519286480336,8364.827846037348,-0.0914561707598911,26.154063037880686,0.18786557992059078,-0.03582870345467054,12.926679448820117,9.412615360745221
1.6459999999999295,6.412612942183783,44.395274244777625,42.59451434282301,8363.345061433614,-0.0916660331148636,26.16025710078618,0.18834331751804978,-0.0359367297232247,12.92943422865956,9.41225169155973
1.6469999999999294,6.419042286230663,44.43127952196386,42.61350939916569,8362.010555290253,-0.0918769124236957,26.16645872709394,0.18881935394470056,-0.03604371597884254,12.932179826565353,9.41189371484247
1.6479999999999293,6.425476145664601,44.46733559381475,42.63250445550838,8360.809499761228,-0.09208934920626582,26.172666404909656,0.18929314130019226,-0.03615240939872033,12.934934497745983,9.411531735141292
1.6489999999999292,6.431914523260057,44.5039465330434,42.651499511851064,8359.728549785104,-0.09230317670743451,26.178877066078122,0.18976435788909907,-0.036260652395422366,12.937694050499733,9.411170322046663
1.649999999999929,6.438357421793072,44.541210958189616,42.67049456819373,8358.755694806594,-0.09251800997474938,26.185090016161492,0.1902332299164901,-0.03636901589919539,12.94045388862994,9.410807951489867
1.650999999999929,6.444804844041271,44.57906240390419,42.689489624536414,8357.880125325933,-0.09273372652339892,26.191305488840996,0.1906999988129503,-0.036477015793061784,12.94321336429708,9.410445272654917
1.6519999999999289,6.451256792783894,44.61742745335749,42.70753492806196,8357.09211279334,-0.09295017003770176,26.197523764102783,0.19116505885372265,-0.036584676111731274,12.945973010241033,9.410082263145197
1.6529999999999287,6.457327924255184,44.650043084946105,42.726529984404635,8356.382901514007,-0.09316506557010223,26.203394747592753,0.1916262635162055,-0.036693672646253894,12.94858644817014,9.409763239680128
1.6539999999999286,6.463858060845511,44.69679548467873,42.74552504074732,8355.744611362607,-0.09338066301252992,26.209645704164544,0.19208883701931112,-0.036803350652903466,12.95132373995653,9.40937733645833
1.6549999999999285,6.470323382103628,44.73327676959292,42.76357034427286,8355.170150226346,-0.09359925452354947,26.215890915958568,0.19254887152944816,-0.03690959622431034,12.954103484381571,9.409018693605294
1.6559999999999284,6.476407141462158,44.76658359530019,42.78256540061554,8354.653135203713,-0.09381502603818062,26.221773254497805,0.1930055495546249,-0.03701807740312307,12.956732237700846,9.40869560869551
1.6569999999999283,6.482950759494884,44.81447168564529,42.801560456958214,8354.187821683343,-0.09403051385246305,26.228033601025885,0.19346451406898746,-0.03712518459427183,12.959473516328993,9.408310116048657
1.6579999999999282,6.489429477517868,44.851963547001326,42.81960576048376,8353.76903951501,-0.0942483653075219,26.234288605434095,0.19392211484043625,-0.03722945519348053,12.96225423820773,9.407950677370852
1.658999999999928,6.495595423663503,44.88724762404041,42.8376510640093,8353.392135563508,-0.09446351508000211,26.24024383795142,0.1943779032458024,-0.037335543163913854,12.964911097453214,9.407619784189048
1.659999999999928,6.501695914763461,44.927413333066056,42.85664612035198,8353.052922007158,-0.09467572187404621,26.24610636928781,0.19483365216918935,-0.03744246555292485,12.967490081420005,9.407289406746099
1.6609999999999279,6.508257395320582,44.974664281265476,42.87469142387753,8352.747629806443,-0.09489020761923286,26.252390332826973,0.19529183844877368,-0.037548622525697406,12.970239412047771,9.406904611003922
1.6619999999999278,6.514435894887859,45.00721445379439,42.892736727403076,8352.4728668258,-0.09510542788577048,26.258374960959607,0.19574657386420552,-0.0376530234933547,12.972916108741767,9.406580241823212
1.6629999999999276,6.520548855125269,45.04739782043594,42.91173178374576,8352.225580143218,-0.09531715747232725,26.26425112488667,0.19620093710918818,-0.03775977530948543,12.975513274353293,9.406245712670145
1.6639999999999275,6.527123647401479,45.095261966045456,42.9297770872713,8352.003022128898,-0.09553067605876536,26.270546025017275,0.1966577871830179,-0.037863293981452495,12.97826845979387,9.405861934271892
1.6649999999999274,6.533314722760218,45.128370332633025,42.94782239079685,8351.80271991601,-0.09574462122793531,26.276541071723052,0.1971115934044867,-0.03796586468086821,12.980946850289035,9.405536771858205
1.6659999999999273,6.539509923682004,45.170147229375615,42.96586769432239,8351.622447924408,-0.09595551881499126,26.282491354918037,0.19756591772406673,-0.03807029742395379,12.983573017745197,9.405194187815471
1.6669999999999272,6.545709252573579,45.21101126596616,42.98391299784793,8351.460203131966,-0.09616605524764521,26.288451134263966,0.19802027375372716,-0.03817341781249639,12.986192685792997,9.40485747088183
1.667999999999927,6.551912711843016,45.25129546759366,43.00195830137348,8351.314182818769,-0.09637668968897581,26.294418576742267,0.198474242976946,-0.03827784070494272,12.988822832106436,9.404516975782565
1.668999999999927,6.558120303899686,45.29155943173511,43.020003604899024,8351.182764536892,-0.09658730343190589,26.300390446479717,0.19892748811653,-0.038381232728987524,12.991459155115576,9.404177439089093
1.6699999999999269,6.564332031154267,45.33195371730464,43.03709915560743,8351.064488083204,-0.09679757869373967,26.306365893155846,0.19938013957967016,-0.038484261101322026,12.99409700040514,9.403837164468193
1.6709999999999268,6.570158101541502,45.36618344301674,43.055144459132975,8350.958039274883,-0.09700524989133036,26.311990665272532,0.19982951492139417,-0.038588238194749325,12.996587122625233,9.403541358549163
1.6719999999999267,6.576377861505674,45.413256239178466,43.07318976265853,8350.862235347395,-0.09721266982621252,26.317936586439203,0.20028030688397785,-0.03869290511883755,12.99917675352508,9.40318533555229
1.6729999999999265,6.58260176376892,45.4519186314824,43.091235066184076,8350.776011812655,-0.09742247463447234,26.323934465291877,0.20072893884826248,-0.038793742911692686,13.00182746454594,9.402846612444865
1.6739999999999264,6.588899799414382,45.49298850798092,43.10833061689248,8350.69841063139,-0.09763190082773063,26.32999301720845,0.2011769766222279,-0.03889425357731363,13.004512427674515,9.402493475229111
1.6749999999999263,6.594741261448428,45.526284719562895,43.12637592041802,8350.628569568253,-0.09783782954628345,26.335638992655824,0.20162173077366025,-0.03899367202190829,13.007021514093427,9.402199284012259
1.6759999999999262,6.600977389829586,45.574081094338624,43.14347147112644,8350.565712611427,-0.0980424879475475,26.341597657372013,0.2020693132008316,-0.03909503885231863,13.009614787852264,9.401840687889873
1.676999999999926,6.606896507133709,45.60799684870338,43.161516774651986,8350.509141350285,-0.0982476330113509,26.34731795644217,0.20251383445211057,-0.03919401497899322,13.012145575136998,9.401538442967189
1.677999999999926,6.613140726099385,45.65353101194599,43.1786123253604,8350.458227215257,-0.09845237984892283,26.353297703889655,0.20296020878321064,-0.039295210326445285,13.014767515389844,9.401179982871984
1.6789999999999259,6.619067518714379,45.687661804683884,43.19665762888594,8350.41240449373,-0.09865669911701053,26.359024597216504,0.20340374634210834,-0.0393930175049409,13.017307575659398,9.40087713086644
1.6799999999999258,6.625319837455822,45.733498154167336,43.21375317959435,8350.371164044358,-0.09886036735184373,26.36501086389105,0.20384962676074586,-0.03949291304592112,13.019929979380755,9.40051860023415
1.6809999999999257,6.631254314098995,45.76776947254659,43.23084873030276,8350.334047639923,-0.09906374969872345,26.37074475707264,0.20429304428212514,-0.03958947724810097,13.022470851389633,9.40021559081244
1.6819999999999256,6.637122311125795,45.807377760368475,43.247944281011165,8350.30064287593,-0.09926430030280087,26.37638196124697,0.20473639538707883,-0.039690023217715864,13.024946220720384,9.399901916878127
1.6829999999999254,6.643064246911917,45.84824190001786,43.26598958453671,8350.270578588337,-0.09946485101440616,26.382086005116967,0.2051795596983182,-0.039788952210723594,13.027439551782381,9.399583304699004
1.6839999999999253,6.649402827743553,45.893365887778366,43.28308513524512,8350.243520729504,-0.09966822923556523,26.388162744161008,0.20562431402355275,-0.03988662857080444,13.030103580258285,9.399219077671544
1.6849999999999252,6.655352493472402,45.92580090480068,43.300180685953535,8350.219168656553,-0.09987106298151127,26.393922408994317,0.20606575559926765,-0.039981652379490085,13.032674470452296,9.398915083291287
1.6859999999999251,6.661305910472518,45.96700209416891,43.317276236661954,8350.197251790898,-0.10007038424135145,26.39963616106782,0.20650808224454825,-0.04007901948887904,13.035184874828207,9.398592715457198
1.686999999999925,6.667263080815855,46.0070598725796,43.33437178737036,8350.17752661181,-0.10026934938826315,26.4053601310692,0.2069506707586345,-0.040174851339113526,13.037689036866524,9.39827647850183
1.687999999999925,6.673224006575436,46.04639625560849,43.35146733807877,8350.159773950629,-0.10046840703350993,26.411091984779,0.20739312488551243,-0.04027215906450776,13.040205274991049,9.397956427287692
1.6889999999999248,6.679188689825344,46.08563234647601,43.36761313597004,8350.143796555567,-0.10066738596256888,26.416828162659066,0.2078351436453837,-0.04036857229943075,13.042728226898497,9.39763744147962
1.6899999999999247,6.684762829541083,46.11858406008642,43.38470868667845,8350.12941690001,-0.10086358219661015,26.422209314689546,0.20827395951718358,-0.04046657526010272,13.04510242763267,9.397362787529044
1.6909999999999246,6.690734799381626,46.164503269665815,43.40180423738687,8350.116475210009,-0.10105973181563144,26.42791494424805,0.20871438870257197,-0.04056535855486154,13.047577230590587,9.397026988604733
1.6919999999999245,6.696710532815286,46.20186225446951,43.41889978809528,8350.104827689007,-0.10125833743887536,26.433672884230525,0.20915253725154725,-0.040659990337049645,13.05011321862994,9.3967093466288
1.6929999999999243,6.702690031920358,46.240473062277935,43.43504558598656,8350.094344920108,-0.10145616035072774,26.439427556698213,0.209589458997001,-0.04075469153227612,13.05265688400297,9.396384801582641
1.6939999999999242,6.70827807093658,46.2734948067446,43.45214113669496,8350.084910428097,-0.10165030907752631,26.444822310675647,0.21002312520431687,-0.04084836920105789,13.055040487754228,9.396108965296573
1.6949999999999241,6.714335467237199,46.32074953639216,43.46828693458625,8345.076419385288,-0.10184419020449709,26.450605921882186,0.21045975271197465,-0.040943170290994924,13.057547400099443,9.395762474988414
1.695999999999924,6.719930384138451,46.3262288735013,43.48538248529466,8340.568777446759,-0.10203914956182217,26.456099430116687,0.21089473495756073,-0.041031323801542785,13.060026494524205,9.395466828440634
1.696999999999924,6.72599517567067,46.347861936473926,43.50152828318594,8336.511899702084,-0.10223246787127796,26.461977454771556,0.21133307751028274,-0.04111641588837839,13.062651742504828,9.395101516350556
1.6979999999999238,6.73159697785835,46.35606688823092,43.518623833894345,8332.860709731875,-0.10242024308678449,26.46747423400095,0.2117699602106487,-0.041198411730997586,13.06514170800963,9.394815940275342
1.6989999999999237,6.737669172549354,46.38374785025267,43.534769631785615,8329.574638758688,-0.10260299783581953,26.47333632776999,0.21221368630468052,-0.04128466794154828,13.067734893511265,9.394452525775186
1.6999999999999236,6.743277867432298,46.39651638686736,43.5509154296769,8326.61717488282,-0.10278168629208864,26.478823945279075,0.21265728293703762,-0.04136708622012347,13.070199150560668,9.394172682715665
1.7009999999999235,6.748960648649402,46.42144893548937,43.567061227568175,8323.955457394539,-0.10295460243010851,26.484320877346832,0.21310537973108912,-0.041455450385763704,13.072627567218014,9.393859572910479
1.7019999999999234,6.754646811022876,46.44517093555145,43.584156778276586,8321.559911655084,-0.10312577902361686,26.489831761440783,0.21355564198054555,-0.04154075094389331,13.07505895252501,9.393561044921583
1.7029999999999232,6.760662809341728,46.47507541470088,43.60030257616786,8319.403920489574,-0.10329754088144422,26.495640938400857,0.21400955771726649,-0.04162687244282065,13.077621912442426,9.393220963260616
1.7039999999999231,6.766355935257686,46.49558826575861,43.61644837405914,8317.463528440618,-0.10346810159296474,26.50118348329312,0.214461777881908,-0.0417101575425306,13.080101166913181,9.392935072145054
1.704999999999923,6.772052447724383,46.524426051258786,43.632594171950416,8315.717175596557,-0.1036358837259605,26.506684926652245,0.21491501671186514,-0.04179645515260394,13.082526979616409,9.392633139154286
1.705999999999923,6.777752348507517,46.553297813254545,43.648739969841685,8314.145458036903,-0.10380417536784825,26.512192009224005,0.21536777990012707,-0.04188155624490275,13.084944548571677,9.392337358543793
1.7069999999999228,6.78345563937363,46.58247679048101,43.664885767732976,8312.730912233212,-0.10397373449910857,26.51770299073665,0.21581905382915573,-0.04196852990328076,13.08736925144763,9.392038139882862
1.7079999999999227,6.789162322090137,46.612388864203744,43.68008181280711,8311.457821009892,-0.10414472621020404,26.52321520455949,0.2162680635995557,-0.04205519305686861,13.089797027322199,9.391739703373279
1.7089999999999226,6.794473788019562,46.636680646126216,43.696227610698394,8310.312038908902,-0.10431448959240275,26.528365818491174,0.2167115981516161,-0.04214405703712942,13.09207207597804,9.391485768898779
1.7099999999999225,6.800187035802296,46.67472755869727,43.71237340858966,8309.280835018013,-0.10448611349487974,26.533841898311472,0.21715463527074763,-0.042234394536260766,13.094447194524198,9.391169233489295
1.7109999999999224,6.805903680629326,46.70470324864942,43.72851920648095,8308.352751516213,-0.1046618956816242,26.539368700513762,0.21759310842017948,-0.04232080493620527,13.096882294437686,9.390871437230821
1.7119999999999223,6.811623724271452,46.73647645885208,43.74371525155509,8307.517476364592,-0.10483841769725549,26.544890087705074,0.2180282485533675,-0.04240791173036956,13.099323785446009,9.390565967442575
1.7129999999999221,6.816947676272137,46.76309102447402,43.75986104944636,8306.765728728133,-0.10501247051147813,26.550045742009143,0.21845810969354967,-0.0424942302479836,13.101602122156244,9.390309629716615
1.713999999999922,6.822745414087941,46.80451131233546,43.775057094520506,8306.08915585532,-0.1051875862381455,26.555592360687008,0.21888947197234992,-0.04258206970422085,13.104003922307312,9.389981209781975
1.714999999999922,6.828075539647333,46.828830511570914,43.79120289241179,8305.480240269788,-0.10536318124191832,26.560769305493658,0.21931474780335758,-0.04266719530441582,13.10629584936023,9.389729796583165
1.7159999999999218,6.833808774499498,46.86938277591849,43.80639893748592,8304.932216242809,-0.1055386811932805,26.56625821616411,0.21974147417825995,-0.0427557798222602,13.108686035899286,9.3894052450228
1.7169999999999217,6.839216248762494,46.896791720736815,43.821594982560065,8304.43899461853,-0.10571446146734922,26.571496664778124,0.22016384752545876,-0.04283949224776812,13.110999578065739,9.38914362777202
1.7179999999999216,6.844555528389876,46.93008026725732,43.83774078045134,8303.995095156675,-0.10588754157772134,26.57663428315176,0.22058485419904972,-0.04292838444856262,13.113247433961105,9.388867297023584
1.7189999999999215,6.850369816618183,46.9714251103551,43.85293682552549,8303.595585641007,-0.10606346829420824,26.58220190551784,0.2210076569762342,-0.043012545758772336,13.115664127127014,9.388541892871944
1.7199999999999214,6.85571528535572,46.99663329106123,43.86813287059963,8303.236027076906,-0.10623882358927916,26.587392824508928,0.22142568725661083,-0.043095950774474534,13.11797140787934,9.388286092053454
1.7209999999999213,6.861135032624475,47.033282706618884,43.88332891567378,8302.912424369217,-0.106411101488733,26.59259358906929,0.22184418442812015,-0.04318208846135635,13.120241834381254,9.387999009196573
1.7219999999999211,6.866557811858109,47.06750554379778,43.89852496074792,8302.621181932296,-0.10658352106134408,26.59781160041502,0.22226186902839928,-0.04326535035872919,13.1225153101814,9.387722591085087
1.722999999999921,6.871983624543879,47.10141647348428,43.91372100582206,8302.359063739066,-0.10675589113351544,26.603034882513246,0.2226785808463843,-0.0433503251684737,13.124800296471536,9.387440420952949
1.723999999999921,6.877341094671214,47.13435489245792,43.92891705089621,8302.12315736516,-0.10692755645403346,26.60819568587923,0.22309358851044842,-0.04343385933686339,13.127062053260516,9.387168380455767
1.7249999999999208,6.882772952808474,47.169843552863604,43.944113095970344,8301.910841628644,-0.10709878530322167,26.61341677392006,0.22350814923258938,-0.04351739374121644,13.129342078956428,9.386883983344656
1.7259999999999207,6.88820784885436,47.20393473847047,43.959309141044486,8301.71975746578,-0.10727003774719093,26.618649156095678,0.22392160449242493,-0.043599292110141075,13.13163305263744,9.386603215171455
1.7269999999999206,6.893645784298858,47.23837874350376,43.974505186118634,8301.547781719202,-0.10744073005138119,26.623882861912506,0.2243343520643587,-0.043680712819119616,13.133925908897117,9.386320873356087
1.7279999999999205,6.899086760632643,47.273075239178226,43.989701231192775,8301.393003547282,-0.10761079936952145,26.62911841748261,0.2247467541356999,-0.04376107705116156,13.136217673521426,9.386039213841318
1.7289999999999204,6.90453077934706,47.30790276911893,44.00394752344978,8296.253703192553,-0.10778029286400134,26.63435649393705,0.22515916445529782,-0.04384108096076511,13.138509331595863,9.385757289041155
1.7299999999999203,6.909574721237671,47.31121726625158,44.01914356852393,8291.628332873297,-0.1079480606051039,26.639307577459533,0.22557177058675787,-0.043918456983793985,13.140730174056996,9.385496125197777
1.7309999999999202,6.915024616084469,47.32707797967193,44.03433961359807,8287.465499585967,-0.10811494963166896,26.644599838786007,0.22598750284648517,-0.043991342664950306,13.143076374321616,9.385182340421725
1.73199999999992,6.920477557688444,47.33765623223541,44.048585905855084,8283.718949627371,-0.10827939085634006,26.649931258187692,0.22640451482575658,-0.04406149878166976,13.145467762512613,9.384888227867183
1.73299999999992,6.925601409825662,47.34688454607361,44.06378195092922,8280.347054664635,-0.10843641577682595,26.654946672407398,0.22682189005390468,-0.044134939075071766,13.147721733868892,9.384628192738907
1.7339999999999198,6.93106026202398,47.369808171480365,44.07802824318623,8277.312349198171,-0.10858937404261537,26.660224210441523,0.22724518226378376,-0.044208112613974226,13.150039747284094,9.38432234235977
1.7349999999999197,6.936118006043976,47.38089004836107,44.092274535443245,8274.581114278353,-0.10873828534191604,26.665172254843608,0.22766799149334577,-0.044280371678453445,13.152242794996107,9.384081287149574
1.7359999999999196,6.94125007290541,47.40247192241931,44.107470580517386,8272.123002850518,-0.1088827010102478,26.670138942488975,0.22809367034147354,-0.044356916880567865,13.154422465326977,9.38381174010898
1.7369999999999195,6.946717681668964,47.42819977033961,44.1217168727744,8269.910702565467,-0.10902825993910517,26.675421247226804,0.22852227877077314,-0.04442915177388512,13.15673466779778,9.383516268625247
1.7379999999999194,6.95185530645361,47.44401047084966,44.135963165031406,8267.91963230892,-0.1091722996084544,26.680433150894608,0.2289481908038587,-0.04450166111399878,13.158968251033151,9.383268712163826
1.7389999999999193,6.956923866548272,47.467196451190354,44.15020945728842,8266.127669078029,-0.10931308844047016,26.68533693441406,0.229373392844897,-0.04457627286097998,13.161122880131725,9.38301465997741
1.7399999999999192,6.962066853721305,47.49283797728451,44.164455749545425,8264.514902170227,-0.10945429669832121,26.690303810170256,0.22979753578645234,-0.04465001080100728,13.1632867222582,9.382754674500209
1.740999999999919,6.967212536150958,47.5172671843304,44.17965179461957,8263.063411953204,-0.10959712370364799,26.695282679780448,0.23021880062850753,-0.04472458558616582,13.165468054149601,9.38249466060631
1.741999999999919,6.97269465858862,47.54805006007119,44.19294833405944,8261.757070757885,-0.10974345458790916,26.700564082248132,0.23063934508719508,-0.04479711915439427,13.167780755250728,9.382195752245519
1.7429999999999188,6.977440136502038,47.562362299423,44.20719462631644,8260.581363682097,-0.10988733566072054,26.70520426598094,0.2310514348750749,-0.044869724766604946,13.16985072533069,9.381995256541085
1.7439999999999187,6.982593887677885,47.59800671783768,44.221440918573464,8259.523227313886,-0.11003068753414286,26.710133235217818,0.231464533095865,-0.0449474603787528,13.171971589027477,9.381712692984099
1.7449999999999186,6.987750339061261,47.624394073754985,44.23568721083047,8258.570904582499,-0.11017840462208739,26.71511911534565,0.23187355914314284,-0.04501958888590635,13.174147253166574,9.38145718673955
1.7459999999999185,6.99290949189329,47.65198697567469,44.24993350308748,8257.71381412425,-0.11032740403840366,26.720102321817723,0.23227940575217532,-0.04509508324243289,13.176338675079329,9.38118967760979
1.7469999999999184,6.998071347415636,47.68077366148357,44.26417979534449,8256.942432711825,-0.11047705977030586,26.725082677930644,0.23268270318300033,-0.04516733335692802,13.178523197215442,9.380927467274663
1.7479999999999183,7.0032359068705,47.71020324685178,44.27747633478436,8256.248189440643,-0.11062705676612763,26.73006325726932,0.23308447905661278,-0.045240228112777614,13.180702180375532,9.380662850526228
1.7489999999999182,7.007996202585706,47.733516014375034,44.29172262704137,8255.623370496578,-0.11077476353921575,26.734675288359995,0.23348187674347792,-0.045314369572560464,13.182725162211028,9.380445483491506
1.749999999999918,7.013165971926355,47.770513878873935,44.30501916648125,8255.06103344692,-0.11092376205692187,26.73961995611917,0.23388111511731252,-0.04539040926899812,13.184852495982565,9.380163665968142
1.750999999999918,7.017931091290948,47.79242893160395,44.31926545873825,8254.55493010223,-0.11107322493573912,26.744246521027332,0.2342747150264673,-0.045464032245744745,13.186885971017919,9.379949829587325
1.7519999999999178,7.02310607513832,47.829263030851514,44.33256199817813,8254.099437092005,-0.11122352993659307,26.749198970180444,0.23466967788059417,-0.045540921941183976,13.189030303545115,9.379663620875466
1.7529999999999177,7.027876022439925,47.85171970878559,44.34680829043514,8253.689493382804,-0.1113734827344241,26.75382874455761,0.2350589634998292,-0.04561254929784442,13.191069175596237,9.379449904006457
1.7539999999999176,7.033128345260801,47.89034023278855,44.36010482987501,8253.320544044524,-0.11152410053757286,26.758849725625062,0.23545070824519426,-0.04568745622182274,13.193241114738761,9.379153872949004
1.7549999999999175,7.037903147703588,47.912114134131144,44.373401369314884,8252.988489640073,-0.11167380356354975,26.76348943758725,0.2358368914378814,-0.045756257124754784,13.195289009143714,9.378942746952237
1.7559999999999174,7.042680274215773,47.94385907613744,44.38669790875477,8252.689640676064,-0.11181990990227192,26.768075277933065,0.23622277161418842,-0.04583181473095532,13.19727688189057,9.37870010305269
1.7569999999999173,7.047531914394979,47.97535316768355,44.40094420101177,8252.420676608457,-0.11196655975785874,26.772737484021235,0.23660746935352528,-0.04590321034846184,13.199289972100171,9.378459930999968
1.7579999999999172,7.052722416275262,48.01034767639804,44.41424074045164,8252.178608947612,-0.11211596104625407,26.77771919307724,0.23699290031391124,-0.04597461857598151,13.201454550749242,9.378177784836787
1.758999999999917,7.057578967587606,48.034733205686464,44.42753727989153,8251.96074805285,-0.11226422251477516,26.782427594771512,0.23737426767539838,-0.04604244458729745,13.203537971349359,9.377949872118805
1.759999999999917,7.062437892935971,48.06682060480077,44.44083381933139,8251.764673247566,-0.11240923436179753,26.787094883198,0.23775595814420336,-0.04611306916346486,13.20556870550892,9.377703355006844
1.7609999999999169,7.067226911312667,48.09687285273967,44.45413035877128,8251.58820592281,-0.11255330717427386,26.791704098183885,0.2381368217025333,-0.046181818638971806,13.207565261350158,9.377471712291776
1.7619999999999167,7.072090564823822,48.12876224997456,44.467426898211144,8251.429385330528,-0.11269749922742572,26.796377799972113,0.23851765525567759,-0.046252454731548265,13.209590217743752,9.377224713884257
1.7629999999999166,7.076956595419775,48.15906451334037,44.47977368483389,8251.286446797476,-0.11284212872711183,26.801063132441755,0.23889740179590374,-0.04632128205524233,13.211631444844073,9.376982828881895
1.7639999999999165,7.081415168068452,48.18314858730581,44.493070224273765,8251.157802117728,-0.11298342571951081,26.805376515417663,0.23927304361915513,-0.046392304770947246,13.21351846678697,9.376785357603811
1.7649999999999164,7.086285766219484,48.22090091776716,44.506366763713636,8251.042021905956,-0.1131253569774697,26.810024460717916,0.23965056602642176,-0.04646422268516798,13.215508496674994,9.37652357797084
1.7659999999999163,7.091086349156995,48.24864219903715,44.51966330315352,8250.93781971536,-0.11326942201441503,26.81465953832645,0.2400248426442408,-0.046531496068323464,13.217531879298985,9.376291465291448
1.7669999999999162,7.095961685459022,48.280099460186214,44.53201008977626,8250.844037743824,-0.11341300687659808,26.819348451191008,0.2403981493340442,-0.04660003874155011,13.219581419088339,9.37603935846385
1.767999999999916,7.100428825260621,48.30423157964131,44.545306629216135,8250.759633969443,-0.11355305263517951,26.823670864257494,0.2407671578065917,-0.04666652860272402,13.221474758989528,9.375842329450435
1.768999999999916,7.10538119945849,48.343389505091025,44.55765341583887,8250.6836705725,-0.1136936087203862,26.828393301287065,0.24113941921321086,-0.04673514021907943,13.223497349942509,9.3755685438021
1.7699999999999159,7.109852572780873,48.36475871039573,44.57094995527875,8250.61530351525,-0.11383327404459337,26.83273594318902,0.2415061271902907,-0.046799638951983524,13.22540463434563,9.375377017461407
1.7709999999999158,7.114737086363593,48.40249859932057,44.58329674190149,8250.553773163723,-0.1139725256641522,26.837398822916917,0.2418756218393427,-0.046868746106240256,13.227413659955232,9.375107408523622
1.7719999999999156,7.119212675327537,48.42524592827697,44.59564352852423,8250.498395847351,-0.1141107528410294,26.841738045399534,0.2422403905453856,-0.046932065791993605,13.229315498202185,9.374913598524252
1.7729999999999155,7.123690285778905,48.456177906666184,44.60894006796409,8250.448556262616,-0.11424600887936395,26.846032868227347,0.24260472137996425,-0.04700232183243902,13.231169836517887,9.374690349204116
1.7739999999999154,7.128654152712086,48.493513099994345,44.62128685458685,8250.403700636354,-0.11438500795809628,26.850777685107143,0.24297106242025823,-0.04706626253948376,13.23320884527338,9.374421866835627
1.7749999999999153,7.133136005376757,48.51429949504681,44.63363364120959,8250.36333057272,-0.11452271808777831,26.85513465606229,0.243332036638164,-0.047129801206925226,13.235136258334084,9.374223958189315
1.7759999999999152,7.13769249773993,48.54677739509464,44.645980427832335,8250.326997515447,-0.11465720259741502,26.85949981869758,0.24369353982648867,-0.047196413837543916,13.23702492409032,9.373992580546751
1.776999999999915,7.142178420574962,48.57544599796397,44.65832721445507,8250.294297763903,-0.11479119694611556,26.863816106459318,0.24405353139285868,-0.04725993390301492,13.238887856949736,9.373781316068651
1.777999999999915,7.146739027574487,48.60600275424254,44.67067400107781,8250.264867987513,-0.11492526469784223,26.868196458465764,0.24441291119319486,-0.04732603513726197,13.240781506096988,9.373551842053553
1.7789999999999149,7.151229023822858,48.633830602397296,44.683020787700556,8250.238381188763,-0.11505907967955872,26.872521742192077,0.24477001145442728,-0.047389757053496184,13.242662748630071,9.373336877740297
1.7799999999999148,7.155793748728204,48.664351025984814,44.69536757432329,8250.214543069887,-0.11519245179979407,26.876906529846828,0.24512644032439884,-0.04745401393684706,13.244564158686893,9.373107280704163
1.7809999999999147,7.160287821635304,48.6922980502988,44.707714360946035,8250.193088762899,-0.11532517443484813,26.881235344855142,0.24548096192443963,-0.047516375483378226,13.246446871230434,9.372890824628556
1.7819999999999145,7.164856667718355,48.72290307592124,44.71911139475164,8250.173779886609,-0.11545739398526475,26.885623886105726,0.24583519735285303,-0.04757887027337765,13.24834924194199,9.37266054977539
1.7829999999999144,7.169014333944263,48.74543698190457,44.731458181374386,8250.156401897948,-0.11558635766047459,26.889647094599365,0.24618519382500859,-0.04764141209676648,13.25010363558166,9.372482216768105
1.7839999999999143,7.173587148262866,48.7817720481233,44.74380496799713,8250.140761708153,-0.11571576220097032,26.89400708059782,0.24653762522645956,-0.047706105583893654,13.251965384058485,9.372235860037438
1.7849999999999142,7.178162036710083,48.80921503279317,44.75520200180273,8250.126685537338,-0.11584753709417323,26.898419771303193,0.2468879135321569,-0.04776504165952794,13.25388753761345,9.372013334806903
1.785999999999914,7.182325229530901,48.83134873652395,44.76754878842548,8250.114016983604,-0.11597530774110373,26.902450941761373,0.24723401051741606,-0.04782768267302934,13.255658637196932,9.371828742712903
1.786999999999914,7.18690409082892,48.86783362340955,44.77894582223109,8250.102615285243,-0.11610317210389351,26.906816233768225,0.24758288593667171,-0.047889164478330026,13.25752527539504,9.37158307591117
1.7879999999999139,7.191070917337083,48.88876408597074,44.79129260885382,8250.092353756718,-0.1162300110423587,26.910857934277438,0.24792691035272096,-0.047948347953026604,13.259290727808894,9.371405818493404
1.7889999999999138,7.195653754521455,48.92452683574937,44.80268964265943,8250.083118381046,-0.11635723421140895,26.9152314132385,0.2482735590364789,-0.04801090950959924,13.261170111155277,9.371154492987534
1.7899999999999137,7.199824217500165,48.94535248940987,44.81408667646504,8250.074806542942,-0.11648327610832321,26.91927738597213,0.24861529629541218,-0.048067860899951464,13.262942845446823,9.370978332968964
1.7909999999999136,7.203996418238022,48.97453951420444,44.826433463087774,8250.067325888647,-0.11660621646782357,26.92327760147165,0.24895666908059016,-0.04813161864085164,13.264666086569129,9.370772649425604
1.7919999999999134,7.208585135843077,49.00900082410808,44.83783049689339,8250.060593299782,-0.11673239614997033,26.927664420388183,0.2492996643652151,-0.04818932733733633,13.26654650295022,9.370529825737517
1.7929999999999133,7.21283394800269,49.0303156764834,44.849227530699,8250.054533969804,-0.11685785284750966,26.931786116205295,0.24963836238724157,-0.0482466283753904,13.26836067235121,9.37033850142771
1.7939999999999132,7.217011548929354,49.058225766905196,44.8606245645046,8250.049080572822,-0.11697983686682717,26.935799067409008,0.24997627955570806,-0.0483064355977143,13.27010039556066,9.370136964189177
1.794999999999913,7.221263900809467,49.087667427291315,44.87202159831021,8250.04417251554,-0.11710150206565592,26.939878075163648,0.25031408860487325,-0.048364218932212766,13.271851156738414,9.36993042368103
1.795999999999913,7.225445003001377,49.11373683490147,44.88341863211581,8250.039755263986,-0.11722296821670508,26.943905054650173,0.250650033842139,-0.048423083198695704,13.273593755375753,9.369731898655962
1.796999999999913,7.229700897197556,49.142321404117965,44.89481566592142,8250.035779737587,-0.11734440728885717,26.94799254614751,0.25098517791487723,-0.048481387849058866,13.275361858925487,9.369521292361913
1.7979999999999128,7.233885503229501,49.16831275358404,44.90621269972702,8250.032201763828,-0.11746522633345524,26.952023511097302,0.25131836163982285,-0.048538411122552416,13.27711208599804,9.369322937136864
1.7989999999999127,7.238144942339095,49.19698426144802,44.917609733532636,8250.028981587446,-0.11758563842142306,26.95611412110108,0.25165111535509105,-0.04859552914571097,13.278881662618389,9.369110804986867
1.7999999999999126,7.24233305478764,49.22303090472428,44.928057014521116,8250.0260834287,-0.11770538009986004,26.960148334195562,0.25198225140643293,-0.04865090393007715,13.28063271361074,9.368911867308618
1.8009999999999124,7.246179784123705,49.24505007034303,44.93945404832671,8250.023475085829,-0.11782146139337457,26.963864013421897,0.25230987176374625,-0.04870873972377904,13.282244852809454,9.368746464325959
1.8019999999999123,7.250444390090477,49.2792477973003,44.950851082132324,8250.021127577245,-0.11793874201526638,26.9679284027265,0.25263973588250493,-0.04876692462234128,13.283973849534846,9.368519304049146
1.8029999999999122,7.254710781342597,49.30458804900152,44.9612983631208,8250.019014819522,-0.1180584276949479,26.972045003640396,0.25296729837521614,-0.04882023291254217,13.285765754529125,9.368313706804036
1.8039999999999121,7.258562220215129,49.32468549340246,44.9726953969264,8250.01711333757,-0.11817398484045266,26.975776422836372,0.25329042872430146,-0.048876720183712696,13.287404267377209,9.368147352754379
1.804999999999912,7.262758812169397,49.35808674313676,44.98314267791488,8250.015402003814,-0.11828915095938117,26.979777389239764,0.25361578962182985,-0.048932645614282566,13.289110422752618,9.367927051782456
1.805999999999912,7.266613325137629,49.37820202981094,44.994539711720485,8250.013861803433,-0.11840341366151505,26.983511813119655,0.2539366053014056,-0.04898641411179805,13.290733036078828,9.367764552425706
1.8069999999999118,7.270886512889733,49.41164855081156,45.00498699270896,8250.01247562309,-0.1185187102693902,26.98758922008423,0.25425972683568415,-0.049042974863111766,13.29248163259975,9.36753091483196
1.8079999999999117,7.274817383214423,49.431441718692525,45.01543427369744,8250.011228060783,-0.11863321654054912,26.991401882567686,0.2545782166972081,-0.04909358408007913,13.29415167758118,9.36736371557563
1.8089999999999116,7.278676481825521,49.457395499036465,45.0258815546859,8250.010105254703,-0.11874424133291606,26.99510777574766,0.2548957986989714,-0.049150432129508426,13.295751153674434,9.367178674713166
1.8099999999999115,7.282537053752402,49.48357834434716,45.03727858849151,8250.009094729234,-0.11885475361184075,26.998813820734483,0.25521190979426134,-0.04920415828455599,13.297337542459017,9.36699969046522
1.8109999999999113,7.286816921617866,49.51548998248921,45.04772586947998,8245.00818525631,-0.11896855257808583,27.002906741395584,0.2555296510184224,-0.04925763068809286,13.299094827868895,9.36676810429191
1.8119999999999112,7.290680592352148,49.507014566070424,45.058173150468456,8240.507366730679,-0.11908232988703951,27.006743762427917,0.2558457510879936,-0.04930291981675167,13.300839477637334,9.366577403720793
1.8129999999999111,7.29461909390364,49.50811090022279,45.06862043145694,8236.456630057612,-0.11919144382979477,27.010607744852095,0.2561631090563422,-0.04934543444585815,13.302574348442135,9.366365176446347
1.813999999999911,7.298485733145844,49.50917565337721,45.0790677124454,8232.81096705185,-0.1192941144886705,27.01440628694572,0.256482347175064,-0.0493861709591778,13.304265848328567,9.36617224255548
1.814999999999911,7.302353848234551,49.51387587109285,45.08951499343389,8229.529870346665,-0.11939086132480439,27.01819127815576,0.25680466218033104,-0.049430480248291,13.305939315857353,9.365973540878407
1.8159999999999108,7.306296850578938,49.52149347562358,45.09901252160521,8226.576883311998,-0.11948366313717995,27.02203957675934,0.25713054238436894,-0.04947362419845891,13.307635215457864,9.365771753890858
1.8169999999999107,7.30982263440425,49.52288434936758,45.10945980259369,8223.919194980797,-0.11956954109286339,27.025510569216877,0.2574556546755708,-0.049518679872884885,13.309176663338953,9.36562223633356
1.8179999999999106,7.313695065679832,49.53885749846191,45.11990708358217,8221.527275482717,-0.11965288792111195,27.02924935432908,0.25778568857462675,-0.04956601454752291,13.310791342238026,9.365415626398303
1.8189999999999105,7.317642438980509,49.54973563414764,45.13035436457064,8219.374547934445,-0.11973708501878771,27.03309581788306,0.25811610880974645,-0.049608010452402374,13.312478690434794,9.36522402960046
1.8199999999999104,7.321517844672181,49.560515144667754,45.13985189274198,8217.437093141001,-0.11981948924261299,27.03687423093794,0.2584458383486926,-0.049651546892959864,13.31415037716273,9.365036817422547
1.8209999999999102,7.325048905738415,49.5692240071888,45.15029917373045,8215.693383826901,-0.11989765365774599,27.040322985803705,0.25877240505926324,-0.04969491662740105,13.31566661967748,9.36489003236988
1.8219999999999101,7.329000654264752,49.59143130694138,45.1597967019018,8214.124045444212,-0.11997743520428542,27.044118344601905,0.25910147115438864,-0.04974020664605916,13.317290885642091,9.364679236308458
1.82299999999991,7.332534304422409,49.5989334302248,45.17024398289026,8212.71164089979,-0.12005754879435424,27.047581725590156,0.2594238980546663,-0.04978291574236149,13.318814314433116,9.364539798273501
1.82399999999991,7.336488933396013,49.622493617515644,45.17974151106161,8211.44047680981,-0.1201399000302587,27.05137691306252,0.2597472946399719,-0.04983034858391294,13.320449522559903,9.364323832223416
1.8249999999999098,7.340025174310946,49.63175305908365,45.189239039232945,8210.29642912883,-0.12022282730534756,27.05483706368127,0.2600632940331658,-0.04987234951891595,13.32197226181988,9.364185074851582
1.8259999999999097,7.343562642350777,49.65020753793952,45.198736567404275,8209.266786215947,-0.12030476817632654,27.058247902249462,0.2603765417458159,-0.04992250074575416,13.323442883332824,9.36401460126277
1.8269999999999096,7.347101337890342,49.66789588399452,45.20918384839276,8208.340107594351,-0.12038899953421076,27.061665918173254,0.2606853901120372,-0.04996888740368627,13.324910512958608,9.363854769955832
1.8279999999999095,7.351061580173513,49.69215379509236,45.21868137656409,8207.506096834917,-0.12047859206987757,27.065469667565065,0.2609933260033796,-0.05001604181903607,13.326549920871505,9.363639578880328
1.8289999999999094,7.35460286971878,49.7030700045644,45.22817890473543,8206.755487151426,-0.12056832254904779,27.068931726994037,0.2612935159266322,-0.050059068052052624,13.328085624769498,9.363493535328509
1.8299999999999093,7.358145387929848,49.72372720371261,45.237676432906774,8206.079938436284,-0.12065589057658524,27.072340714956404,0.26159182296745387,-0.05010711864518452,13.329558951617503,9.363320729746185
1.8309999999999091,7.361689135181988,49.74352879140489,45.24717396107812,8205.471944592657,-0.12074443842635726,27.07575686148488,0.261887534386292,-0.050151881973413415,13.33102413561703,9.363157227387486
1.831999999999909,7.365307799787574,49.76410591431421,45.256671489249456,8204.924750133392,-0.12083458583922277,27.079244532272924,0.26218128661946133,-0.050198722402061136,13.33252889427411,9.36297930336635
1.832999999999909,7.36885402296961,49.782484560919016,45.26616901742079,8204.432275120053,-0.12092522434072148,27.082673131019526,0.26247186080165885,-0.05024366670008007,13.334020368226414,9.3628149355875
1.8339999999999088,7.372401476322964,49.80283912117336,45.274716792775,8203.989047608047,-0.12101555011996609,27.08609250538087,0.26276069186577405,-0.050289437196092523,13.335501143138002,9.36264482220703
1.8349999999999087,7.375602610091959,49.817712378961936,45.28421432094633,8203.590142847243,-0.12110327985574704,27.089197442108677,0.26304477013719946,-0.050335827950706014,13.336847178749872,9.362515910281516
1.8359999999999086,7.379152403479207,49.84409254990797,45.293711849117685,8203.231128562518,-0.12119245745667695,27.092586185576174,0.2633298454597055,-0.050384163257276515,13.338284814264904,9.362329360473174
1.8369999999999085,7.382777198036687,49.86424388887757,45.30225962447188,8202.908015706267,-0.1212848337653839,27.09608603996469,0.26361239784021384,-0.05042681707318458,13.339803030304692,9.362155140406728
1.8379999999999084,7.385981566823349,49.87771397148238,45.31175715264323,8202.61721413564,-0.12137370063792016,27.09920402374257,0.2638894902397269,-0.05047227111778552,13.341175540802327,9.362023819079464
1.8389999999999083,7.389534950322902,49.90505381462078,45.320304927997434,8202.355492722076,-0.12146258837881413,27.10259249691876,0.26416839129544933,-0.05051739148981732,13.342617304753066,9.361836022181604
1.8399999999999082,7.392741430805573,49.919246546596085,45.32980245616877,8202.119943449869,-0.12155051741994705,27.105709381070646,0.26444217892310146,-0.050559527392934456,13.343971485167021,9.361708444724329
1.840999999999908,7.396370991320532,49.94709364786246,45.33835023152298,8201.907949104881,-0.12163975122097784,27.10917202511755,0.26471826305662544,-0.050604937970387454,13.345451876908818,9.361507638426641
1.841999999999908,7.399579599803478,49.96006736325606,45.34784775969431,8201.717154194394,-0.12172756976842602,27.11229872304019,0.2649887169074353,-0.050644198328829104,13.346823544932626,9.361383936463362
1.8429999999999078,7.403137688369394,49.98740437441324,45.35639553504852,8201.545438774954,-0.12181509645871022,27.115693472827942,0.26526184261594454,-0.05068892477544701,13.348275952178682,9.361189340786062
1.8439999999999077,7.406348411006164,50.00203960592205,45.36494331040273,8201.390894897459,-0.12190149109202728,27.1188134278877,0.26553056350324283,-0.050727226145727444,13.349635336814256,9.361062597876671
1.8449999999999076,7.40956013630645,50.02365522344333,45.373491085756925,8201.251805407712,-0.1219854633993343,27.12189489727162,0.26579904542036936,-0.050772705787126615,13.350955621825216,9.360908018177685
1.8459999999999075,7.412772864545881,50.04415639971776,45.38203886111114,8201.126624866942,-0.12206980308928667,27.124983912208734,0.266065837396333,-0.05081430490392569,13.352275659890246,9.360763503720735
1.8469999999999074,7.415986596000159,50.064125147658565,45.39058663646534,8201.013962380248,-0.12215435206955794,27.128077231292608,0.266330676856093,-0.05085828896949024,13.353606102368442,9.36061270830508
1.8479999999999073,7.41927527178134,50.085269019392825,45.39913441181955,8200.912566142222,-0.12223967770741692,27.131239009936472,0.26659380122073345,-0.05090013411830496,13.35496946527726,9.360454872694849
1.8489999999999072,7.422491025593533,50.10410139769771,45.40768218717375,8200.821309528,-0.12232446368264424,27.134341233994583,0.26685426389548517,-0.05094103681283796,13.356314267066116,9.360307415677775
1.849999999999907,7.425707783451174,50.12464057896878,45.41622996252796,8200.7391785752,-0.12240834969445319,27.137434913129606,0.267113196177018,-0.0509817710634064,13.357648177508468,9.360155129480344
1.850999999999907,7.428925545630255,50.14500957565326,45.42477773788215,8200.66526071768,-0.12249178032807603,27.140530719888574,0.2673707153491731,-0.0510211752018736,13.358981222414766,9.360004002462546
1.8519999999999068,7.432218313665,50.166473790169505,45.43332551323637,8200.598734645911,-0.12257532934773083,27.143695450744126,0.2676277400634568,-0.05105993983103335,13.36034516690222,9.359843143714567
1.8529999999999067,7.435438100428365,50.185537296174594,45.44092353577344,8200.538861181321,-0.12265804656135565,27.14680098914365,0.26788332336445325,-0.05109746960920791,13.361691495970437,9.359694453007668
1.8539999999999066,7.43823517265669,50.19948938572981,45.449471311127645,8200.48497506319,-0.12273617656064287,27.149512965966856,0.26813489827809833,-0.05113783771144892,13.362865599344525,9.359589187321324
1.8549999999999065,7.441530889761903,50.22832055078215,45.458019086481855,8200.43647755687,-0.12281624109404393,27.15263898068507,0.2683899817268233,-0.051179523535456906,13.364176705184011,9.359408284389799
1.8559999999999064,7.444753582734355,50.24532815082799,45.465617109018915,8200.392829801183,-0.12289891292842178,27.15575945978955,0.2686419751220053,-0.051215374368535516,13.365533436252335,9.359264013046321
1.8569999999999063,7.447627273591948,50.25969273739791,45.47321513155599,8200.353546821065,-0.12297765124195306,27.158546047142416,0.268889968009866,-0.05125608696577383,13.366754405630566,9.359145051818174
1.8579999999999062,7.450501762457831,50.28052896703991,45.4817629069102,8200.318192138959,-0.12305415004558876,27.161296588279406,0.2691370062668394,-0.05129675863800387,13.36791960687415,9.359015974586251
1.858999999999906,7.453727253785165,50.305185788792485,45.48936092944727,8200.286372925064,-0.12313400292876436,27.16437654831462,0.26938488987639625,-0.051335924525945376,13.369223501752943,9.358847871150937
1.859999999999906,7.456603437384733,50.31760931701139,45.49695895198435,8200.257735632556,-0.12321297489214889,27.167176950922652,0.2696269944757519,-0.05137335715639679,13.370452377880813,9.358733676879849
1.8609999999999058,7.459480419601891,50.33766490114192,45.50550672733855,8200.231962069302,-0.12328930875071129,27.169934720601503,0.26986772230467265,-0.051414078406271546,13.371635707986224,9.358597819818357
1.8619999999999057,7.462782855539142,50.36350396530093,45.51310474987562,8200.208765862371,-0.12336893619059497,27.173085139279507,0.27011014909625447,-0.05144944191688411,13.372975528073123,9.35842072606826
1.8629999999999056,7.465661547244015,50.3748112653078,45.52070277241269,8200.187889276134,-0.123446659378072,27.175894662527874,0.27034713740427896,-0.05148365925533677,13.374215063193933,9.358307545736775
1.8639999999999055,7.468541038178667,50.39534317544164,45.528300794949764,8200.169100348521,-0.12352094533239141,27.178652439100432,0.2705841002447579,-0.05152174622345035,13.375397567141349,9.35816959444309
1.8649999999999054,7.471421328538407,50.41459166190164,45.53589881748683,8200.152190313669,-0.12359488287373799,27.18141835540066,0.27082018362449506,-0.05155677058973018,13.37657358177166,9.358040691718521
1.8659999999999053,7.474302418518584,50.43306896282756,45.543496840023906,8200.136971282303,-0.12366880217096102,27.184189558144986,0.2710550081688374,-0.05159428814760719,13.377761582355031,9.357905902597702
1.8669999999999052,7.477184308314605,50.45142742324069,45.551094862560966,8200.123274154073,-0.12374272792582569,27.18696226487009,0.271288197401695,-0.05163027676235943,13.37895587679139,9.357772845142922
1.867999999999905,7.480066998121901,50.46984069469757,45.55869288509804,8200.110946738667,-0.12381632641317611,27.189735521181518,0.2715199915581248,-0.05166610429384927,13.380151003021622,9.35763832261298
1.868999999999905,7.482950488135976,50.48829396741795,45.56534115481798,8200.099852064799,-0.12388960550288677,27.192509405371776,0.27175048100244587,-0.05170106164720367,13.381345969739854,9.357503630606828
1.8699999999999048,7.485409229565455,50.49994855354459,45.57293917735505,8200.08986685832,-0.12395894763166285,27.194897244741107,0.2719759859535276,-0.051737630295447645,13.382378686987188,9.35741684303448
1.8709999999999047,7.48836847235762,50.52674498069169,45.58053719989213,8200.080880172489,-0.1240303131879491,27.19769942901008,0.27220440234512566,-0.051775773933658675,13.383550762775945,9.357251762080994
1.8719999999999046,7.491254265740662,50.54177766854649,45.587185469612066,8200.072792155239,-0.12410406393586598,27.20049524946224,0.2724291809146398,-0.051807110088817054,13.3847666268389,9.357124633954205
1.8729999999999045,7.493714989165761,50.55296513635483,45.59478349214913,8200.065512939716,-0.12417290118900545,27.20288790761701,0.2726489267340633,-0.051843844812081596,13.385816881403597,9.357030531876198
1.8739999999999044,7.49667657514161,50.579884179197016,45.60143176186908,8200.058961645744,-0.12424316630589785,27.205691872073515,0.2728719747888685,-0.051878411185773354,13.386993284662609,9.356865748867088
1.8749999999999043,7.499138592439472,50.58820215571164,45.60902978440615,8200.05306548117,-0.12431173722838235,27.20810225613527,0.2730884051917656,-0.051910010885611535,13.38804673755289,9.356784473674374
1.8759999999999042,7.502101708048604,50.6145822753279,45.615678054126086,8200.047758933053,-0.12438136282340204,27.2109109532173,0.2733083456095177,-0.05194644677087412,13.389236950491679,9.356611344292569
1.876999999999904,7.504639359337277,50.62410179298152,45.622326323846025,8200.042983039748,-0.1244497295909339,27.21339018422666,0.2735225163194614,-0.051974577335473615,13.390323780219184,9.356523949917971
1.877999999999904,7.507103276180107,50.641298706849646,45.62897459356596,8200.038684735773,-0.1245142174648175,27.215752005255602,0.27373584144487395,-0.05201216419879323,13.391332268459879,9.356409268523649
1.8789999999999039,7.509642149559938,50.659624007550484,45.63657261610303,8200.034816262196,-0.12457922380101033,27.21818234341243,0.2739479388722261,-0.05204483265041149,13.392356294973208,9.356295931443643
1.8799999999999037,7.512608226240098,50.68240920949248,45.64322088582296,8200.031334635976,-0.12464844694394087,27.22101465062113,0.2741616000165472,-0.05207733961303945,13.393566062503687,9.356130614792441
1.8809999999999036,7.515148432365049,50.69133270258086,45.6498691555429,8200.02820117238,-0.1247158037402731,27.223500027091006,0.27436953644411377,-0.052105483227966654,13.394672215573774,9.356035367888648
1.8819999999999035,7.51761485565118,50.70861984326362,45.65651742526284,8200.02538105514,-0.12477881292150356,27.22586397355407,0.27457715529178744,-0.05213893173795092,13.395686124513528,9.355921259122137
1.8829999999999034,7.520156284952713,50.72705981051832,45.66316569498278,8200.022842949627,-0.12484188369759833,27.22829636974328,0.2747846790303435,-0.05216920800235664,13.396710728206841,9.35580515360235
1.8839999999999033,7.522698331947672,50.7430565143751,45.66981396470271,8200.020558654665,-0.12490553064965562,27.23074336945173,0.27499080762179134,-0.05220111837241348,13.397758524792168,9.355687524265257
1.8849999999999032,7.525240996768173,50.75914636570393,45.67551248160552,8200.0185027892,-0.12496915278263121,27.23319045989217,0.27519540488176475,-0.052231997130261665,13.398814229346616,9.355569952185824
1.885999999999903,7.527357104856031,50.768581794168526,45.68216075132546,8200.01665251028,-0.1250287220825399,27.23524886844156,0.2753948659875328,-0.052264627623518356,13.39970548425438,9.355500489453744
1.886999999999903,7.529975364970016,50.793267802428204,45.6888090210454,8200.014987259252,-0.12509048184937133,27.23772266558976,0.2755971400065172,-0.05229898892137891,13.400734966529182,9.355352035009155
1.8879999999999029,7.532519797424085,50.806137222393126,45.694507537948205,8200.013488533328,-0.12515476976448053,27.24019000956333,0.2757955015832893,-0.052326238622697974,13.401807861152076,9.355242113517246
1.8889999999999028,7.53463739196364,50.815134774907975,45.701155807668144,8200.012139679995,-0.12521416248354528,27.242252565567853,0.2759885641330586,-0.05235895285923947,13.40271468052059,9.355164945222105
1.8899999999999026,7.537182962720163,50.83872393348146,45.70780407738808,8200.010925711995,-0.12527445890434522,27.244660020802115,0.27618411833377077,-0.052389810223887334,13.403719897464494,9.355025126435859
1.8909999999999025,7.539803655373201,50.854121744300976,45.71350259429088,8200.009833140795,-0.1253375605843358,27.24718936972362,0.2763780149616839,-0.05241526775027433,13.404812755293769,9.354900038229935
1.8919999999999024,7.541922737277885,50.86150695894499,45.719201111193684,8200.008849826716,-0.12539572799982027,27.249262717129437,0.2765665528552299,-0.052444165951581856,13.405731433029969,9.354826467534913
1.8929999999999023,7.544116780045171,50.87968631690762,45.72584938091362,8200.007964844044,-0.12545099923208977,27.25134950369476,0.27675563649120216,-0.05247522318112008,13.406604527702235,9.35472374664698
1.8939999999999022,7.546664652432112,50.89996056437238,45.73154789781643,8200.00716835964,-0.12551001125298133,27.253778301183267,0.27694612548844505,-0.05250279809035174,13.407625230338184,9.354589772980198
1.894999999999902,7.54885968514502,50.90798169578672,45.73724641471922,8200.006451523677,-0.1255678577788233,27.255924079365244,0.2771314200935051,-0.05253016700872637,13.40857207140262,9.35450751867128
1.895999999999902,7.550980619929507,50.92260875892648,45.74294493162203,8200.00580637131,-0.12562248344790608,27.257958103689965,0.27731532726794583,-0.05256088120874841,13.409443389657621,9.354413204950731
1.8969999999999019,7.553176558198333,50.93865881963679,45.749593201341966,8200.005225734178,-0.12567734839015018,27.26005906392138,0.277498305355333,-0.052589399253723856,13.410327236256833,9.35431369591529
1.8979999999999018,7.555726635395247,50.958091817223305,45.75529171824477,8200.004703160761,-0.12573593041214676,27.262495031508397,0.2776822841816719,-0.05261665420515488,13.411366760347551,9.35417345310496
1.8989999999999017,7.557923564363327,50.96605311797255,45.76099023514758,8200.004232844685,-0.12579282866888242,27.26464317219891,0.27786133614065045,-0.05264042516851558,13.412320948782408,9.354090588297622
1.8999999999999015,7.560120951491052,50.98195910579137,45.76573899923325,8200.003809560218,-0.12584654669264259,27.266746520739474,0.2780406439340406,-0.05266808734829198,13.413222172170663,9.353985078076194
1.9009999999999014,7.561890285385718,50.98993811362587,45.771437516136054,8200.003428604196,-0.12589624152550136,27.26846690404758,0.27821542936907717,-0.052695055361889176,13.413952286651742,9.35393677355892
1.9019999999999013,7.564088504226448,51.01129086451727,45.77713603303885,8200.003085743776,-0.12594789311861374,27.270540098011892,0.2783926506801167,-0.05272704466841738,13.414804152633021,9.353812913650255
1.9029999999999012,7.5662871814638,51.02311286655083,45.78283454994166,8200.002777169399,-0.12600277198815513,27.27266807878417,0.27856627185810784,-0.0527517509281033,13.4157242044862,9.353717649768548
1.903999999999901,7.568486317181848,51.036319977371186,45.78853306684446,8200.00249945246,-0.12605708676180502,27.274788718203943,0.27873785856726757,-0.05277923210901447,13.416652600164294,9.353609995835182
1.904999999999901,7.570685911464671,51.05036962745039,45.793281830930134,8200.002249507213,-0.12611054263817278,27.276905024883714,0.2789081260988846,-0.052802333415731206,13.417568747068515,9.353508167584204
1.9059999999999009,7.572457044041881,51.05769544544873,45.79898034783293,8200.002024556492,-0.12615932393807072,27.2786311573713,0.2790739910282986,-0.052828018819918054,13.418315175355248,9.35345238852578
1.9069999999999008,7.574657470775072,51.0790397925631,45.8037291119186,8200.001822100843,-0.12620945306878426,27.280706787777483,0.2792429843152302,-0.05285532807137733,13.419173404538547,9.353327133219851
1.9079999999999007,7.576429281648323,51.084061834574975,45.80942762882141,8200.00163989076,-0.126258391620475,27.28244675054421,0.2794057605532998,-0.05287879356419173,13.419931413582148,9.353277494566093
1.9089999999999006,7.57870522552662,51.10569359681502,45.81417639290708,8200.001475901683,-0.12630914865565027,27.284596361223716,0.27957184912266786,-0.0529073038694281,13.42083785714636,9.353137823895006
1.9099999999999004,7.580477723397526,51.10939692116759,45.81987490980988,8200.001328311515,-0.126358054584424,27.286344594907426,0.27973097568213445,-0.05292787101863827,13.421611592019287,9.35309246856618
1.9109999999999003,7.582679826036422,51.13030682681298,45.82462367389555,8200.001195480363,-0.12640724048542573,27.28842456076042,0.27989357801505266,-0.05295583356233491,13.422488012133515,9.352958334616119
1.9119999999999002,7.584527714196381,51.13664647860121,45.82937243798122,8200.001075932327,-0.12645555436974068,27.290233240445808,0.28005109405826506,-0.05297473954422499,13.423278007213352,9.352901035762708
1.9129999999999001,7.586301204045964,51.149056637086176,45.834121202066896,8200.000968339094,-0.1265005662203701,27.291932996003375,0.2802077465616186,-0.05300281549849678,13.42400088002242,9.352819527448297
1.9139999999999,7.588149727178393,51.1628171926324,45.838869966152565,8200.000871505184,-0.1265461512009784,27.293700068932043,0.28036334736982965,-0.053026276717166365,13.42474085828585,9.352738218515839
1.9149999999999,7.589923835142197,51.17313278171166,45.84361873023823,8200.000784354666,-0.12659165901866204,27.295412429179382,0.2805161306615596,-0.053052067591220664,13.425472960925024,9.35266279968192
1.9159999999998998,7.591772993440122,51.186039199354894,45.8483674943239,8200.0007059192,-0.12663759913620476,27.297185120240346,0.2806671756181011,-0.05307699108619468,13.426230635534537,9.3525750358634
1.9169999999998997,7.593622473633333,51.19748414627211,45.85311625840958,8200.00063532728,-0.12668371876096604,27.298966514133696,0.2808158844286659,-0.053099919409474006,13.426997821939967,9.352491290246519
1.9179999999998996,7.595397513363855,51.20801333325382,45.85786502249524,8200.000571794553,-0.12672869159468844,27.30067872952371,0.28096209737959094,-0.05312286278837525,13.427736688807258,9.352413395111
1.9189999999998995,7.597247629013165,51.22113451526669,45.86261378658091,8200.000514615098,-0.12677338634899402,27.30245129671689,0.2811075343347794,-0.053144728883856185,13.428493227215462,9.35232383733037
1.9199999999998993,7.599098066704532,51.232632197259974,45.86736255066658,8200.000463153588,-0.12681790863059472,27.304233470646334,0.28125169099363184,-0.05316492053521693,13.429260210380729,9.35223829109494
1.9209999999998992,7.60094882648722,51.24435783576928,45.87116156193512,8200.00041683823,-0.12686167428485806,27.306014697706413,0.28139517212805787,-0.05318490507757406,13.43002890039092,9.3521508336714
1.9219999999998991,7.602369830536505,51.24933332335705,45.87591032602079,8200.000375154406,-0.12690094187087925,27.307404560263418,0.28153437098680123,-0.05320623216675974,13.430631496977252,9.352113255161047
1.922999999999899,7.604221163419044,51.268436113586155,45.87970933728932,8200.000337638965,-0.12694166932168585,27.3091443576261,0.28167696842011897,-0.05323026164962236,13.431345475694773,9.35200441960392
1.923999999999899,7.605642613791336,51.27119126635064,45.88445810137498,8200.00030387507,-0.126981460961148,27.310547366085608,0.28181324801030333,-0.0532502253340863,13.431957872643776,9.351972229108934
1.9249999999998988,7.60749451993062,51.2894042688761,45.88825711264352,8200.000273487563,-0.12702277435987355,27.312292899228105,0.28195205701086273,-0.05327583125902147,13.432690432864272,9.351857735516303
1.9259999999998987,7.60891641674897,51.292089266728134,45.8930058767292,8200.000246138807,-0.1270627790940208,27.313696820521482,0.2820842103836446,-0.053293769843632544,13.43330933775702,9.351825754445512
1.9269999999998986,7.610768896301931,51.31038180473831,45.89680488799774,8200.000221524926,-0.12710379535858818,27.315442574804663,0.2822192241987583,-0.05331814946166413,13.434042337806076,9.351708968027125
1.9279999999998985,7.612266080169066,51.314297657618475,45.900603899266265,8200.000199372433,-0.12714390260784325,27.31691486668286,0.28234866448026963,-0.05333373909405581,13.434689877510673,9.351667502869859
1.9289999999998984,7.613688625844953,51.32444608389279,45.90535266335194,8200.000179435188,-0.12718058461404727,27.31827707590518,0.28247694637971815,-0.053357919766754525,13.43526815800967,9.351602368268324
1.9299999999998982,7.615541938656934,51.34166770698891,45.909151674620475,8200.00016149167,-0.12722080500084348,27.320029805038494,0.28260740968332076,-0.053375454685684276,13.435998526707476,9.351496686940422
1.9309999999998981,7.617039793638927,51.34496400676038,45.91295068588901,8200.000145342503,-0.1272597015545284,27.321506438442697,0.2827329895911173,-0.053392364315890894,13.436656715727734,9.351447288944925
1.931999999999898,7.618462988431454,51.35501369957397,45.91674969715755,8200.000130808254,-0.12729519133073447,27.322869926269135,0.28285773355067945,-0.05341345283576604,13.437240594771067,9.35138363850508
1.932999999999898,7.619961254971089,51.36657718219741,45.920548708426075,8200.000117727428,-0.12733080489328744,27.32429987389975,0.28298222989985905,-0.05343174931232869,13.437836220815605,9.351316505541712
1.9339999999998978,7.621384847780515,51.37466472805211,45.924347719694616,8200.000105954685,-0.12736635637781385,27.325675006335956,0.2831045177280537,-0.05345174929668284,13.438422958847847,9.351257104183318
1.9349999999998977,7.622883525977856,51.385326310206295,45.92814673096314,8200.000095359217,-0.1274023272050769,27.32711058473862,0.2832257943764304,-0.05347131250398357,13.43903570497194,9.35118507231418
1.9359999999998976,7.624307516901792,51.39331528578385,45.930995989414555,8200.000085823296,-0.12743788548297943,27.328486724466842,0.2833446815071142,-0.053489475238350126,13.439629376524145,9.351126033141295
1.9369999999998975,7.625375638518253,51.39713955705367,45.93479500068309,8200.000077240966,-0.1274696521115072,27.329530708398543,0.28345883766807084,-0.05351050813523345,13.440077957823929,9.351101059894507
1.9379999999998974,7.626874880358987,51.41359166343521,45.93859401195163,8200.00006951687,-0.12750370369931133,27.330933971339768,0.28357494064934885,-0.05353202748877489,13.440647977215363,9.351010521306177
1.9389999999998973,7.628374331534159,51.420826146195424,45.94144327040303,8200.000062565183,-0.12754045836712266,27.332390019125768,0.2836877335555178,-0.05354741200030244,13.44128155340802,9.350944966720288
1.9399999999998971,7.629442867056517,51.42264631682802,45.94524228167156,8200.000056308665,-0.1275725566525797,27.333445991112853,0.2837949033216051,-0.05356692602724894,13.441756225652732,9.350917987084532
1.940999999999897,7.630867752395091,51.43824562772754,45.94809154012297,8200.000050677798,-0.12760495631011093,27.3347798720747,0.28390417354385095,-0.053585733998582075,13.442302061692232,9.350833802923136
1.941999999999897,7.63193654489362,51.44005021115288,45.95189055139151,8200.000045610017,-0.12763602148633985,27.335836258133398,0.284007818467924,-0.053601593699997396,13.442759599206255,9.350811779985353
1.9429999999998968,7.633436711938606,51.45566125526727,45.9547398098429,8200.000041049016,-0.1276687796680636,27.337245493254237,0.2841139219282761,-0.0536213711452711,13.443348358988022,9.35071306072637
1.9439999999998967,7.63458071070548,51.4571126255051,45.95853882111144,8200.000036944115,-0.1277003349042242,27.338379169698914,0.28421446756517865,-0.05363363125143056,13.443853740234303,9.350686773100652
1.9449999999998966,7.636081246002444,51.471889213031254,45.96138807956284,8200.000033249704,-0.127732133790944,27.339793614801614,0.28431801341141066,-0.05365144072212069,13.44445204816569,9.350589052644805
1.9459999999998965,7.637150567923433,51.47272520431728,45.96423733801424,8200.000029924733,-0.12776148306511026,27.34085617317026,0.28441650186153034,-0.0536622576733094,13.444923732591906,9.350570734731523
1.9469999999998964,7.638220000041724,51.48202728744498,45.96708659646564,8200.000026932259,-0.12778778989694678,27.34187066572138,0.2845154014168432,-0.05368192837925667,13.445344041035954,9.35051856778848
1.9479999999998963,7.639289542367354,51.48970774792589,45.96993585491705,8200.000024239034,-0.1278146480393848,27.342894473405117,0.28461277028835796,-0.053697174656882674,13.445764765402508,9.350478958102466
1.9489999999998961,7.640434166259062,51.49779203414152,45.972785113368445,8200.00002181513,-0.12784259606123421,27.34399115709278,0.28470889376547365,-0.053715384544906764,13.446228039574706,9.350423058101276
1.949999999999896,7.641503934132957,51.50331243233988,45.97563437181985,8200.000019633619,-0.12787060309798629,27.34502759863725,0.2848018898792608,-0.0537312373736219,13.446677581092557,9.35038146679945
1.950999999999896,7.642648793800555,51.51173694619898,45.978483630271256,8200.000017670256,-0.12789866592056182,27.346122660458413,0.2848937176372074,-0.05374747329116325,13.447145356545885,9.350324440483254
1.9519999999998958,7.643718787264302,51.51749373302758,45.981332888722655,8200.000015903232,-0.12792624458158658,27.347158081533145,0.28498296878340357,-0.05376149249788831,13.44759194263618,9.350281420090433
1.9529999999998957,7.64486388275078,51.525962666244936,45.98418214717405,8200.000014312907,-0.1279536367285002,27.34825320978478,0.2850716123386481,-0.05377588296010044,13.448058696321961,9.350223166124511
1.9539999999998956,7.645934101845976,51.5317091685441,45.986081652808316,8200.000012881617,-0.12798026653478028,27.349288974627726,0.2851583596390673,-0.05378816608240106,13.448506032426565,9.350179318242802
1.9549999999998955,7.646647642508118,51.533252901798136,45.98893091125972,8200.000011593456,-0.12800269326648286,27.349991975433518,0.28524110548879045,-0.05380361620884622,13.448808634534506,9.350169518970267
1.9559999999998954,7.647718045406807,51.54624326353117,45.99178016971113,8200.00001043411,-0.12802654384231768,27.35098670312299,0.28532592721733574,-0.05382021151014654,13.44920439556233,9.350102939573599
1.9569999999998953,7.648863569084786,51.55245812468537,45.99367967534539,8200.0000093907,-0.12805340522138015,27.35209521717091,0.28540879163518024,-0.0538314634049431,13.449683152980342,9.350049451365825
1.9579999999998952,7.649577309231844,51.55160116941965,45.9965289337968,8200.00000845163,-0.12807623568863624,27.3528122237275,0.28548624659313054,-0.05384610086789854,13.450013381197635,9.35003966767673
1.958999999999895,7.650723030374663,51.5659888103595,45.99842843943106,8200.000007606468,-0.1281002132525157,27.353874435801387,0.2855669147822338,-0.05386038793015668,13.450444834352034,9.349962151163721
1.959999999999895,7.651436896501281,51.564235183097004,46.001277697882465,8200.000006845821,-0.1281225724934563,27.354596727326495,0.28564169885306306,-0.05387071563968249,13.450765852621467,9.34996068390192
1.9609999999998948,7.652582815139,51.57798837093858,46.00317720351673,8200.000006161239,-0.1281462024719988,27.355662853197657,0.2857197875906353,-0.05388643916149155,13.451206310533145,9.349876988924219
1.9619999999998947,7.653296807264579,51.57610770281817,46.005076709151005,8200.000005545116,-0.1281681366105445,27.3563860219586,0.285792039071196,-0.05389448019200932,13.451532933524286,9.349876919851122
1.9629999999998946,7.654010848433198,51.582968542822044,46.00697621478527,8200.000004990605,-0.1281871316788585,27.357059520867537,0.2858640787620306,-0.053911957914656305,13.45180930241467,9.349840685194794
1.9639999999998945,7.654724938647834,51.58835933090561,46.00887572041954,8200.000004491543,-0.128206694857248,27.357741418997616,0.285934008701413,-0.053924223626525936,13.452083688434051,9.349817959145422
1.9649999999998944,7.655439077911471,51.59297629582399,46.0107752260538,8200.00000404239,-0.12822663618810667,27.358427870510237,0.28600154996086113,-0.053939869325918044,13.452370948430374,9.34978681863182
1.9659999999998943,7.656153266227088,51.597478837539946,46.012674731688065,8200.00000363815,-0.1282469377413135,27.359115048829086,0.2860661938670419,-0.05395338591730303,13.452664144892697,9.349757662587367
1.9669999999998942,7.656942551534148,51.60323262151571,46.01457423732234,8200.000003274334,-0.1282677202172992,27.359870279454924,0.286128996977395,-0.05396610056226986,13.452986752059093,9.349717736370415
1.967999999999894,7.657656841368393,51.60655140488227,46.01647374295661,8200.000002946901,-0.1282878073533224,27.360564430886885,0.2861888810750632,-0.05397701810266159,13.453289582147473,9.34968979759852
1.968999999999894,7.658371180263718,51.61152550666313,46.018373248590876,8200.00000265221,-0.1283067990935731,27.361249246445443,0.28624729803541643,-0.05398800384304564,13.453581823261176,9.349656176447406
1.9699999999998938,7.659160626377203,51.61746323780584,46.02027275422514,8200.00000238699,-0.12832584239130246,27.362003719532673,0.28630516352394325,-0.05399704336644778,13.453901899032706,9.349615620802615
1.9709999999998937,7.65987506680981,51.62079549135743,46.02217225985942,8200.000002148292,-0.12834385929529912,27.362698054888888,0.2863615109668489,-0.054005460214559264,13.454204871057428,9.349586102612381
1.9719999999998936,7.660664621279221,51.626956684362014,46.02312201267655,8200.000001933462,-0.12836138580944617,27.36345141688269,0.2864183476644037,-0.05401378329925072,13.454526949316525,9.349543482763554
1.9729999999998935,7.660946819466247,51.62350042880446,46.025021518310815,8200.000001740116,-0.12837418105388934,27.363752135364265,0.28647029356057174,-0.05402316435423893,13.45466295935889,9.349564252904727
1.9739999999998934,7.661736452656314,51.636941395221676,46.02597127112795,8200.000001566104,-0.12838900444675713,27.364464133493247,0.28652667738680104,-0.05403649904363189,13.45493194217499,9.349498939874628
1.9749999999998933,7.662018682540651,51.63122592483623,46.027870776762214,8200.000001409495,-0.12840274779276137,27.364777789964915,0.28657586339867736,-0.05404448136781154,13.455078571523016,9.349525822358755
1.9759999999998932,7.662808394458431,51.6437754802764,46.02882052957935,8200.000001268545,-0.128418527714982,27.3654950362885,0.28662850441414456,-0.05405974045251011,13.455366103261767,9.349454524404893
1.976999999999893,7.663165732933109,51.63919598393549,46.03072003521362,8200.00000114169,-0.1284335167896655,27.365877408426016,0.28667420339331606,-0.05406533455626511,13.455547712751455,9.349473118961289
1.977999999999893,7.663955526992698,51.65056245797376,46.031669788030754,8200.000001027522,-0.12844957419132894,27.366601577992256,0.28672303525032766,-0.05407849305845669,13.455844551344724,9.349403323834201
1.9789999999998928,7.664312903984886,51.64640469998416,46.03261954084788,8200.00000092477,-0.12846394726085705,27.36698166506757,0.28676572258593136,-0.05408233291742032,13.456024215046343,9.34941988722796
1.9799999999998927,7.664670293249167,51.65099991094781,46.03356929366502,8200.000000832293,-0.1284752047496219,27.367311982748554,0.2868082156321847,-0.0540958846356957,13.456153114423252,9.349399143832901
1.9809999999998926,7.665027694785918,51.65410702204657,46.03451904648215,8200.000000749063,-0.12848686313644975,27.367650756834898,0.28684868781853756,-0.05410396083650093,13.456280248787325,9.349392387666482
1.9819999999998925,7.665385108595517,51.65643553520972,46.03546879929929,8200.000000674157,-0.12849869770957675,27.3679940759993,0.2868869627327363,-0.05411554762983334,13.456420433112191,9.349377123994252
1.9829999999998924,7.665742534678327,51.658649327304566,46.036418552116416,8200.000000606742,-0.12851077599827143,27.368338084873194,0.2869225569736376,-0.05412505525141592,13.456566527915628,9.349364031955291
1.9839999999998923,7.666099973034726,51.66091269913116,46.03736830493356,8200.000000546068,-0.1285226214007881,27.368681893434555,0.28695582198719816,-0.05413428762631162,13.456713270287597,9.349348798630166
1.9849999999998922,7.666457423665088,51.66320259607346,46.03831805775069,8200.000000491462,-0.12853417545652387,27.369025617749564,0.2869869633103033,-0.05414232786445261,13.456859792599213,9.349333218075703
1.985999999999892,7.666814886569782,51.66549742316143,46.039267810567814,8200.000000442316,-0.1285452539572013,27.369369373156786,0.2870163685784762,-0.054149419006380595,13.457006586761365,9.349316887737281
1.986999999999892,7.667247457379784,51.6689929688125,46.04021756338496,8200.000000398086,-0.12855640807871652,27.369781443531508,0.2870451654845523,-0.054155154072445866,13.457182529979367,9.349291612153381
1.9879999999998919,7.667604946538191,51.67002427763171,46.04021756338496,8200.000000358277,-0.128566497962685,27.370132488836187,0.2870724586885007,-0.05415963011482622,13.4573391977436,9.349278484469425
1.9889999999998917,7.667529849203666,51.66577620419328,46.04116731620209,8200.000000322449,-0.1285715242510936,27.37008096790893,0.28709549719063626,-0.0541670773823536,13.457319774999913,9.34930951482453
1.9899999999998916,7.667962447972086,51.67668514807602,46.04211706901922,8200.000000290205,-0.12857896764117163,27.37045089524981,0.28712255471111087,-0.054176103942958964,13.45744107445087,9.349262291692586
1.9909999999998915,7.668319961681843,51.67547457566047,46.04211706901922,8200.000000261185,-0.12858896082415722,27.37081480903133,0.28714645341992767,-0.05417857689148542,13.457607832832615,9.349254664079588
1.9919999999998914,7.668319961681843,51.67152832194393,46.04306682183636,8200.000000235068,-0.1285947258870027,27.370836792239142,0.2871662714361508,-0.05418685928340877,13.457635845532602,9.349271448688064
1.9929999999998913,7.66875259011437,51.681107225725675,46.04306682183636,8200.000000211561,-0.1286023106571016,27.37121440500264,0.2871894315279674,-0.05419264373125482,13.457772686195453,9.34922851007671
1.9939999999998912,7.668677487667848,51.67343120198946,46.04306682183636,8200.000000190405,-0.12860765654519205,27.371182563001,0.28720622825300574,-0.05419637125650817,13.457772393137297,9.349266967331962
1.994999999999891,7.668677487667848,51.67693121956133,46.04401657465349,8200.000000171363,-0.12861097308121192,27.37116219766435,0.2872229786078398,-0.054207746549697344,13.45774480370461,9.34926142044478
1.995999999999891,7.669110130081053,51.68427042985195,46.04401657465349,8200.000000154228,-0.1286192928187992,27.371552665329723,0.2872411714637326,-0.05421119217407361,13.457891755035158,9.349223117596024
1.9969999999998909,7.669035025930455,51.67568898545647,46.04401657465349,8200.000000138807,-0.12862507860057837,27.37152610644987,0.2872524180480927,-0.05421569593150144,13.457910582091642,9.349255126165529
1.9979999999998908,7.669035025930455,51.67911730442612,46.04401657465349,8200.000000124926,-0.12862824079829624,27.37150625165596,0.2872636390343788,-0.05422430020485103,13.457889890027456,9.349249289272322
1.9989999999998906,7.669035025930455,51.67959994390002,46.04401657465349,8200.000000112434,-0.1286319452219064,27.371503196782932,0.2872728486089061,-0.05422838061789065,13.457872010390393,9.349257557336946
1.9999999999998905,7.669035025930455,51.67951441147718,46.04401657465349,8200.00000010119,-0.1286358043917939,27.37150347033274,0.28727992309407213,-0.05423550822226414,13.457867491517053,9.349257266764562
