Time,Pressure,P1_Position_X,P1_Position_Y,P1_Position_Z,P2_Position_X,P2_Position_Y,P2_Position_Z
0.0,0,-1.6653345369377348e-16,20.0,0.0,-5.551115123125783e-17,10.0,10.0
0.001,0.1,-2.5095084899007247e-09,19.999993923710687,-1.1300893776322596e-08,-8.046140476114516e-09,9.999996161495853,10.000000685908644
0.002,0.2,-2.0270945422229403e-08,19.999987083570083,-2.533490028877594e-08,-6.919558181994745e-08,9.99999230310674,10.000001503626983
0.003,0.30000000000000004,-6.539440228214843e-08,19.999982962546326,-2.4481183691360542e-08,-1.7287205122951121e-07,9.999990060159302,10.000002011042984
0.004,0.4,-1.3957231492778277e-07,19.999982224026095,-2.454268843710139e-09,-2.8156539527701696e-07,9.999989660214435,10.00000211650875
0.005,0.5,-2.3188481801383887e-07,19.99998367440658,3.311692031715552e-08,-3.636924441607903e-07,9.99999045134076,10.000001955804812
0.006,0.6,-3.242421399707318e-07,19.999985666974595,6.954333975350835e-08,-4.082024349649771e-07,9.999991541931681,10.000001726714167
0.007,0.7,-3.993181071915153e-07,19.99998705640309,9.72422745104673e-08,-4.212861244856647e-07,9.999992303658999,10.000001568831825
0.008,0.7999999999999999,-4.463265665943794e-07,19.99998748789173,1.1254318954545539e-07,-4.153457007771699e-07,9.999992539776326,10.000001524534959
0.009000000000000001,0.8999999999999999,-4.626893839732027e-07,19.999987199367595,1.1638706931549336e-07,-4.0005521051433846e-07,9.999992380440878,10.000001563527348
0.010000000000000002,0.9999999999999999,-4.522098687176346e-07,19.999986646318256,1.1171279190591576e-07,-3.795702235853682e-07,9.999992076263467,10.000001629979618
0.011000000000000003,1.0999999999999999,-4.2178027054307066e-07,19.999986197959842,1.0145664486316264e-07,-3.545713266328576e-07,9.999991830587387,10.000001679817606
0.012000000000000004,1.2,-3.7858737622631367e-07,19.999986009512817,8.775783638670376e-08,-3.256065732593072e-07,9.99999172890946,10.000001695619476
0.013000000000000005,1.3,-3.287529919959731e-07,19.99998604875451,7.207009666831965e-08,-2.949832360044091e-07,9.999991753361522,10.000001682669073
0.014000000000000005,1.4000000000000001,-2.772447121324184e-07,19.99998619520885,5.559844284963589e-08,-2.665059753992338e-07,9.999991837292496,10.0000016565822
0.015000000000000006,1.5000000000000002,-2.2832791646276718e-07,19.999986334388076,3.9617161440297366e-08,-2.43956515155741e-07,9.999991917230158,10.000001631911678
0.016000000000000007,1.6000000000000003,-1.8588387046269972e-07,19.99998640677328,2.550551414515212e-08,-2.2963796936226188e-07,9.99999195997243,10.00000161638236
0.017000000000000008,1.7000000000000004,-1.5331059355361276e-07,19.999986409861492,1.4561409689139992e-08,-2.238095237472315e-07,9.999991963819573,10.00000161075567
0.01800000000000001,1.8000000000000005,-1.3310973012714555e-07,19.9999863735504,7.746491781368547e-09,-2.2507039598718137e-07,9.999991945068954,10.000001611802162
0.01900000000000001,1.9000000000000006,-1.2644438440734262e-07,19.999986332013165,5.498094646227969e-09,-2.312419448147196e-07,9.999991922520858,10.000001615622185
0.02000000000000001,2.0000000000000004,-1.329163861196747e-07,19.999986306343825,7.672165736050118e-09,-2.402108476573517e-07,9.999991907883459,10.000001619664673
0.02100000000000001,2.1000000000000005,-1.506608875434523e-07,19.999986300943547,1.3611850924188929e-08,-2.504081742515929e-07,9.999991903739724,10.00000162313907
0.022000000000000013,2.2000000000000006,-1.7670686625059773e-07,19.999986309073865,2.2296028967527803e-08,-2.60883608882434e-07,9.999991906573072,10.000001626385934
0.023000000000000013,2.3000000000000007,-2.0747450496516606e-07,19.99998632093045,3.251595803721585e-08,-2.711219174722501e-07,9.999991911193364,10.00000162998799
0.024000000000000014,2.400000000000001,-2.392789100746917e-07,19.999986329454785,4.304088047080157e-08,-2.807939761262368e-07,9.999991913923518,10.000001634167095
0.025000000000000015,2.500000000000001,-2.687532666967307e-07,19.999986332282074,5.275306980134786e-08,-2.8957597836276605e-07,9.99999191365837,10.000001638634062
0.026000000000000016,2.600000000000001,-2.931561327579324e-07,19.99998633069044,6.074616321072313e-08,-2.9708248622251077e-07,9.999991911270342,10.000001642774645
0.027000000000000017,2.700000000000001,-3.105621466104047e-07,19.999986327379993,6.638813926373999e-08,-3.028922227477082e-07,9.999991908370896,10.00000164594982
0.028000000000000018,2.800000000000001,-3.199494086336685e-07,19.999986324612806,6.935142571329322e-08,-3.0662084754551344e-07,9.999991906274834,10.000001647730546
0.02900000000000002,2.9000000000000012,-3.211973479966268e-07,19.999986323389855,6.96124279886412e-08,-3.0799965411443253e-07,9.999991905543101,10.000001647991606
0.03000000000000002,3.0000000000000013,-3.1500593955513523e-07,19.99998632356876,6.74229109765001e-08,-3.06937081751002e-07,9.999991906051623,10.00000164687986
0.03100000000000002,3.1000000000000014,-3.0274754353465383e-07,19.999986324443952,6.325725943057137e-08,-3.0355439289975195e-07,9.999991907321476,10.000001644717319
0.03200000000000002,3.2000000000000015,-2.862669318814959e-07,19.99998632531853,5.774229366872774e-08,-2.981935995904905e-07,9.999991908848802,10.000001641897951
0.03300000000000002,3.3000000000000016,-2.6765132310480055e-07,19.99998632581371,5.1577935644697703e-08,-2.913977814045232e-07,9.999991910291357,10.000001638812094
0.03400000000000002,3.4000000000000017,-2.4899559558644313e-07,19.999986325894554,4.545797244182026e-08,-2.8386385797496416e-07,9.999991911498046,10.000001635804725
0.035000000000000024,3.5000000000000018,-2.3218839934058266e-07,19.99998632572869,3.9999544565461065e-08,-2.763708621400518e-07,9.999991912444361,10.000001633157803
0.036000000000000025,3.600000000000002,-2.1874040317948484e-07,19.999986325517455,3.568794432196043e-08,-2.6969145583422005e-07,9.999991913149238,10.000001631083546
0.037000000000000026,3.700000000000002,-2.0966888025775177e-07,19.9999863253883,3.2841212360690264e-08,-2.64498646096456e-07,9.999991913622337,10.000001629720078
0.03800000000000003,3.800000000000002,-2.0544516060594376e-07,19.999986325369512,3.159561307031211e-08,-2.6128278651782466e-07,9.999991913852762,10.000001629127764
0.03900000000000003,3.900000000000002,-2.0600297556683245e-07,19.999986325421748,3.191112679656882e-08,-2.6029263816562676e-07,9.999991913825614,10.000001629288862
0.04000000000000003,4.000000000000002,-2.1080063250522585e-07,19.999986325486425,3.3594360404620716e-08,-2.615101186154156e-07,9.999991913544594,10.000001630113442
0.04100000000000003,4.100000000000001,-2.189244870387519e-07,19.999986325521473,3.633420642135121e-08,-2.646621797830484e-07,9.999991913045104,10.00000163145301
0.04200000000000003,4.200000000000001,-2.2921885145521514e-07,19.999986325513976,3.97454363310068e-08,-2.692669283099747e-07,9.999991912393032,10.000001633120501
0.04300000000000003,4.300000000000001,-2.404269214828503e-07,19.999986325474286,4.341519888040324e-08,-2.7470521563044414e-07,9.999991911672677,10.000001634913566
0.04400000000000003,4.4,-2.5132732994759266e-07,19.999986325422267,4.6947215170956014e-08,-2.8030572279957866e-07,9.999991910970664,10.000001636637608
0.04500000000000003,4.5,-2.6085330329106426e-07,19.99998632537549,4.9999796580824096e-08,-2.854306966337816e-07,9.99999191036207,10.000001638125276
0.046000000000000034,4.6,-2.6818425857833006e-07,19.99998632534352,5.231447902653841e-08,-2.8955057951307595e-07,9.999991909901759,10.000001639250922
0.047000000000000035,4.699999999999999,-2.728034727561557e-07,19.999986325327978,5.3733343996498206e-08,-2.922981657826895e-07,9.999991909621057,10.000001639938649
0.048000000000000036,4.799999999999999,-2.745193865005824e-07,19.999986325325818,5.420463805583253e-08,-2.9349759961272426e-07,9.999991909528395,10.000001640164506
0.04900000000000004,4.899999999999999,-2.7345211539575587e-07,19.999986325332728,5.3777106046037915e-08,-2.9316653710198537e-07,9.99999190961232,10.000001639953194
0.05000000000000004,4.999999999999998,-2.6998986890625076e-07,19.99998632534522,5.258493723792057e-08,-2.91494489879085e-07,9.999991909845455,10.000001639370522
0.05100000000000004,5.099999999999998,-2.647229587204869e-07,19.9999863253612,5.082559906277595e-08,-2.8880252234131376e-07,9.999991910188974,10.00000163851264
0.05200000000000004,5.1999999999999975,-2.5836391681632875e-07,19.99998632537926,4.873371728386644e-08,-2.8549166336544474e-07,9.99999191059742,10.000001637493432
0.05300000000000004,5.299999999999997,-2.5166352451977403e-07,19.999986325398186,4.655373042616873e-08,-2.8198791057754136e-07,9.999991911023425,10.00000163643154
0.05400000000000004,5.399999999999997,-2.453313184824779e-07,19.999986325416394,4.451432478180806e-08,-2.786906961871338e-07,9.999991911422475,10.000001635437975
0.05500000000000004,5.4999999999999964,-2.3996831860495504e-07,19.99998632543226,4.280705095949244e-08,-2.759310663291714e-07,9.999991911757014,10.000001634605864
0.05600000000000004,5.599999999999996,-2.3601741444556623e-07,19.99998632544412,4.15707238632379e-08,-2.73943044970526e-07,9.999991911999672,10.000001634002858
0.057000000000000044,5.699999999999996,-2.337346173275634e-07,19.99998632545093,4.088279709213438e-08,-2.7284959891460403e-07,9.999991912135016,10.0000016336668
0.058000000000000045,5.799999999999995,-2.3318211589407056e-07,19.999986325452348,4.075759973964921e-08,-2.7266321694918716e-07,9.999991912160116,10.000001633604892
0.059000000000000045,5.899999999999995,-2.3424141792904862e-07,19.999986325448816,4.115123386494446e-08,-2.732985834863477e-07,9.999991912083523,10.00000163379594
0.060000000000000046,5.999999999999995,-2.3664347459373403e-07,19.999986325441235,4.197181452392229e-08,-2.745942712101268e-07,9.999991911923301,10.000001634195424
0.06100000000000005,6.099999999999994,-2.400109556655039e-07,19.99998632543101,4.309349382891625e-08,-2.763396340643709e-07,9.999991911704129,10.00000163474213
0.06200000000000005,6.199999999999994,-2.4390712738409093e-07,19.99998632541949,4.437260542333732e-08,-2.783032954645215e-07,9.999991911454234,10.00000163536606
0.06300000000000004,6.299999999999994,-2.478858687204877e-07,19.999986325408045,4.566393163596416e-08,-2.802597365292314e-07,9.999991911201981,10.000001635996416
0.06400000000000004,6.399999999999993,-2.5153761040730416e-07,19.999986325397877,4.6835616052121054e-08,-2.8201166113461795e-07,9.999991910973138,10.000001636568761
0.06500000000000004,6.499999999999993,-2.5452697655081735e-07,19.9999863253898,4.778108791958502e-08,-2.8340627983292066e-07,9.999991910788477,10.00000163703095
0.06600000000000004,6.5999999999999925,-2.566191663055939e-07,19.99998632538438,4.8427370280546e-08,-2.8434493742901523e-07,9.99999191066219,10.000001637347268
0.06700000000000005,6.699999999999992,-2.5769347083981486e-07,19.99998632538184,4.8739145719345345e-08,-2.847859929544505e-07,9.999991910601153,10.000001637500263
0.06800000000000005,6.799999999999992,-2.5774406275935746e-07,19.999986325382103,4.8718509504386276e-08,-2.847418269502633e-07,9.999991910604914,10.000001637490822
0.06900000000000005,6.8999999999999915,-2.568689485560327e-07,19.999986325384818,4.840103290382203e-08,-2.8427098447414423e-07,9.999991910666578,10.000001637336227
0.07000000000000005,6.999999999999991,-2.5524966446033304e-07,19.999986325389454,4.7848798978566975e-08,-2.83466949690947e-07,9.999991910774026,10.000001637066728
0.07100000000000005,7.099999999999991,-2.5312455798065514e-07,19.999986325395355,4.714145013240412e-08,-2.82445044630375e-07,9.999991910911774,10.000001636721215
0.07200000000000005,7.19999999999999,-2.507589837441593e-07,19.999986325401796,4.6366289307986364e-08,-2.8132890428356205e-07,9.999991911062784,10.000001636342336
0.07300000000000005,7.29999999999999,-2.484158184157259e-07,19.999986325408127,4.560870942027506e-08,-2.8023785186848116e-07,9.999991911210467,10.00000163597193
0.07400000000000005,7.39999999999999,-2.4632920564426897e-07,19.999986325413705,4.494370242635881e-08,-2.792759463687844e-07,9.999991911340231,10.00000163564669
0.07500000000000005,7.499999999999989,-2.4468375908748285e-07,19.999986325418053,4.442927897807536e-08,-2.7852385914295397e-07,9.999991911440736,10.000001635395062
0.07600000000000005,7.599999999999989,-2.436010100859143e-07,19.999986325420927,4.410235654450645e-08,-2.7803364016643073e-07,9.999991911504774,10.000001635235083
0.07700000000000005,7.699999999999989,-2.431334405472718e-07,19.999986325422157,4.397707786818472e-08,-2.7782672107345974e-07,9.999991911529564,10.000001635173737
0.07800000000000006,7.799999999999988,-2.43266183586055e-07,19.999986325421773,4.404571490868037e-08,-2.778949522164176e-07,9.999991911516585,10.000001635207258
0.07900000000000006,7.899999999999988,-2.4392529718308964e-07,19.99998632542001,4.4281682043401105e-08,-2.7820424669533494e-07,9.99999191147095,10.000001635322612
0.08000000000000006,7.999999999999988,-2.44991190279098e-07,19.99998632541714,4.4644127339399375e-08,-2.78700408695709e-07,9.999991911400583,10.000001635499837
0.08100000000000006,8.099999999999987,-2.4631530748386865e-07,19.99998632541359,4.5083519084609947e-08,-2.793161885117357e-07,9.999991911315117,10.000001635714657
0.08200000000000006,8.199999999999987,-2.4773804663258403e-07,19.999986325409765,4.554755123065135e-08,-2.799790859153717e-07,9.999991911224711,10.000001635941532
0.08300000000000006,8.299999999999986,-2.4910592172355805e-07,19.99998632540606,4.5986742913672884e-08,-2.8061885154473387e-07,9.999991911139034,10.000001636156234
0.08400000000000006,8.399999999999986,-2.5028651112757316e-07,19.99998632540283,4.63591112165318e-08,-2.8117413369832533e-07,9.99999191106626,10.000001636338267
0.08500000000000006,8.499999999999986,-2.511796322601789e-07,19.999986325400386,4.663376002023156e-08,-2.815977266368286e-07,9.999991911012438,10.000001636472458
0.08600000000000006,8.599999999999985,-2.5172421508345977e-07,19.99998632539883,4.679279458352781e-08,-2.818599901810437e-07,9.9999919109811,10.00000163655011
0.08700000000000006,8.699999999999985,-2.519005014578468e-07,19.99998632539826,4.6831821809423246e-08,-2.819501498940724e-07,9.999991910973158,10.000001636569086
0.08800000000000006,8.799999999999985,-2.5172785533822406e-07,19.999986325398687,4.675907971929405e-08,-2.818756896227903e-07,9.99999191098701,10.000001636533458
0.08900000000000007,8.899999999999984,-2.512589065695181e-07,19.999986325399902,4.659328206590985e-08,-2.8165988757988814e-07,9.999991911019087,10.000001636452366
0.09000000000000007,8.999999999999984,-2.505708546762797e-07,19.999986325401753,4.636061423646254e-08,-2.813380910460239e-07,9.999991911064278,10.00000163633864
0.09100000000000007,9.099999999999984,-2.4975519097303334e-07,19.99998632540399,4.609143849920727e-08,-2.809529691671919e-07,9.999991911116696,10.000001636207063
0.09200000000000007,9.199999999999983,-2.4890702393642883e-07,19.99998632540633,4.5816658689190604e-08,-2.805495870061847e-07,9.999991911170307,10.000001636072795
0.09300000000000007,9.299999999999983,-2.4811521015521976e-07,19.999986325408557,4.556466731697739e-08,-2.8017054576334743e-07,9.999991911219553,10.00000163594971
0.09400000000000007,9.399999999999983,-2.474538884911226e-07,19.999986325410383,4.5358654610083704e-08,-2.7985189215984363e-07,9.999991911259912,10.000001635849099
0.09500000000000007,9.499999999999982,-2.469765749690822e-07,19.99998632541176,4.521478214059016e-08,-2.7962003334991437e-07,9.99999191128818,10.000001635778846
0.09600000000000007,9.599999999999982,-2.467128619731973e-07,19.99998632541253,4.5141315629937395e-08,-2.7949002023852643e-07,9.999991911302738,10.000001635742993
0.09700000000000007,9.699999999999982,-2.466677990198285e-07,19.99998632541268,4.5138543847134116e-08,-2.7946503555753566e-07,9.999991911303495,10.000001635741704
0.09800000000000007,9.799999999999981,-2.468238454733651e-07,19.999986325412273,4.5199595066769405e-08,-2.7953724451856843e-07,9.999991911291774,10.000001635771559
0.09900000000000007,9.89999999999998,-2.471450041841017e-07,19.99998632541139,4.531181613254276e-08,-2.7968967075686635e-07,9.999991911270016,10.000001635826408
0.10000000000000007,9.99999999999998,-2.4758223676757396e-07,19.999986325410195,4.545869591865426e-08,-2.798988091301524e-07,9.999991911241445,10.000001635898151
0.10100000000000008,10.09999999999998,-2.4807974424723156e-07,19.99998632540881,4.562182087664013e-08,-2.80137745001241e-07,9.99999191120964,10.000001635977846
0.10200000000000008,10.19999999999998,-2.485812685693034e-07,19.99998632540739,4.5783088098438895e-08,-2.803791915306775e-07,9.99999191117815,10.00000163605662
0.10300000000000008,10.29999999999998,-2.490358315121455e-07,19.99998632540614,4.5926350777936165e-08,-2.805983578269e-07,9.999991911150115,10.00000163612659
0.10400000000000008,10.399999999999979,-2.494023387256128e-07,19.999986325405096,4.603895115140588e-08,-2.807751992572882e-07,9.999991911128035,10.00000163618157
0.10500000000000008,10.499999999999979,-2.496527071738086e-07,19.999986325404393,4.6112609175530395e-08,-2.8089601883385384e-07,9.999991911113526,10.000001636217531
0.10600000000000008,10.599999999999978,-2.4977341117615737e-07,19.999986325404052,4.614379833789428e-08,-2.809542287707245e-07,9.999991911107307,10.000001636232756
0.10700000000000008,10.699999999999978,-2.4976533435916437e-07,19.999986325404063,4.613367005079638e-08,-2.8095030291108714e-07,9.999991911109152,10.000001636227818
0.10800000000000008,10.799999999999978,-2.496422820685851e-07,19.999986325404386,4.608741410727646e-08,-2.8089090975402797e-07,9.999991911118071,10.00000163620523
0.10900000000000008,10.899999999999977,-2.4942827225871156e-07,19.999986325404976,4.601339603782506e-08,-2.8078776020956653e-07,9.999991911132447,10.000001636169063
0.11000000000000008,10.999999999999977,-2.4915403451508666e-07,19.99998632540575,4.592190072649771e-08,-2.806557455881098e-07,9.999991911150259,10.000001636124365
0.11100000000000008,11.099999999999977,-2.4885331362245466e-07,19.999986325406596,4.5823944916367765e-08,-2.805111836146068e-07,9.99999191116937,10.000001636076519
0.11200000000000009,11.199999999999976,-2.4855911390231356e-07,19.999986325407423,4.573010536912392e-08,-2.803699755138389e-07,9.9999919111877,10.000001636030667
0.11300000000000009,11.299999999999976,-2.483004319375759e-07,19.99998632540813,4.5649439783801427e-08,-2.802460792317163e-07,9.999991911203498,10.000001635991262
0.11400000000000009,11.399999999999975,-2.480997695064602e-07,19.999986325408685,4.5588801456108996e-08,-2.801502227423036e-07,9.999991911215405,10.000001635961643
0.11500000000000009,11.499999999999975,-2.4797152942124256e-07,19.999986325409047,4.555228422242763e-08,-2.8008922997591057e-07,9.999991911222612,10.000001635943818
0.11600000000000009,11.599999999999975,-2.4792133429540897e-07,19.99998632540919,4.554113880450572e-08,-2.800657057933087e-07,9.999991911224878,10.000001635938382
0.11700000000000009,11.699999999999974,-2.479463735438614e-07,19.999986325409115,4.555394256255951e-08,-2.800781750966763e-07,9.999991911222455,10.000001635944622
0.11800000000000009,11.799999999999974,-2.480365319246225e-07,19.999986325408877,4.5586959762644597e-08,-2.801217272585532e-07,9.99999191121606,10.000001635960757
0.11900000000000009,11.899999999999974,-2.481761767203494e-07,19.99998632540848,4.5634809597849824e-08,-2.801887891701327e-07,9.999991911206777,10.00000163598414
0.12000000000000009,11.999999999999973,-2.4834619655189627e-07,19.999986325408027,4.569116290875641e-08,-2.80270214869649e-07,9.999991911195792,10.000001636011664
0.1210000000000001,12.099999999999973,-2.485264160578815e-07,19.999986325407527,4.57494481742593e-08,-2.8035631827183494e-07,9.999991911184427,10.00000163604011
0.1220000000000001,12.199999999999973,-2.486976055093848e-07,19.999986325407036,4.580354506789064e-08,-2.80438001931671e-07,9.999991911173842,10.000001636066571
0.1230000000000001,12.299999999999972,-2.4884343780007256e-07,19.999986325406635,4.58484545329263e-08,-2.805074473255509e-07,9.999991911165042,10.000001636088506
0.1240000000000001,12.399999999999972,-2.4895173561523265e-07,19.999986325406347,4.588052260334763e-08,-2.8055893624978623e-07,9.999991911158737,10.00000163610417
0.12500000000000008,12.499999999999972,-2.4901537098998006e-07,19.999986325406162,4.589780872032989e-08,-2.805891005652761e-07,9.99999191115531,10.000001636112616
0.12600000000000008,12.599999999999971,-2.4903243694973654e-07,19.99998632540611,4.590006286164794e-08,-2.8059705836636084e-07,9.999991911154812,10.00000163611372
0.12700000000000009,12.69999999999997,-2.490058984006005e-07,19.999986325406194,4.5888602140387036e-08,-2.8058425893817684e-07,9.999991911157009,10.00000163610812
0.12800000000000009,12.79999999999997,-2.4894283207066437e-07,19.999986325406336,4.586593016497886e-08,-2.805541024497593e-07,9.999991911161395,10.000001636097043
0.1290000000000001,12.89999999999997,-2.488532928612841e-07,19.999986325406592,4.5835514606018535e-08,-2.80511348871304e-07,9.999991911167303,10.000001636082173
0.1300000000000001,12.99999999999997,-2.487489546010302e-07,19.99998632540689,4.5801197334771615e-08,-2.804615953921896e-07,9.999991911173996,10.000001636065402
0.1310000000000001,13.09999999999997,-2.486418616554076e-07,19.999986325407185,4.576686407631314e-08,-2.80410548669785e-07,9.999991911180697,10.000001636048635
0.1320000000000001,13.199999999999969,-2.485430847243286e-07,19.99998632540747,4.573595530077412e-08,-2.803634690518031e-07,9.999991911186745,10.000001636033534
0.1330000000000001,13.299999999999969,-2.484617230291697e-07,19.999986325407672,4.571129186281553e-08,-2.8032470783534436e-07,9.999991911191579,10.000001636021498
0.1340000000000001,13.399999999999968,-2.4840427398364895e-07,19.99998632540783,4.569471923066004e-08,-2.802973196325276e-07,9.999991911194844,10.000001636013389
0.1350000000000001,13.499999999999968,-2.4837407419653346e-07,19.999986325407917,4.5687092331547774e-08,-2.8028292248238884e-07,9.999991911196368,10.000001636009644
0.1360000000000001,13.599999999999968,-2.483714308665341e-07,19.99998632540794,4.5688294758594594e-08,-2.802816544966724e-07,9.999991911196176,10.000001636010236
0.1370000000000001,13.699999999999967,-2.4839384860086966e-07,19.999986325407875,4.569728123682282e-08,-2.8029233867243875e-07,9.999991911194455,10.000001636014641
0.1380000000000001,13.799999999999967,-2.484365302923841e-07,19.999986325407768,4.571237222084079e-08,-2.8031268128891895e-07,9.999991911191529,10.000001636022029
0.1390000000000001,13.899999999999967,-2.484931159174586e-07,19.999986325407615,4.5731429754169994e-08,-2.8033966720242276e-07,9.999991911187823,10.000001636031321
0.1400000000000001,13.999999999999966,-2.485565180898597e-07,19.99998632540744,4.5752110267027746e-08,-2.803699125641934e-07,9.99999191118379,10.000001636041429
0.1410000000000001,14.099999999999966,-2.486196398754359e-07,19.999986325407246,4.57721618940532e-08,-2.8040004823592923e-07,9.999991911179869,10.000001636051241
0.1420000000000001,14.199999999999966,-2.4867613801493604e-07,19.9999863254071,4.578961243506541e-08,-2.804270261003161e-07,9.99999191117644,10.000001636059777
0.1430000000000001,14.299999999999965,-2.487210071788759e-07,19.99998632540697,4.580297396916677e-08,-2.804484524610018e-07,9.999991911173826,10.000001636066287
0.1440000000000001,14.399999999999965,-2.4875088627807074e-07,19.999986325406912,4.5811300031228797e-08,-2.8046272781967474e-07,9.999991911172186,10.000001636070346
0.1450000000000001,14.499999999999964,-2.4876426152342646e-07,19.999986325406873,4.581425672167683e-08,-2.8046913391754913e-07,9.999991911171575,10.00000163607179
0.1460000000000001,14.599999999999964,-2.487614457757914e-07,19.99998632540684,4.5812093507624496e-08,-2.804678113088599e-07,9.999991911171978,10.000001636070728
0.1470000000000001,14.699999999999964,-2.487443815368806e-07,19.99998632540692,4.5805538084753294e-08,-2.804596707650653e-07,9.999991911173243,10.000001636067523
0.1480000000000001,14.799999999999963,-2.4871619314081883e-07,19.999986325406983,4.579570833662672e-08,-2.804462269634378e-07,9.999991911175151,10.00000163606274
0.1490000000000001,14.899999999999963,-2.486808755586267e-07,19.999986325407075,4.578393686394122e-08,-2.804293475766606e-07,9.99999191117743,10.000001636056972
0.1500000000000001,14.999999999999963,-2.486426958769883e-07,19.99998632540719,4.577157641794116e-08,-2.8041111088672466e-07,9.999991911179853,10.000001636050948
0.1510000000000001,15.099999999999962,-2.486057867345792e-07,19.9999863254073,4.575999007494502e-08,-2.8039347732544684e-07,9.999991911182123,10.000001636045274
0.1520000000000001,15.199999999999962,-2.48573756134185e-07,19.99998632540739,4.5750232380292744e-08,-2.8037816290904516e-07,9.999991911184027,10.000001636040516
0.1530000000000001,15.299999999999962,-2.485493156845209e-07,19.99998632540745,4.574311507354878e-08,-2.803664979622589e-07,9.999991911185429,10.00000163603704
0.1540000000000001,15.399999999999961,-2.4853421293213884e-07,19.99998632540747,4.5739095066998914e-08,-2.8035925686564767e-07,9.999991911186223,10.000001636035064
0.1550000000000001,15.499999999999961,-2.485289783971112e-07,19.999986325407498,4.573826400955383e-08,-2.803567528131268e-07,9.999991911186408,10.000001636034659
0.1560000000000001,15.59999999999996,-2.485331788704137e-07,19.999986325407505,4.574038653393231e-08,-2.80358755211374e-07,9.999991911186012,10.000001636035705
0.1570000000000001,15.69999999999996,-2.485454332901149e-07,19.99998632540748,4.574494677500596e-08,-2.803646101390278e-07,9.999991911185122,10.000001636037926
0.1580000000000001,15.79999999999996,-2.4856367297765303e-07,19.999986325407406,4.575123091488109e-08,-2.8037332339136967e-07,9.999991911183903,10.000001636040976
0.1590000000000001,15.89999999999996,-2.4858547686967825e-07,19.99998632540735,4.5758443256715964e-08,-2.803837474418813e-07,9.999991911182503,10.000001636044502
0.16000000000000011,15.99999999999996,-2.4860827446682165e-07,19.999986325407292,4.576573475745249e-08,-2.8039465577167633e-07,9.99999191118108,10.000001636048069
0.16100000000000012,16.09999999999996,-2.4862966269134645e-07,19.99998632540724,4.577238205127898e-08,-2.804048803706216e-07,9.999991911179778,10.000001636051323
0.16200000000000012,16.19999999999996,-2.486476465834997e-07,19.999986325407193,4.5777766688459565e-08,-2.804134883183096e-07,9.999991911178721,10.000001636053966
0.16300000000000012,16.29999999999996,-2.4866074987972553e-07,19.99998632540714,4.5781470003891656e-08,-2.804197529182595e-07,9.999991911177997,10.000001636055796
0.16400000000000012,16.399999999999963,-2.486681192070961e-07,19.999986325407143,4.578329665383407e-08,-2.8042326449817523e-07,9.99999191117762,10.00000163605668
0.16500000000000012,16.499999999999964,-2.486696248915621e-07,19.999986325407125,4.578324891424401e-08,-2.8042398098060417e-07,9.999991911177617,10.000001636056657
0.16600000000000012,16.599999999999966,-2.486656934808096e-07,19.999986325407104,4.578153067757995e-08,-2.804220777807842e-07,9.999991911177954,10.000001636055798
0.16700000000000012,16.699999999999967,-2.4865725073430767e-07,19.999986325407153,4.57784625762514e-08,-2.804180534998757e-07,9.999991911178553,10.00000163605431
0.16800000000000012,16.79999999999997,-2.486456197048348e-07,19.99998632540721,4.577450102294378e-08,-2.8041249111598887e-07,9.999991911179313,10.000001636052367
0.16900000000000012,16.89999999999997,-2.4863230330129937e-07,19.99998632540722,4.5770139733836146e-08,-2.8040611999013976e-07,9.999991911180155,10.000001636050236
0.17000000000000012,16.99999999999997,-2.4861879638349293e-07,19.999986325407257,4.5765863321278744e-08,-2.8039967375770303e-07,9.999991911181002,10.000001636048154
0.17100000000000012,17.099999999999973,-2.486064856754844e-07,19.9999863254073,4.5762095168822015e-08,-2.8039379512678764e-07,9.99999191118173,10.000001636046312
0.17200000000000013,17.199999999999974,-2.4859649744302104e-07,19.999986325407313,4.575915374394057e-08,-2.8038901739302347e-07,9.999991911182315,10.000001636044868
0.17300000000000013,17.299999999999976,-2.4858960756546367e-07,19.99998632540733,4.57572726375588e-08,-2.8038572924549143e-07,9.99999191118269,10.00000163604394
0.17400000000000013,17.399999999999977,-2.4858620090162376e-07,19.999986325407363,4.57565152434114e-08,-2.803841057663625e-07,9.999991911182834,10.00000163604358
0.17500000000000013,17.49999999999998,-2.4858624142476415e-07,19.999986325407345,4.57568511413875e-08,-2.8038412680508884e-07,9.999991911182768,10.000001636043748
0.17600000000000013,17.59999999999998,-2.4858941921612754e-07,19.999986325407342,4.575813700169462e-08,-2.803856445909858e-07,9.999991911182537,10.000001636044383
0.17700000000000013,17.69999999999998,-2.4859506891905525e-07,19.999986325407328,4.5760160216623547e-08,-2.8038834298804716e-07,9.99999191118214,10.00000163604537
0.17800000000000013,17.799999999999983,-2.4860237080037706e-07,19.999986325407296,4.576262696565081e-08,-2.803918394134186e-07,9.999991911181665,10.00000163604657
0.17900000000000013,17.899999999999984,-2.4861043190771426e-07,19.999986325407278,4.576523865429394e-08,-2.803957001584756e-07,9.999991911181153,10.000001636047855
0.18000000000000013,17.999999999999986,-2.486183642291806e-07,19.99998632540726,4.5767722611778083e-08,-2.8039948374303236e-07,9.999991911180674,10.000001636049053
0.18100000000000013,18.099999999999987,-2.486253899980362e-07,19.99998632540725,4.576984058424216e-08,-2.804028352842991e-07,9.999991911180254,10.00000163605009
0.18200000000000013,18.19999999999999,-2.4863086978133e-07,19.99998632540723,4.577141410333496e-08,-2.8040544808316525e-07,9.99999191117994,10.000001636050865
0.18300000000000013,18.29999999999999,-2.4863440872824327e-07,19.999986325407214,4.5772339807292894e-08,-2.8040714111776666e-07,9.999991911179755,10.000001636051298
0.18400000000000014,18.39999999999999,-2.4863586117751524e-07,19.999986325407217,4.577258705396048e-08,-2.8040783967009375e-07,9.999991911179713,10.000001636051437
0.18500000000000014,18.499999999999993,-2.4863527836593846e-07,19.999986325407217,4.577221657253716e-08,-2.804075510676185e-07,9.999991911179778,10.000001636051241
0.18600000000000014,18.599999999999994,-2.4863293018873023e-07,19.999986325407228,4.5771300194452635e-08,-2.8040642879867406e-07,9.999991911179949,10.000001636050808
0.18700000000000014,18.699999999999996,-2.486292421943759e-07,19.999986325407217,4.576999707017748e-08,-2.804046601578847e-07,9.999991911180192,10.000001636050174
0.18800000000000014,18.799999999999997,-2.486246934996217e-07,19.99998632540723,4.5768485557040606e-08,-2.804024942792971e-07,9.9999919111805,10.000001636049417
0.18900000000000014,18.9,-2.486198600326617e-07,19.999986325407264,4.5766940903746445e-08,-2.804001820178037e-07,9.999991911180805,10.000001636048667
0.19000000000000014,19.0,-2.4861523989505585e-07,19.99998632540727,4.576551143609109e-08,-2.803979733401185e-07,9.99999191118108,10.000001636047962
0.19100000000000014,19.1,-2.4861128911091157e-07,19.999986325407285,4.576433620950837e-08,-2.803960860164878e-07,9.999991911181302,10.00000163604739
0.19200000000000014,19.200000000000003,-2.4860830566408865e-07,19.999986325407264,4.5763507650065094e-08,-2.803946669294177e-07,9.999991911181475,10.00000163604699
0.19300000000000014,19.300000000000004,-2.486065368567658e-07,19.999986325407274,4.5763074441040885e-08,-2.803938272677442e-07,9.99999191118156,10.000001636046784
0.19400000000000014,19.400000000000006,-2.4860602687581945e-07,19.99998632540729,4.576304168946166e-08,-2.8039358451747987e-07,9.999991911181574,10.000001636046788
0.19500000000000015,19.500000000000007,-2.486066857376734e-07,19.999986325407285,4.5763374312279836e-08,-2.8039389937672965e-07,9.999991911181507,10.000001636046946
0.19600000000000015,19.60000000000001,-2.486083334751754e-07,19.99998632540728,4.5763987432945186e-08,-2.8039469013307894e-07,9.99999191118139,10.000001636047243
0.19700000000000015,19.70000000000001,-2.4861071329373985e-07,19.99998632540728,4.576481227314133e-08,-2.8039582200545254e-07,9.999991911181224,10.00000163604763
0.19800000000000015,19.80000000000001,-2.486135037838011e-07,19.99998632540726,4.576572487646757e-08,-2.803971507203684e-07,9.99999191118106,10.000001636048085
0.19900000000000015,19.900000000000013,-2.4861638520112805e-07,19.99998632540726,4.57666479714014e-08,-2.803985240662499e-07,9.999991911180874,10.000001636048534
0.20000000000000015,20.000000000000014,-2.486190495698537e-07,19.99998632540725,4.576744910833597e-08,-2.803998064848656e-07,9.999991911180715,10.000001636048943
0.20100000000000015,20.100000000000016,-2.4862126912772453e-07,19.999986325407253,4.576809475853594e-08,-2.804008579215811e-07,9.999991911180587,10.00000163604924
0.20200000000000015,20.200000000000017,-2.486228431464177e-07,19.999986325407242,4.576851492243961e-08,-2.8040161936804253e-07,9.999991911180498,10.00000163604946
0.20300000000000015,20.30000000000002,-2.486236894139182e-07,19.999986325407235,4.5768706824489414e-08,-2.804020168833965e-07,9.999991911180464,10.000001636049538
0.20400000000000015,20.40000000000002,-2.486237957177728e-07,19.999986325407235,4.576867201899759e-08,-2.8040207522561644e-07,9.99999191118047,10.00000163604953
0.20500000000000015,20.50000000000002,-2.486232120735288e-07,19.999986325407242,4.5768403955648296e-08,-2.804018049418211e-07,9.999991911180519,10.000001636049404
0.20600000000000016,20.600000000000023,-2.486220969100117e-07,19.999986325407235,4.576800277655835e-08,-2.804012594892491e-07,9.999991911180599,10.00000163604918
0.20700000000000016,20.700000000000024,-2.486205948337705e-07,19.999986325407228,4.576748269258246e-08,-2.804005339585025e-07,9.999991911180697,10.000001636048935
0.20800000000000016,20.800000000000026,-2.4861889685867666e-07,19.99998632540725,4.576693851676694e-08,-2.803997234401834e-07,9.999991911180796,10.00000163604868
0.20900000000000016,20.900000000000027,-2.486172016036292e-07,19.999986325407278,4.576639933695503e-08,-2.803989213040481e-07,9.999991911180912,10.000001636048427
0.21000000000000016,21.00000000000003,-2.4861566289002823e-07,19.999986325407292,4.576594442307069e-08,-2.803981875576511e-07,9.999991911181006,10.000001636048191
0.21100000000000016,21.10000000000003,-2.486144496938181e-07,19.99998632540727,4.5765598810643127e-08,-2.803975972520689e-07,9.999991911181077,10.000001636048017
0.21200000000000016,21.20000000000003,-2.48613616804505e-07,19.999986325407278,4.576538742417924e-08,-2.803972094511664e-07,9.999991911181109,10.000001636047923
0.21300000000000016,21.300000000000033,-2.486132411605446e-07,19.99998632540728,4.576532203204309e-08,-2.803970216569418e-07,9.999991911181128,10.000001636047868
0.21400000000000016,21.400000000000034,-2.4861329622760664e-07,19.999986325407267,4.576538897849147e-08,-2.8039704641491525e-07,9.999991911181118,10.000001636047916
0.21500000000000016,21.500000000000036,-2.4861373248974417e-07,19.999986325407264,4.5765568112976496e-08,-2.803972649068065e-07,9.999991911181075,10.000001636048005
0.21600000000000016,21.600000000000037,-2.4861448399970953e-07,19.99998632540727,4.576582440796173e-08,-2.803976250631557e-07,9.99999191118103,10.000001636048138
0.21700000000000016,21.70000000000004,-2.4861543018728227e-07,19.99998632540727,4.576614820450686e-08,-2.803980820309526e-07,9.999991911180974,10.000001636048308
0.21800000000000017,21.80000000000004,-2.4861644487561563e-07,19.999986325407267,4.5766481548970006e-08,-2.803985681976151e-07,9.999991911180901,10.000001636048449
0.21900000000000017,21.90000000000004,-2.4861744957194176e-07,19.999986325407257,4.576678463985573e-08,-2.8039904176324626e-07,9.999991911180857,10.000001636048589
0.22000000000000017,22.000000000000043,-2.4861831204869844e-07,19.99998632540727,4.576704226710859e-08,-2.8039945282332113e-07,9.999991911180793,10.000001636048726
0.22100000000000017,22.100000000000044,-2.4861898018091466e-07,19.999986325407257,4.5767211631631e-08,-2.803997647404799e-07,9.999991911180757,10.000001636048816
0.22200000000000017,22.200000000000045,-2.486193939055248e-07,19.99998632540727,4.576731271743739e-08,-2.803999741840535e-07,9.999991911180743,10.000001636048871
0.22300000000000017,22.300000000000047,-2.486195541662184e-07,19.999986325407257,4.576734280448136e-08,-2.804000415745911e-07,9.99999191118073,10.000001636048882
0.22400000000000017,22.40000000000005,-2.486194403128472e-07,19.99998632540725,4.576726164717826e-08,-2.803999998857165e-07,9.999991911180741,10.000001636048847
0.22500000000000017,22.50000000000005,-2.4861912079066073e-07,19.999986325407253,4.5767139744690155e-08,-2.8039983945848945e-07,9.99999191118076,10.000001636048777
0.22600000000000017,22.60000000000005,-2.486186343464425e-07,19.999986325407278,4.576697365532567e-08,-2.8039960758841076e-07,9.9999919111808,10.00000163604869
0.22700000000000017,22.700000000000053,-2.486180681882111e-07,19.999986325407285,4.576678147572011e-08,-2.8039932814527546e-07,9.99999191118084,10.000001636048601
0.22800000000000017,22.800000000000054,-2.486174546789677e-07,19.999986325407278,4.5766584300110935e-08,-2.803990270527912e-07,9.999991911180876,10.000001636048504
0.22900000000000018,22.900000000000055,-2.486168675375211e-07,19.99998632540727,4.576641038367413e-08,-2.803987563804178e-07,9.999991911180905,10.000001636048403
0.23000000000000018,23.000000000000057,-2.486163793724572e-07,19.999986325407285,4.576627171681835e-08,-2.803985345023463e-07,9.999991911180933,10.000001636048353
0.23100000000000018,23.10000000000006,-2.486160278758476e-07,19.99998632540729,4.5766183454087894e-08,-2.80398352703326e-07,9.999991911180953,10.000001636048303
0.23200000000000018,23.20000000000006,-2.486158301451269e-07,19.99998632540725,4.5766133049962576e-08,-2.8039826149850455e-07,9.999991911180972,10.000001636048292
0.23300000000000018,23.30000000000006,-2.4861577146984004e-07,19.999986325407264,4.5766142930947495e-08,-2.8039823396497354e-07,9.99999191118096,10.000001636048284
0.23400000000000018,23.400000000000063,-2.486158740544475e-07,19.999986325407285,4.576619350160627e-08,-2.803982877552791e-07,9.999991911180953,10.000001636048314
0.23500000000000018,23.500000000000064,-2.486160942116733e-07,19.99998632540726,4.576627210539641e-08,-2.803983964461132e-07,9.999991911180947,10.00000163604836
0.23600000000000018,23.600000000000065,-2.486163974690925e-07,19.999986325407278,4.576638396036614e-08,-2.803985419963517e-07,9.99999191118092,10.00000163604841
0.23700000000000018,23.700000000000067,-2.4861675979037656e-07,19.999986325407267,4.5766511636013973e-08,-2.803987063648705e-07,9.9999919111809,10.000001636048452
0.23800000000000018,23.800000000000068,-2.4861712927259916e-07,19.99998632540726,4.576661022381856e-08,-2.8039887944864006e-07,9.999991911180876,10.000001636048507
0.23900000000000018,23.90000000000007,-2.486174587312817e-07,19.999986325407253,4.576671019940193e-08,-2.803990362676423e-07,9.999991911180853,10.000001636048568
0.24000000000000019,24.00000000000007,-2.4861772013329286e-07,19.999986325407257,4.576677614664959e-08,-2.803991692168495e-07,9.999991911180839,10.000001636048616
0.2410000000000002,24.100000000000072,-2.486179174754355e-07,19.999986325407278,4.576683793056091e-08,-2.8039925792366915e-07,9.999991911180832,10.00000163604863
0.2420000000000002,24.200000000000074,-2.486180167293739e-07,19.999986325407267,4.576685358470556e-08,-2.803993042199693e-07,9.999991911180826,10.00000163604863
0.2430000000000002,24.300000000000075,-2.486180210592437e-07,19.999986325407257,4.5766837653005155e-08,-2.803993123801085e-07,9.999991911180823,10.000001636048635
0.2440000000000002,24.400000000000077,-2.4861793901376217e-07,19.999986325407257,4.5766799849911166e-08,-2.803992634747843e-07,9.999991911180832,10.000001636048612
0.2450000000000002,24.500000000000078,-2.486177978489046e-07,19.999986325407264,4.5766752387876863e-08,-2.803991969724251e-07,9.999991911180846,10.000001636048584
0.2460000000000002,24.60000000000008,-2.4861759323480115e-07,19.99998632540727,4.576668460876121e-08,-2.8039908994692553e-07,9.999991911180855,10.000001636048541
0.2470000000000002,24.70000000000008,-2.4861737857317934e-07,19.999986325407274,4.576661660760095e-08,-2.803989974098364e-07,9.999991911180867,10.000001636048513
0.2480000000000002,24.800000000000082,-2.48617157472264e-07,19.999986325407267,4.57665532693774e-08,-2.803988894406473e-07,9.999991911180883,10.000001636048484
0.2490000000000002,24.900000000000084,-2.4861696490408036e-07,19.99998632540726,4.57664970365812e-08,-2.803987955157794e-07,9.999991911180903,10.00000163604846
0.25000000000000017,25.000000000000085,-2.486168099169461e-07,19.999986325407257,4.5766462120067075e-08,-2.803987200761249e-07,9.999991911180905,10.000001636048435
0.25100000000000017,25.100000000000087,-2.4861671371612104e-07,19.999986325407253,4.576643619635945e-08,-2.8039869298668307e-07,9.999991911180906,10.000001636048431
0.25200000000000017,25.200000000000088,-2.4861666941822236e-07,19.999986325407278,4.5766428813376336e-08,-2.8039866556417437e-07,9.999991911180908,10.000001636048426
0.25300000000000017,25.30000000000009,-2.486166885140584e-07,19.999986325407253,4.5766448630857326e-08,-2.8039866567519667e-07,9.999991911180906,10.000001636048417
0.25400000000000017,25.40000000000009,-2.4861674763343444e-07,19.999986325407257,4.576646511766924e-08,-2.8039870758611585e-07,9.999991911180901,10.000001636048458
0.25500000000000017,25.500000000000092,-2.486168426130142e-07,19.999986325407257,4.5766496870047746e-08,-2.803987478317005e-07,9.999991911180889,10.00000163604847
0.25600000000000017,25.600000000000094,-2.486169677351491e-07,19.999986325407253,4.5766543332881326e-08,-2.803988081723219e-07,9.999991911180896,10.000001636048498
0.2570000000000002,25.700000000000095,-2.4861710140600124e-07,19.999986325407264,4.5766577583261636e-08,-2.803988733979246e-07,9.999991911180885,10.000001636048502
0.2580000000000002,25.800000000000097,-2.4861721181768104e-07,19.99998632540727,4.5766612721820366e-08,-2.803989403998841e-07,9.999991911180876,10.000001636048514
0.2590000000000002,25.900000000000098,-2.4861732994541086e-07,19.999986325407246,4.5766650580425505e-08,-2.803989914146321e-07,9.999991911180862,10.00000163604853
0.2600000000000002,26.0000000000001,-2.4861741704240714e-07,19.999986325407264,4.5766668677060807e-08,-2.8039903310350667e-07,9.99999191118086,10.00000163604855
0.2610000000000002,26.1000000000001,-2.4861746950044505e-07,19.999986325407264,4.576667789191191e-08,-2.803990489796959e-07,9.99999191118086,10.000001636048536
0.2620000000000002,26.200000000000102,-2.486174818794318e-07,19.999986325407264,4.576667700373349e-08,-2.8039905508592256e-07,9.99999191118086,10.000001636048555
0.2630000000000002,26.300000000000104,-2.4861746883431124e-07,19.999986325407278,4.5766662348789566e-08,-2.8039904004240057e-07,9.99999191118085,10.000001636048536
0.2640000000000002,26.400000000000105,-2.486174272009478e-07,19.999986325407257,4.576665119104817e-08,-2.803990098443343e-07,9.999991911180864,10.000001636048513
0.2650000000000002,26.500000000000107,-2.4861735520298467e-07,19.99998632540725,4.5766622602805285e-08,-2.8039899419018965e-07,9.999991911180867,10.00000163604852
0.2660000000000002,26.600000000000108,-2.4861729397418486e-07,19.999986325407264,4.576660111998976e-08,-2.803989667121698e-07,9.99999191118088,10.000001636048518
0.2670000000000002,26.70000000000011,-2.486172065996328e-07,19.999986325407278,4.576658102495301e-08,-2.803989199162693e-07,9.999991911180878,10.000001636048513
0.2680000000000002,26.80000000000011,-2.4861712938362146e-07,19.99998632540728,4.576656187360584e-08,-2.803988889410469e-07,9.999991911180883,10.000001636048488
0.2690000000000002,26.900000000000112,-2.4861707681456124e-07,19.999986325407285,4.576654177856909e-08,-2.8039885774377993e-07,9.999991911180889,10.000001636048475
0.2700000000000002,27.000000000000114,-2.486170344040417e-07,19.999986325407264,4.57665399467011e-08,-2.8039883459562986e-07,9.999991911180892,10.000001636048466
0.2710000000000002,27.100000000000115,-2.486170048165981e-07,19.999986325407257,4.576653267474029e-08,-2.803988246591338e-07,9.999991911180885,10.000001636048474
0.2720000000000002,27.200000000000117,-2.486170114224251e-07,19.999986325407278,4.5766542389191756e-08,-2.803988219390874e-07,9.999991911180885,10.00000163604847
0.2730000000000002,27.300000000000118,-2.4861702818679277e-07,19.99998632540726,4.576654705212846e-08,-2.8039883664954246e-07,9.999991911180889,10.000001636048486
0.2740000000000002,27.40000000000012,-2.486170497806306e-07,19.99998632540725,4.576656842392168e-08,-2.8039884575337126e-07,9.999991911180881,10.000001636048484
0.2750000000000002,27.50000000000012,-2.4861708958212603e-07,19.999986325407278,4.576656797983247e-08,-2.803988662924972e-07,9.999991911180878,10.000001636048493
0.2760000000000002,27.600000000000122,-2.486171335469578e-07,19.999986325407257,4.576658535482281e-08,-2.803988948807401e-07,9.999991911180887,10.000001636048516
0.2770000000000002,27.700000000000124,-2.486171800097914e-07,19.999986325407285,4.576659445865161e-08,-2.803989223032488e-07,9.999991911180876,10.000001636048548
0.2780000000000002,27.800000000000125,-2.4861722502933503e-07,19.999986325407278,4.5766602285723934e-08,-2.8039893568143626e-07,9.999991911180876,10.000001636048546
0.2790000000000002,27.900000000000126,-2.486172572813139e-07,19.999986325407267,4.576661116750813e-08,-2.8039894239828556e-07,9.999991911180881,10.00000163604852
0.2800000000000002,28.000000000000128,-2.4861727898617403e-07,19.999986325407264,4.57666187170247e-08,-2.803989517796701e-07,9.999991911180874,10.000001636048525
0.2810000000000002,28.10000000000013,-2.4861730535397086e-07,19.999986325407257,4.576662204769377e-08,-2.803989500588244e-07,9.999991911180869,10.000001636048513
0.2820000000000002,28.20000000000013,-2.486172811511089e-07,19.999986325407267,4.5766607337238696e-08,-2.803989488375791e-07,9.999991911180873,10.000001636048507
0.2830000000000002,28.300000000000132,-2.4861727737635064e-07,19.99998632540727,4.576660855848402e-08,-2.803989588295863e-07,9.999991911180878,10.000001636048513
0.2840000000000002,28.400000000000134,-2.4861724479130487e-07,19.99998632540725,4.5766596845631113e-08,-2.803989507804694e-07,9.99999191118088,10.000001636048506
0.2850000000000002,28.500000000000135,-2.486172158699951e-07,19.999986325407264,4.576659051735987e-08,-2.803989365696147e-07,9.999991911180885,10.000001636048506
0.2860000000000002,28.600000000000136,-2.486171962745587e-07,19.99998632540726,4.57665893516257e-08,-2.803989161970222e-07,9.999991911180885,10.000001636048498
0.2870000000000002,28.700000000000138,-2.486171702953399e-07,19.99998632540725,4.576658041433035e-08,-2.803988956578962e-07,9.999991911180881,10.000001636048491
0.2880000000000002,28.80000000000014,-2.4861714181811934e-07,19.999986325407257,4.576657630650516e-08,-2.8039888638753396e-07,9.999991911180881,10.000001636048488
0.2890000000000002,28.90000000000014,-2.4861712882850995e-07,19.999986325407264,4.57665693121001e-08,-2.8039888572140015e-07,9.999991911180883,10.0000016360485
0.2900000000000002,29.000000000000142,-2.486171217230826e-07,19.999986325407264,4.5766570255789674e-08,-2.8039887595143753e-07,9.999991911180885,10.000001636048484
0.2910000000000002,29.100000000000144,-2.486171142290772e-07,19.999986325407253,4.5766566258986785e-08,-2.8039888355646525e-07,9.999991911180885,10.000001636048497
0.2920000000000002,29.200000000000145,-2.486171165605455e-07,19.999986325407267,4.5766567591254415e-08,-2.8039888866349116e-07,9.999991911180896,10.000001636048488
0.2930000000000002,29.300000000000146,-2.48617131048956e-07,19.999986325407264,4.576656881249974e-08,-2.803988957689185e-07,9.999991911180885,10.00000163604851
0.2940000000000002,29.400000000000148,-2.4861714603696683e-07,19.999986325407242,4.576656509325261e-08,-2.803988944366509e-07,9.999991911180878,10.000001636048504
0.2950000000000002,29.50000000000015,-2.4861716774182696e-07,19.999986325407264,4.576657047783428e-08,-2.803988974897642e-07,9.999991911180881,10.0000016360485
0.2960000000000002,29.60000000000015,-2.486171829518824e-07,19.999986325407274,4.576658374499942e-08,-2.803988968236304e-07,9.999991911180878,10.000001636048504
0.2970000000000002,29.700000000000152,-2.4861720021585043e-07,19.999986325407257,4.576658185762028e-08,-2.8039891269981965e-07,9.999991911180883,10.000001636048502
0.2980000000000002,29.800000000000153,-2.4861721181768104e-07,19.999986325407264,4.57665871866908e-08,-2.8039891886155743e-07,9.99999191118087,10.0000016360485
0.2990000000000002,29.900000000000155,-2.48617216203062e-07,19.999986325407264,4.57666007314117e-08,-2.8039892224773766e-07,9.999991911180873,10.000001636048495
0.3000000000000002,30.000000000000156,-2.4861722081048754e-07,19.99998632540726,4.576658801935807e-08,-2.8039892896458696e-07,9.999991911180876,10.000001636048523
0.3010000000000002,30.100000000000158,-2.486172226978667e-07,19.999986325407267,4.5766597789320684e-08,-2.8039892863152005e-07,9.999991911180874,10.00000163604851
0.3020000000000002,30.20000000000016,-2.4861722525137964e-07,19.99998632540726,4.5766598733010255e-08,-2.8039893479325784e-07,9.999991911180881,10.000001636048522
0.3030000000000002,30.30000000000016,-2.486172183679969e-07,19.99998632540725,4.576659701216457e-08,-2.8039892951969847e-07,9.999991911180881,10.000001636048523
0.3040000000000002,30.400000000000162,-2.4861720521185404e-07,19.999986325407264,4.5766595069274274e-08,-2.8039891691866714e-07,9.999991911180881,10.000001636048504
0.3050000000000002,30.500000000000163,-2.4861719327695653e-07,19.99998632540726,4.576660966870705e-08,-2.803989077593272e-07,9.999991911180885,10.000001636048502
0.3060000000000002,30.600000000000165,-2.486171905569101e-07,19.99998632540728,4.576659978772213e-08,-2.8039889504727356e-07,9.999991911180878,10.000001636048488
0.3070000000000002,30.700000000000166,-2.486171818416594e-07,19.999986325407278,4.576657947064078e-08,-2.8039890231923437e-07,9.999991911180878,10.0000016360485
0.3080000000000002,30.800000000000168,-2.486171723492525e-07,19.999986325407267,4.576658679811274e-08,-2.8039890165310055e-07,9.999991911180881,10.000001636048502
0.3090000000000002,30.90000000000017,-2.4861716696467084e-07,19.99998632540727,4.5766582468242945e-08,-2.8039889710118615e-07,9.999991911180881,10.000001636048491
0.3100000000000002,31.00000000000017,-2.4861716274582335e-07,19.99998632540726,4.576658368948827e-08,-2.8039889654607464e-07,9.999991911180878,10.000001636048493
0.3110000000000002,31.100000000000172,-2.4861716707569315e-07,19.999986325407257,4.576658096944186e-08,-2.8039889288233866e-07,9.999991911180881,10.000001636048498
0.3120000000000002,31.200000000000173,-2.4861715830493125e-07,19.999986325407257,4.576658418908863e-08,-2.803988979338534e-07,9.999991911180881,10.000001636048504
0.3130000000000002,31.300000000000175,-2.486171659654701e-07,19.999986325407278,4.576657813837315e-08,-2.8039891086795166e-07,9.999991911180883,10.000001636048516
0.3140000000000002,31.400000000000176,-2.4861716857449423e-07,19.999986325407257,4.5766582967843306e-08,-2.803989067046153e-07,9.999991911180878,10.000001636048507
0.3150000000000002,31.500000000000178,-2.486171580273755e-07,19.999986325407246,4.576658185762028e-08,-2.803989126443085e-07,9.999991911180883,10.000001636048504
0.3160000000000002,31.60000000000018,-2.486171697402284e-07,19.999986325407274,4.576658629851238e-08,-2.8039891236675274e-07,9.999991911180894,10.000001636048498
0.3170000000000002,31.70000000000018,-2.4861718506130615e-07,19.99998632540726,4.576659040633757e-08,-2.8039889926612105e-07,9.999991911180883,10.000001636048495
0.3180000000000002,31.800000000000182,-2.4861718234125973e-07,19.999986325407253,4.576658846344728e-08,-2.8039890792586064e-07,9.999991911180881,10.000001636048498
0.31900000000000023,31.900000000000183,-2.486171841731277e-07,19.999986325407264,4.57665850217559e-08,-2.8039891214470813e-07,9.999991911180873,10.000001636048502
0.32000000000000023,32.000000000000185,-2.48617200049317e-07,19.999986325407257,4.576658535482281e-08,-2.8039891930564664e-07,9.999991911180876,10.000001636048506
0.32100000000000023,32.100000000000186,-2.4861719916113856e-07,19.99998632540725,4.576658862998073e-08,-2.8039891020181784e-07,9.999991911180881,10.000001636048498
0.32200000000000023,32.20000000000019,-2.4861719782887093e-07,19.99998632540726,4.5766582912332154e-08,-2.8039891658560023e-07,9.999991911180878,10.000001636048506
0.32300000000000023,32.30000000000019,-2.4861719372104574e-07,19.999986325407257,4.576659906607716e-08,-2.803989226363157e-07,9.999991911180881,10.000001636048507
0.32400000000000023,32.40000000000019,-2.486171906679324e-07,19.999986325407257,4.576658629851238e-08,-2.8039892113751463e-07,9.999991911180881,10.000001636048504
0.32500000000000023,32.50000000000019,-2.486171921667335e-07,19.99998632540727,4.576658646504583e-08,-2.8039891886155743e-07,9.999991911180878,10.000001636048523
0.32600000000000023,32.60000000000019,-2.4861718928015364e-07,19.999986325407264,4.576658302335446e-08,-2.8039892463471716e-07,9.999991911180885,10.000001636048513
0.32700000000000023,32.700000000000195,-2.486171890025979e-07,19.999986325407278,4.576658124699762e-08,-2.803989164190668e-07,9.99999191118088,10.000001636048507
0.32800000000000024,32.800000000000196,-2.4861718062041405e-07,19.999986325407264,4.576658640953468e-08,-2.803989177513344e-07,9.999991911180881,10.000001636048506
0.32900000000000024,32.9000000000002,-2.486171865045961e-07,19.999986325407257,4.576659029531527e-08,-2.803989067046153e-07,9.99999191118088,10.000001636048493
0.33000000000000024,33.0000000000002,-2.486171812310367e-07,19.99998632540727,4.576657824939545e-08,-2.80398910257329e-07,9.999991911180878,10.000001636048495
0.33100000000000024,33.1000000000002,-2.4861718039836944e-07,19.999986325407264,4.576659495825197e-08,-2.80398907315238e-07,9.999991911180885,10.000001636048506
0.33200000000000024,33.2000000000002,-2.486171711280072e-07,19.99998632540727,4.576659090593793e-08,-2.8039891780684556e-07,9.999991911180881,10.000001636048511
0.33300000000000024,33.3000000000002,-2.4861717301538633e-07,19.99998632540725,4.5766583856021725e-08,-2.803988955468739e-07,9.99999191118089,10.000001636048484
0.33400000000000024,33.400000000000205,-2.4861719144508854e-07,19.999986325407257,4.576658624300123e-08,-2.8039889993225486e-07,9.999991911180873,10.00000163604851
0.33500000000000024,33.500000000000206,-2.4861718322943815e-07,19.99998632540725,4.5766590184292966e-08,-2.803989169741783e-07,9.999991911180878,10.000001636048513
0.33600000000000024,33.60000000000021,-2.4861718495028384e-07,19.999986325407264,4.5766580747397256e-08,-2.803989087585279e-07,9.999991911180885,10.000001636048507
0.33700000000000024,33.70000000000021,-2.486171722382302e-07,19.999986325407257,4.576658396704403e-08,-2.8039890587194805e-07,9.999991911180876,10.000001636048513
0.33800000000000024,33.80000000000021,-2.486171790661018e-07,19.999986325407257,4.576658579891202e-08,-2.8039891203368583e-07,9.999991911180874,10.000001636048513
0.33900000000000025,33.90000000000021,-2.486171796212133e-07,19.99998632540725,4.576659429211816e-08,-2.803989085364833e-07,9.999991911180878,10.000001636048495
0.34000000000000025,34.00000000000021,-2.486171841176166e-07,19.999986325407246,4.5766592848828225e-08,-2.8039891952769125e-07,9.999991911180876,10.00000163604851
0.34100000000000025,34.100000000000215,-2.4861717562441044e-07,19.99998632540726,4.576659207167211e-08,-2.8039890848097215e-07,9.999991911180878,10.000001636048498
0.34200000000000025,34.200000000000216,-2.4861719200020005e-07,19.999986325407253,4.576659451416276e-08,-2.803989087585279e-07,9.99999191118087,10.000001636048506
0.34300000000000025,34.30000000000022,-2.486171873927745e-07,19.999986325407267,4.5766590628382176e-08,-2.8039892330244953e-07,9.999991911180874,10.00000163604852
0.34400000000000025,34.40000000000022,-2.486171780669011e-07,19.99998632540727,4.576659268229477e-08,-2.803989194721801e-07,9.99999191118088,10.000001636048511
0.34500000000000025,34.50000000000022,-2.4861718844748637e-07,19.999986325407264,4.576659262678362e-08,-2.8039891475373224e-07,9.999991911180885,10.000001636048507
0.34600000000000025,34.60000000000022,-2.486171867266407e-07,19.999986325407257,4.5766593792517796e-08,-2.803989135324869e-07,9.99999191118088,10.000001636048504
0.34700000000000025,34.70000000000022,-2.4861718322943815e-07,19.999986325407264,4.576659357047319e-08,-2.8039890481723617e-07,9.99999191118088,10.000001636048495
0.34800000000000025,34.800000000000225,-2.486171771232115e-07,19.99998632540726,4.5766580747397256e-08,-2.803989067046153e-07,9.999991911180878,10.000001636048498
0.34900000000000025,34.900000000000226,-2.486171738480536e-07,19.99998632540727,4.57665783049066e-08,-2.8039891247777504e-07,9.999991911180883,10.000001636048506
0.35000000000000026,35.00000000000023,-2.486171864490849e-07,19.999986325407267,4.576658463317784e-08,-2.8039890814790525e-07,9.99999191118088,10.000001636048493
0.35100000000000026,35.10000000000023,-2.48617172904364e-07,19.999986325407257,4.5766586576068136e-08,-2.8039891541986606e-07,9.999991911180885,10.000001636048504
0.35200000000000026,35.20000000000023,-2.4861718561641766e-07,19.99998632540726,4.57665759179271e-08,-2.8039890609399265e-07,9.999991911180889,10.000001636048506
0.35300000000000026,35.30000000000023,-2.4861718378454967e-07,19.99998632540725,4.576658407806633e-08,-2.8039891408759843e-07,9.999991911180894,10.000001636048507
0.35400000000000026,35.40000000000023,-2.4861717984325793e-07,19.999986325407246,4.5766582079664886e-08,-2.8039891192266353e-07,9.999991911180881,10.000001636048497
0.35500000000000026,35.500000000000234,-2.4861718139757016e-07,19.99998632540726,4.576658663157929e-08,-2.803989078703495e-07,9.999991911180878,10.000001636048502
0.35600000000000026,35.600000000000236,-2.4861718128654786e-07,19.999986325407267,4.576658213517604e-08,-2.803989215260927e-07,9.999991911180881,10.000001636048518
0.35700000000000026,35.70000000000024,-2.486171827298378e-07,19.99998632540726,4.576658690913504e-08,-2.803989122002193e-07,9.999991911180883,10.000001636048516
0.35800000000000026,35.80000000000024,-2.4861718800339716e-07,19.999986325407257,4.576659612398615e-08,-2.8039891086795166e-07,9.999991911180883,10.000001636048506
0.35900000000000026,35.90000000000024,-2.486171869486853e-07,19.999986325407253,4.576659223820556e-08,-2.803989095911952e-07,9.999991911180878,10.000001636048488
0.36000000000000026,36.00000000000024,-2.486171907789547e-07,19.999986325407257,4.576659501376312e-08,-2.803989048727473e-07,9.999991911180869,10.000001636048486
0.36100000000000027,36.10000000000024,-2.4861719166713314e-07,19.99998632540725,4.5766600453855943e-08,-2.8039890709319337e-07,9.999991911180881,10.000001636048498
0.36200000000000027,36.200000000000244,-2.4861718322943815e-07,19.999986325407264,4.576659906607716e-08,-2.803989078703495e-07,9.999991911180874,10.000001636048506
0.36300000000000027,36.300000000000246,-2.486171894466871e-07,19.999986325407267,4.576660178612357e-08,-2.803989195832024e-07,9.999991911180866,10.000001636048513
0.36400000000000027,36.40000000000025,-2.486171835069939e-07,19.99998632540726,4.5766591016960234e-08,-2.803989137545315e-07,9.999991911180874,10.000001636048502
0.36500000000000027,36.50000000000025,-2.486171836180162e-07,19.99998632540725,4.5766595957452694e-08,-2.803989105903959e-07,9.999991911180874,10.000001636048514
0.36600000000000027,36.60000000000025,-2.486171866156184e-07,19.99998632540725,4.576659257127247e-08,-2.8039890848097215e-07,9.999991911180878,10.000001636048506
0.36700000000000027,36.70000000000025,-2.4861718039836944e-07,19.999986325407278,4.5766582079664886e-08,-2.8039890892506136e-07,9.999991911180881,10.000001636048506
0.36800000000000027,36.80000000000025,-2.486171870597076e-07,19.999986325407253,4.5766584744200145e-08,-2.8039891586395527e-07,9.999991911180878,10.000001636048513
0.36900000000000027,36.900000000000254,-2.4861718855850867e-07,19.99998632540727,4.576659906607716e-08,-2.803989040955912e-07,9.999991911180878,10.000001636048497
0.3700000000000003,37.000000000000256,-2.48617191611622e-07,19.999986325407264,4.5766589684692605e-08,-2.8039890770381604e-07,9.99999191118088,10.000001636048493
0.3710000000000003,37.10000000000026,-2.486171810089921e-07,19.999986325407264,4.5766579748196534e-08,-2.8039893101849955e-07,9.999991911180885,10.000001636048514
0.3720000000000003,37.20000000000026,-2.4861718733726335e-07,19.999986325407242,4.576658485522245e-08,-2.803989177513344e-07,9.999991911180885,10.00000163604851
0.3730000000000003,37.30000000000026,-2.4861717889956836e-07,19.999986325407257,4.576657902655157e-08,-2.8039891997178046e-07,9.999991911180881,10.000001636048513
0.3740000000000003,37.40000000000026,-2.4861718017632484e-07,19.999986325407264,4.576658224619834e-08,-2.8039892319142723e-07,9.999991911180881,10.000001636048514
0.3750000000000003,37.50000000000026,-2.4861718017632484e-07,19.99998632540728,4.576658224619834e-08,-2.803989125332862e-07,9.99999191118088,10.000001636048506
0.3760000000000003,37.600000000000264,-2.486171866156184e-07,19.999986325407264,4.5766580691886105e-08,-2.8039890836994985e-07,9.999991911180874,10.000001636048488
0.3770000000000003,37.700000000000266,-2.4861718256330434e-07,19.99998632540727,4.576658407806633e-08,-2.8039890470621387e-07,9.999991911180878,10.000001636048513
0.3780000000000003,37.80000000000027,-2.486171862270403e-07,19.999986325407264,4.576658135801992e-08,-2.8039891153408547e-07,9.999991911180874,10.000001636048506
0.3790000000000003,37.90000000000027,-2.4861717468072086e-07,19.99998632540727,4.5766577527750485e-08,-2.8039891303288655e-07,9.999991911180881,10.000001636048502
0.3800000000000003,38.00000000000027,-2.486171817861482e-07,19.999986325407257,4.576658191313143e-08,-2.803988998767437e-07,9.999991911180885,10.000001636048507
0.3810000000000003,38.10000000000027,-2.486171840621054e-07,19.99998632540726,4.5766585188289355e-08,-2.803988992106099e-07,9.999991911180878,10.000001636048504
0.3820000000000003,38.20000000000027,-2.4861717551338813e-07,19.99998632540726,4.57665893516257e-08,-2.803989057054146e-07,9.999991911180876,10.000001636048516
0.3830000000000003,38.300000000000274,-2.48617174736232e-07,19.999986325407264,4.576659262678362e-08,-2.803989072597268e-07,9.999991911180876,10.000001636048511
0.3840000000000003,38.400000000000276,-2.486171780669011e-07,19.999986325407267,4.576658890753649e-08,-2.803989099242621e-07,9.999991911180878,10.000001636048498
0.3850000000000003,38.50000000000028,-0.0010861821093018365,20.000000988240473,-0.00045091248568807085,-0.00017777784580874645,10.000052757098818,9.999923145060592
0.3860000000000003,38.60000000000028,-0.0009812243266830722,19.99941991513704,-0.00031326334521825094,-0.00043160121548385666,9.999879144266984,9.999889939223488
0.3870000000000003,38.70000000000028,0.0024222498181241114,19.998807165214497,0.0012306922513550256,5.594629012728447e-06,9.999379282619392,10.000197069503908
0.3880000000000003,38.80000000000028,0.01050532089959233,19.998466574659055,0.004729933370063943,0.0022045621425287876,9.998610238661119,10.001247285926281
0.3890000000000003,38.90000000000028,0.021096728995382563,19.99855909630301,0.009245704304414348,0.00648663456643972,9.997788734799247,10.003139348599753
0.3900000000000003,39.000000000000284,0.033329824549469866,19.998820775866275,0.014413915792293674,0.01221717810907269,9.997001303514404,10.005627628381966
0.3910000000000003,39.100000000000286,0.045991681759099734,19.999235197039226,0.019690160507376153,0.01840724108173042,9.996307557909152,10.008283582838732
0.3920000000000003,39.20000000000029,0.0509278049280279,19.99987234382887,0.021671109840897484,0.023075152282183098,9.996146423233679,10.010217816086158
0.3930000000000003,39.30000000000029,0.05166394488016751,20.000282438866055,0.021853065944230587,0.024633353022189275,9.996418155941525,10.01081149031688
0.3940000000000003,39.40000000000029,0.04754737449921742,20.000417595242347,0.019982034136380167,0.022974986573462364,9.996906623895004,10.010010544478689
0.3950000000000003,39.50000000000029,0.03915541268104916,20.000343591148464,0.016321424383152705,0.01885384528384898,9.997507754558779,10.008138144324553
0.3960000000000003,39.60000000000029,0.027654194476025462,20.000177030949043,0.011374311656884573,0.013194459142208126,9.998216426928803,10.005610098172456
0.3970000000000003,39.700000000000294,0.014488697570163633,20.00001931962251,0.005758657671475764,0.006836943500863335,9.999034711445006,10.00280073260634
0.3980000000000003,39.800000000000296,0.0011604504429739704,19.99992021406735,0.00011452109101589558,0.0005022724097354381,9.99991398243591,10.00002406191856
0.3990000000000003,39.9000000000003,-0.010954880992475768,19.999880290824567,-0.004975113032342049,-0.005203385446996944,10.00075834257518,9.997542402616183
0.4000000000000003,40.0000000000003,-0.02015639890658566,19.999962579046993,-0.008886533283384346,-0.009427865230585586,10.001525274416075,9.99559860747485
0.4010000000000003,40.1000000000003,-0.02611254229724297,20.000070882746655,-0.011421888124292734,-0.011886392850187888,10.002105174950113,9.994373607356732
0.4020000000000003,40.2000000000003,-0.03129195420246422,19.999593717099508,-0.013114336826215212,-0.01431797584663147,10.001858239681049,9.993755601475934
0.4030000000000003,40.3000000000003,-0.03946033223264739,19.998410206806515,-0.015198577476830788,-0.0203949237329335,10.00093279162003,9.993157189155367
0.4040000000000003,40.400000000000304,-0.060410418503061225,19.9967166755302,-0.02132776191351765,-0.03813860723000939,10.000590965004509,9.9913533773309
0.4050000000000003,40.500000000000306,-0.10299528978647066,19.99521503678446,-0.03563817748363013,-0.07648705223352137,10.002377276395011,9.986374805723258
0.4060000000000003,40.60000000000031,-0.17107967744367694,19.99365727797955,-0.05980882293772444,-0.1385675943455617,10.005859944768659,9.976537176910135
0.4070000000000003,40.70000000000031,-0.26922140833555985,19.990244633623636,-0.09459585117054414,-0.22334399631961815,10.0089015073334,9.96103058877095
0.4080000000000003,40.80000000000031,-0.3935771527185097,19.985136557548934,-0.13870553358612353,-0.3249708404398826,10.011439154244963,9.939940836166699
0.4090000000000003,40.90000000000031,-0.5302571436753558,19.979594549054458,-0.18721248592819795,-0.43155883903792785,10.014106576659072,9.915198644370925
0.4100000000000003,41.00000000000031,-0.6655709273088255,19.974115272392577,-0.23458013511211126,-0.5303125234713806,10.01693709416859,9.890303601157353
0.4110000000000003,41.100000000000314,-0.7889662540266374,19.968713612719732,-0.27668001675952036,-0.6117562079749035,10.019421125757392,9.868350042628668
0.4120000000000003,41.200000000000315,-0.891945391391776,19.963716642444027,-0.3106039651377791,-0.6710073493627502,10.021333062066955,9.851302472543601
0.4130000000000003,41.30000000000032,-0.9668570460016271,19.9597330647022,-0.3339564685048486,-0.7062681285795476,10.022594256096003,9.840153719625315
0.4140000000000003,41.40000000000032,-1.0123451688924223,19.956328854808774,-0.3459157072811232,-0.7199576908471044,10.022313306055104,9.835054889927063
0.4150000000000003,41.50000000000032,-1.0287919970532766,19.953937927064214,-0.34708974854360175,-0.7169003407633986,10.020696142288108,9.835272699322894
0.4160000000000003,41.60000000000032,-1.0175246318061197,19.95350907156407,-0.33863193441740164,-0.7013193897003682,10.018930344068275,9.839953004676698
0.4170000000000003,41.70000000000032,-0.9826850395461081,19.955023443262306,-0.3224718333132166,-0.6767258598920377,10.017371079723313,9.848249576051007
0.4180000000000003,41.800000000000324,-0.9306050006741026,19.957749738075908,-0.30116188926722376,-0.6467634969649038,10.015694260574698,9.858987287889333
0.4190000000000003,41.900000000000325,-0.8686899934161327,19.960796824967733,-0.27745084345374665,-0.6152533711409306,10.013583909700767,9.870754724870807
0.4200000000000003,42.00000000000033,-0.8045026652392262,19.963473136106423,-0.2540095216342247,-0.5857340273899606,10.01105162233802,9.882179851133781
0.4210000000000003,42.10000000000033,-0.6677006059070096,19.97701795218243,-0.210520564912009,-0.5115083418875958,10.013841071328773,9.897971220259851
0.4220000000000003,42.20000000000033,-0.4744917676830439,19.993522280400672,-0.14602562309392048,-0.37643562668175096,10.01964143293661,9.925004353128168
0.4230000000000003,42.30000000000033,-0.25743160361079076,20.00501601767371,-0.07385122683504258,-0.2122050546100005,10.019362006274672,9.961210803185663
0.4240000000000003,42.40000000000033,-0.03937254389757222,20.009430621357705,-0.002549196035579071,-0.04703091893955341,10.011158957068613,9.998247127613487
0.4250000000000003,42.500000000000334,0.159482301606362,20.00795645333665,0.06156955436202827,0.09694902559425267,9.998411248489122,10.03127943259156
0.4260000000000003,42.600000000000335,0.3227945428507016,20.003474237843733,0.1129254822892593,0.20578550170581356,9.985126257246918,10.056725664361482
0.4270000000000003,42.70000000000034,0.43784415109645963,19.998781092632022,0.14754498381962128,0.2732697568841993,9.974928755138132,10.073360135890372
0.4280000000000003,42.80000000000034,0.49778763273700516,19.995743962451513,0.16349943550662588,0.29884727676895867,9.969727872287791,10.080564127144292
0.4290000000000003,42.90000000000034,0.5018150744798333,19.9949879446963,0.16103351564733986,0.28700168511803087,9.969776990443982,10.078955212582475
0.4300000000000003,43.00000000000034,0.4549680875044497,19.99612809371996,0.14233077387610588,0.24558276894766473,9.974036792857413,10.069797976015412
0.4310000000000003,43.10000000000034,0.3670840040050052,19.998214863067663,0.11104892658608456,0.18388148917255415,9.980861311772259,10.054558209163488
0.43200000000000033,43.200000000000344,0.2511902127346435,20.00021891383558,0.0717406367234672,0.11138151888800607,9.988656699012253,10.035208752448337
0.43300000000000033,43.300000000000345,0.12176510538038304,20.001396418882962,0.02926383909337671,0.037170560804774266,9.996240993715821,10.014161744074993
0.43400000000000033,43.40000000000035,-0.006875655463884245,20.00145900529639,-0.011748781231593008,-0.030699625917557094,10.00285885795241,9.993844371660575
0.43500000000000033,43.50000000000035,-0.12057949664068143,20.000017643596355,-0.04663108659435272,-0.08000355926850777,10.007242127768539,9.975618672325822
0.43600000000000033,43.60000000000035,-0.20874151375434813,19.99851934817155,-0.07272558284517516,-0.11001801988952481,10.010908682229951,9.962913141321128
0.43700000000000033,43.70000000000035,-0.26348383498203043,19.9986648101672,-0.08907969376132069,-0.10938045876055563,10.01502147478481,9.954153717337064
0.43800000000000033,43.80000000000035,-0.2794719049235963,19.99963379195654,-0.09427161774166387,-0.08195356742504989,10.018139267493465,9.952539547541098
0.43900000000000033,43.900000000000354,-0.25517980063555645,20.000187374401374,-0.08721827334420956,-0.03873996249353856,10.018091520993472,9.956414132569536
0.44000000000000034,44.000000000000355,-0.19417155831701122,19.99976974703756,-0.06849063099082675,0.014706272030653833,10.014244493746563,9.96485551162026
0.44100000000000034,44.10000000000036,-0.10538112933309637,19.999010830137685,-0.040816931641752985,0.07202005656592991,10.008101262750154,9.977579693529051
0.44200000000000034,44.20000000000036,-0.00028391039122044326,19.998336267612764,-0.0077504284572446625,0.13032307570178964,10.001007337584204,9.992683798266052
0.44300000000000034,44.30000000000036,0.10848511789716125,19.99814766152081,0.026592642979391012,0.18329756187256546,9.994448885465516,10.009145881033845
0.44400000000000034,44.40000000000036,0.2022436162151935,19.99979328994748,0.056120438557375085,0.17756605668467668,9.991955156826185,10.030835526459914
0.44500000000000034,44.50000000000036,0.26515804103906876,20.00040446106669,0.07692156333310013,0.16096454590563797,9.987204157406781,10.035313091156446
0.44600000000000034,44.600000000000364,0.29126690320435017,19.999952354053452,0.08682070281657955,0.14392007585366934,9.984807100298696,10.03962923949691
0.44700000000000034,44.700000000000365,0.28295924535705896,19.99946277503039,0.08608555904981546,0.12474567820757959,9.98449934346056,10.039775401149821
0.44800000000000034,44.80000000000037,0.24653693997083248,19.99933801192805,0.07650008453762525,0.0984393505988807,9.98648484185295,10.03647476009479
0.44900000000000034,44.90000000000037,0.18945142104840718,19.99955177374253,0.06035541460178173,0.06556832467278723,9.989865846554622,10.029616431543422
0.45000000000000034,45.00000000000037,0.11956921135810022,19.999915319375916,0.040043264213451335,0.030254323957577378,9.993699396000862,10.020019130832573
0.45100000000000035,45.10000000000037,0.04493014107478793,20.000194313871248,0.01795544045077463,-0.0030314404978895593,9.997418918172045,10.009063890945692
0.45200000000000035,45.20000000000037,-0.026720473054177296,20.000219732121252,-0.0036131700507096576,-0.031063157219677062,10.000763639935581,9.998222813610635
0.45300000000000035,45.300000000000374,-0.08858930287067543,19.999964991452202,-0.022622988921779164,-0.052101405172395254,10.003606414740693,9.988731767641884
0.45400000000000035,45.400000000000375,-0.13544876202161635,19.99954190911829,-0.03746007292629666,-0.06555675242543063,10.005836963082114,9.981454086249402
0.45500000000000035,45.50000000000038,-0.16405401733956348,19.999130220282886,-0.0470651004400342,-0.07161555404596542,10.00733651929561,9.976865358175823
0.45600000000000035,45.60000000000038,-0.17330951053976754,19.998889105241474,-0.05099574412094937,-0.07096986059814875,10.00801252907307,9.975092486364534
0.45700000000000035,45.70000000000038,-0.16418856538098733,19.998894306114146,-0.049418533993870084,-0.06461618879451797,10.007844551776444,9.97597443971593
0.45800000000000035,45.80000000000038,-0.1394390912414687,19.999121619204153,-0.04303745102949935,-0.053710853266369096,10.0069074050088,9.979127937588487
0.45900000000000035,45.90000000000038,-0.10312715193502803,19.999473510375918,-0.03297221331226868,-0.03949590068411185,10.005360868570008,9.984011137065213
0.46000000000000035,46.000000000000384,-0.060084471933485345,19.999829067468188,-0.020603597134813134,-0.023281049472253734,10.003417692943428,9.989983597190259
0.46100000000000035,46.100000000000385,-0.015332734317440422,20.000092490430333,-0.007406308766372716,-0.006432624153543343,10.001309628129004,9.996364049180745
0.46200000000000035,46.20000000000039,0.026448123883677843,20.000221530999383,0.005210285549964722,0.009673423736542341,9.999261772386207,10.002489454160031
0.46300000000000036,46.30000000000039,0.06135667062006367,20.000229594560402,0.016037246046826104,0.023741021259203576,9.99747414763369,10.00777486724626
0.46400000000000036,46.40000000000039,0.08658029282132257,20.000166820154938,0.024166340785995832,0.03466419643492108,9.996106466077567,10.011767222685513
0.46500000000000036,46.50000000000039,0.10056453324611131,20.00009202233798,0.029050160890769672,0.041631663354131265,9.995264816262745,10.014183980905784
0.46600000000000036,46.60000000000039,0.10304061801303355,20.00004796894559,0.03052084057912141,0.04420775530523252,9.994992236771632,10.014930185373682
0.46700000000000036,46.700000000000394,0.09492242423572139,20.00004847141246,0.028769624381050407,0.04237883228360784,9.995266218367329,10.014092254995735
0.46800000000000036,46.800000000000395,0.07809532010207831,20.000079619515464,0.02429276353289117,0.03655733199164091,9.99600492955864,10.01191143686505
0.46900000000000036,46.9000000000004,0.0551284151431915,20.000111767021195,0.017812049948007613,0.02753891767164357,9.99708163789878,10.008742803608769
0.47000000000000036,47.0000000000004,0.028947005682101512,20.00011553633736,0.010180220948380503,0.016414387706795375,9.998344681669048,10.00500661711014
0.47100000000000036,47.1000000000004,0.0025025472415435845,20.000074927477456,0.002282166655100948,0.004445674344279449,9.99963911265456,10.001138386867815
0.47200000000000036,47.2000000000004,-0.02152621313016323,19.999993033380115,-0.005057661934953495,-0.0070783480408272426,10.000826016096692,9.9975428843959
0.47300000000000036,47.3000000000004,-0.04097410967251397,19.99988946589498,-0.01115281400115159,-0.016986995628689272,10.001796482205794,9.994556229353492
0.47400000000000037,47.400000000000404,-0.05435429510457765,19.999791830687805,-0.01551087556684655,-0.02435441857719195,10.002478898971665,9.992418967674341
0.47500000000000037,47.500000000000405,-0.06093822553964692,19.999725357333336,-0.01786430033377101,-0.028591427495566812,10.002840030206547,9.991261677280136
0.47600000000000037,47.600000000000406,-0.060751640231350434,19.99970474152347,-0.018175309900101022,-0.02949191827107711,10.00288159254304,9.99110312814118
0.47700000000000037,47.70000000000041,-0.05449557504121638,19.99973075075968,-0.016616899060495904,-0.02723042211938459,10.002634400597124,9.991859704496482
0.47800000000000037,47.80000000000041,-0.043407951585619386,19.999791991479725,-0.013534255462527345,-0.022314324022961574,10.002151699662068,9.99336391594729
0.47900000000000037,47.90000000000041,-0.02908556771168197,19.999870326533436,-0.009392493091828769,-0.015500089754120094,10.001502470297089,9.995389344286313
0.48000000000000037,48.00000000000041,-0.013288223189740378,19.99994741397535,-0.004717412376016583,-0.007686781832057676,10.000764758521246,9.997679109487839
0.48100000000000037,48.10000000000041,0.002253692575723776,20.000009921024017,-3.603475609204043e-05,0.0001980643468391663,10.000018782957937,9.999974808122301
0.4820000000000004,48.200000000000415,0.01600930005088369,20.000051919131007,0.004177005164766989,0.007305530675788485,9.99933975134609,10.002042962321786
0.4830000000000004,48.300000000000416,0.026780282969035174,20.00007427498013,0.007542346660321331,0.012953037367393283,9.998790797302735,10.0036964300731
0.4840000000000004,48.40000000000042,0.03378734586370552,20.000081966788382,0.009804792760853054,0.01668409960488859,9.9984169138766,10.004808967106756
0.4850000000000004,48.50000000000042,0.03670613480515089,20.000080801399694,0.01084667849738602,0.018295960870999273,9.998240933678348,10.005322062929208
0.4860000000000004,48.60000000000042,0.03565410442067196,20.000074895969107,0.010685919303139058,0.01783537391900275,9.99826236530597,10.005244115835842
0.4870000000000004,48.70000000000042,0.031134541616676614,20.000065692048807,0.009460477182037852,0.015566641399353709,9.998459324296622,10.004642821276992
0.4880000000000004,48.80000000000042,0.023947601887385928,20.00005250958529,0.0074021949129428055,0.01191886557756966,9.998793122104095,10.00363225407775
0.4890000000000004,48.900000000000425,0.015080528386105907,20.000034042254537,0.00480374349845919,0.007420962011144561,9.999214551792555,10.00235650998438
0.4900000000000004,49.000000000000426,0.005590101852909868,20.000009942297687,0.0019827577232843785,0.0026333308159487423,9.999670694791064,10.000971937030945
0.4910000000000004,49.10000000000043,-0.0035101442930710047,19.9999817699615,-0.0007528941742830919,-0.0019157074318117417,10.000111183288697,9.999629935641277
0.4920000000000004,49.20000000000043,-0.011347130078617818,19.99995296840759,-0.0031352881816752998,-0.005782247339912783,10.000493181217443,9.998462051141855
0.4930000000000004,49.30000000000043,-0.017261676619533428,19.999927973418764,-0.0049594763784837625,-0.008643608079137888,10.000784739989918,9.997568660952751
0.4940000000000004,49.40000000000043,-0.0208579925219195,19.999789115595707,-0.006097543347655887,-0.010459186256177422,10.000938656749131,9.997120109851048
0.4950000000000004,49.50000000000043,-0.02225835066461701,20.000321841968034,-0.006555927810908968,-0.010909661380935964,10.001097906683833,9.9968181738153
0.4960000000000004,49.600000000000435,-0.022314247080286953,20.003147458744145,-0.006577583760815853,-0.00928967086150373,10.001717648729231,9.995854649618014
0.4970000000000004,49.700000000000436,-0.021683561937243745,20.007009856866727,-0.0065671203052029,-0.0060746647878459625,10.00278543386551,9.994399411403506
0.4980000000000004,49.80000000000044,-0.020480039840350406,20.010310716412064,-0.006805288370205109,-0.0021933058276393247,10.003896999717663,9.993049922485978
0.4990000000000004,49.90000000000044,-0.01861186244501334,20.011953094851282,-0.00725410566452972,0.0013067964029335744,10.004644202608347,9.99233974545444
0.5000000000000003,50,-0.016148969534426183,20.012125034840523,-0.007736673239390035,0.0039984775488861035,10.004927273925038,9.992127573193176
0.5010000000000003,49.9,-0.01234499776487108,20.0074110435119,-0.007961574151375772,0.003782551583782101,10.00417975981022,9.994005580773411
0.5020000000000003,49.8,-0.007210993992293024,20.001053177971045,-0.007316103144018815,0.002201693111076819,10.001941090813938,9.9965346716454
0.5030000000000003,49.699999999999996,-0.0017306882412299052,19.996909130529808,-0.005641239211638782,0.0009334078136311597,9.999982870758032,9.998388248116981
0.5040000000000003,49.599999999999994,0.003122869487011959,19.99602027222081,-0.0032806697449180855,0.000702582255894868,9.999033781679175,9.999423682661751
0.5050000000000003,49.49999999999999,0.0068903182849606726,19.997336935258737,-0.0007388337020543534,0.0012228783356555972,9.99895826024231,10.000099953847046
0.5060000000000003,49.39999999999999,0.009486400139450846,19.999261459950045,0.0015823947516674375,0.0019101227529598752,9.999290321762246,10.000745905208406
0.5070000000000003,49.29999999999999,0.010928497250154823,20.00065262495677,0.003443973320813254,0.0023809220611343274,9.999598244630219,10.001431058554987
0.5080000000000003,49.19999999999999,0.01122899134872507,20.001126222803514,0.004729918991591753,0.002565198700173077,9.999664780945963,10.0020604283283
0.5090000000000003,49.09999999999999,0.010429895381221521,20.00088222524505,0.005401420345255092,0.0025602129620668768,9.99950424985597,10.002498184303382
0.5100000000000003,48.999999999999986,0.00866521336680015,20.00035244373874,0.005472306937314264,0.0024527675252593584,9.999268143294646,10.002648910396134
0.5110000000000003,48.899999999999984,0.006179679049917175,19.999902727701503,0.004999820762393914,0.0022415607881205446,9.999119734936807,10.002488241965395
0.5120000000000003,48.79999999999998,0.003296792906023971,19.999698022004825,0.0040802533034488,0.0018634689872995547,9.999147675526354,10.002057112324145
0.5130000000000003,48.69999999999998,0.0003625743412658533,19.99971832029101,0.0028426738337752333,0.0012628592199146471,9.99934596144169,10.001437843918923
0.5140000000000003,48.59999999999998,-0.0023075872657533636,19.999850845533544,0.0014377817168444995,0.00044560552259481634,9.999645103367618,10.000727447170101
0.5150000000000003,48.49999999999998,-0.004465103033891471,19.999982751303705,2.2251183557420173e-05,-0.0005074205339836158,9.999960170656085,10.000017501091452
0.5160000000000003,48.39999999999998,-0.005945997081912957,20.000052316929466,-0.0012586229057798826,-0.0014622463152038079,10.000226945861847,9.999383242534686
0.5170000000000003,48.299999999999976,-0.0066747946134182445,20.000054143551772,-0.0022863949643053827,-0.002270201448410336,10.000414888747606,9.998879774451435
0.5180000000000003,48.199999999999974,-0.00665931818763521,20.000016583470867,-0.0029803119898759722,-0.002804908578430132,10.000521235639578,9.998541884753623
0.5190000000000003,48.09999999999997,-0.00597950020227489,19.999973973082852,-0.0033023715390366193,-0.0029876089035084097,10.000557420623638,9.998384955047168
0.5200000000000004,47.99999999999997,-0.004771831686425643,19.999948482530506,-0.0032568363664978728,-0.0027981546912232425,10.000537538012239,9.998406114636216
0.5210000000000004,47.89999999999997,-0.003210596435980373,19.99994545003615,-0.0028852374866711883,-0.0022735210369552727,10.000473109560245,9.998585935993274
0.5220000000000004,47.79999999999997,-0.0014873174461577654,19.99995828552838,-0.002258146758971624,-0.001497257639569205,10.00037335989957,9.998891226940826
0.5230000000000004,47.69999999999997,0.00020971822506204996,19.999976488879557,-0.0014649808855249358,-0.0005832948695229656,10.000247804374965,9.99927911954226
0.5240000000000004,47.599999999999966,0.0017138279683735491,19.999991823366678,-0.0006030206369358471,0.0003428631914988989,10.000108196532064,9.999702137074486
0.5250000000000004,47.499999999999964,0.002894423111004518,20.00000073400556,0.00023324573704097684,0.00116279962797039,9.999968488392327,10.000113564873516
0.5260000000000004,47.39999999999996,0.003666426814584345,20.0000036368954,0.0009614524268139468,0.0017811853020735513,9.999843058049521,10.000472366482636
0.5270000000000004,47.29999999999996,0.003994141520305194,20.000002820868723,0.0015185422232287804,0.002137065169405261,9.99974429109899,10.000747022807486
0.5280000000000004,47.19999999999996,0.003889763637378141,20.00000053439083,0.0018652657807245454,0.0022091646416377286,9.999680597342872,10.00091791979583
0.5290000000000004,47.09999999999996,0.0034072828220841345,19.999998031483415,0.00198778111654202,0.002014970682700179,9.999655454589238,10.000978172199236
0.5300000000000004,46.99999999999996,0.002632873660866508,19.99999556346306,0.001896474426754835,0.001604367951752672,9.999667519113148,10.000932988818917
0.5310000000000004,46.899999999999956,0.0016730949410252438,19.999992877221036,0.0016224113355040037,0.001049408601483004,9.999711492889276,10.00079783687755
0.5320000000000004,46.799999999999955,0.0006422737758177699,19.999989745588888,0.0012120366578319275,0.0004322177286797402,9.999779348254282,10.000595751538114
0.5330000000000004,46.69999999999995,-0.0003496139354142169,19.999986251910443,0.0007208564110607885,-0.00016694664336808218,9.999861598072112,10.000354172099605
0.5340000000000004,46.59999999999995,-0.0012074316115270323,19.999982787288193,0.00020685916428320184,-0.0006797837742252844,9.999948442006056,10.000101680638377
0.5350000000000004,46.49999999999995,-0.0018588687339192722,19.999979871027488,-0.00027562404135605956,-0.0010570379975806121,10.000030729897595,9.999864981021393
0.5360000000000004,46.39999999999995,-0.0022593812906115396,19.999977941503094,-0.0006810440409625307,-0.0012720588823558754,10.000100732482625,9.999666393503906
0.5370000000000004,46.29999999999995,-0.0023938909294772825,19.99997722018612,-0.0009763311207985348,-0.001320903268749174,10.000152712810074,9.999522059449188
0.5380000000000004,46.199999999999946,-0.0022753863035714916,19.999977680873016,-0.0011429434886307543,-0.0012195253617983126,10.000183279807498,9.999440959943813
0.5390000000000004,46.099999999999945,-0.0019408639545166473,19.999979101353073,-0.001177234531701321,-0.0009989109074931557,10.000191502773793,9.999424760157599
0.5400000000000004,45.99999999999994,-0.0014452694882230999,19.99998115227466,-0.0010892794827541685,-0.0006991406597893213,10.000178780543576,9.99946840729501
0.5410000000000004,45.89999999999994,-0.0008542365397146146,19.999983482965238,-0.0009004420220636855,-0.0003633327086827176,10.00014848651249,9.999561341792782
0.5420000000000004,45.79999999999994,-0.000236465290764154,19.999985782069842,-0.0006400579953247942,-3.2250302195779845e-05,10.000105439665276,9.999689134631932
0.5430000000000004,45.69999999999994,0.0003434618104153353,19.999987808805535,-0.00034166187978262874,0.0002598789816177227,10.000055272526602,9.999835340904678
0.5440000000000004,45.59999999999994,0.000831149394297015,19.999989401414133,-3.918233366156931e-05,0.0004880540217850893,10.000003774773262,9.999983360806198
0.5450000000000004,45.499999999999936,0.0011868425430433538,19.999990472369007,0.00023650872085462238,0.0006376708816093202,9.999956286330544,10.000118121138962
0.5460000000000004,45.399999999999935,0.0013879736226828365,19.999990997950373,0.000460384705372463,0.0007043412333722632,9.999917199473236,10.000227428525278
0.5470000000000004,45.29999999999993,0.001429731888684005,19.99999100638847,0.0006151802391708427,0.0006926558661378146,9.999889610048971,10.000302894112272
0.5480000000000004,45.19999999999993,0.0013237913379665067,19.999990566088552,0.0006923326563543775,0.0006142496007245368,9.99987513716159,10.000340382641744
0.5490000000000004,45.09999999999993,0.0010955050693472468,19.999989774158266,0.0006919551597108775,0.00048552141153346273,9.999873911102627,10.00033999071066
0.5500000000000004,44.99999999999993,0.000779999392442221,19.99998874519759,0.0006219433884733228,0.0003253162101424234,9.999884712587788,10.000305605004323
0.5510000000000004,44.89999999999993,0.0004176698999843742,19.999987600480765,0.0004963930319353826,0.00015280195763572868,9.999905233366094,10.000244127479279
0.5520000000000004,44.799999999999926,4.95930180228199e-05,19.999986457840517,0.00033355662084555426,-1.4304395252406898e-05,9.999932419563283,10.000164478441697
0.5530000000000004,44.699999999999925,-0.0002866754106589098,19.999985422640265,0.00015359039815415754,-0.00016108226380145974,9.999962854967368,10.000076499140503
0.5540000000000004,44.59999999999992,-0.0005605287056936192,19.999984580242874,-2.366223122246547e-05,-0.0002763028524742639,9.99999314182907,9.999989873165418
0.5550000000000004,44.49999999999992,-0.0007506957769531919,19.999983990405045,-0.00018063258691852768,-0.0003528941420913312,10.000020241234424,9.999913172121804
0.5560000000000004,44.39999999999992,-0.0008464483859418892,19.999983684024276,-0.0003035630945595891,-0.0003880191957608137,10.000041742936478,9.999853108219714
0.5570000000000004,44.29999999999992,-0.0008476252531700035,19.999983662573314,-0.0003835068665850039,-0.0003828235028460192,10.000056044628348,9.999814047676761
0.5580000000000004,44.19999999999992,-0.0007635891356656543,19.999983900324033,-0.00041674393261453835,-0.00034191183569998174,10.000062431760288,9.999797807585217
0.5590000000000004,44.099999999999916,-0.0006113292463143516,19.999984349116254,-0.0004046305820933904,-0.00027261709259884803,10.000061059905896,9.9998037284503
0.5600000000000004,43.999999999999915,-0.0004129863867020078,19.999984945055807,-0.0003529534547025981,-0.00018412567854564355,10.000052851278989,9.999828987888549
0.5610000000000004,43.89999999999991,-0.000193108478055537,19.999985616253195,-0.00027090260319506676,-8.652698927491542e-05,10.000039324456946,9.999869100269432
0.5620000000000004,43.79999999999991,2.4059734498482754e-05,19.999986290619525,-0.00016980471552002774,1.0142378984723255e-05,10.000022381156107,9.999918533869439
0.5630000000000004,43.69999999999991,0.00021698326127456147,19.999986902838952,-6.176782709182982e-05,9.678797515905169e-05,10.000004075829578,9.999971371994732
0.5640000000000004,43.59999999999991,0.00036872816090927074,19.999987399883032,4.1617209184163784e-05,0.0001660118136088684,9.999986393016574,10.000021947269577
0.5650000000000004,43.49999999999991,0.0004681993820518371,19.999987744729825,0.00013039331734798765,0.00021267221110732315,9.999971054118383,10.00006538787625
0.5660000000000004,43.399999999999906,0.0005106668235261291,19.999987918218565,0.00019707741071733897,0.0002342054125479276,9.999959370164216,10.000098029366663
0.5670000000000004,43.299999999999905,0.0004975988268083875,19.999987919152378,0.00023716701121473394,0.0002306868496143588,9.999952150843114,10.00011766375755
0.5680000000000004,43.1999999999999,0.0004358899920378634,19.999987762859398,0.0002492954103886502,0.00020463520227431697,9.999949673361511,10.000123616832202
0.5690000000000004,43.0999999999999,0.00033662222710317824,19.99998747846207,0.00023505477838481337,0.0001605884736511909,9.999951708262037,10.000116662840094
0.5700000000000004,42.9999999999999,0.00021353068185520074,19.99998710513214,0.00019853825267684977,0.00010450461634864405,9.999957593842298,10.000098801346176
0.5710000000000004,42.8999999999999,8.135838478801061e-05,19.99998668765072,0.00014567537144705156,4.3056676396646676e-05,9.99996634671869,10.000072932503977
0.5720000000000004,42.7999999999999,-4.572411479220051e-05,19.99998627165546,8.344870241283608e-05,-1.7098436417450902e-05,9.999976793676227,10.000042473732519
0.5730000000000004,42.699999999999896,-0.0001554822162013747,19.999985899016462,1.9082766083033942e-05,-6.999876480184852e-05,9.999987709305138,10.000010962450663
0.5740000000000004,42.599999999999895,-0.00023864910940329942,19.99998560381032,-4.0709957121576323e-05,-0.00011093451240318242,9.999997944930138,9.999981686491314
0.5750000000000004,42.49999999999989,-0.00028955610099928863,19.99998540932083,-9.035542093249749e-05,-0.000136831813537186,10.000006536709487,9.99995737685645
0.5760000000000004,42.39999999999989,-0.00030633881843061816,19.999985326386067,-0.00012586628811356304,-0.00014643384470758303,10.000012784128426,9.999939987681651
0.5770000000000004,42.29999999999989,-0.0002907414307012357,19.99998535323321,-0.00014508467826646054,-0.0001402747966599005,10.000016293992314,9.999930576938638
0.5780000000000004,42.19999999999989,-0.0002475790193127714,19.999985476741422,-0.00014771554810616427,-0.00012046586498870582,10.000016988993469,9.99992928982435
0.5790000000000004,42.09999999999989,-0.00018394637109153678,19.999985674879525,-0.00013516844695848906,-9.033209160602684e-05,10.000015083577109,9.999935436172931
0.5800000000000004,41.999999999999886,-0.00010827793775314287,19.99998591992452,-0.00011024299711809293,-5.395246820805166e-05,10.000011032839403,9.999947644563147
0.5810000000000004,41.899999999999885,-2.9368050006584046e-05,19.999986181998505,-7.6705692781176e-05,-1.5662033285013255e-05,10.000005462321456,9.999964069766216
0.5820000000000004,41.79999999999988,4.454652276147941e-05,19.999986432471566,-3.881179465520246e-05,2.0426372851711783e-05,9.999999087694821,9.99998262713544
0.5830000000000004,41.69999999999988,0.00010655607111342835,19.999986646853067,-8.262058863173216e-07,5.083066369754308e-05,9.999992633451773,10.000001227483416
0.5840000000000004,41.59999999999988,0.00015163730085449023,19.9999868069093,3.340814304314543e-05,7.300097730561506e-05,9.999986758903475,10.000017988628514
0.5850000000000004,41.49999999999988,0.0001769676084015237,19.99998690187636,6.081559846271567e-05,8.549228711829393e-05,9.999981998221786,10.000031404576736
0.5860000000000004,41.39999999999988,0.00018198736704028162,19.99998692875715,7.932063850024651e-05,8.800282245252644e-05,9.999978719167443,10.000040459530124
0.5870000000000004,41.299999999999876,0.00016822922723080946,19.999986891790773,8.795615872203566e-05,8.128822626768395e-05,9.999977102790938,10.000044680801764
0.5880000000000004,41.199999999999875,0.00013895485634529692,19.99998680125146,8.68488858908334e-05,6.697382336356972e-05,9.999977144039953,10.000044131498845
0.5890000000000004,41.09999999999987,9.865477982190507e-05,19.99998667177578,7.709585584109169e-05,4.72959134600881e-05,9.999978671097061,10.000039349839343
0.5900000000000004,40.99999999999987,5.247513171363627e-05,19.999986520433936,6.055547589511878e-05,2.4807148767069798e-05,9.99998137959684,10.00003124665949
0.5910000000000004,40.89999999999987,5.6360674959843315e-06,19.99998636475955,3.958292524602891e-05,2.080886569666429e-06,9.99998487675706,10.000020975713566
0.5920000000000004,40.79999999999987,-3.709904039861378e-05,19.99998622093337,1.6742241226774812e-05,-1.8554513156632257e-05,9.99998872996172,10.000009792626404
0.5930000000000004,40.69999999999987,-7.185549669069813e-05,19.999986102284783,-5.47349504603778e-06,-3.52272313427493e-05,9.999992514441018,9.999998917885287
0.5940000000000004,40.599999999999866,-9.594685870961683e-05,19.99998601823041,-2.488646788290083e-05,-4.6663655054512976e-05,9.999995855329422,9.999989417282425
0.0,0,-1.6653345369377348e-16,20.0,0.0,-5.551115123125783e-17,10.0,10.0
0.001,0.1,-2.5095084899007247e-09,19.999993923710687,-1.1300893776322596e-08,-8.046140476114516e-09,9.999996161495853,10.000000685908644
0.002,0.2,-2.0270945422229403e-08,19.999987083570083,-2.533490028877594e-08,-6.919558181994745e-08,9.99999230310674,10.000001503626983
0.003,0.30000000000000004,-6.539440228214843e-08,19.999982962546326,-2.4481183691360542e-08,-1.7287205122951121e-07,9.999990060159302,10.000002011042984
0.004,0.4,-1.3957231492778277e-07,19.999982224026095,-2.454268843710139e-09,-2.8156539527701696e-07,9.999989660214435,10.00000211650875
0.005,0.5,-2.3188481801383887e-07,19.99998367440658,3.311692031715552e-08,-3.636924441607903e-07,9.99999045134076,10.000001955804812
0.006,0.6,-3.242421399707318e-07,19.999985666974595,6.954333975350835e-08,-4.082024349649771e-07,9.999991541931681,10.000001726714167
0.007,0.7,-3.993181071915153e-07,19.99998705640309,9.72422745104673e-08,-4.212861244856647e-07,9.999992303658999,10.000001568831825
0.008,0.7999999999999999,-4.463265665943794e-07,19.99998748789173,1.1254318954545539e-07,-4.153457007771699e-07,9.999992539776326,10.000001524534959
0.009000000000000001,0.8999999999999999,-4.626893839732027e-07,19.999987199367595,1.1638706931549336e-07,-4.0005521051433846e-07,9.999992380440878,10.000001563527348
0.010000000000000002,0.9999999999999999,-4.522098687176346e-07,19.999986646318256,1.1171279190591576e-07,-3.795702235853682e-07,9.999992076263467,10.000001629979618
0.011000000000000003,1.0999999999999999,-4.2178027054307066e-07,19.999986197959842,1.0145664486316264e-07,-3.545713266328576e-07,9.999991830587387,10.000001679817606
0.012000000000000004,1.2,-3.7858737622631367e-07,19.999986009512817,8.775783638670376e-08,-3.256065732593072e-07,9.99999172890946,10.000001695619476
0.013000000000000005,1.3,-3.287529919959731e-07,19.99998604875451,7.207009666831965e-08,-2.949832360044091e-07,9.999991753361522,10.000001682669073
0.014000000000000005,1.4000000000000001,-2.772447121324184e-07,19.99998619520885,5.559844284963589e-08,-2.665059753992338e-07,9.999991837292496,10.0000016565822
0.015000000000000006,1.5000000000000002,-2.2832791646276718e-07,19.999986334388076,3.9617161440297366e-08,-2.43956515155741e-07,9.999991917230158,10.000001631911678
0.016000000000000007,1.6000000000000003,-1.8588387046269972e-07,19.99998640677328,2.550551414515212e-08,-2.2963796936226188e-07,9.99999195997243,10.00000161638236
0.017000000000000008,1.7000000000000004,-1.5331059355361276e-07,19.999986409861492,1.4561409689139992e-08,-2.238095237472315e-07,9.999991963819573,10.00000161075567
0.01800000000000001,1.8000000000000005,-1.3310973012714555e-07,19.9999863735504,7.746491781368547e-09,-2.2507039598718137e-07,9.999991945068954,10.000001611802162
0.01900000000000001,1.9000000000000006,-1.2644438440734262e-07,19.999986332013165,5.498094646227969e-09,-2.312419448147196e-07,9.999991922520858,10.000001615622185
0.02000000000000001,2.0000000000000004,-1.329163861196747e-07,19.999986306343825,7.672165736050118e-09,-2.402108476573517e-07,9.999991907883459,10.000001619664673
0.02100000000000001,2.1000000000000005,-1.506608875434523e-07,19.999986300943547,1.3611850924188929e-08,-2.504081742515929e-07,9.999991903739724,10.00000162313907
0.022000000000000013,2.2000000000000006,-1.7670686625059773e-07,19.999986309073865,2.2296028967527803e-08,-2.60883608882434e-07,9.999991906573072,10.000001626385934
0.023000000000000013,2.3000000000000007,-2.0747450496516606e-07,19.99998632093045,3.251595803721585e-08,-2.711219174722501e-07,9.999991911193364,10.00000162998799
0.024000000000000014,2.400000000000001,-2.392789100746917e-07,19.999986329454785,4.304088047080157e-08,-2.807939761262368e-07,9.999991913923518,10.000001634167095
0.025000000000000015,2.500000000000001,-2.687532666967307e-07,19.999986332282074,5.275306980134786e-08,-2.8957597836276605e-07,9.99999191365837,10.000001638634062
0.026000000000000016,2.600000000000001,-2.931561327579324e-07,19.99998633069044,6.074616321072313e-08,-2.9708248622251077e-07,9.999991911270342,10.000001642774645
0.027000000000000017,2.700000000000001,-3.105621466104047e-07,19.999986327379993,6.638813926373999e-08,-3.028922227477082e-07,9.999991908370896,10.00000164594982
0.028000000000000018,2.800000000000001,-3.199494086336685e-07,19.999986324612806,6.935142571329322e-08,-3.066208477120469e-07,9.999991906274834,10.000001647730546
0.02900000000000002,2.9000000000000012,-3.2119734427737967e-07,19.99998632338986,6.9612430486643e-08,-3.07999653559321e-07,9.999991905543101,10.000001647991605
0.03000000000000002,3.0000000000000013,-3.150059396106464e-07,19.99998632356878,6.742292207873035e-08,-3.069370800301563e-07,9.999991906051623,10.000001646879856
0.03100000000000002,3.1000000000000014,-3.027475438122096e-07,19.999986324443956,6.325726342737426e-08,-3.035543830742782e-07,9.99999190732148,10.000001644717312
0.03200000000000002,3.2000000000000015,-2.8626692666344766e-07,19.999986325318506,5.7742288506190675e-08,-2.9819359559368763e-07,9.999991908848806,10.00000164189796
0.03300000000000002,3.3000000000000016,-2.6765132332684516e-07,19.99998632581373,5.1577944248926144e-08,-2.9139778728870525e-07,9.999991910291355,10.000001638812106
0.03400000000000002,3.4000000000000017,-2.489955895912388e-07,19.99998632589456,4.545798054644834e-08,-2.838638551994066e-07,9.999991911498048,10.000001635804733
0.035000000000000024,3.5000000000000018,-2.3218839151351034e-07,19.99998632572869,3.999952991051714e-08,-2.763708588093827e-07,9.999991912444365,10.000001633157808
0.036000000000000025,3.600000000000002,-2.1874039368707798e-07,19.999986325517458,3.568792644736973e-08,-2.6969144034660886e-07,9.999991913149245,10.000001631083544
0.037000000000000026,3.700000000000002,-2.096688838659766e-07,19.9999863253883,3.284121474766977e-08,-2.644986307753783e-07,9.999991913622337,10.00000162972007
0.03800000000000003,3.800000000000002,-2.0544515078047e-07,19.999986325369505,3.159559719412286e-08,-2.6128278401982286e-07,9.999991913852758,10.00000162912776
0.03900000000000003,3.900000000000002,-2.060029533068608e-07,19.99998632542177,3.1911120190741826e-08,-2.6029264976745736e-07,9.99999191382562,10.000001629288857
0.04000000000000003,4.000000000000002,-2.1080063644651759e-07,19.999986325486425,3.359435957195345e-08,-2.6151012072483937e-07,9.999991913544596,10.000001630113452
0.04100000000000003,4.100000000000001,-2.1892448892613103e-07,19.99998632552146,3.6334189046360876e-08,-2.646621709012642e-07,9.999991913045111,10.000001631453003
0.04200000000000003,4.200000000000001,-2.2921885461935076e-07,19.99998632551399,3.9745422564241295e-08,-2.6926693391660095e-07,9.999991912393039,10.0000016331205
0.04300000000000003,4.300000000000001,-2.4042692187142833e-07,19.99998632547429,4.3415182893191684e-08,-2.747052229579161e-07,9.999991911672685,10.000001634913573
0.04400000000000003,4.4,-2.5132732894839194e-07,19.999986325422245,4.6947209397796286e-08,-2.803057281286492e-07,9.99999191097067,10.0000016366376
0.04500000000000003,4.5,-2.608533066772445e-07,19.999986325375495,4.999979708042446e-08,-2.854306986876942e-07,9.99999191036206,10.000001638125255
0.046000000000000034,4.6,-2.6818425824526315e-07,19.99998632534352,5.2314476139958543e-08,-2.8955057346236046e-07,9.999991909901755,10.00000163925091
0.047000000000000035,4.699999999999999,-2.728034783072708e-07,19.999986325328,5.3733347604723036e-08,-2.9229816073117476e-07,9.999991909621043,10.000001639938638
0.048000000000000036,4.799999999999999,-2.7451938644507123e-07,19.999986325325807,5.420463800032138e-08,-2.9349758801089365e-07,9.999991909528394,10.00000164016448
0.04900000000000004,4.899999999999999,-2.734521147851332e-07,19.999986325332685,5.3777103381502656e-08,-2.9316653232802636e-07,9.999991909612312,10.000001639953199
0.05000000000000004,4.999999999999998,-2.699898624669572e-07,19.999986325345226,5.258492108417556e-08,-2.914944986498469e-07,9.999991909845447,10.00000163937053
0.05100000000000004,5.099999999999998,-2.647229390140282e-07,19.999986325361178,5.0825590236502904e-08,-2.888025300573638e-07,9.999991910188974,10.000001638512643
0.05200000000000004,5.1999999999999975,-2.583639087672118e-07,19.999986325379247,4.873372416724919e-08,-2.854916854033718e-07,9.999991910597418,10.000001637493439
0.05300000000000004,5.299999999999997,-2.516635115856758e-07,19.999986325398176,4.6553738031196445e-08,-2.819879108550971e-07,9.999991911023418,10.00000163643153
0.05400000000000004,5.399999999999997,-2.453313072137142e-07,19.999986325416415,4.451433560648255e-08,-2.7869070096109283e-07,9.999991911422473,10.00000163543798
0.05500000000000004,5.4999999999999964,-2.399683083909032e-07,19.99998632543226,4.2807045630421925e-08,-2.7593108448131787e-07,9.999991911757036,10.000001634605871
0.05600000000000004,5.599999999999996,-2.3601741133694176e-07,19.99998632544413,4.1570726305728556e-08,-2.7394304663586055e-07,9.999991911999675,10.00000163400287
0.057000000000000044,5.699999999999996,-2.337346191594314e-07,19.99998632545093,4.0882791374485805e-08,-2.728495960835353e-07,9.999991912135018,10.000001633666809
0.058000000000000045,5.799999999999995,-2.331821148393587e-07,19.999986325452358,4.0757601904584106e-08,-2.7266321034336016e-07,9.999991912160107,10.000001633604878
0.059000000000000045,5.899999999999995,-2.3424141581962488e-07,19.99998632544881,4.115123786174735e-08,-2.73298589092974e-07,9.999991912083516,10.000001633795932
0.060000000000000046,5.999999999999995,-2.3664346987528617e-07,19.999986325441228,4.1971820519126624e-08,-2.745942728199502e-07,9.999991911923296,10.000001634195424
0.06100000000000005,6.099999999999994,-2.400109679334683e-07,19.999986325430974,4.3093501711499727e-08,-2.7633963467499356e-07,9.999991911704146,10.00000163474213
0.06200000000000005,6.199999999999994,-2.4390713987409995e-07,19.99998632541945,4.437261402756576e-08,-2.783032881370495e-07,9.999991911454238,10.000001635366058
0.06300000000000004,6.299999999999994,-2.4788587105195603e-07,19.99998632540804,4.566393074778574e-08,-2.802597455220379e-07,9.999991911201986,10.00000163599643
0.06400000000000004,6.399999999999993,-2.515376117395718e-07,19.999986325397895,4.683561533047609e-08,-2.8201167023844675e-07,9.99999191097314,10.000001636568769
0.06500000000000004,6.499999999999993,-2.5452697449690476e-07,19.999986325389816,4.77810780386001e-08,-2.8340629704137754e-07,9.999991910788479,10.000001637030973
0.06600000000000004,6.5999999999999925,-2.5661916075447877e-07,19.99998632538438,4.842736966992334e-08,-2.8434495230600376e-07,9.999991910662194,10.000001637347287
0.06700000000000005,6.699999999999992,-2.5769347267168285e-07,19.99998632538185,4.87391370040946e-08,-2.8478600644366026e-07,9.99999191060115,10.000001637500283
0.06800000000000005,6.799999999999992,-2.5774405298939485e-07,19.999986325382096,4.871849984544596e-08,-2.847418362761367e-07,9.999991910604923,10.000001637490822
0.06900000000000005,6.8999999999999915,-2.5686894028487117e-07,19.999986325384807,4.840102907355259e-08,-2.8427099285632806e-07,9.999991910666578,10.000001637336226
0.07000000000000005,6.999999999999991,-2.5524965602263805e-07,19.999986325389443,4.784880563990512e-08,-2.8346695540859557e-07,9.999991910774028,10.000001637066728
0.07100000000000005,7.099999999999991,-2.5312454987602706e-07,19.99998632539537,4.714144441475554e-08,-2.824450389682376e-07,9.999991910911769,10.000001636721185
0.07200000000000005,7.19999999999999,-2.507589796363341e-07,19.999986325401807,4.6366283035226274e-08,-2.8132889862142463e-07,9.999991911062786,10.00000163634232
0.07300000000000005,7.29999999999999,-2.484158259097313e-07,19.999986325408127,4.5608703203026124e-08,-2.802378541999495e-07,9.999991911210476,10.000001635971929
0.07400000000000005,7.39999999999999,-2.463291895460351e-07,19.999986325413694,4.494369509888685e-08,-2.792759534187006e-07,9.999991911340224,10.000001635646703
0.07500000000000005,7.499999999999989,-2.44683755479258e-07,19.999986325418075,4.4429279255631116e-08,-2.7852386658144823e-07,9.99999191144073,10.000001635395073
0.07600000000000005,7.599999999999989,-2.4360100409070995e-07,19.99998632542093,4.410236564833525e-08,-2.780336432750552e-07,9.999991911504779,10.000001635235101
0.07700000000000005,7.699999999999989,-2.43133447597188e-07,19.99998632542215,4.3977073926892984e-08,-2.778267257919076e-07,9.999991911529575,10.000001635173744
0.07800000000000006,7.799999999999988,-2.4326618625059027e-07,19.999986325421776,4.4045731062425375e-08,-2.778949462767244e-07,9.999991911516581,10.000001635207262
0.07900000000000006,7.899999999999988,-2.4392528646943745e-07,19.999986325420018,4.428169386727632e-08,-2.7820425907432167e-07,9.999991911470932,10.000001635322626
0.08000000000000006,7.999999999999988,-2.4499118383980445e-07,19.999986325417147,4.464414432581165e-08,-2.7870041646727017e-07,9.999991911400574,10.00000163549985
0.08100000000000006,8.099999999999987,-2.4631529405017005e-07,19.999986325413595,4.508353640408913e-08,-2.7931620288912384e-07,9.999991911315112,10.000001635714675
0.08200000000000006,8.199999999999987,-2.4773803486421997e-07,19.999986325409747,4.5547558613634465e-08,-2.7997909962662604e-07,9.99999191122472,10.000001635941553
0.08300000000000006,8.299999999999986,-2.4910592477667137e-07,19.999986325406045,4.5986747965187647e-08,-2.8061885609664827e-07,9.999991911139027,10.000001636156254
0.08400000000000006,8.399999999999986,-2.5028651773340016e-07,19.999986325402812,4.635912370654083e-08,-2.811741182662253e-07,9.999991911066243,10.00000163633825
0.08500000000000006,8.499999999999986,-2.511796482473905e-07,19.99998632540036,4.663376496072402e-08,-2.8159770903979364e-07,9.999991911012433,10.00000163647244
0.08600000000000006,8.599999999999985,-2.517242241317774e-07,19.999986325398822,4.679278697850009e-08,-2.8185998351970554e-07,9.999991910981098,10.000001636550099
0.08700000000000006,8.699999999999985,-2.519005039558486e-07,19.999986325398268,4.68318130941725e-08,-2.819501533357638e-07,9.999991910973149,10.000001636569092
0.08800000000000006,8.799999999999985,-2.5172785911298234e-07,19.999986325398716,4.6759082217295855e-08,-2.818757062206245e-07,9.999991910987017,10.000001636533483
0.08900000000000007,8.899999999999984,-2.512589167280588e-07,19.99998632539991,4.659326247047346e-08,-2.8165990201278746e-07,9.999991911019096,10.000001636452378
0.09000000000000007,8.999999999999984,-2.5057085384361244e-07,19.99998632540177,4.636060385587726e-08,-2.813380922117581e-07,9.999991911064285,10.000001636338624
0.09100000000000007,9.099999999999984,-2.497551837565837e-07,19.999986325403974,4.60914126310108e-08,-2.809529824898682e-07,9.999991911116712,10.000001636207063
0.09200000000000007,9.199999999999983,-2.489070314859454e-07,19.99998632540633,4.581664414526898e-08,-2.80549591891166e-07,9.999991911170309,10.000001636072795
0.09300000000000007,9.299999999999983,-2.4811520615841687e-07,19.999986325408532,4.556466909333423e-08,-2.8017055508922084e-07,9.999991911219553,10.000001635949717
0.09400000000000007,9.399999999999983,-2.4745388160773985e-07,19.999986325410404,4.535865361088298e-08,-2.7985189543500155e-07,9.999991911259904,10.000001635849097
0.09500000000000007,9.499999999999982,-2.469765641444077e-07,19.999986325411758,4.521479246566429e-08,-2.796200538890403e-07,9.999991911288177,10.000001635778869
0.09600000000000007,9.599999999999982,-2.467128628613757e-07,19.9999863254125,4.514132628807843e-08,-2.7949002623373076e-07,9.999991911302738,10.000001635743018
0.09700000000000007,9.699999999999982,-2.466677835322173e-07,19.999986325412678,4.51385588906561e-08,-2.7946502917375327e-07,9.999991911303486,10.000001635741693
0.09800000000000007,9.799999999999981,-2.468238474162554e-07,19.99998632541228,4.5199604115087055e-08,-2.795372366914961e-07,9.999991911291765,10.000001635771552
0.09900000000000007,9.89999999999998,-2.4714499907707577e-07,19.999986325411395,4.5311826790683796e-08,-2.7968965887748e-07,9.999991911270016,10.000001635826393
0.10000000000000007,9.99999999999998,-2.4758223166054805e-07,19.999986325410198,4.5458683151089474e-08,-2.798988136820668e-07,9.99999191124145,10.00000163589816
0.10100000000000008,10.09999999999998,-2.4807973353357937e-07,19.999986325408823,4.562182681633331e-08,-2.801377519401349e-07,9.999991911209637,10.000001635977847
0.10200000000000008,10.19999999999998,-2.485812571895174e-07,19.9999863254074,4.578307882807664e-08,-2.8037918198275946e-07,9.999991911178148,10.000001636056606
0.10300000000000008,10.29999999999998,-2.490358356754818e-07,19.99998632540614,4.59263524432707e-08,-2.8059833773186327e-07,9.999991911150117,10.00000163612658
0.10400000000000008,10.399999999999979,-2.494023350618768e-07,19.9999863254051,4.6038953094296176e-08,-2.8077518887670294e-07,9.999991911128033,10.00000163618158
0.10500000000000008,10.499999999999979,-2.4965270506438486e-07,19.999986325404393,4.611260479014945e-08,-2.8089601700198585e-07,9.999991911113526,10.00000163621754
0.10600000000000008,10.599999999999978,-2.4977340484788613e-07,19.99998632540403,4.61437925092234e-08,-2.8095423132423747e-07,9.999991911107314,10.00000163623275
0.10700000000000008,10.699999999999978,-2.497653329713856e-07,19.999986325404063,4.613366455519241e-08,-2.8095030074615224e-07,9.99999191110916,10.000001636227797
0.10800000000000008,10.799999999999978,-2.496422888964567e-07,19.999986325404407,4.6087418881235465e-08,-2.808909176921226e-07,9.999991911118077,10.000001636205223
0.10900000000000008,10.899999999999977,-2.4942827919760546e-07,19.999986325404986,4.6013406529432643e-08,-2.807877683141946e-07,9.999991911132447,10.000001636169063
0.11000000000000008,10.999999999999977,-2.491540417315363e-07,19.999986325405743,4.5921906777213195e-08,-2.806557501400242e-07,9.99999191115026,10.000001636124354
0.11100000000000008,11.099999999999977,-2.4885331717516834e-07,19.999986325406585,4.582394469432316e-08,-2.8051119221883525e-07,9.999991911169367,10.000001636076522
0.11200000000000009,11.199999999999976,-2.485591156786704e-07,19.999986325407413,4.573010625730234e-08,-2.8036999299985155e-07,9.99999191118771,10.000001636030689
0.11300000000000009,11.299999999999976,-2.483004204467676e-07,19.999986325408123,4.564944477980504e-08,-2.8024607517940225e-07,9.999991911203498,10.000001635991277
0.11400000000000009,11.399999999999975,-2.480997725595735e-07,19.99998632540867,4.558879590499387e-08,-2.801502245741716e-07,9.99999191121541,10.000001635961656
0.11500000000000009,11.499999999999975,-2.4797152442523895e-07,19.999986325409047,4.555228816371937e-08,-2.8008921870714687e-07,9.999991911222613,10.00000163594381
0.11600000000000009,11.599999999999975,-2.479213252470913e-07,19.999986325409203,4.554114330090897e-08,-2.800656955237457e-07,9.999991911224877,10.000001635938382
0.11700000000000009,11.699999999999974,-2.479463693250139e-07,19.999986325409115,4.5553942618070664e-08,-2.8007817470809826e-07,9.999991911222448,10.000001635944638
0.11800000000000009,11.799999999999974,-2.480365374757376e-07,19.999986325408873,4.558696764522807e-08,-2.801217186543248e-07,9.999991911216057,10.000001635960757
0.11900000000000009,11.899999999999974,-2.4817617599870445e-07,19.999986325408486,4.563481492692034e-08,-2.801887817316384e-07,9.999991911206774,10.000001635984116
0.12000000000000009,11.999999999999973,-2.4834619510860634e-07,19.999986325408013,4.5691169014983046e-08,-2.802702099291565e-07,9.999991911195805,10.000001636011655
0.1210000000000001,12.099999999999973,-2.4852641666850417e-07,19.99998632540749,4.574945255964025e-08,-2.803563339259796e-07,9.999991911184416,10.00000163604014
0.1220000000000001,12.199999999999973,-2.486976126703233e-07,19.999986325407033,4.580355583705398e-08,-2.8043800781585304e-07,9.99999191117384,10.00000163606656
0.1230000000000001,12.299999999999972,-2.4884343408082543e-07,19.99998632540666,4.5848453922303634e-08,-2.8050746148089445e-07,9.999991911165042,10.000001636088498
0.1240000000000001,12.399999999999972,-2.4895172456851355e-07,19.99998632540636,4.5880510779472417e-08,-2.805589489063287e-07,9.999991911158741,10.000001636104173
0.12500000000000008,12.499999999999972,-2.49015359221616e-07,19.99998632540618,4.589781354980005e-08,-2.8058909923300845e-07,9.999991911155302,10.000001636112597
0.12600000000000008,12.599999999999971,-2.49032425736484e-07,19.99998632540612,4.59000722430325e-08,-2.805970585328943e-07,9.999991911154817,10.000001636113712
0.12700000000000009,12.69999999999997,-2.490058949589091e-07,19.99998632540618,4.588859325860284e-08,-2.805842702624517e-07,9.99999191115701,10.000001636108115
0.12800000000000009,12.79999999999997,-2.4894282546483737e-07,19.99998632540635,4.586593554956053e-08,-2.8055410955518667e-07,9.999991911161388,10.000001636097057
0.1290000000000001,12.89999999999997,-2.488532758193607e-07,19.99998632540658,4.583551588277501e-08,-2.8051135314566267e-07,9.9999919111673,10.000001636082196
0.1300000000000001,12.99999999999997,-2.487489536573406e-07,19.99998632540688,4.5801194614725205e-08,-2.804616000551263e-07,9.999991911173982,10.00000163606544
0.1310000000000001,13.09999999999997,-2.4864186454198745e-07,19.999986325407164,4.576686074564407e-08,-2.8041055427641126e-07,9.999991911180693,10.000001636048648
0.1320000000000001,13.199999999999969,-2.4854307900668005e-07,19.999986325407452,4.5735973952520936e-08,-2.80363473048606e-07,9.999991911186749,10.00000163603353
0.1330000000000001,13.299999999999969,-2.484617265263722e-07,19.999986325407672,4.571129241792704e-08,-2.803247133864595e-07,9.999991911191584,10.000001636021485
0.1340000000000001,13.399999999999968,-2.4840426432470863e-07,19.99998632540784,4.569471812043702e-08,-2.8029732385137507e-07,9.999991911194854,10.000001636013373
0.1350000000000001,13.499999999999968,-2.48374060818346e-07,19.99998632540792,4.568709971453089e-08,-2.802829199288759e-07,9.999991911196371,10.000001636009655
0.1360000000000001,13.599999999999968,-2.4837143164369024e-07,19.99998632540794,4.568829015116904e-08,-2.8028165061089183e-07,9.999991911196172,10.000001636010243
0.1370000000000001,13.699999999999967,-2.483938431052657e-07,19.999986325407885,4.569727579673e-08,-2.802923388389722e-07,9.999991911194451,10.000001636014641
0.1380000000000001,13.799999999999967,-2.484365272392708e-07,19.999986325407765,4.571237005590589e-08,-2.803126845640769e-07,9.99999191119153,10.00000163602202
0.1390000000000001,13.899999999999967,-2.484931304613802e-07,19.9999863254076,4.573142992070345e-08,-2.803396699779803e-07,9.999991911187823,10.000001636031344
0.1400000000000001,13.999999999999966,-2.485565228638187e-07,19.999986325407413,4.5752110711116956e-08,-2.8036990101787396e-07,9.999991911183791,10.000001636041429
0.1410000000000001,14.099999999999966,-2.4861964981193196e-07,19.99998632540725,4.577215917400679e-08,-2.804000401868123e-07,9.999991911179873,10.00000163605124
0.1420000000000001,14.199999999999966,-2.4867615144863464e-07,19.999986325407114,4.578961293466577e-08,-2.8042702593378266e-07,9.999991911176451,10.000001636059757
0.1430000000000001,14.299999999999965,-2.487210125079464e-07,19.999986325406994,4.5802974968367494e-08,-2.804484630636317e-07,9.99999191117382,10.00000163606629
0.1440000000000001,14.399999999999965,-2.4875088761033837e-07,19.99998632540691,4.5811303639453627e-08,-2.804627363128809e-07,9.999991911172177,10.000001636070358
0.1450000000000001,14.499999999999964,-2.487642550841329e-07,19.999986325406862,4.5814262550347706e-08,-2.804691359159506e-07,9.999991911171582,10.000001636071786
0.1460000000000001,14.599999999999964,-2.487614436108565e-07,19.999986325406848,4.581209234189032e-08,-2.80467821633934e-07,9.999991911171987,10.000001636070737
0.1470000000000001,14.699999999999964,-2.4874436632682517e-07,19.999986325406894,4.580553975008783e-08,-2.804596947458826e-07,9.999991911173247,10.000001636067553
0.1480000000000001,14.799999999999963,-2.4871619347388574e-07,19.999986325406987,4.579570889173823e-08,-2.804462372885119e-07,9.99999191117515,10.00000163606273
0.1490000000000001,14.899999999999963,-2.4868086834217706e-07,19.99998632540707,4.578392870380199e-08,-2.8042935934502466e-07,9.999991911177435,10.000001636056975
0.1500000000000001,14.999999999999963,-2.4864268838298287e-07,19.999986325407164,4.577158657648184e-08,-2.8041111249654804e-07,9.999991911179848,10.000001636050943
0.1510000000000001,15.099999999999962,-2.4860578945462564e-07,19.999986325407306,4.575999096312344e-08,-2.803934745498893e-07,9.999991911182114,10.000001636045274
0.1520000000000001,15.199999999999962,-2.4857374614217775e-07,19.999986325407377,4.575021872454954e-08,-2.8037816474091315e-07,9.999991911184026,10.000001636040512
0.1530000000000001,15.299999999999962,-2.48549329673331e-07,19.999986325407445,4.574311385230345e-08,-2.803664942985229e-07,9.999991911185434,10.000001636037037
0.1540000000000001,15.399999999999961,-2.4853420416137695e-07,19.999986325407505,4.573908629623702e-08,-2.8035925836444875e-07,9.999991911186232,10.00000163603507
0.1550000000000001,15.499999999999961,-2.485289811171576e-07,19.999986325407498,4.573826262177505e-08,-2.803567579201527e-07,9.99999191118641,10.000001636034668
0.1560000000000001,15.59999999999996,-2.4853317492912197e-07,19.999986325407498,4.5740384924108923e-08,-2.8035876298293516e-07,9.999991911186006,10.0000016360357
0.1570000000000001,15.69999999999996,-2.485454162481915e-07,19.999986325407463,4.5744926790991514e-08,-2.8036461918734545e-07,9.99999191118513,10.00000163603793
0.1580000000000001,15.79999999999996,-2.485636655946699e-07,19.999986325407388,4.575121070882204e-08,-2.8037334459662944e-07,9.99999191118391,10.000001636041016
0.1590000000000001,15.89999999999996,-2.485854661005149e-07,19.999986325407345,4.57584222735008e-08,-2.803837699238976e-07,9.999991911182516,10.000001636044525
0.16000000000000011,15.99999999999996,-2.4860827468886626e-07,19.9999863254073,4.576572149028735e-08,-2.8039467464546775e-07,9.999991911181082,10.000001636048085
0.16100000000000012,16.09999999999996,-2.486296795112253e-07,19.999986325407228,4.57723672298016e-08,-2.8040488520009177e-07,9.999991911179778,10.000001636051314
0.16200000000000012,16.19999999999996,-2.48647658074308e-07,19.999986325407193,4.577775958303221e-08,-2.804134868195085e-07,9.99999191117872,10.000001636053963
0.16300000000000012,16.29999999999996,-2.486607615370673e-07,19.99998632540715,4.5781477164830164e-08,-2.8041974625692134e-07,9.999991911177986,10.000001636055789
0.16400000000000012,16.399999999999963,-2.486681322522166e-07,19.999986325407132,4.578330392579488e-08,-2.804232652198202e-07,9.999991911177615,10.000001636056684
0.16500000000000012,16.499999999999964,-2.4866963971303946e-07,19.999986325407118,4.578325885074008e-08,-2.8042397814953546e-07,9.99999191117762,10.000001636056657
0.16600000000000012,16.599999999999966,-2.4866569253712e-07,19.999986325407114,4.5781536228695074e-08,-2.804220837204774e-07,9.99999191117794,10.000001636055813
0.16700000000000012,16.699999999999967,-2.486572506787965e-07,19.999986325407157,4.577847212416941e-08,-2.8041805355538685e-07,9.999991911178537,10.000001636054304
0.16800000000000012,16.79999999999997,-2.486456177619445e-07,19.999986325407207,4.577452167309204e-08,-2.804124935029684e-07,9.999991911179308,10.000001636052367
0.16900000000000012,16.89999999999997,-2.4863230274618786e-07,19.999986325407217,4.577014389717249e-08,-2.804061192684948e-07,9.999991911180164,10.00000163605024
0.17000000000000012,16.99999999999997,-2.486187969941156e-07,19.999986325407242,4.5765874145953234e-08,-2.803996657085861e-07,9.999991911180995,10.000001636048166
0.17100000000000012,17.099999999999973,-2.4860648822899734e-07,19.99998632540731,4.5762101053004045e-08,-2.803937859674477e-07,9.999991911181736,10.000001636046326
0.17200000000000013,17.199999999999974,-2.4859650643582754e-07,19.999986325407335,4.575915890647764e-08,-2.803890201130699e-07,9.99999191118231,10.000001636044885
0.17300000000000013,17.299999999999976,-2.485896061776849e-07,19.99998632540735,4.5757279243385796e-08,-2.803857270250454e-07,9.999991911182692,10.000001636043953
0.17400000000000013,17.399999999999977,-2.485861933521072e-07,19.999986325407342,4.575652784444273e-08,-2.803841134269014e-07,9.999991911182844,10.000001636043592
0.17500000000000013,17.49999999999998,-2.4858625247148325e-07,19.99998632540736,4.5756854916145784e-08,-2.803841284149122e-07,9.99999191118277,10.000001636043754
0.17600000000000013,17.59999999999998,-2.48589417550793e-07,19.999986325407335,4.5758144828766945e-08,-2.803856302691088e-07,9.999991911182533,10.000001636044358
0.17700000000000013,17.69999999999998,-2.485950632569178e-07,19.999986325407303,4.5760160549690454e-08,-2.8038833937982233e-07,9.999991911182152,10.000001636045363
0.17800000000000013,17.799999999999983,-2.486023746306465e-07,19.999986325407278,4.576261736222165e-08,-2.803918313643017e-07,9.99999191118167,10.000001636046557
0.17900000000000013,17.899999999999984,-2.486104393462085e-07,19.999986325407296,4.576523010557665e-08,-2.8039568211735144e-07,9.999991911181159,10.00000163604783
0.18000000000000013,17.999999999999986,-2.4861837488732164e-07,19.999986325407257,4.576771650555145e-08,-2.803994785804953e-07,9.999991911180668,10.000001636049046
0.18100000000000013,18.099999999999987,-2.48625388832302e-07,19.999986325407246,4.576983114734645e-08,-2.8040283328589766e-07,9.999991911180256,10.000001636050088
0.18200000000000013,18.19999999999999,-2.486308610105681e-07,19.99998632540721,4.577140771955257e-08,-2.804054537453027e-07,9.999991911179945,10.000001636050879
0.18300000000000013,18.29999999999999,-2.486344099494886e-07,19.999986325407214,4.577232831648459e-08,-2.8040713462296196e-07,9.999991911179755,10.000001636051312
0.18400000000000014,18.39999999999999,-2.4863586561840734e-07,19.999986325407214,4.577258178040111e-08,-2.8040783228711064e-07,9.999991911179702,10.000001636051444
0.18500000000000014,18.499999999999993,-2.486352816410964e-07,19.999986325407196,4.5772200585325606e-08,-2.804075441287246e-07,9.999991911179777,10.000001636051248
0.18600000000000014,18.599999999999994,-2.486329342965554e-07,19.999986325407214,4.577129780747313e-08,-2.8040642252591397e-07,9.99999191117995,10.0000016360508
0.18700000000000014,18.699999999999996,-2.4862924929980323e-07,19.99998632540722,4.576999962369044e-08,-2.8040466337753145e-07,9.999991911180206,10.000001636050165
0.18800000000000014,18.799999999999997,-2.4862469616415694e-07,19.999986325407246,4.576848766646435e-08,-2.8040250388272625e-07,9.999991911180505,10.000001636049419
0.18900000000000014,18.9,-2.486198523721228e-07,19.999986325407257,4.5766939626989966e-08,-2.804001930645228e-07,9.999991911180802,10.00000163604867
0.19000000000000014,19.0,-2.486152342884296e-07,19.999986325407278,4.5765512657336416e-08,-2.803979826659919e-07,9.999991911181073,10.000001636047989
0.19100000000000014,19.1,-2.486112729016554e-07,19.99998632540731,4.5764338651999026e-08,-2.803960943431605e-07,9.999991911181317,10.000001636047404
0.19200000000000014,19.200000000000003,-2.486083069408451e-07,19.999986325407292,4.576350987051114e-08,-2.8039467564466847e-07,9.999991911181485,10.000001636047003
0.19300000000000014,19.300000000000004,-2.4860653896618956e-07,19.99998632540729,4.576308265669127e-08,-2.803938252138316e-07,9.999991911181572,10.000001636046779
0.19400000000000014,19.400000000000006,-2.4860601866016907e-07,19.999986325407292,4.5763040135149424e-08,-2.8039357735654136e-07,9.999991911181574,10.000001636046765
0.19500000000000015,19.500000000000007,-2.4860666997250647e-07,19.999986325407306,4.576337359063487e-08,-2.8039389254885805e-07,9.999991911181507,10.000001636046935
0.19600000000000015,19.60000000000001,-2.4860833830464557e-07,19.999986325407292,4.5763993650194124e-08,-2.80394682805607e-07,9.999991911181386,10.000001636047239
0.19700000000000015,19.70000000000001,-2.486107141264071e-07,19.99998632540727,4.576481532625465e-08,-2.803958188968281e-07,9.999991911181233,10.000001636047646
0.19800000000000015,19.80000000000001,-2.4861350222948886e-07,19.999986325407274,4.576572387726685e-08,-2.803971481113443e-07,9.999991911181043,10.000001636048097
0.19900000000000015,19.900000000000013,-2.48616382980682e-07,19.999986325407267,4.576662815392041e-08,-2.803985201804693e-07,9.999991911180869,10.000001636048527
0.20000000000000015,20.000000000000014,-2.486190540107458e-07,19.999986325407253,4.576745193940468e-08,-2.80399794883035e-07,9.999991911180715,10.000001636048914
0.20100000000000015,20.100000000000016,-2.4862126901670223e-07,19.999986325407253,4.5768096923470836e-08,-2.804008566448246e-07,9.999991911180588,10.000001636049234
0.20200000000000015,20.200000000000017,-2.4862283637405724e-07,19.99998632540724,4.576852191684466e-08,-2.8040161126341445e-07,9.9999919111805,10.000001636049452
0.20300000000000015,20.30000000000002,-2.486236890808513e-07,19.999986325407225,4.576871392991677e-08,-2.804020132196605e-07,9.999991911180459,10.000001636049548
0.20400000000000015,20.40000000000002,-2.486238022125775e-07,19.999986325407257,4.576867157490838e-08,-2.80402070285124e-07,9.999991911180473,10.000001636049523
0.20500000000000015,20.50000000000002,-2.486232253406939e-07,19.999986325407242,4.576841416970012e-08,-2.804018029989308e-07,9.999991911180532,10.000001636049394
0.20600000000000016,20.600000000000023,-2.486220984088128e-07,19.99998632540723,4.576800255451374e-08,-2.804012632640074e-07,9.999991911180603,10.000001636049188
0.20700000000000016,20.700000000000024,-2.486205928353691e-07,19.999986325407264,4.576748346973858e-08,-2.8040054106392986e-07,9.999991911180702,10.000001636048939
0.20800000000000016,20.800000000000026,-2.486188966921432e-07,19.999986325407242,4.576693440894175e-08,-2.80399724772451e-07,9.999991911180803,10.000001636048676
0.20900000000000016,20.900000000000027,-2.4861719472024646e-07,19.999986325407257,4.57664067754493e-08,-2.80398916141511e-07,9.999991911180905,10.00000163604841
0.21000000000000016,21.00000000000003,-2.4861565889322534e-07,19.999986325407274,4.5765951750542655e-08,-2.803981846155601e-07,9.999991911180997,10.000001636048196
0.21100000000000016,21.10000000000003,-2.486144371482979e-07,19.999986325407274,4.5765605027892065e-08,-2.803976051346524e-07,9.999991911181063,10.000001636048024
0.21200000000000016,21.20000000000003,-2.486136112533899e-07,19.99998632540728,4.576538309430944e-08,-2.80397211505079e-07,9.99999191118112,10.00000163604791
0.21300000000000016,21.300000000000033,-2.48613239106632e-07,19.999986325407278,4.5765317369106384e-08,-2.803970280407242e-07,9.999991911181125,10.00000163604788
0.21400000000000016,21.400000000000034,-2.486132842927091e-07,19.99998632540726,4.576538081835224e-08,-2.803970374776199e-07,9.999991911181116,10.000001636047896
0.21500000000000016,21.500000000000036,-2.4861373271178877e-07,19.999986325407264,4.57655683350211e-08,-2.8039724447870285e-07,9.99999191118107,10.000001636047996
0.21600000000000016,21.600000000000037,-2.4861447189827857e-07,19.99998632540727,4.576582357529446e-08,-2.8039761579279343e-07,9.99999191118102,10.000001636048147
0.21700000000000016,21.70000000000004,-2.4861541692011713e-07,19.999986325407264,4.5766142431347134e-08,-2.8039807675739326e-07,9.999991911180963,10.000001636048298
0.21800000000000017,21.80000000000004,-2.486164553672232e-07,19.999986325407257,4.5766483824927207e-08,-2.8039856209138847e-07,9.999991911180896,10.000001636048442
0.21900000000000017,21.90000000000004,-2.4861744923887485e-07,19.999986325407274,4.5766775036426566e-08,-2.803990278299473e-07,9.999991911180839,10.000001636048594
0.22000000000000017,22.000000000000043,-2.4861832365052905e-07,19.99998632540725,4.576702578029668e-08,-2.8039943777979914e-07,9.999991911180793,10.000001636048694
0.22100000000000017,22.100000000000044,-2.4861898384465064e-07,19.999986325407274,4.576722617555262e-08,-2.803997706801731e-07,9.999991911180754,10.000001636048813
0.22200000000000017,22.200000000000045,-2.4861941022580325e-07,19.999986325407274,4.57673221543331e-08,-2.8039997101991787e-07,9.999991911180732,10.000001636048866
0.22300000000000017,22.300000000000047,-2.4861956215982417e-07,19.999986325407242,4.576733708683278e-08,-2.804000432954368e-07,9.999991911180725,10.000001636048877
0.22400000000000017,22.40000000000005,-2.4861946101850663e-07,19.999986325407257,4.5767279466257804e-08,-2.8040000088491723e-07,9.99999191118074,10.000001636048847
0.22500000000000017,22.50000000000005,-2.486191402750748e-07,19.99998632540726,4.576715045834234e-08,-2.803998468969837e-07,9.999991911180762,10.000001636048786
0.22600000000000017,22.60000000000005,-2.486186572170368e-07,19.99998632540726,4.576698753311348e-08,-2.8039961169623595e-07,9.999991911180802,10.000001636048705
0.22700000000000017,22.700000000000053,-2.4861807446097117e-07,19.99998632540725,4.5766798462132385e-08,-2.8039932703505244e-07,9.999991911180839,10.000001636048609
0.22800000000000017,22.800000000000054,-2.4861745606674646e-07,19.99998632540725,4.5766604173103076e-08,-2.803990423738689e-07,9.999991911180874,10.000001636048513
0.22900000000000018,22.900000000000055,-2.4861687125676823e-07,19.999986325407267,4.576641893239142e-08,-2.8039876664998076e-07,9.999991911180903,10.000001636048438
0.23000000000000018,23.000000000000057,-2.486163953041576e-07,19.999986325407257,4.576627743446693e-08,-2.8039851690531137e-07,9.999991911180942,10.00000163604835
0.23100000000000018,23.10000000000006,-2.486160204373533e-07,19.999986325407278,4.576617418372564e-08,-2.8039836191817713e-07,9.999991911180963,10.000001636048315
0.23200000000000018,23.20000000000006,-2.4861582509361213e-07,19.999986325407257,4.57661387121e-08,-2.8039826421855096e-07,9.999991911180963,10.000001636048292
0.23300000000000018,23.30000000000006,-2.4861577724299977e-07,19.999986325407264,4.576614581752736e-08,-2.803982354637746e-07,9.999991911180961,10.000001636048292
0.23400000000000018,23.400000000000063,-2.4861588038271876e-07,19.999986325407274,4.576618600760085e-08,-2.8039828631198915e-07,9.999991911180949,10.000001636048331
0.23500000000000018,23.500000000000064,-2.4861609415616215e-07,19.99998632540727,4.5766280043491037e-08,-2.8039838806392936e-07,9.999991911180938,10.000001636048344
0.23600000000000018,23.600000000000065,-2.4861641034767956e-07,19.99998632540728,4.576638074071937e-08,-2.803985300614542e-07,9.999991911180924,10.000001636048395
0.23700000000000018,23.700000000000067,-2.486167621218449e-07,19.999986325407267,4.576650464160892e-08,-2.803987084187831e-07,9.999991911180897,10.00000163604846
0.23800000000000018,23.800000000000068,-2.486171242210844e-07,19.999986325407285,4.576662454569558e-08,-2.8039888194664186e-07,9.999991911180874,10.000001636048511
0.23900000000000018,23.90000000000007,-2.4861745734350293e-07,19.999986325407264,4.5766715028872085e-08,-2.803990402644452e-07,9.999991911180853,10.00000163604856
0.24000000000000019,24.00000000000007,-2.486177301253001e-07,19.999986325407264,4.576678747092444e-08,-2.803991696609387e-07,9.999991911180846,10.000001636048605
0.2410000000000002,24.100000000000072,-2.486179233596175e-07,19.999986325407278,4.576684059509617e-08,-2.8039924826472884e-07,9.999991911180837,10.000001636048612
0.2420000000000002,24.200000000000074,-2.4861801189990373e-07,19.999986325407253,4.5766855194528944e-08,-2.8039930949352865e-07,9.99999191118082,10.00000163604865
0.2430000000000002,24.300000000000075,-2.4861800812514545e-07,19.999986325407257,4.5766834988469896e-08,-2.803993113809078e-07,9.999991911180821,10.000001636048655
0.2440000000000002,24.400000000000077,-2.486179243033071e-07,19.99998632540725,4.576680678880507e-08,-2.803992791289289e-07,9.999991911180834,10.000001636048626
0.2450000000000002,24.500000000000078,-2.4861778502582865e-07,19.999986325407257,4.576675399770025e-08,-2.8039920829669995e-07,9.999991911180848,10.000001636048609
0.2460000000000002,24.60000000000008,-2.4861758585181803e-07,19.99998632540727,4.5766681167069834e-08,-2.8039911403876516e-07,9.999991911180862,10.000001636048557
0.2470000000000002,24.70000000000008,-2.4861736752646024e-07,19.999986325407274,4.5766616774134405e-08,-2.803989997413048e-07,9.999991911180874,10.000001636048516
0.2480000000000002,24.800000000000082,-2.4861715430812836e-07,19.999986325407274,4.5766549550130264e-08,-2.803989009314556e-07,9.999991911180881,10.000001636048497
0.2490000000000002,24.900000000000084,-2.486169777271563e-07,19.999986325407257,4.5766492706711404e-08,-2.8039881205810246e-07,9.999991911180892,10.000001636048468
0.25000000000000017,25.000000000000085,-2.48616823461667e-07,19.999986325407264,4.576645024068071e-08,-2.803987472210778e-07,9.999991911180908,10.000001636048445
0.25100000000000017,25.100000000000087,-2.486167169357678e-07,19.999986325407278,4.576642548270726e-08,-2.8039870453300253e-07,9.999991911180917,10.000001636048433
0.25200000000000017,25.200000000000088,-2.486166884030361e-07,19.99998632540725,4.576641188247521e-08,-2.803986828281424e-07,9.99999191118092,10.000001636048427
0.25300000000000017,25.30000000000009,-2.486166861270789e-07,19.999986325407257,4.576642442799539e-08,-2.803986728361352e-07,9.999991911180917,10.000001636048427
0.25400000000000017,25.40000000000009,-2.486167555160179e-07,19.999986325407257,4.576645995513218e-08,-2.8039870064722194e-07,9.999991911180905,10.000001636048436
0.25500000000000017,25.500000000000092,-2.486168520499099e-07,19.999986325407264,4.576648982013154e-08,-2.803987529387264e-07,9.999991911180892,10.000001636048461
0.25600000000000017,25.600000000000094,-2.4861697062172894e-07,19.999986325407274,4.5766532008606475e-08,-2.8039882232766544e-07,9.999991911180887,10.000001636048482
0.2570000000000002,25.700000000000095,-2.486171015725347e-07,19.99998632540727,4.576656836841053e-08,-2.8039887856046164e-07,9.999991911180876,10.000001636048506
0.2580000000000002,25.800000000000097,-2.4861723579849837e-07,19.99998632540728,4.576660217470163e-08,-2.8039893706921504e-07,9.999991911180883,10.000001636048518
0.2590000000000002,25.900000000000098,-2.4861734249093104e-07,19.99998632540727,4.576664813793485e-08,-2.803989878619184e-07,9.999991911180867,10.000001636048536
0.2600000000000002,26.0000000000001,-2.4861742126125463e-07,19.999986325407257,4.5766673617553266e-08,-2.803990292177261e-07,9.999991911180864,10.000001636048562
0.2610000000000002,26.1000000000001,-2.4861746289461806e-07,19.999986325407274,4.5766686218584596e-08,-2.803990500344078e-07,9.999991911180864,10.000001636048545
0.2620000000000002,26.200000000000102,-2.486174744409375e-07,19.99998632540725,4.576667600453277e-08,-2.803990558075675e-07,9.99999191118086,10.000001636048548
0.2630000000000002,26.300000000000104,-2.48617480491653e-07,19.999986325407278,4.576668183320365e-08,-2.8039904553800454e-07,9.999991911180855,10.000001636048552
0.2640000000000002,26.400000000000105,-2.4861742270454457e-07,19.99998632540727,4.576665307842731e-08,-2.803990254429678e-07,9.999991911180858,10.000001636048541
0.2650000000000002,26.500000000000107,-2.486173569793415e-07,19.999986325407267,4.576663181765639e-08,-2.803989991306821e-07,9.999991911180864,10.000001636048523
0.2660000000000002,26.600000000000108,-2.486172785420848e-07,19.99998632540727,4.5766600842434e-08,-2.803989630484338e-07,9.99999191118087,10.00000163604852
0.2670000000000002,26.70000000000011,-2.486172072102555e-07,19.99998632540727,4.576658224619834e-08,-2.8039891813991247e-07,9.99999191118088,10.000001636048495
0.2680000000000002,26.80000000000011,-2.4861714303936466e-07,19.999986325407242,4.5766557765780647e-08,-2.803988873867347e-07,9.999991911180883,10.0000016360485
0.2690000000000002,26.900000000000112,-2.486170762039386e-07,19.999986325407264,4.5766540168745706e-08,-2.803988557453785e-07,9.999991911180889,10.000001636048484
0.2700000000000002,27.000000000000114,-2.4861703945555647e-07,19.999986325407285,4.5766535561320154e-08,-2.803988355948306e-07,9.999991911180892,10.00000163604847
0.2710000000000002,27.100000000000115,-2.4861701419798266e-07,19.99998632540727,4.576651063681325e-08,-2.803988217170428e-07,9.999991911180897,10.000001636048474
0.2720000000000002,27.200000000000117,-2.4861700942402365e-07,19.99998632540726,4.5766528455892797e-08,-2.803988218280651e-07,9.999991911180892,10.000001636048465
0.2730000000000002,27.300000000000118,-2.486170218585215e-07,19.99998632540727,4.576653894750038e-08,-2.8039883076536043e-07,9.99999191118089,10.000001636048475
0.2740000000000002,27.40000000000012,-2.48617051390454e-07,19.999986325407257,4.576654444310435e-08,-2.8039884647501623e-07,9.999991911180887,10.000001636048475
0.2750000000000002,27.50000000000012,-2.4861709252421704e-07,19.99998632540726,4.5766561762583535e-08,-2.803988664035195e-07,9.99999191118088,10.00000163604848
0.2760000000000002,27.600000000000122,-2.4861713221469017e-07,19.999986325407253,4.57665805808638e-08,-2.803988826127757e-07,9.999991911180874,10.000001636048484
0.2770000000000002,27.700000000000124,-2.4861717901059066e-07,19.99998632540726,4.576659773380953e-08,-2.8039890914710597e-07,9.999991911180876,10.000001636048498
0.2780000000000002,27.800000000000125,-2.486172229199113e-07,19.999986325407264,4.576661111199698e-08,-2.803989379018823e-07,9.999991911180878,10.00000163604852
0.2790000000000002,27.900000000000126,-2.48617256948247e-07,19.999986325407253,4.576661927213621e-08,-2.803989487265568e-07,9.999991911180873,10.000001636048525
0.2800000000000002,28.000000000000128,-2.4861726949376717e-07,19.99998632540725,4.5766624823251334e-08,-2.8039896177167734e-07,9.999991911180869,10.000001636048525
0.2810000000000002,28.10000000000013,-2.4861728137315353e-07,19.999986325407242,4.5766620382359235e-08,-2.803989792021788e-07,9.999991911180874,10.000001636048545
0.2820000000000002,28.20000000000013,-2.486172702709233e-07,19.999986325407267,4.5766629763743794e-08,-2.803989696542608e-07,9.999991911180876,10.000001636048534
0.2830000000000002,28.300000000000132,-2.486172681059884e-07,19.99998632540727,4.5766621270537655e-08,-2.8039896093901007e-07,9.99999191118087,10.00000163604852
0.2840000000000002,28.400000000000134,-2.486172496762862e-07,19.999986325407264,4.5766606004971067e-08,-2.8039894467424276e-07,9.999991911180874,10.00000163604853
0.2850000000000002,28.500000000000135,-2.486172266391584e-07,19.99998632540727,4.576660389554732e-08,-2.8039893057441034e-07,9.99999191118087,10.000001636048518
0.2860000000000002,28.600000000000136,-2.486171941096238e-07,19.999986325407267,4.576659223820556e-08,-2.8039889798936457e-07,9.999991911180874,10.000001636048488
0.2870000000000002,28.700000000000138,-2.4861717312640863e-07,19.999986325407253,4.576658679811274e-08,-2.803988978228311e-07,9.999991911180874,10.000001636048498
0.2880000000000002,28.80000000000014,-2.4861716058088845e-07,19.999986325407257,4.57665690900555e-08,-2.80398894103584e-07,9.99999191118088,10.000001636048511
0.2890000000000002,28.90000000000014,-2.4861713260326823e-07,19.999986325407278,4.576656725818751e-08,-2.80398880170285e-07,9.99999191118088,10.000001636048498
0.2900000000000002,29.000000000000142,-2.486171245541513e-07,19.99998632540726,4.576656609245333e-08,-2.8039888266828683e-07,9.999991911180885,10.000001636048502
0.2910000000000002,29.100000000000144,-2.4861712016877036e-07,19.999986325407264,4.576655832089216e-08,-2.8039889243824945e-07,9.999991911180889,10.000001636048504
0.2920000000000002,29.200000000000145,-2.4861711972468115e-07,19.99998632540725,4.576656731369866e-08,-2.803988872757124e-07,9.999991911180885,10.000001636048493
0.2930000000000002,29.300000000000146,-2.4861712266677216e-07,19.999986325407267,4.5766566703075995e-08,-2.803988894406473e-07,9.999991911180881,10.000001636048511
0.2940000000000002,29.400000000000148,-2.486171477578125e-07,19.99998632540724,4.576657197663536e-08,-2.8039888333442065e-07,9.999991911180881,10.000001636048486
0.2950000000000002,29.50000000000015,-2.486171570836859e-07,19.999986325407267,4.576658374499942e-08,-2.803989049837696e-07,9.999991911180883,10.000001636048506
0.2960000000000002,29.60000000000015,-2.4861716513280285e-07,19.999986325407267,4.5766582912332154e-08,-2.803989137545315e-07,9.999991911180883,10.000001636048493
0.2970000000000002,29.700000000000152,-2.4861718550539535e-07,19.999986325407242,4.5766593292917435e-08,-2.803989192501355e-07,9.99999191118087,10.000001636048516
0.2980000000000002,29.800000000000153,-2.486171931104231e-07,19.99998632540726,4.5766591960649805e-08,-2.8039891530884375e-07,9.999991911180867,10.000001636048513
0.2990000000000002,29.900000000000155,-2.486172052673652e-07,19.99998632540726,4.576659218269441e-08,-2.803989133104423e-07,9.999991911180876,10.000001636048498
0.3000000000000002,30.000000000000156,-2.486172109295026e-07,19.999986325407264,4.576660206367933e-08,-2.8039892702169666e-07,9.999991911180873,10.000001636048516
0.3010000000000002,30.100000000000158,-2.486172128723929e-07,19.99998632540724,4.576659579091924e-08,-2.8039891714071175e-07,9.999991911180874,10.00000163604851
0.3020000000000002,30.20000000000016,-2.4861720920865693e-07,19.999986325407253,4.5766598733010255e-08,-2.8039891258879734e-07,9.999991911180867,10.000001636048495
0.3030000000000002,30.30000000000016,-2.4861721509283896e-07,19.99998632540725,4.576659851096565e-08,-2.8039890392905775e-07,9.999991911180874,10.00000163604849
0.3040000000000002,30.400000000000162,-2.4861719949420547e-07,19.999986325407267,4.576658896304764e-08,-2.803989194721801e-07,9.99999191118088,10.000001636048502
0.3050000000000002,30.500000000000163,-2.4861719721824826e-07,19.99998632540727,4.576658640953468e-08,-2.8039889937714335e-07,9.999991911180873,10.00000163604848
0.3060000000000002,30.600000000000165,-2.4861718722624104e-07,19.99998632540725,4.576659179411635e-08,-2.8039890404008005e-07,9.999991911180881,10.000001636048491
0.3070000000000002,30.700000000000166,-2.486171839510831e-07,19.99998632540726,4.5766586020956623e-08,-2.8039890542785884e-07,9.999991911180873,10.000001636048502
0.3080000000000002,30.800000000000168,-2.486171730708975e-07,19.99998632540727,4.576657730570588e-08,-2.8039891192266353e-07,9.99999191118088,10.000001636048523
0.3090000000000002,30.90000000000017,-2.4861715636204096e-07,19.999986325407267,4.576657858246236e-08,-2.803989129773754e-07,9.999991911180878,10.00000163604851
0.3100000000000002,31.00000000000017,-2.486171669091597e-07,19.99998632540724,4.576658224619834e-08,-2.8039889893305414e-07,9.999991911180881,10.00000163604849
0.3110000000000002,31.100000000000172,-2.4861715475221757e-07,19.999986325407264,4.5766582856821e-08,-2.8039890165310055e-07,9.999991911180881,10.000001636048495
0.3120000000000002,31.200000000000173,-2.4861715797186434e-07,19.999986325407264,4.576657508525983e-08,-2.803989103683513e-07,9.999991911180878,10.00000163604852
0.3130000000000002,31.300000000000175,-2.486171550852845e-07,19.999986325407278,4.576658135801992e-08,-2.8039891258879734e-07,9.999991911180874,10.000001636048513
0.3140000000000002,31.400000000000176,-2.4861717312640863e-07,19.999986325407257,4.5766581580064525e-08,-2.803989050392808e-07,9.999991911180885,10.000001636048497
0.3150000000000002,31.500000000000178,-2.486171750692989e-07,19.999986325407278,4.576657958166308e-08,-2.803989064825707e-07,9.999991911180885,10.000001636048502
0.3160000000000002,31.60000000000018,-2.4861717085045143e-07,19.999986325407264,4.5766591016960234e-08,-2.8039890698217107e-07,9.999991911180878,10.000001636048497
0.3170000000000002,31.70000000000018,-2.4861718950219824e-07,19.999986325407285,4.5766593737006644e-08,-2.803989115895966e-07,9.999991911180876,10.00000163604851
0.3180000000000002,31.800000000000182,-2.4861719361002343e-07,19.999986325407267,4.576660572741531e-08,-2.803989105903959e-07,9.999991911180885,10.000001636048504
0.31900000000000023,31.900000000000183,-2.486171987725605e-07,19.999986325407257,4.5766591572071746e-08,-2.8039890836994985e-07,9.99999191118088,10.000001636048491
0.32000000000000023,32.000000000000185,-2.486171930549119e-07,19.99998632540726,4.576659357047319e-08,-2.803989218591596e-07,9.999991911180881,10.000001636048523
0.32100000000000023,32.100000000000186,-2.486171959414918e-07,19.999986325407267,4.57665893516257e-08,-2.8039893112952186e-07,9.999991911180881,10.000001636048516
0.32200000000000023,32.20000000000019,-2.4861719255531156e-07,19.999986325407253,4.576659168309405e-08,-2.803989208599589e-07,9.999991911180883,10.000001636048507
0.32300000000000023,32.30000000000019,-2.4861719699620366e-07,19.999986325407264,4.5766585188289355e-08,-2.8039890509479193e-07,9.99999191118088,10.000001636048484
0.32400000000000023,32.40000000000019,-2.4861718755930795e-07,19.999986325407264,4.5766579304107324e-08,-2.8039890520581423e-07,9.999991911180873,10.000001636048495
0.32500000000000023,32.50000000000019,-2.4861718150859247e-07,19.999986325407267,4.5766590184292966e-08,-2.8039890964670633e-07,9.999991911180874,10.000001636048511
0.32600000000000023,32.60000000000019,-2.486171798987691e-07,19.99998632540727,4.576658185762028e-08,-2.8039890098696674e-07,9.99999191118088,10.000001636048488
0.32700000000000023,32.700000000000195,-2.48617175457877e-07,19.99998632540727,4.5766585632378565e-08,-2.8039889243824945e-07,9.99999191118088,10.000001636048479
0.32800000000000024,32.800000000000196,-2.486171749582766e-07,19.999986325407264,4.576659090593793e-08,-2.803988956578962e-07,9.999991911180876,10.000001636048488
0.32900000000000024,32.9000000000002,-2.4861717529134353e-07,19.999986325407278,4.576658713117965e-08,-2.803988949917624e-07,9.99999191118087,10.000001636048495
0.33000000000000024,33.0000000000002,-2.486171710169849e-07,19.999986325407257,4.576659118349369e-08,-2.8039889915509875e-07,9.99999191118087,10.000001636048507
0.33100000000000024,33.1000000000002,-2.486171704063622e-07,19.999986325407264,4.5766585188289355e-08,-2.8039890448416926e-07,9.999991911180881,10.000001636048502
0.33200000000000024,33.2000000000002,-2.486171698512507e-07,19.999986325407253,4.5766581135975315e-08,-2.803989118671524e-07,9.999991911180876,10.000001636048518
0.33300000000000024,33.3000000000002,-2.4861718594948456e-07,19.999986325407264,4.5766587408735404e-08,-2.803989039845689e-07,9.999991911180874,10.0000016360485
0.33400000000000024,33.400000000000205,-2.486171816751259e-07,19.999986325407264,4.576659051735987e-08,-2.8039891020181784e-07,9.999991911180883,10.000001636048497
0.33500000000000024,33.500000000000206,-2.4861718606050687e-07,19.999986325407267,4.57665870756685e-08,-2.803989180844013e-07,9.999991911180881,10.000001636048529
0.33600000000000024,33.60000000000021,-2.486171844506835e-07,19.99998632540725,4.576659123900484e-08,-2.803989228583603e-07,9.999991911180881,10.000001636048518
0.33700000000000024,33.70000000000021,-2.4861720188118497e-07,19.999986325407264,4.576658635402353e-08,-2.8039891336595346e-07,9.999991911180878,10.000001636048504
0.33800000000000024,33.80000000000021,-2.486171957194472e-07,19.99998632540725,4.5766589462648e-08,-2.8039890576092574e-07,9.999991911180881,10.0000016360485
0.33900000000000025,33.90000000000021,-2.486171905569101e-07,19.999986325407264,4.5766589684692605e-08,-2.8039890231923437e-07,9.999991911180885,10.000001636048491
0.34000000000000025,34.00000000000021,-2.486171953308691e-07,19.99998632540725,4.576658330091021e-08,-2.803989130883977e-07,9.999991911180885,10.00000163604851
0.34100000000000025,34.100000000000215,-2.4861719050139897e-07,19.999986325407264,4.576659357047319e-08,-2.803989050392808e-07,9.999991911180885,10.000001636048493
0.34200000000000025,34.200000000000216,-2.486171921667335e-07,19.999986325407264,4.5766588352424975e-08,-2.803989128663531e-07,9.999991911180881,10.000001636048506
0.34300000000000025,34.30000000000022,-2.4861718517232845e-07,19.999986325407264,4.57665872977131e-08,-2.80398908425461e-07,9.999991911180874,10.000001636048514
0.34400000000000025,34.40000000000022,-2.4861718028734714e-07,19.999986325407267,4.5766584799711296e-08,-2.8039890187514516e-07,9.999991911180869,10.0000016360485
0.34500000000000025,34.50000000000022,-2.4861718006530253e-07,19.99998632540725,4.5766581135975315e-08,-2.803989130883977e-07,9.999991911180887,10.000001636048498
0.34600000000000025,34.60000000000022,-2.486171826188155e-07,19.999986325407264,4.576659118349369e-08,-2.8039890348496854e-07,9.999991911180876,10.000001636048495
0.34700000000000025,34.70000000000022,-2.486171790661018e-07,19.999986325407267,4.5766594625185064e-08,-2.8039890531683653e-07,9.999991911180878,10.000001636048504
0.34800000000000025,34.800000000000225,-2.4861717984325793e-07,19.999986325407264,4.576658485522245e-08,-2.8039890609399265e-07,9.999991911180878,10.000001636048523
0.34900000000000025,34.900000000000226,-2.486171724602748e-07,19.99998632540728,4.576659584643039e-08,-2.8039890598297035e-07,9.999991911180878,10.000001636048504
0.35000000000000026,35.00000000000023,-2.4861718289637125e-07,19.999986325407246,4.576659179411635e-08,-2.803989100352844e-07,9.999991911180878,10.000001636048498
0.35100000000000026,35.10000000000023,-2.486171745141874e-07,19.999986325407242,4.576659129451599e-08,-2.803989125332862e-07,9.999991911180878,10.000001636048516
0.35200000000000026,35.20000000000023,-2.4861717529134353e-07,19.99998632540725,4.576659129451599e-08,-2.8039890687114877e-07,9.999991911180881,10.000001636048513
0.35300000000000026,35.30000000000023,-2.486171771232115e-07,19.99998632540725,4.576658857446958e-08,-2.803989104793736e-07,9.999991911180873,10.000001636048504
0.35400000000000026,35.40000000000023,-2.486171893356648e-07,19.999986325407267,4.5766591127982537e-08,-2.8039891453168764e-07,9.99999191118088,10.00000163604851
0.35500000000000026,35.500000000000234,-2.4861718234125973e-07,19.999986325407257,4.5766585132778204e-08,-2.803989145871988e-07,9.99999191118088,10.000001636048506
0.35600000000000026,35.600000000000236,-2.4861718389557197e-07,19.99998632540725,4.576659040633757e-08,-2.8039892258080457e-07,9.999991911180878,10.00000163604851
0.35700000000000026,35.70000000000024,-2.4861718733726335e-07,19.99998632540725,4.576658818589152e-08,-2.8039890803688294e-07,9.999991911180883,10.000001636048486
0.35800000000000026,35.80000000000024,-2.486171830629047e-07,19.999986325407264,4.576659501376312e-08,-2.8039890337394624e-07,9.999991911180876,10.000001636048493
0.35900000000000026,35.90000000000024,-2.4861718506130615e-07,19.999986325407267,4.5766589462648e-08,-2.8039890781483834e-07,9.999991911180873,10.0000016360485
0.36000000000000026,36.00000000000024,-2.4861718278534894e-07,19.999986325407264,4.5766583356421364e-08,-2.8039891553088836e-07,9.999991911180874,10.000001636048518
0.36100000000000027,36.10000000000024,-2.486171759019662e-07,19.999986325407253,4.576658779731346e-08,-2.803989099242621e-07,9.999991911180878,10.000001636048507
0.36200000000000027,36.200000000000244,-2.4861718583846226e-07,19.999986325407264,4.576658535482281e-08,-2.80398916863156e-07,9.999991911180878,10.000001636048511
0.36300000000000027,36.300000000000246,-2.4861718550539535e-07,19.999986325407264,4.5766586576068136e-08,-2.803989162525333e-07,9.999991911180878,10.000001636048502
0.36400000000000027,36.40000000000025,-2.4861718095348095e-07,19.999986325407257,4.576658368948827e-08,-2.8039890903608367e-07,9.999991911180876,10.0000016360485
0.36500000000000027,36.50000000000025,-2.4861717973223563e-07,19.999986325407267,4.5766575751393646e-08,-2.8039891508679915e-07,9.999991911180874,10.00000163604852
0.36600000000000027,36.60000000000025,-2.486171835069939e-07,19.999986325407257,4.576658041433035e-08,-2.803989078703495e-07,9.999991911180876,10.000001636048507
0.36700000000000027,36.70000000000025,-2.486171844506835e-07,19.999986325407264,4.5766581135975315e-08,-2.8039890437314696e-07,9.999991911180876,10.000001636048507
0.36800000000000027,36.80000000000025,-2.4861717823343454e-07,19.999986325407257,4.576658735322425e-08,-2.8039890337394624e-07,9.999991911180883,10.00000163604848
0.36900000000000027,36.900000000000254,-2.486171823967709e-07,19.999986325407257,4.5766580192285744e-08,-2.803988979338534e-07,9.999991911180873,10.000001636048484
0.3700000000000003,37.000000000000256,-2.4861718450619463e-07,19.999986325407257,4.5766592848828225e-08,-2.803989045396804e-07,9.999991911180881,10.0000016360485
0.3710000000000003,37.10000000000026,-2.4861718439517233e-07,19.99998632540726,4.5766585576867413e-08,-2.803989030963905e-07,9.999991911180881,10.000001636048506
0.3720000000000003,37.20000000000026,-2.4861718039836944e-07,19.999986325407264,4.576658724220195e-08,-2.803989210820035e-07,9.999991911180881,10.000001636048523
0.3730000000000003,37.30000000000026,-2.486171845617058e-07,19.999986325407267,4.576658862998073e-08,-2.8039891647457793e-07,9.99999191118088,10.00000163604851
0.3740000000000003,37.40000000000026,-2.486171917226443e-07,19.999986325407257,4.576659751176493e-08,-2.8039890975772863e-07,9.99999191118087,10.000001636048507
0.3750000000000003,37.50000000000026,-2.4861717867752375e-07,19.999986325407253,4.576658985122606e-08,-2.8039891608599987e-07,9.999991911180878,10.000001636048516
0.3760000000000003,37.600000000000264,-2.486171832849493e-07,19.999986325407253,4.5766587908335765e-08,-2.8039892385756104e-07,9.999991911180874,10.000001636048522
0.3770000000000003,37.700000000000266,-2.486171781779234e-07,19.999986325407257,4.5766584244599784e-08,-2.8039891974973585e-07,9.999991911180874,10.000001636048513
0.3780000000000003,37.80000000000027,-2.4861717778934533e-07,19.999986325407257,4.5766580747397256e-08,-2.803989117561301e-07,9.999991911180876,10.000001636048511
0.3790000000000003,37.90000000000027,-2.486171748472543e-07,19.99998632540726,4.5766583467443667e-08,-2.8039890836994985e-07,9.999991911180873,10.000001636048506
0.3800000000000003,38.00000000000027,-2.486171888915756e-07,19.99998632540726,4.576658768629116e-08,-2.803989046507027e-07,9.999991911180878,10.000001636048493
0.3810000000000003,38.10000000000027,-2.486171860049957e-07,19.999986325407264,4.576657897104042e-08,-2.803989019306563e-07,9.999991911180883,10.000001636048486
0.3820000000000003,38.20000000000027,-2.486171793991687e-07,19.99998632540727,4.57665781938843e-08,-2.8039889732323076e-07,9.999991911180878,10.000001636048484
0.3830000000000003,38.300000000000274,-2.486171863380626e-07,19.999986325407253,4.576658235722064e-08,-2.803988972677196e-07,9.99999191118087,10.00000163604849
0.3840000000000003,38.400000000000276,-2.4861718439517233e-07,19.999986325407264,4.576657813837315e-08,-2.8039890759279373e-07,9.999991911180876,10.000001636048504
0.3850000000000003,38.50000000000028,-2.4861718572743996e-07,19.999986325407285,4.576657897104042e-08,-2.80398906593593e-07,9.999991911180876,10.000001636048495
0.3860000000000003,38.60000000000028,-2.4861718667112953e-07,19.99998632540725,4.576658618749008e-08,-2.803989080923941e-07,9.999991911180878,10.000001636048495
0.3870000000000003,38.70000000000028,-2.4861717573543274e-07,19.99998632540725,4.576658257926525e-08,-2.803989188060463e-07,9.999991911180878,10.000001636048518
0.3880000000000003,38.80000000000028,-2.4861717801138994e-07,19.99998632540726,4.5766585632378565e-08,-2.803989164190668e-07,9.999991911180885,10.000001636048514
0.3890000000000003,38.90000000000028,-2.4861717684565576e-07,19.999986325407264,4.5766582856821e-08,-2.8039891863951283e-07,9.99999191118087,10.000001636048522
0.3900000000000003,39.000000000000284,-2.486171779558788e-07,19.999986325407257,4.576658180210913e-08,-2.8039890348496854e-07,9.999991911180866,10.000001636048497
0.3910000000000003,39.100000000000286,-2.48617188669531e-07,19.99998632540726,4.57665984554545e-08,-2.8039890198616746e-07,9.999991911180881,10.000001636048488
0.3920000000000003,39.20000000000029,-2.4861718617152917e-07,19.999986325407257,4.576659351496204e-08,-2.8039889837794263e-07,9.999991911180873,10.000001636048507
0.3930000000000003,39.30000000000029,-2.4861718150859247e-07,19.999986325407267,4.576659751176493e-08,-2.803989112565297e-07,9.999991911180876,10.00000163604851
0.3940000000000003,39.40000000000029,-2.486171759019662e-07,19.99998632540727,4.576659384802895e-08,-2.8039891381004267e-07,9.999991911180878,10.000001636048518
0.3950000000000003,39.50000000000029,-2.486171851168173e-07,19.999986325407264,4.576659035082642e-08,-2.8039890687114877e-07,9.999991911180885,10.000001636048513
0.3960000000000003,39.60000000000029,-2.486171938875792e-07,19.99998632540728,4.576659362598434e-08,-2.803989067046153e-07,9.999991911180881,10.000001636048506
0.3970000000000003,39.700000000000294,-2.486171773452561e-07,19.99998632540727,4.576659135002714e-08,-2.80398906593593e-07,9.99999191118088,10.000001636048495
0.3980000000000003,39.800000000000296,-2.486171832849493e-07,19.999986325407257,4.576659445865161e-08,-2.803989140320873e-07,9.999991911180878,10.000001636048504
0.3990000000000003,39.9000000000003,-2.486171830629047e-07,19.999986325407278,4.576659368149549e-08,-2.8039891042386245e-07,9.999991911180878,10.000001636048493
0.4000000000000003,40.0000000000003,-2.4861717984325793e-07,19.99998632540726,4.576659357047319e-08,-2.8039891131204087e-07,9.999991911180881,10.000001636048506
0.4010000000000003,40.1000000000003,-2.486171770121892e-07,19.999986325407257,4.576658907406994e-08,-2.8039891236675274e-07,9.999991911180887,10.000001636048514
0.4020000000000003,40.2000000000003,-2.4861718256330434e-07,19.999986325407264,4.57665918496275e-08,-2.8039889438113974e-07,9.999991911180889,10.000001636048491
0.4030000000000003,40.3000000000003,-2.486171760129885e-07,19.999986325407267,4.576658813038037e-08,-2.803988903288257e-07,9.999991911180878,10.000001636048491
0.4040000000000003,40.400000000000304,-2.486171771232115e-07,19.99998632540726,4.5766583800510574e-08,-2.803989040955912e-07,9.999991911180876,10.000001636048504
0.4050000000000003,40.500000000000306,-2.4861717540236583e-07,19.999986325407274,4.5766581135975315e-08,-2.803989138655538e-07,9.999991911180873,10.000001636048511
0.4060000000000003,40.60000000000031,-2.486171792881464e-07,19.99998632540726,4.576657913757387e-08,-2.803989082034164e-07,9.999991911180878,10.000001636048495
0.4070000000000003,40.70000000000031,-2.4861717573543274e-07,19.99998632540725,4.576657997024114e-08,-2.8039890759279373e-07,9.99999191118088,10.000001636048502
0.4080000000000003,40.80000000000031,-2.486171751803212e-07,19.99998632540726,4.576657514077098e-08,-2.803989188060463e-07,9.999991911180878,10.000001636048523
0.4090000000000003,40.90000000000031,-2.486171785109903e-07,19.999986325407278,4.576657913757387e-08,-2.803989223032488e-07,9.999991911180878,10.00000163604851
0.4100000000000003,41.00000000000031,-2.4861718628255147e-07,19.999986325407264,4.576657280930263e-08,-2.8039890564990344e-07,9.999991911180873,10.000001636048493
0.4110000000000003,41.100000000000314,-2.486171894466871e-07,19.99998632540727,4.576658757526886e-08,-2.803989015975894e-07,9.999991911180876,10.000001636048491
0.4120000000000003,41.200000000000315,-2.4861718700419644e-07,19.999986325407264,4.576658457766669e-08,-2.803989068156376e-07,9.999991911180878,10.000001636048495
0.4130000000000003,41.30000000000032,-2.4861718483926154e-07,19.999986325407253,4.576658185762028e-08,-2.8039892135955924e-07,9.999991911180889,10.00000163604852
0.4140000000000003,41.40000000000032,-2.486171864490849e-07,19.99998632540725,4.5766576139971704e-08,-2.803989194721801e-07,9.999991911180878,10.000001636048516
0.4150000000000003,41.50000000000032,-2.4861718345148276e-07,19.99998632540726,4.576658096944186e-08,-2.8039891336595346e-07,9.999991911180878,10.000001636048514
0.4160000000000003,41.60000000000032,-2.48617178399968e-07,19.999986325407253,4.576659129451599e-08,-2.8039890437314696e-07,9.999991911180878,10.000001636048504
0.4170000000000003,41.70000000000032,-2.486171863935738e-07,19.999986325407253,4.5766592848828225e-08,-2.803989238020499e-07,9.99999191118088,10.000001636048522
0.4180000000000003,41.800000000000324,-2.486171815641036e-07,19.999986325407274,4.576658990673721e-08,-2.803989124222639e-07,9.999991911180878,10.000001636048516
0.4190000000000003,41.900000000000325,-2.4861718161961477e-07,19.999986325407264,4.576658824140267e-08,-2.803989112565297e-07,9.999991911180878,10.000001636048506
0.4200000000000003,42.00000000000033,-2.486171837290385e-07,19.999986325407264,4.576658180210913e-08,-2.8039889632403003e-07,9.999991911180883,10.000001636048498
0.4210000000000003,42.10000000000033,-2.4861718062041405e-07,19.999986325407242,4.576659123900484e-08,-2.8039891097897396e-07,9.999991911180881,10.000001636048513
0.4220000000000003,42.20000000000033,-2.4861718356250506e-07,19.999986325407253,4.576658813038037e-08,-2.8039891020181784e-07,9.999991911180881,10.00000163604851
0.4230000000000003,42.30000000000033,-2.486171837290385e-07,19.99998632540727,4.576659340393974e-08,-2.8039891586395527e-07,9.99999191118087,10.000001636048513
0.4240000000000003,42.40000000000033,-2.4861718117552556e-07,19.99998632540728,4.5766588741003034e-08,-2.8039891813991247e-07,9.999991911180876,10.000001636048525
0.4250000000000003,42.500000000000334,-2.4861719122304393e-07,19.999986325407253,4.576658663157929e-08,-2.803989130883977e-07,9.999991911180878,10.00000163604852
0.4260000000000003,42.600000000000335,-2.4861718800339716e-07,19.999986325407267,4.576659312638398e-08,-2.803989035404797e-07,9.999991911180876,10.000001636048507
0.4270000000000003,42.70000000000034,-2.486171804538806e-07,19.999986325407267,4.576658901855879e-08,-2.803989063715484e-07,9.999991911180878,10.000001636048498
0.4280000000000003,42.80000000000034,-2.486171814530813e-07,19.999986325407257,4.576658457766669e-08,-2.8039891769582326e-07,9.999991911180881,10.00000163604851
0.4290000000000003,42.90000000000034,-2.486171830629047e-07,19.999986325407253,4.5766573530947596e-08,-2.803989140320873e-07,9.999991911180878,10.000001636048502
0.4300000000000003,43.00000000000034,-2.486171776228119e-07,19.999986325407264,4.576657991472999e-08,-2.803989127553308e-07,9.999991911180881,10.000001636048511
0.4310000000000003,43.10000000000034,-2.4861717984325793e-07,19.999986325407253,4.576657697263897e-08,-2.8039890564990344e-07,9.999991911180881,10.00000163604851
0.43200000000000033,43.200000000000344,-2.4861717423663166e-07,19.999986325407264,4.57665736419699e-08,-2.803989155863995e-07,9.999991911180878,10.000001636048511
0.43300000000000033,43.300000000000345,-2.4861717423663166e-07,19.99998632540727,4.576657736121703e-08,-2.803989180844013e-07,9.999991911180885,10.000001636048507
0.43400000000000033,43.40000000000035,-2.4861718733726335e-07,19.999986325407267,4.5766588741003034e-08,-2.803989095911952e-07,9.999991911180881,10.000001636048497
0.43500000000000033,43.50000000000035,-2.486171817861482e-07,19.999986325407257,4.5766592016160956e-08,-2.8039889787834227e-07,9.999991911180878,10.000001636048498
0.43600000000000033,43.60000000000035,-2.486171806759252e-07,19.999986325407267,4.5766597400742626e-08,-2.8039890154207825e-07,9.99999191118088,10.0000016360485
0.43700000000000033,43.70000000000035,-2.486171838400608e-07,19.999986325407274,4.576659451416276e-08,-2.803989079813718e-07,9.999991911180874,10.00000163604851
0.43800000000000033,43.80000000000035,-2.4861718345148276e-07,19.99998632540725,4.576659989874443e-08,-2.8039890165310055e-07,9.999991911180881,10.000001636048498
0.43900000000000033,43.900000000000354,-2.486171790661018e-07,19.99998632540727,4.576659312638398e-08,-2.8039890065389983e-07,9.999991911180878,10.000001636048511
0.44000000000000034,44.000000000000355,-2.4861718245228204e-07,19.999986325407264,4.5766596901142265e-08,-2.803989052613254e-07,9.999991911180878,10.00000163604851
0.44100000000000034,44.10000000000036,-2.4861717001778416e-07,19.999986325407267,4.576659712318687e-08,-2.8039891164510777e-07,9.99999191118088,10.00000163604851
0.44200000000000034,44.20000000000036,-2.4861717001778416e-07,19.999986325407253,4.5766584688688994e-08,-2.8039891530884375e-07,9.999991911180873,10.000001636048522
0.44300000000000034,44.30000000000036,-2.486171730708975e-07,19.999986325407235,4.576658041433035e-08,-2.8039891680764484e-07,9.999991911180878,10.000001636048525
0.44400000000000034,44.40000000000036,-2.486171771232115e-07,19.999986325407257,4.576658585442317e-08,-2.8039890953568403e-07,9.999991911180878,10.000001636048502
0.44500000000000034,44.50000000000036,-2.4861717695667807e-07,19.999986325407264,4.576658396704403e-08,-2.8039891075692935e-07,9.999991911180878,10.000001636048491
0.44600000000000034,44.600000000000364,-2.486171777338342e-07,19.999986325407264,4.576658452215554e-08,-2.803989117006189e-07,9.999991911180874,10.000001636048506
0.44700000000000034,44.700000000000365,-2.486171793991687e-07,19.99998632540726,4.576657225419112e-08,-2.8039891453168764e-07,9.999991911180876,10.000001636048513
0.44800000000000034,44.80000000000037,-2.486171818416594e-07,19.999986325407264,4.5766585132778204e-08,-2.803988927158052e-07,9.999991911180876,10.00000163604848
0.44900000000000034,44.90000000000037,-2.4861718256330434e-07,19.99998632540727,4.576658774180231e-08,-2.80398899987766e-07,9.999991911180878,10.000001636048495
0.45000000000000034,45.00000000000037,-2.48617180231836e-07,19.999986325407285,4.576658713117965e-08,-2.8039891486475454e-07,9.999991911180881,10.000001636048514
0.45100000000000035,45.10000000000037,-2.486171838400608e-07,19.99998632540727,4.5766584688688994e-08,-2.803989072042157e-07,9.999991911180874,10.00000163604851
0.45200000000000035,45.20000000000037,-2.4861718128654786e-07,19.99998632540725,4.576659301536168e-08,-2.803989022637232e-07,9.999991911180867,10.000001636048498
0.45300000000000035,45.300000000000374,-2.4861719177815544e-07,19.99998632540727,4.5766589296114546e-08,-2.803989068156376e-07,9.999991911180883,10.000001636048498
0.45400000000000035,45.400000000000375,-2.486171875037968e-07,19.999986325407253,4.5766593237406283e-08,-2.8039891636355563e-07,9.999991911180889,10.000001636048504
0.45500000000000035,45.50000000000038,-2.4861719155611084e-07,19.999986325407264,4.576658629851238e-08,-2.803989077593272e-07,9.999991911180878,10.000001636048497
0.45600000000000035,45.60000000000038,-2.486171933324677e-07,19.999986325407278,4.576659490274082e-08,-2.803989014865671e-07,9.999991911180876,10.000001636048495
0.45700000000000035,45.70000000000038,-2.4861718095348095e-07,19.99998632540727,4.57665893516257e-08,-2.8039890553888114e-07,9.999991911180873,10.000001636048504
0.45800000000000035,45.80000000000038,-2.486171818971705e-07,19.999986325407267,4.576657608446055e-08,-2.8039891031284014e-07,9.999991911180874,10.000001636048504
0.45900000000000035,45.90000000000038,-2.4861718572743996e-07,19.999986325407235,4.5766584300110935e-08,-2.8039891120101856e-07,9.999991911180878,10.000001636048513
0.46000000000000035,46.000000000000384,-2.4861718855850867e-07,19.999986325407242,4.576658541033396e-08,-2.803989067046153e-07,9.999991911180874,10.000001636048497
0.46100000000000035,46.100000000000385,-2.4861718106450326e-07,19.999986325407274,4.5766583856021725e-08,-2.8039891508679915e-07,9.999991911180878,10.00000163604851
0.46200000000000035,46.20000000000039,-2.486171818416594e-07,19.99998632540727,4.57665850217559e-08,-2.803989127553308e-07,9.999991911180874,10.00000163604851
0.46300000000000036,46.30000000000039,-2.48617179510191e-07,19.999986325407264,4.57665736419699e-08,-2.803989028743459e-07,9.999991911180881,10.000001636048495
0.46400000000000036,46.40000000000039,-2.486171839510831e-07,19.99998632540728,4.576658574340087e-08,-2.8039891042386245e-07,9.999991911180885,10.0000016360485
0.46500000000000036,46.50000000000039,-2.4861718311841585e-07,19.999986325407267,4.5766577971839695e-08,-2.803989075372826e-07,9.999991911180881,10.000001636048493
0.46600000000000036,46.60000000000039,-2.4861718234125973e-07,19.999986325407242,4.576658668709044e-08,-2.803989119781747e-07,9.99999191118088,10.000001636048497
0.46700000000000036,46.700000000000394,-2.4861717312640863e-07,19.999986325407257,4.576658674260159e-08,-2.803989115895966e-07,9.999991911180878,10.000001636048498
0.46800000000000036,46.800000000000395,-2.4861718223023743e-07,19.999986325407257,4.576659728972032e-08,-2.803989044286581e-07,9.999991911180867,10.000001636048488
0.46900000000000036,46.9000000000004,-2.48617188669531e-07,19.999986325407257,4.576659073940448e-08,-2.8039890176412285e-07,9.999991911180878,10.000001636048491
0.47000000000000036,47.0000000000004,-2.486171872817522e-07,19.99998632540726,4.576659085042678e-08,-2.8039889382602823e-07,9.999991911180881,10.000001636048495
0.47100000000000036,47.1000000000004,-2.486171904458878e-07,19.99998632540727,4.576659135002714e-08,-2.803989009314556e-07,9.999991911180881,10.000001636048498
0.47200000000000036,47.2000000000004,-2.486171864490849e-07,19.999986325407274,4.5766596956653416e-08,-2.8039891247777504e-07,9.99999191118087,10.000001636048506
0.47300000000000036,47.3000000000004,-2.4861718789237486e-07,19.999986325407267,4.576659268229477e-08,-2.803989055943923e-07,9.999991911180876,10.000001636048504
0.47400000000000037,47.400000000000404,-2.4861719133406623e-07,19.99998632540725,4.576658235722064e-08,-2.8039890176412285e-07,9.999991911180878,10.000001636048514
0.47500000000000037,47.500000000000405,-2.4861718428415003e-07,19.999986325407253,4.576659035082642e-08,-2.803989143651542e-07,9.999991911180883,10.000001636048518
0.47600000000000037,47.600000000000406,-2.4861718461721694e-07,19.999986325407264,4.57665917386052e-08,-2.803989128663531e-07,9.999991911180881,10.000001636048511
0.47700000000000037,47.70000000000041,-2.48617182063704e-07,19.999986325407264,4.576658763078001e-08,-2.8039892624454055e-07,9.999991911180885,10.000001636048518
0.47800000000000037,47.80000000000041,-2.4861718678215183e-07,19.999986325407267,4.5766581191486466e-08,-2.803989124222639e-07,9.999991911180881,10.000001636048507
0.47900000000000037,47.90000000000041,-2.48617179510191e-07,19.99998632540726,4.576658041433035e-08,-2.8039891430964303e-07,9.999991911180887,10.000001636048513
0.48000000000000037,48.00000000000041,-2.486171876148191e-07,19.999986325407253,4.5766573031347235e-08,-2.803988989885653e-07,9.999991911180894,10.000001636048495
0.48100000000000037,48.10000000000041,-2.486171829518824e-07,19.99998632540727,4.5766587519757707e-08,-2.8039889393705053e-07,9.999991911180873,10.000001636048488
0.4820000000000004,48.200000000000415,-2.4861719266633386e-07,19.99998632540725,4.5766579748196534e-08,-2.8039888960718073e-07,9.999991911180873,10.000001636048479
0.4830000000000004,48.300000000000416,-2.4861718356250506e-07,19.999986325407264,4.576658757526886e-08,-2.8039890370701315e-07,9.999991911180873,10.000001636048498
0.4840000000000004,48.40000000000042,-2.486171857829511e-07,19.999986325407253,4.5766574363614865e-08,-2.803989144761765e-07,9.99999191118088,10.000001636048513
0.4850000000000004,48.50000000000042,-2.4861717856650145e-07,19.999986325407278,4.576657963717423e-08,-2.8039890892506136e-07,9.999991911180878,10.00000163604851
0.4860000000000004,48.60000000000042,-2.486171796767245e-07,19.999986325407264,4.5766579748196534e-08,-2.803989012645225e-07,9.999991911180876,10.000001636048502
0.4870000000000004,48.70000000000042,-2.4861717889956836e-07,19.999986325407264,4.576658124699762e-08,-2.803989156974218e-07,9.999991911180881,10.00000163604851
0.4880000000000004,48.80000000000042,-2.486171764570777e-07,19.99998632540727,4.5766589629181453e-08,-2.803989040955912e-07,9.999991911180876,10.000001636048491
0.4890000000000004,48.900000000000425,-2.486171760129885e-07,19.999986325407267,4.576658230170949e-08,-2.8039891031284014e-07,9.99999191118088,10.000001636048506
0.4900000000000004,49.000000000000426,-2.4861718517232845e-07,19.999986325407278,4.5766586076467775e-08,-2.803989048727473e-07,9.999991911180881,10.000001636048493
0.4910000000000004,49.10000000000043,-2.4861718517232845e-07,19.999986325407257,4.576659207167211e-08,-2.8039890687114877e-07,9.999991911180881,10.000001636048502
0.4920000000000004,49.20000000000043,-2.486171818971705e-07,19.999986325407264,4.576658135801992e-08,-2.803989058164369e-07,9.999991911180874,10.000001636048486
0.4930000000000004,49.30000000000043,-2.4861717878854606e-07,19.999986325407253,4.5766582079664886e-08,-2.8039891486475454e-07,9.999991911180883,10.0000016360485
0.4940000000000004,49.40000000000043,-2.4861717845547915e-07,19.99998632540727,4.5766588296913824e-08,-2.8039892008280276e-07,9.999991911180881,10.000001636048507
0.4950000000000004,49.50000000000043,-2.486171782889457e-07,19.999986325407264,4.576658529931166e-08,-2.803989062605261e-07,9.999991911180874,10.000001636048495
0.4960000000000004,49.600000000000435,-2.486171887250421e-07,19.999986325407257,4.576659035082642e-08,-2.803988992106099e-07,9.999991911180885,10.000001636048498
0.4970000000000004,49.700000000000436,-2.4861719100099933e-07,19.999986325407264,4.5766583356421364e-08,-2.8039890392905775e-07,9.999991911180883,10.000001636048502
0.4980000000000004,49.80000000000044,-2.486171969406925e-07,19.99998632540726,4.5766586020956623e-08,-2.8039891236675274e-07,9.999991911180883,10.00000163604852
0.4990000000000004,49.90000000000044,-2.486171797877468e-07,19.999986325407257,4.576658735322425e-08,-2.803989261890294e-07,9.999991911180885,10.000001636048527
0.5000000000000003,50,-2.486171888915756e-07,19.999986325407264,4.576658352295482e-08,-2.8039891464270994e-07,9.999991911180878,10.000001636048506
0.5010000000000003,49.9,-2.486171854498842e-07,19.999986325407264,4.5766582967843306e-08,-2.803989049282585e-07,9.999991911180878,10.000001636048491
0.5020000000000003,49.8,-2.4861718483926154e-07,19.999986325407253,4.576658590993432e-08,-2.803989033184351e-07,9.999991911180878,10.000001636048491
0.5030000000000003,49.699999999999996,-2.486171880589083e-07,19.999986325407257,4.5766583411932515e-08,-2.803989014865671e-07,9.999991911180878,10.000001636048498
0.5040000000000003,49.599999999999994,-2.4861717934365757e-07,19.99998632540726,4.576658585442317e-08,-2.803989035404797e-07,9.999991911180881,10.000001636048498
0.5050000000000003,49.49999999999999,-2.4861718572743996e-07,19.99998632540725,4.576658663157929e-08,-2.803989097022175e-07,9.99999191118088,10.000001636048513
0.5060000000000003,49.39999999999999,-2.4861717662361116e-07,19.999986325407264,4.576659040633757e-08,-2.803989160304887e-07,9.999991911180883,10.000001636048511
0.5070000000000003,49.29999999999999,-2.486171665760928e-07,19.999986325407267,4.576658635402353e-08,-2.803989142541319e-07,9.999991911180878,10.000001636048523
0.5080000000000003,49.19999999999999,-2.4861717673463346e-07,19.999986325407253,4.57665918496275e-08,-2.803989217481373e-07,9.999991911180883,10.000001636048511
0.5090000000000003,49.09999999999999,-2.486171796212133e-07,19.99998632540727,4.5766586964646194e-08,-2.8039890509479193e-07,9.999991911180881,10.000001636048495
0.5100000000000003,48.999999999999986,-2.486171751248101e-07,19.999986325407257,4.5766592349227864e-08,-2.803989011535002e-07,9.999991911180874,10.000001636048516
0.5110000000000003,48.899999999999984,-2.486171762350331e-07,19.999986325407274,4.576658763078001e-08,-2.8039889449216204e-07,9.999991911180874,10.000001636048497
0.5120000000000003,48.79999999999998,-2.486171867266407e-07,19.999986325407267,4.576658213517604e-08,-2.8039889882203184e-07,9.999991911180878,10.000001636048498
0.5130000000000003,48.69999999999998,-2.4861717901059066e-07,19.99998632540725,4.5766581524553374e-08,-2.8039891974973585e-07,9.999991911180881,10.000001636048506
0.5140000000000003,48.59999999999998,-2.4861719721824826e-07,19.999986325407257,4.576658763078001e-08,-2.803989180844013e-07,9.999991911180883,10.000001636048506
0.5150000000000003,48.49999999999998,-2.4861719188917775e-07,19.999986325407264,4.576658735322425e-08,-2.803989107014182e-07,9.99999191118088,10.000001636048504
0.5160000000000003,48.39999999999998,-2.486171937765569e-07,19.99998632540725,4.576659351496204e-08,-2.8039891369902037e-07,9.999991911180878,10.0000016360485
0.5170000000000003,48.299999999999976,-2.486171876148191e-07,19.999986325407257,4.5766577083661275e-08,-2.8039891813991247e-07,9.999991911180874,10.000001636048502
0.5180000000000003,48.199999999999974,-2.4861719266633386e-07,19.999986325407264,4.576658091393071e-08,-2.803989199162693e-07,9.999991911180874,10.000001636048513
0.5190000000000003,48.09999999999997,-2.4861718983526515e-07,19.999986325407278,4.576658535482281e-08,-2.803989028743459e-07,9.999991911180881,10.000001636048491
0.5200000000000004,47.99999999999997,-2.4861718822544177e-07,19.999986325407264,4.5766589462648e-08,-2.8039890065389983e-07,9.99999191118088,10.000001636048495
0.5210000000000004,47.89999999999997,-2.486171843396612e-07,19.999986325407278,4.576659362598434e-08,-2.803989035404797e-07,9.999991911180876,10.000001636048498
0.5220000000000004,47.79999999999997,-2.4861718161961477e-07,19.99998632540726,4.576659679011996e-08,-2.803989086475056e-07,9.999991911180876,10.000001636048506
0.5230000000000004,47.69999999999997,-2.486171871707299e-07,19.999986325407264,4.5766594625185064e-08,-2.8039890392905775e-07,9.999991911180878,10.000001636048498
0.5240000000000004,47.599999999999966,-2.4861717651258886e-07,19.99998632540727,4.5766586520556984e-08,-2.803989068156376e-07,9.999991911180878,10.000001636048504
0.5250000000000004,47.499999999999964,-2.4861717357049784e-07,19.999986325407257,4.576658280130985e-08,-2.8039891053488475e-07,9.999991911180873,10.00000163604851
0.5260000000000004,47.39999999999996,-2.4861718039836944e-07,19.999986325407274,4.576658124699762e-08,-2.803989075372826e-07,9.999991911180874,10.000001636048497
0.5270000000000004,47.29999999999996,-2.486171734039644e-07,19.99998632540726,4.576659035082642e-08,-2.803989092026171e-07,9.999991911180885,10.000001636048493
0.5280000000000004,47.19999999999996,-2.4861717434765396e-07,19.999986325407274,4.5766577083661275e-08,-2.8039891863951283e-07,9.999991911180881,10.000001636048513
0.5290000000000004,47.09999999999996,-2.4861717323743093e-07,19.999986325407264,4.5766584244599784e-08,-2.8039890531683653e-07,9.999991911180874,10.000001636048498
0.5300000000000004,46.99999999999996,-2.4861717229374136e-07,19.99998632540727,4.5766584300110935e-08,-2.80398908425461e-07,9.99999191118088,10.000001636048506
0.5310000000000004,46.899999999999956,-2.486171726823194e-07,19.999986325407264,4.576657786081739e-08,-2.803989094801729e-07,9.999991911180878,10.000001636048511
0.5320000000000004,46.799999999999955,-2.486171776228119e-07,19.999986325407264,4.576658230170949e-08,-2.803989130883977e-07,9.999991911180883,10.0000016360485
0.5330000000000004,46.69999999999995,-2.4861718139757016e-07,19.999986325407257,4.57665826347764e-08,-2.8039890964670633e-07,9.99999191118088,10.000001636048504
0.5340000000000004,46.59999999999995,-2.486171846727281e-07,19.999986325407274,4.576659451416276e-08,-2.8039890781483834e-07,9.99999191118087,10.000001636048502
0.5350000000000004,46.49999999999995,-2.4861718939117594e-07,19.99998632540725,4.5766581635575676e-08,-2.8039890098696674e-07,9.999991911180878,10.000001636048491
0.5360000000000004,46.39999999999995,-2.486171926108227e-07,19.999986325407267,4.5766589684692605e-08,-2.803989008204333e-07,9.999991911180874,10.000001636048484
0.5370000000000004,46.29999999999995,-2.486171840621054e-07,19.99998632540726,4.576658713117965e-08,-2.8039890925812827e-07,9.99999191118088,10.000001636048495
0.5380000000000004,46.199999999999946,-2.486171877258414e-07,19.999986325407264,4.5766591572071746e-08,-2.803989138655538e-07,9.999991911180881,10.00000163604851
0.5390000000000004,46.099999999999945,-2.4861718822544177e-07,19.99998632540728,4.576658985122606e-08,-2.803989159194664e-07,9.999991911180876,10.000001636048511
0.5400000000000004,45.99999999999994,-2.4861718495028384e-07,19.999986325407264,4.5766590184292966e-08,-2.803989185284905e-07,9.999991911180874,10.000001636048506
0.5410000000000004,45.89999999999994,-2.486171841731277e-07,19.999986325407264,4.576659534683003e-08,-2.8039892202569305e-07,9.99999191118088,10.000001636048511
0.5420000000000004,45.79999999999994,-2.486171878368637e-07,19.999986325407278,4.5766595513363484e-08,-2.803989148092434e-07,9.99999191118087,10.000001636048516
0.5430000000000004,45.69999999999994,-2.4861717368152014e-07,19.999986325407253,4.5766598344432197e-08,-2.8039890664910416e-07,9.999991911180867,10.000001636048495
0.5440000000000004,45.59999999999994,-2.486171804538806e-07,19.99998632540725,4.576659429211816e-08,-2.8039891381004267e-07,9.999991911180874,10.000001636048502
0.5450000000000004,45.499999999999936,-2.486171762350331e-07,19.99998632540726,4.5766585687889716e-08,-2.803989154753772e-07,9.999991911180878,10.000001636048514
0.5460000000000004,45.399999999999935,-2.4861717956570217e-07,19.99998632540727,4.576658818589152e-08,-2.803989062605261e-07,9.999991911180881,10.000001636048502
0.5470000000000004,45.29999999999993,-2.486171763460554e-07,19.999986325407264,4.5766592349227864e-08,-2.8039890653808186e-07,9.999991911180878,10.000001636048514
0.5480000000000004,45.19999999999993,-2.486171798987691e-07,19.999986325407257,4.576658996224836e-08,-2.8039890836994985e-07,9.999991911180878,10.000001636048504
0.5490000000000004,45.09999999999993,-2.4861717640156655e-07,19.999986325407257,4.576658546584511e-08,-2.8039890986875093e-07,9.999991911180873,10.000001636048495
0.5500000000000004,44.99999999999993,-2.4861717468072086e-07,19.999986325407264,4.576657997024114e-08,-2.803989306299215e-07,9.999991911180873,10.000001636048516
0.5510000000000004,44.89999999999993,-2.4861717889956836e-07,19.999986325407278,4.576658496624475e-08,-2.803989251898287e-07,9.999991911180885,10.00000163604852
0.5520000000000004,44.799999999999926,-2.486171827298378e-07,19.999986325407278,4.576657958166308e-08,-2.803989162525333e-07,9.999991911180885,10.00000163604851
0.5530000000000004,44.699999999999925,-2.486171839510831e-07,19.99998632540727,4.5766588296913824e-08,-2.803989123112416e-07,9.99999191118088,10.00000163604851
0.5540000000000004,44.59999999999992,-2.486171801208137e-07,19.99998632540725,4.5766587408735404e-08,-2.8039891575293296e-07,9.999991911180883,10.000001636048507
0.5550000000000004,44.49999999999992,-2.4861718606050687e-07,19.999986325407253,4.576658357846597e-08,-2.8039890037634407e-07,9.999991911180883,10.000001636048488
0.5560000000000004,44.39999999999992,-2.4861719061242127e-07,19.999986325407253,4.5766591572071746e-08,-2.8039890914710597e-07,9.999991911180878,10.000001636048502
0.5570000000000004,44.29999999999992,-2.4861718356250506e-07,19.999986325407257,4.576658402255518e-08,-2.803989072597268e-07,9.999991911180878,10.000001636048491
0.5580000000000004,44.19999999999992,-2.486171912785551e-07,19.999986325407257,4.576658757526886e-08,-2.803988972677196e-07,9.999991911180878,10.000001636048475
0.5590000000000004,44.099999999999916,-2.4861719233326696e-07,19.999986325407267,4.57665893516257e-08,-2.803989035404797e-07,9.999991911180873,10.000001636048498
0.5600000000000004,43.999999999999915,-2.48617175457877e-07,19.99998632540726,4.57665872977131e-08,-2.803989149202657e-07,9.999991911180883,10.000001636048518
0.5610000000000004,43.89999999999991,-2.4861717767832303e-07,19.999986325407257,4.576658713117965e-08,-2.803989110344851e-07,9.999991911180878,10.000001636048498
0.5620000000000004,43.79999999999991,-2.486171853388619e-07,19.999986325407264,4.576657497423753e-08,-2.803989118671524e-07,9.999991911180876,10.000001636048507
0.5630000000000004,43.69999999999991,-2.4861717973223563e-07,19.999986325407264,4.576657736121703e-08,-2.803989061495038e-07,9.999991911180883,10.000001636048506
0.5640000000000004,43.59999999999991,-2.4861717617952195e-07,19.99998632540726,4.576657997024114e-08,-2.8039889765629766e-07,9.999991911180881,10.000001636048493
0.5650000000000004,43.49999999999991,-2.486171819526817e-07,19.999986325407253,4.576657991472999e-08,-2.8039890415110236e-07,9.999991911180881,10.000001636048502
0.5660000000000004,43.399999999999906,-2.4861717812241224e-07,19.999986325407257,4.576657913757387e-08,-2.8039890870301676e-07,9.999991911180881,10.000001636048504
0.5670000000000004,43.299999999999905,-2.486171800097914e-07,19.99998632540726,4.5766584244599784e-08,-2.8039891608599987e-07,9.999991911180874,10.00000163604851
0.5680000000000004,43.1999999999999,-2.4861717468072086e-07,19.999986325407274,4.576658668709044e-08,-2.8039891108999626e-07,9.999991911180881,10.000001636048495
0.5690000000000004,43.0999999999999,-2.486171837290385e-07,19.999986325407264,4.576657680610552e-08,-2.8039891702968944e-07,9.999991911180885,10.000001636048507
0.5700000000000004,42.9999999999999,-2.486171856719288e-07,19.99998632540727,4.5766593792517796e-08,-2.803989082034164e-07,9.999991911180878,10.000001636048506
0.5710000000000004,42.8999999999999,-2.4861718200819283e-07,19.999986325407253,4.576659590194154e-08,-2.8039890553888114e-07,9.999991911180881,10.000001636048506
0.5720000000000004,42.7999999999999,-2.4861718311841585e-07,19.99998632540727,4.576659368149549e-08,-2.8039890587194805e-07,9.99999191118088,10.000001636048498
0.5730000000000004,42.699999999999896,-2.4861719039037666e-07,19.99998632540727,4.576659862198795e-08,-2.803989107014182e-07,9.999991911180878,10.0000016360485
0.5740000000000004,42.599999999999895,-2.486171842286389e-07,19.99998632540725,4.576658846344728e-08,-2.8039891442066534e-07,9.99999191118088,10.000001636048514
0.5750000000000004,42.49999999999989,-2.4861718161961477e-07,19.99998632540726,4.5766591905138654e-08,-2.8039890437314696e-07,9.999991911180876,10.000001636048506
0.5760000000000004,42.39999999999989,-2.486171800097914e-07,19.999986325407278,4.576659223820556e-08,-2.803989146982211e-07,9.999991911180874,10.000001636048523
0.5770000000000004,42.29999999999989,-2.486171686300054e-07,19.99998632540725,4.5766587908335765e-08,-2.8039891530884375e-07,9.999991911180881,10.000001636048513
0.5780000000000004,42.19999999999989,-2.486171759019662e-07,19.99998632540726,4.5766588407936126e-08,-2.8039891347697576e-07,9.999991911180885,10.000001636048497
0.5790000000000004,42.09999999999989,-2.486171751248101e-07,19.999986325407278,4.5766589740203756e-08,-2.8039890881403906e-07,9.999991911180869,10.000001636048507
0.5800000000000004,41.999999999999886,-2.4861717834445685e-07,19.999986325407278,4.5766589740203756e-08,-2.803989024857678e-07,9.99999191118087,10.000001636048502
0.5810000000000004,41.899999999999885,-2.48617183173927e-07,19.999986325407257,4.576658807486922e-08,-2.8039890281883473e-07,9.999991911180869,10.000001636048502
0.5820000000000004,41.79999999999988,-2.4861718367352736e-07,19.999986325407267,4.576659073940448e-08,-2.8039891269981965e-07,9.999991911180889,10.000001636048488
0.5830000000000004,41.69999999999988,-2.486171844506835e-07,19.999986325407235,4.576659207167211e-08,-2.8039889882203184e-07,9.999991911180885,10.000001636048484
0.5840000000000004,41.59999999999988,-2.4861718667112953e-07,19.999986325407267,4.576659357047319e-08,-2.8039890587194805e-07,9.999991911180878,10.000001636048495
0.5850000000000004,41.49999999999988,-2.486171737370313e-07,19.99998632540725,4.576658757526886e-08,-2.803989165300891e-07,9.999991911180881,10.000001636048532
0.5860000000000004,41.39999999999988,-2.486171822857486e-07,19.999986325407264,4.5766579803707685e-08,-2.8039891941666895e-07,9.999991911180881,10.000001636048525
0.5870000000000004,41.299999999999876,-2.4861718800339716e-07,19.999986325407267,4.5766587852824614e-08,-2.803989090915948e-07,9.999991911180883,10.000001636048498
0.5880000000000004,41.199999999999875,-2.486171863380626e-07,19.999986325407264,4.576659118349369e-08,-2.803988990995876e-07,9.999991911180885,10.000001636048498
0.5890000000000004,41.09999999999987,-2.486171800097914e-07,19.99998632540727,4.576658402255518e-08,-2.803989059274592e-07,9.999991911180876,10.00000163604851
0.5900000000000004,40.99999999999987,-2.486171770121892e-07,19.999986325407257,4.576658713117965e-08,-2.80398915031288e-07,9.999991911180876,10.000001636048506
0.5910000000000004,40.89999999999987,-2.486171760129885e-07,19.999986325407278,4.5766578360417753e-08,-2.803989123112416e-07,9.999991911180867,10.000001636048506
0.5920000000000004,40.79999999999987,-2.4861717573543274e-07,19.999986325407242,4.576658813038037e-08,-2.80398911367552e-07,9.999991911180878,10.000001636048497
0.5930000000000004,40.69999999999987,-2.486171692961392e-07,19.999986325407264,4.57665871866908e-08,-2.803989159194664e-07,9.999991911180878,10.00000163604852
0.5940000000000004,40.599999999999866,-2.486171790661018e-07,19.99998632540725,4.5766581635575676e-08,-2.803989148092434e-07,9.999991911180876,10.00000163604851
0.5950000000000004,40.499999999999865,-2.4861717445867626e-07,19.999986325407267,4.576658985122606e-08,-2.80398907315238e-07,9.99999191118087,10.00000163604851
0.5960000000000004,40.399999999999864,-2.4861718234125973e-07,19.999986325407267,4.576659073940448e-08,-2.8039890370701315e-07,9.999991911180881,10.000001636048497
0.5970000000000004,40.29999999999986,-2.4861717390356475e-07,19.999986325407264,4.5766589740203756e-08,-2.803989087585279e-07,9.999991911180876,10.000001636048498
0.5980000000000004,40.19999999999986,-2.4861717379254245e-07,19.99998632540726,4.576658685362389e-08,-2.803989117006189e-07,9.99999191118088,10.000001636048516
0.5990000000000004,40.09999999999986,-2.486171843396612e-07,19.999986325407264,4.576658402255518e-08,-2.803989002098106e-07,9.999991911180876,10.000001636048498
0.6000000000000004,39.99999999999986,-2.486171823967709e-07,19.999986325407257,4.576658912958109e-08,-2.80398895213807e-07,9.999991911180876,10.000001636048497
0.6010000000000004,39.89999999999986,-2.486171953308691e-07,19.999986325407278,4.576658851895843e-08,-2.8039889937714335e-07,9.99999191118087,10.00000163604849
0.6020000000000004,39.799999999999855,-2.486171870597076e-07,19.999986325407264,4.576659395905125e-08,-2.8039889082842606e-07,9.999991911180876,10.000001636048486
0.6030000000000004,39.699999999999854,-2.486171920557112e-07,19.999986325407264,4.5766601008967456e-08,-2.803989033184351e-07,9.99999191118088,10.000001636048504
0.6040000000000004,39.59999999999985,-2.486171881699306e-07,19.99998632540727,4.5766594680696215e-08,-2.8039890848097215e-07,9.999991911180867,10.000001636048516
0.6050000000000004,39.49999999999985,-2.486171866156184e-07,19.99998632540725,4.576658418908863e-08,-2.803989087585279e-07,9.999991911180876,10.000001636048504
0.6060000000000004,39.39999999999985,-2.4861718389557197e-07,19.999986325407257,4.576658396704403e-08,-2.803989175292898e-07,9.999991911180878,10.000001636048514
0.6070000000000004,39.29999999999985,-2.4861718583846226e-07,19.99998632540726,4.576657924859617e-08,-2.803989107014182e-07,9.999991911180878,10.000001636048493
0.6080000000000004,39.19999999999985,-2.486171810089921e-07,19.999986325407253,4.576657608446055e-08,-2.803989050392808e-07,9.999991911180885,10.000001636048488
0.6090000000000004,39.099999999999845,-2.4861718689317414e-07,19.999986325407257,4.5766577916328544e-08,-2.8039891258879734e-07,9.99999191118088,10.000001636048497
0.6100000000000004,38.999999999999844,-2.486171841731277e-07,19.999986325407246,4.576658724220195e-08,-2.8039891530884375e-07,9.999991911180883,10.000001636048507
0.6110000000000004,38.89999999999984,-2.4861717695667807e-07,19.99998632540725,4.576657680610552e-08,-2.803989029853682e-07,9.99999191118088,10.000001636048502
0.6120000000000004,38.79999999999984,-2.4861717673463346e-07,19.999986325407257,4.576658768629116e-08,-2.803989125332862e-07,9.999991911180874,10.000001636048497
0.6130000000000004,38.69999999999984,-2.486171677973381e-07,19.999986325407264,4.576658579891202e-08,-2.8039892080444773e-07,9.999991911180881,10.000001636048506
0.6140000000000004,38.59999999999984,-2.4861717801138994e-07,19.999986325407264,4.5766588741003034e-08,-2.8039891369902037e-07,9.999991911180874,10.000001636048516
0.6150000000000004,38.49999999999984,-2.486171761240108e-07,19.99998632540726,4.576657608446055e-08,-2.8039891825093477e-07,9.999991911180889,10.000001636048523
0.6160000000000004,38.399999999999835,-2.4861717584645504e-07,19.999986325407264,4.576658402255518e-08,-2.8039891053488475e-07,9.999991911180885,10.000001636048511
0.6170000000000004,38.299999999999834,-2.486171822857486e-07,19.99998632540726,4.5766594236607006e-08,-2.8039890587194805e-07,9.999991911180883,10.000001636048513
0.6180000000000004,38.19999999999983,-2.486171777338342e-07,19.999986325407264,4.5766593348428586e-08,-2.803989061495038e-07,9.999991911180876,10.000001636048513
0.6190000000000004,38.09999999999983,-2.4861717790036764e-07,19.999986325407264,4.576658124699762e-08,-2.803989140320873e-07,9.999991911180873,10.000001636048516
0.6200000000000004,37.99999999999983,-2.486171803428583e-07,19.999986325407285,4.576659229371671e-08,-2.803989196942247e-07,9.999991911180881,10.000001636048511
0.6210000000000004,37.89999999999983,-2.4861717562441044e-07,19.999986325407267,4.576659817789874e-08,-2.8039891636355563e-07,9.999991911180878,10.000001636048504
0.6220000000000004,37.79999999999983,-2.486171845617058e-07,19.999986325407264,4.576659340393974e-08,-2.803989112565297e-07,9.999991911180873,10.000001636048506
0.6230000000000004,37.699999999999825,-2.486171822857486e-07,19.999986325407246,4.57665940145624e-08,-2.803989072042157e-07,9.999991911180881,10.000001636048506
0.6240000000000004,37.599999999999824,-2.4861718678215183e-07,19.999986325407242,4.576658907406994e-08,-2.8039891131204087e-07,9.999991911180883,10.000001636048491
0.6250000000000004,37.49999999999982,-2.4861718389557197e-07,19.99998632540724,4.576658596544547e-08,-2.803989021527009e-07,9.999991911180876,10.00000163604848
0.6260000000000004,37.39999999999982,-2.4861718073143635e-07,19.999986325407253,4.57665872977131e-08,-2.8039890459519157e-07,9.999991911180878,10.000001636048502
0.6270000000000004,37.29999999999982,-2.4861718572743996e-07,19.99998632540727,4.5766600009766734e-08,-2.803989117006189e-07,9.99999191118088,10.000001636048507
0.6280000000000004,37.19999999999982,-2.48617187947886e-07,19.999986325407257,4.5766586076467775e-08,-2.803989154753772e-07,9.999991911180887,10.000001636048502
0.6290000000000004,37.09999999999982,-2.486171871707299e-07,19.99998632540726,4.5766590572871024e-08,-2.8039891064590705e-07,9.99999191118088,10.000001636048502
0.6300000000000004,36.999999999999815,-2.486171821747263e-07,19.999986325407253,4.5766594236607006e-08,-2.803989046507027e-07,9.999991911180876,10.000001636048498
0.6310000000000004,36.899999999999814,-2.4861718711521874e-07,19.999986325407264,4.576658457766669e-08,-2.803988944366509e-07,9.999991911180878,10.000001636048491
0.6320000000000005,36.79999999999981,-2.486171911675328e-07,19.999986325407264,4.5766583356421364e-08,-2.8039889971021026e-07,9.999991911180883,10.000001636048497
0.6330000000000005,36.69999999999981,-2.486171745141874e-07,19.999986325407264,4.5766586576068136e-08,-2.8039890548337e-07,9.999991911180889,10.000001636048498
0.6340000000000005,36.59999999999981,-2.486171887805533e-07,19.99998632540726,4.576658851895843e-08,-2.8039891020181784e-07,9.999991911180889,10.00000163604851
0.6350000000000005,36.49999999999981,-2.4861717845547915e-07,19.999986325407246,4.576658302335446e-08,-2.803989090915948e-07,9.999991911180883,10.000001636048507
0.6360000000000005,36.39999999999981,-2.486171841176166e-07,19.99998632540725,4.576658313437676e-08,-2.803989095911952e-07,9.999991911180887,10.000001636048498
0.6370000000000005,36.299999999999805,-2.48617188669531e-07,19.999986325407267,4.576657508525983e-08,-2.80398908425461e-07,9.999991911180874,10.000001636048495
0.6380000000000005,36.199999999999804,-2.4861717334845324e-07,19.999986325407257,4.576658191313143e-08,-2.8039891120101856e-07,9.999991911180874,10.000001636048504
0.6390000000000005,36.0999999999998,-2.4861717173862985e-07,19.999986325407278,4.5766587519757707e-08,-2.8039890143105595e-07,9.99999191118087,10.000001636048506
0.6400000000000005,35.9999999999998,-2.486171764570777e-07,19.999986325407274,4.576657547383789e-08,-2.8039891108999626e-07,9.999991911180887,10.00000163604851
0.6410000000000005,35.8999999999998,-2.4861718378454967e-07,19.999986325407267,4.576658763078001e-08,-2.8039891108999626e-07,9.999991911180876,10.000001636048513
0.6420000000000005,35.7999999999998,-2.4861718028734714e-07,19.99998632540726,4.576659207167211e-08,-2.803989026523013e-07,9.999991911180883,10.000001636048507
0.6430000000000005,35.6999999999998,-2.486171822857486e-07,19.999986325407267,4.576659839994335e-08,-2.8039889971021026e-07,9.99999191118088,10.000001636048491
0.6440000000000005,35.599999999999795,-2.486171800097914e-07,19.999986325407264,4.576659839994335e-08,-2.803988948807401e-07,9.999991911180876,10.0000016360485
0.6450000000000005,35.499999999999794,-2.486171856719288e-07,19.99998632540727,4.5766588852025336e-08,-2.8039890120901134e-07,9.999991911180878,10.000001636048488
0.6460000000000005,35.39999999999979,-2.48617181342059e-07,19.999986325407257,4.576659029531527e-08,-2.8039891203368583e-07,9.999991911180878,10.000001636048506
0.6470000000000005,35.29999999999979,-2.4861717901059066e-07,19.999986325407257,4.576658868549188e-08,-2.8039890964670633e-07,9.999991911180881,10.000001636048506
0.6480000000000005,35.19999999999979,-2.4861718483926154e-07,19.999986325407257,4.576658269028755e-08,-2.8039891053488475e-07,9.999991911180876,10.000001636048516
0.6490000000000005,35.09999999999979,-2.486171823967709e-07,19.99998632540727,4.576659456967391e-08,-2.803989134214646e-07,9.999991911180878,10.000001636048513
0.6500000000000005,34.99999999999979,-2.486171881699306e-07,19.999986325407242,4.576658552135626e-08,-2.8039890792586064e-07,9.999991911180881,10.000001636048504
0.6510000000000005,34.899999999999785,-2.4861717923263527e-07,19.999986325407246,4.576658579891202e-08,-2.803989151423103e-07,9.999991911180876,10.0000016360485
0.6520000000000005,34.799999999999784,-2.486171837290385e-07,19.999986325407267,4.576659268229477e-08,-2.8039890803688294e-07,9.999991911180876,10.000001636048495
0.6530000000000005,34.69999999999978,-2.486171858939734e-07,19.99998632540727,4.576658080290841e-08,-2.8039890381803545e-07,9.999991911180876,10.000001636048511
0.6540000000000005,34.59999999999978,-2.4861718356250506e-07,19.999986325407267,4.5766587852824614e-08,-2.803989199162693e-07,9.999991911180881,10.000001636048513
0.6550000000000005,34.49999999999978,-2.486171872817522e-07,19.999986325407267,4.5766587963846916e-08,-2.803988997657214e-07,9.99999191118088,10.000001636048475
0.6560000000000005,34.39999999999978,-2.486171931659342e-07,19.99998632540726,4.5766594680696215e-08,-2.8039890748177143e-07,9.99999191118087,10.000001636048491
0.6570000000000005,34.29999999999978,-2.486171881699306e-07,19.999986325407253,4.57665893516257e-08,-2.8039891292186425e-07,9.999991911180876,10.000001636048507
0.6580000000000005,34.199999999999775,-2.486171803428583e-07,19.999986325407257,4.5766589740203756e-08,-2.8039890953568403e-07,9.999991911180878,10.000001636048506
0.6590000000000005,34.099999999999774,-2.486171714610741e-07,19.999986325407274,4.576659312638398e-08,-2.80398917973379e-07,9.999991911180873,10.000001636048522
0.6600000000000005,33.99999999999977,-2.486171757909439e-07,19.999986325407264,4.576659118349369e-08,-2.803989161970222e-07,9.999991911180881,10.000001636048518
0.6610000000000005,33.89999999999977,-2.486171778448565e-07,19.99998632540726,4.576660017630019e-08,-2.803989154753772e-07,9.999991911180881,10.000001636048504
0.6620000000000005,33.79999999999977,-2.4861718539437305e-07,19.999986325407253,4.5766593348428586e-08,-2.803989099242621e-07,9.999991911180881,10.000001636048504
0.6630000000000005,33.69999999999977,-2.486171777338342e-07,19.999986325407253,4.576659340393974e-08,-2.803989144761765e-07,9.999991911180873,10.000001636048518
0.6640000000000005,33.59999999999977,-2.4861719299940077e-07,19.999986325407257,4.576659701216457e-08,-2.803989035404797e-07,9.99999191118087,10.000001636048495
0.6650000000000005,33.499999999999766,-2.486171848947727e-07,19.99998632540727,4.576659978772213e-08,-2.803989046507027e-07,9.999991911180883,10.000001636048498
0.6660000000000005,33.399999999999764,-2.4861717956570217e-07,19.99998632540725,4.576658191313143e-08,-2.803989050392808e-07,9.999991911180885,10.000001636048504
0.6670000000000005,33.29999999999976,-2.486171815641036e-07,19.999986325407267,4.576658457766669e-08,-2.8039891597497757e-07,9.999991911180874,10.000001636048516
0.6680000000000005,33.19999999999976,-2.486171887250421e-07,19.999986325407264,4.5766591960649805e-08,-2.803989101463067e-07,9.999991911180878,10.00000163604851
0.6690000000000005,33.09999999999976,-2.4861718583846226e-07,19.999986325407257,4.576657952615193e-08,-2.8039890154207825e-07,9.999991911180878,10.000001636048493
0.6700000000000005,32.99999999999976,-2.4861718583846226e-07,19.999986325407267,4.576658224619834e-08,-2.803989024857678e-07,9.99999191118088,10.000001636048495
0.6710000000000005,32.89999999999976,-2.4861719344349e-07,19.999986325407278,4.5766587464246555e-08,-2.8039889654607464e-07,9.999991911180874,10.000001636048495
0.6720000000000005,32.799999999999756,-2.4861718789237486e-07,19.999986325407257,4.576658352295482e-08,-2.8039890087594443e-07,9.999991911180881,10.000001636048491
0.6730000000000005,32.699999999999754,-2.486171827298378e-07,19.99998632540724,4.5766581580064525e-08,-2.8039890870301676e-07,9.99999191118088,10.000001636048506
0.6740000000000005,32.59999999999975,-2.4861718300739355e-07,19.999986325407267,4.576658618749008e-08,-2.8039890687114877e-07,9.999991911180878,10.000001636048502
0.6750000000000005,32.49999999999975,-2.486171907789547e-07,19.99998632540725,4.576657725019473e-08,-2.8039890709319337e-07,9.999991911180881,10.000001636048502
0.6760000000000005,32.39999999999975,-2.486171796767245e-07,19.99998632540727,4.576658618749008e-08,-2.8039891725173405e-07,9.999991911180878,10.000001636048516
0.6770000000000005,32.29999999999975,-2.486171833959716e-07,19.99998632540727,4.576658307886561e-08,-2.803989165300891e-07,9.999991911180881,10.000001636048504
0.6780000000000005,32.19999999999975,-2.486171776228119e-07,19.999986325407285,4.5766594181095854e-08,-2.8039890975772863e-07,9.999991911180881,10.0000016360485
0.6790000000000005,32.099999999999746,-2.486171786220126e-07,19.99998632540727,4.576658851895843e-08,-2.803988998767437e-07,9.999991911180892,10.000001636048497
0.6800000000000005,31.999999999999744,-2.4861718572743996e-07,19.999986325407264,4.576659023980412e-08,-2.803989074262603e-07,9.999991911180885,10.000001636048511
0.6810000000000005,31.899999999999743,-2.486171828408601e-07,19.999986325407278,4.576659140553829e-08,-2.8039890781483834e-07,9.999991911180881,10.000001636048497
0.6820000000000005,31.79999999999974,-2.486171775117896e-07,19.999986325407257,4.5766584688688994e-08,-2.803989101463067e-07,9.99999191118088,10.000001636048513
0.6830000000000005,31.69999999999974,-2.486171792881464e-07,19.999986325407242,4.5766589462648e-08,-2.8039889754527536e-07,9.999991911180873,10.000001636048506
0.6840000000000005,31.59999999999974,-2.4861717151658524e-07,19.99998632540725,4.5766595180296576e-08,-2.8039890759279373e-07,9.999991911180878,10.000001636048516
0.6850000000000005,31.499999999999737,-2.4861716590995897e-07,19.999986325407274,4.5766581635575676e-08,-2.80398919805247e-07,9.999991911180885,10.00000163604853
0.6860000000000005,31.399999999999736,-2.486171706284068e-07,19.99998632540725,4.5766587408735404e-08,-2.8039891325493116e-07,9.999991911180881,10.000001636048511
0.6870000000000005,31.299999999999734,-2.486171818416594e-07,19.99998632540725,4.57665916275829e-08,-2.803989103683513e-07,9.99999191118088,10.000001636048504
0.6880000000000005,31.199999999999733,-2.4861717767832303e-07,19.999986325407264,4.5766593792517796e-08,-2.803989122002193e-07,9.99999191118087,10.000001636048502
0.6890000000000005,31.09999999999973,-2.486171800097914e-07,19.99998632540725,4.576659090593793e-08,-2.80398906593593e-07,9.999991911180876,10.000001636048504
0.6900000000000005,30.99999999999973,-2.4861717767832303e-07,19.999986325407257,4.576657630650516e-08,-2.8039891725173405e-07,9.999991911180878,10.000001636048506
0.6910000000000005,30.89999999999973,-2.486171890025979e-07,19.999986325407264,4.5766592793317074e-08,-2.803989037625243e-07,9.99999191118088,10.00000163604849
0.6920000000000005,30.799999999999727,-2.486171760129885e-07,19.999986325407278,4.57665803588192e-08,-2.803989067046153e-07,9.999991911180885,10.000001636048495
0.6930000000000005,30.699999999999726,-2.4861718972424285e-07,19.99998632540725,4.576658052535265e-08,-2.8039891247777504e-07,9.999991911180883,10.000001636048523
0.6940000000000005,30.599999999999724,-2.4861718128654786e-07,19.999986325407264,4.5766591960649805e-08,-2.803989075372826e-07,9.999991911180881,10.000001636048506
0.6950000000000005,30.499999999999723,-2.4861718539437305e-07,19.99998632540725,4.5766579748196534e-08,-2.8039891647457793e-07,9.999991911180881,10.000001636048513
0.6960000000000005,30.39999999999972,-2.4861718733726335e-07,19.999986325407267,4.576659068389333e-08,-2.8039891214470813e-07,9.999991911180876,10.000001636048493
0.6970000000000005,30.29999999999972,-2.4861717923263527e-07,19.999986325407274,4.5766582079664886e-08,-2.8039890892506136e-07,9.999991911180876,10.000001636048506
0.6980000000000005,30.19999999999972,-2.486171805649029e-07,19.99998632540727,4.576658668709044e-08,-2.803989061495038e-07,9.999991911180876,10.000001636048497
0.6990000000000005,30.099999999999717,-2.486171880589083e-07,19.999986325407253,4.576658807486922e-08,-2.8039891647457793e-07,9.999991911180876,10.000001636048518
0.7000000000000005,29.999999999999716,-2.486171832849493e-07,19.999986325407267,4.576658824140267e-08,-2.8039891608599987e-07,9.999991911180876,10.000001636048514
0.7010000000000005,29.899999999999714,-2.486171751248101e-07,19.999986325407257,4.576658640953468e-08,-2.8039891442066534e-07,9.999991911180881,10.000001636048504
0.7020000000000005,29.799999999999713,-2.486171817861482e-07,19.999986325407278,4.576658901855879e-08,-2.8039891486475454e-07,9.999991911180881,10.0000016360485
0.7030000000000005,29.69999999999971,-2.4861718161961477e-07,19.999986325407257,4.576658713117965e-08,-2.803989035404797e-07,9.999991911180878,10.000001636048488
0.7040000000000005,29.59999999999971,-2.486171845617058e-07,19.99998632540725,4.5766596956653416e-08,-2.803989101463067e-07,9.99999191118088,10.000001636048506
0.7050000000000005,29.49999999999971,-2.486171761240108e-07,19.999986325407257,4.5766587408735404e-08,-2.8039891608599987e-07,9.99999191118089,10.000001636048504
0.7060000000000005,29.399999999999707,-2.48617182063704e-07,19.999986325407253,4.576658418908863e-08,-2.803988992106099e-07,9.99999191118087,10.0000016360485
0.7070000000000005,29.299999999999706,-2.4861718161961477e-07,19.99998632540727,4.5766587020157345e-08,-2.803989049282585e-07,9.999991911180878,10.0000016360485
0.7080000000000005,29.199999999999704,-2.48617181342059e-07,19.99998632540729,4.5766589240603395e-08,-2.8039891347697576e-07,9.999991911180876,10.00000163604851
0.7090000000000005,29.099999999999703,-2.4861718150859247e-07,19.999986325407264,4.576658774180231e-08,-2.803989127553308e-07,9.999991911180883,10.0000016360485
0.7100000000000005,28.9999999999997,-2.4861718300739355e-07,19.99998632540726,4.576658768629116e-08,-2.803989038735466e-07,9.99999191118088,10.000001636048495
0.7110000000000005,28.8999999999997,-2.4861718289637125e-07,19.999986325407257,4.5766582912332154e-08,-2.8039889710118615e-07,9.999991911180881,10.000001636048491
0.7120000000000005,28.7999999999997,-2.48617185005795e-07,19.999986325407278,4.576658269028755e-08,-2.803989138655538e-07,9.999991911180881,10.00000163604849
0.7130000000000005,28.699999999999697,-2.486171888915756e-07,19.999986325407264,4.576657869348466e-08,-2.803989137545315e-07,9.999991911180885,10.000001636048506
0.7140000000000005,28.599999999999696,-2.486171881699306e-07,19.99998632540727,4.576658008126344e-08,-2.803989082034164e-07,9.999991911180883,10.000001636048497
0.7150000000000005,28.499999999999694,-2.4861718483926154e-07,19.999986325407257,4.5766587908335765e-08,-2.8039891181164123e-07,9.999991911180881,10.000001636048502
0.7160000000000005,28.399999999999693,-2.4861718483926154e-07,19.999986325407267,4.576658768629116e-08,-2.803989205824031e-07,9.999991911180889,10.000001636048516
0.7170000000000005,28.29999999999969,-2.4861717984325793e-07,19.99998632540727,4.5766586076467775e-08,-2.8039890553888114e-07,9.999991911180881,10.000001636048506
0.7180000000000005,28.19999999999969,-2.4861718223023743e-07,19.99998632540725,4.576658979571491e-08,-2.8039890520581423e-07,9.999991911180876,10.000001636048493
0.7190000000000005,28.09999999999969,-2.4861717501378777e-07,19.99998632540725,4.5766591905138654e-08,-2.803988977118088e-07,9.999991911180876,10.000001636048477
0.7200000000000005,27.999999999999687,-2.486171785109903e-07,19.999986325407264,4.5766580247796895e-08,-2.803989026523013e-07,9.999991911180869,10.000001636048502
0.7210000000000005,27.899999999999686,-2.4861718039836944e-07,19.999986325407253,4.5766589296114546e-08,-2.8039890220821206e-07,9.99999191118087,10.000001636048506
0.7220000000000005,27.799999999999685,-2.4861718345148276e-07,19.99998632540725,4.5766591072471385e-08,-2.8039890143105595e-07,9.999991911180881,10.0000016360485
0.7230000000000005,27.699999999999683,-2.4861717801138994e-07,19.99998632540726,4.5766594625185064e-08,-2.8039889937714335e-07,9.999991911180878,10.000001636048491
0.7240000000000005,27.59999999999968,-2.4861717573543274e-07,19.999986325407264,4.5766582967843306e-08,-2.8039890620501495e-07,9.999991911180881,10.000001636048502
0.7250000000000005,27.49999999999968,-2.4861717595747734e-07,19.99998632540727,4.576658008126344e-08,-2.803989095911952e-07,9.999991911180869,10.000001636048511
0.7260000000000005,27.39999999999968,-2.486171815641036e-07,19.99998632540725,4.576658352295482e-08,-2.803989094801729e-07,9.999991911180876,10.000001636048511
0.7270000000000005,27.299999999999677,-2.486171751248101e-07,19.999986325407235,4.576658801935807e-08,-2.8039891053488475e-07,9.999991911180885,10.000001636048506
0.7280000000000005,27.199999999999676,-2.486171734039644e-07,19.999986325407264,4.576657941512963e-08,-2.8039891952769125e-07,9.999991911180878,10.00000163604852
0.7290000000000005,27.099999999999675,-2.486171778448565e-07,19.99998632540725,4.5766582523754096e-08,-2.8039891486475454e-07,9.999991911180873,10.000001636048523
0.7300000000000005,26.999999999999673,-2.48617175457877e-07,19.99998632540726,4.5766584744200145e-08,-2.803989130883977e-07,9.999991911180878,10.00000163604851
0.7310000000000005,26.89999999999967,-2.4861719211122235e-07,19.999986325407257,4.576658813038037e-08,-2.803989068156376e-07,9.999991911180881,10.000001636048495
0.7320000000000005,26.79999999999967,-2.486171742921428e-07,19.99998632540727,4.5766589185092243e-08,-2.8039891497577685e-07,9.99999191118088,10.00000163604851
0.7330000000000005,26.69999999999967,-2.486171757909439e-07,19.99998632540726,4.576659118349369e-08,-2.803989123112416e-07,9.999991911180883,10.000001636048511
0.7340000000000005,26.599999999999667,-2.486171873927745e-07,19.999986325407278,4.5766589684692605e-08,-2.80398916141511e-07,9.999991911180878,10.000001636048513
0.7350000000000005,26.499999999999666,-2.4861719427615725e-07,19.999986325407257,4.5766588352424975e-08,-2.8039891203368583e-07,9.999991911180876,10.000001636048502
0.7360000000000005,26.399999999999665,-2.4861718528335075e-07,19.999986325407257,4.576659362598434e-08,-2.803989095911952e-07,9.999991911180878,10.000001636048497
0.7370000000000005,26.299999999999663,-2.4861718667112953e-07,19.999986325407267,4.5766584799711296e-08,-2.80398916141511e-07,9.999991911180878,10.00000163604851
0.7380000000000005,26.199999999999662,-2.4861719338797883e-07,19.99998632540725,4.576657858246236e-08,-2.8039892202569305e-07,9.999991911180885,10.000001636048516
0.7390000000000005,26.09999999999966,-2.4861718928015364e-07,19.999986325407242,4.576658907406994e-08,-2.8039891408759843e-07,9.99999191118088,10.000001636048507
0.7400000000000005,25.99999999999966,-2.4861718234125973e-07,19.999986325407267,4.576659140553829e-08,-2.803989156974218e-07,9.99999191118088,10.000001636048514
0.7410000000000005,25.899999999999658,-2.486171933324677e-07,19.99998632540725,4.5766580636374954e-08,-2.8039890781483834e-07,9.999991911180883,10.000001636048504
0.7420000000000005,25.799999999999656,-2.48617186837663e-07,19.99998632540726,4.576658907406994e-08,-2.8039890814790525e-07,9.99999191118088,10.000001636048522
0.7430000000000005,25.699999999999655,-2.486171847837504e-07,19.999986325407257,4.5766589185092243e-08,-2.803988987665207e-07,9.999991911180878,10.000001636048502
0.7440000000000005,25.599999999999653,-2.4861718733726335e-07,19.999986325407257,4.5766595624385786e-08,-2.803989029853682e-07,9.99999191118088,10.000001636048506
0.7450000000000006,25.499999999999652,-2.4861719005730976e-07,19.999986325407264,4.57665941255847e-08,-2.803989045396804e-07,9.99999191118088,10.000001636048493
0.7460000000000006,25.39999999999965,-2.4861718539437305e-07,19.999986325407257,4.576658013677459e-08,-2.8039891164510777e-07,9.99999191118087,10.000001636048506
0.7470000000000006,25.29999999999965,-2.486171776228119e-07,19.999986325407267,4.576658330091021e-08,-2.803989188060463e-07,9.999991911180878,10.000001636048506
0.7480000000000006,25.199999999999648,-2.4861718223023743e-07,19.99998632540725,4.5766577472239334e-08,-2.80398906593593e-07,9.999991911180887,10.000001636048498
0.7490000000000006,25.099999999999646,-2.4861717856650145e-07,19.999986325407257,4.576658352295482e-08,-2.803989123112416e-07,9.999991911180885,10.000001636048507
0.7500000000000006,24.999999999999645,-2.486171763460554e-07,19.999986325407267,4.576658180210913e-08,-2.803989094801729e-07,9.999991911180885,10.000001636048502
0.7510000000000006,24.899999999999643,-2.486171864490849e-07,19.99998632540725,4.576657541832674e-08,-2.8039891164510777e-07,9.999991911180876,10.000001636048498
0.7520000000000006,24.799999999999642,-2.48617181342059e-07,19.999986325407257,4.576657691712782e-08,-2.8039891347697576e-07,9.999991911180876,10.000001636048513
0.7530000000000006,24.69999999999964,-2.486171785109903e-07,19.999986325407267,4.576657924859617e-08,-2.803989012645225e-07,9.999991911180881,10.00000163604849
0.7540000000000006,24.59999999999964,-2.4861718483926154e-07,19.999986325407257,4.5766588296913824e-08,-2.803988951027847e-07,9.99999191118088,10.000001636048475
0.7550000000000006,24.499999999999638,-2.486171838400608e-07,19.999986325407264,4.5766576584060914e-08,-2.8039890176412285e-07,9.999991911180874,10.000001636048491
0.7560000000000006,24.399999999999636,-2.486171881699306e-07,19.999986325407264,4.576658096944186e-08,-2.8039891214470813e-07,9.999991911180885,10.000001636048513
0.7570000000000006,24.299999999999635,-2.486171876148191e-07,19.99998632540725,4.576658357846597e-08,-2.8039890437314696e-07,9.99999191118088,10.0000016360485
0.7580000000000006,24.199999999999633,-2.4861718472823924e-07,19.99998632540726,4.57665893516257e-08,-2.8039890509479193e-07,9.999991911180874,10.000001636048498
0.7590000000000006,24.099999999999632,-2.4861718733726335e-07,19.99998632540725,4.5766587852824614e-08,-2.803989089805725e-07,9.999991911180881,10.000001636048506
0.7600000000000006,23.99999999999963,-2.48617175457877e-07,19.99998632540727,4.5766590128781814e-08,-2.803989111455074e-07,9.999991911180878,10.00000163604851
0.7610000000000006,23.89999999999963,-2.486171801208137e-07,19.99998632540727,4.57665893516257e-08,-2.803989134214646e-07,9.999991911180878,10.000001636048504
0.7620000000000006,23.799999999999628,-2.4861718844748637e-07,19.99998632540727,4.5766589684692605e-08,-2.8039891319942e-07,9.999991911180885,10.000001636048488
0.7630000000000006,23.699999999999626,-2.4861718628255147e-07,19.999986325407264,4.576658818589152e-08,-2.8039891164510777e-07,9.999991911180874,10.000001636048491
0.7640000000000006,23.599999999999625,-2.486171931104231e-07,19.999986325407278,4.576657502974868e-08,-2.8039890598297035e-07,9.999991911180876,10.000001636048506
0.7650000000000006,23.499999999999623,-2.486171762350331e-07,19.99998632540726,4.576658813038037e-08,-2.803989027078124e-07,9.99999191118088,10.000001636048498
0.7660000000000006,23.399999999999622,-2.4861717901059066e-07,19.999986325407253,4.576658269028755e-08,-2.803989136435092e-07,9.99999191118088,10.0000016360485
0.7670000000000006,23.29999999999962,-2.486171841731277e-07,19.999986325407264,4.576658041433035e-08,-2.8039891086795166e-07,9.999991911180876,10.000001636048506
0.7680000000000006,23.19999999999962,-2.486171792881464e-07,19.999986325407257,4.576658402255518e-08,-2.80398910257329e-07,9.999991911180876,10.000001636048513
0.7690000000000006,23.099999999999618,-2.486171823967709e-07,19.999986325407274,4.576657991472999e-08,-2.803989140320873e-07,9.999991911180874,10.000001636048516
0.7700000000000006,22.999999999999616,-2.486171867266407e-07,19.999986325407264,4.57665849107336e-08,-2.803989099242621e-07,9.999991911180881,10.000001636048495
0.7710000000000006,22.899999999999615,-2.4861718539437305e-07,19.999986325407257,4.576658213517604e-08,-2.803989130883977e-07,9.999991911180889,10.000001636048502
0.7720000000000006,22.799999999999613,-2.4861717706770037e-07,19.99998632540726,4.5766583356421364e-08,-2.8039890759279373e-07,9.999991911180883,10.000001636048498
0.7730000000000006,22.699999999999612,-2.48617173626009e-07,19.999986325407264,4.5766577472239334e-08,-2.8039890936915057e-07,9.999991911180878,10.000001636048506
0.7740000000000006,22.59999999999961,-2.4861718039836944e-07,19.99998632540725,4.576657280930263e-08,-2.8039891597497757e-07,9.999991911180883,10.000001636048511
0.7750000000000006,22.49999999999961,-2.4861717617952195e-07,19.99998632540725,4.576658890753649e-08,-2.803989142541319e-07,9.999991911180881,10.000001636048506
0.7760000000000006,22.399999999999608,-2.4861718095348095e-07,19.999986325407264,4.576658646504583e-08,-2.803989083144387e-07,9.999991911180876,10.000001636048506
0.7770000000000006,22.299999999999606,-2.486171798987691e-07,19.99998632540727,4.576658807486922e-08,-2.8039891369902037e-07,9.999991911180878,10.00000163604852
0.7780000000000006,22.199999999999605,-2.486171706284068e-07,19.999986325407278,4.5766592349227864e-08,-2.803989111455074e-07,9.999991911180881,10.000001636048523
0.7790000000000006,22.099999999999604,-2.486171750692989e-07,19.999986325407253,4.5766582024153735e-08,-2.803989142541319e-07,9.999991911180883,10.000001636048527
0.7800000000000006,21.999999999999602,-2.4861717995428023e-07,19.99998632540726,4.5766586964646194e-08,-2.803989049282585e-07,9.999991911180878,10.000001636048506
0.7810000000000006,21.8999999999996,-2.4861717368152014e-07,19.99998632540727,4.576658313437676e-08,-2.803989161970222e-07,9.99999191118088,10.000001636048514
0.7820000000000006,21.7999999999996,-2.486171715720964e-07,19.999986325407264,4.5766589740203756e-08,-2.8039892147058154e-07,9.99999191118088,10.000001636048514
0.7830000000000006,21.699999999999598,-2.4861717368152014e-07,19.99998632540727,4.576658635402353e-08,-2.8039891381004267e-07,9.999991911180878,10.000001636048502
0.7840000000000006,21.599999999999596,-2.4861717934365757e-07,19.999986325407257,4.57665940145624e-08,-2.803989049837696e-07,9.999991911180876,10.000001636048504
0.7850000000000006,21.499999999999595,-2.4861718211921513e-07,19.999986325407278,4.5766595124785425e-08,-2.803989060384815e-07,9.999991911180874,10.000001636048497
0.7860000000000006,21.399999999999594,-2.486171760129885e-07,19.999986325407264,4.5766592016160956e-08,-2.8039891214470813e-07,9.999991911180885,10.000001636048495
0.7870000000000006,21.299999999999592,-2.486171742921428e-07,19.999986325407264,4.5766586576068136e-08,-2.8039891497577685e-07,9.999991911180881,10.000001636048507
0.7880000000000006,21.19999999999959,-2.4861717301538633e-07,19.999986325407267,4.5766580691886105e-08,-2.8039891086795166e-07,9.99999191118088,10.0000016360485
0.7890000000000006,21.09999999999959,-2.4861716890756114e-07,19.99998632540727,4.576657680610552e-08,-2.803989173072452e-07,9.999991911180885,10.000001636048498
0.7900000000000006,20.999999999999588,-2.486171729598752e-07,19.99998632540727,4.5766591960649805e-08,-2.803989137545315e-07,9.999991911180873,10.000001636048493
0.7910000000000006,20.899999999999586,-2.486171778448565e-07,19.999986325407257,4.576659351496204e-08,-2.803989140320873e-07,9.999991911180873,10.000001636048513
0.7920000000000006,20.799999999999585,-2.486171740700982e-07,19.99998632540725,4.576658724220195e-08,-2.8039891009079554e-07,9.999991911180878,10.000001636048504
0.7930000000000006,20.699999999999584,-2.486171737370313e-07,19.999986325407264,4.5766589462648e-08,-2.803989133104423e-07,9.99999191118088,10.00000163604851
0.7940000000000006,20.599999999999582,-2.48617189779754e-07,19.99998632540727,4.5766591905138654e-08,-2.803989070376822e-07,9.999991911180876,10.000001636048516
0.7950000000000006,20.49999999999958,-2.4861718062041405e-07,19.999986325407264,4.5766584244599784e-08,-2.803989085364833e-07,9.999991911180881,10.000001636048507
0.7960000000000006,20.39999999999958,-2.486171777338342e-07,19.999986325407285,4.5766592460250166e-08,-2.803989173072452e-07,9.999991911180885,10.00000163604852
0.7970000000000006,20.299999999999578,-2.486171825077932e-07,19.99998632540728,4.576658868549188e-08,-2.803989125332862e-07,9.999991911180892,10.0000016360485
0.7980000000000006,20.199999999999577,-2.486171892246425e-07,19.99998632540725,4.576659068389333e-08,-2.803989061495038e-07,9.999991911180874,10.000001636048498
0.7990000000000006,20.099999999999575,-2.4861718916913134e-07,19.999986325407274,4.576658890753649e-08,-2.803989052613254e-07,9.999991911180876,10.000001636048504
0.8000000000000006,19.999999999999574,-2.4861718539437305e-07,19.99998632540727,4.5766588407936126e-08,-2.8039890925812827e-07,9.99999191118088,10.000001636048502
0.8010000000000006,19.899999999999572,-2.4861717912161296e-07,19.99998632540728,4.576658735322425e-08,-2.803989208599589e-07,9.999991911180885,10.000001636048511
0.8020000000000006,19.79999999999957,-2.4861718689317414e-07,19.999986325407264,4.576659523580773e-08,-2.80398906593593e-07,9.999991911180883,10.000001636048484
0.8030000000000006,19.69999999999957,-2.486171787330349e-07,19.999986325407267,4.5766591461049444e-08,-2.80398907315238e-07,9.99999191118088,10.000001636048493
0.8040000000000006,19.599999999999568,-2.486171837290385e-07,19.99998632540727,4.576658318988791e-08,-2.803989063715484e-07,9.99999191118088,10.000001636048504
0.8050000000000006,19.499999999999567,-2.4861717945467987e-07,19.999986325407257,4.5766578860018114e-08,-2.8039890076492213e-07,9.999991911180883,10.0000016360485
0.8060000000000006,19.399999999999565,-2.4861717401458705e-07,19.999986325407246,4.5766581968642583e-08,-2.8039889449216204e-07,9.999991911180876,10.000001636048507
0.8070000000000006,19.299999999999564,-2.486171841176166e-07,19.99998632540725,4.576658979571491e-08,-2.80398898877543e-07,9.999991911180878,10.00000163604852
0.8080000000000006,19.199999999999562,-2.4861717551338813e-07,19.99998632540726,4.576658219068719e-08,-2.803989109234628e-07,9.999991911180881,10.000001636048504
0.8090000000000006,19.09999999999956,-2.486171819526817e-07,19.999986325407253,4.576658235722064e-08,-2.803989165300891e-07,9.999991911180874,10.000001636048513
0.8100000000000006,18.99999999999956,-2.486171865045961e-07,19.99998632540727,4.5766582024153735e-08,-2.8039890065389983e-07,9.999991911180878,10.000001636048488
0.8110000000000006,18.899999999999558,-2.486171882809529e-07,19.999986325407278,4.5766581524553374e-08,-2.8039890481723617e-07,9.999991911180874,10.000001636048488
0.8120000000000006,18.799999999999557,-2.486171808979698e-07,19.999986325407267,4.576658213517604e-08,-2.803989176403121e-07,9.99999191118088,10.000001636048507
0.8130000000000006,18.699999999999555,-2.486171825077932e-07,19.999986325407264,4.5766575307304436e-08,-2.8039891464270994e-07,9.99999191118088,10.000001636048513
0.8140000000000006,18.599999999999554,-2.486171862270403e-07,19.99998632540727,4.5766582024153735e-08,-2.803989099242621e-07,9.999991911180876,10.000001636048513
0.8150000000000006,18.499999999999552,-2.486171769011669e-07,19.999986325407264,4.576658257926525e-08,-2.803989144761765e-07,9.999991911180885,10.000001636048513
0.8160000000000006,18.39999999999955,-2.4861719288837847e-07,19.999986325407253,4.5766585188289355e-08,-2.803989064825707e-07,9.999991911180881,10.000001636048502
0.8170000000000006,18.29999999999955,-2.4861717640156655e-07,19.99998632540727,4.5766585132778204e-08,-2.8039891530884375e-07,9.999991911180878,10.000001636048511
0.8180000000000006,18.199999999999548,-2.486171852278396e-07,19.999986325407264,4.5766596901142265e-08,-2.8039890426212466e-07,9.999991911180876,10.000001636048498
0.8190000000000006,18.099999999999547,-2.4861718461721694e-07,19.999986325407264,4.5766591572071746e-08,-2.8039890531683653e-07,9.99999191118087,10.000001636048507
0.8200000000000006,17.999999999999545,-2.4861718561641766e-07,19.999986325407257,4.576658990673721e-08,-2.803989177513344e-07,9.999991911180878,10.00000163604853
0.8210000000000006,17.899999999999544,-2.4861718084245865e-07,19.999986325407253,4.57665872977131e-08,-2.8039890914710597e-07,9.999991911180881,10.000001636048502
0.8220000000000006,17.799999999999542,-2.4861718278534894e-07,19.999986325407253,4.57665871866908e-08,-2.80398906593593e-07,9.999991911180881,10.000001636048507
0.8230000000000006,17.69999999999954,-2.4861718223023743e-07,19.999986325407257,4.576658713117965e-08,-2.8039890770381604e-07,9.999991911180887,10.000001636048502
0.8240000000000006,17.59999999999954,-2.4861717173862985e-07,19.99998632540728,4.5766587464246555e-08,-2.8039891325493116e-07,9.999991911180878,10.000001636048518
0.8250000000000006,17.499999999999538,-2.486171828408601e-07,19.999986325407267,4.5766582967843306e-08,-2.80398913921065e-07,9.999991911180878,10.000001636048507
0.8260000000000006,17.399999999999537,-2.486171764570777e-07,19.99998632540727,4.576658846344728e-08,-2.803989200272916e-07,9.999991911180873,10.000001636048518
0.8270000000000006,17.299999999999535,-2.486171843396612e-07,19.99998632540726,4.576658851895843e-08,-2.803989058164369e-07,9.999991911180873,10.000001636048497
0.8280000000000006,17.199999999999534,-2.486171855609065e-07,19.999986325407257,4.5766583911532877e-08,-2.8039890292985703e-07,9.999991911180874,10.000001636048497
0.8290000000000006,17.099999999999532,-2.486171835069939e-07,19.999986325407274,4.576658768629116e-08,-2.803989170852006e-07,9.999991911180881,10.00000163604851
0.8300000000000006,16.99999999999953,-2.48617187947886e-07,19.99998632540726,4.576658757526886e-08,-2.8039892124853694e-07,9.999991911180878,10.000001636048527
0.8310000000000006,16.89999999999953,-2.486171791771241e-07,19.99998632540726,4.576658374499942e-08,-2.8039892419062795e-07,9.999991911180881,10.000001636048527
0.8320000000000006,16.799999999999528,-2.486171864490849e-07,19.999986325407257,4.5766584300110935e-08,-2.803989205824031e-07,9.999991911180883,10.000001636048514
0.8330000000000006,16.699999999999527,-2.486171867266407e-07,19.99998632540725,4.5766581580064525e-08,-2.803989152533326e-07,9.999991911180878,10.000001636048502
0.8340000000000006,16.599999999999525,-2.486171997717612e-07,19.999986325407257,4.5766580192285744e-08,-2.803989038735466e-07,9.999991911180873,10.000001636048484
0.8350000000000006,16.499999999999524,-2.4861718278534894e-07,19.999986325407257,4.5766577971839695e-08,-2.803989057054146e-07,9.999991911180883,10.000001636048513
0.8360000000000006,16.399999999999523,-2.486171838400608e-07,19.99998632540726,4.576658446664439e-08,-2.8039890109798904e-07,9.999991911180878,10.000001636048504
0.8370000000000006,16.29999999999952,-2.486171763460554e-07,19.99998632540726,4.576658690913504e-08,-2.803989094801729e-07,9.999991911180885,10.00000163604852
0.8380000000000006,16.19999999999952,-2.4861717312640863e-07,19.999986325407267,4.5766587408735404e-08,-2.803989008204333e-07,9.999991911180887,10.0000016360485
0.8390000000000006,16.09999999999952,-2.4861717901059066e-07,19.999986325407246,4.576659945465522e-08,-2.8039891108999626e-07,9.999991911180887,10.000001636048507
0.8400000000000006,15.999999999999519,-2.4861717801138994e-07,19.999986325407253,4.576659712318687e-08,-2.8039890076492213e-07,9.999991911180878,10.0000016360485
0.8410000000000006,15.899999999999519,-2.486171751248101e-07,19.999986325407253,4.5766596068474996e-08,-2.803989046507027e-07,9.999991911180883,10.000001636048495
0.8420000000000006,15.79999999999952,-2.486171788440572e-07,19.999986325407264,4.5766589462648e-08,-2.803989163080445e-07,9.999991911180878,10.00000163604852
0.8430000000000006,15.69999999999952,-2.486171788440572e-07,19.999986325407246,4.576659579091924e-08,-2.803989108124405e-07,9.99999191118087,10.00000163604853
0.8440000000000006,15.59999999999952,-2.48617173626009e-07,19.99998632540727,4.5766591016960234e-08,-2.8039891530884375e-07,9.999991911180873,10.000001636048513
0.8450000000000006,15.49999999999952,-2.4861717540236583e-07,19.99998632540726,4.5766587908335765e-08,-2.803989259669848e-07,9.99999191118088,10.000001636048502
0.8460000000000006,15.39999999999952,-2.486171830629047e-07,19.999986325407274,4.5766584355622086e-08,-2.803989138655538e-07,9.999991911180881,10.000001636048491
0.8470000000000006,15.299999999999521,-2.4861718161961477e-07,19.99998632540728,4.576659040633757e-08,-2.8039891519782145e-07,9.999991911180873,10.000001636048513
0.8480000000000006,15.199999999999521,-2.4861717695667807e-07,19.999986325407267,4.576658219068719e-08,-2.803989127553308e-07,9.99999191118088,10.00000163604851
0.8490000000000006,15.099999999999522,-2.4861718161961477e-07,19.99998632540725,4.5766584300110935e-08,-2.8039890609399265e-07,9.999991911180874,10.000001636048502
0.8500000000000006,14.999999999999522,-2.486171752358324e-07,19.99998632540725,4.576658169108683e-08,-2.8039890292985703e-07,9.999991911180878,10.000001636048502
0.8510000000000006,14.899999999999523,-2.4861718550539535e-07,19.999986325407264,4.576657103294579e-08,-2.803989126443085e-07,9.999991911180881,10.000001636048514
0.8520000000000006,14.799999999999523,-2.4861717573543274e-07,19.999986325407257,4.576658618749008e-08,-2.8039890520581423e-07,9.999991911180881,10.000001636048507
0.8530000000000006,14.699999999999523,-2.486171720161856e-07,19.99998632540726,4.576658180210913e-08,-2.803989052613254e-07,9.999991911180881,10.000001636048506
0.8540000000000006,14.599999999999524,-2.4861717845547915e-07,19.999986325407264,4.5766592349227864e-08,-2.803989194721801e-07,9.999991911180881,10.00000163604851
0.8550000000000006,14.499999999999524,-2.486171864490849e-07,19.99998632540726,4.576658368948827e-08,-2.8039890437314696e-07,9.999991911180883,10.000001636048491
0.8560000000000006,14.399999999999524,-2.4861719155611084e-07,19.99998632540726,4.576658979571491e-08,-2.803989027633236e-07,9.999991911180874,10.000001636048482
0.8570000000000007,14.299999999999525,-2.4861718572743996e-07,19.99998632540726,4.576658013677459e-08,-2.8039890120901134e-07,9.999991911180869,10.0000016360485
0.8580000000000007,14.199999999999525,-2.486171817861482e-07,19.999986325407257,4.576658857446958e-08,-2.803989025967901e-07,9.999991911180878,10.000001636048504
0.8590000000000007,14.099999999999525,-2.486171723492525e-07,19.99998632540726,4.576657547383789e-08,-2.8039891086795166e-07,9.999991911180881,10.000001636048506
0.8600000000000007,13.999999999999526,-2.48617180231836e-07,19.999986325407264,4.576658313437676e-08,-2.803989185840017e-07,9.999991911180881,10.000001636048516
0.8610000000000007,13.899999999999526,-2.4861718028734714e-07,19.99998632540727,4.576658374499942e-08,-2.80398911367552e-07,9.999991911180887,10.0000016360485
0.8620000000000007,13.799999999999526,-2.486171774007673e-07,19.999986325407267,4.576659662358651e-08,-2.8039891564191066e-07,9.99999191118088,10.000001636048506
0.8630000000000007,13.699999999999527,-2.4861718334046046e-07,19.999986325407285,4.576658985122606e-08,-2.803989140320873e-07,9.99999191118088,10.000001636048506
0.8640000000000007,13.599999999999527,-2.4861718389557197e-07,19.99998632540727,4.576657991472999e-08,-2.803989011535002e-07,9.999991911180878,10.000001636048502
0.8650000000000007,13.499999999999527,-2.4861718367352736e-07,19.99998632540727,4.57665985664768e-08,-2.8039890687114877e-07,9.999991911180883,10.000001636048502
0.8660000000000007,13.399999999999528,-2.486171789550795e-07,19.999986325407267,4.576658629851238e-08,-2.8039891475373224e-07,9.999991911180873,10.000001636048518
0.8670000000000007,13.299999999999528,-2.486171796767245e-07,19.99998632540727,4.576659395905125e-08,-2.8039891875053513e-07,9.999991911180883,10.000001636048507
0.8680000000000007,13.199999999999529,-2.4861718223023743e-07,19.999986325407274,4.5766592016160956e-08,-2.8039890997977324e-07,9.999991911180883,10.000001636048497
0.8690000000000007,13.099999999999529,-2.4861717501378777e-07,19.999986325407267,4.576657697263897e-08,-2.803989142541319e-07,9.999991911180876,10.0000016360485
0.8700000000000007,12.99999999999953,-2.486171774562784e-07,19.999986325407267,4.576658646504583e-08,-2.803989103683513e-07,9.99999191118087,10.000001636048506
0.8710000000000007,12.89999999999953,-2.486171851168173e-07,19.999986325407246,4.5766582024153735e-08,-2.803989038735466e-07,9.999991911180878,10.000001636048506
0.8720000000000007,12.79999999999953,-2.4861719233326696e-07,19.999986325407264,4.576658191313143e-08,-2.803989045396804e-07,9.999991911180883,10.000001636048502
0.8730000000000007,12.69999999999953,-2.486171890025979e-07,19.999986325407257,4.57665849107336e-08,-2.8039891541986606e-07,9.999991911180878,10.00000163604852
0.8740000000000007,12.59999999999953,-2.4861718322943815e-07,19.99998632540727,4.5766587020157345e-08,-2.8039891358799807e-07,9.999991911180881,10.000001636048504
0.8750000000000007,12.499999999999531,-2.486171838400608e-07,19.999986325407278,4.57665850217559e-08,-2.8039891780684556e-07,9.999991911180881,10.000001636048507
0.8760000000000007,12.399999999999531,-2.4861718528335075e-07,19.99998632540726,4.576658235722064e-08,-2.803989195832024e-07,9.999991911180883,10.000001636048513
0.8770000000000007,12.299999999999532,-2.4861717912161296e-07,19.999986325407264,4.5766579803707685e-08,-2.803989022637232e-07,9.999991911180876,10.000001636048484
0.8780000000000007,12.199999999999532,-2.486171876148191e-07,19.999986325407264,4.5766582856821e-08,-2.8039890737074913e-07,9.999991911180878,10.00000163604849
0.8790000000000007,12.099999999999532,-2.486171869486853e-07,19.99998632540727,4.576658124699762e-08,-2.8039892657760745e-07,9.999991911180874,10.000001636048507
0.8800000000000007,11.999999999999533,-2.4861717229374136e-07,19.999986325407253,4.5766587020157345e-08,-2.8039892008280276e-07,9.999991911180873,10.000001636048491
0.8810000000000007,11.899999999999533,-2.4861718039836944e-07,19.99998632540727,4.576658096944186e-08,-2.803989138655538e-07,9.99999191118087,10.000001636048513
0.8820000000000007,11.799999999999534,-2.4861717945467987e-07,19.99998632540727,4.576658596544547e-08,-2.8039890337394624e-07,9.999991911180883,10.000001636048504
0.8830000000000007,11.699999999999534,-2.486171840621054e-07,19.999986325407257,4.57665781938843e-08,-2.8039889959918796e-07,9.999991911180876,10.0000016360485
0.8840000000000007,11.599999999999534,-2.4861718345148276e-07,19.99998632540727,4.576659407007355e-08,-2.8039890098696674e-07,9.999991911180873,10.00000163604851
0.8850000000000007,11.499999999999535,-2.4861717995428023e-07,19.999986325407253,4.5766587408735404e-08,-2.803989028743459e-07,9.999991911180881,10.00000163604851
0.8860000000000007,11.399999999999535,-2.4861718039836944e-07,19.999986325407246,4.576659223820556e-08,-2.8039891075692935e-07,9.999991911180876,10.000001636048498
0.8870000000000007,11.299999999999535,-2.486171830629047e-07,19.999986325407253,4.576658757526886e-08,-2.8039891464270994e-07,9.999991911180878,10.000001636048507
0.8880000000000007,11.199999999999536,-2.486171853388619e-07,19.999986325407257,4.57665826347764e-08,-2.803989009314556e-07,9.999991911180878,10.0000016360485
0.8890000000000007,11.099999999999536,-2.4861718245228204e-07,19.99998632540726,4.5766586131978926e-08,-2.8039889787834227e-07,9.999991911180874,10.00000163604849
0.8900000000000007,10.999999999999536,-2.486171949978022e-07,19.999986325407257,4.576659590194154e-08,-2.8039890220821206e-07,9.999991911180876,10.000001636048506
0.8910000000000007,10.899999999999537,-2.486171864490849e-07,19.999986325407278,4.5766600953456305e-08,-2.8039890953568403e-07,9.999991911180878,10.000001636048491
0.8920000000000007,10.799999999999537,-2.486171793991687e-07,19.99998632540726,4.576658413357748e-08,-2.803989105903959e-07,9.999991911180874,10.000001636048504
0.8930000000000007,10.699999999999537,-2.486171931659342e-07,19.999986325407246,4.5766598788521407e-08,-2.803989151423103e-07,9.999991911180876,10.000001636048514
0.8940000000000007,10.599999999999538,-2.486171855609065e-07,19.999986325407267,4.5766597345231474e-08,-2.803989166411114e-07,9.999991911180885,10.000001636048504
0.8950000000000007,10.499999999999538,-2.486171857829511e-07,19.999986325407257,4.576658579891202e-08,-2.803988978228311e-07,9.999991911180887,10.0000016360485
0.8960000000000007,10.399999999999539,-2.4861718106450326e-07,19.999986325407257,4.576659307087283e-08,-2.8039890254127897e-07,9.999991911180874,10.000001636048507
0.8970000000000007,10.299999999999539,-2.4861717956570217e-07,19.999986325407264,4.576658990673721e-08,-2.8039890825892755e-07,9.999991911180878,10.000001636048495
0.8980000000000007,10.19999999999954,-2.486171788440572e-07,19.99998632540727,4.57665783049066e-08,-2.803989104793736e-07,9.999991911180881,10.000001636048498
0.8990000000000007,10.09999999999954,-2.486171858939734e-07,19.999986325407253,4.576658824140267e-08,-2.8039890859199446e-07,9.999991911180878,10.000001636048495
0.9000000000000007,9.99999999999954,-2.486171721272079e-07,19.999986325407278,4.5766572587258025e-08,-2.8039891120101856e-07,9.99999191118088,10.000001636048502
0.9010000000000007,9.89999999999954,-2.486171788440572e-07,19.99998632540727,4.576657497423753e-08,-2.803989192501355e-07,9.999991911180878,10.000001636048511
0.9020000000000007,9.79999999999954,-2.486171741811205e-07,19.999986325407278,4.576657730570588e-08,-2.803989210820035e-07,9.999991911180874,10.000001636048513
0.9030000000000007,9.699999999999541,-2.486171817861482e-07,19.99998632540727,4.576658574340087e-08,-2.8039890759279373e-07,9.999991911180874,10.000001636048497
0.9040000000000007,9.599999999999541,-2.4861718439517233e-07,19.99998632540727,4.576658724220195e-08,-2.8039891292186425e-07,9.999991911180878,10.000001636048502
0.9050000000000007,9.499999999999542,-2.486171790661018e-07,19.999986325407264,4.576658446664439e-08,-2.803989154753772e-07,9.999991911180874,10.000001636048493
0.9060000000000007,9.399999999999542,-2.4861719244428926e-07,19.999986325407257,4.576658818589152e-08,-2.8039890548337e-07,9.99999191118088,10.000001636048491
0.9070000000000007,9.299999999999542,-2.486171885029975e-07,19.999986325407253,4.5766591905138654e-08,-2.8039890187514516e-07,9.999991911180878,10.000001636048504
0.9080000000000007,9.199999999999543,-2.486171765681e-07,19.999986325407267,4.576658219068719e-08,-2.803989087585279e-07,9.99999191118088,10.000001636048511
0.9090000000000007,9.099999999999543,-2.486171830629047e-07,19.999986325407267,4.576659212718326e-08,-2.803989108124405e-07,9.999991911180878,10.000001636048504
0.9100000000000007,8.999999999999543,-2.48617186116018e-07,19.999986325407253,4.5766590628382176e-08,-2.803989035404797e-07,9.999991911180874,10.000001636048497
0.9110000000000007,8.899999999999544,-2.4861719155611084e-07,19.999986325407264,4.5766593237406283e-08,-2.803989034294574e-07,9.999991911180876,10.000001636048498
0.9120000000000007,8.799999999999544,-2.4861718461721694e-07,19.999986325407264,4.576659534683003e-08,-2.8039891086795166e-07,9.999991911180878,10.000001636048506
0.9130000000000007,8.699999999999545,-2.4861718928015364e-07,19.99998632540726,4.576659501376312e-08,-2.803989068156376e-07,9.999991911180881,10.000001636048498
0.9140000000000007,8.599999999999545,-2.48617173626009e-07,19.999986325407264,4.576658763078001e-08,-2.803989009314556e-07,9.999991911180874,10.000001636048495
0.9150000000000007,8.499999999999545,-2.486171838400608e-07,19.999986325407267,4.5766592404739015e-08,-2.803989087585279e-07,9.999991911180876,10.000001636048491
0.9160000000000007,8.399999999999546,-2.486171856719288e-07,19.999986325407264,4.576658485522245e-08,-2.8039890076492213e-07,9.999991911180881,10.000001636048488
0.9170000000000007,8.299999999999546,-2.486171864490849e-07,19.99998632540725,4.576659495825197e-08,-2.803989032074128e-07,9.99999191118087,10.000001636048491
0.9180000000000007,8.199999999999546,-2.486171819526817e-07,19.99998632540725,4.5766590628382176e-08,-2.803989049282585e-07,9.999991911180876,10.000001636048511
0.9190000000000007,8.099999999999547,-2.4861718428415003e-07,19.999986325407264,4.5766576195482855e-08,-2.803989094246617e-07,9.999991911180876,10.000001636048507
0.9200000000000007,7.999999999999547,-2.4861718256330434e-07,19.999986325407253,4.576657924859617e-08,-2.8039891303288655e-07,9.999991911180876,10.000001636048488
0.9210000000000007,7.899999999999547,-2.4861718844748637e-07,19.99998632540727,4.5766581135975315e-08,-2.8039890337394624e-07,9.999991911180878,10.000001636048488
0.9220000000000007,7.799999999999548,-2.486171880589083e-07,19.999986325407264,4.576656964516701e-08,-2.803989063715484e-07,9.999991911180883,10.00000163604851
0.9230000000000007,7.699999999999548,-2.486171804538806e-07,19.99998632540727,4.5766573419925294e-08,-2.803989072042157e-07,9.999991911180876,10.000001636048502
0.9240000000000007,7.5999999999995485,-2.486171761240108e-07,19.999986325407267,4.5766569922722766e-08,-2.8039891319942e-07,9.999991911180876,10.000001636048502
0.9250000000000007,7.499999999999549,-2.4861718428415003e-07,19.99998632540725,4.576658774180231e-08,-2.803989082034164e-07,9.99999191118088,10.000001636048498
0.9260000000000007,7.399999999999549,-2.486171806759252e-07,19.999986325407274,4.576658757526886e-08,-2.8039891553088836e-07,9.999991911180885,10.000001636048507
0.9270000000000007,7.2999999999995495,-2.4861719200020005e-07,19.999986325407257,4.576657902655157e-08,-2.803989099242621e-07,9.99999191118088,10.000001636048497
0.9280000000000007,7.19999999999955,-2.4861718017632484e-07,19.99998632540726,4.5766586520556984e-08,-2.803989098132398e-07,9.999991911180881,10.000001636048497
0.9290000000000007,7.09999999999955,-2.486171775117896e-07,19.999986325407242,4.576658979571491e-08,-2.803989085364833e-07,9.99999191118088,10.0000016360485
0.9300000000000007,6.999999999999551,-2.4861718656010723e-07,19.99998632540726,4.576659662358651e-08,-2.8039890892506136e-07,9.999991911180878,10.000001636048497
0.9310000000000007,6.899999999999551,-2.486171786220126e-07,19.99998632540725,4.5766592848828225e-08,-2.803989080923941e-07,9.999991911180881,10.0000016360485
0.9320000000000007,6.799999999999551,-2.4861718928015364e-07,19.99998632540725,4.576659540234118e-08,-2.803989015975894e-07,9.999991911180883,10.000001636048502
0.9330000000000007,6.699999999999552,-2.4861718389557197e-07,19.999986325407246,4.576658768629116e-08,-2.803988986554984e-07,9.999991911180881,10.000001636048498
0.9340000000000007,6.599999999999552,-2.4861719133406623e-07,19.99998632540725,4.5766607226216394e-08,-2.803989070376822e-07,9.999991911180876,10.00000163604849
0.9350000000000007,6.499999999999552,-2.4861717584645504e-07,19.999986325407264,4.576659712318687e-08,-2.8039891780684556e-07,9.999991911180869,10.000001636048497
0.9360000000000007,6.399999999999553,-2.4861717984325793e-07,19.999986325407264,4.576658535482281e-08,-2.8039892580045134e-07,9.999991911180878,10.000001636048522
0.9370000000000007,6.299999999999553,-2.4861718428415003e-07,19.999986325407257,4.57665916275829e-08,-2.8039891292186425e-07,9.999991911180881,10.000001636048507
0.9380000000000007,6.199999999999553,-2.486171828408601e-07,19.999986325407257,4.576658085841956e-08,-2.803989061495038e-07,9.99999191118088,10.000001636048506
0.9390000000000007,6.099999999999554,-2.486171800097914e-07,19.999986325407257,4.576658618749008e-08,-2.8039890759279373e-07,9.99999191118087,10.000001636048497
0.9400000000000007,5.999999999999554,-2.4861718322943815e-07,19.999986325407264,4.576658851895843e-08,-2.8039890520581423e-07,9.999991911180881,10.000001636048488
0.9410000000000007,5.8999999999995545,-2.486171869486853e-07,19.999986325407274,4.576658357846597e-08,-2.8039890631603726e-07,9.999991911180883,10.000001636048486
0.9420000000000007,5.799999999999555,-2.486171826188155e-07,19.999986325407264,4.576657880450696e-08,-2.803989099242621e-07,9.999991911180873,10.000001636048493
0.9430000000000007,5.699999999999555,-2.486171806759252e-07,19.99998632540728,4.576657508525983e-08,-2.8039892224773766e-07,9.999991911180883,10.000001636048506
0.9440000000000007,5.5999999999995556,-2.4861718356250506e-07,19.999986325407246,4.576657064436773e-08,-2.8039890348496854e-07,9.99999191118088,10.000001636048484
0.9450000000000007,5.499999999999556,-2.4861718267432664e-07,19.99998632540725,4.576657014476737e-08,-2.8039890859199446e-07,9.999991911180878,10.000001636048498
0.9460000000000007,5.399999999999556,-2.4861718095348095e-07,19.999986325407257,4.5766574807704075e-08,-2.8039890709319337e-07,9.99999191118088,10.000001636048506
0.9470000000000007,5.299999999999557,-2.4861717790036764e-07,19.999986325407257,4.576657514077098e-08,-2.8039891553088836e-07,9.999991911180881,10.000001636048513
0.9480000000000007,5.199999999999557,-2.4861718833646407e-07,19.999986325407257,4.576657464117062e-08,-2.803989048727473e-07,9.999991911180878,10.00000163604849
0.9490000000000007,5.099999999999557,-2.486171838400608e-07,19.999986325407257,4.576658640953468e-08,-2.8039889993225486e-07,9.999991911180878,10.000001636048482
0.9500000000000007,4.999999999999558,-2.486171842286389e-07,19.99998632540726,4.576659085042678e-08,-2.8039890925812827e-07,9.999991911180883,10.000001636048498
0.9510000000000007,4.899999999999558,-2.486171801208137e-07,19.999986325407264,4.5766588407936126e-08,-2.803989117006189e-07,9.999991911180874,10.000001636048502
0.9520000000000007,4.799999999999558,-2.486171837290385e-07,19.999986325407267,4.576658535482281e-08,-2.803989097022175e-07,9.999991911180876,10.000001636048513
0.9530000000000007,4.699999999999559,-2.486171825077932e-07,19.99998632540725,4.576658624300123e-08,-2.8039890848097215e-07,9.999991911180883,10.000001636048502
0.9540000000000007,4.599999999999559,-2.486171872817522e-07,19.999986325407264,4.5766586576068136e-08,-2.803989101463067e-07,9.999991911180878,10.000001636048504
0.9550000000000007,4.4999999999995595,-2.4861717456969856e-07,19.99998632540726,4.5766585576867413e-08,-2.803989118671524e-07,9.99999191118088,10.00000163604851
0.9560000000000007,4.39999999999956,-2.486171771232115e-07,19.999986325407278,4.576658219068719e-08,-2.803989138655538e-07,9.99999191118087,10.000001636048507
0.9570000000000007,4.29999999999956,-2.4861718234125973e-07,19.999986325407267,4.576657408605911e-08,-2.803989129773754e-07,9.999991911180873,10.000001636048511
0.9580000000000007,4.1999999999995605,-2.4861718778135256e-07,19.99998632540727,4.576658951815915e-08,-2.803989107014182e-07,9.999991911180876,10.000001636048498
0.9590000000000007,4.099999999999561,-2.4861718550539535e-07,19.99998632540728,4.576658169108683e-08,-2.803989158084441e-07,9.99999191118088,10.000001636048506
0.9600000000000007,3.999999999999561,-2.486171789550795e-07,19.999986325407257,4.5766580303308046e-08,-2.8039890564990344e-07,9.999991911180878,10.00000163604849
0.9610000000000007,3.8999999999995607,-2.48617186837663e-07,19.999986325407257,4.576658041433035e-08,-2.803989060384815e-07,9.999991911180885,10.000001636048491
0.9620000000000007,3.7999999999995606,-2.4861718311841585e-07,19.999986325407257,4.576658413357748e-08,-2.803989070376822e-07,9.999991911180876,10.000001636048498
0.9630000000000007,3.6999999999995605,-2.486171814530813e-07,19.99998632540725,4.576659140553829e-08,-2.803989076483049e-07,9.999991911180878,10.000001636048498
0.9640000000000007,3.5999999999995604,-2.486171841731277e-07,19.99998632540726,4.5766582523754096e-08,-2.803989164190668e-07,9.999991911180874,10.000001636048506
0.9650000000000007,3.4999999999995604,-2.486171811200144e-07,19.999986325407264,4.576659312638398e-08,-2.803989123112416e-07,9.999991911180881,10.000001636048498
0.9660000000000007,3.3999999999995603,-2.4861718517232845e-07,19.999986325407267,4.5766591905138654e-08,-2.803989076483049e-07,9.999991911180885,10.000001636048514
0.9670000000000007,3.29999999999956,-2.4861717273783057e-07,19.999986325407292,4.576658102495301e-08,-2.8039890664910416e-07,9.999991911180881,10.00000163604851
0.9680000000000007,3.19999999999956,-2.486171866156184e-07,19.99998632540726,4.576659179411635e-08,-2.803989046507027e-07,9.99999191118088,10.000001636048502
0.9690000000000007,3.09999999999956,-2.4861717812241224e-07,19.999986325407253,4.576658485522245e-08,-2.8039891464270994e-07,9.999991911180883,10.000001636048518
0.9700000000000008,2.99999999999956,-2.4861717251578597e-07,19.99998632540726,4.5766588352424975e-08,-2.803989097022175e-07,9.999991911180876,10.000001636048513
0.9710000000000008,2.89999999999956,-2.486171770121892e-07,19.99998632540726,4.5766586076467775e-08,-2.803989159194664e-07,9.999991911180878,10.000001636048513
0.9720000000000008,2.7999999999995597,-2.486171798987691e-07,19.99998632540725,4.576658668709044e-08,-2.803989037625243e-07,9.999991911180881,10.000001636048488
0.9730000000000008,2.6999999999995596,-2.486171827298378e-07,19.999986325407264,4.576659895505486e-08,-2.8039889643505234e-07,9.999991911180874,10.000001636048488
0.9740000000000008,2.5999999999995596,-2.486171902238432e-07,19.99998632540724,4.5766587519757707e-08,-2.80398903651502e-07,9.999991911180874,10.00000163604851
0.9750000000000008,2.4999999999995595,-2.486171863935738e-07,19.999986325407267,4.5766586576068136e-08,-2.8039890564990344e-07,9.999991911180876,10.000001636048497
0.9760000000000008,2.3999999999995594,-2.4861717834445685e-07,19.999986325407267,4.576658640953468e-08,-2.8039891042386245e-07,9.99999191118088,10.00000163604851
0.9770000000000008,2.2999999999995593,-2.486171862270403e-07,19.99998632540727,4.5766588741003034e-08,-2.80398911367552e-07,9.999991911180885,10.000001636048502
0.9780000000000008,2.199999999999559,-2.486171782889457e-07,19.999986325407278,4.576657425259256e-08,-2.8039891281084195e-07,9.999991911180881,10.000001636048502
0.9790000000000008,2.099999999999559,-2.4861718928015364e-07,19.999986325407264,4.576658407806633e-08,-2.8039890470621387e-07,9.999991911180878,10.000001636048484
0.9800000000000008,1.999999999999559,-2.4861719327695653e-07,19.99998632540728,4.5766576584060914e-08,-2.803989052613254e-07,9.999991911180883,10.000001636048491
0.9810000000000008,1.899999999999559,-2.486171818416594e-07,19.99998632540728,4.5766571643568454e-08,-2.8039890748177143e-07,9.999991911180883,10.000001636048491
0.9820000000000008,1.7999999999995588,-2.4861719100099933e-07,19.999986325407267,4.576658096944186e-08,-2.8039891153408547e-07,9.999991911180885,10.000001636048498
0.9830000000000008,1.6999999999995588,-2.4861718506130615e-07,19.999986325407264,4.5766590184292966e-08,-2.803989078703495e-07,9.999991911180878,10.000001636048513
0.9840000000000008,1.5999999999995587,-2.4861719039037666e-07,19.999986325407253,4.576659490274082e-08,-2.803989026523013e-07,9.99999191118087,10.000001636048506
0.9850000000000008,1.4999999999995586,-2.486171904458878e-07,19.999986325407267,4.576659273780592e-08,-2.803989115895966e-07,9.99999191118088,10.000001636048514
0.9860000000000008,1.3999999999995585,-2.4861717767832303e-07,19.99998632540726,4.576658396704403e-08,-2.8039891453168764e-07,9.999991911180885,10.00000163604852
0.9870000000000008,1.2999999999995584,-2.486171790661018e-07,19.999986325407267,4.576658890753649e-08,-2.803989055943923e-07,9.999991911180873,10.000001636048506
0.9880000000000008,1.1999999999995583,-2.486171812310367e-07,19.999986325407264,4.576659295985053e-08,-2.803988980448757e-07,9.999991911180878,10.000001636048498
0.9890000000000008,1.0999999999995582,-2.486171819526817e-07,19.99998632540725,4.576659429211816e-08,-2.8039889959918796e-07,9.999991911180873,10.000001636048497
0.9900000000000008,0.9999999999995582,-2.486171782889457e-07,19.999986325407264,4.576658951815915e-08,-2.803989038735466e-07,9.999991911180873,10.000001636048495
0.9910000000000008,0.8999999999995583,-2.486171791771241e-07,19.999986325407253,4.57665849107336e-08,-2.803989078703495e-07,9.999991911180885,10.000001636048498
0.9920000000000008,0.7999999999995583,-2.4861718356250506e-07,19.999986325407274,4.576659207167211e-08,-2.803989127553308e-07,9.999991911180876,10.000001636048506
0.9930000000000008,0.6999999999995583,-2.4861717368152014e-07,19.999986325407278,4.576658363397712e-08,-2.8039890848097215e-07,9.999991911180878,10.000001636048506
0.9940000000000008,0.5999999999995583,-2.4861718883606443e-07,19.999986325407264,4.576658552135626e-08,-2.803989078703495e-07,9.999991911180878,10.000001636048502
0.9950000000000008,0.49999999999955835,-2.4861718028734714e-07,19.999986325407274,4.576658180210913e-08,-2.8039889893305414e-07,9.999991911180881,10.000001636048495
0.9960000000000008,0.3999999999995584,-2.486171848947727e-07,19.999986325407285,4.576659001775951e-08,-2.8039889971021026e-07,9.999991911180885,10.000001636048493
0.9970000000000008,0.2999999999995584,-2.486171807869475e-07,19.99998632540727,4.576658818589152e-08,-2.8039890459519157e-07,9.999991911180876,10.000001636048498
0.9980000000000008,0.1999999999995584,-2.4861718367352736e-07,19.999986325407264,4.576658624300123e-08,-2.8039890936915057e-07,9.999991911180876,10.000001636048511
0.9990000000000008,0.09999999999955839,-2.486171806759252e-07,19.999986325407264,4.576658735322425e-08,-2.803989124222639e-07,9.999991911180885,10.000001636048506
0.0,0,-1.6653345369377348e-16,20.0,0.0,-5.551115123125783e-17,10.0,10.0
0.001,0.1,-2.5095084899007247e-09,19.999993923710687,-1.1300893776322596e-08,-8.046140476114516e-09,9.999996161495853,10.000000685908644
0.002,0.2,-2.0270947365119696e-08,19.999987083570083,-2.5334901676554722e-08,-6.919558126483594e-08,9.999992303106739,10.000001503626983
0.003,0.30000000000000004,-6.53944077777524e-08,19.999982962546333,-2.4481177418600453e-08,-1.7287205195115618e-07,9.99999006015929,10.00000201104297
0.004,0.4,-1.395723163710727e-07,19.999982224026095,-2.454275283003682e-09,-2.8156539799706337e-07,9.999989660214439,10.00000211650875
0.005,0.5,-2.3188482262126442e-07,19.999983674406582,3.311691937346595e-08,-3.636924353900284e-07,9.999990451340764,10.000001955804823
0.006,0.6,-3.242421454663358e-07,19.999985666974602,6.954333614528352e-08,-4.082024289142616e-07,9.999991541931678,10.000001726714157
0.007,0.7,-3.993181019179559e-07,19.99998705640309,9.724228705598748e-08,-4.212861116625888e-07,9.999992303659006,10.000001568831802
0.008,0.7999999999999999,-4.4632656276411e-07,19.99998748789175,1.1254319409736979e-07,-4.1534569483747674e-07,9.99999253977632,10.000001524534953
0.009000000000000001,0.8999999999999999,-4.6268939701832323e-07,19.99998719936757,1.1638707558825345e-07,-4.000552030758442e-07,9.999992380440883,10.000001563527347
0.010000000000000002,0.9999999999999999,-4.5220987593408424e-07,19.99998664631825,1.1171278951893626e-07,-3.79570215813807e-07,9.999992076263469,10.000001629979607
0.011000000000000003,1.0999999999999999,-4.2178027348516167e-07,19.999986197959835,1.0145666523575514e-07,-3.545713295194375e-07,9.999991830587389,10.000001679817597
0.012000000000000004,1.2,-3.7858736678941796e-07,19.999986009512824,8.775783238990087e-08,-3.256065685963705e-07,9.99999172890946,10.000001695619464
0.013000000000000005,1.3,-3.2875300126633533e-07,19.999986048754508,7.207009999898872e-08,-2.949832234033778e-07,9.999991753361517,10.00000168266907
0.014000000000000005,1.4000000000000001,-2.7724471723944433e-07,19.999986195208848,5.559843396785169e-08,-2.665059661843827e-07,9.999991837292495,10.000001656582189
0.015000000000000006,1.5000000000000002,-2.283279107451186e-07,19.999986334388094,3.961716077416355e-08,-2.439565141565403e-07,9.99999191723016,10.000001631911672
0.016000000000000007,1.6000000000000003,-1.8588386724305295e-07,19.999986406773264,2.5505508649548148e-08,-2.29637970139418e-07,9.999991959972437,10.000001616382372
0.017000000000000008,1.7000000000000004,-1.5331059000089908e-07,19.999986409861478,1.4561413130831369e-08,-2.238095300199916e-07,9.999991963819573,10.00000161075568
0.01800000000000001,1.8000000000000005,-1.331097211898502e-07,19.9999863735504,7.746494445903807e-09,-2.250704114192814e-07,9.999991945068967,10.000001611802169
0.01900000000000001,1.9000000000000006,-1.264443605375476e-07,19.999986332013165,5.498090427380475e-09,-2.3124196180113188e-07,9.99999192252086,10.000001615622212
0.02000000000000001,2.0000000000000004,-1.3291637118717503e-07,19.999986306343832,7.672164681338245e-09,-2.402108439936157e-07,9.999991907883452,10.000001619664676
0.02100000000000001,2.1000000000000005,-1.5066088554505086e-07,19.99998630094357,1.3611849314365543e-08,-2.504081660359425e-07,9.99999190373972,10.000001623139067
0.022000000000000013,2.2000000000000006,-1.7670686996984486e-07,19.999986309073872,2.229603823789006e-08,-2.6088359539322425e-07,9.999991906573078,10.00000162638592
0.023000000000000013,2.3000000000000007,-2.074745135693945e-07,19.999986320930454,3.251596142339608e-08,-2.7112192035883e-07,9.999991911193376,10.000001629987997
0.024000000000000014,2.400000000000001,-2.392789025806863e-07,19.999986329454806,4.304088596640554e-08,-2.807939789573055e-07,9.999991913923525,10.0000016341671
0.025000000000000015,2.500000000000001,-2.6875325243036485e-07,19.999986332282077,5.27530826244238e-08,-2.895759905752193e-07,9.999991913658365,10.00000163863407
0.026000000000000016,2.600000000000001,-2.931561238761482e-07,19.9999863306904,6.074617625584366e-08,-2.9708248588944386e-07,9.999991911270335,10.000001642774654
0.027000000000000017,2.700000000000001,-3.1056213950497735e-07,19.999986327379997,6.63881399298738e-08,-3.0289223373891616e-07,9.999991908370902,10.000001645949823
