Time,Goal_Desp,SPA_Pressure_calculated,Presion_experimental_kPa,YM,P1_Position_X,P1_Position_Y,P1_Position_Z,P2_Position_X,P2_Position_Y,P2_Position_Z
0.0,0.0,0.0,2.8402357996390528e-05,26000.0,-1.6653345369377348e-16,20.0,0.0,-5.551115123125783e-17,10.0,10.0
0.001,6.817840563659203e-07,0.00011743711686270374,0.00011360943198556211,26000.0,2.100081902822737e-08,20.000000294882522,6.236066663056761e-10,-1.7380489547580424e-08,9.999999487142984,10.000000030809678
0.002,3.084292746222306e-06,0.00018675459314079068,0.0002556164732034291,26000.0,4.7697594041107294e-08,20.000002468879757,1.6340141684167975e-08,-2.8628378612172156e-08,10.000000369133435,9.999999832862752
0.003,6.63181237352693e-06,0.00024939699004236746,0.00045443772794224844,26000.0,9.116092020144961e-08,20.00000580972189,3.9870086399051985e-08,-9.857345273367457e-09,10.000001965474736,9.99999948271273
0.004,1.132926049658932e-05,0.0003406892704564842,0.0007100542011456775,26000.0,1.6712468503543576e-07,20.00001020588646,6.356772530580201e-08,3.7680830733410886e-08,10.000004020319622,9.999999020673709
0.005,1.736320391017423e-05,0.0004627306098767284,0.0010225038829264016,26000.0,2.8351326308850844e-07,20.000015836968487,8.524419337074818e-08,1.1013609590992957e-07,10.000006625838981,9.999998431257879
0.006,2.45691314126277e-05,0.0006056974386160461,0.0013916728029463648,26000.0,4.408045241599545e-07,20.000022570803775,1.0452222143353396e-07,2.0700574859811027e-07,10.000009754989676,9.999997722860758
0.007,3.306927132131867e-05,0.0007761403453220865,0.001817731916712651,26000.0,6.37954188198453e-07,20.000030508055907,1.220953010361292e-07,3.257311124160722e-07,10.000013438769356,9.99999688631722
0.008,4.278418602853296e-05,0.0009695943209996926,0.002300586248943547,26000.0,8.706197132668514e-07,20.000039584022282,1.3977729490521895e-07,4.63799476380089e-07,10.00001765621391,9.99999592768466
0.009000000000000001,5.376534556393191e-05,0.0011891103106932387,0.0028401408243573394,26000.0,1.1346091381425616e-06,20.00004984015582,1.5942174708127865e-07,6.181230710056163e-07,10.00002241895957,9.999994844548313
0.010000000000000002,6.597672646700684e-05,0.0014326660279706538,0.003436585593517454,26000.0,1.4255291467812903e-06,20.000061247124485,1.8276543106710008e-07,7.869162351181735e-07,10.000027717755659,9.99999364028369
0.011000000000000003,7.943814665655509e-05,0.0017015076090177313,0.00408982558114218,26000.0,1.7405140241288919e-06,20.000073820663314,2.109349084844503e-07,9.692639518776858e-07,10.000033556764095,9.999992314241211
0.012000000000000004,9.414610450423155e-05,0.001995118850477174,0.004799860787231514,26000.0,2.078114125836361e-06,20.00008755898123,2.444591020167586e-07,1.1653265273858793e-06,10.000039936569358,9.999990866661125
0.013000000000000005,0.0001101132196599205,0.002313962011895802,0.0055665962365037455,26000.0,2.438586198416637e-06,20.00010247317391,2.8320276973525793e-07,1.3757806063274813e-06,10.000046861661698,9.999989296380225
0.014000000000000005,0.0001273210090388387,0.002657351481345808,0.006390221879522299,26000.0,2.8232124680838133e-06,20.000118547007112,3.2653441028873686e-07,1.6015757065557246e-06,10.000054325820484,9.999987604619832
0.015000000000000006,0.0001457618289480686,0.0030254093975157718,0.0072706427410054635,26000.0,3.233909719124739e-06,20.000135772421437,3.735586642239497e-07,1.8434573232362084e-06,10.00006232442996,9.999985791957904
0.016000000000000007,0.0001654772247744675,0.003419305133316886,0.008207763845671524,26000.0,3.6728714891132164e-06,20.00015418709547,4.2351493334535917e-07,2.101993275827052e-06,10.000070873647058,9.999983854273736
0.017000000000000008,0.0001864337407730919,0.0038374466270116496,0.009201680168802195,26000.0,4.141501432519679e-06,20.00017376280634,4.758061572518457e-07,2.37792735230391e-06,10.000079964208764,9.999981793676865
0.01800000000000001,0.0002086151516673346,0.004280090666493723,0.0102525816609609,26000.0,4.640623835983071e-06,20.000194482477504,5.300019127463251e-07,2.6714263368643465e-06,10.00008958614299,9.999979612072138
0.01900000000000001,0.0002320888712214196,0.004749204505343637,0.011359993445739078,26000.0,5.17074689371233e-06,20.000216407040302,5.861756428582332e-07,2.982303800802555e-06,10.000099764955237,9.999977303503652
0.02000000000000001,0.0002567870243221914,0.005241803088598491,0.01252439039954529,26000.0,5.731067607706031e-06,20.000239478455818,6.44568576291249e-07,3.3107997494119523e-06,10.000110480225555,9.999974873210917
0.02100000000000001,0.0002827528710761973,0.00576041299572248,0.013745772522379539,26000.0,6.321108407536524e-06,20.00026373166728,7.054587058408224e-07,3.656383713301903e-06,10.000121741791094,9.999972318564065
0.022000000000000013,0.0003099866232428557,0.006304133821775555,0.015023190061424692,26000.0,6.939982016784807e-06,20.000289169857936,7.693196185099005e-07,4.018826603446879e-06,10.000133554172542,9.999969639028336
0.023000000000000013,0.0003384273795817262,0.006871426453414159,0.016357592769497876,26000.0,7.586583046448325e-06,20.000315737203568,8.363560198287878e-07,4.397922169052659e-06,10.000145893102522,9.999966840319965
0.024000000000000014,0.0003681114809189352,0.007464231837737501,0.0177489806465991,26000.0,8.260472861565393e-06,20.000343463656677,9.067038989618581e-07,4.79299579370096e-06,10.000158767484551,9.999963920117555
0.025000000000000015,0.0003990891884801979,0.008083075351211564,0.019197353692728365,26000.0,8.961596268675098e-06,20.00037239774854,9.805994115041905e-07,5.203928245767209e-06,10.000172201440261,9.999960873170338
0.026000000000000016,0.0004313357461735107,0.008726665258758478,0.02070176215506853,26000.0,9.690046018695497e-06,20.000402518976408,1.0580200284771024e-06,5.631199765099293e-06,10.00018618897766,9.999957701028647
0.027000000000000017,0.000464790282732146,0.009394014213331149,0.02226410553925386,26000.0,1.0445972420503047e-05,20.00043376972001,1.1386373568456065e-06,6.0750153747513025e-06,10.000200702602156,9.999954409746866
0.028000000000000018,0.000499600351052845,0.010090006794928871,0.0238824843396501,26000.0,1.1230716072008207e-05,20.00046628143646,1.2224227328161419e-06,6.535109217553625e-06,10.000215795287094,9.999950986680766
0.02900000000000002,0.0005355939371721254,0.010807384596469528,0.025556898556257236,26000.0,1.2043771836389716e-05,20.000499906018938,1.3092292201477562e-06,7.012516705429128e-06,10.000231413483995,9.999947445109589
0.03000000000000002,0.0005727963379630913,0.011550064152413326,0.02728924769470955,26000.0,1.2885524132477677e-05,20.00053465586469,1.398631256144256e-06,7.506631380715945e-06,10.000247550180571,9.999943785418331
0.03100000000000002,0.0006113801751790399,0.012321693741152351,0.02907763224937276,26000.0,1.3756817846266589e-05,20.00057069157424,1.4909770545412648e-06,8.01710593228977e-06,10.00026427787021,9.99993999120262
0.03200000000000002,0.0006511484261809344,0.01311424469333813,0.03092300197306401,26000.0,1.4656584064687284e-05,20.000607842572858,1.586280317433797e-06,8.545129532522289e-06,10.000281534387096,9.999936077813565
0.03300000000000002,0.0006922125937424105,0.01393463731997103,0.032825356865783285,26000.0,1.5585547694485502e-05,20.00064619756887,1.6843383281450741e-06,9.089918646398853e-06,10.000299342794321,9.999932038471993
0.03400000000000002,0.0007345479970216369,0.014779731243350549,0.03478374717471348,26000.0,1.6543333429708262e-05,20.00068574222576,1.7854352682422636e-06,9.651604131855063e-06,10.000317705626134,9.999927873584777
0.035000000000000024,0.0007780938196804347,0.015648540845907524,0.0367991226526717,26000.0,1.7529428968654504e-05,20.000726418977347,1.889491784368147e-06,1.0230198473792917e-05,10.000336596331305,9.999923589079062
0.036000000000000025,0.0008230116601983029,0.016546417593589074,0.03887148329965796,26000.0,1.8544621319727117e-05,20.00076837179291,1.9967161209444306e-06,1.0825180609408402e-05,10.000356072769005,9.999919171197305
0.037000000000000026,0.000869201806855406,0.017467913746610258,0.041000829115672266,26000.0,1.9588467018105682e-05,20.000811518904143,2.1072861506876706e-06,1.1437473607378568e-05,10.000376110564535,9.99991462659595
0.03800000000000003,0.0009165645387894973,0.018412528601537255,0.043186210347897463,26000.0,2.066061068689562e-05,20.00085576224284,2.220788413609398e-06,1.2066955770551058e-05,10.00039665919472,9.999909966156743
0.03900000000000003,0.0009652642814085457,0.01938590883990337,0.045428576749150705,26000.0,2.176179303120529e-05,20.000901247633593,2.3373204159349292e-06,1.2712638456147118e-05,10.000417775964873,9.999905176212495
0.04000000000000003,0.0010151373779475,0.020380462973506076,0.04772792831943196,26000.0,2.289078429285052e-05,20.000947836429077,2.456947995554959e-06,1.3375191623810068e-05,10.000439413729396,9.999900268836983
0.04100000000000003,0.001066434505273165,0.021406246528100463,0.05008331530592414,26000.0,2.4049093975353486e-05,20.00099574618063,2.57971922063005e-06,1.4053957255344418e-05,10.000461654195131,9.999895223825792
0.04200000000000003,0.001118819585384306,0.0224496955379455,0.052495687461444354,26000.0,2.5234865209056156e-05,20.001044685492893,2.705518097279036e-06,1.4750271928043457e-05,10.000484388419547,9.99989006804526
0.04300000000000003,0.0011726295537317,0.02352613240675743,0.05496504478599261,26000.0,2.6450184825999035e-05,20.00109494082721,2.834217623537416e-06,1.5462587063197475e-05,10.000507716424213,9.999884776057128
0.04400000000000003,0.001227614547179173,0.02462226327381547,0.05749043752675176,26000.0,2.769355369308668e-05,20.001146306110115,2.966095496936827e-06,1.6192283691929266e-05,10.000531573706226,9.999879365211992
0.04500000000000003,0.001283939099819996,0.02574764858413946,0.06007281543653894,26000.0,2.8966180199041514e-05,20.00119891438343,3.100903796737775e-06,1.6938636211105695e-05,10.000555999266954,9.999873824561991
0.046000000000000034,0.001341689927274135,0.026901381269656896,0.06271217851535418,26000.0,3.026883231627142e-05,20.001252855343367,3.239131198151668e-06,1.7702224370474973e-05,10.000581043193854,9.99986814368976
0.047000000000000035,0.001400617153605056,0.028075892511701585,0.0654075770103803,26000.0,3.1600679327448145e-05,20.001307904046158,3.3804870049891633e-06,1.8484248690331384e-05,10.000606612827408,9.99986234433992
0.048000000000000036,0.001460634979473557,0.029273119321287323,0.06815996067443446,26000.0,3.2961056725067106e-05,20.001363968320298,3.524313315517169e-06,1.928332855538617e-05,10.000632650893346,9.999856438265159
0.04900000000000004,0.001522080531530278,0.030502331815676683,0.07096932950751667,26000.0,3.4350846673136815e-05,20.00142135475771,3.6711618314200223e-06,2.0097727141010768e-05,10.000659288089519,9.99985039524276
0.05000000000000004,0.001584954341224264,0.03175783931865826,0.07383473375680975,26000.0,3.576981395519985e-05,20.001480082630902,3.821752423638358e-06,2.092918588048054e-05,10.000686556435188,9.999844209835835
0.05100000000000004,0.001648920227161483,0.033032134254963604,0.07675712317513089,26000.0,3.7216713377419275e-05,20.0015398404929,3.975352005858301e-06,2.1778961537100017e-05,10.000714316350248,9.999837913663258
0.05200000000000004,0.001714315418729502,0.03433987359840868,0.07973554800966295,26000.0,3.8693684806634376e-05,20.00160091729014,4.131839313192831e-06,2.264500201915043e-05,10.0007426691397,9.99983148134128
0.05300000000000004,0.001781054182684121,0.035671929148147215,0.08277095801322301,26000.0,4.020022634632081e-05,20.001663257352742,4.291834536596095e-06,2.3528571565956113e-05,10.000771617164776,9.999824914888936
0.05400000000000004,0.001848972883682469,0.03702640857755515,0.08586335318581113,26000.0,4.173582313893309e-05,20.001726703282184,4.454814651444483e-06,2.4430161806865414e-05,10.000801084466433,9.999818230848089
0.05500000000000004,0.001918322567608922,0.038412611181014154,0.08901178377461015,26000.0,4.330193141771632e-05,20.001791475489846,4.620865408200281e-06,2.534854578112311e-05,10.000831154773639,9.999811408917443
0.05600000000000004,0.001988766978867241,0.03981660806439663,0.0922171995324372,26000.0,4.4896294204399556e-05,20.001857283607354,4.789964053786289e-06,2.6284765242190478e-05,10.00086172176174,9.999804475567164
0.057000000000000044,0.002060643527425757,0.0412537179793005,0.09547865070647517,26000.0,4.652055539522415e-05,20.00192441458642,4.96201251781736e-06,2.723706819857119e-05,10.000892885843479,9.99979740521535
0.058000000000000045,0.002133866495251773,0.04271519143439616,0.09879328803827261,26000.0,4.817401909096297e-05,20.00199281152699,5.137574233871067e-06,2.82067224554039e-05,10.00092464652004,9.999790200329967
0.059000000000000045,0.002207926856589229,0.044189635498121216,0.10217440806726945,26000.0,4.985361490666973e-05,20.002062002947184,5.315550252682488e-06,2.919405113838147e-05,10.00095679252238,9.999782908978881
0.060000000000000046,0.002284284685051349,0.045724685727371206,0.10560301573712298,26000.0,5.1567803467378326e-05,20.002133291984943,5.497485558059179e-06,3.019536750942242e-05,10.000989852866287,9.999775405614052
0.06100000000000005,0.002361213602111238,0.04724866759764715,0.10908860857600455,26000.0,5.330780009432656e-05,20.002205188361096,5.683294674596606e-06,3.121951413714852e-05,10.001023283071671,9.999767825473203
0.06200000000000005,0.002439327092890181,0.048810856607421155,0.1126406841120855,26000.0,5.507776734742231e-05,20.002278143263922,5.870339993052642e-06,3.22593370969404e-05,10.001057152408807,9.99976014047714
0.06300000000000004,0.00251974027251305,0.05042558524281966,0.11624024728902313,26000.0,5.6882871326324747e-05,20.00235322456615,6.06212876302914e-06,3.3313768131482124e-05,10.001091976008732,9.999752237372409
0.06400000000000004,0.002600726262699498,0.05203008858974012,0.1198967956349888,26000.0,5.8714671627158044e-05,20.002428912146673,6.257808482290628e-06,3.439202374838635e-05,10.001127169424898,9.999744257149668
0.06500000000000004,0.002682898782923645,0.05367329929524782,0.12361032914998252,26000.0,6.057718741325768e-05,20.00250565855871,6.454632612340472e-06,3.548631866234775e-05,10.001162799434814,9.999736172350087
0.06600000000000004,0.002766509216363396,0.05534528368870377,0.12738084783400427,26000.0,6.246890353922563e-05,20.0025837479076,6.6547368003377905e-06,3.659491431717843e-05,10.001199046627878,9.999727947861292
0.06700000000000005,0.002851558284335687,0.05704335784370222,0.13120835168705405,26000.0,6.438900565569616e-05,20.00266318975902,6.8587342464399015e-06,3.772017577635678e-05,10.001235933912735,9.999719579082816
0.06800000000000005,0.002938046719961615,0.05876980775345465,0.13509284070913186,26000.0,6.633861411659003e-05,20.002743977310516,7.066332187055657e-06,3.886354735282982e-05,10.001273448439429,9.99971106777785
0.06900000000000005,0.003025975268174088,0.060525110880322204,0.13903431490023774,26000.0,6.831931032225125e-05,20.00282610972299,7.277418347328979e-06,4.002574350098209e-05,10.001311586737902,9.999702414763115
0.07000000000000005,0.003115093853956121,0.062302295535488966,0.14302327673220028,26000.0,7.033072572870669e-05,20.002909359883493,7.491561153039061e-06,4.120725977080353e-05,10.00135025160536,9.999693642755117
0.07100000000000005,0.003175439304280946,0.0632777394878324,0.14707872126136223,26000.0,7.21560067741267e-05,20.002966478613853,7.658075138305964e-06,4.239587663368294e-05,10.001377715156252,9.999687478051829
0.07200000000000005,0.003266937141169518,0.0655363497185706,0.15119115095955218,26000.0,7.407217062732618e-05,20.00305052348495,7.827126750514779e-06,4.335787341874786e-05,10.001415029972765,9.999678874251957
0.07300000000000005,0.003364896090892129,0.06736447101211832,0.15535106829859885,26000.0,7.596162906209347e-05,20.00314244723077,8.07804336105944e-06,4.44134720331002e-05,10.001458101872302,9.99966915665075
0.07400000000000005,0.003451892176873166,0.06893140537914916,0.15957746833484487,26000.0,7.785371564267285e-05,20.003224268226358,8.312372825003411e-06,4.56155528272828e-05,10.001496866111825,9.999660410058542
0.07500000000000005,0.003553744146039274,0.07114804986796396,0.16386085354011895,26000.0,7.993837361686129e-05,20.003318804089886,8.539270394847254e-06,4.68158211136549e-05,10.001540046406113,9.999650548018
0.07600000000000005,0.003645999657477316,0.07283331439154556,0.16819172638624974,26000.0,8.206894292711597e-05,20.003405492993537,8.778142500387442e-06,4.8125702790613456e-05,10.001580872386608,9.999641339032344
0.07700000000000005,0.003746616378821532,0.07495222361172973,0.17257958440140855,26000.0,8.434457832989795e-05,20.003499113970605,9.008232535689942e-06,4.944712075388713e-05,10.001623951071018,9.999631528017089
0.07800000000000006,0.003844162002497986,0.07683229345981817,0.17703392511376675,26000.0,8.666142409152755e-05,20.003590450041465,9.247735239470423e-06,5.0821535160672227e-05,10.001666596949494,9.999621872998015
0.07900000000000006,0.003945526866253441,0.07889557894115823,0.18153575346698164,26000.0,8.903606961907506e-05,20.003685001576688,9.485425364552658e-06,5.22001571601205e-05,10.001710365990917,9.999611927280144
0.08000000000000006,0.004048228210402655,0.08093451626384052,0.18609456698922452,26000.0,9.142726468480689e-05,20.003780969654276,9.731318813044343e-06,5.359038125596349e-05,10.00175495961736,9.999601811360089
0.08100000000000006,0.004150370273289068,0.08295595754389885,0.19071036568049549,26000.0,9.381125423163494e-05,20.003876436141454,9.977375135472588e-06,5.498736581976971e-05,10.001799367716425,9.999591738837145
0.08200000000000006,0.004256222691553337,0.08510019361958455,0.1953831495407945,26000.0,9.62040321852431e-05,20.00397520856494,1.0227466998025125e-05,5.6373085967342806e-05,10.001845108898973,9.999581348433042
0.08300000000000006,0.004361266065560909,0.08716717215152518,0.2001129185701215,26000.0,9.858060440398608e-05,20.004073426499627,1.0483052172161056e-05,5.7772937003708336e-05,10.001890828773282,9.999570983303265
0.08400000000000006,0.004469519716237022,0.08935398722759517,0.2048996727684766,26000.0,0.0001009758144003281,20.004174459957305,1.074115262772457e-05,5.917426392165748e-05,10.00193764822103,9.999560350043101
0.08500000000000006,0.004577970446749847,0.0915003994893928,0.2097434121358597,26000.0,0.00010338381970315114,20.00427582345889,1.1004681833293173e-05,6.059762824056625e-05,10.00198478231608,9.999549660080692
0.08600000000000006,0.004688628808134735,0.09372150342332752,0.21464413667227084,26000.0,0.00010583078675413526,20.004379148341556,1.1270498359361447e-05,6.203808388710597e-05,10.002032718021306,9.999538777868262
0.08700000000000006,0.004800239585985019,0.09594228853063864,0.21960184637771002,26000.0,0.00010831793359206143,20.004483426392685,1.1540348630267871e-05,6.3504988653873e-05,10.002081163863526,9.99952778604205
0.08800000000000006,0.004913306194005687,0.09820191494619934,0.2246070437240059,26000.0,0.00011085333393501262,20.00458903200822,1.1812429461688367e-05,6.499630711381821e-05,10.002130193677614,9.999516658089046
0.08900000000000007,0.00502746558407611,0.1004787562834173,0.22967872376750112,26000.0,0.0001134334066854592,20.00469567338521,1.2087174953878677e-05,6.651190425072118e-05,10.002179719294633,9.99950541875262
0.09000000000000007,0.005143446710575979,0.10279933950508842,0.23479789145185304,26000.0,0.00011605805120062929,20.004803992125332,1.2365296180594232e-05,6.804841610363876e-05,10.002229995518436,9.99949400653388
0.09100000000000007,0.005260271051055456,0.10512475042694955,0.23997404430523298,26000.0,0.00011871596610818491,20.004913137941454,1.264661838512593e-05,6.960765604030472e-05,10.002280702774241,9.999482499998384
0.09200000000000007,0.005378303538171267,0.10748280984413608,0.24521667985581241,26000.0,0.00012140291976270312,20.00502338418679,1.292987797618661e-05,7.118252406629333e-05,10.002331889795734,9.999470881366197
0.09300000000000007,0.005498915275283164,0.10990163379226806,0.2505068030472485,26000.0,0.00012412193867183952,20.005136009354082,1.3218485990562634e-05,7.277057615873161e-05,10.002384139985276,9.999459018779097
0.09400000000000007,0.005620121534942478,0.11230732226581899,0.2558539114077126,26000.0,0.0001268619016478456,20.00524927215816,1.351158823786891e-05,7.438175774177047e-05,10.002436786976125,9.99944707390658
0.09500000000000007,0.005742790465849621,0.11476065204776535,0.26125800493720464,26000.0,0.00012962932246712855,20.005363840560317,1.3806338876931612e-05,7.60075066923438e-05,10.002489972061142,9.999435000198838
0.09600000000000007,0.00586692312078821,0.11723997038319113,0.2667190836357248,26000.0,0.00013242343399244572,20.005479786921754,1.4104935781966699e-05,7.764799360737706e-05,10.002543802848447,9.999422781284242
0.09700000000000007,0.005992772162686075,0.11975421784023388,0.27223714750327305,26000.0,0.00013524784404245205,20.005597334435773,1.440785093154151e-05,7.930571238651263e-05,10.002598376791076,9.999410393450063
0.09800000000000007,0.006119835505484112,0.12228711633515048,0.27781219653984923,26000.0,0.00013810301198685648,20.00571603461796,1.4714393931136716e-05,8.098415202079101e-05,10.002653508598822,9.999397880288878
0.09900000000000007,0.006248617468217667,0.12486136255585105,0.28343473321728213,26000.0,0.0001409945521043121,20.005836317004054,1.5024317164324952e-05,8.268176516046388e-05,10.002709347585348,9.999385204027886
0.10000000000000007,0.006377999320660817,0.1274362733004637,0.28912375259191453,26000.0,0.00014391626236670563,20.005957196882907,1.533680282689298e-05,8.440092475076044e-05,10.00276550793599,9.999372458178176
0.10100000000000008,0.006509970230772854,0.1300849845959445,0.29486975713557484,26000.0,0.00014687907568283753,20.00608042250067,1.5653130108206348e-05,8.613511277422159e-05,10.002822670437046,9.999359477606856
0.10200000000000008,0.006643159805806259,0.13273543493768114,0.3006632493200919,26000.0,0.000149875614184114,20.00620486082142,1.59749277209853e-05,8.789480837673169e-05,10.002880481788335,9.999346356997844
0.10300000000000008,0.006777204003385945,0.13540693733125533,0.306513726673637,26000.0,0.00015290501304421333,20.00633008421361,1.62983987556653e-05,8.96767955652078e-05,10.002938649248485,9.999333153307251
0.10400000000000008,0.006912720619858613,0.1381169146620501,0.31242118919621015,26000.0,0.00015596724635341674,20.006456653101445,1.66241961526703e-05,9.147396763592441e-05,10.00299740108138,9.999319813858381
0.10500000000000008,0.007049710814503663,0.14085249797787627,0.3183951344159826,26000.0,0.00015905861201315208,20.006584611050485,1.6954022320936346e-05,9.328721967755138e-05,10.003056811243578,9.999306326380525
0.10600000000000008,0.007189296809836509,0.14364753868558905,0.3244165672766118,26000.0,0.0001621864509053217,20.00671496875519,1.7289582017576688e-05,9.511824753238862e-05,10.003117306381395,9.99929258993227
0.10700000000000008,0.007329489825267483,0.14643196045017937,0.33049498530626903,26000.0,0.0001653428798255585,20.00684596825841,1.7629248640738115e-05,9.697630917726574e-05,10.003178190319378,9.999278771918096
0.10800000000000008,0.007471160044829178,0.14926475315668514,0.33662089097678294,26000.0,0.00016853451863646507,20.006978285440823,1.7970375508047365e-05,9.885206438398075e-05,10.00323961519236,9.999264824298393
0.10900000000000008,0.007613691079497832,0.15210669305095226,0.34281327934449624,26000.0,0.00017175439759209432,20.007111433131065,1.8314250581574765e-05,0.00010074481835248283,10.003301451439844,9.999250786005865
0.11000000000000008,0.007758571278701624,0.1550097797580377,0.3490626528812376,26000.0,0.00017500927331370875,20.007246728392822,1.86624176998218e-05,0.0001026513320168676,10.003364230235142,9.999236529088982
0.11100000000000008,0.007904932420004904,0.15792639624256785,0.35535951405883565,26000.0,0.00017829554090337263,20.00738345983544,1.9016107792091397e-05,0.0001045805995400495,10.00342773730414,9.99922211170144
0.11200000000000009,0.008052157776868794,0.160859642603889,0.3617133604054617,26000.0,0.0001816124941168007,20.00752100053012,1.9372060377831346e-05,0.00010653210693134518,10.003491628044666,9.999207606498182
0.11300000000000009,0.00820111849659412,0.16383963858993797,0.36813368944928715,26000.0,0.00018496434072240442,20.00766012240921,1.973074327693558e-05,0.00010849948094820983,10.003556201925136,9.999192942051572
0.11400000000000009,0.008351425358522279,0.16683834017948238,0.37460150613396925,26000.0,0.000188347333691663,20.007800528629694,2.009360834775986e-05,0.00011048589154744048,10.003621402182038,9.99917813811401
0.11500000000000009,0.008505374427409116,0.16992870810078609,0.38112630798767944,26000.0,0.00019177802722769588,20.007944274873186,2.0463544721627258e-05,0.00011249196316354126,10.003688078979046,9.999162992655265
0.11600000000000009,0.008657026937940647,0.17291282810369124,0.3877080950104177,26000.0,0.00019522461506588096,20.008086074344867,2.0834449330264793e-05,0.0001145339024591907,10.003754093654562,9.99914801586023
0.11700000000000009,0.008813952209789328,0.17609762722925718,0.3943468672021839,26000.0,0.000198729296354061,20.008232485340393,2.120759656570881e-05,0.00011657725683195119,10.003821875906683,9.999132606432225
0.11800000000000009,0.008971106026967735,0.17920455930361717,0.4010331270348068,26000.0,0.00020226118627386658,20.008379381127348,2.1590311921559913e-05,0.00011865543352118646,10.003890190303405,9.999117104022815
0.11900000000000009,0.009127617825846963,0.1823163468210045,0.4077858695646292,26000.0,0.00020581789527424066,20.008525618754128,2.196982405194836e-05,0.00012075595457183841,10.00395815714528,9.999101672334959
0.12000000000000009,0.009287755233278875,0.18554583951681475,0.41458609973530824,26000.0,0.00020941545502195513,20.008675094121035,2.235258739702317e-05,0.00012285758208008257,10.004027429597794,9.99908592978538
0.1210000000000001,0.009449777444884174,0.1887715505672755,0.42144331507501526,26000.0,0.0002130424415301424,20.008826466563775,2.2744942926755662e-05,0.00012498329988136492,10.004097741460479,9.999069965796195
0.1220000000000001,0.009612032445892406,0.19199539619384645,0.42836701311192166,26000.0,0.00021669632766946334,20.008978077775797,2.3139033787422658e-05,0.00012713681526449472,10.00416820663126,9.999053967029079
0.1230000000000001,0.009777918721137325,0.19533165244086792,0.4353381987896848,26000.0,0.00022039906938436937,20.00913294977218,2.353737125720956e-05,0.00012930443711728357,10.004240019929371,9.999037648844954
0.1240000000000001,0.009943168315364664,0.1986016331024068,0.44235687210830466,26000.0,0.00022412659108944633,20.009287403185333,2.3940022859880727e-05,0.0001315039265158413,10.004311846647774,9.999021345251542
0.12500000000000008,0.01011030801371709,0.20195308623647928,0.44944202812412387,26000.0,0.00022789252849314545,20.00944347816785,2.434248422078511e-05,0.000133715852434102,10.004384265100953,9.99900489177979
0.12600000000000008,0.01027855745621476,0.20530908913246107,0.4565841693089711,26000.0,0.00023168548209556716,20.009600647753988,2.4749270543522606e-05,0.00013594326127042144,10.004457247500639,9.998988316247637
0.12700000000000009,0.01044957265422645,0.20873480252138185,0.46377379813467506,26000.0,0.0002355147060192353,20.009760353315155,2.5161617848934448e-05,0.00013818593761344422,10.004531356304925,9.998971479963693
0.12800000000000009,0.01062248276053958,0.21218145555181286,0.4710299096575784,26000.0,0.00023937992830652677,20.00992188460976,2.5580683845838337e-05,0.00014045537404044905,10.004606376961242,9.998954441449577
0.1290000000000001,0.01079650728812885,0.21564843024588512,0.4783335088213383,26000.0,0.00024328296366055158,20.010084463170138,2.6002816436054843e-05,0.0001427529050243015,10.004681897135864,9.998937289097665
0.1300000000000001,0.01096990097820898,0.21909605948776767,0.4856940931541264,26000.0,0.0002472112497345358,20.01024647445156,2.6423764845406872e-05,0.00014507115796752457,10.004757180396439,9.998920191903515
0.1310000000000001,0.01114859593669027,0.2227076044667191,0.49311166265594253,26000.0,0.0002511936687437655,20.010413246880407,2.6851212973244554e-05,0.00014739315684031418,10.004834437649302,9.998902628175884
0.1320000000000001,0.01132753641551362,0.22624702031216404,0.5005862173267867,26000.0,0.0002552039436668485,20.010580502191228,2.728815190605749e-05,0.00014975423640078978,10.004912219032462,9.99888497051344
0.1330000000000001,0.01150672325131859,0.22981818974891954,0.5081082596384875,26000.0,0.00025924782895120346,20.010747899091005,2.772294166109024e-05,0.00015213968819888235,10.00498998191314,9.998867305609414
0.1340000000000001,0.01168781371116761,0.23344696988197414,0.5156967846473876,26000.0,0.00026332699128772674,20.010917009695028,2.8159537687366676e-05,0.00015453381961738621,10.005068445676732,9.99884947534188
0.1350000000000001,0.0118725580203147,0.23715048733062152,0.5233327972971447,26000.0,0.0002674484272872646,20.011089527784414,2.860521904479718e-05,0.00015694386798903448,10.005148480902541,9.998831288585642
0.1360000000000001,0.01205667855510886,0.24079452304369184,0.5310257951159295,26000.0,0.00027159243783536624,20.011261617854768,2.9054978835318934e-05,0.0001593889259957071,10.005228512135396,9.998813116471217
0.1370000000000001,0.01224358219940105,0.24454736414731076,0.5387757781037423,26000.0,0.00027578079771373165,20.011436132469832,2.95055882176265e-05,0.00016184697888554922,10.005309463227864,9.99879471661282
0.1380000000000001,0.01243073883706208,0.24826842352041495,0.5465827462605833,26000.0,0.0002799944801207266,20.01161100460209,2.9960594545352937e-05,0.00016432737924615415,10.005390712358794,9.998776261632361
0.1390000000000001,0.0126206822037132,0.2520769714978812,0.5544466995864524,26000.0,0.00028424769053025933,20.011788375132475,3.04192371769485e-05,0.00016682120330208106,10.00547300550415,9.998757558436871
0.1400000000000001,0.01281341460573445,0.25592723454727934,0.5623581405531782,26000.0,0.0002885429873415446,20.011968397085624,3.088637520987092e-05,0.0001693401460583499,10.005556575525105,9.998738569524306
0.1410000000000001,0.01300552902525898,0.259735957143561,0.5703360642171033,26000.0,0.00029286638518899455,20.01214793769354,3.135545983468102e-05,0.0001718931168386284,10.005640047863887,9.998719610932977
0.1420000000000001,0.01320131151932001,0.2636740284425054,0.578361475521885,26000.0,0.00029724247631773837,20.012330720110498,3.182710469096239e-05,0.0001744580107537752,10.005724801843817,9.998700342096544
0.1430000000000001,0.01339901317309038,0.2676122637069879,0.5864438719956949,26000.0,0.0003016604299150849,20.01251542090362,3.230766120987383e-05,0.00017705296138936788,10.0058105849869,9.998680852635879
0.1440000000000001,0.01359697663113294,0.2715492018019717,0.5945832536385329,26000.0,0.00030611438810390634,20.01270038756383,3.278989875937777e-05,0.00017967916663946815,10.00589653363097,9.99866132592601
0.1450000000000001,0.01379520282119647,0.2755051444766169,0.6027701229222274,26000.0,0.000310597414886038,20.012885554219352,3.327075490577869e-05,0.000182319711117096,10.005982517045533,9.99864178561337
0.1460000000000001,0.01399788859542539,0.2795842532479593,0.6110234749031214,26000.0,0.00031512492465390896,20.013074774627633,3.3758750202672605e-05,0.00018496478354823598,10.006070237865114,9.99862184026501
0.1470000000000001,0.01420171734680891,0.2836319081705078,0.619324314524872,26000.0,0.00031968062333176395,20.013265241454818,3.425614667695864e-05,0.00018764280112915088,10.00615875231819,9.998601732039125
0.1480000000000001,0.01440493660766029,0.2876713193939174,0.6276821393156508,26000.0,0.00032426012015723815,20.013455125824017,3.475185598744712e-05,0.000190346830365562,10.006246997775207,9.998581680999497
0.1490000000000001,0.01461096170403003,0.2918094740133839,0.6360969492754573,26000.0,0.0003288773875804729,20.01364749066884,3.524923435127558e-05,0.00019305494351329333,10.006336213287447,9.99856139549962
0.1500000000000001,0.01481979512246876,0.2959824482989382,0.6445687444042922,26000.0,0.00033353050487744396,20.013842548993733,3.575614609035993e-05,0.00019578257115754338,10.006426755023712,9.998540816633344
0.1510000000000001,0.01503143937304344,0.3002068290334654,0.6530975247021551,26000.0,0.0003382305838804389,20.01404024860779,3.6271188625092154e-05,0.00019854335517427435,10.006518552465064,9.998519952528241
0.1520000000000001,0.01524335767692586,0.3044177177257442,0.6616737926408744,26000.0,0.0003429726183914461,20.01423826646554,3.678896376435592e-05,0.00020134268936822242,10.006610574549992,9.99849904182624
0.1530000000000001,0.01545467286684584,0.3086274281720759,0.6703070457486221,26000.0,0.0003477475897538662,20.01443568490727,3.7303534784982606e-05,0.00020416237457637765,10.00670227763165,9.998478199025733
0.1540000000000001,0.01567134435730054,0.3129985908832025,0.6789972840253975,26000.0,0.00035257902798524476,20.014637927672414,3.782495011234177e-05,0.00020698408034647287,10.006795992543937,9.998456881960328
0.1550000000000001,0.01588829453983319,0.3172966199087166,0.6877445074712012,26000.0,0.0003574371083209238,20.01484068984009,3.835626798232017e-05,0.00020984369351706444,10.006890257876456,9.998435465477236
0.1560000000000001,0.01610552443310736,0.321627176064628,0.6965487160860329,26000.0,0.00036232589927570613,20.015043624455444,3.888561954973335e-05,0.0002127261967285743,10.006984518835855,9.99841403804148
0.1570000000000001,0.01632811895755379,0.326110771366438,0.7054004123417212,26000.0,0.00036727118263285563,20.015251419443892,3.94226825033428e-05,0.0002156169465132307,10.007080833370487,9.998392129260234
0.1580000000000001,0.01655011806505946,0.3305021129840584,0.7143090937664375,26000.0,0.0003722421011330135,20.015458922694155,3.9967666271845115e-05,0.00021854961862871614,10.007177331414058,9.998370205324406
0.1590000000000001,0.01677240165297439,0.33493973172859953,0.7232747603601819,26000.0,0.0003772458714600968,20.015666557869064,4.0508970998109906e-05,0.000221501073578656,10.007273750334615,9.998348283091314
0.16000000000000011,0.01699751433987175,0.33945529198205227,0.7322974121229544,26000.0,0.00038228648008409305,20.01587676531212,4.105426086759012e-05,0.00022445746727517424,10.00737125704126,9.998326106993142
0.16100000000000012,0.01722545881833117,0.34400852819146427,0.7413770490547549,26000.0,0.00038736253005428045,20.01608968032435,4.1609175326751124e-05,0.00022743483663839603,10.007470095654284,9.998303634784524
0.16200000000000012,0.01745623780472896,0.34861491643590253,0.7505041736274121,26000.0,0.0003924850142497105,20.016305254582726,4.2172083264180316e-05,0.00023044504866015503,10.007570190638713,9.998280876317182
0.16300000000000012,0.01768642828397128,0.3531839120377714,0.7596882833690973,26000.0,0.00039764213828913375,20.016520363294084,4.273633242657393e-05,0.00023349264742983378,10.007670173207517,9.998258150096525
0.16400000000000012,0.01791945716642285,0.3578592845555159,0.7689293782798106,26000.0,0.0004028513685255808,20.016737959830607,4.330172454775072e-05,0.00023655384504706056,10.007771112957947,9.998235189303358
0.16500000000000012,0.01815278087455678,0.3625019096326161,0.7782274583595519,26000.0,0.0004080898355348639,20.01695595890316,4.387192945076723e-05,0.00023963864164494586,10.00787238233884,9.99821216654538
0.16600000000000012,0.01838894742151046,0.3672332682621954,0.7875825236083212,26000.0,0.00041336887134713063,20.017176508427525,4.4445942147031126e-05,0.0002427372027612451,10.007974719720648,9.998188889078733
0.16700000000000012,0.01862795961589038,0.37200749931792515,0.7969850764979473,26000.0,0.0004186887256284466,20.0173997622419,4.502865317623783e-05,0.00024585999551635096,10.008078357887994,9.998165319926077
0.16800000000000012,0.01886893852184174,0.3768111207657163,0.8064446145566012,26000.0,0.0004240523328246648,20.01762488577767,4.5617798667574316e-05,0.00024901627577555985,10.008182910622892,9.99814154490995
0.16900000000000012,0.01911021962440136,0.38161426878531474,0.8159611377842834,26000.0,0.0004294539634216443,20.017850312886576,4.6208348323029114e-05,0.00025220322539698525,10.008287632216584,9.998117732075245
0.17000000000000012,0.01935435327173839,0.386506428660267,0.8255251486528221,26000.0,0.0004349046709679616,20.018078299183564,4.680215999269821e-05,0.00025540584138605826,10.008393410907363,9.99809366783296
0.17100000000000012,0.01960045981911898,0.3914157730100457,0.8351556422185603,26000.0,0.00044039612875212963,20.018308201610033,4.740341224496181e-05,0.00025863460697223006,10.008500161048232,9.99806938994008
0.17200000000000013,0.01984775660486962,0.3963454108874569,0.8448336234251552,26000.0,0.0004459250678632287,20.0185392272835,4.8008330112259134e-05,0.0002618908834066125,10.008607455777874,9.998044987665903
0.17300000000000013,0.02009703043892455,0.40132719659233385,0.854568589800778,26000.0,0.00045149424175899844,20.018772058108887,4.861664537109123e-05,0.0002651668821749831,10.008715535364663,9.99802040152938
0.17400000000000013,0.02034661523410132,0.40629814538000875,0.864360541345429,26000.0,0.00045708929360632755,20.01900523549712,4.922762440418005e-05,0.00026846342262420997,10.008823841435492,9.997995768921736
0.17500000000000013,0.0206016164897268,0.4114264079976484,0.8741999805309367,26000.0,0.00046273929686402315,20.019243311072188,4.984680434599875e-05,0.0002717707856365048,10.008934225813661,9.997970646801159
0.17600000000000013,0.02085604962634039,0.4164649875067656,0.8840964048854724,26000.0,0.0004684153361015908,20.019481113771047,5.0473654139460145e-05,0.0002751212027163885,10.00904478980118,9.997945508973904
0.17700000000000013,0.02111079915565271,0.4215509422209385,0.894049814409036,26000.0,0.0004741254773883985,20.019719076711063,5.109687603349622e-05,0.0002784908409598219,10.00915528481207,9.997920370491679
0.17800000000000013,0.02137097422398821,0.4267861833183423,0.9040602091016278,26000.0,0.0004798925086182959,20.019961973345477,5.172849254114764e-05,0.0002818669562052456,10.009267884256005,9.997894740372166
0.17900000000000013,0.02163147053613696,0.4319525013285891,0.9141180914350763,26000.0,0.0004856911625439331,20.020205418074944,5.2369948199237903e-05,0.00028528546462758264,10.009381039271986,9.99786900870448
0.18000000000000013,0.02189395960500618,0.4371995098939618,0.9242329589375528,26000.0,0.0004915391572228311,20.020450589619397,5.3012140769082006e-05,0.0002887309261990212,10.009494852626435,9.99784311052694
0.18100000000000013,0.02215677307035238,0.4424359795861868,0.9344048116090572,26000.0,0.0004974215214098576,20.020696120131106,5.365647261507123e-05,0.0002921995113724929,10.009608883901,9.997817167921882
0.18200000000000013,0.02242502504433557,0.4478290551370091,0.9446336494495898,26000.0,0.0005033649484945668,20.02094657318255,5.4309179672362706e-05,0.0002956810129258747,10.009725011415506,9.997790732434549
0.18300000000000013,0.02269360639961269,0.45315674314317955,0.954881482346465,26000.0,0.0005093441754641104,20.02119757080452,5.4971089899213954e-05,0.0002992071752150327,10.009841672835412,9.997764198407978
0.18400000000000014,0.02295897435143352,0.458421572281881,0.965233788053225,26000.0,0.0005153371855343147,20.02144556198599,5.5624983273105943e-05,0.0003027586347595923,10.009956956053792,9.997737974139536
0.18500000000000014,0.02323422009180193,0.46401461854918324,0.9756810690416984,26000.0,0.0005214068822567697,20.021702349826057,5.628817392117069e-05,0.000306292528978902,10.010075779289307,9.997710901508686
0.18600000000000014,0.02351334842868629,0.4695543393723759,0.9860333747484583,26000.0,0.000527530696952383,20.02196319566781,5.697663555792598e-05,0.0003098875256715705,10.010196987624177,9.997683331498974
0.18700000000000014,0.02378118650439201,0.4747765865077316,0.996575631018645,26000.0,0.0005336379593069984,20.022213796773332,5.764825063059309e-05,0.0003135499453399415,10.010313863829444,9.997656771081957
0.18800000000000014,0.02406177792397027,0.48054936448044694,1.0071178872888318,26000.0,0.0005398452134500742,20.022475337879342,5.8316677898795355e-05,0.0003171563139697797,10.010434618516577,9.997629228728606
0.18900000000000014,0.02434250918999781,0.48608366709616935,1.0177551188407319,26000.0,0.0005460655369050604,20.022737804190413,5.901257831564255e-05,0.000320813803155906,10.010556702946294,9.997601470116127
0.19000000000000014,0.02462713443530725,0.4917779914511685,1.0283923503926322,26000.0,0.0005523500574396989,20.023003637245907,5.971145282679391e-05,0.0003245143509731929,10.010680105946829,9.997573377396348
0.19100000000000014,0.02490934060564824,0.4973681770109615,1.0391245572262457,26000.0,0.0005586662748079396,20.02326739403461,6.040926201972274e-05,0.00032825787835177866,10.010802730144986,9.997545478071872
0.19200000000000014,0.02519544589307223,0.5031229757308844,1.0498567640598593,26000.0,0.0005650411413971601,20.02353450761975,6.110688971577849e-05,0.00033200378079450976,10.010926576421758,9.997517272133278
0.19300000000000014,0.02547913277684486,0.5087453521095614,1.0606839461751862,26000.0,0.0005714201952460307,20.023799638934474,6.180765234853336e-05,0.00033577135764356614,10.011049820384095,9.997489231384431
0.19400000000000014,0.02576928811391372,0.5145991599746338,1.0716061035722264,26000.0,0.0005778478258846032,20.02407047647753,6.25137269317233e-05,0.00033953135450853766,10.011175324630566,9.99746063990478
0.19500000000000015,0.02606591879856546,0.5205301747171904,1.0825282609692668,26000.0,0.0005843349320219238,20.024347534966125,6.324223721065891e-05,0.00034332984333457217,10.011303895776344,9.997431368125941
0.19600000000000015,0.02636013705172539,0.5263339616614935,1.0934504183663072,26000.0,0.0005908601992407059,20.02462259982648,6.397487951137482e-05,0.00034720257014575484,10.011431887369788,9.997402251358057
0.19700000000000015,0.02664937475725603,0.5320800189838971,1.1045625263267742,26000.0,0.000597404875796792,20.02489287414458,6.468948427845733e-05,0.0003510944526325388,10.011557499843757,9.997373658253276
0.19800000000000015,0.0269539961986622,0.5383177397319264,1.1156746342872412,26000.0,0.0006040625224434382,20.025176912719868,6.542064042119877e-05,0.00035495107857325126,10.011688727105254,9.997343728312856
0.19900000000000015,0.0272562099886836,0.5442346447800299,1.1267867422477085,26000.0,0.0006107414381019138,20.025459600077355,6.617786528406722e-05,0.00035890127256804627,10.011820399953784,9.997313789670429
0.20000000000000015,0.02755344593382557,0.5501275502106596,1.137993825489889,26000.0,0.0006174460693900152,20.02573738848154,6.691541446340876e-05,0.000362893890938909,10.011949579540874,9.997284384039443
0.20100000000000015,0.0278597476339428,0.5563509687026109,1.1492009087320696,26000.0,0.000624230326148667,20.026023153988483,6.765641399686384e-05,0.0003668553249280282,10.012081803708721,9.997254236311509
0.20200000000000015,0.02816107222347281,0.5622742062572681,1.1605029672559635,26000.0,0.0006309944737298845,20.02630493110082,6.840823725273726e-05,0.0003708576141224218,10.012212964052422,9.997224401427566
0.20300000000000015,0.02846890189577738,0.5684914047225338,1.1719000010615706,26000.0,0.0006378073121210415,20.02659224519216,6.91591805311309e-05,0.0003748490852127917,10.012346092241248,9.99719405764247
0.20400000000000015,0.02878324389963758,0.5747797361770008,1.183297034867178,26000.0,0.0006446753197809074,20.026885837293065,6.993266576443835e-05,0.0003788723007533412,10.012482313763577,9.99716303032509
0.20500000000000015,0.0290926116292863,0.5808661694516346,1.1947890439544988,26000.0,0.0006515581807188808,20.027175119944328,7.070683994581106e-05,0.0003829664800980015,10.012616983456276,9.997132388180882
0.20600000000000016,0.0294084986998751,0.5872493511052853,1.2062810530418193,26000.0,0.0006585277135769396,20.02746994438965,7.14779312185887e-05,0.0003870623406193041,10.01275356619401,9.997101250782782
0.20700000000000016,0.02972198395814347,0.59345308047339,1.2178680374108535,26000.0,0.0006655187789270101,20.027762957926576,7.225705567304175e-05,0.00039119794308534184,10.012889791565115,9.997070241312548
0.20800000000000016,0.0300419970443246,0.5999001877773744,1.2295499970616008,26000.0,0.0006725826254918577,20.028061697598183,7.304075807595956e-05,0.00039534207681557465,10.01302826277897,9.997038679356613
0.20900000000000016,0.03036854543159966,0.6064288100563029,1.2412319567123484,26000.0,0.0006797267811722851,20.02836670389225,7.384619107936308e-05,0.0003995337913619279,10.013169802759371,9.99700643450317
0.21000000000000016,0.03069012328623606,0.6127590487405699,1.2530088916448094,26000.0,0.0006869030129993403,20.02866739278338,7.465140610424248e-05,0.00040380283215724067,10.013309766050629,9.99697457888068
0.21100000000000016,0.0310182436813398,0.6193868633049847,1.2647858265772702,26000.0,0.0006941722293760111,20.028973643918796,7.545340785330978e-05,0.00040807362461936503,10.013451649660674,9.99694222628576
0.21200000000000016,0.03134396961497142,0.6258349100327659,1.276562761509731,26000.0,0.0007014593453311124,20.02927809257547,7.626356664419687e-05,0.00041238048551145434,10.013593182206233,9.99691000043388
0.21300000000000016,0.03166729898851916,0.6322798642283054,1.2885296470056187,26000.0,0.0007087446641007022,20.029580154971327,7.706362957754509e-05,0.0004166867591228751,10.013733474094291,9.99687803824348
0.21400000000000016,0.03200613190465963,0.6391828155036212,1.3004965325015063,26000.0,0.0007161168164560028,20.029896212630454,7.788540152631196e-05,0.00042096294049326355,10.013879632101784,9.996844689432413
0.21500000000000016,0.03233999821418014,0.6457081703260797,1.3124634179973942,26000.0,0.0007234813636497472,20.030208547304007,7.872790693119747e-05,0.00042533392722132746,10.01402516532646,9.996811577545712
0.21600000000000016,0.03267405283306907,0.6523935085025774,1.324525278774995,26000.0,0.0007308954638602372,20.03052054328317,7.95544527049108e-05,0.0004297283053348311,10.014169989093745,9.996778566278536
0.21700000000000016,0.03301209615008994,0.6591801927291776,1.3366821148343095,26000.0,0.0007383633536879319,20.030836194122067,8.038643183594374e-05,0.00043412110589469144,10.014316352280169,9.996745198855264
0.21800000000000017,0.03335671489133181,0.6660840461820562,1.348838950893624,26000.0,0.0007459018690940122,20.031158034383026,8.123758969652561e-05,0.00043854486396477377,10.014465653825416,9.996711168093222
0.21900000000000017,0.03369636730675324,0.6727773024327982,1.361090762234652,26000.0,0.0007534584689446455,20.03147560177852,8.208978685719792e-05,0.00044303684547492006,10.014613436178283,9.996677516554634
0.22000000000000017,0.03404518537849776,0.6798379605492166,1.3733425735756797,26000.0,0.0007611166618503029,20.031801124642893,8.294379089168746e-05,0.0004475281913771112,10.014764183344848,9.996643123302492
0.22100000000000017,0.03438903802131511,0.6866102745126041,1.385689360198421,26000.0,0.0007687831595631911,20.03212263163936,8.380618821607344e-05,0.000452075241261618,10.014913780615847,9.9966090581521
0.22200000000000017,0.03481700726303328,0.6958207315479646,1.3980361468211622,26000.0,0.0007770798380035693,20.03252022424214,8.47962340012609e-05,0.00045664939704948004,10.01509566150943,9.996567378772243
0.22300000000000017,0.03508754661032609,0.6994544970674328,1.410477908725617,26000.0,0.0007846538263405201,20.032778752706374,8.566828076156385e-05,0.00046184589025866085,10.015222728756852,9.99653901177538
0.22400000000000017,0.0355068537525207,0.7099316296297773,1.4229196706300715,26000.0,0.0007931581419423628,20.03316351041488,8.647072294826197e-05,0.0004662532606876657,10.015393247170612,9.996499395476704
0.22500000000000017,0.03581001704919935,0.7142889126472922,1.4354564078162395,26000.0,0.0008008368960218393,20.03345228064935,8.740077037394656e-05,0.00047115466272784623,10.015533519350695,9.99646803006991
0.22600000000000017,0.03620514018609865,0.7234704661462837,1.448088120284121,26000.0,0.0008090165589665355,20.033817122906733,8.824651604399936e-05,0.000475632001955828,10.015698233348285,9.996430017159454
0.22700000000000017,0.03654479227377554,0.729353326696637,1.4607198327520023,26000.0,0.0008167699196122702,20.03413735909387,8.918376386946036e-05,0.0004803894910732076,10.015850087683967,9.996395708829446
0.22800000000000017,0.03692347782451919,0.7374719060770603,1.4734465205015972,26000.0,0.0008247741561909772,20.03448926571677,9.007049573017678e-05,0.00048499849846744825,10.016011505137733,9.996358706222438
0.22900000000000018,0.03727772670053006,0.7441653277477811,1.486173208251192,26000.0,0.0008326427800871561,20.034821429482545,9.099156410741216e-05,0.0004897420679973452,10.016167032364887,9.996323374493436
0.23000000000000018,0.0376555008211791,0.7520048243918598,1.4989948712825003,26000.0,0.0008407123284898121,20.035173343728957,9.190217711352311e-05,0.0004944403765192451,10.016329321670911,9.996286264377467
0.23100000000000018,0.03801400816485483,0.7588868025836469,1.5119115095955218,26000.0,0.0008487276634286944,20.035509144476244,9.282493681123105e-05,0.0004992641027784517,10.016486224437918,9.996250579244855
0.23200000000000018,0.0384076642358874,0.767116512506486,1.5248281479085435,26000.0,0.0008570398317134242,20.03587565484989,9.376561541196704e-05,0.0005040498271364213,10.01665494398267,9.996211972779577
0.23300000000000018,0.03876526117052293,0.7737667543681228,1.537744786221565,26000.0,0.0008652339857339597,20.036211307455655,9.471084820189546e-05,0.0005090518440438729,10.016812638757493,9.996176177352735
0.23400000000000018,0.03915679133079138,0.7820445485494381,1.5507563998163,26000.0,0.0008737124488806258,20.036575532744934,9.563548389041054e-05,0.0005139334581578114,10.016979990347133,9.996137841529096
0.23500000000000018,0.03951347946015574,0.7887166133555003,1.5638629886927484,26000.0,0.0008819961449362812,20.036910204410404,9.65710345248727e-05,0.000518944095888485,10.017137020230384,9.996102182602073
0.23600000000000018,0.03992093587772512,0.7974323951799588,1.576969577569197,26000.0,0.0008905867611402885,20.03728891379368,9.752241220967184e-05,0.0005238014002775238,10.01731060100331,9.996062384504876
0.23700000000000018,0.04027931996854894,0.8039118767212051,1.5901711417273585,26000.0,0.0008988890532715677,20.037625916088416,9.84905776155176e-05,0.0005288993081373761,10.01746961363898,9.996026347675645
0.23800000000000018,0.04069110516514575,0.8128108499288891,1.6033727058855203,26000.0,0.0009075393731702297,20.038008351279185,9.944467464989559e-05,0.0005338106067503401,10.017644597128797,9.995986185642856
0.23900000000000018,0.04105379136096599,0.819378543769024,1.6166692453253955,26000.0,0.0009159047370149165,20.03834936542272,0.00010042313763403143,0.0005389471857293882,10.017805412975548,9.995949735246889
0.24000000000000019,0.04146991825486068,0.8283606436141755,1.630060760046984,26000.0,0.000924625741530738,20.038735868750436,0.00010138997011982509,0.0005439037368052402,10.017982305100976,9.995909136834776
0.2410000000000002,0.0418459654601957,0.8352628869117336,1.6434522747685727,26000.0,0.0009331384457904046,20.039089142127413,0.00010239552910457084,0.0005490962888541895,10.018148536754921,9.995871423555283
0.2420000000000002,0.0422638508057002,0.8441302718203456,1.6568437894901606,26000.0,0.0009419799634299286,20.03947778146342,0.0001033850794802671,0.0005541835296825615,10.018327014248822,9.995830510116214
0.2430000000000002,0.04263518236871396,0.8509569001004851,1.6703302794934631,26000.0,0.0009505899063024237,20.039826587845717,0.00010437730211854124,0.0005594614649191421,10.018491140311838,9.995793263256395
0.2440000000000002,0.04306003492911187,0.8601121289350273,1.6839117447784786,26000.0,0.0009595523481821799,20.04022124637541,0.00010536571300190367,0.0005645427551111415,10.018671782711193,9.995751800931224
0.2450000000000002,0.04344216587053911,0.8671108120778771,1.697493210063494,26000.0,0.0009682720908498754,20.040580285659637,0.00010639042109783503,0.0005698545013742007,10.01884079864881,9.995713454116858
0.2460000000000002,0.04386879923783973,0.8761903471227271,1.7111696506302227,26000.0,0.000977307176579345,20.040976974417447,0.00010739860994585237,0.0005750336103424458,10.019022865304645,9.995671697481438
0.2470000000000002,0.04425789632939574,0.8834259315158066,1.7248460911969514,26000.0,0.0009861470635639247,20.04134219969017,0.00010843064402432656,0.0005804060833187186,10.019194376398438,9.995632739455036
0.2480000000000002,0.04468892574629073,0.8925511701305524,1.738617507045393,26000.0,0.0009952876194748717,20.04174313401583,0.00010945462038142173,0.0005856557367578952,10.01937854640762,9.995590515018588
0.2490000000000002,0.04507979452386441,0.8998120625205769,1.7524838981755495,26000.0,0.0010042160489055485,20.042110047626625,0.0001104935438701049,0.0005910942570808708,10.019550901217103,9.995551363979345
0.25000000000000017,0.04552431347542268,0.9093171156477624,1.7663502893057046,26000.0,0.0010135113050182554,20.04252322073186,0.00011153939872832197,0.0005963858887745865,10.019740299318695,9.995507902146306
0.25100000000000017,0.04591957472064965,0.9165197484522702,1.7802166804358603,26000.0,0.001022558808731977,20.042894718614214,0.00011260724204109618,0.0006019400193840729,10.019915347700024,9.995468184374696
0.25200000000000017,0.04635943938823385,0.9259097689918976,1.7941780468477293,26000.0,0.0010319331904736773,20.04330361613134,0.00011364555034787394,0.0006073250639248018,10.020102898940841,9.995425142652525
0.25300000000000017,0.04675910283369601,0.9333436209299512,1.8082343885413117,26000.0,0.0010410721910000253,20.043678754848873,0.00011470710653221916,0.0006128745252507173,10.020279041156876,9.995385120897758
0.25400000000000017,0.04720989004501665,0.9429503897327358,1.822290730234894,26000.0,0.0010505367270565724,20.044097861538425,0.00011577328125844666,0.0006182688496279565,10.020471295066052,9.995341005397657
0.25500000000000017,0.04761397245072624,0.9503651107572364,1.8364420472101899,26000.0,0.001059741954564708,20.044477482570258,0.00011686101302116336,0.0006238999217272889,10.020649971776816,9.995300437037743
0.25600000000000017,0.04807183152700677,0.9601705201702211,1.8505933641854855,26000.0,0.0010693220073717535,20.044903007145887,0.0001179402171224142,0.0006293692684622432,10.020844997213995,9.99525565888261
0.2570000000000002,0.04847773465118629,0.9675733966009435,1.8648396564424947,26000.0,0.0010786276459919253,20.04528448791763,0.00011903830769094403,0.0006350829432258953,10.02102470561424,9.995214868584853
0.2580000000000002,0.0489400694427046,0.977520487960565,1.8790859486995037,26000.0,0.001088322935085928,20.045714021647164,0.00012012363726787711,0.000640606680366751,10.021221393941097,9.995169687106511
0.2590000000000002,0.04935041764902966,0.9849998295219595,1.8934272162382262,26000.0,0.0010977297358774618,20.046099695776096,0.00012123466804597749,0.0006463733393687332,10.021403080575137,9.995128445638185
0.2600000000000002,0.04981724250138388,0.9950331666349234,1.9078634590586623,26000.0,0.0011075178554669773,20.046533435750202,0.0001223328874811469,0.0006519515347042093,10.021601742155593,9.995082808456552
0.2610000000000002,0.0502411747592477,1.0028530839064018,1.922299701879098,26000.0,0.0011170775681844103,20.046931572543286,0.000123471297608424,0.0006577738950045986,10.021788929026448,9.995040281210095
0.2620000000000002,0.05071250832727898,1.0128455924363169,1.9367359446995338,26000.0,0.0011269954162621554,20.047369955731934,0.00012459735932407456,0.0006634781151666491,10.021990260996393,9.994994074457539
0.2630000000000002,0.05113179328025585,1.0205534549898452,1.9513621380833974,26000.0,0.001136646207559655,20.047763814059632,0.00012572777336655738,0.0006693999727779842,10.022175579457524,9.994951972980544
0.2640000000000002,0.0516167833577316,1.0310332942209035,1.965893356185546,26000.0,0.0011467312932841867,20.04821424901167,0.00012686292733909976,0.0006751084101685456,10.022381618270636,9.994904609787783
0.2650000000000002,0.05212702739107175,1.0410350589048905,1.9805195495694086,26000.0,0.001157097039413968,20.04869151224038,0.00012816944404692165,0.0006811518054157251,10.022603639277184,9.994853955635747
0.2660000000000002,0.05242659052022955,1.0451484777294764,1.9952407182349847,26000.0,0.0011663539035995374,20.048977484082336,0.00012914830804505728,0.0006875853914233843,10.022744127681847,9.994822501956644
0.2670000000000002,0.05302393176789613,1.0607598916091503,2.0100568621822745,26000.0,0.0011771738525537256,20.049523371797985,0.00013022678541207977,0.0006926428048539268,10.022982908265432,9.994766606420677
0.2680000000000002,0.05348657737789525,1.067207475157643,2.02477803084785,26000.0,0.0011871351370038585,20.049964743103324,0.00013170408759477503,0.0006990109795732558,10.023198035413627,9.99471849693375
0.2690000000000002,0.05392988982575356,1.0764335970080474,2.0396891500768533,26000.0,0.0011973925780407457,20.050377628109935,0.0001328136765001986,0.0007054336982215692,10.023389226549584,9.994674615152945
0.2700000000000002,0.05433408640569227,1.084529392615883,2.054600269305856,26000.0,0.0012073704665933604,20.050755119947606,0.00013381684774405045,0.0007114282894510882,10.02356398261566,9.994634642817907
0.2710000000000002,0.05486197551745139,1.096308331372348,2.069511388534859,26000.0,0.0012177970351966994,20.051244177744454,0.00013500322293713563,0.0007169319553550491,10.023785901228115,9.994583509087082
0.2720000000000002,0.05537972706193411,1.1057595052339668,2.084517483045575,26000.0,0.0012281724647250636,20.051730764712907,0.00013641848804013534,0.000723126979320976,10.024015077008478,9.994531455654425
0.2730000000000002,0.05580453800457633,1.1134400624848764,2.0996185528380047,26000.0,0.0012383337040429154,20.0521302395442,0.00013760406221630106,0.0007297276171458478,10.024204122774563,9.994488490219087
0.2740000000000002,0.05633082725652332,1.1253871971860765,2.114719622630435,26000.0,0.0012492330915629402,20.05261714208764,0.00013876758808001322,0.000735772595561679,10.024424349834154,9.994437606481783
0.2750000000000002,0.05677860262268392,1.1331594106292877,2.129915667704578,26000.0,0.0012596524707186307,20.05303927929013,0.0001400292641920986,0.0007421916522148964,10.024624585210303,9.994392277124568
0.2760000000000002,0.05728849248224783,1.1442085577878005,2.1451117127787205,26000.0,0.0012704736081835533,20.053512739868218,0.0001412312326396492,0.0007483679014372302,10.0248412336147,9.994342414658892
0.2770000000000002,0.05776190473635335,1.1530615856153081,2.1604027331345774,26000.0,0.0012810387114414734,20.053956955742212,0.0001424953294990039,0.0007547390417586564,10.025049533196963,9.994294998282593
0.2780000000000002,0.05825801285384206,1.163309333241429,2.1756937534904335,26000.0,0.001291745206409456,20.054419274854666,0.0001437211227339752,0.0007610065859940396,10.025262937667733,9.994246068236446
0.2790000000000002,0.05874920902696705,1.1729725582159984,2.191079749128004,26000.0,0.0013024000218311294,20.054878607651943,0.00014498304018079056,0.0007673196366550505,10.025476578540843,9.994197259917879
0.2800000000000002,0.0592420597698621,1.1828302947328793,2.2064657447655733,26000.0,0.0013130772990523343,20.055338954756074,0.00014623682349679257,0.0007736502251297628,10.025690231380691,9.994148387635358
0.2810000000000002,0.05974053559193136,1.1928212530871185,2.2219467156848567,26000.0,0.0013238066464966725,20.055804488609173,0.0001475008192267646,0.0007799913329016306,10.025906127073167,9.994098989035372
0.2820000000000002,0.06023804017230955,1.2027075787662307,2.237522661885853,26000.0,0.0013345650766117267,20.05626939596167,0.00014877355101872158,0.0007863830694440632,10.026122083113366,9.994049606875144
0.2830000000000002,0.0607503991088585,1.2130507110438025,2.25309860808685,26000.0,0.0013454735731940892,20.056747653522276,0.00015006635963360493,0.0007928046244231046,10.026343607173137,9.993998887786397
0.2840000000000002,0.06125521631761979,1.222973420589929,2.2686745542878466,26000.0,0.0013564285641710638,20.057219753644468,0.0001513715093089396,0.0007993510118005642,10.026563325026817,9.99394867711782
0.2850000000000002,0.0617604008784995,1.2330963994539075,2.284345475770557,26000.0,0.0013674758720012004,20.057691561343365,0.000152656681349006,0.0008059173172751399,10.026782202171095,9.993898582073427
0.2860000000000002,0.06227254632517817,1.2433840686771838,2.30011137253498,26000.0,0.0013786061643779601,20.05816978778359,0.00015395442497356804,0.000812476545973162,10.027003876913643,9.993847837446165
0.2870000000000002,0.06279166359787802,1.2537542420409395,2.3158772692994036,26000.0,0.0013898091521610256,20.058654714695958,0.00015527807482529354,0.0008190817091868197,10.027228903444705,9.993796344621698
0.2880000000000002,0.0633085209431066,1.2639999822385217,2.3317381413455402,26000.0,0.0014010457958323896,20.059137791621247,0.00015660699655262178,0.0008257613796246455,10.027453414640801,9.99374499140693
0.2890000000000002,0.06383236297776533,1.2745205476259878,2.3475990133916773,26000.0,0.0014123705494627492,20.059626948463677,0.00015793845895617498,0.0008324565305805609,10.027680206911702,9.993693062102395
0.2900000000000002,0.06435394876410667,1.2848744097282059,2.3635548607195274,26000.0,0.0014237157220042262,20.060114398265995,0.00015927830753709182,0.00083919601818222,10.027906658866728,9.9936412545634
0.2910000000000002,0.06488253220759096,1.2954887558238655,2.3795107080473774,26000.0,0.0014351308357294923,20.060607988283813,0.0001606235949318524,0.00084594190438958,10.028135511287697,9.99358884884848
0.2920000000000002,0.06540886311839009,1.3059362197752236,2.3955615306569413,26000.0,0.0014465539614489376,20.06109987566455,0.00016197747622320735,0.0008527291528190317,10.028364028639588,9.993536561280456
0.2930000000000002,0.06594220475874173,1.3166455397598078,2.411612353266505,26000.0,0.0014580420240023484,20.061597911874564,0.00016333664258549874,0.0008595207682559614,10.028594942887278,9.993483675704832
0.2940000000000002,0.06647594588343338,1.3272612646530357,2.4277581511577813,26000.0,0.0014695583501804776,20.06209665615193,0.00016470871390866781,0.0008663547724158116,10.028826557296934,9.993430664258659
0.2950000000000002,0.06701406367218744,1.338027824115864,2.443998924330772,26000.0,0.0014811391396692408,20.062599280681304,0.00016608621616565067,0.0008732166015525955,10.02905974945962,9.993377263631904
0.2960000000000002,0.06756186707473688,1.3490102057806728,2.460239697503763,26000.0,0.0014928302849556152,20.063110880456122,0.00016748586251724706,0.0008801224747000957,10.029296989391582,9.99332292420945
0.2970000000000002,0.06810478287152867,1.35974232254621,2.476480470676753,26000.0,0.0015045685444635692,20.06361841672536,0.00016889225577865208,0.0008871254124871997,10.029532965343062,9.993268926734034
0.2980000000000002,0.0686481098726233,1.370615883179319,2.492816219131457,26000.0,0.0015163771212802768,20.06412589839659,0.00017028519232725747,0.0008941442839772162,10.029768412567513,9.993214995256297
0.2990000000000002,0.06919848957425928,1.38166380760161,2.509246942867874,26000.0,0.001528256982918308,20.064639858979525,0.0001716911472399718,0.0009011578082021576,10.030006678667027,9.9931604046423
0.3000000000000002,0.06975593355638403,1.3927993590277792,2.525677666604291,26000.0,0.0015402062343268241,20.065160595788534,0.00017312283541975892,0.0009082178083632542,10.030248311282158,9.993105059588563
0.3010000000000002,0.07031114909712737,1.4038107999753207,2.542203365622422,26000.0,0.001552191606552622,20.065679513086184,0.0001745600543502368,0.0009153537591409799,10.030489442627987,9.993049851813533
0.3020000000000002,0.0708734425662604,1.4150996419371966,2.5587290646405525,26000.0,0.0015642721765450895,20.066204595131612,0.00017600009337509492,0.0009225079557815263,10.030732892079339,9.992994057503799
0.3030000000000002,0.07143616914857058,1.4262949579327986,2.575349738940396,26000.0,0.0015764006043822998,20.06673041856058,0.00017745315121137084,0.0009297111743958308,10.030977057659385,9.992938135791393
0.3040000000000002,0.07200333088105904,1.4376417069660183,2.59197041324024,26000.0,0.0015886012878759126,20.067260178773758,0.00017891204828490714,0.0009369450481168107,10.031222832442758,9.992881816978183
0.3050000000000002,0.07257093184240349,1.4489480956526526,2.6086860628217976,26000.0,0.0016008431735325401,20.067790511450365,0.00018037815002525104,0.0009442173498124817,10.031469047306151,9.992825411180238
0.3060000000000002,0.0731429797186524,1.460396005508011,2.625401712403355,26000.0,0.0016131441177052452,20.068324825427347,0.00018185068564413598,0.0009515080672606313,10.031716910844434,9.992768603789798
0.3070000000000002,0.07371547299157949,1.4717998769461582,2.642212337266626,26000.0,0.0016254741074270274,20.068859730240117,0.00018333118021357508,0.0009588307096271564,10.031965245849374,9.992711704183659
0.3080000000000002,0.07429508793290936,1.4834190691683409,2.659022962129897,26000.0,0.0016378747961378615,20.06940104820142,0.0001848225824268579,0.0009661703366930507,10.032216275806714,9.992654154829664
0.3090000000000002,0.07487249266636056,1.4948825167359852,2.6759285622748807,26000.0,0.0016502959735015255,20.069940669178873,0.000186322151847218,0.0009735630447002541,10.032466949105178,9.992596724984177
0.3100000000000002,0.07545703317425244,1.5066150444814264,2.6929291377015785,26000.0,0.001662798103931884,20.070486540301104,0.00018782663264521604,0.0009809684011116704,10.032720040210272,9.992538688143119
0.3110000000000002,0.07605138772393631,1.518512655028711,2.709929713128276,26000.0,0.001675408326479999,20.071041682412847,0.00018935974868344863,0.0009884270111486515,10.032977515818876,9.992479654333664
0.3120000000000002,0.07664087829823218,1.530170358975243,2.7269302885549735,26000.0,0.0016880697832174496,20.07159275058641,0.00019089942931344028,0.000995991434336263,10.033233702250651,9.992420964621223
0.3130000000000002,0.07723083525910385,1.541975407076164,2.7440258392633843,26000.0,0.0017008070471186687,20.07214379998231,0.00019242527704355084,0.0010035742507008005,10.033489349339645,9.992362340155207
0.3140000000000002,0.0778279587589493,1.5539575369076544,2.761216365253508,26000.0,0.0017136194196693544,20.072701433305912,0.0001939645328923878,0.0010111519564003357,10.033747860822622,9.992303044621949
0.3150000000000002,0.07843226114163421,1.5660288864680239,2.778406891243633,26000.0,0.0017265028546582517,20.073265952368487,0.00019553007413614099,0.0010187763643849657,10.034009792836615,9.992242981212065
0.3160000000000002,0.07903437527701997,1.5779762077090107,2.795597417233757,26000.0,0.0017394221307738267,20.073828691936967,0.00019710159099900482,0.0010264766831318273,10.034271245107167,9.992183050603956
0.3170000000000002,0.07963429816801301,1.5899450559440833,2.8128829185055944,26000.0,0.0017523687774784191,20.074389169636532,0.00019866093632037174,0.0010341904998832363,10.034531393471958,9.992123389016543
0.3180000000000002,0.0802440904437603,1.6022153123677767,2.8302633950591454,26000.0,0.0017653836566522418,20.074958524969237,0.0002002330323153112,0.0010418792750430117,10.034795208387552,9.992062844708435
0.31900000000000023,0.08086109307604776,1.614525587942675,2.8476438716126973,26000.0,0.001778459777786623,20.07553495969499,0.0002018369625726435,0.0010496229923696587,10.035062712250927,9.992001489828969
0.32000000000000023,0.08147591836567386,1.6267231810058709,2.865119323447962,26000.0,0.0017915812113958873,20.076109588436275,0.00020344627589313768,0.0010574553980718937,10.035329697679757,9.991940272211625
0.32100000000000023,0.08209796885131278,1.639206225846207,2.8825947752832266,26000.0,0.0018048160442788452,20.076690502771925,0.00020505820146266007,0.0010653157194333018,10.03559902904663,9.991878456718668
0.32200000000000023,0.0827178464092896,1.651522055365096,2.9001652024002045,26000.0,0.0018180983381233529,20.077269795038596,0.0002066792284377006,0.0010732322050150955,10.035868066538583,9.991816754111692
0.32300000000000023,0.08334496411452975,1.66410508993404,2.9177356295171823,26000.0,0.0018314753485981772,20.077855448018077,0.00020830634529750425,0.001081164953691427,10.036139600371676,9.991754426116481
0.32400000000000023,0.0839725938281226,1.6765948080529243,2.9354010319158736,26000.0,0.0018448953957818648,20.078441920773177,0.0002099471749273385,0.001089146602870239,10.036411893482477,9.991691958482516
0.32500000000000023,0.08460748101542395,1.6893147871840322,2.953066434314565,26000.0,0.0018584009131022983,20.079034893383803,0.00021159858839514545,0.0010971570520034724,10.036686890618412,9.991628831755254
0.32600000000000023,0.08524020649205233,1.7018825841429064,2.9708268119949697,26000.0,0.0018719346496375855,20.07962620583978,0.00021325797806381885,0.0011052232038383236,10.036961529517399,9.991565824086758
0.32700000000000023,0.08588020464578872,1.7147234062645709,2.9885871896753744,26000.0,0.0018855496999215515,20.08022389255044,0.00021492273916196014,0.0011133001765561978,10.037238638473074,9.99150219490971
0.32800000000000024,0.08651804564203851,1.7273967300890012,3.0064425426374926,26000.0,0.00189918050154525,20.080819974170577,0.00021659701592879887,0.001121421676687051,10.037515465923562,9.9914386740732
0.32900000000000024,0.08716586079882406,1.7404137851409385,3.024392870881324,26000.0,0.0019129011554593345,20.081424898859865,0.00021828189896344607,0.001129551838146281,10.037795849495927,9.991374275096941
0.33000000000000024,0.0878209793823383,1.753486023740487,3.0423431991251553,26000.0,0.0019267124207245079,20.082036946060406,0.0002199964430033563,0.001137751717522839,10.0380798586655,9.991309073326267
0.33100000000000024,0.0884739554556494,1.7664459730265694,3.0602935273689864,26000.0,0.0019405926168376553,20.082647220720776,0.00022171656007607954,0.0011460480721383615,10.038363363700425,9.99124400792866
0.33200000000000024,0.08912478590709869,1.7794316788561746,3.078338830894532,26000.0,0.0019545333711222246,20.08325526505104,0.0002234242853191848,0.0011543726336235571,10.03864556139995,9.991179210312028
0.33300000000000024,0.08978562849032518,1.792722357091079,3.096384134420077,26000.0,0.0019685677016831327,20.08387231803232,0.0002251451198646559,0.0011626816881451507,10.038931483047236,9.991113513720288
0.33400000000000024,0.09044433246628453,1.8057927148364765,3.114524413227335,26000.0,0.0019826091728915585,20.084487958513957,0.00022688282523497527,0.0011710457647617356,10.039217453143811,9.991047870371405
0.33500000000000024,0.09111037581649407,1.8191491981011785,3.1327596673163067,26000.0,0.001996720365852467,20.08510999700643,0.00022862554134772672,0.0011794239112898897,10.039505878611422,9.99098160012447
0.33600000000000024,0.09178377198982901,1.8326051085724016,3.1509949214052777,26000.0,0.002010909013238915,20.085739061863475,0.0002303926358979136,0.00118784869711136,10.039797702544812,9.990914562342802
0.33700000000000024,0.09245504225425814,1.8459336390469536,3.1693251507759634,26000.0,0.002025143769683324,20.0863664206627,0.00023216693218941487,0.0011963529664597017,10.0400891038424,9.990847649626057
0.33800000000000024,0.09313637794483919,1.8596214577869619,3.1876553801466483,26000.0,0.0020395060679229138,20.087002662478795,0.00023394973364282423,0.0012048834852425028,10.040383998176003,9.990779865484939
0.33900000000000025,0.09381559493837392,1.8731030069944503,3.2059856095173336,26000.0,0.002053920784107488,20.08763746520247,0.00023574695896139142,0.0012134905563738752,10.040678841565423,9.990712153357407
0.34000000000000025,0.09449269006646456,1.8866085714048066,3.224410814169732,26000.0,0.002068376699753849,20.08827006723331,0.00023753386474661964,0.0012221226874626345,10.040972448683627,9.99064469312367
0.34100000000000025,0.09517987506488565,1.9004249617820013,3.242930994103844,26000.0,0.002082910883212774,20.08891173662576,0.00023933354362037917,0.001230734769901598,10.041269783356814,9.990576327573347
0.34200000000000025,0.09587176449946022,1.9142101226090882,3.2614511740379553,26000.0,0.0020974898098133354,20.089558214304578,0.0002411613140436697,0.0012394000864534571,10.04156983553966,9.99050738170619
0.34300000000000025,0.09656424768225559,1.9279965203237046,3.280066329253781,26000.0,0.002112116982125656,20.090205282298214,0.00024299497616925292,0.0012481301820757018,10.041870247833288,9.990438348794253
0.34400000000000025,0.09726685683286834,1.9420947442016423,3.2986814844696064,26000.0,0.002126862161453691,20.090861450368507,0.00024484248799760966,0.0012568921924743237,10.042174423641805,9.990368400734361
0.34500000000000025,0.09796466197132704,1.955923135085615,3.3172966396854315,26000.0,0.0021416428085014316,20.091513703282647,0.0002466995314260867,0.0012657365103149187,10.04247745901512,9.990298779738563
0.34600000000000025,0.09866306865733057,1.9698935714947663,3.3360067701829696,26000.0,0.002156478677428131,20.09216609038987,0.00024854553995901085,0.00127458935118413,10.042780080390347,9.990229195960048
0.34700000000000025,0.09936891894577997,1.9840474059092847,3.354811875962222,26000.0,0.0021713737163674973,20.092825318212505,0.00025040616021404505,0.0012834320035781666,10.043085682274517,9.990158907764055
0.34800000000000025,0.1000822269168967,1.998295622846581,3.3736169817414736,26000.0,0.0021863307385061592,20.093491694087323,0.0002522942084771107,0.0012923194900750223,10.043394824948008,9.990087820872068
0.34900000000000025,0.1007961558849456,2.012495185981887,3.392517062802441,26000.0,0.0022013406458055718,20.094158851888224,0.0002541936960212543,0.0013012851974331663,10.04370459710854,9.99001660476621
0.35000000000000026,0.1015175617351863,2.0269448006716915,3.4114171438634044,26000.0,0.0022164632027490416,20.094832663995042,0.0002561020770404099,0.0013102937064894404,10.04401705309415,9.989944724289163
0.35100000000000026,0.1022368863595298,2.041242009730328,3.4304122002060837,26000.0,0.0022316416447658582,20.095504897147876,0.0002580192890392352,0.0013193695142397766,10.044329193125494,9.989872956330334
0.35200000000000026,0.1029664182778271,2.0558926247029996,3.449407256548763,26000.0,0.0022469448453636964,20.096186174754916,0.0002599473014220366,0.0013284679957443202,10.044644956593714,9.989800288336856
0.35300000000000026,0.1036911619113346,2.0702611455090185,3.4684972881731553,26000.0,0.0022622721370004206,20.096863593417343,0.0002618860052798211,0.001337638593469026,10.044959639494795,9.989727937510208
0.35400000000000026,0.1044288483174579,2.085110076827797,3.487587319797547,26000.0,0.0022777239731568977,20.097552374056583,0.00026383447916722425,0.0013468137519185297,10.045278749066398,9.989654471662224
0.35500000000000026,0.1051617517220407,2.0996265304060686,3.5067723267036532,26000.0,0.0022931862984237328,20.09823746712058,0.0002657990320465431,0.0013560642734741224,10.045597037360022,9.98958128395301
0.35600000000000026,0.1059049040462119,2.1145604693936857,3.5259573336097585,26000.0,0.0023087526749679954,20.098931435454897,0.00026776826642110896,0.001365323343437863,10.045918655138616,9.989507237078264
0.35700000000000026,0.1066459959347072,2.129279855029465,3.545237315797577,26000.0,0.0023243408574765145,20.099624050618218,0.0002697527502721342,0.0013746399615556237,10.046240273503647,9.989433253534624
0.35800000000000026,0.1073946380777181,2.144287728271794,3.564517297985397,26000.0,0.002340012313113815,20.100323267112557,0.0002717436303822929,0.0013839743528246684,10.046564454627696,9.989358617912007
0.35900000000000026,0.1081439473963317,2.159206705514439,3.583892255454929,26000.0,0.0023557227636282208,20.101023444378825,0.00027374892350623403,0.001393357700620823,10.046889445717838,9.98928382999985
0.36000000000000026,0.1089008269293934,2.1743641623502135,3.603267212924461,26000.0,0.0023715220728955377,20.101730407653033,0.0002757660482050617,0.001402772487460957,10.047217265439752,9.989208348637687
0.36100000000000027,0.1096556593785118,2.1893690148959704,3.622737145675707,26000.0,0.002387356160889198,20.102435827010606,0.00027779249164627817,0.0014122477789488275,10.047544790843084,9.989132973301215
0.36200000000000027,0.1104208056408407,2.2047312552533964,3.642207078426953,26000.0,0.0024033013898646094,20.103150384516244,0.00027982990083619264,0.0014217401733902513,10.04787597279357,9.989056687289128
0.36300000000000027,0.1111839128566281,2.2198862951525484,3.6617719864599123,26000.0,0.002419283824863394,20.10386358595955,0.00028188277431939746,0.0014313035193528334,10.048207152830472,9.988980462785142
0.36400000000000027,0.1119546281465353,2.235335190926676,3.681336894492871,26000.0,0.0024353663135672776,20.104583428859808,0.0002839416112820903,0.0014408927881732758,10.048540890476502,9.988903583823179
0.36500000000000027,0.1127260397818835,2.2506956119210324,3.7009967778075437,26000.0,0.002451499958054215,20.105304260290303,0.00028601503556674457,0.0014505354212698274,10.048875449876729,9.988826550264294
0.36600000000000027,0.1135050799210465,2.2662958527424495,3.7206566611222165,26000.0,0.0024677286751514926,20.106031931654105,0.0002881005724088004,0.001460211342590445,10.049212862816722,9.988748816506238
0.36700000000000027,0.1142820947563519,2.281743416736611,3.7404115197186023,26000.0,0.002483992090359488,20.106758081175276,0.0002901957071637651,0.0014699473219388914,10.049549993565877,9.98867118623801
0.36800000000000027,0.1150694897960615,2.2975502730306276,3.7601663783149886,26000.0,0.002500362286774971,20.10749342911013,0.00029230206934693914,0.001479698161533427,10.049890806429568,9.98859263773958
0.36900000000000027,0.1158548677887609,2.3131497609887544,3.780016212193088,26000.0,0.0025167624809786515,20.108227443648254,0.0002944241857977259,0.001489516769329291,10.050231629862605,9.988514148362396
0.3700000000000003,0.1166479130462831,2.329044831748365,3.7999610213529005,26000.0,0.0025332555250608957,20.10896815330407,0.0002965525232486166,0.00149935810800933,10.05057503365137,9.988434997907449
0.3710000000000003,0.1174513785627614,2.345119573913664,3.819810855231,26000.0,0.0025498626347983944,20.109718693120996,0.0002987114763567389,0.0015092548359943447,10.050923059876833,9.988354785267063
0.3720000000000003,0.1182431442562047,2.3607596800480066,3.8398506396725263,26000.0,0.002566468363003782,20.11045896437502,0.00030086811416257797,0.0015192532609691334,10.051267158061119,9.988275554776255
0.3730000000000003,0.1190550478430288,2.3771935857730275,3.859795448832339,26000.0,0.002583250394035508,20.111216761434186,0.00030303226478717304,0.0015292188235213056,10.05161783883017,9.988194635839115
0.3740000000000003,0.1198552474277863,2.3929611994058786,3.8799302085555785,26000.0,0.0025999991658617327,20.111965048904267,0.0003052175355190423,0.0015392842671596574,10.051965746014464,9.988114530196892
0.3750000000000003,0.120672878545615,2.4094747863126695,3.900064968278818,26000.0,0.0026168964909423775,20.1127283132419,0.0003074058998686624,0.0015493341011298956,10.05231912789637,9.988032987933643
0.3760000000000003,0.1214912687057364,2.4257195336405895,3.9201997280020584,26000.0,0.0026338399805176382,20.113493223128206,0.00030962855724953053,0.0015594726524046365,10.052674285748298,9.987951144879704
0.3770000000000003,0.1223076729992106,2.4419792530227595,3.9404294630070105,26000.0,0.0026508365830498204,20.114256098426367,0.00031184551884777534,0.001569673682576156,10.053028382363618,9.987869517582327
0.3780000000000003,0.1231318265803223,2.4585092701944915,3.960659198011963,26000.0,0.0026679242711197815,20.115025834283507,0.00031406925868887603,0.0015798747959469561,10.053385149561771,9.987787217148716
0.3790000000000003,0.123956748386395,2.4749378672453837,3.98098390829863,26000.0,0.0026850439574646057,20.115796673418334,0.0003163105095029817,0.0015901180622505673,10.053742873977013,9.98770473885218
0.3800000000000003,0.1247894410397778,2.4916091441819352,4.001308618585297,26000.0,0.002702242508040187,20.116574485772325,0.0003185646651289731,0.0016003895658368017,10.054103518389029,9.98762154073568
0.3810000000000003,0.1256229132963441,2.5082045225252356,4.021728304153676,26000.0,0.002719484249550763,20.117353328784944,0.0003208333114624873,0.001610719036535424,10.054464977242622,9.987538184043313
0.3820000000000003,0.1264641781324208,2.525048230788693,4.042147989722056,26000.0,0.0027368221730988407,20.118139148090542,0.0003231140094486773,0.001621083129788592,10.054829322736742,9.987454114394964
0.3830000000000003,0.1273089875073795,2.5418915389634322,4.062662650572149,26000.0,0.0027542389554105484,20.118928514476377,0.00032541394318585937,0.0016315122311322816,10.055195569040908,9.987369627472255
0.3840000000000003,0.1281533496368462,2.5587150744168707,4.083177311422243,26000.0,0.002771717880464264,20.119717499517417,0.00032771759435040737,0.0016419995856239988,10.055561706210888,9.987285162720235
0.3850000000000003,0.1289985090170136,2.5755968256651016,4.103786947554049,26000.0,0.0027892458419812582,20.120507091019846,0.0003300205364347164,0.0016525019004674513,10.055927945604237,9.987200648772351
0.3860000000000003,0.1298542570432363,2.59276133106519,4.124396583685856,26000.0,0.002806857150836173,20.121306341916558,0.00033234366653928094,0.0016630054684108608,10.056298360437152,9.987115132529345
0.3870000000000003,0.1307108166747898,2.609797971758963,4.145101195099375,26000.0,0.0028245000334997106,20.12210682676677,0.0003346884531071903,0.0016735778776835741,10.05666991878995,9.987029403922595
0.3880000000000003,0.1315779926086581,2.6271763832815394,4.165805806512895,26000.0,0.0028422590472538256,20.12291680430186,0.0003370486680575602,0.0016841951974702618,10.057045394335784,9.986942705395776
0.3890000000000003,0.1324459946329914,2.6444433034773906,4.1866053932081275,26000.0,0.00286009357860717,20.1237279761736,0.00033942792787067244,0.0016949005766065395,10.057421893910995,9.986855816143791
0.3900000000000003,0.1333246408510196,2.662052130513314,4.2074049799033615,26000.0,0.002878080915465653,20.12454866795035,0.0003418230381204701,0.0017056636155733385,10.057802324475837,9.986767955775596
0.3910000000000003,0.1342041277758602,2.6795483729235032,4.228204566598595,26000.0,0.002896167176226705,20.125370572127615,0.0003442377940913177,0.0017165235204854579,10.058183796572944,9.986679901005678
0.3920000000000003,0.1350567987621262,2.6963505949238793,4.2491941038572545,26000.0,0.0029141493982495215,20.126167944332074,0.00034660807025321816,0.0017274251923586337,10.058554573430143,9.986594380740181
0.3930000000000003,0.1359576305870204,2.714890281667844,4.270088665834201,26000.0,0.002932392306581988,20.127007760822544,0.00034900940285564896,0.0017381394421297491,10.058941908282403,9.986504691912835
0.3940000000000003,0.1368494875594292,2.73233552669127,4.291078203092861,26000.0,0.00295057409989391,20.127842207928662,0.0003514946778714889,0.0017490690108407647,10.05933026279029,9.986415148031593
0.3950000000000003,0.1377243537285575,2.7496722690535225,4.312162715633235,26000.0,0.0029687387185358127,20.12866002087356,0.00035392240582909906,0.0017600894629050123,10.05971027000269,9.986327425513654
0.3960000000000003,0.1386376339508884,2.768335122367829,4.333247228173608,26000.0,0.002987171820101331,20.129511885186055,0.0003563777876386953,0.0017709933571660175,10.060103645415703,9.986236360790159
0.3970000000000003,0.1395240727482574,2.7855915628425594,4.354426715995696,26000.0,0.0030054809457055742,20.13034153867015,0.0003588692859250453,0.0017820891609880984,10.06049012816585,9.986147262225089
0.3980000000000003,0.1404489822125459,2.8044874088312426,4.375606203817783,26000.0,0.003024106795581183,20.131204268094102,0.00036136527307656374,0.0017931454419073956,10.060888693001075,9.986054980203564
0.3990000000000003,0.1413470373203094,2.8219889817326016,4.396785691639869,26000.0,0.003042652085802844,20.132044733705786,0.0003638908670385299,0.001804400071047596,10.061280109541187,9.985964711092628
0.4000000000000003,0.1422459654815809,2.840080038277475,4.418060154743671,26000.0,0.003061269935391575,20.13288413159761,0.0003663620832896064,0.0018155945918388317,10.061668995811326,9.985874778333132
0.4010000000000003,0.1431556599132745,2.8583573575913874,4.439429593129184,26000.0,0.0030799099788729745,20.13373368483425,0.0003688589233040718,0.0018267006765030347,10.062062482858078,9.985783781441725
0.4020000000000003,0.1441039392409155,2.877512730682479,4.460799031514696,26000.0,0.0030987664645406587,20.134618936800123,0.00037144476497175116,0.0018378549590193916,10.062472149588407,9.985688982969634
0.4030000000000003,0.1450253383411025,2.8954272439378927,4.482168469900211,26000.0,0.003117577558626572,20.135481393957797,0.00037405140948953974,0.001849319271352623,10.062874083113513,9.98559626479539
0.4040000000000003,0.1459476408893908,2.913988512630064,4.5036328835674375,26000.0,0.003136542483749505,20.136342625040893,0.0003765945318139341,0.0018607665764552306,10.063273068560301,9.9855039503064
0.4050000000000003,0.1468807681634177,2.932738116049596,4.525192272516378,26000.0,0.0031556054636927566,20.137214062664366,0.00037916378974572895,0.0018721505300702823,10.063676663096464,9.985410575947386
0.4060000000000003,0.1478247419566522,2.951594425815338,4.5467516614653185,26000.0,0.003174743545261649,20.138095997832185,0.00038177879426432026,0.001883590811924185,10.064085641182823,9.985315995029826
0.4070000000000003,0.1487696494171329,2.9703797098518776,4.568311050414259,26000.0,0.0031939378489321824,20.138979102154252,0.000384411830868292,0.0018951424222166668,10.06449555884383,9.985221219147316
0.4080000000000003,0.149715491256342,2.9892554240713802,4.589965414644913,26000.0,0.003213204792836155,20.139862844380765,0.00038704259415339726,0.001906743860658755,10.064905482894906,9.985126401376405
0.4090000000000003,0.1506443198496815,3.007666802338295,4.611619778875567,26000.0,0.003232390257536133,20.14073110197616,0.00038964749502401475,0.0019183443381913245,10.065308695663877,9.985033188169218
0.4100000000000003,0.1516019813832456,3.0271258176906772,4.633369118387935,26000.0,0.003251704120263821,20.141624746756353,0.0003922716047741748,0.0019298104160830332,10.065721801536412,9.984937466245638
0.4110000000000003,0.1525705569501022,3.046374360321863,4.6552134331820145,26000.0,0.003271062573514061,20.142530001986383,0.0003949736262939818,0.0019413967246492692,10.066141904293021,9.98484029651683
0.4120000000000003,0.153550068872273,3.06590528570998,4.676962772694382,26000.0,0.0032906033104956878,20.143445266190177,0.00039770508396191895,0.0019531673386835036,10.06656654386578,9.98474203442078
0.4130000000000003,0.1544926287065222,3.084358483596991,4.698902062770176,26000.0,0.0033100769829188526,20.144327124409962,0.00040038739053482875,0.001965089344645232,10.066977004681618,9.98464720144853
0.4140000000000003,0.1554840665643499,3.1047732713628786,4.720746377564257,26000.0,0.003329919072024401,20.14525140633107,0.0004030803449650011,0.001976826024188527,10.067403216387442,9.984548277176692
0.4150000000000003,0.1564385246486305,3.1232628120519546,4.742780642921765,26000.0,0.003349550742939744,20.14614504658472,0.0004058175347657067,0.0019887601707808122,10.067819757107435,9.984452110157962
0.4160000000000003,0.1574419349923817,3.143861131995042,4.764719932997558,26000.0,0.0033695222554470106,20.14708070069723,0.0004085582326256443,0.0020005993799903643,10.068251585723496,9.98435188459262
0.4170000000000003,0.1584083377506028,3.162590522280779,4.786849173636779,26000.0,0.0033893012056798177,20.147985500167284,0.00041133302884688305,0.0020126523579667155,10.06867329082565,9.984254492911115
0.4180000000000003,0.1594237675190887,3.1834337213416615,4.808883438994287,26000.0,0.003409446722120124,20.148932371682992,0.000414110895554487,0.0020246113171659696,10.069110282040752,9.984153047192464
0.4190000000000003,0.1604021617636978,3.2024024185351045,4.831012679633508,26000.0,0.0034294250276464266,20.149848378715195,0.00041692399463250096,0.0020367931183838395,10.069537175920171,9.98405443414741
0.4200000000000003,0.1613915709364448,3.2224336815406733,4.853236895554442,26000.0,0.0034495225034932298,20.150771903287264,0.00041967957845745474,0.0020488738111510973,10.069964517620749,9.98395534002464
0.4210000000000003,0.1623920178752863,3.242469849323829,4.875461111475376,26000.0,0.003469638434365152,20.151706452659695,0.00042248147010409687,0.0020609044429726886,10.070397527000292,9.98385500974929
0.4220000000000003,0.1634215701859625,3.263160891875261,4.897780302678024,26000.0,0.003489934499486036,20.15266795604059,0.0004253552709652664,0.0020730191966848444,10.07084286776735,9.983751775135309
0.4230000000000003,0.1644341182020127,3.28303636102309,4.920099493880671,26000.0,0.003510249751151384,20.15361514085221,0.00042824798241658524,0.0020853881884276837,10.071283469427286,9.983649837590342
0.4240000000000003,0.1654476998190119,3.30336680849977,4.942418685083319,26000.0,0.003530721340047449,20.154561861713375,0.00043110027282411423,0.0020977743254330106,10.071722204273854,9.983548133462099
0.4250000000000003,0.1664623158514724,3.32365426866327,4.96483285156768,26000.0,0.0035512513879159546,20.155509759760722,0.0004339617298022014,0.002110127413793683,10.072161577951398,9.98344630243401
0.4260000000000003,0.1674880406857783,3.344212311246448,4.987341993333754,26000.0,0.0035718451574394683,20.156467878314274,0.0004368504749201474,0.0021224714522657395,10.07260555023988,9.98334337222595
0.4270000000000003,0.1685248977030029,3.364923092340944,5.009756159818115,26000.0,0.0035925119838551844,20.15743662938159,0.00043977902050124085,0.0021348834028767083,10.07305472255208,9.983239248552387
0.4280000000000003,0.1695527329858389,3.385288433448985,5.032360276865903,26000.0,0.0036131694163351047,20.158397497084533,0.0004427097765700161,0.0021473994998791324,10.073500925216074,9.983135878754233
0.4290000000000003,0.1706018135118007,3.4064497459238563,5.054964393913691,26000.0,0.0036340072907692367,20.159376992782203,0.00044565451358935526,0.002159897842242131,10.073954285719582,9.983030667498241
0.4300000000000003,0.1716519779140313,3.4272973554140918,5.077568510961479,26000.0,0.0036549141167699917,20.160358607395164,0.00044864326594579174,0.0021725163133028413,10.074409875513734,9.98292507919793
0.4310000000000003,0.1726750028544997,3.44748285640633,5.1002676032909795,26000.0,0.0036757292795416285,20.16131526090614,0.00045158696593550207,0.0021852103162532943,10.074854493651038,9.982822089029193
0.43200000000000033,0.1737374415246414,3.469186041038686,5.122966695620482,26000.0,0.0036967744733256702,20.162306336284388,0.0004545451974709569,0.0021977302625179607,10.075312101700808,9.982715733560836
0.43300000000000033,0.1748009819907052,3.4901980779747155,5.145760763231696,26000.0,0.0037178135460458894,20.163300792197173,0.0004575891077897021,0.0022104059311897073,10.075773972044711,9.982608698301318
0.43400000000000033,0.1758474895071614,3.510904099231929,5.16855483084291,26000.0,0.0037388297085870215,20.16427922235834,0.00046059939082143675,0.0022232101326187803,10.076228524759063,9.982503340210041
0.43500000000000033,0.1769233708510062,3.5327316159721094,5.191348898454126,26000.0,0.003760076686202929,20.165283338171108,0.0004636211521840683,0.00223592945952944,10.076692732725574,9.982395477263847
0.43600000000000033,0.1780003720917674,3.5540707522656154,5.214332916628766,26000.0,0.0037813810617317034,20.166290184358306,0.000466707112873721,0.002248788945978797,10.077160136572251,9.982287096305976
0.43700000000000033,0.1790704932491849,3.5753403567598956,5.237221959521694,26000.0,0.0038027508701138912,20.16729037992356,0.00046977931683378493,0.0022617625970504096,10.077624365403215,9.982179413389936
0.43800000000000033,0.1801599026928046,3.5972906266181304,5.260205977696336,26000.0,0.003824316692258689,20.1683076261265,0.00047286766386395174,0.0022747231559566705,10.078095229274478,9.982070036463323
0.43900000000000033,0.1812322761618,3.6184529290773404,5.28328497115269,26000.0,0.003845824948664256,20.16931043083018,0.0004759695360206373,0.002287783386094533,10.078561133772077,9.981962012358458
0.44000000000000034,0.1823443177690357,3.641054619537645,5.306363964609046,26000.0,0.0038676135879837092,20.170348170269996,0.0004791025205955757,0.0023007941699186296,10.079040755256523,9.981850484430673
0.44100000000000034,0.1834291519653301,3.6622609435371505,5.3294429580654,26000.0,0.0038892876515685404,20.171363296317235,0.00048226825983399557,0.0023140121171917327,10.07951313707568,9.981741020377768
0.44200000000000034,0.1845151272997139,3.684090260551447,5.352616926803468,26000.0,0.003911018349384399,20.17237751318856,0.00048537856900249254,0.00232716608052852,10.079982930116447,9.981631877245169
0.44300000000000034,0.1856124496165631,3.706118928638839,5.375790895541536,26000.0,0.003932760283415382,20.17340242414816,0.0004885161888693035,0.002340223171791056,10.080457553288692,9.981521605127917
0.44400000000000034,0.1867393567120012,3.72876877537466,5.399059839561318,26000.0,0.003954644353657555,20.174454880729023,0.0004917294536200267,0.0023533253092908324,10.080944887537429,9.981408346672822
0.44500000000000034,0.1878492341136192,3.750582969349368,5.422328783581101,26000.0,0.003976505320415158,20.17549305974734,0.0004949651952450562,0.002366667348021878,10.081427607993547,9.98129637691789
0.44600000000000034,0.1889602880794626,3.7728597138297855,5.445692702882594,26000.0,0.003998497158640479,20.176530893425472,0.0004981615115310367,0.002380020592335441,10.081908501333741,9.981184621370197
0.44700000000000034,0.1900827564128412,3.7953800075558264,5.46905662218409,26000.0,0.00402060906524393,20.177579342504522,0.000501384277556749,0.002393343282065863,10.082394083045253,9.981071755102782
0.44800000000000034,0.191206419244711,3.8177472873415,5.492515516767298,26000.0,0.004042760449879501,20.17862949197535,0.000504637260505536,0.002406736174465296,10.082881207186958,9.98095860207653
0.44900000000000034,0.1923415304967927,3.8404777338805918,5.515974411350506,26000.0,0.004065029468583892,20.17968989744327,0.0005079098260784565,0.0024201803301773794,10.083372590662172,9.980844377323578
0.45000000000000034,0.1934778543331391,3.8630999255747156,5.539433305933715,26000.0,0.004087364578481911,20.18075187427082,0.0005112052047306914,0.0024337106084463267,10.083865179883386,9.98072992073497
0.45100000000000035,0.1946153917565593,3.8858031242599504,5.562987175798637,26000.0,0.004109769499017424,20.18181479989792,0.0005145038521705558,0.0024472864902886915,10.084358017433063,9.980615370526403
0.45200000000000035,0.1957644210156692,3.908827875114214,5.586541045663559,26000.0,0.00413228544974259,20.182888162005153,0.0005178246363949923,0.00246087677343082,10.084855289207209,9.980499729874657
0.45300000000000035,0.1969146821132299,3.9317275295620098,5.610189890810194,26000.0,0.004154847825793062,20.18396317023562,0.000521171222931216,0.0024745430444599315,10.08535390828508,9.980383833361993
0.45400000000000035,0.1980764696577842,3.954993001910969,5.633933711238543,26000.0,0.004177534528918891,20.18504850391903,0.0005245376856912731,0.0024882582486007165,10.085856808467195,9.980266861600278
0.45500000000000035,0.1992498092793138,3.9784336645087603,5.657582556385178,26000.0,0.004200364205411478,20.18614481665338,0.000527944343290343,0.002502066050566132,10.086364970110983,9.980148674586985
0.45600000000000035,0.2004141065605551,4.001522033761425,5.681421352095239,26000.0,0.004223238093398085,20.187233247835408,0.000531356721979237,0.0025159970450722713,10.086870193437102,9.980031245265033
0.45700000000000035,0.2016002928255285,4.025426163657303,5.7051651725235875,26000.0,0.0042463290845661805,20.188340886520585,0.0005347863374792761,0.0025299226550610787,10.087382819616018,9.979911896438917
0.45800000000000035,0.202748788304843,4.047934546871712,5.729003968233649,26000.0,0.004269224536489646,20.18941542730259,0.0005382010513747537,0.002543949001916679,10.087882584758988,9.979795844949905
0.45900000000000035,0.2039375238948127,4.072209850148863,5.752937739225425,26000.0,0.004292326952723413,20.190524397104618,0.0005416113104938503,0.002557771985324253,10.088394602006556,9.979676463259851
0.46000000000000035,0.2051378913101625,4.096043149448192,5.776871510217201,26000.0,0.004315441812032084,20.19164645958307,0.0005451252366962533,0.002571713579224477,10.088915117829544,9.979555394568001
0.46100000000000035,0.2063108654123284,4.11912235003927,5.8009002564906895,26000.0,0.00433845305692554,20.192743610368208,0.0005486100881627043,0.0025858384347929864,10.089425181359228,9.979436861276623
0.46200000000000035,0.2075241902455076,4.143836476480598,5.824834027482464,26000.0,0.004361770175862201,20.193875735805804,0.0005521021095011847,0.0025998487199907494,10.08994808166501,9.979314915097712
0.46300000000000036,0.2086997394690961,4.166783937053957,5.848957749037666,26000.0,0.00438488708308532,20.194975900192315,0.0005556187435565296,0.0026140237298403757,10.090460019207189,9.979196005414227
0.46400000000000036,0.2099260680613564,4.19186677058465,5.873081470592868,26000.0,0.0044083598147625636,20.19611982119912,0.0005591444745873253,0.0026280849435735276,10.090988038751615,9.97907279014722
0.46500000000000036,0.2111249754861905,4.2153003231199415,5.89720519214807,26000.0,0.004431707869354928,20.197241751148827,0.000562727738313562,0.0026423705117105123,10.09150994346475,9.978951510310283
0.46600000000000036,0.2123539777672814,4.240195261766509,5.921423888984987,26000.0,0.004455343684875601,20.19838896967177,0.0005663025983411174,0.002656647507068177,10.092040461690384,9.978827800612663
0.46700000000000036,0.2135659301814276,4.2640986286777895,5.945642585821901,26000.0,0.004478949210507233,20.199522403562543,0.0005699097828260613,0.0026710564520707747,10.092566900868603,9.978705337304907
0.46800000000000036,0.2148080299570203,4.289212708916389,5.969861282658817,26000.0,0.004502818077039339,20.20068200430846,0.0005735339983130028,0.002685451954978213,10.09310323970964,9.97858026065707
0.46900000000000036,0.216022663625601,4.313073831272785,5.994174954777446,26000.0,0.004526572155559461,20.201818263319574,0.000577174326202079,0.0026999944156674838,10.09363139493622,9.978457420264156
0.47000000000000036,0.2172490591051403,4.337802938835058,6.018583602177788,26000.0,0.004550411625505069,20.20296342929926,0.0005807815618681378,0.0027144333111902563,10.09416133791634,9.978333848902777
0.47100000000000036,0.2185161091051668,4.363373482153575,6.0429922495781305,26000.0,0.004574454963464536,20.204146488588272,0.000584483723178042,0.0027288512486647876,10.094708501025417,9.978206209377749
0.47200000000000036,0.219755680587385,4.387621565927314,6.067400896978473,26000.0,0.004598389551571547,20.20530642318223,0.0005882183941712249,0.002743552867703336,10.095248126332347,9.978080701419668
0.47300000000000036,0.2209966237995975,4.412548872331447,6.091904519660528,26000.0,0.004622433102048462,20.2064654946249,0.0005918932186369519,0.0027582211863190764,10.095784904154792,9.977955532759843
0.47400000000000037,0.2222783188023775,4.438487843443136,6.116408142342586,26000.0,0.004646743320064095,20.20766199554185,0.0005956438072410863,0.0027728229446413177,10.096337977370624,9.97782643322921
0.47500000000000037,0.2235325056278554,4.463040688902743,6.141006740306354,26000.0,0.004670952065489287,20.20883555130117,0.0005994335096826675,0.0027876805325816045,10.09688381266302,9.977699429367075
0.47600000000000037,0.224798564907694,4.488548369601812,6.165605338270123,26000.0,0.0046953299629209355,20.210017838825493,0.0006031831343670802,0.002802507195908688,10.09743102045994,9.977571740983283
0.47700000000000037,0.2260660354199765,4.513827723848696,6.190298911515605,26000.0,0.004719722484294475,20.21120229227037,0.0006069644616220615,0.0028173215351435243,10.097979991506211,9.977443746153789
0.47800000000000037,0.2273454157617447,4.539441595675008,6.214992484761087,26000.0,0.004744181142830262,20.212397558511192,0.0006107734737063053,0.002832152088321549,10.09853371156969,9.977314582854584
0.47900000000000037,0.2286262273263515,4.564944844024785,6.23968605800657,26000.0,0.004768659342565484,20.213594623518947,0.0006146074624578945,0.0028470562545866995,10.099088783809021,9.977185151475037
0.48000000000000037,0.2299084713574339,4.59053700844287,6.264474606533766,26000.0,0.004793177269062088,20.214792831061533,0.0006184456044692199,0.002861999045246588,10.099644173156332,9.977055604344288
0.48100000000000037,0.2312026729306655,4.616462972555302,6.2892631550609615,26000.0,0.004817795110786005,20.216001901590595,0.0006223075504166453,0.00287695356497103,10.100204177559139,9.976924913701334
0.4820000000000004,0.232498327140232,4.642264486140283,6.314146678869871,26000.0,0.004842461615617022,20.217212837568546,0.0006261975795290309,0.0028919878321485015,10.100765643372386,9.976793942694437
0.4830000000000004,0.2338059768637883,4.668444484025583,6.339030202678781,26000.0,0.0048672673520888665,20.218434527327123,0.000630110087829705,0.002907079693441894,10.10133157530593,9.976661842100972
0.4840000000000004,0.2351150995586623,4.694515710710222,6.364008701769403,26000.0,0.004892161120393923,20.219658051171947,0.0006340494172729638,0.0029222682671549705,10.10189885880752,9.976529478586457
0.4850000000000004,0.2364362560255519,4.720966669805845,6.388987200860026,26000.0,0.0049172184704960875,20.2208923628719,0.0006380122499857754,0.002937518753507895,10.102470618728992,9.9763959842952
0.4860000000000004,0.2377589059648577,4.747308012056628,6.413965699950649,26000.0,0.004942370987800482,20.2221285319437,0.0006420028472788331,0.002952865007104122,10.103043748780543,9.976262223580276
0.4870000000000004,0.2390830506887995,4.773737120767775,6.439039174322984,26000.0,0.004967606227172683,20.223365909489658,0.0006460005960834403,0.0029682619379496344,10.10361724407501,9.976128337201233
0.4880000000000004,0.2403901207316796,4.799695504324611,6.464112648695321,26000.0,0.0049927478074505705,20.22458776180385,0.0006499778320085414,0.0029836533344894667,10.104184029700798,9.975996076675445
0.4890000000000004,0.2417278460826646,4.826758928848711,6.4892810983493705,26000.0,0.0050180056740022905,20.225836638666458,0.0006539780691090513,0.002998902829704553,10.104761378627398,9.975861072750535
0.4900000000000004,0.2430776928506883,4.853618899462894,6.5144495480034195,26000.0,0.0050432789863624206,20.227098313260772,0.0006580615641638143,0.00301426350509576,10.10534632596983,9.97572448628303
0.4910000000000004,0.2444290759295736,4.8804934574102345,6.539712972939182,26000.0,0.005068634895455837,20.22836147989268,0.0006621641005223333,0.003029798422171326,10.10593218728925,9.975587683613266
0.4920000000000004,0.2457633920598832,4.9069848137101335,6.564976397874944,26000.0,0.0050939962899327895,20.22960884079796,0.0006662377993792989,0.0030454020264227832,10.106510840090875,9.975452582547467
0.4930000000000004,0.2471284753982597,4.934599565164231,6.59033479809242,26000.0,0.0051195943356509566,20.23088327728054,0.0006703350134300012,0.003060908291858566,10.107099976196452,9.975314749674352
0.4940000000000004,0.2485057586797272,4.962008650668259,6.615598223028184,26000.0,0.005145310772571243,20.232170596691475,0.0006745197278795745,0.0030765646810705927,10.10769677029058,9.975175325124692
0.4950000000000004,0.2498446894456556,4.988326018716069,6.6410515985273735,26000.0,0.0051709006614936714,20.233423154058126,0.000678664071907753,0.0030923992042202753,10.108278927072012,9.975039498943378
0.4960000000000004,0.2512357638248399,5.016754760854123,6.666504974026563,26000.0,0.005196847600738241,20.234720914150024,0.0006828198157108334,0.003108041751066992,10.10887773386954,9.974899198113057
0.4970000000000004,0.2526284380628249,5.044273513008537,6.691958349525754,26000.0,0.0052228141636820324,20.23602327524666,0.0006870889195467744,0.003123885453658548,10.10948217145961,9.974758030797098
0.4980000000000004,0.2539933795711444,5.071236134874255,6.7174117250249425,26000.0,0.005248722763322,20.237299732369458,0.0006913114427905542,0.0031398957237107616,10.110074952089747,9.974619605615382
0.4990000000000004,0.255389239979673,5.099539140536708,6.742960075805845,26000.0,0.005274854812702401,20.238602702761263,0.0006955304181427979,0.003155747926747443,10.110676995331897,9.974478610388877
0.5000000000000003,0.2567680316137956,5.126767924623658,6.768603401868462,26000.0,0.005300835244445523,20.239892141947,0.000699793894780365,0.003171667447376514,10.111275530291197,9.97433879942235
0.5010000000000003,0.2581885055993562,5.155527789400795,6.794246727931078,26000.0,0.005327059401856293,20.241218232929025,0.0007040923518165654,0.0031875556259704507,10.111888490896916,9.974195224515968
0.5020000000000003,0.2595812183333283,5.182863522556939,6.819890053993694,26000.0,0.005353144839442769,20.242521251091894,0.0007084259957234607,0.0032036540798974777,10.112494020348358,9.974053820355232
0.5030000000000003,0.2610049648595002,5.211671063542436,6.845628355338025,26000.0,0.005379503158113197,20.243850464970713,0.0007127536296335224,0.003219710961508082,10.113108516643768,9.973909864962554
0.5040000000000003,0.2624116514768411,5.239457129181621,6.871366656682354,26000.0,0.0054058077800311355,20.245165982709402,0.000717119604077332,0.003235885519640047,10.113719110299957,9.973767154503772
0.5050000000000003,0.2638199698040508,5.267668653995363,6.897104958026685,26000.0,0.005432167296513357,20.24648173365877,0.0007214598440534181,0.0032520326024061408,10.114328464872646,9.973624529653764
0.5060000000000003,0.2652593994549019,5.296663565182228,6.922938234652728,26000.0,0.005458702030284257,20.24782602583189,0.0007258597545981016,0.003268137134943616,10.114950227009112,9.973478871463595
0.5070000000000003,0.2666817666318838,5.3247203784982,6.948866486560484,26000.0,0.005485155854904944,20.249156345124945,0.0007302963777041094,0.0032844254064872125,10.115567913956754,9.973334470342678
0.5080000000000003,0.2681165613368391,5.353543751599736,6.974794738468241,26000.0,0.005511749017136358,20.250496573021966,0.0007347173187593481,0.003300706821580901,10.116188259992164,9.97318916279083
0.5090000000000003,0.2695825646180848,5.382999736218684,7.000722990375998,26000.0,0.005538575513296284,20.2518659364043,0.000739216935013276,0.003317027629518965,10.116821869927769,9.973040701746822
0.5100000000000003,0.271020730497384,5.4112758802050465,7.026651242283755,26000.0,0.005565336483231542,20.253211345459178,0.0007437347224589219,0.0033335860606061307,10.117446937674766,9.972894572080087
0.5110000000000003,0.2724605751153766,5.440191978582844,7.0526744694732235,26000.0,0.0055921952751732396,20.254556328303703,0.0007482015495772765,0.0033500753854223686,10.118069506727437,9.972748704890964
0.5120000000000003,0.2739424987122691,5.470136480741964,7.078792671944408,26000.0,0.005619286822742986,20.255940015766335,0.0007527503491449039,0.003366482172515839,10.118709025705954,9.972598716516998
0.5130000000000003,0.2754073743916737,5.498966132646242,7.104910874415591,26000.0,0.005646299620469919,20.25731032737646,0.000757358318298873,0.0033831376056551177,10.119345484059075,9.97244984362217
0.5140000000000003,0.2768739719920282,5.528327426268715,7.131029076886774,26000.0,0.005673413658315918,20.258680613609897,0.0007619304463586385,0.003399823780437128,10.119980131407885,9.972301128172273
0.5150000000000003,0.2783422930921667,5.557676565259628,7.157242254639671,26000.0,0.005700545980247829,20.260052666862126,0.0007665146371297338,0.00341645603448415,10.120615562084431,9.97215222977846
0.5160000000000003,0.2798231889801539,5.587331652615946,7.183455432392568,26000.0,0.0057277175897917365,20.261436293450803,0.0007711317752492897,0.003433065285696757,10.121256184671495,9.972002064816692
0.5170000000000003,0.281335511496561,5.617683612345743,7.2096686101454655,26000.0,0.005755081231677284,20.262849063033116,0.0007758257294031567,0.0034497558365116365,10.121910021314008,9.971848722646
0.5180000000000003,0.2828199198628796,5.646880747040339,7.2359767631800755,26000.0,0.005782371687869381,20.26423771950293,0.000780533134386141,0.003466690949728568,10.122555071674224,9.971697758373125
0.5190000000000003,0.2843169567308355,5.677025711138254,7.2623798914963995,26000.0,0.005809845038776185,20.26563588844118,0.0007852067639561588,0.0034835620127195988,10.123201860120272,9.971546008126355
0.5200000000000004,0.2858266532144367,5.707223844482362,7.2887830198127235,26000.0,0.0058374055984002915,20.267046548059234,0.0007899368238662441,0.003500420092856782,10.123854995569957,9.97139283958997
0.5210000000000004,0.2873381416633866,5.737316010931726,7.315186148129045,26000.0,0.005864997786291626,20.268459352704987,0.000794701362473671,0.0035173779923002857,10.124509811848753,9.971239339274998
0.5220000000000004,0.2888514237380004,5.767519114018161,7.341589276445369,26000.0,0.00589263901579562,20.269873589758017,0.00079947278879694,0.003534386407750112,10.125165001962449,9.971085692396546
0.5230000000000004,0.290366501099975,5.797774986841611,7.368087380043406,26000.0,0.0059203036320742974,20.27128945225277,0.0008042548395392202,0.0035513954981707396,10.125820825054497,9.9709318705204
0.5240000000000004,0.2918943040924221,5.828367813385369,7.3946804589231565,26000.0,0.0059480355491403625,20.272716937326873,0.000809066683083226,0.003568398619768154,10.126481693590758,9.970776795238198
0.5250000000000004,0.2934348642952206,5.859140141052991,7.421273537802906,26000.0,0.005975854981589812,20.27415659561656,0.0008139271504734036,0.0035854770243261003,10.12714848348462,9.970620342035861
0.5260000000000004,0.2949772647072275,5.889851621463257,7.447866616682657,26000.0,0.006003752267108586,20.275598299025415,0.0008188159230883563,0.0036026800140976367,10.127816632979574,9.970463606234262
0.5270000000000004,0.2965215070452044,5.92067607638886,7.474459695562407,26000.0,0.006031749814536691,20.27704147627786,0.0008237134764931264,0.003619945497142063,10.128485160962091,9.970306727019407
0.5280000000000004,0.2980675930273508,5.951551420694528,7.501147749723871,26000.0,0.006059814227522331,20.27848633330556,0.0008286247486123388,0.003637227021389633,10.129154366790237,9.970149664264138
0.5290000000000004,0.2996265032845687,5.982765543755876,7.527930779167048,26000.0,0.006087975496997078,20.27994290555197,0.0008335683432262875,0.0036545151943047083,10.129828662789755,9.969991335880213
0.5300000000000004,0.3011982698678275,6.014160927199482,7.554713808610226,26000.0,0.006116236958161048,20.281411744506165,0.0008385624249839796,0.0036718829310245504,10.130508922698613,9.969831618843031
0.5310000000000004,0.302771925740502,6.04549602624394,7.581496838053404,26000.0,0.006144573080088811,20.28288267601987,0.0008435859038767868,0.0036893711142677588,10.131190564895727,9.969671614414509
0.5320000000000004,0.3043474726771864,6.076945429525042,7.608279867496581,26000.0,0.006172994766485029,20.28435512642846,0.0008486185452061812,0.003706912345782798,10.131872604627482,9.969511461119424
0.5330000000000004,0.3059249124539729,6.108446766023327,7.6351578722214715,26000.0,0.006201462523584111,20.28582930269169,0.0008536648125778701,0.0037244587529747797,10.132555342720806,9.969351118441658
0.5340000000000004,0.3075152766847085,6.140289291088835,7.662130852228075,26000.0,0.006230006354939699,20.28731528683162,0.0008587431316708916,0.003742002640739206,10.133243211857538,9.969189497889271
0.5350000000000004,0.3090885760441662,6.171483087890647,7.689103832234679,26000.0,0.006258426690258889,20.288786342328507,0.0008638248096855539,0.0037596007302379553,10.1339253773127,9.969029378072207
0.5360000000000004,0.3106938171223619,6.203883814162499,7.716076812241282,26000.0,0.0062870073548978445,20.290285376714692,0.0008689285271453184,0.003777108367754911,10.134618287186134,9.968866384602869
0.5370000000000004,0.3123009992400728,6.235796861372306,7.7431447675296,26000.0,0.0063155798368208504,20.291787963655896,0.0008741019358203261,0.0037947431287727595,10.135314784694476,9.968702803977031
0.5380000000000004,0.3139211952932311,6.268196156206873,7.7702127228179165,26000.0,0.006344314444580446,20.293301970935627,0.0008792992195813532,0.00381249457622862,10.136015840459859,9.968538013737607
0.5390000000000004,0.3155433567723876,6.30051605207794,7.797280678106236,26000.0,0.006373179426975295,20.29481820980817,0.0008845271829724943,0.0038303612047681512,10.136718287098539,9.968372939887187
0.5400000000000004,0.3171373665999078,6.332101839195669,7.824443608676266,26000.0,0.006401964978071828,20.29630871047083,0.0008897230381856858,0.003848273774694655,10.137409529286277,9.968210609292642
0.5410000000000004,0.3187745472555593,6.365317727110344,7.851606539246296,26000.0,0.006431000115908081,20.29783702777834,0.0008949457454193177,0.0038660062813614116,10.13811521995722,9.968044407265893
0.5420000000000004,0.3204137197881507,6.397805634026609,7.87886444509804,26000.0,0.00645999929348029,20.299369740096814,0.0009002657123163282,0.0038838941088509826,10.138825828038204,9.967877434647647
0.5430000000000004,0.3220660092762184,6.430829416385599,7.906122350949784,26000.0,0.006489151407786498,20.30091381301841,0.0009056077784792005,0.003901928971384694,10.139540860296588,9.967709259049371
0.5440000000000004,0.3236901180717942,6.462954924681816,7.933380256801529,26000.0,0.006518215797014781,20.302432660320687,0.0009109309804725685,0.003920053404971757,10.140245392915208,9.96754374042537
0.5450000000000004,0.3253464231523683,6.496456803051263,7.960733137934986,26000.0,0.00654748887865958,20.30397918281345,0.0009162612723427888,0.00393802128410442,10.140959877564189,9.967375440998868
0.5460000000000004,0.3270159035023702,6.529712301203601,7.988086019068444,26000.0,0.0065768043876158755,20.305539700411348,0.0009216861753880701,0.003956081187364402,10.141682682514848,9.967205419549211
0.5470000000000004,0.3286571708920362,6.5621341593607045,8.015533875483614,26000.0,0.00660598792741901,20.30707474753467,0.000927093385299449,0.003974299871162379,10.142394967616351,9.967038042975478
0.5480000000000004,0.3303418965476128,6.596289029190652,8.04288675661707,26000.0,0.0066354597746002275,20.30864756129857,0.0009325179443916976,0.003992389777127847,10.143121268028597,9.966866833044966
0.5490000000000004,0.3320175043674676,6.629420779130615,8.070429588313957,26000.0,0.006664876672103304,20.3102146292784,0.0009380220294130104,0.004010640202963156,10.143848032149007,9.96669595847623
0.5500000000000004,0.3336872400541105,6.66272224721811,8.09797242001084,26000.0,0.006694329274170574,20.311775268702313,0.0009435021061414139,0.004028956101854386,10.144570951437212,9.96652583733146
0.5510000000000004,0.3353893660826167,6.6970158795405865,8.125515251707725,26000.0,0.006724007010611821,20.31336504411215,0.0009490288816461079,0.004047217483255872,10.145305811093847,9.96635265499444
0.5520000000000004,0.3370935882862263,6.730851068864718,8.15305808340461,26000.0,0.006753738654439456,20.314958431174148,0.0009546308399802084,0.004065651957748495,10.14604428340122,9.966178881151054
0.5530000000000004,0.3387695326549368,6.7640420095703115,8.180695890383207,26000.0,0.006783388788349387,20.31652565845014,0.0009601952523791146,0.004084192673282139,10.146771108170471,9.966007916252133
0.5540000000000004,0.3404891734752046,6.798911530765568,8.208333697361804,26000.0,0.006813313695510637,20.318131069962785,0.0009657835123839664,0.004102561318277409,10.147512327875612,9.965833048866779
0.5550000000000004,0.3422109381203102,6.833048147667312,8.236066479622117,26000.0,0.006843220619552448,20.319741025011847,0.0009714715842942256,0.004121084161979316,10.148258552845519,9.965657403688757
0.5560000000000004,0.3439156542077489,6.8668834652693285,8.263799261882427,26000.0,0.006873085545471169,20.32133492383909,0.0009771375970317742,0.004139738292223416,10.14899745130218,9.96548347997518
0.5570000000000004,0.3456529361184273,6.901942735858092,8.291532044142738,26000.0,0.00690317678028618,20.322957371226888,0.0009828268416580688,0.004158297267628286,10.149747161749518,9.96530663159467
0.5580000000000004,0.3473618930806889,6.935650965546978,8.319359801684763,26000.0,0.00693307663069076,20.32455593966327,0.0009885458730865548,0.004176960478505187,10.15048880814891,9.965132129022107
0.5590000000000004,0.3491147548573926,6.971141457615703,8.347187559226787,26000.0,0.006963242168696482,20.326192560350336,0.0009942856488619478,0.0041955345436987534,10.151244688751834,9.964953713258822
0.5600000000000004,0.3508392771864666,7.005095972152523,8.375110292050524,26000.0,0.006993217477792524,20.32780589730846,0.001000072126564333,0.004214269397615877,10.151993371291073,9.964777531644405
0.5610000000000004,0.3526077927885776,7.040886999870773,8.403033024874263,26000.0,0.007023505914402484,20.329457196689646,0.0010058776530563196,0.004232960254226759,10.15275610007203,9.964597458179991
0.5620000000000004,0.3543479544531774,7.075154525416677,8.430955757698,26000.0,0.0070536572546608944,20.331085156579334,0.001011730454135662,0.004251829503117255,10.153511523226179,9.96441964006046
0.5630000000000004,0.3561208599005812,7.110947075541064,8.458973465803453,26000.0,0.007084084213639041,20.332740851660873,0.0010175876182993426,0.004270658041190589,10.15427660238415,9.964239024757314
0.5640000000000004,0.3579073232213877,7.146540045538049,8.486991173908903,26000.0,0.0071146415949608355,20.33441077139148,0.0010235390728651206,0.004289615797223145,10.155049844488532,9.964056700260628
0.5650000000000004,0.3596653998833193,7.181291972885511,8.515103857296069,26000.0,0.00714513088187807,20.336055070701807,0.0010294793391685264,0.004308746275736408,10.155812503698405,9.96387706012371
0.5660000000000004,0.3614676819930325,7.217800719106309,8.543121565401519,26000.0,0.00717594757206097,20.33773780711993,0.0010354433240989391,0.004327756158298002,10.1565894618879,9.963693485799048
0.5670000000000004,0.363230180102708,7.252423996962594,8.571329224070398,26000.0,0.007206498427680397,20.339386962106165,0.0010414438520098268,0.004346903128969237,10.157354983610176,9.9635132425648
0.5680000000000004,0.3650176643295897,7.2885217472741815,8.599441907457562,26000.0,0.007237165867077067,20.341056258964223,0.0010474144812084307,0.004365898291940007,10.158126262261412,9.963331058367613
0.5690000000000004,0.3668266899542075,7.324692482317028,8.62764956612644,26000.0,0.007267852053552126,20.34274686919532,0.001053475357552236,0.004384888224841288,10.158908490045782,9.963146423535207
0.5700000000000004,0.3686186756413383,7.360162032505556,8.655952200077031,26000.0,0.007298413514262525,20.344422749522593,0.0010595535915557397,0.004404040317475377,10.159685516491765,9.962963238154158
0.5710000000000004,0.3704550814534781,7.397264621960716,8.68415985874591,26000.0,0.007329294998229652,20.346137690982502,0.0010656693301830389,0.004423169490814283,10.160477685223004,9.962775986376325
0.5720000000000004,0.3722515999084426,7.432551893075038,8.7124624926965,26000.0,0.007359998340001339,20.347818716653585,0.0010718169040405678,0.004442504980964601,10.16125799007288,9.962592139540515
0.5730000000000004,0.3740926070394663,7.469872996575502,8.740860101928806,26000.0,0.00739106568897796,20.349537550805177,0.0010779679194097835,0.00446174418711176,10.162051516552093,9.96240446748139
0.5740000000000004,0.3759165903896181,7.505912521004796,8.76925771116111,26000.0,0.007422054544051204,20.351243581871472,0.001084192245519755,0.004481130367825159,10.162842498523414,9.962217915604132
0.5750000000000004,0.377773703660467,7.5433094372178235,8.797655320393416,26000.0,0.007453322129787998,20.352978288015663,0.0010904456901486559,0.004500550646826196,10.163644297962508,9.9620283786844
0.5760000000000004,0.379602317041033,7.579400060418692,8.82605292962572,26000.0,0.007484465337078028,20.354688792909585,0.0010967269782145017,0.004520114712991741,10.164437572116844,9.961841281169532
0.5770000000000004,0.3814332384223238,7.616130421427628,8.854545514139739,26000.0,0.007515631615506224,20.356399503699887,0.0011029685412297097,0.00453956381869719,10.165228778441028,9.961654325408723
0.5780000000000004,0.3833088666331738,7.653950178637149,8.88313307393547,26000.0,0.007546967201232657,20.35815135310306,0.0011092976609528016,0.004558905450829931,10.166038020979325,9.96146290133678
0.5790000000000004,0.3851674806059723,7.690620372941197,8.91162565844949,26000.0,0.007578156125709445,20.359889975623982,0.0011156916034564812,0.004578482804521555,10.16684439201439,9.961272631015545
0.5800000000000004,0.3870478565894979,7.7283938428525625,8.940213218245221,26000.0,0.007609550610551463,20.361646739742465,0.0011220857427228226,0.0045981002452734065,10.167656691384876,9.961080544146217
0.5810000000000004,0.3889112039095252,7.765347736598019,8.968895753322665,26000.0,0.007640888382123567,20.36338917415637,0.0011285044000993727,0.004617784033372818,10.168464001311845,9.96088990621209
0.5820000000000004,0.3907884699290462,7.803029541391393,8.99757828840011,26000.0,0.007672333803546594,20.36514313893028,0.0011349265559971733,0.004637402498594401,10.169275008426512,9.960698110331906
0.5830000000000004,0.3926991219321758,7.841365892226349,9.026260823477555,26000.0,0.007703965211359576,20.366928350726827,0.001141440655349324,0.00465704952821433,10.17010037362387,9.960502854127604
0.5840000000000004,0.3945811933301178,7.878478266414217,9.054943358555,26000.0,0.007735470639324504,20.368689009846655,0.0011479819175363448,0.004676924197338783,10.17091702247538,9.960310067932806
0.5850000000000004,0.3964966980264588,7.917138659911336,9.08372086891416,26000.0,0.0077672584932649835,20.370478020385967,0.0011545276710089314,0.004696736688603875,10.171743410369903,9.960114415712058
0.5860000000000004,0.3983951843085601,7.954727528856585,9.112498379273317,26000.0,0.007798949541926892,20.37225354128813,0.00116112554920772,0.004716636544311481,10.17256617777429,9.959920036100518
0.5870000000000004,0.4002960943713004,7.9927744499977535,9.141370864914188,26000.0,0.00783065720144871,20.37402998310555,0.0011677067098952998,0.0047364951557765655,10.173387980826499,9.959725640692106
0.5880000000000004,0.4022421556799098,8.03198759988699,9.170243350555062,26000.0,0.007862584893762459,20.37584775648751,0.001174373681351648,0.004756303982832499,10.174227681478131,9.95952676206771
0.5890000000000004,0.4041595887610853,8.069740346963934,9.199115836195933,26000.0,0.007894340348132523,20.377641708584314,0.0011810897612727356,0.004776359134367303,10.175059873867639,9.959330207677652
0.5900000000000004,0.406079476415126,8.10823178765851,9.228083297118518,26000.0,0.007926170973038826,20.37943568854208,0.0011877595702547428,0.0047963643240703235,10.175889541799817,9.959133839997152
0.5910000000000004,0.4080446460187448,8.147846261194719,9.257050758041103,26000.0,0.007958247505836735,20.381271272841918,0.001194519244777592,0.00481628430479264,10.176737313649632,9.95893296010556
0.5920000000000004,0.4099811540489001,8.185977833154222,9.286018218963688,26000.0,0.00799016151096521,20.383083076132582,0.0012013329628188796,0.004836450234574241,10.177577727598816,9.958734388993289
0.5930000000000004,0.411920147726186,8.22484941395103,9.315080655167986,26000.0,0.0080221573449068,20.384894934061204,0.0012081022462903102,0.004856574610880238,10.178415633764432,9.9585359974507
0.5940000000000004,0.4139045549351545,8.264848491702955,9.344143091372285,26000.0,0.008054401666752198,20.386748513578272,0.0012149624379948487,0.004876616895035213,10.17927168521105,9.958333078783692
0.5950000000000004,0.4158602671627621,8.303362074793354,9.373300502858298,26000.0,0.008086480164147425,20.388578287195177,0.0012218773150733941,0.004896903395795793,10.180120372766378,9.958132476238934
0.5960000000000004,0.4178302146019641,8.342942768367896,9.402362939062597,26000.0,0.008118714321264986,20.390418792277796,0.0012287660607440132,0.004917153441735045,10.1809711282455,9.957930897653902
0.5970000000000004,0.4198222716271856,8.382833837801316,9.431520350548608,26000.0,0.008151068780836268,20.39228039838361,0.0012357312440461898,0.004937385537285566,10.18183186585059,9.957726964228808
0.5980000000000004,0.4217973184078552,8.421967939951752,9.460772737316333,26000.0,0.008183326042336625,20.394127487495066,0.0012427253890879286,0.004957753630260464,10.182687647653974,9.957524472985472
0.5990000000000004,0.4237866680908706,8.461886934410746,9.49002512408406,26000.0,0.00821568409855361,20.395986305376926,0.0012497184324670174,0.004978070960009795,10.183546938805243,9.95732081709928
0.6000000000000004,0.4258099550114368,8.502475592088206,9.519372486133499,26000.0,0.008248221493810104,20.39787687369058,0.0012568046632061014,0.0049984061637284305,10.184420774810093,9.95711364281857
0.6010000000000004,0.4278162584064166,8.542153215049511,9.548814823464651,26000.0,0.008280700370858818,20.39975346006623,0.0012639388582560418,0.005018968495453413,10.18529046726899,9.956907813339555
0.6020000000000004,0.4298369573274762,8.582685572542745,9.578257160795802,26000.0,0.008313362856082751,20.401641638357553,0.001271072123229855,0.005039536541719181,10.186163375275017,9.956700856445284
0.6030000000000004,0.4318917161805368,8.62390520180584,9.607699498126953,26000.0,0.00834627651558234,20.403561631935865,0.0012783028663295726,0.005060140368870203,10.187050760316327,9.956490387810048
0.6040000000000004,0.4339177035984513,8.663884193166268,9.637141835458106,26000.0,0.008379091503354696,20.405456936404285,0.0012855692956443288,0.005080969289384507,10.187929419753292,9.9562824293766
0.6050000000000004,0.435946328280844,8.704562876730956,9.666584172789259,26000.0,0.008411981616586073,20.407352580097335,0.0012927986442148875,0.00510170920756664,10.188805788500606,9.956074612622688
0.6060000000000004,0.438009087416011,8.746036070231716,9.696026510120412,26000.0,0.008444995713477454,20.409279759909687,0.0013001050323038221,0.005122333573599425,10.189696051732879,9.955863342440335
0.6070000000000004,0.4400430169151175,8.786183819238936,9.725468847451564,26000.0,0.008477745636299827,20.411182471656126,0.0013074435140486007,0.005143096090281296,10.190578014822364,9.955654524000643
0.6080000000000004,0.4420795918265961,8.827017655952897,9.754911184782715,26000.0,0.008510446593546828,20.413085576260542,0.001314735637812925,0.005163736151570675,10.191457807523056,9.955445819415127
0.6090000000000004,0.4441503758744752,8.868650091472572,9.784353522113868,26000.0,0.008543211888627,20.415020278913495,0.0013220957349987517,0.005184249451826273,10.192351509307178,9.955233648260075
0.6100000000000004,0.4461922719678759,8.908955610006883,9.813795859445019,26000.0,0.008575712415563763,20.416930459933653,0.001329483439041157,0.005204908438544598,10.193236883331377,9.955023938368008
0.6110000000000004,0.4482368216441979,8.949948824018852,9.843238196776172,26000.0,0.008608208911393245,20.418841036416634,0.0013368251113957674,0.005225469582852693,10.194120083512118,9.954814341230334
0.6120000000000004,0.4503156553037538,8.99174231925924,9.872680534107324,26000.0,0.008640838096754533,20.420783279965285,0.0013442386760116887,0.00524593745254448,10.19501722288866,9.954601269144922
0.6130000000000004,0.4523655425726746,9.032205995009672,9.90307262425561,26000.0,0.008673272093658091,20.422700952327585,0.0013516855848694775,0.005266583751329157,10.195906017227465,9.954390670528795
0.6140000000000004,0.4545374759933082,9.076670958033361,9.932514961586762,26000.0,0.008706562811355234,20.42472754784037,0.0013592760895378975,0.005287248026627389,10.19683917567145,9.954168395307898
0.6150000000000004,0.4565928129258697,9.116012492232539,9.961957298917914,26000.0,0.008739368375837886,20.426654384314865,0.0013669334585217352,0.005308570627566789,10.197736842052203,9.953956426484503
0.6160000000000004,0.4586825347208865,9.158645171395461,9.9923493890662,26000.0,0.00877267529517628,20.428604783482776,0.0013744458519301395,0.005329600380439614,10.198635795636987,9.953742547261568
0.6170000000000004,0.4608629921948424,9.202809148631024,10.021791726397353,26000.0,0.008806472499827356,20.43064091584054,0.0013822018428422678,0.005350494427914965,10.199574613746508,9.953519136974872
0.6180000000000004,0.4629264854657644,9.242430654406029,10.05218381654564,26000.0,0.008839572005974128,20.43257500710821,0.0013899698433788577,0.005371941651740264,10.200475340133845,9.953306355319196
0.6190000000000004,0.4651444539450044,9.288593580441578,10.081626153876792,26000.0,0.008873707458571412,20.434642098294706,0.0013977590834459153,0.005393033973817463,10.201424329595172,9.95307974033928
0.6200000000000004,0.4672134476917209,9.327852695789765,10.112018244025077,26000.0,0.00890684307709566,20.436582901030594,0.0014056295505971428,0.005414565620818768,10.202329433720031,9.952866141172926
0.6210000000000004,0.4694053902989245,9.37338539636577,10.14146058135623,26000.0,0.008940749487902022,20.438626045678987,0.0014134190107671918,0.005435638849079105,10.203267941900988,9.952642112869704
0.6220000000000004,0.4715117274537749,9.41413170750328,10.171852671504515,26000.0,0.008973896566528805,20.440599321460823,0.0014213226616693886,0.005456885748351015,10.204185066133283,9.952425086499225
0.6230000000000004,0.4737094421438462,9.459140271206003,10.201295008835668,26000.0,0.009007533979544735,20.442649981500395,0.0014292118438425927,0.005477940713686791,10.205129379106008,9.952200000268906
0.6240000000000004,0.475789448976724,9.49924103871367,10.231687098983954,26000.0,0.009040311728732264,20.444599056823456,0.0014370958543843404,0.005499189866554732,10.20603598122781,9.951985569396001
0.6250000000000004,0.478024847159936,9.54576368769175,10.26207918913224,26000.0,0.009073983475801961,20.446682442436767,0.0014450071348070526,0.005520006891437834,10.206992320655367,9.951757021012627
0.6260000000000004,0.4802312958970247,9.588684225873191,10.291521526463391,26000.0,0.009107428184007726,20.448748740743152,0.001453178269239852,0.005541396771800489,10.207951776366198,9.951529587787231
0.6270000000000004,0.482319660804799,9.629455691186022,10.321913616611678,26000.0,0.009140455725982821,20.450703991927586,0.0014611215393534605,0.005563059357645339,10.208860028961796,9.951314491035099
0.6280000000000004,0.4845638800605023,9.676325979524362,10.352305706759964,26000.0,0.009174472210118856,20.452795077739797,0.0014691113254142185,0.005583992759837897,10.209818828606203,9.951085156864478
0.6290000000000004,0.4867790903049021,9.719418155187164,10.382697796908252,26000.0,0.00920815445391221,20.45486959383617,0.00147738785290763,0.005605421419087986,10.210781996087402,9.950856788418065
0.6300000000000004,0.4889972628857219,9.763711886593784,10.413089887056538,26000.0,0.009242086489229084,20.4569431270809,0.0014856188679479576,0.005627201257897174,10.211741265338226,9.950628720326097
0.6310000000000004,0.4912504621336128,9.808998139418604,10.44253222438769,26000.0,0.00927641396530371,20.459048440784144,0.0014939254728034146,0.00564897282161031,10.212713418807267,9.95039728712755
0.6320000000000005,0.4933529069518148,9.849566670932504,10.472924314535975,26000.0,0.009309846484857165,20.4610184784744,0.0015021012711995407,0.005670797535753613,10.213629735256468,9.950180474296486
0.6330000000000005,0.4955798778822122,9.895974452960605,10.503316404684261,26000.0,0.009343780826485903,20.463093865097107,0.0015102105433638102,0.005691746361592753,10.214581873634204,9.949952762041805
0.6340000000000005,0.4978419539760339,9.9407474200383,10.533708494832547,26000.0,0.009377409974188178,20.465209764968662,0.0015186187433469112,0.0057128576146812104,10.215561105293157,9.949719904397645
0.6350000000000005,0.500074900958544,9.984687024330496,10.564100584980833,26000.0,0.009410837387447912,20.467299282071064,0.001527027767614042,0.005734518435474678,10.216530061562771,9.949489790350281
0.6360000000000005,0.5023108290381072,10.029511345171633,10.59449267512912,26000.0,0.00944447066612164,20.46938887674775,0.0015353783084883776,0.005756151148385735,10.217495545327868,9.94925994843302
0.6370000000000005,0.5045819418098595,10.075158791947532,10.624884765277407,26000.0,0.009478411508988926,20.47151096578294,0.0015438195125865861,0.005777687236546314,10.218475274859372,9.949026546028287
0.6380000000000005,0.5068238649324899,10.119445206710429,10.655276855425692,26000.0,0.009512257251867884,20.4736083416459,0.0015523158580634244,0.005799416868545959,10.219446726734356,9.948795662878547
0.6390000000000005,0.5091010258720747,10.165332383928682,10.686618698391111,26000.0,0.009546413278140875,20.47573570538607,0.0015608382133715515,0.00582111352774578,10.220428670103505,9.948561645593283
0.6400000000000005,0.5114716938635024,10.213189618588263,10.717010788539397,26000.0,0.009581198931061907,20.477950138394533,0.001569597585818594,0.005842992151673609,10.221450174794041,9.94831794824886
0.6410000000000005,0.513722753449932,10.256518245167076,10.747402878687684,26000.0,0.009615478067626304,20.48005983656801,0.0015783716956499494,0.00586549886607296,10.22243178154639,9.948085383772995
0.6420000000000005,0.5160091315421653,10.303140610144164,10.777794968835972,26000.0,0.009650167810805133,20.48219402604314,0.0015870030244016786,0.005887571377038048,10.223414879619765,9.947850757021754
0.6430000000000005,0.5182662182096363,10.347894119224462,10.808187058984258,26000.0,0.009684387886455259,20.484305069040662,0.0015956940923070873,0.005909323896271634,10.224391478286492,9.947618440641904
0.6440000000000005,0.5205263114568619,10.393179093344397,10.839528901949677,26000.0,0.009718228097198078,20.486417375622274,0.0016043473048953927,0.005930832285060195,10.225367364813257,9.947385984106178
0.6450000000000005,0.5229452073870345,10.442713428420205,10.869920992097963,26000.0,0.009752682580548178,20.488674572304312,0.001613234676039521,0.005952271149335497,10.226405796245745,9.947137571934643
0.6460000000000005,0.5252114792876563,10.485681083479507,10.900313082246248,26000.0,0.009786210226698622,20.490800718563,0.001622170326484207,0.00597456919632916,10.227397362132077,9.94690290806927
0.6470000000000005,0.5275132040158907,10.53275107287422,10.931654925211669,26000.0,0.009820258610853283,20.492948829346126,0.0016308792599645239,0.00599646937326348,10.22838647578074,9.946666625187456
0.6480000000000005,0.5299093431252412,10.581292081312043,10.962047015359955,26000.0,0.0098548043276534,20.495186556287155,0.00163984137093387,0.006018111058078313,10.229417465610712,9.94642031142155
0.6490000000000005,0.5321848297778301,10.625080746049182,10.993388858325375,26000.0,0.009888652880737425,20.497319236592276,0.0016488302334090044,0.006040331933042431,10.230409626112792,9.946185064980524
0.6500000000000005,0.5346199302403463,10.675633177044954,11.023780948473663,26000.0,0.009923660804868284,20.499589335916777,0.0016578565520936617,0.006062272176376615,10.231451669920464,9.945935311890498
0.6510000000000005,0.5369016287349196,10.719065564363921,11.055122791439082,26000.0,0.00995772314961929,20.50172942053443,0.0016669807790353208,0.006084685254834854,10.23244852223152,9.945699193417765
0.6520000000000005,0.539343267956542,10.769892651354171,11.085514881587368,26000.0,0.009992892099184303,20.504005173186073,0.001676091055897888,0.006106716172463167,10.233492749844002,9.945448818327023
0.6530000000000005,0.5416311916726981,10.813480465461076,11.116856724552788,26000.0,0.010026971746539548,20.50615098902542,0.0016852903537926678,0.006129093695094956,10.234492003581494,9.945212066223561
0.6540000000000005,0.544079383650339,10.86444086649903,11.147248814701074,26000.0,0.010062016068867419,20.508432874451593,0.0016944657439003086,0.006151042908101367,10.235539007758046,9.944960970630133
0.6550000000000005,0.5463735459936387,10.908145715665372,11.178590657666494,26000.0,0.01009587494132036,20.510584562379975,0.0017037166237410806,0.006173318543117479,10.2365409643138,9.944723529586605
0.6560000000000005,0.5488283047512841,10.959240959342658,11.209932500631915,26000.0,0.010130667943886396,20.51287259061955,0.0017129341714718915,0.006195160945883849,10.237590751948815,9.944471698730279
0.6570000000000005,0.551253757014036,11.006537992506765,11.240324590780201,26000.0,0.0101651188680153,20.515143818944217,0.0017224152320750585,0.0062174424663369865,10.23864411970843,9.944221061408433
0.6580000000000005,0.5535573576249139,11.051564691771567,11.27166643374562,26000.0,0.010199016679316886,20.517300624972545,0.0017316699023104398,0.006239938721795568,10.239645045586183,9.943983198727064
0.6590000000000005,0.556022050797304,11.10289818069935,11.303008276711042,26000.0,0.010233855801714098,20.5195978320686,0.001740970200899028,0.0062616697834882995,10.240698238659316,9.943730390907227
0.6600000000000005,0.558457375584632,11.150343820991854,11.334350119676461,26000.0,0.010268280864847379,20.521878470414297,0.0017505591086992012,0.006283875815883966,10.241756130465149,9.943478645196471
0.6610000000000005,0.5609288113880572,11.199941734399575,11.364742209824746,26000.0,0.010303156637394839,20.524188163250138,0.0017601584731821163,0.006306475122201893,10.242822926060672,9.943223880541073
0.6620000000000005,0.5632451047673956,11.24477312261291,11.396084052790167,26000.0,0.010337263588114654,20.526358343961977,0.001769614334966696,0.0063291250813009015,10.24383104616551,9.942984487158562
0.6630000000000005,0.5657231570427937,11.296521549454312,11.427425895755587,26000.0,0.010372254076197962,20.528667582344895,0.0017790737555697933,0.006350921027316658,10.244889301297459,9.942730313958021
0.6640000000000005,0.5681717580207845,11.344260333643206,11.458767738721006,26000.0,0.010406668317156476,20.530960569343875,0.0017888134078408724,0.006373078002455734,10.245952614883253,9.942477160343099
0.6650000000000005,0.5706565820237818,11.39412323008665,11.490109581686427,26000.0,0.010441366679047936,20.533282816729788,0.0017985505239540012,0.006395579178589517,10.247025119436325,9.942220931087869
0.6660000000000005,0.573144809724354,11.443620943819806,11.521451424651847,26000.0,0.01047622670466869,20.535609683756036,0.0018083698280203508,0.006418233300851894,10.248100743465002,9.941964185425514
0.6670000000000005,0.5756035233447482,11.492413237536319,11.552793267617268,26000.0,0.010511062953169337,20.53790935373757,0.0018181893485876843,0.006440939324579509,10.249164400598474,9.941710470488037
0.6680000000000005,0.5780985448991602,11.542700617272097,11.584135110582688,26000.0,0.010546150985512481,20.540240431983914,0.001828050638049361,0.006463450357014955,10.250239497736906,9.941453404240029
0.6690000000000005,0.5805640104379437,11.591473690907815,11.615476953548107,26000.0,0.010580934352259319,20.542546934221093,0.0018379688859618826,0.006485991920016976,10.251306668507258,9.941198881210944
0.6700000000000005,0.5830658406209522,11.641847289137369,11.646818796513527,26000.0,0.010615813592088796,20.54488455688496,0.001847907114805758,0.006508418958416917,10.252385049290076,9.940941016011882
0.6710000000000005,0.5855380727934769,11.690754348348984,11.678160639478946,26000.0,0.010650328288210498,20.54719740567606,0.0018578789710910204,0.006530868398562428,10.253455113216162,9.940685742915964
0.6720000000000005,0.5880467264088658,11.741267726418274,11.709502482444368,26000.0,0.010684936269957201,20.54954141304445,0.0018678601827196717,0.006553185525446925,10.254536369248012,9.940427123022628
0.6730000000000005,0.5905257399594251,11.790309465480123,11.741794078226922,26000.0,0.01071921650576807,20.55186062081225,0.0018778729484281165,0.006575534108980041,10.255609322661051,9.940171097953648
0.6740000000000005,0.5931686596909702,11.84449927584038,11.773135921192342,26000.0,0.010754489797209832,20.554326874917354,0.0018880941366146708,0.006597890999010592,10.256743138267879,9.939898913578936
0.6750000000000005,0.5956877311945079,11.892739117325954,11.804477764157763,26000.0,0.010789197563027153,20.556688828633874,0.0018984547237183569,0.006621092496143677,10.257841947216805,9.93963774644186
0.6760000000000005,0.5981770988392331,11.942837233189426,11.835819607123181,26000.0,0.01082414475734661,20.559014951281235,0.0019085866630418336,0.006644069722226642,10.258915402943883,9.939381142670142
0.6770000000000005,0.6007030312141319,11.993916711507492,11.868111202905736,26000.0,0.0108591700190529,20.561374424865516,0.001918780370851525,0.006666403759411854,10.260002259286695,9.939120918494275
0.6780000000000005,0.6033604155810179,12.047765456256727,11.899453045871155,26000.0,0.010894662567959013,20.563856307265418,0.0019292787570406311,0.006688819310822214,10.26114536492321,9.938846845382647
0.6790000000000005,0.6058601715680624,12.09547258001445,11.930794888836576,26000.0,0.010929163213441506,20.566200723814287,0.001939781134472518,0.006712035665097427,10.262236801417775,9.938587584026532
0.6800000000000005,0.6083965788896795,12.147299257490099,11.96308648461913,26000.0,0.010964028814041904,20.568568251677284,0.0019500600737709095,0.006734701359656259,10.263326127470513,9.938326459891126
0.6810000000000005,0.6110648840649543,12.201556715991702,11.99442832758455,26000.0,0.010999391871079067,20.57105974562395,0.001960638214749677,0.006757025863175892,10.264472402575045,9.938051387090399
0.6820000000000005,0.6135750627446376,12.249466355059994,12.026719923367104,26000.0,0.011033678095581867,20.57341395013245,0.0019712368551335624,0.006780058642198994,10.265568247249899,9.93779101345758
0.6830000000000005,0.6162507095658284,12.3050701571284,12.058061766332525,26000.0,0.01106913379662866,20.575908381194395,0.0019818060867592413,0.006802695136002845,10.266712286222383,9.937515751943328
0.6840000000000005,0.6188012414541486,12.354089785122657,12.089403609297944,26000.0,0.01110371268221877,20.578299323643158,0.001992525597995176,0.006825662036674063,10.267823175117481,9.937251402878458
0.6850000000000005,0.621321877279245,12.404800945268576,12.121695205080497,26000.0,0.011138165148098012,20.58065479015428,0.0020030037375378673,0.0068482934515505245,10.268909985025445,9.936991415669542
0.6860000000000005,0.6240085049360647,12.460087627449745,12.153986800863052,26000.0,0.011173300554691123,20.58316127175827,0.002013701405050028,0.006870382200308889,10.270060663784747,9.936714701688217
0.6870000000000005,0.6266989093436437,12.512715269975832,12.185328643828472,26000.0,0.01120826752102777,20.585680306400505,0.0020247235666676078,0.00689330319396958,10.271227912168193,9.93643595111303
0.6880000000000005,0.6292301805155379,12.561748717297673,12.217620239611026,26000.0,0.01124263782799656,20.588051976557818,0.0020355231572699584,0.006916726313527077,10.272329441818158,9.936173741442857
0.6890000000000005,0.6319279751931256,12.617997765990033,12.248962082576446,26000.0,0.01127818435726069,20.590566499349173,0.002046331727517503,0.006939279077486482,10.273481308833277,9.935896295200232
0.6900000000000005,0.634499798663584,12.667418295109428,12.281253678359,26000.0,0.011312661024343529,20.592977476302465,0.0020573113757020867,0.006962076094094549,10.274601340937963,9.935629666620528
0.6910000000000005,0.6372050257233264,12.723080727013937,12.313545274141555,26000.0,0.011347908108274851,20.595501384503592,0.0020682835727900417,0.0069846987891449275,10.2757609191392,9.935350874692649
0.6920000000000005,0.6398804999968215,12.775502493115123,12.344887117106975,26000.0,0.011382809822601203,20.598006208794878,0.0020794682512615403,0.007007674119993257,10.276920818143694,9.93507380783883
0.6930000000000005,0.6424630947851715,12.826353539426512,12.37717871288953,26000.0,0.011417248870286612,20.600423287932177,0.002090482640846658,0.007030747656194214,10.278039937460735,9.93480665403199
0.6940000000000005,0.645179550645829,12.882294794342055,12.409470308672082,26000.0,0.011452401202174167,20.602957542629337,0.0021015577644922234,0.007053185029880393,10.279203299097563,9.934526776580126
0.6950000000000005,0.6478998167054044,12.935823506024215,12.441761904454635,26000.0,0.011487313516305164,20.605503566172096,0.002112912111086107,0.007076012745836413,10.280381370840152,9.934245067164126
0.6960000000000005,0.6506238972270241,12.990013638854577,12.47405350023719,26000.0,0.011522425295541427,20.608051246273853,0.0021242984830338596,0.007099305039576287,10.281558762258594,9.933963242890455
0.6970000000000005,0.6533181171833327,13.04353285043123,12.50539534320261,26000.0,0.01155757409030811,20.61057126986504,0.0021356872286911743,0.007122612338445522,10.282723176626483,9.933684632253406
0.6980000000000005,0.6559188580461301,13.094915600651388,12.537686938985164,26000.0,0.0115921437698005,20.61300480166982,0.002146939535606518,0.007145558581356015,10.283848629989393,9.933415752425255
0.6990000000000005,0.6586542299190625,13.151231421003187,12.569978534767719,26000.0,0.011627170531374464,20.61555679573553,0.0021582606786462732,0.00716780172888698,10.285020033619062,9.933133842347825
0.7000000000000005,0.6613934331735479,13.20511806561467,12.602270130550274,26000.0,0.011661740832517198,20.618120635823225,0.002169833754583128,0.007190443173746064,10.28620629024918,9.932850070571
0.7010000000000005,0.6641364720941403,13.259682193867942,12.634561726332826,26000.0,0.011696378253526374,20.620686102569593,0.0021814089024228545,0.007213533077659762,10.287391761908086,9.932566184431236
0.7020000000000005,0.6668833509697263,13.314515252565105,12.666853322115381,26000.0,0.011731220340075177,20.623254538429087,0.0021930170683108763,0.007236647208783087,10.288577356342728,9.932282096546333
0.7030000000000005,0.669634074093526,13.369424059165631,12.699144917897936,26000.0,0.01176620632811698,20.62582657986121,0.0022046936529975247,0.00725971390871788,10.289764542290143,9.93199762362293
0.7040000000000005,0.672388645763101,13.4243961604869,12.731436513680489,26000.0,0.011801250015355702,20.62840227214487,0.0022164407923698226,0.007282765278709691,10.290953473658107,9.931712732681495
0.7050000000000005,0.6751470702803557,13.479442570189848,12.763728109463042,26000.0,0.011836270654509706,20.630981584172893,0.002228249370759494,0.007305804163376117,10.292144059174666,9.931427432018001
0.7060000000000005,0.6778754387749067,13.533623313378643,12.796019705245596,26000.0,0.011870983637320698,20.63353368292293,0.0022400557383948083,0.007328776519787805,10.29332306720586,9.931145159388183
0.7070000000000005,0.6806415557381411,13.58931909558275,12.829261053845284,26000.0,0.011905714183237326,20.636118571012638,0.0022518865473479255,0.007351501684161488,10.29451425359676,9.930859287753531
0.7080000000000005,0.6835440165751403,13.64808954359039,12.86155264962784,26000.0,0.011941054430852194,20.638829770328368,0.0022640038653267136,0.00737436777490702,10.29576223002866,9.930559162526198
0.7090000000000005,0.6863180225877885,13.70146276495487,12.893844245410392,26000.0,0.011975714659489378,20.641430234894322,0.0022761949044523555,0.00739803965141661,10.29697017078812,9.930271109834182
0.7100000000000005,0.6890959031602859,13.757639460079279,12.926135841192947,26000.0,0.012010733141637586,20.644025354788905,0.0022882062004613846,0.007421359455473897,10.298165495387021,9.929984188695828
0.7110000000000005,0.6918776626208233,13.813336019130793,12.958427436975501,26000.0,0.012045580259685384,20.64662593734315,0.002300292282467642,0.007444143917280266,10.299364494671838,9.929696603522626
0.7120000000000005,0.6946633053019619,13.868912447673413,12.99166878557519,26000.0,0.01208008954357137,20.649230808069998,0.002312425478858182,0.007466815490919598,10.300566678735812,9.929408386177087
0.7130000000000005,0.6975860869776819,13.928268021049337,13.023960381357744,26000.0,0.012115168889351657,20.651960467944498,0.0023247719476204853,0.007489589472117419,10.301822482143294,9.929106169472611
0.7140000000000005,0.7003796631217027,13.982062823979803,13.056251977140297,26000.0,0.012149455827862088,20.65457917766498,0.002337180159637464,0.007513054012890763,10.303038433656168,9.928816071332514
0.7150000000000005,0.7031771356686373,14.038630481125923,13.089493325739985,26000.0,0.012184019099917287,20.657192665343516,0.002349396971804363,0.007536142610078456,10.304242066026719,9.928527039998224
0.7160000000000005,0.7061464067436621,14.099382982661357,13.121784921522538,26000.0,0.0122194648584949,20.659964277199332,0.002361932462088545,0.007558860240345688,10.305514796011426,9.928220249818745
0.7170000000000005,0.7089518660160714,14.152896418509528,13.154076517305093,26000.0,0.012253846273957036,20.662595835588906,0.0023745795531079916,0.0075824084317618334,10.306738537326124,9.927928653820429
0.7180000000000005,0.7117612349344907,14.20987871064741,13.187317865904781,26000.0,0.012288481970282206,20.665219893794628,0.002386978867165712,0.0076055444529704586,10.30794643136359,9.927638475440068
0.7190000000000005,0.7147087079366847,14.269976325938064,13.219609461687334,26000.0,0.012323639129132147,20.6679718822966,0.0023996380635314396,0.007628147407379937,10.309210717733652,9.92733389670699
0.7200000000000005,0.7175260642129693,14.324216328916064,13.252850810287022,26000.0,0.012357722651585024,20.670612980385155,0.00241237677426015,0.007651341181005411,10.310436869476254,9.927041293118048
0.7210000000000005,0.7204818493060612,14.384983959937824,13.285142406069577,26000.0,0.012392718508943135,20.673371110665457,0.0024251012445385967,0.007674311060336947,10.311703114266585,9.926736000348509
0.7220000000000005,0.7233072110729266,14.439574451055446,13.318383754669265,26000.0,0.01242676155945649,20.67601908982894,0.0024379085994905014,0.0076974692894063446,10.312931174357479,9.926442739274687
0.7230000000000005,0.7262713270681946,14.500518922507009,13.35067535045182,26000.0,0.012461679825998884,20.678784995429684,0.002450729250928041,0.0077203109678735116,10.314200825267111,9.926136577426458
0.7240000000000005,0.7291391045618846,14.556208646662183,13.383916699051507,26000.0,0.012495820754386489,20.68147181780903,0.0024636882957589368,0.007743405927171876,10.315445803899221,9.925838943673504
0.7250000000000005,0.7321115976321774,14.616817782364322,13.416208294834062,26000.0,0.012530657519217447,20.68424723445761,0.0024766721641445444,0.007766396204861636,10.316721703534666,9.925531631847694
0.7260000000000005,0.7349530514904348,14.671899135883237,13.44944964343375,26000.0,0.012564579974995493,20.686909743794086,0.002489685858419133,0.007789522438042262,10.317955819080495,9.925236777808717
0.7270000000000005,0.7379339132439696,14.733229727430214,13.482690992033437,26000.0,0.012599310507596218,20.6896911779359,0.0025027154141209484,0.007812222530939883,10.319232174767164,9.924928876523541
0.7280000000000005,0.7409190474576678,14.79204381354388,13.51498258781599,26000.0,0.012633808927509704,20.69248518642417,0.0025160316767817714,0.0078352486904128,10.320523453404975,9.9246191986706
0.7290000000000005,0.7438072039519463,14.848695557457459,13.548223936415678,26000.0,0.012667832378559896,20.695189295856792,0.0025292475389772084,0.007858614703960598,10.321775007488789,9.924319690352851
0.7300000000000005,0.746800762853857,14.909917310529773,13.581465285015366,26000.0,0.012702529988560196,20.697983832058576,0.0025424932467213446,0.00788144685015063,10.323058360715041,9.924010327910269
0.7310000000000005,0.7497986088022075,14.969177608712702,13.61375688079792,26000.0,0.012737003751372156,20.70078912705523,0.0025559833726668812,0.007904445677890226,10.324354059069096,9.923699446043116
0.7320000000000005,0.7526644816269085,15.025145775043441,13.646998229397608,26000.0,0.012770665703126016,20.70347322180057,0.0025693197425874503,0.00792763096381327,10.32559707600817,9.923402223409267
0.7330000000000005,0.755705389937498,15.088091442979865,13.680239577997297,26000.0,0.012805262529975492,20.706309491852785,0.002582712155002276,0.007950116724183443,10.32689659798757,9.92308820656149
0.7340000000000005,0.7587159910224536,15.14689830576614,13.713480926596985,26000.0,0.012839295748666546,20.70912907701323,0.002596396590615224,0.007973039765128365,10.328201365739744,9.922775583128324
0.7350000000000005,0.7617308987227359,15.207055753820967,13.746722275196673,26000.0,0.012873499893970852,20.711948546355202,0.0026100615406765004,0.007996329276324543,10.329502325698268,9.922463129973494
0.7360000000000005,0.7647848369967559,15.268316373672361,13.779013870979227,26000.0,0.012908068457186894,20.714803451174443,0.0026238451367332494,0.00801953931356364,10.330817624303421,9.922146814009373
0.7370000000000005,0.7676713232623568,15.324326963492723,13.812255219578914,25300.0,0.012941618696884538,20.717508092987092,0.002637520222957157,0.008042704299209336,10.33207091035545,9.921847360365794
0.7380000000000005,0.7707338177413309,15.027524369768475,13.845496568178602,24670.0,0.012972494787462707,20.72070901561209,0.002637627851314106,0.00811253197549705,10.334120980055378,9.921375007556144
0.7390000000000005,0.7737658926971618,14.735376307783381,13.878737916778283,24103.0,0.01300075784074256,20.72395075573368,0.002614223314896358,0.008212122014191692,10.336292548869261,9.920895812024085
0.7400000000000005,0.7768022989030884,14.48384949065466,13.911979265377978,23592.7,0.013040245556591112,20.727140659916977,0.002570625710439145,0.008317629699200135,10.33835117710444,9.92042086615875
0.7410000000000005,0.7798778976854102,14.263951369717553,13.945220613977666,23133.43,0.013088784071684068,20.730334335641682,0.002514951025140044,0.008419240766650071,10.340345328496877,9.919946523315502
0.7420000000000005,0.7829230089933427,14.067550678593964,13.978461962577352,22720.087,0.013140421856159434,20.733481946192835,0.0024554925603893496,0.00851526021023069,10.342281052224962,9.919482135582141
0.7430000000000005,0.7860073782574438,13.895331703664981,14.01170331117704,22348.0783,0.013191517284879273,20.736643603193592,0.002399913581556723,0.008604037478616655,10.344182973064608,9.919024716539166
0.7440000000000005,0.7890612146697447,13.742266506725386,14.044944659776728,22013.270470000003,0.013238793636579926,20.739760784516708,0.0023541827199911047,0.008684682228383422,10.346031494163622,9.918583263404042
0.7450000000000006,0.7921543745268106,13.60958271796094,14.078186008376417,21711.943423000004,0.01328116293056969,20.74289307660048,0.00232149159153644,0.008757296212272336,10.347848545921309,9.918152005488285
0.7460000000000006,0.7952169560874385,13.492445776967262,14.111427356976105,21440.749080700003,0.013317805556046891,20.74598272414142,0.0023022682857019583,0.008823101713028914,10.34961692361358,9.917736940662568
0.7470000000000006,0.7983189266904304,13.392337345898525,14.144668705575793,21196.674172630002,0.013349934532091046,20.749089542596465,0.00229455689613306,0.008883446142018081,10.351359826431242,9.917329955746128
0.7480000000000006,0.8013902734850188,13.304754902749165,14.178859806992618,20977.006755367,0.013378505032880406,20.75215575029747,0.0022950741889049553,0.008939826451510924,10.353060689771981,9.916935545720383
0.7490000000000006,0.8046401335396548,13.234839855075109,14.212101155592306,20779.3060798303,0.013406533922832142,20.75536757165486,0.0023001537631364144,0.008993397909719869,10.354796942724644,9.916530384158445
0.7500000000000006,0.807720431557785,13.169475352683623,14.245342504191994,20601.37547184727,0.01343366276881075,20.758422271306813,0.0023063468608627846,0.009045692530523841,10.356456306291077,9.916146822479835
0.7510000000000006,0.8108402511141815,13.118921253301005,14.278583852791682,20441.237924662542,0.013462814087306485,20.761487537600804,0.0023107452276162066,0.009096154717390892,10.358086043343738,9.915764829913627
0.7520000000000006,0.8139645179947944,13.076647387640172,14.31182520139137,20297.11413219629,0.013493847382689828,20.764550004773493,0.0023123507855237757,0.009144812596130314,10.359701073227125,9.915384588306352
0.7530000000000006,0.817058046381897,13.042040211012553,14.346016302808192,20167.40271897666,0.013526612646383107,20.76757435750988,0.002310835736479888,0.009192260339671576,10.361285534289127,9.915009685384314
0.7540000000000006,0.8203310931551951,13.019979900911016,14.379257651407878,20050.662447078994,0.013562017678436622,20.770750076410557,0.002307047799662343,0.00923844265326701,10.362917931678188,9.914618686512803
0.7550000000000006,0.8234336245316421,12.997999023514312,14.412499000007566,19945.596202371096,0.013597469459803335,20.7737725910184,0.0023022798569931613,0.00928401246985422,10.364484251684207,9.914246672673281
0.7560000000000006,0.826575843458596,12.986756071370937,14.446690101424387,19851.036582133987,0.013634019967406319,20.77680961584703,0.002297608557358166,0.009327810935711667,10.366029294752396,9.913875507957169
0.7570000000000006,0.8298629416160795,12.98342811887643,14.479931450024075,19765.93292392059,0.01367098660372229,20.779975501762813,0.0022948925267051723,0.009369573695188538,10.367621935405786,9.913492144045051
0.7580000000000006,0.8330142797517471,12.979830341028668,14.513172798623764,19689.33963152853,0.01370628454957501,20.783019625514495,0.002294966452563718,0.009410429115062902,10.36916320641467,9.913125364296793
0.7590000000000006,0.8361347407171982,12.983045591748752,14.547363900040585,19620.40566837568,0.013740745751596173,20.786018287219072,0.0022978429158033165,0.00944946088759041,10.370662364689235,9.912767059985182
0.7600000000000006,0.839435938951813,12.994721974928648,14.580605248640273,19558.36510153811,0.01377496850690868,20.789175553947793,0.002303898519237124,0.009486260346049658,10.372218911502447,9.912393378085715
0.7610000000000006,0.842600883300829,13.003926085847734,14.614796350057095,19502.5285913843,0.01380709007415798,20.792215685323935,0.0023127092752218137,0.009522307727462598,10.373732261360365,9.912035219414761
0.7620000000000006,0.8459115862710099,13.02296490145428,14.648037698656783,19452.27573224587,0.013839635124005545,20.79537203535908,0.002323240403699689,0.009557255492018801,10.375275375945241,9.911665853830025
0.7630000000000006,0.8490502280656658,13.03848185986717,14.68127904725647,19407.048159021284,0.013870795940115366,20.798377775308886,0.0023349018508974084,0.00959133874862056,10.37675807909671,9.911315257839025
0.7640000000000006,0.8522288258827553,13.060909165115191,14.715470148673292,19366.343343119155,0.013902397273609646,20.80140358318854,0.002346617297155351,0.009624134962200659,10.378230024734606,9.910963555704399
0.7650000000000006,0.8555537106589908,13.08800039828415,14.74871149727298,19329.70900880724,0.013934659511751324,20.804563867625532,0.0023583332955573466,0.009655919643277555,10.379759058797553,9.910596953693714
0.7660000000000006,0.858741512446962,13.111961462651038,14.782902598689802,19296.738107926518,0.013966213985165787,20.80760501095863,0.002369633963771267,0.009688046145466256,10.381244254984486,9.910244269755825
0.7670000000000006,0.8620759569781978,13.144332600776924,14.817093700106627,19267.064297133868,0.013999316680770535,20.810765128904045,0.002380219419821694,0.0097198058149357,10.382763158896065,9.909878486231591
0.7680000000000006,0.8654152776621076,13.176020437260412,14.850335048706315,19240.35786742048,0.014032708994553944,20.81393748435041,0.0023906498439956736,0.009751452233966895,10.38429470030437,9.909511623573053
0.7690000000000006,0.8685813640480506,13.205872190537406,14.884526150123136,19216.322080678434,0.014065685213984824,20.816947977477877,0.00240077146184281,0.00978312787177027,10.385752657872779,9.909163912005038
0.7700000000000006,0.8719302488394938,13.244359271352636,14.917767498722823,19194.68987261059,0.014100052495380822,20.82011126802024,0.00241094275489645,0.00981358829000717,10.38725859948022,9.908799401457713
0.7710000000000006,0.8751412112363686,13.277375538453892,14.951958600139644,19175.220885349532,0.014133081365017675,20.82316151783374,0.0024217833324055027,0.009843691489294093,10.388729582307532,9.908448352251217
0.7720000000000006,0.8784997114710407,13.317841474263915,14.986149701556466,19157.69879681458,0.0141667360691074,20.826333219627436,0.002433164410226285,0.009873386648234117,10.390238697969359,9.908084002103529
0.7730000000000006,0.8818631162223122,13.356902921045588,15.019391050156154,19141.928917133122,0.014199792940423284,20.82951817637214,0.0024455516747872164,0.009902939553509849,10.391762049537004,9.907718777780387
0.7740000000000006,0.8850880911091938,13.394296608557854,15.053582151572975,19127.73602541981,0.014231908767136425,20.832573765885233,0.002458544098456583,0.009932472622763977,10.393226679050871,9.907369203520377
0.7750000000000006,0.8884611449621954,13.438378803951013,15.087773252989797,19114.96242287783,0.014264768471857148,20.835753469896424,0.0024720798701766133,0.009960920633896309,10.39473055038795,9.907006096145896
0.7760000000000006,0.8918391204751029,13.480464815505066,15.121964354406618,19103.466180590047,0.014297019283780354,20.83894804026237,0.002486400326582816,0.009989125370470309,10.396252183472102,9.906641576561126
0.7770000000000006,0.8952220234391479,13.523912582313848,15.155205703006306,19093.119562531043,0.014329205182385563,20.84214406975933,0.002501046566177667,0.010017645833561406,10.397772172201973,9.906277207775544
0.7780000000000006,0.8984658153816101,13.565011779608911,15.189396804423131,19083.80760627794,0.014360751705314756,20.845211882851377,0.0025157053598476864,0.010045909318516955,10.399234137273814,9.90592812551793
0.7790000000000006,0.9018584126191421,13.612310225111802,15.223587905839953,19075.426845650145,0.014393194501904516,20.84840565932906,0.0025302990799750402,0.010073200928677861,10.400738281535371,9.905564773774563
0.7800000000000006,0.9052919203829946,13.65812860612985,15.257779007256774,19067.88416108513,0.014425352848691175,20.851647591318482,0.002545154590045229,0.010100516519225888,10.402275503368111,9.905195759749517
0.7810000000000006,0.908694442160686,13.703698025552228,15.291970108673596,19061.095744976617,0.014457355376473358,20.854860776941443,0.002559955344887066,0.010128515149950279,10.403801259268736,9.904830112683488
0.7820000000000006,0.9121019202673245,13.750769772545237,15.326161210090412,19054.986170478955,0.014489694966152933,20.85807413484385,0.0025746426597510474,0.010156443923521885,10.405321102687932,9.904464766468081
0.7830000000000006,0.915514360531125,13.79820572063386,15.359402558690105,19049.48755343106,0.014522146300587957,20.861292044483665,0.0025893816154639038,0.010184007612904056,10.406842209184177,9.904099093024104
0.7840000000000006,0.9187866587209854,13.842651011641927,15.393593660106927,19044.538798087953,0.014553753039394435,20.86438247333201,0.0026040910687936125,0.010211223681756532,10.40830873279652,9.903748324185543
0.7850000000000006,0.9222088616155169,13.893029361991747,15.427784761523748,19040.084918279157,0.014585991709045343,20.86760029099543,0.002618834407252413,0.010237573220267526,10.409818856962087,9.903382966635853
0.7860000000000006,0.9256721857332872,13.941673946223123,15.461975862940573,19036.076426451244,0.014617656351501807,20.870866856765346,0.0026340515785858165,0.010263995605423903,10.411362712866717,9.903011935909415
0.7870000000000006,0.9291043829808423,13.989842947883602,15.496166964357394,19032.468783806118,0.014648911912441387,20.874104864007514,0.0026494786972377504,0.010291094335411866,10.412895546901295,9.902644325099567
0.7880000000000006,0.9325415714477675,14.039311369735717,15.530358065774216,19029.221905425507,0.014680322409756752,20.877343361843085,0.0026650444193981326,0.010318090073962227,10.414422947175792,9.902277023523254
0.7890000000000006,0.9359837569994831,14.088954981947929,15.564549167191037,19026.299714882956,0.014711741518594612,20.880586728186678,0.002680850114128719,0.010344703583133275,10.41595209485293,9.901909385206002
0.7900000000000006,0.9394672055277364,14.139639434747489,15.598740268607859,19023.66974339466,0.014743282704340999,20.883867777026193,0.002696914026000752,0.010371158358541521,10.417497709367996,9.901537468539077
0.7910000000000006,0.9429194325007536,14.189192115343081,15.63293137002468,19021.302769055197,0.014774528311025215,20.88712252419862,0.002713182404096459,0.01039770246921845,10.419034548618463,9.901168717091178
0.7920000000000006,0.9463766742165829,14.239728423139834,15.667122471441502,19019.17249214968,0.014805798467238951,20.890378822791977,0.0027295169690248478,0.010424127761146984,10.420568456252969,9.90079993236885
0.7930000000000006,0.9498752855497472,14.29119473492814,15.701313572858325,19017.255242934712,0.014837130261126374,20.89367321562491,0.0027459839625011973,0.010450336427832718,10.422118723592714,9.900426809266229
0.7940000000000006,0.9533426041320904,14.3414256475185,15.73645442709228,19015.529718641243,0.01486806183784728,20.896941527081722,0.002762544283893331,0.010476596672598926,10.423660805015015,9.90005673930408
0.7950000000000006,0.9569620496509857,14.395996305896974,15.770645528509101,19013.97674677712,0.014899727119748851,20.900345213717227,0.0027792341463244163,0.010502859585335755,10.425257449503217,9.89967097815514
0.7960000000000006,0.9604760594123288,14.445857848916383,15.804836629925923,19012.57907209941,0.014930589234267488,20.903662309290468,0.0027961402610328645,0.010529606883826259,10.426827786352241,9.899295368448225
0.7970000000000006,0.963958704437926,14.497442725247273,15.839027731342744,19011.32116488947,0.01496158357411348,20.90694147552624,0.0028128977828748014,0.010556208781565157,10.428371357440668,9.898924338344695
0.7980000000000006,0.9674828984613821,14.550218769758544,15.873218832759566,19010.189048400523,0.014992676521671078,20.910257726573878,0.0028297349144538186,0.010582031040827111,10.429928410214998,9.898549128582212
0.7990000000000006,0.97097568009508,14.601382279335734,15.90740993417639,19009.17014356047,0.015023125616216715,20.913549129028027,0.0028467069996425676,0.010607659968840277,10.43147958672159,9.898176740190424
0.8000000000000006,0.9745100822894348,14.654211680118745,15.942550788410346,19008.253129204422,0.01505347026232906,20.916875785044038,0.0028637202703539755,0.010633222404643983,10.43304319011914,9.897800235569385
0.8010000000000006,0.9781612187065182,14.709094972581871,15.976741889827167,19007.42781628398,0.015084061363304813,20.92031129992195,0.002880979870446221,0.010658894811919617,10.434656191569402,9.897411096048161
0.8020000000000006,0.9817060364248105,14.760007928060366,16.01093299124399,19006.685034655584,0.015113872670379724,20.92365630274177,0.002898421008687979,0.010685159908589315,10.436238201434833,9.897032590922324
0.8030000000000006,0.9852193455984841,14.81253289544445,16.04512409266081,19006.016531190027,0.015143846254597748,20.92696355688799,0.002915744453738489,0.010711166530128269,10.43779334829631,9.896658673378083
0.8040000000000006,0.9887744198592783,14.866158663149793,16.08026494689477,19005.414878071024,0.015173951073312597,20.930308366343773,0.0029331770751717667,0.010736380423628622,10.439362638146507,9.896280484450841
0.8050000000000006,0.9924835809297126,14.922417305962131,16.114456048311588,19004.87339026392,0.015204472237991762,20.93379706014189,0.002950951726858164,0.010761632255767373,10.440998465757465,9.895885410366093
0.8060000000000006,0.9960124104718964,14.972393894828555,16.14864714972841,19004.38605123753,0.015233747882940574,20.937130277905755,0.0029689047351958986,0.010787726684111987,10.442578522632536,9.895508544531564
0.8070000000000006,0.9995831140953375,15.026992486824415,16.183788003962366,19003.947446113776,0.015263666016862187,20.940487227969804,0.0029866618151519475,0.010813455265123728,10.444151822953474,9.89512908602249
0.8080000000000006,1.003271681084028,15.08300264330694,16.217979105379186,19003.552701502398,0.015293899638748498,20.943956606256627,0.0030047105918619144,0.010838561214321918,10.445777562222618,9.894736588625843
0.8090000000000006,1.006852886744798,15.134712633645947,16.252170206796013,19003.19743135216,0.01532314152027281,20.94733565317952,0.003022949217158011,0.010864166746125892,10.4473746397748,9.8943545659614
0.8100000000000006,1.010439275336189,15.188868264357062,16.287311061029968,19002.877688216944,0.015352539497094697,20.95071030167025,0.003041058111691086,0.010889639096071213,10.448959323309602,9.893973145839238
0.8110000000000006,1.014180906618056,15.246192238705286,16.321502162446787,19002.58991939525,0.01538249163512806,20.95422782050243,0.003059400750470953,0.010914673694272126,10.450605764291751,9.893575118711048
0.8120000000000006,1.017740943040897,15.296854636444007,16.356643016680742,19002.330927455725,0.01541103104943653,20.957590046990358,0.003077912655763404,0.010940205312703899,10.45219814791013,9.89319525691257
0.8130000000000006,1.021493502586402,15.3555515412003,16.390834118097565,19002.09783471015,0.015440848762554304,20.961113213511847,0.0030963649025502193,0.010965482892180023,10.453843242527544,9.892796606955795
0.8140000000000006,1.025101025235137,15.407299246743262,16.425974972331524,19001.888051239137,0.015469418287661907,20.964518780174025,0.0031151049561758404,0.010990755466378732,10.455453216655581,9.892411903420642
0.8150000000000006,1.02886457005518,15.465594688217815,16.460166073748344,19001.699246115222,0.015498955947975401,20.9680546363599,0.003133847991955041,0.011015977934644261,10.457106927385098,9.892011882309298
0.8160000000000006,1.032482712616004,15.517708898371396,16.4953069279823,19001.5293215037,0.015527340260920841,20.971469484707466,0.00315281867037992,0.011041221771278698,10.45872055910181,9.891626225914806
0.8170000000000006,1.036220193491582,15.575402058824961,16.52949802939912,19001.376389353332,0.015556469425592745,20.974981736531443,0.0031717558889834963,0.011066232886540794,10.46036389649014,9.891229119974467
0.8180000000000006,1.039848950963951,15.628248611332083,16.56463888363308,19001.238750418,0.015584577690311019,20.9784043941848,0.0031908793026851345,0.011091066299258323,10.461978429282656,9.890842648167073
0.8190000000000006,1.043634513552113,15.68678579497843,16.5988299850499,19001.114875376203,0.015613434903156753,20.981961496890403,0.0032100430671111457,0.01111576931108671,10.463641990002365,9.890440332907408
0.8200000000000006,1.047273941533298,15.739188687901194,16.633970839283855,19001.003387838584,0.0156410377149524,20.985396663353818,0.003229394333420399,0.01114064755333366,10.46526534698166,9.890052461195536
0.8210000000000006,1.051070567840291,15.798115826421938,16.668161940700678,19000.903049054727,0.015669593042365593,20.988963371904347,0.0032487104302024727,0.01116537761894626,10.466932551217045,9.889649112903477
0.8220000000000006,1.05472069173582,15.850753237003271,16.703302794934633,19000.812744149254,0.01569694778016334,20.99240838105546,0.0032682249371129846,0.011190087244534908,10.468559857702962,9.88926022689382
0.8230000000000006,1.058528408039934,15.90986424523376,16.73844364916859,19000.731469734328,0.015725252057240235,20.995985522413505,0.0032877204966511586,0.011214619242534585,10.470231769540153,9.888855742182988
0.8240000000000006,1.062341776359922,15.966195754227659,16.77263475058541,19000.658322760897,0.01575315021068613,20.999579332102442,0.0033075852266424843,0.011239310089278531,10.471923103008926,9.888449489603865
0.8250000000000006,1.066008085946487,16.019666913308022,16.807775604819366,19000.592490484807,0.015780312239672856,21.00303734269177,0.0033274227673272816,0.011264385255836062,10.473555302077273,9.88805923439632
0.8260000000000006,1.069832584003006,16.079286817155758,16.84291645905332,19000.533241436326,0.01580850988770538,21.006629350442246,0.00334727109110855,0.011288729229466554,10.475232116178141,9.88765331558873
0.8270000000000006,1.073662754302517,16.135889944735702,16.877107560470147,19000.479917292694,0.01583614101796843,21.0102389761078,0.003367522901460085,0.011313080521165475,10.476930444818993,9.887245438188542
0.8280000000000006,1.077345307681063,16.189593287575683,16.912248414704102,19000.431925563425,0.015862878829870974,21.013712395647428,0.0033877366617646176,0.011337849753684293,10.478569823236544,9.886853564114944
0.8290000000000006,1.081186647585874,16.249480098800227,16.947389268938057,19000.388733007083,0.015890540562789435,21.017320272541543,0.003407929937894516,0.011361913494106257,10.48025387445915,9.886445938842911
0.8300000000000006,1.085033680026595,16.306341799017908,16.981580370354877,19000.349859706374,0.01591755561587843,21.02094581782659,0.0034284897708250495,0.011385980240456173,10.481959460118386,9.886036351342948
0.8310000000000006,1.088770044036889,16.361160131167633,17.016721224588835,19000.314873735737,0.015943839676617333,21.02446874032195,0.0034490183970457,0.011410492485319057,10.483620475849467,9.885638815151022
0.8320000000000006,1.092628317583893,16.420753370847834,17.05186207882279,19000.283386362164,0.015970843226911502,21.028094789898727,0.0034695401142098015,0.011434461071070268,10.485315423676324,9.885229220203342
0.8330000000000006,1.096492304052181,16.478074190949055,17.087002933056745,19000.255047725946,0.015997373667006876,21.03173555203916,0.0034903659647632646,0.011458387550537241,10.487027245444319,9.88481801871599
0.8340000000000006,1.100362010316438,16.535906676731585,17.1221437872907,19000.22954295335,0.016023825281239135,21.03538004716789,0.003511300561023112,0.011482718224397781,10.488740243333725,9.884406383221394
0.8350000000000006,1.104275077977042,16.594885750578186,17.156334888707523,19000.206588658017,0.016050510709648802,21.039063421088798,0.0035324002640675922,0.011507057140211774,10.490468542442812,9.883990354432331
0.8360000000000006,1.108001422102094,16.64893888414489,17.19147574294148,19000.185929792216,0.01607612580007911,21.042579443800502,0.0035535251669533974,0.011531240744976134,10.49212788746412,9.88359419690108
0.8370000000000006,1.111888163579386,16.70974285734455,17.226616597175436,19000.167336812996,0.0161026626969617,21.04622928867866,0.0035746010605891,0.01155455517006726,10.493830160626294,9.883182129669017
0.8380000000000006,1.11578065223132,16.7673258550802,17.26175745140939,19000.150603131697,0.016128413737417857,21.049897620163428,0.0035960355383221065,0.011577785940428464,10.495554981466992,9.882768006189874
0.8390000000000006,1.119716655424472,16.82639598582336,17.296898305643346,19000.135542818527,0.01615411264454547,21.053603651075605,0.003617578677222899,0.011601680910488743,10.497295627462645,9.882349390527008
0.8400000000000006,1.123620690883695,16.884364377078665,17.3320391598773,19000.121988536674,0.016179564694302262,21.057282073558902,0.003639231921554409,0.011625762249354743,10.499025340335262,9.881934280567243
0.8410000000000006,1.127568318212417,16.944085696038343,17.36718001411126,19000.109789683007,0.0162053031858716,21.060997206539184,0.0036609925542561705,0.011649644392190794,10.500767151234946,9.881514940150188
0.8420000000000006,1.131483928294581,17.002289863045675,17.40137111552808,19000.098810714706,0.016230706268388573,21.064686312184044,0.003682936311993623,0.011673344483900061,10.502501074382858,9.881098807985541
0.8430000000000006,1.135249086433093,17.05766481348613,17.436511969762037,19000.088929643236,0.016255226239982712,21.068236066494936,0.0037047991268331915,0.011696688326927107,10.504172615125258,9.880699135585324
0.8440000000000006,1.139213986938926,17.11982102122185,17.471652823995992,19000.08003667891,0.01628061442202494,21.07195888934237,0.003726677712017845,0.011719142389488346,10.50590742789658,9.880278869888974
0.8450000000000006,1.143146796409223,17.177367743519387,17.506793678229947,19000.07203301102,0.0163048795381584,21.075667827844914,0.0037489010466734696,0.011741869801390359,10.507653959364916,9.879860398077938
0.8460000000000006,1.147123390570708,17.237246358814883,17.541934532463905,19000.064829709918,0.01632924878070624,21.079411401017776,0.003771139517414257,0.01176527880728856,10.509411085438703,9.87943778106825
0.8470000000000006,1.151067843994431,17.29587976465804,17.57707538669786,19000.058346738926,0.01635341202597057,21.083127752950062,0.0037934831591297513,0.011788679122611279,10.51115758194375,9.879018665458096
0.8480000000000006,1.155056159916278,17.356210463164693,17.612216240931815,19000.052512065035,0.01637786496376814,21.086881304349316,0.0038159422845349678,0.01181184913043104,10.512916896721267,9.878595211020112
0.8490000000000006,1.159012285321714,17.415009305064967,17.64735709516577,19000.047260858533,0.016401992662419096,21.090608710692635,0.0038385924300879393,0.011834864938070566,10.514668367712765,9.878174991054642
0.8500000000000006,1.163012351170067,17.475491750286764,17.68249794939973,19000.04253477268,0.016426273121631363,21.09437344856369,0.003861384191446382,0.011857762349723022,10.516432998451297,9.877750385225283
0.8510000000000006,1.167018318566972,17.535343172312924,17.717638803633683,19000.038281295412,0.01645030273757614,21.098146599484465,0.0038844001832102903,0.011880626900561464,10.51820439075713,9.877324947357563
0.8520000000000006,1.17099202064939,17.5945450444911,17.752779657867638,19000.03445316587,0.016473962512229212,21.10189005053303,0.003907526965725383,0.0119035083059566,10.519962932398755,9.87690310665337
0.8530000000000006,1.175009780364382,17.65535147234956,17.787920512101596,19000.031007849284,0.016497673323394968,21.105671260490123,0.003930755260664998,0.011926119739549212,10.521734572275392,9.876476845990844
0.8540000000000006,1.179033462898797,17.715467949371018,17.824011119152683,19000.027907064356,0.016521015994944155,21.109461136854065,0.003954160448206068,0.011948625914713684,10.523513518706801,9.876049674467254
0.8550000000000006,1.183183444070226,17.778603474219597,17.859151973386638,19000.02511635792,0.01654474004211315,21.113365486017585,0.003977796034472625,0.01197130485302944,10.525341401620715,9.875609007294514
0.8560000000000006,1.18721916371146,17.83729274720601,17.894292827620596,19000.02260472213,0.016567554459157585,21.117173094803753,0.004001647517069662,0.011994383056687263,10.5271361960161,9.875180135765296
0.8570000000000007,1.191260827740579,17.898533054536678,17.92943368185455,19000.02034424992,0.016590629163997617,21.12097659349468,0.004025454068023182,0.012017153155460092,10.528918313459505,9.87475173445516
0.8580000000000007,1.195308443295905,17.959400318168672,17.964574536088506,19000.01830982493,0.01661346574257544,21.124787521369285,0.004049411559330085,0.012039200032296304,10.530704531109109,9.874322583748839
0.8590000000000007,1.199362017523562,18.02015537416426,17.99971539032246,19000.016478842437,0.016635890501241646,21.128604866681474,0.004073487920851437,0.012061061972406084,10.532495259965701,9.873892627659394
0.8600000000000007,1.203383125505199,18.080096204831463,18.03485624455642,19000.014830958193,0.01665775273307185,21.132392956534673,0.004097592434372299,0.012082861915774068,10.534273841111457,9.873466164680142
0.8610000000000007,1.207448606269013,18.14160724152807,18.07094685160751,19000.013347862376,0.016679549615482236,21.136219257025086,0.0041217115505753354,0.012104457044819439,10.536066056943078,9.873035148029459
0.8620000000000007,1.211680132451304,18.206135998569508,18.106087705841464,19000.01201307614,0.016701790509159486,21.140199804848198,0.00414610823354572,0.012126198540067135,10.53792789223332,9.872585935591202
0.8630000000000007,1.21575778451781,18.264784162366002,18.141228560075422,19000.010811768527,0.01672290197386489,21.14404964468221,0.004170721666786392,0.012148694113057912,10.539745216584814,9.872152616677726
0.8640000000000007,1.219841431306874,18.326856002686252,18.176369414309377,19000.009730591675,0.016744546379659497,21.147891980921592,0.004195233261261755,0.012170901363160125,10.54154436369627,9.87172013113656
0.8650000000000007,1.223931080011791,18.38841224672063,18.211510268543332,19000.00875753251,0.01676606497593197,21.151742353749103,0.004219931820890588,0.012192201119581636,10.543347998845658,9.871286871141155
0.8660000000000007,1.228026737833711,18.449788150061583,18.247600875594422,19000.00788177926,0.016787204297659064,21.15559946172982,0.0042447939103321675,0.012213306659372869,10.545156825083872,9.870852751707295
0.8670000000000007,1.232289505565402,18.51497219374575,18.282741729828377,19000.007093601336,0.016808817335421167,21.15960876322533,0.0042699395907654925,0.012234615717114705,10.54703119470326,9.870400607856139
0.8680000000000007,1.236397408277927,18.574107858699115,18.31788258406233,19000.006384241202,0.016829155619017266,21.163487021751955,0.004295327946768346,0.01225656089801802,10.548861031850112,9.869964489804614
0.8690000000000007,1.240511341988859,18.63663161805671,18.35302343829629,19000.00574581708,0.016849849813754703,21.167357954737223,0.004320603583690352,0.012278202512808811,10.55067312703815,9.869529117734054
0.8700000000000007,1.244631313931091,18.69863206853591,18.38911404534738,19000.005171235374,0.016870270738542692,21.17123699135489,0.004346019073145635,0.01229892444440589,10.552489814168487,9.86909292921517
0.8710000000000007,1.248919253106316,18.76421015683561,18.424254899581335,19000.00465411184,0.01689103918784507,21.175269987067452,0.0043717150393055015,0.01231961688091232,10.554374657210843,9.868638365427449
0.8720000000000007,1.253051529194783,18.823673945224847,18.459395753815294,19000.004188700656,0.016910425939123952,21.17917139897999,0.004397620839511562,0.012340968255887486,10.556215241201253,9.86819986806049
0.8730000000000007,1.257189865492357,18.886556825102115,18.49548636086638,19000.00376983059,0.01693012916159059,21.183065393628084,0.004423377420462282,0.012362072782898859,10.55803788407426,9.867762102927134
0.8740000000000007,1.261535706277431,18.953591584645654,18.530627215100335,19000.00339284753,0.01695058386198317,21.187150628490784,0.004449467651490513,0.01238252036995885,10.559943388081276,9.867301742033137
0.8750000000000007,1.265686424114659,19.012747781612877,18.565768069334293,19000.003053562777,0.016969362703200763,21.19107175898032,0.004475846448061593,0.012403583609583657,10.56179541064957,9.866861339181222
0.8760000000000007,1.269843224238985,19.076098452246242,18.601858676385383,19000.0027482065,0.0169885591580628,21.194982433413372,0.004502044521808857,0.01242439347372798,10.563625046205033,9.866421915415717
0.8770000000000007,1.274169289283222,19.14257692017451,18.636999530619338,19000.00247338585,0.017008265991451166,21.19905012371996,0.0045285466329308965,0.012444368704763065,10.565523029519195,9.865963984533265
0.8780000000000007,1.278377504890043,19.20348466227216,18.672140384853297,19000.00222604727,0.01702663644849034,21.203021913979583,0.004555336717428193,0.012464860976603098,10.567394421189812,9.8655177904364
0.8790000000000007,1.282552836009734,19.266308855532824,18.708230991904383,19000.002003442543,0.017044979407549288,21.206953255639565,0.004582007009680034,0.012485346092429572,10.569236950847465,9.865076272851718
0.8800000000000007,1.286898084670306,19.33322404034194,18.743371846138338,19000.00180309829,0.017063964191464,21.21103847048269,0.004608895435785576,0.012505150640476692,10.571142666199073,9.864616518868795
0.8810000000000007,1.291124975645694,19.394462290681503,18.77946245318943,19000.001622788463,0.017081652027192418,21.215027690854342,0.004636058195127246,0.012525295681909576,10.573021504376436,9.864168587399888
0.8820000000000007,1.295483134991554,19.46137603699845,18.814603307423386,19000.00146050962,0.01710013609977551,21.219125882052843,0.00466328404590699,0.012545570290305952,10.574935795030775,9.863707496390107
0.8830000000000007,1.299683407044716,19.522292792787866,18.850693914474476,19000.001314458656,0.017117419745242612,21.223089775021414,0.00469070997126142,0.012565624111937346,10.576801847580962,9.863262957879698
0.8840000000000007,1.304093696040833,19.590981392719314,18.88583476870843,19000.00118301279,0.017135872233891236,21.227233151045418,0.004718253032494901,0.012585358951598513,10.578732173499333,9.862796683930757
0.8850000000000007,1.308306500571462,19.651260160012846,18.920975622942386,19000.001064711512,0.017152601051807326,21.231212132688732,0.004746088095436696,0.012605081879852653,10.580608657498859,9.862350676670633
0.8860000000000007,1.31256474896285,19.71645683314876,18.95706622999348,19000.00095824036,0.017169741278868556,21.235217189672273,0.004773777986527061,0.012624506016726988,10.582479992398834,9.861901102960365
0.8870000000000007,1.316955197327192,19.78329569626552,18.992207084227434,19000.000862416327,0.017187005557318003,21.239348046391385,0.004801755920622375,0.012643330986069679,10.584409477858276,9.861436755894536
0.8880000000000007,1.321226090626174,19.845303328326118,19.02829769127852,19000.000776174697,0.017202992959426344,21.243378374426747,0.004829910529061454,0.012662682830167749,10.586306878465162,9.860984698220793
0.8890000000000007,1.325629559511693,19.91296126129007,19.06343854551248,19000.00069855723,0.01721977431088212,21.24751908132564,0.00485809225419187,0.012682051687867346,10.588239962181918,9.860519294223485
0.8900000000000007,1.329913128438972,19.97542121882808,19.09952915256357,19000.000628701506,0.017235510235957596,21.25156034367425,0.004886487884922852,0.012701209128887336,10.590140208889071,9.860066305340752
0.8910000000000007,1.334369104710805,20.044207708752317,19.134670006797524,19000.000565831357,0.017252182725472687,21.255749170259406,0.004915019430912271,0.012720224794825818,10.59209389099123,9.859595421536046
0.8920000000000007,1.338625924806598,20.105320401053064,19.170760613848614,19000.00050924822,0.017267290010595238,21.259769019438828,0.004943787987531867,0.012739180845802556,10.593988284654147,9.85914536453732
0.8930000000000007,1.343095052102359,20.17510958045863,19.206851220899704,19000.0004583234,0.017283673891325624,21.263967080871694,0.004972618220154823,0.01275785644701627,10.59594268777816,9.858673543108912
0.8940000000000007,1.347570893380935,20.24104114230495,19.24199207513366,19000.00041249106,0.017299307023201094,21.268187103531154,0.005001965377785911,0.012776597864987527,10.597923229071462,9.858199863678772
0.8950000000000007,1.351846852463276,20.30306548199664,19.27808268218475,19000.000371241953,0.01731381071234228,21.27222257527692,0.005031321182855986,0.01279577608112653,10.599823605415295,9.857748361520091
0.8960000000000007,1.356335892877643,20.37341499878834,19.313223536418704,19000.000334117758,0.01732963494439521,21.276438405308745,0.005060741467069252,0.012813994324442024,10.60178399174345,9.85727497618964
0.8970000000000007,1.360664225736032,20.435760136050853,19.349314143469787,19000.000300705982,0.01734368161486516,21.280525024281285,0.005090479065471165,0.01283191186589544,10.60370772714066,9.856817701313403
0.8980000000000007,1.365166531471213,20.505374585513895,19.384454997703752,19000.000270635384,0.017358543088622058,21.284757063672924,0.005120235482254321,0.012849952715864699,10.605680891630048,9.856342521240403
0.8990000000000007,1.369467987974221,20.567174491939916,19.42054560475484,19000.000243571845,0.017371702415907964,21.28881897884235,0.005150127982580466,0.012867857326688992,10.607594000836038,9.855888397783396
0.9000000000000007,1.373983556928903,20.637675661870375,19.456636211805932,19000.00021921466,0.017386065494839675,21.29306082092225,0.005179985271075993,0.012885489321722121,10.60956810539393,9.855412147171652
0.9010000000000007,1.378505897037953,20.704276994129618,19.491777066039887,19000.000197293193,0.017399659057005135,21.297324846334064,0.005210269671907575,0.012903202907070144,10.611568671326758,9.854934012660738
0.9020000000000007,1.382866482979299,20.767863987960492,19.527867673090974,19000.000177563874,0.017412369439130382,21.301438948152306,0.005240548880719287,0.012921421591247484,10.613503878233175,9.854473928309773
0.9030000000000007,1.387402169147483,20.838325983124065,19.563958280142067,19000.00015980749,0.017426254503210947,21.305701134804377,0.0052709147060266415,0.012938851051873701,10.615487987713635,9.853995879107298
0.9040000000000007,1.391944651206425,20.905449698917625,19.599099134376022,19000.00014382674,0.017439428714462413,21.30998330907556,0.00530176147496958,0.012956144533182723,10.617495754992255,9.853516077550532
0.9050000000000007,1.396324746380974,20.96936318211568,19.635189741427112,19000.000129444066,0.017451592733702503,21.31411569296093,0.005332663225973477,0.012973808304575896,10.619438858959324,9.853054320932813
0.9060000000000007,1.400880623293126,21.040125570792988,19.671280348478202,19000.00011649966,0.01746477341618924,21.31839694826317,0.005363661842624046,0.012990723318155095,10.621431578225032,9.852574449109056
0.9070000000000007,1.405443320914807,21.107537471193886,19.706421202712157,19000.000104849696,0.017477110225623593,21.322698264440078,0.00539510650852032,0.01300755036950657,10.623448045064293,9.852092814199722
0.9080000000000007,1.409842996752813,21.17173071487428,19.742511809763247,19000.00009436473,0.017488352483581604,21.326849187939597,0.0054265489631066255,0.013024760559819881,10.625399558272068,9.851629284548306
0.9090000000000007,1.41441913818435,21.242801242739485,19.778602416814337,19000.000084928255,0.01750058063395854,21.331149557436795,0.0054580274065486045,0.013041213447259725,10.627400884764945,9.851147511932343
0.9100000000000007,1.419002125226831,21.310507255930517,19.813743271048292,19000.00007643543,0.017511961649408714,21.335470067478134,0.005489897558875356,0.013057567037367324,10.629426055410427,9.850663961466784
0.9110000000000007,1.423421453396728,21.374981584976794,19.849833878099382,19000.000068791887,0.017522276561846184,21.33963959763932,0.0055217286780623875,0.013074304509394397,10.631386034656888,9.850198585445963
0.9120000000000007,1.428017933368796,21.44636090953302,19.885924485150465,19000.0000619127,0.017533632307544955,21.343959152763325,0.005553581414359632,0.013090295311777245,10.633396029449951,9.849714861968215
0.9130000000000007,1.432661487442202,21.515295525148552,19.92106533938443,19000.00005572143,0.017544386266218348,21.34833547459466,0.005585876110358656,0.01310625025105544,10.635445574803073,9.849224990301153
0.9140000000000007,1.437100573617229,21.57944542938088,19.957155946435517,19000.000050149287,0.017553860749204786,21.352526111578328,0.005618192550816248,0.013122748361447778,10.637417940850446,9.848757644207872
0.9150000000000007,1.441717501105463,21.651352833045486,19.993246553486607,19000.00004513436,0.017564565810364585,21.356864102317825,0.0056505258546515336,0.013138454863901472,10.639435485281382,9.848272148590219
0.9160000000000007,1.446341324286377,21.719715028886803,20.029337160537697,19000.000040620922,0.017574463941826823,21.36122298920435,0.005683302293625292,0.013153871629278446,10.641477511662558,9.84778486312618
0.9170000000000007,1.45101239310672,21.7896813734397,20.064478014771645,19000.00003655883,0.017584296284636536,21.36562286553403,0.005716333818502339,0.01316993460061927,10.643536942259301,9.847292719379272
0.9180000000000007,1.455477997202351,21.8544800632904,20.100568621822745,19000.00003290295,0.017592940846910377,21.369837548945032,0.005749436978488731,0.013185823586397971,10.6455180752219,9.846823319097778
0.9190000000000007,1.460122367773563,21.926820646470464,20.13665922887383,19000.000029612656,0.017602644638713583,21.374201361583218,0.005782594478699166,0.013200738279530833,10.647546920832088,9.84633539956856
0.9200000000000007,1.464814112759396,21.99650201491925,20.172749835924915,19000.000026651393,0.017611579926222976,21.378623080912654,0.005816217685421288,0.013215463130439364,10.649616594562243,9.845841213428535
0.9210000000000007,1.469472385442165,22.065317337004892,20.20789069015888,19000.000023986253,0.017619897092742864,21.383014768260573,0.00585003672465495,0.013230983217157877,10.651676084201807,9.845350860921629
0.9220000000000007,1.474005151128823,22.132267995648206,20.243981297209967,19000.000021587628,0.01762759055198493,21.387288239133273,0.0058838365576479035,0.01324619968618912,10.653679331154919,9.844874913685471
0.9230000000000007,1.478677133718638,22.20426258885255,20.28007190426106,19000.000019428866,0.017635920630138524,21.391681118618134,0.005917728308785064,0.013260436772710604,10.655724274767884,9.844384261767495
0.9240000000000007,1.483396663381946,22.274500055767366,20.316162511312147,19000.00001748598,0.017643606670348033,21.396128523864935,0.0059519951854575814,0.013274621351617888,10.657805333946742,9.843887574735907
0.9250000000000007,1.4880826159413,22.34377816865092,20.352253118363237,19000.000015737383,0.0176507251432933,21.400546155422873,0.0059864381460837945,0.013289457274197836,10.659876100084425,9.8433947400174
0.9260000000000007,1.492816202731011,22.415159394061032,20.388343725414327,19000.000014163645,0.017658063805104207,21.40500318049166,0.00602106199589908,0.013304190265256033,10.6619584034106,9.842897334419172
0.9270000000000007,1.497516159564988,22.48494470163838,20.42348457964828,19000.00001274728,0.01766492787860574,21.409432864878358,0.006055957647592147,0.01331857098081568,10.664032011737579,9.84240362534432
0.9280000000000007,1.502089511980272,22.552481157926465,20.459575186699375,19000.000011472555,0.017670973352027053,21.413744742116833,0.006090894412228209,0.013332454816281425,10.666052415234374,9.841924102618488
0.9290000000000007,1.506844037816189,22.626024150904275,20.49566579375046,19000.0000103253,0.017677719694838834,21.41821421963929,0.006125967723337844,0.013345561328957645,10.668131248231962,9.841425189464529
0.9300000000000007,1.511564854939783,22.695303032001508,20.53175640080155,19000.00000929277,0.017683277361972283,21.42266680477733,0.006161371083838574,0.013358836230105031,10.670218439893642,9.840929057905157
0.9310000000000007,1.516333523708076,22.766976107174614,20.56784700785264,19000.00000836349,0.01768885197809128,21.427157870654575,0.006196880227498591,0.013372688920564035,10.672317882816262,9.840428238921417
0.9320000000000007,1.521109294542844,22.838205667570676,20.60393761490373,19000.000007527142,0.01769421607259475,21.431657814626014,0.006232622381247888,0.013386433936608877,10.674422582522046,9.839926836317403
0.9330000000000007,1.525851277063945,22.908756458487808,20.63907846913769,19000.00000677443,0.017699227008218854,21.436126646857133,0.006268561036811449,0.013399950820263351,10.676513634858175,9.839429395717108
0.9340000000000007,1.530465548858219,22.976943654882575,20.675169076188777,19000.000006096987,0.01770345466822043,21.44047701040686,0.006304526248472442,0.013412799178892543,10.678550957979773,9.838946275287784
0.9350000000000007,1.535262412409456,23.05112942104792,20.711259683239867,18600.000005487287,0.017708380255761103,21.444986427486704,0.006340624033417064,0.01342484503877367,10.680647687791435,9.838443506984941
0.9360000000000007,1.540066412604797,22.6981838049934,20.747350290290957,18240.00000493856,0.017696346379978578,21.450108627885264,0.006363786056359733,0.013506982923518984,10.683807051447424,9.837695959144412
0.9370000000000007,1.544877558187037,22.350469040575845,20.783440897342047,17916.000004444704,0.017675581450614652,21.455328791688373,0.006357533013714722,0.01363635173995309,10.687177084903745,9.83694557838388
0.9380000000000007,1.549654783057619,22.05160844377633,20.819531504393137,17624.400004000236,0.01767404043290738,21.460423381945105,0.006330641467488296,0.013769958944849059,10.690361061034084,9.83620776226911
0.9390000000000007,1.554480210250665,21.792810805441214,20.855622111444227,17361.960003600212,0.017690824243148273,21.465497184807123,0.006292344417607509,0.013892001183219982,10.693423688484302,9.835476932553188
0.9400000000000007,1.559312809087103,21.56350162387239,20.891712718495317,17125.76400324019,0.017717306351758166,21.470541454524284,0.006251327750952662,0.014004670705659195,10.696415846579061,9.834759383649399
0.9410000000000007,1.564152588348851,21.36148781718399,20.927803325546407,16913.187602916172,0.01774764883822816,21.47555593255646,0.006215655641884255,0.014108942633489607,10.69934430968457,9.834058489142805
0.9420000000000007,1.568999556827644,21.1844623579162,20.963893932597493,16721.868842624557,0.01777736784545625,21.480541860411755,0.006191798835967377,0.01420358814655348,10.702209261199188,9.833376481788566
0.9430000000000007,1.57385372332504,21.030115176342413,20.99903478683145,16549.681958362104,0.01780274544898125,21.485501432639563,0.00618355766784312,0.014288078009101923,10.705013741958524,9.832713680181852
0.9440000000000007,1.578537094422945,20.89245438251002,21.03512539388254,16394.71376252589,0.01782043706328207,21.49027523487544,0.006191634963461035,0.01436266720467616,10.707693286443309,9.8320887309432
0.9450000000000007,1.583405450291921,20.77992505357188,21.07121600093363,16255.242386273303,0.017831385652687215,21.495177364302172,0.006214349106248129,0.014428028825523909,10.71037172741141,9.831460816716246
0.9460000000000007,1.588322388587182,20.681439109410228,21.10730660798472,16129.718147645974,0.017834175037880984,21.500113111419,0.0062487501756789965,0.01448614188802888,10.713044128431976,9.830841006280801
0.9470000000000007,1.593205237396956,20.597297169835848,21.14339721503581,16016.746332881377,0.017830532394475074,21.50499381778019,0.006290390695043502,0.014539250625805022,10.715662079080055,9.830236885777335
0.9480000000000007,1.598095328141334,20.52808583855171,21.1794878220869,15915.07169959324,0.017823266415452177,21.5098539890634,0.006334985363841916,0.014587552631724121,10.718234519080283,9.829641703570779
0.9490000000000007,1.602992669680775,20.471217158000933,21.215578429137988,15823.564529633915,0.0178143976018878,21.51470092163878,0.006379044011210755,0.014631659412668085,10.720774453173917,9.829052572530886
0.9500000000000007,1.607897270885635,20.425535887358155,21.25166903618908,15741.208076670524,0.017805848864257345,21.51953619548409,0.006420013325289131,0.01467276561718267,10.723286812497893,9.828467569905756
0.9510000000000007,1.612850677532302,20.390919008213185,21.287759643240168,15667.087269003472,0.017799340190844948,21.524398821099826,0.0064565695900754005,0.014711833230874938,10.72579015705084,9.827880983723574
0.9520000000000007,1.617769860547732,20.36403492804208,21.32385025029126,15600.378542103124,0.017795314441739818,21.529217492692432,0.006488547267163081,0.014749522544931615,10.728259377561827,9.827301398255262
0.9530000000000007,1.622696329930043,20.346360512225058,21.359940857342348,15540.340687892813,0.01779448833951286,21.534024828912166,0.006516640892314518,0.014785987094846409,10.730702573682766,9.826724462376948
0.9540000000000007,1.627630094589315,20.33609826816089,21.39603146439344,15486.306619103532,0.017796359435271858,21.53882647444579,0.006542343268140405,0.014821068340510779,10.733127869517316,9.826150141940191
0.9550000000000007,1.632612843843323,20.333469014573318,21.432122071444528,15437.67595719318,0.017800294176118725,21.543661186842666,0.0065674050287621855,0.01485491790878618,10.73555352775987,9.8255741640322
0.9560000000000007,1.637561261779358,20.33551701256588,21.468212678495618,15393.908361473863,0.0178048588603672,21.548456827236325,0.006593504165053943,0.014887471142628284,10.737952767832704,9.825006178026328
0.9570000000000007,1.64255875414771,20.3448904928225,21.50430328554671,15354.517525326477,0.01780970255843667,21.553283586857518,0.006621940019373551,0.01491838680663321,10.740348591685501,9.82443754481701
0.9580000000000007,1.647521861244458,20.357682286581902,21.54039389259779,15319.065772793829,0.017813297327749222,21.558073746911685,0.006653672497058893,0.014947274839821834,10.742720880989364,9.8238772747352
0.9590000000000007,1.65253413277529,20.376708726872792,21.57648449964889,15287.159195514447,0.01781559121162468,21.56289718195247,0.00668898002473467,0.014974106198748394,10.74509324214306,9.823316201240207
0.9600000000000007,1.657511964996915,20.39822848335608,21.61257510669998,15258.443275963002,0.0178156115524154,21.567685617384893,0.006727763369967832,0.014998763829486506,10.747444811606853,9.8227629883141
0.9610000000000007,1.662539051818882,20.425160811004147,21.64866571375107,15232.598948366702,0.01781392543500493,21.572508832890154,0.006769388725402559,0.015021459159510697,10.74979893942964,9.822208094815602
0.9620000000000007,1.667531645209934,20.453839123044094,21.68475632080216,15209.339053530031,0.017810128953855586,21.577298333101634,0.0068131079646081005,0.015042284840032283,10.75213470294618,9.821659957076022
0.9630000000000007,1.672573583532374,20.48725506621331,21.720846927853245,15188.40514817703,0.01780523748888818,21.582123893688916,0.00685795463461325,0.015061619364315493,10.754475391915026,9.82110889973331
0.9640000000000007,1.677622979309639,20.522669558702237,21.75693753490434,15169.564633359327,0.017799300092451953,21.586954988784505,0.006903197843902975,0.01507970641324552,10.75681614202863,9.820558739251918
0.9650000000000007,1.682637800331069,20.55989862207209,21.793028141955425,15152.608170023394,0.017792773160786313,21.59174970564034,0.006948096007643734,0.015096966775029086,10.759136051564267,9.820013915192003
0.9660000000000007,1.687702102105715,20.600996916328775,21.82911874900652,15137.347353021054,0.017786582142897633,21.596582382754818,0.006992221988064651,0.015113390116425207,10.761463406878672,9.819464827948064
0.9670000000000007,1.69277388867613,20.643315296666913,21.865209356057605,15123.612617718949,0.017780500715184777,21.601422222287578,0.00703552377409794,0.015129252215148825,10.763793954350225,9.81891560018965
0.9680000000000007,1.69781101897591,20.686794131766906,21.9012999631087,15111.251355947054,0.017774645481885065,21.60622683542376,0.007077984660662895,0.015144874733826197,10.766105911416389,9.81837110678838
0.9690000000000007,1.702897766223283,20.733567229672882,21.937390570159785,15100.12622035235,0.01776953880718629,21.611070580145405,0.007119842393990383,0.01516004745774624,10.768427075413783,9.817822084274564
0.9700000000000008,1.707992025698967,20.78103501743533,21.973481177210875,15090.113598317115,0.01776454905382241,21.615922497188727,0.007161558842356641,0.015174833163544621,10.77075291272916,9.81727294500093
0.9710000000000008,1.713093806578009,20.83005594529148,22.009571784261965,15081.102238485404,0.017759634818413306,21.62077841532776,0.0072034666703427175,0.0151894304934036,10.773077703940208,9.81672401622299
0.9720000000000008,1.718203118045701,20.88043250476656,22.045662391313055,15072.992014636864,0.0177546127678318,21.625638887116573,0.007245922462199905,0.015203569079192014,10.77540123001355,9.816175437038355
0.9730000000000008,1.723319969297579,20.9319830260165,22.081752998364145,15065.692813173178,0.017749225043168615,21.630504433019194,0.007289200372902704,0.015217111633304303,10.777724440032939,9.815627196284945
0.9740000000000008,1.728402000709308,20.983721798549343,22.117843605415235,15059.123531855861,0.017743081065894895,21.63533679657766,0.007333412420121477,0.015229955539423135,10.78003145613674,9.815084009558424
0.9750000000000008,1.733533922610595,21.037943687478744,22.153934212466325,15053.211178670275,0.017736518429625314,21.640210254082344,0.00737856080835525,0.015242026068384429,10.782350506079975,9.814536421009176
0.9760000000000008,1.738673411912767,21.092177529028795,22.190024819517415,15047.890060803247,0.017728988730284778,21.64509326551656,0.007424654251749874,0.015253473722306676,10.784676222591152,9.813988780370178
0.9770000000000008,1.743820477852446,21.147364121942008,22.2261154265685,15043.101054722923,0.017720688851064592,21.64998145499246,0.007471478901253603,0.015264580576636988,10.787002554923117,9.813441209405356
0.9780000000000008,1.749017644882479,21.20423321448242,22.263155786436727,15038.790949250631,0.017711932428585875,21.65491392984074,0.007518888472806573,0.015275238586103634,10.789345666379075,9.812888866325565
0.9790000000000008,1.754366272267667,21.264080545304218,22.299246393487817,15034.911854325568,0.017703097663534173,21.659986167081044,0.007566895163141407,0.015285744752918828,10.791750403674957,9.812320150905407
0.9800000000000008,1.759536404056187,21.31874406833413,22.335337000538907,15031.420668893012,0.017692667183457522,21.664904328495773,0.0076153446066652974,0.015296307570579648,10.794099837364655,9.811771897880362
0.9810000000000008,1.764714149845289,21.37765192390612,22.371427607589997,15028.278602003711,0.017682691693510888,21.66981238840704,0.00766377234894966,0.015306180365627309,10.796425112354889,9.81122416190648
0.9820000000000008,1.769899518923557,21.436357014608337,22.407518214641087,15025.45074180334,0.017672360381903784,21.674730057679444,0.0077123274656359375,0.015314575602143943,10.798754637274946,9.810675768242826
0.9830000000000008,1.77509252058993,21.495202982321615,22.443608821692177,15022.905667623007,0.017661451601469702,21.679655733873435,0.00776090651859046,0.015322593056087908,10.80109016775501,9.810126491020728
0.9840000000000008,1.78029316415372,21.554462866694386,22.479699428743267,15020.615100860707,0.017650108073550774,21.6845881146672,0.007809426578813616,0.015330613088483658,10.803428591120685,9.809576591957383
0.9850000000000008,1.78554423248658,21.61502880443665,22.515790035794357,15018.553590774636,0.01763862188431109,21.689565937658536,0.007857926356776568,0.015338679034740066,10.80578561991411,9.809021350665665
0.9860000000000008,1.790760224710409,21.67444680513387,22.551880642845443,15016.698231697173,0.017626573154299052,21.69451453828187,0.007906489589808607,0.015346755873183737,10.808133263262413,9.808470286669715
0.9870000000000008,1.795983886853744,21.735090985752382,22.587971249896537,15015.028408527456,0.01761448030984608,21.699466009455787,0.007955124968689331,0.015354622746737323,10.810477402852792,9.807918887059563
0.9880000000000008,1.801258112602199,21.796786673409734,22.624061856947623,15013.525567674711,0.017602319518534082,21.70446397696187,0.008004033265767985,0.015362032889853494,10.812841049182257,9.807362148700124
0.9890000000000008,1.806497179639054,21.857171154970942,22.660152463998717,15012.17301090724,0.017589503782617644,21.709433176036423,0.008053321017096104,0.01536924270280482,10.815196466089553,9.80680961990896
0.9900000000000008,1.811743944711393,21.918709940380346,22.696243071049803,15010.955709816515,0.01757650418554013,21.714405421182207,0.008102954202209578,0.015376194119845255,10.817548686581343,9.806256829097538
0.9910000000000008,1.817041412605819,21.981246923445315,22.732333678100897,15009.860138834863,0.01756328230682469,21.719424384188578,0.008153057201648717,0.01538269120279584,10.819920528303273,9.805698744626433
0.9920000000000008,1.822303638993485,22.04241524320277,22.768424285151983,15008.874124951377,0.017549262906362273,21.724414612684335,0.00820364477346286,0.015388995849198395,10.822284223149778,9.80514489809808
0.9930000000000008,1.827616661237346,22.10557275521665,22.80546464502021,15007.986712456239,0.017535125693785347,21.729447154229526,0.00825463301234608,0.015395103520518816,10.824661498317642,9.804585918432638
0.9940000000000008,1.833084427381906,22.17115370876309,22.8415552520713,15007.188041210615,0.017520979222261035,21.734624041633932,0.0083062279977415,0.015401074656432423,10.827103554339462,9.804009867609302
0.9950000000000008,1.838413290844926,22.231832270943496,22.87764585912238,15006.469237089554,0.0175053012947477,21.739684176434977,0.008358415882756043,0.015407295097999318,10.829507953182022,9.803449702288091
0.9960000000000008,1.843749983576824,22.295795572670052,22.91373646617348,15005.822313380599,0.017489832240177028,21.744737756204113,0.008410863260137458,0.015413135306561632,10.831893869238097,9.802889759666739
0.9970000000000008,1.849051295731438,22.358552844629568,22.949827073224565,15005.24008204254,0.017473717169613934,21.749761548615712,0.008463664286084915,0.015417645507941002,10.834267114019777,9.802334045261814
0.9980000000000008,1.854403638356971,22.422768016652654,22.98591768027566,15004.716073838286,0.017457206113675683,21.754830110233343,0.008516703620515709,0.015421589414907344,10.836658298273859,9.80177264095271
0.9990000000000008,1.859763838876697,22.486234757433913,23.022008287326745,15004.244466454458,0.017439891377103056,21.759910084833358,0.008569952814261927,0.015425421077797541,10.839059312201837,9.80121035939675
1.0000000000000007,1.865088575538934,22.54914084305247,23.05809889437784,15003.820019809013,0.017421897840317002,21.76495727692805,0.008623250306216412,0.015429360251729085,10.841446260605071,9.800652328340993
1.0010000000000006,1.870377745797518,22.612057702358825,23.094189501428925,15003.438017828112,0.017403519089516206,21.7699690009972,0.008676483557392922,0.015432965496004758,10.843813833937716,9.800098609652
1.0020000000000004,1.87571805914636,22.676453784704933,23.130280108480015,15003.094216045301,0.017385099456016795,21.775025434596262,0.008729690751266617,0.015436071927844852,10.846197613740937,9.7995392206656
1.0030000000000003,1.881066193768961,22.74001545112158,23.166370715531105,15002.784794440771,0.017366157299909535,21.78009356253493,0.008782983521554488,0.015439046446201976,10.848591772140056,9.798978844912261
1.0040000000000002,1.88642215918486,22.80386153150853,23.202461322582195,15002.506314996694,0.017346954920121227,21.785168394063447,0.008836363653029755,0.01544218426361671,10.850988984785552,9.798417814586061
1.0050000000000001,1.891742446391735,22.867031401647566,23.238551929633285,15002.255683497024,0.01732740927643822,21.790210666792497,0.008889878575517707,0.015445158207021858,10.853371700006926,9.797861131772557
1.006,1.897114064456921,22.931897254293002,23.27559228950151,15002.030115147321,0.01730797136876233,21.79529682909184,0.008943609806270902,0.0154477915640589,10.85576941163968,9.7972989931579
1.007,1.902686838543379,22.9999475578198,23.3116828965526,15001.82710363259,0.0172888373884742,21.8005701442106,0.008997910528397324,0.015450445160298643,10.858251236798857,9.796714357523804
1.0079999999999998,1.908074436674722,23.06134574504287,23.34777350360369,15001.644393269331,0.017267950789732534,21.805688012288627,0.009052875440368813,0.015453574477888754,10.860683083615767,9.796150862434516
1.0089999999999997,1.91346991361436,23.12691854373698,23.38386411065478,15001.479953942398,0.017247557824008386,21.81079521146065,0.009108178480182638,0.015456381868230173,10.863090098206833,9.795587731602811
1.0099999999999996,1.91887327894591,23.191943948763146,23.419954717705867,15001.331958548159,0.017226704079357447,21.815912794005516,0.009164047852793566,0.01545765641924246,10.865501609363886,9.795023980487455
1.0109999999999995,1.924284542263653,23.256736576042698,23.456045324756957,15001.198762693342,0.017205029883838596,21.821039389298008,0.009220391638745606,0.015458433493919954,10.86792031298744,9.794459311019079
1.0119999999999993,1.929703713172556,23.321606997129468,23.492135931808047,15001.078886424008,0.017182621161423217,21.826173617630186,0.009277063780240957,0.015459105888239344,10.870343081634665,9.793893984132566
1.0129999999999992,1.93513080128828,23.38661024892112,23.528226538859137,15000.970997781607,0.017159589257178032,21.831315238750395,0.009333948777132783,0.01545969490582677,10.872768918805132,9.79332804140214
1.0139999999999991,1.940565816237191,23.451730643949404,23.564317145910227,15000.873898003447,0.017136032280957725,21.836464327622274,0.00939097263414318,0.015460145001266634,10.87519797233125,9.792761421037714
1.014999999999999,1.94600876765637,23.516957598361245,23.60040775296131,15000.786508203102,0.017112040817947816,21.841620936440627,0.009448102645111534,0.015460397504058476,10.877630409489553,9.792194094375125
1.015999999999999,1.951459665193624,23.582289066944114,23.636498360012407,15000.707857382793,0.017087684831436967,21.846785079903462,0.00950534158236166,0.015460419898078115,10.88006626676701,9.79162606798462
1.0169999999999988,1.956918518507504,23.647724643282007,23.672588967063497,15000.637071644514,0.017063006325090557,21.851956765991453,0.009562719850462253,0.015460207331574383,10.88250553835454,9.791057361550617
1.0179999999999987,1.962385337267307,23.71326351427552,23.708679574114587,15000.573364480064,0.017038021138127468,21.85713600496705,0.009620286259040656,0.015459766590073587,10.884948216521462,9.790487998707372
1.0189999999999986,1.967860131153093,23.77890470044886,23.744770181165677,15000.516028032058,0.017012723390807172,21.862322808216526,0.009678097509022543,0.01545910191665989,10.887394295162661,9.789918004284807
1.0199999999999985,1.973342909855694,23.844647319822343,23.780860788216767,15000.464425228853,0.016987090074551958,21.86751718704386,0.009736208074202224,0.015458210083136248,10.8898437688145,9.78934740178324
1.0209999999999984,1.978877807125186,23.911395170160027,23.817901148084992,15000.417982705967,0.01696125737471077,21.872759264494835,0.00979470657560838,0.015457145137487027,10.892313673847775,9.788771237980594
1.0219999999999982,1.984573734909687,23.980702241255628,23.85399175513608,15000.37618443537,0.01693545049214784,21.87815108589358,0.00985383884672536,0.015456219384102132,10.894850982704043,9.788177262781854
1.0229999999999981,1.990080820546647,24.04395343124723,23.890082362187172,15000.338565991833,0.016907927209982077,21.88338105546944,0.009913620231735976,0.015455476811196689,10.897331417599501,9.787605132446682
1.023999999999998,1.995640169532501,24.1121188381266,23.92617296923826,15000.30470939265,0.016880933572513857,21.888641409041902,0.009973789419013057,0.01545415959728752,10.899804952325145,9.787028140741477
1.024999999999998,2.001163351107143,24.178033760725704,23.962263576289352,15000.274238453387,0.016852989906801064,21.89387562333065,0.010034522825160486,0.01545139468883372,10.902272015018172,9.786455374849963
1.0259999999999978,2.006738891917979,24.245511972556084,23.99835418334044,15000.246814608048,0.01682451537186408,21.899155277851627,0.010095650984195015,0.015448279500428541,10.90475747863237,9.785876772272438
1.0269999999999977,2.012278208586268,24.31131738166585,24.034444790391532,15000.222133147243,0.01679498049713113,21.904406182473878,0.010157076120392294,0.015444986775248526,10.907235206060333,9.785302448423991
1.0279999999999976,2.017825588382645,24.378080844083048,24.07053539744262,15000.19991983252,0.016765006569999685,21.909660906993032,0.010218600886724383,0.015441628604549396,10.909710742745776,9.78472752002004
1.0289999999999975,2.02342547155847,24.445699649135115,24.1066260044937,15000.179927849267,0.01673471837338386,21.914964367590436,0.01028024583018311,0.015438016366367546,10.912207246943158,9.784146810255042
1.0299999999999974,2.028989045313009,24.511748205547292,24.1427166115448,15000.161935064341,0.016703673691451704,21.920238538433395,0.010342000693597253,0.015434351468855079,10.914695867102179,9.783570312140755
1.0309999999999973,2.034605218773132,24.579715887690238,24.17880721859589,15000.145741557908,0.016672667499863902,21.925556799442084,0.010403848729236498,0.015430601221492368,10.917199093751398,9.782988204879487
1.0319999999999971,2.04022957139686,24.64694753576884,24.21489782564698,15000.131167402118,0.016641221529351435,21.930886552981026,0.010465946658277048,0.015426578055546591,10.919711053639432,9.782405403805868
1.032999999999997,2.045817529154932,24.713518964387102,24.25098843269807,15000.118050661906,0.016609300877961863,21.93618286681899,0.010528291955745228,0.015422406933410016,10.922208879035377,9.781827061071578
1.033999999999997,2.051458231454663,24.78185823241573,24.28707903974916,15000.106245595716,0.016577401175138284,21.94152408159565,0.01059095375803415,0.015417832807167187,10.924721645144164,9.781243158175949
1.0349999999999968,2.057107142713096,24.849380179624188,24.32316964680025,15000.095621036146,0.0165449034086938,21.946877179255917,0.010654072567444384,0.015412919074106468,10.927244007675599,9.78065857094345
1.0359999999999967,2.06271957346247,24.916232296958682,24.359260253851335,15000.086058932531,0.016511758997317327,21.952196793085168,0.010717593383224977,0.015407873354094381,10.929752331100254,9.780078512694972
1.0369999999999966,2.068384893986984,24.98486183703706,24.39535086090243,15000.07745303928,0.01647847468997027,21.957561410285656,0.010781522088577633,0.015402436643476514,10.932275550778394,9.77949291937892
1.0379999999999965,2.074058453364769,25.05267326865324,24.431441467953515,15000.06970773535,0.01644445446466375,21.96293794299672,0.010845934772587107,0.015396654881079108,10.93480834471851,9.77890665618222
1.0389999999999964,2.079740261593934,25.120731830280295,24.46753207500461,15000.062736961816,0.016409857905846204,21.96832165552813,0.010910769827252698,0.015390790816300903,10.937344373939503,9.77831985827887
1.0399999999999963,2.08543032868371,25.188963963242728,24.503622682055695,15000.056463265635,0.01637473424218361,21.97371287845487,0.010976010328750951,0.015384617646444776,10.939883045014774,9.777732576244206
1.0409999999999962,2.091128664654458,25.257300199298292,24.53971328910679,15000.050816939072,0.01633905604767527,21.9791119311726,0.011041638578625945,0.015378067851838706,10.94242505625315,9.777144725325483
1.041999999999996,2.096835279537677,25.325728015911153,24.575803896157876,15000.045735245165,0.01630281388629007,21.98451887922593,0.01110762922610875,0.015371157166500227,10.944970644675628,9.776556273744564
1.042999999999996,2.102505213345169,25.393327996796412,24.611894503208966,15000.041161720648,0.0162658507705985,21.98989283753255,0.011173907520643622,0.015363848413455505,10.947502428993271,9.7759722965948
1.0439999999999958,2.108228377402077,25.462638714133554,24.647985110260056,15000.037045548585,0.01622869034011004,21.995312436654554,0.011240435674876204,0.015356139677322744,10.950050112921321,9.775382572528418
1.0449999999999957,2.11395985049947,25.53111794764756,24.684075717311146,15000.033340993727,0.016190825251778285,22.000744078900606,0.011307268624095479,0.015348171632325103,10.952607631893782,9.774792094231978
1.0459999999999956,2.119744729215927,25.600775425360535,24.720166324362236,15000.030006894354,0.016152651095838688,22.006223929537256,0.011374411395651596,0.015340282083856516,10.95518580210376,9.774195917970632
1.0469999999999955,2.125492889524813,25.668990468111748,24.75625693141332,15000.027006204919,0.01611374282437683,22.01167350256348,0.011441903952488286,0.015332254791668998,10.957754237008787,9.773604358817256
1.0479999999999954,2.131249389169817,25.738240737162286,24.792347538464416,15000.024305584428,0.016074605732877834,22.017126820289675,0.011509715308771373,0.015323879902341908,10.960319749338657,9.77301232879288
1.0489999999999953,2.137014238260763,25.807425609872574,24.828438145515506,15000.021875025985,0.016034999662306426,22.02258879463219,0.011577913604180867,0.015314892394773627,10.962889185287537,9.772419672457215
1.0499999999999952,2.142787446918711,25.876625839491684,24.864528752566585,15000.019687523387,0.015994833142977005,22.028059083145205,0.011646497483142393,0.015305554164141644,10.96546310366714,9.771826341743697
1.050999999999995,2.148569025275967,25.945915581735733,24.900619359617686,15000.017718771049,0.01595411702770333,22.03353736565505,0.011715450309282949,0.015295967572415192,10.968040749034973,9.77123241218373
1.051999999999995,2.154404303827413,26.016237796016366,24.936709966668772,15000.015946893944,0.015913030650244075,22.0390647940454,0.011784806782710655,0.015286209204398882,10.970639386936597,9.770632767017787
1.0529999999999948,2.160202691117833,26.08503169890345,24.972800573719866,15000.01435220455,0.01587107690987949,22.044562153293626,0.011854569762091927,0.015276286711592757,10.973229087184711,9.770037714487303
1.0539999999999947,2.166009478605814,26.15485888896114,25.008891180770952,15000.012916984095,0.015828800333921977,22.05006332710706,0.01192466691110633,0.015266059027375656,10.97581602598898,9.769442172526011
1.0549999999999946,2.171870114199006,26.22555769372355,25.044981787822046,15000.011625285686,0.015786162029900186,22.055614504186536,0.011995180822897356,0.0152553196636675,10.978424398202625,9.768840857676299
1.0559999999999945,2.177693771819582,26.294641906084095,25.080122642056,15000.010462757118,0.015742593722781306,22.06113590900685,0.012066101257742046,0.01524433840577627,10.981024752222798,9.768244063511178
1.0569999999999944,2.183319574411843,26.36052127495793,25.116213249107087,15000.009416481407,0.015697924724255075,22.06647365025572,0.012137110211096314,0.015232773458106363,10.983542867583079,9.767670107190213
1.0579999999999943,2.18920539049628,26.434688006130877,25.15230385615818,15000.008474833267,0.015654445435770326,22.072034571358703,0.012208224488121477,0.015220335037058164,10.98613914188866,9.767066669705509
1.0589999999999942,2.195054142419173,26.50297617148654,25.188394463209267,15000.00762734994,0.015609165455802376,22.077584651443388,0.01227972352352713,0.015207820257303495,10.988756124199533,9.766467264465064
1.059999999999994,2.200956988535486,26.57395053060876,25.22448507026036,15000.006864614947,0.01556379578151601,22.083176933704326,0.01235142390487437,0.015196435620579707,10.991386763493638,9.765862278758902
1.060999999999994,2.206822712448205,26.643593064402616,25.260575677311447,15000.006178153451,0.01551793524733519,22.088738030678247,0.012423479725098663,0.015184780668058617,10.994004602110813,9.765262313822962
1.0619999999999938,2.212742629848534,26.715170945246683,25.296666284362537,15000.005560338106,0.015472065602101237,22.094344740508873,0.012495998948932607,0.015172621599578606,10.99663740825019,9.764656665040803
1.0629999999999937,2.218671118104157,26.785952654863404,25.332756891413627,15000.005004304296,0.01542550963193573,22.099963594753337,0.012569150397777562,0.015159838865243302,10.999279648820053,9.764050497601026
1.0639999999999936,2.224562396941428,26.856048927671964,25.36884749846471,15000.004503873866,0.01537815766794104,22.10554829927195,0.012642892368820768,0.015146649216118913,11.001907508166365,9.763449098851233
1.0649999999999935,2.230508018565242,26.9279653506965,25.404938105515807,15000.00405348648,0.015330478932154445,22.111179272916075,0.012717218317629286,0.015132893292112926,11.00455072131002,9.762842053448866
1.0659999999999934,2.236462242189199,26.99904090559215,25.440078959749762,15000.003648137832,0.015281852070904378,22.116822622430096,0.012792156504972285,0.015118690226506859,11.007203745035948,9.76223443922521
1.0669999999999933,2.242170194089672,27.065137628822775,25.476169566800852,15000.00328332405,0.015231566510989225,22.122241776432553,0.012867320403852744,0.0151039594622977,11.009761708964799,9.761655205607429
1.0679999999999932,2.248141341513215,27.1405711729709,25.512260173851942,15000.002954991645,0.015182545503914069,22.127882623725515,0.012942597595148986,0.015088393862688676,11.012392585929026,9.761046096147798
1.068999999999993,2.254121121872071,27.21084185971758,25.548350780903032,15000.00265949248,0.0151317800893907,22.133555150263625,0.013018270502980156,0.015072589852620999,11.015062420292043,9.760435901741445
1.069999999999993,2.260109545616664,27.28209481044738,25.584441387954122,15000.002393543233,0.015080490570320126,22.139232010429307,0.013094124622557657,0.015058025098028838,11.017734290717549,9.759825241868072
1.0709999999999928,2.266106623209013,27.35389416996037,25.620531995005212,15000.00215418891,0.015029060523988114,22.14491511300516,0.013170269062479423,0.015043308607628036,11.020404811951297,9.759214482236164
1.0719999999999927,2.272112365122759,27.425835681083093,25.655672849239167,15000.001938770018,0.014977302416064209,22.150606269206328,0.013246851657695347,0.015027955380400027,11.023078022311449,9.758603218652523
1.0729999999999926,2.277916179471277,27.493523132414374,25.691763456290257,15000.001744893016,0.01492431022354579,22.156114355982766,0.013323729676607776,0.015011633165344873,11.025673915890568,9.758015279367454
1.0739999999999925,2.283939007758557,27.56886900655526,25.727854063341347,15000.001570403714,0.014872310307563863,22.161807423663962,0.013400909496589675,0.01499437557071609,11.028331647871365,9.75740247782129
1.0749999999999924,2.289970531542442,27.63995904919209,25.763944670392437,15000.001413363343,0.01481872852131233,22.16752818569842,0.01347865316217195,0.014976820399317359,11.031022309895514,9.756788816894307
1.0759999999999923,2.296010761342826,27.711884250975274,25.800035277443527,15000.00127202701,0.014764516116335558,22.173253992784314,0.01355680171134771,0.014960231947152569,11.03371521332624,9.756174768296692
1.0769999999999922,2.302059707691283,27.78428054204534,25.836125884494617,14800.00114482431,0.014709950957559226,22.178986441158,0.013635430267316728,0.014943456555104817,11.036407584840958,9.755560614960316
1.077999999999992,2.308117381131074,27.53344908826199,25.871266738728572,14620.001030341879,0.014637609165156273,22.185311131666516,0.013709287904770884,0.014985187043721815,11.039994391618388,9.754720872002977
1.078999999999992,2.313971551125197,27.27770954359082,25.907357345779662,14458.00092730769,0.01455559399816353,22.191540558078547,0.013764147449496833,0.01506907063836016,11.043716931275464,9.753912981795306
1.0799999999999919,2.320046434798562,27.06925691696068,25.943447952830752,14312.20083457692,0.0144961701129106,22.197858610326264,0.013810600579382326,0.015153839399397684,11.047343338883662,9.753090687374032
1.0809999999999917,2.326130076945736,26.88738482240105,25.979538559881842,14180.980751119228,0.014456113681114213,22.204137227976084,0.013855582393289823,0.015224310079546999,11.050864650191755,9.752283777275112
1.0819999999999916,2.332268991851234,26.730985940300265,26.0146794141158,14062.882676007306,0.014428419269075787,22.21041993587565,0.013904025063166237,0.01528645793900174,11.05432903528164,9.7514879258366
1.0829999999999915,2.338156884760271,26.590131870472696,26.050770021166887,13956.594408406576,0.014406361615942276,22.21643872654756,0.013960037962914618,0.0153415483199012,11.057638349380213,9.75073960578884
1.0839999999999914,2.344266629173055,26.477163192373887,26.086860628217977,13860.934967565918,0.01438815948041361,22.222603648001108,0.014026336293579966,0.015388777194721481,11.060942900904944,9.74998426260088
1.0849999999999913,2.350431797285684,26.37812727922748,26.122951235269067,13774.841470809326,0.01436673152750556,22.228806848976834,0.01410418904238303,0.015427887396406548,11.064244113040669,9.749239776768935
1.0859999999999912,2.356559193789907,26.29399289207044,26.158092089503022,13697.357323728394,0.014338831618454007,22.234945760386417,0.014192525522051525,0.015460590330851953,11.067484834154707,9.74851518501795
1.086999999999991,2.362527674622842,26.22228444160672,26.194182696554115,13627.621591355555,0.014302440101813363,22.24090620385684,0.014288956267967556,0.015485838717976042,11.070606745305216,9.747822466802242
1.087999999999991,2.368672487791039,26.169355242160822,26.230273303605202,13564.85943222,0.01425812816491584,22.246989900450174,0.014390628245247672,0.01550341150100254,11.07373411034462,9.747120272757316
1.0889999999999909,2.374872927037295,26.12552032527951,26.265414157839153,13508.373488998,0.014204209894209452,22.253117709732898,0.01449483222884368,0.015514589999566453,11.07687109602243,9.7464204083759
1.0899999999999908,2.380820208096666,26.08701974561137,26.30150476489025,13457.5361400982,0.01414168529967208,22.258995230461778,0.014598533663032653,0.015521120954930134,11.079882638634604,9.745756764088414
1.0909999999999906,2.38703820633276,26.06783973121029,26.337595371941337,13411.78252608838,0.014075974809994007,22.265077986311855,0.014699608388135721,0.015523070167315967,11.08293271263708,9.745067572029933
1.0919999999999905,2.3932182570048,26.051139031732042,26.37273622617529,13370.604273479543,0.014005851992643092,22.27113371536761,0.014797217914377159,0.015521185893303202,11.0859780777955,9.744387128471239
1.0929999999999904,2.399238035888526,26.040590885461555,26.408826833226385,13333.543846131588,0.013934412997609946,22.277020544656004,0.014890519233286603,0.015517743498325631,11.088931669377953,9.743728705383289
1.0939999999999903,2.405482611871985,26.044164017613603,26.444917440277468,13300.18946151843,0.01386556072335654,22.28308395518966,0.014979859011434948,0.015512259823023233,11.091926120497783,9.743047885795022
1.0949999999999902,2.411689152027182,26.048986453666046,26.48005829451143,13270.170515366588,0.013797667073944031,22.289119927128212,0.015066381354562508,0.015505517295636595,11.094916951297655,9.742374742372334
1.09599999999999,2.417734738169284,26.057830827044874,26.51614890156252,13243.153463829929,0.01373209002620096,22.29499077329055,0.01515088640856227,0.015498793973965863,11.097821266681,9.741723537797395
1.09699999999999,2.424005987381793,26.0788890513003,26.552239508613606,13218.838117446936,0.013670841065315298,22.30104292498185,0.01523470633888746,0.015491126259468802,11.100772500743577,9.741050046511155
1.0979999999999899,2.430286256626331,26.100405469541844,26.587380362847565,13196.954305702242,0.013610720811074173,22.307114014446803,0.015319377789307143,0.015482771344431046,11.10374319476129,9.74037941677439
1.0989999999999898,2.436310598531257,26.121887002420618,26.623470969898655,13177.258875132018,0.013551038742156352,22.312940165622987,0.01540545429954504,0.01547435821489579,11.106600540028413,9.73974228038396
1.0999999999999897,2.44260861676958,26.156854285024522,26.659561576949745,13159.532987618817,0.013493954040457778,22.318985876235068,0.01549353030392775,0.015464399207214041,11.10951409376489,9.739077504239381
1.1009999999999895,2.448915687399588,26.189901551814764,26.6947024311837,13143.579688856935,0.013434961564586012,22.325058619702723,0.015584329792554641,0.015452639226477272,11.112457877182157,9.73841552403207
1.1019999999999894,2.455013206558049,26.222774720216666,26.73079303823479,13129.221719971241,0.013373688722185972,22.330930586474185,0.015677404358071967,0.015440319467365793,11.115310367395166,9.73778120089006
1.1029999999999893,2.461338130739561,26.266588816419976,26.765933892468748,13116.299547974117,0.013312285055793238,22.33698519597272,0.015772435852729416,0.015425911238490853,11.118209122454678,9.737123949141317
1.1039999999999892,2.467452965295676,26.30434095257421,26.802024499519835,13104.669593176704,0.013246785451007215,22.342864969317695,0.015869104336412143,0.015408877825952072,11.121049889291443,9.736493612931696
1.104999999999989,2.473795785548647,26.352753242611698,26.83716535375379,13094.202633859035,0.013180446151686398,22.348927955374272,0.01596663865980008,0.015390798238535397,11.123944275569688,9.735838822384183
1.105999999999989,2.479927976797101,26.3949450919039,26.873255960804883,13084.78237047313,0.013110313020927189,22.35481513452305,0.016064647828823386,0.015370684540348123,11.126779140061467,9.735210581418123
1.1069999999999889,2.486288735734533,26.447469086437096,26.90934656785597,13076.304133425818,0.013040020817821685,22.360886539947117,0.016162510075912517,0.015349909681521445,11.129667926638797,9.734557155799862
1.1079999999999888,2.492706171101346,26.49849908697448,26.944487422089924,13068.673720083236,0.012967616448291086,22.367026079479157,0.016260381302692195,0.015327935203808096,11.132601374849685,9.733899059013222
1.1089999999999887,2.498864653576172,26.546006370179246,26.980578029141018,13061.806348074913,0.012893217422320247,22.372927272106143,0.0163578470380627,0.015305763693403862,11.135435020460609,9.733272183178734
1.1099999999999886,2.505252584841962,26.603971258130453,27.015718883374973,13055.625713267422,0.012820412276772553,22.379011615638696,0.016454875554587745,0.015282380843615273,11.138314733521964,9.7326198655655
1.1109999999999884,2.51142852802511,26.6543372416957,27.051809490426063,13050.06314194068,0.012745587124339985,22.38492327031821,0.01655175852081342,0.015257249242368986,11.141141334943374,9.731993050083297
1.1119999999999883,2.517882215668841,26.715097805132398,27.086950344660018,13045.056827746612,0.012672325137719265,22.39106606657272,0.016648503418428495,0.015232440948065806,11.144045594152436,9.731334630140584
1.1129999999999882,2.524075701243812,26.766856174657747,27.123040951711108,13040.55114497195,0.01259704587088134,22.396994076627582,0.016745444841927803,0.015206984983461957,11.146881093338289,9.730707873640338
1.113999999999988,2.530499808680017,26.82906077286688,27.158181805945066,13036.496030474756,0.01252364376459486,22.40310528820533,0.016842561125363142,0.015182018942713649,11.149767012764721,9.730055131218643
1.114999999999988,2.53675867010421,26.884468932616315,27.19332266017902,13032.846427427281,0.012448684473087668,22.409085705376057,0.016940275413264705,0.015155995758825869,11.152615415822481,9.729423030738312
1.115999999999988,2.542978387924322,26.943165838349188,27.229413267230107,13029.561784684553,0.012374027784753439,22.415013159776585,0.017038355528243232,0.015129885330004644,11.15542521554159,9.728795946042194
1.1169999999999878,2.549477519851987,27.008010031829404,27.264554121464066,13026.605606216097,0.012300079593026592,22.42119248687842,0.01713718086956828,0.015102880175218825,11.158335173301058,9.72813762630647
1.1179999999999877,2.555714884484596,27.063623438840104,27.300644728515156,13023.945045594488,0.012223322565619144,22.42715558485954,0.01723681202523264,0.01507570020296789,11.161180095255054,9.727510846843122
1.1189999999999876,2.562232335919367,27.13053850252049,27.335785582749104,13021.55054103504,0.01214797873336737,22.433346331448096,0.017337118732801804,0.015048941705127827,11.16409295420207,9.726852570789973
1.1199999999999875,2.568487389433594,27.18774459886035,27.371876189800194,13019.395486931537,0.012069847966846736,22.439322181005213,0.01743830064380103,0.015020676475801187,11.1669369466135,9.726226307861939
1.1209999999999873,2.575023203925503,27.2558231258849,27.407017044034156,13017.455938238383,0.011992738566181105,22.445528141069083,0.01754018343056657,0.01499231513624183,11.16985314289677,9.725567921068988
1.1219999999999872,2.581344105431735,27.31492751454997,27.44215789826811,13015.710344414545,0.011912728419841867,22.451562977545066,0.017642923465012672,0.01496247980498655,11.1727205451275,9.724935941342398
1.1229999999999871,2.58762565070655,27.377973886528455,27.478248505319204,13014.13930997309,0.011832484695557755,22.457540543308088,0.017745994097725037,0.014932281762007116,11.175543164079933,9.724308652926652
1.123999999999987,2.594188966431386,27.446714637662875,27.51338935955316,13012.725378975781,0.01175240132974592,22.46377361222551,0.017849609151298906,0.014900779188973257,11.178468027934144,9.723649485130476
1.124999999999987,2.600536545260104,27.50667030256695,27.548530213787114,13011.452841078204,0.011669301060708959,22.469833610747678,0.017953719797001277,0.014869173290384008,11.181347957155792,9.72301618235808
1.1259999999999868,2.606892956510601,27.571744633520755,27.5846208208382,13010.307556970383,0.011586572412481344,22.475878683678562,0.018057905040890998,0.014837895406769941,11.184198469010056,9.7223822187312
1.1269999999999867,2.613483912751247,27.64083672575286,27.619761675072162,13009.276801273345,0.011504074132918596,22.48213980775207,0.018162521387350805,0.014805528566739334,11.187137857285876,9.721721948965039
1.1279999999999866,2.619809942196029,27.701092203430502,27.65490252930611,13008.349121146011,0.011418993424372748,22.488178695000144,0.018267531827941608,0.014772993902095521,11.190006774907339,9.721093108031361
1.1289999999999865,2.62619315699919,27.767923859173578,27.690993136357203,13007.514209031411,0.01133491357239591,22.49424387045898,0.018372643776104147,0.014740367469197269,11.192859498291638,9.72045777904172
1.1299999999999863,2.63281181017248,27.837634078777395,27.726133990591162,13006.76278812827,0.011250891235408622,22.500531273091497,0.018478317741444095,0.014706574236592385,11.195809892156364,9.71979598547832
1.1309999999999862,2.639213069151471,27.899494178773416,27.761274844825113,13006.086509315443,0.01116442549747182,22.506639148286887,0.018584555740568554,0.014673056390507033,11.198708450882949,9.719160232429761
1.1319999999999861,2.645623223477257,27.966314739130816,27.796415699059068,13005.477858383898,0.01107861048737363,22.512732593607687,0.018691108044785798,0.014639615372446346,11.201576944543731,9.718523885589313
1.132999999999986,2.652042283576409,28.032642661714352,27.832506306110165,13004.930072545509,0.010992366111848673,22.518837601611224,0.018798123733640593,0.014604594045797281,11.204448794816301,9.71788709427188
1.133999999999986,2.658697976351764,28.103127700730084,27.86764716034412,13004.437065290958,0.010905964918824673,22.525159816938597,0.018905812026673463,0.014569517217568884,11.207416324154968,9.71722317009815
1.1349999999999858,2.665183815345246,28.166788559579917,27.902788014578068,13003.993358761863,0.010817264135900007,22.53134502242233,0.019014228690118984,0.014534769204424647,11.210347095890459,9.716580345534254
1.1359999999999857,2.671629983261345,28.233684706504924,27.93792886881203,13003.594022885678,0.010728703983278964,22.537475337072205,0.01912313335031912,0.014499996105032942,11.213234562918188,9.715942700503097
1.1369999999999856,2.678085099125104,28.301025626624764,27.973069723045985,13003.23462059711,0.010639766096546266,22.543612666301982,0.019232589457578053,0.014463513443831844,11.21611866072409,9.71530452987356
1.1379999999999855,2.684549173419765,28.367958792748844,28.009160330097078,13002.9111585374,0.010549860579575354,22.549761109539247,0.01934252371646633,0.014426163718556095,11.219011433062363,9.714665343110905
1.1389999999999854,2.691251379662091,28.43929843267866,28.044301184331033,13002.62004268366,0.010459750968831782,22.556126950567855,0.01945307898350085,0.014389034968396885,11.221998069680888,9.713999160327962
1.1399999999999852,2.697782545703463,28.503790695037253,28.079442038564988,13002.358038415294,0.010367328762657002,22.562354597920645,0.019564282816992795,0.014352258323208356,11.224946492457317,9.713354310439074
1.1409999999999851,2.704273887921195,28.571497772921873,28.114582892798943,13002.122234573764,0.010275055520162946,22.568527203421848,0.01967590677270875,0.01431544030644949,11.227851519142622,9.712714540688827
1.141999999999985,2.710823168198841,28.64054321949482,28.149723747032898,13001.910011116388,0.010182573473801415,22.57475148286839,0.019788085569093172,0.014276959591869476,11.23077223461219,9.712068550753207
1.142999999999985,2.71733256372656,28.70744740412306,28.184864601266856,13001.71901000475,0.010088796737207861,22.580946220229986,0.019900771304184883,0.01423765278832645,11.23368889581647,9.711427375998673
1.1439999999999848,2.723850981214923,28.775358376731198,28.22000545550081,13001.547109004276,0.009994476157906995,22.587145293428723,0.02001380362537586,0.014198183420468358,11.23660436445816,9.71078543767192
1.1449999999999847,2.730427491859368,28.844190510372343,28.256096062551897,13001.392398103848,0.009899692510636604,22.593398191123107,0.020127188988500855,0.014158478960587473,11.23954243925775,9.710137323657976
1.1459999999999846,2.737195226248702,28.915798227146524,28.29123691678586,13001.253158293463,0.00980458173480192,22.59982926780754,0.020241183019173492,0.014119144476654077,11.242560799636298,9.709467875502554
1.1469999999999845,2.743790249014125,28.98145278179326,28.326377771019814,13001.127842464117,0.009707538066995647,22.606116119171425,0.020355862000628777,0.014080072768217655,11.245533609565928,9.708819931726445
1.1479999999999844,2.750394418969827,29.051094819370817,28.361518625253762,13001.015058217705,0.00961086049468568,22.612393151905323,0.020471173439415236,0.014040567932505188,11.248482055013517,9.708171412622455
1.1489999999999843,2.756958520052576,29.11931499352383,28.396659479487724,13000.913552395934,0.009513373927504842,22.61863692872068,0.02058720779491119,0.013999199022654119,11.251415572622466,9.707528146018012
1.1499999999999841,2.763580975194851,29.189018796029305,28.43180033372168,13000.822197156342,0.0094152348815712,22.624932066121104,0.02070390090603552,0.013957005745264817,11.254370007133039,9.706878128992553
1.150999999999984,2.770212609666081,29.25777134672459,28.466941187955634,13000.739977440708,0.00931594178977907,22.63124099939052,0.020821188573160343,0.01391450908462194,11.25733648092418,9.706227726332425
1.151999999999984,2.776804083300618,29.325871488349176,28.50208204218959,13000.665979696638,0.009215727123035533,22.637512937266475,0.020938900712591302,0.013872057680005656,11.260287418767636,9.70558255203206
1.1529999999999838,2.783454067235465,29.395891913915932,28.53722289642355,13000.599381726974,0.009115255557684554,22.643834290493714,0.02105699759825802,0.013829395182362536,11.263253924947415,9.704931039254761
1.1539999999999837,2.790113262741874,29.46500522036032,28.572363750657505,13000.539443554277,0.009013923162817017,22.650169247086502,0.02117552230110792,0.013786413162980071,11.26623121608057,9.704279095348852
1.1549999999999836,2.796781680602144,29.53437874800334,28.607504604891453,13000.485499198849,0.008911985865197425,22.65651224574995,0.021294482521586333,0.013743349931853777,11.269212310778167,9.703626635614967
1.1559999999999835,2.803459331610182,29.603942151240478,28.642645459125415,13000.436949278965,0.00880950636013772,22.662863620012594,0.021413939539120685,0.013699902299353417,11.272196203994891,9.702973809140722
1.1569999999999834,2.81014622657153,29.673618215447895,28.676836560542238,13000.39325435107,0.008706410559544076,22.669223747026866,0.0215339608833105,0.013655964604397941,11.275183666197123,9.702320542212062
1.1579999999999833,2.816607656963092,29.738895043033597,28.71197741477619,13000.353928915962,0.008602020087754236,22.675379336524376,0.021654299046667713,0.01361112424452382,11.278084907272811,9.701693807983563
1.1589999999999832,2.823312776695647,29.8124207744462,28.747118269010148,13000.318536024366,0.008498737308367421,22.6817393371338,0.02177496820607172,0.013565538185725756,11.281052154950002,9.701038282993812
1.159999999999983,2.830027172537032,29.88117658661225,28.7822591232441,13000.286682421929,0.008393590693013875,22.688131442686647,0.02189614371806986,0.013519560484264226,11.284057704364626,9.700382778440527
1.160999999999983,2.836750855339055,29.950804589460102,28.817399977478058,13000.258014179737,0.008287767669440727,22.6945287524145,0.022017772797515267,0.013474723508077435,11.28706657285101,9.699726835292301
1.1619999999999828,2.843483835965219,30.020956452929045,28.852540831712012,13000.232212761764,0.008181590239028036,22.700932891647827,0.02214000807536659,0.013429723152141415,11.290074071910649,9.699071028551757
1.1629999999999827,2.850226125290712,30.09125598566356,28.887681685945967,13000.208991485588,0.00807480683024836,22.707345668314122,0.02226301311633211,0.013384021257441703,11.293084119793669,9.698414894074972
1.1639999999999826,2.85697773420244,30.16162545615712,28.921872787362794,13000.18809233703,0.007967212733231144,22.71376746261392,0.0223868949418764,0.013337522193843265,11.296098304657008,9.697758404970607
1.1649999999999825,2.863551777581379,30.22849937904742,28.957013641596742,13000.169283103327,0.00785822220110205,22.720028311776154,0.022511446736213137,0.01328994434087305,11.299044789994461,9.697123093263874
1.1659999999999824,2.870321802362065,30.301962085306915,28.99215449583071,13000.152354792994,0.007749704455863593,22.726453771135,0.02263664056861725,0.013241521482993512,11.302044622261505,9.696464822176537
1.1669999999999823,2.877101179161871,30.371643030308274,29.02729535006466,13000.137119313695,0.0076393064250966924,22.732906677690945,0.022762523405164825,0.013192620140749622,11.305075648244411,9.695806619401413
1.1679999999999822,2.883939934928326,30.442994040501894,29.06243620429862,13000.123407382325,0.007528148803423063,22.73941108038832,0.02288905142781167,0.013144584494346245,11.308129313926319,9.695142263537338
1.168999999999982,2.890738090585893,30.513040814384166,29.096627305715437,13000.111066644093,0.007416032698978503,22.745881119458677,0.023016275681647158,0.013096372704413772,11.311169433016138,9.694484007637076
1.169999999999982,2.897357457986248,30.580656564449548,29.13176815994939,13000.099959979683,0.007302982416286463,22.752183898082865,0.023143985428654812,0.01304717080097123,11.314132828023105,9.693846884660076
1.1709999999999818,2.90417413689529,30.65471968528152,29.16690901418336,13000.089963981714,0.007190572257717631,22.758653281912537,0.023272230992465726,0.012996733052696774,11.31715033743668,9.693186488853524
1.1719999999999817,2.911000222344495,30.72486990272254,29.201100115600173,13000.080967583543,0.007076342256076118,22.765150787583504,0.023401080665431895,0.01294565397701064,11.320200577918966,9.692526045327693
1.1729999999999816,2.91764678585649,30.792104545094624,29.236240969834128,13000.072870825188,0.006960846290885003,22.77148264715985,0.023530193993278825,0.012895001157325559,11.323182076327551,9.691886893088428
1.1739999999999815,2.924541725289796,30.86731137737719,29.271381824068083,13000.06558374267,0.0068464503259694776,22.77802493319857,0.023659722512089476,0.01284406451309017,11.326232621025529,9.691219010320125
1.1749999999999814,2.931395879886427,30.936984002848593,29.305572925484906,13000.059025368402,0.006730122587069676,22.784552870670808,0.02378984912816018,0.01279267770561937,11.329300271555944,9.690557350567024
1.1759999999999813,2.938069775208487,31.00476194703213,29.34071377971886,13000.053122831563,0.006612894124369384,22.79090954490601,0.02392033987991249,0.01274153482933782,11.332291494381195,9.689916930807792
1.1769999999999812,2.944992974107678,31.080360548293562,29.375854633952816,13000.047810548407,0.006496755515469466,22.79747828803684,0.02405145199174613,0.01268952784557531,11.335352404769175,9.689247709051347
1.177999999999981,2.951875295512248,31.150308964698258,29.410045735369643,13000.043029493567,0.0063785043629828175,22.80403314097711,0.024183367474350626,0.012636802681233683,11.338431648727841,9.688584745083453
1.178999999999981,2.958576617740786,31.218343307138014,29.44518658960359,13000.03872654421,0.006259168990939812,22.810416081035463,0.024315821643880353,0.012584238892035915,11.341434396803688,9.68794319148835
1.1799999999999808,2.965528174287591,31.294236034402605,29.479377691020414,13000.034853889789,0.006140752130447069,22.817011843061564,0.024449030335726984,0.01253081310743942,11.344506982814586,9.687272772160167
1.1809999999999807,2.972247763413166,31.360799301799318,29.514518545254376,13000.03136850081,0.006019627803224015,22.823420079029184,0.024582843033741586,0.01247634932074082,11.347524548327936,9.686630646180316
1.1819999999999806,2.979218206603859,31.436715134406462,29.548709646671195,13000.02823165073,0.0058993864520422434,22.830034671791815,0.024717308823793693,0.0124223051345832,11.350608871405234,9.68595888734288
1.1829999999999805,2.985956104773879,31.503499185749313,29.58385050090515,13000.025408485657,0.0057766870645224455,22.836460201574706,0.024852298613310064,0.012367295998907346,11.35363399117263,9.685316053176994
1.1839999999999804,2.992945478122949,31.57964298423468,29.618041602321966,13000.022867637092,0.0056549628333836255,22.843092678029716,0.024987908978626905,0.012312618605536063,11.356725598547396,9.684643404660711
1.1849999999999803,2.999701727574365,31.646603503415854,29.65318245655593,13000.020580873383,0.005530807630908352,22.849535755418174,0.02512403116011347,0.012256899934329935,11.359758225948486,9.683999739856755
1.1859999999999802,3.006710074688677,31.72294141616983,29.68737355797275,13000.018522786044,0.005407645570444486,22.85618631941575,0.02526079967266648,0.01220143621576858,11.362857681339552,9.683326170384618
1.18699999999998,3.013484717748158,31.790073169501202,29.722514412206706,13000.016670507439,0.005282048952068408,22.8626470104944,0.025398111003743784,0.012144880067736785,11.365897980361051,9.682681709247095
1.18799999999998,3.020512082327126,31.8666076783372,29.75670551362352,13000.015003456696,0.005157424263802779,22.869315693252837,0.02553611488493257,0.012088558483760059,11.36900526349476,9.68200726687209
1.1889999999999799,3.027305161411241,31.93391199714023,29.79184636785748,13000.013503111026,0.005030330203197209,22.875794033540224,0.025674699366820597,0.012031136228862094,11.372053205997725,9.681362055037471
1.1899999999999797,3.034351587247027,32.010643339842815,29.826037469274304,13000.012152799924,0.004904172813194885,22.882480877182847,0.025814020084129696,0.01197394415801406,11.375168307611279,9.680686777457131
1.1909999999999796,3.041163144862436,32.07812024438658,29.86022857069113,13000.010937519932,0.004775510549872797,22.8889769085617,0.02595394775913945,0.011915644715469464,11.378223891408416,9.680040844684745
1.1919999999999795,3.048034829847015,32.15133271379755,29.895369424925086,13000.009843767939,0.004647326803459195,22.89550573349765,0.026094351792473047,0.011857217812789422,11.381272381628381,9.679387037232457
1.1929999999999794,3.055109818682554,32.22671143173492,29.929560526341902,13000.008859391146,0.004518664624805102,22.902227617790448,0.02623548495369049,0.011797951552248442,11.384406861168257,9.678710708056661
1.1939999999999793,3.061949066278859,32.29429576469562,29.96375162775873,13000.007973452031,0.004387561431077658,22.908750892287536,0.02637711599689152,0.01173878932299971,11.387477624670794,9.67806310719789
1.1949999999999792,3.068848598978564,32.36784221908079,29.998892481992684,12800.007176106828,0.0042572065982628415,22.91530602551788,0.026519186642615045,0.011679537133820972,11.390537423259646,9.67740811750307
1.195999999999979,3.075952249064645,32.009007511834355,30.033083583409496,12620.006458496146,0.004101290681422565,22.922963015123074,0.02666316964673271,0.011700214039541634,11.394966662189153,9.676388854998235
1.196999999999979,3.082870514386383,31.63847614058916,30.06727468482632,12458.005812646532,0.003931858475021699,22.93061126521753,0.026787683794024297,0.011787435714504413,11.39969445158998,9.675419580261313
1.1979999999999789,3.08974675820383,31.32570775602779,30.101465786243143,12312.205231381879,0.0038007616524968757,22.938051839524146,0.026912826996729755,0.011875813581317285,11.404148159832111,9.674473994830189
1.1989999999999787,3.096683497604809,31.0569207971446,30.136606640477105,12180.984708243692,0.003706401484977362,22.945439852440792,0.027047682297268616,0.011939009708325454,11.408399055855925,9.67355136814092
1.1999999999999786,3.103825441306454,30.822867995073846,30.170797741893924,12062.886237419323,0.0036349575503883402,22.952953363851474,0.027197744359055476,0.011986795190472022,11.412619292603983,9.67263445075707
1.2009999999999785,3.110780999048458,30.610728394364543,30.204988843310744,11956.597613677392,0.0035757148839742348,22.960253672659828,0.027366072595977065,0.012025384490239488,11.416705670668058,9.671771373593225
1.2019999999999784,3.117745851864269,30.42895908245604,30.23917994472756,11860.937852309653,0.003524174501326083,22.967485971815282,0.02755307135085977,0.012054885514643676,11.42067987851428,9.670936271170774
1.2029999999999783,3.124668525049421,30.26951809579296,30.27337104614439,11774.844067078688,0.0034718958171857106,22.974630543435346,0.027756369318199525,0.012073388965408882,11.424555080847306,9.670132193657563
1.2039999999999782,3.131651957591669,30.133058028306195,30.307562147561217,11697.35966037082,0.0034123339368687944,22.98178008061658,0.027971473298795402,0.01208177467718824,11.428375907526533,9.669341555281079
1.204999999999978,3.138644716846203,30.01497104727209,30.342703001795172,11627.623694333737,0.0033399459876879978,22.988899810944922,0.02819288264116593,0.012080501987770331,11.43214137321121,9.668566907118642
1.205999999999978,3.145895929579366,29.919205732382203,30.37689410321199,11564.861324900363,0.0032527540279685963,22.996213517481298,0.02841538965586765,0.012070671610974137,11.435944657818775,9.667775432329275
1.2069999999999779,3.152907678342538,29.831017677912037,30.411085204628815,11508.375192410327,0.0031476680680974645,23.00329217312891,0.028634232513521374,0.012052226932357468,11.439632668910921,9.667023857806548
1.2079999999999778,3.159928785921273,29.762388802585683,30.44527630604564,11457.537673169294,0.0030289203139434173,23.01031991022699,0.02884580552921201,0.012025633702428873,11.443237945279737,9.666277779373516
1.2089999999999776,3.166907523555769,29.7050295165095,30.479467407462458,11411.783905852364,0.002897406453514384,23.017282694888525,0.02904801364422016,0.011990044022255897,11.44678420487037,9.66554272987039
1.2099999999999775,3.173947338336817,29.660691300973387,30.513658508879274,11370.605515267129,0.0027564204614570764,23.024271625185317,0.02924003864161645,0.011948120110556959,11.45031532437894,9.664804393657606
1.2109999999999774,3.180996543771897,29.625821158891306,30.5478496102961,11333.544963740416,0.002609035597343712,23.031249781809837,0.02942228830015292,0.011901907445270199,11.453825696494231,9.664069483719866
1.2119999999999773,3.188107016823133,29.601652918043722,30.582040711712917,11300.190467366376,0.0024591770609175834,23.038259931722376,0.02959619662034546,0.011853417722294313,11.457328399423222,9.663331706802909
1.2129999999999772,3.195175077900362,29.584504579355873,30.616231813129744,11270.171420629738,0.0023093523636301128,23.04521448596138,0.02976382227350033,0.011803544114393605,11.460791913909256,9.662603903353382
1.213999999999977,3.202252561639258,29.576265882829233,30.650422914546567,11243.154278566764,0.002162336800972553,23.052153363103407,0.029927522750429925,0.011752990510276617,11.464224842831303,9.661879680531852
1.214999999999977,3.2093394787198,29.57492405447035,30.68461401596339,11218.838850710088,0.0020190742721516997,23.059084741580666,0.030089657349562204,0.011701864618406665,11.46763765153602,9.661159784075608
1.2159999999999769,3.216435839833135,29.579866273475034,30.717855364563068,11196.95496563908,0.0018798565283359991,23.066009913756105,0.03025224654000852,0.011650656453950636,11.471033596995756,9.660444417322125
1.2169999999999768,3.223289173558716,29.586052621560633,30.75204646597989,11177.259469075172,0.0017438963938313234,23.072700397390406,0.030416473402725908,0.011598989644340696,11.474317287936529,9.659763151059488
1.2179999999999767,3.230456266815035,29.60686330179728,30.786237567396718,11159.533522167656,0.0016128703699422875,23.079643255915595,0.030583401658740572,0.011547055186847954,11.477669464450102,9.659049215925542
1.2189999999999765,3.237580758547309,29.625405999049615,30.82042866881354,11143.58016995089,0.0014817468333205852,23.086567110352085,0.03075354603884356,0.011494522170588106,11.481034416768285,9.658347573478098
1.2199999999999764,3.244714736888501,29.650068726141527,30.854619770230364,11129.222152955801,0.0013512455407795887,23.09347997521819,0.030926797018260455,0.011442716452580104,11.484380359278965,9.657649540063193
1.2209999999999763,3.251910460414936,29.679821228203053,30.888810871647184,11116.299937660222,0.0012202815283356983,23.100438253016552,0.031102968954792365,0.011389553378326256,11.487729609739391,9.656949764354389
1.2219999999999762,3.259063486920738,29.711273977836758,30.922052220246872,11104.6699438942,0.00108688002257451,23.107353889355053,0.031281520990827594,0.0113342514350947,11.491056324128184,9.656259424359526
1.222999999999976,3.266024036781862,29.743321825167758,30.95624332166369,11094.20294950478,0.0009503743519267416,23.11408183273622,0.031461441208995355,0.01127612174525311,11.49429127238985,9.655594611350615
1.223999999999976,3.273195844668808,29.78481460992807,30.990434423080508,11084.782654554301,0.0008118771199248642,23.120979738742783,0.03164200114007226,0.011214958393721497,11.497570863226178,9.654906493373561
1.2249999999999759,3.280429610374286,29.825534914262306,31.02462552449734,11076.304389098872,0.0006685774219155616,23.127950040345308,0.03182259611720911,0.011151370257978688,11.500898099132352,9.65421457614315
1.2259999999999758,3.287673012738748,29.868375827647718,31.057866873097026,11068.673950188984,0.0005213999798115432,23.134924947289676,0.03200268191353928,0.011087235898973313,11.504229203146615,9.653523825321125
1.2269999999999757,3.294617996026748,29.908498928244867,31.092057974513853,11061.806555170086,0.0003708802319637994,23.14162051047112,0.0321816172100754,0.011021252965898898,11.50743353974506,9.65287012103168
1.2279999999999756,3.301880349040597,29.96101002007896,31.126249075930662,11055.625899653078,0.0002203466836476764,23.148574569063136,0.032359477112592294,0.010953274772785127,11.510709734099574,9.652178538016457
1.2289999999999754,3.3091523711297,30.008848943315336,31.159490424530357,11050.06330968777,6.617161174038433e-05,23.155566585521775,0.03253649540493769,0.010883514829348018,11.5140322345449,9.651489029260917
1.2299999999999753,3.316124951475633,30.053694661692056,31.193681525947177,11045.056978718992,-8.993942085694373e-05,23.16227831789047,0.03271244128117634,0.010813884970568066,11.51723755904879,9.650835410440735
1.2309999999999752,3.323415988034117,30.11088300792377,31.22692287454687,11040.551280847094,-0.00024405070031913167,23.16924855492007,0.032887858643331214,0.010743546730354603,11.520512362500078,9.650144350704995
1.2319999999999751,3.330459617894165,30.158471571768754,31.26111397596369,11036.496152762385,-0.00040056845460156865,23.17602378891493,0.03306293475904026,0.010671737644509294,11.52373486713198,9.649485392496453
1.232999999999975,3.337769754408532,30.21675749215199,31.29530507738051,11032.846537486148,-0.0005553046313145349,23.183013429266946,0.03323814097320538,0.01060102161487625,11.52702352761483,9.648794377697445
1.233999999999975,3.345089614158629,30.271334168430375,31.3285464259802,11029.561883737533,-0.0007110791925464821,23.19003442087976,0.03341407433775412,0.010529986127078506,11.530345422118845,9.64810633374255
1.2349999999999748,3.352161166175291,30.323173470868532,31.362737527397027,11026.60569536378,-0.0008672707133258184,23.19682341633336,0.033590776545955825,0.010459330214029672,11.533568494079665,9.647448657943743
1.2359999999999747,3.359500190205555,30.384978313906043,31.395978875996715,11023.945125827402,-0.0010214401799384376,23.203830711502807,0.03376874428735949,0.010387942019611407,11.536851249501652,9.646759994528018
1.2369999999999746,3.366590307412137,30.437693796878303,31.429220224596403,11021.550613244663,-0.001177963107405644,23.210637644839544,0.03394789503087664,0.010314807468595033,11.540075350385221,9.646103611694317
1.2379999999999745,3.373689569819508,30.49596650617044,31.46341132601322,11019.395551920197,-0.001333870722333097,23.217426792181254,0.03412796438084775,0.010241493050975992,11.54326864414022,9.64544509825905
1.2389999999999743,3.381057262370065,30.55867373534532,31.496652674612907,11017.455996728178,-0.001490008992459102,23.224463125585764,0.03430912387389412,0.010167194517981593,11.54656281495805,9.644756897126683
1.2399999999999742,3.388175151894844,30.61287634534217,31.530843776029734,11015.710397055362,-0.0016491884245137256,23.231294759218883,0.03449096381191902,0.010092857505377861,11.549799468158852,9.644100563250241
1.2409999999999741,3.395615214227791,30.678519139663592,31.564085124629415,11014.139357349826,-0.0018073425853032954,23.238391028241374,0.034673698263908925,0.010019371665121679,11.553118535602643,9.643406153449586
1.241999999999974,3.40275181466466,30.733428357952405,31.597326473229103,11012.725421614843,-0.001968719692882148,23.245240096126672,0.03485710967428496,0.009944379519918944,11.556359879831351,9.642751233660043
1.242999999999974,3.409897611365757,30.79483447712142,31.631517574645926,11011.45287945336,-0.002129658208343821,23.252065904502594,0.03504099231815,0.009868853838710168,11.559561087715439,9.642093331490626
1.2439999999999738,3.417366673229705,30.861210665522876,31.664758923245614,11010.307591508024,-0.002291183306644684,23.25919037859749,0.035225704176585604,0.0097916552487054,11.562885118758476,9.64139905724441
1.2449999999999737,3.424531243258655,30.91691519361354,31.69800027184531,11009.276832357222,-0.0024565060733620636,23.266066072385552,0.03541090024040855,0.009713987285174863,11.566140433154512,9.64074317854834
1.2459999999999736,3.431705040264423,30.979436395993453,31.732191373262133,11008.349149121499,-0.0026211241255607587,23.272916614897557,0.03559643033683996,0.009636411104023745,11.569351866260135,9.640084878507885
1.2469999999999735,3.439203198180408,31.046954312197386,31.76543272186181,11007.51423420935,-0.0027860265748365642,23.280066541444445,0.03578274612651716,0.009557490213029984,11.572684476066058,9.639390088658846
1.2479999999999734,3.446395831121885,31.10366826105008,31.798674070461498,11006.762810788416,-0.002954452910759353,23.28696712215666,0.03596957194507122,0.009478314441949076,11.575948274843098,9.63873377977544
1.2489999999999732,3.453651161443935,31.16807921519042,31.83191541906119,11006.086529709575,-0.0031218030973717004,23.293891313822083,0.03615694476494291,0.009399414051629418,11.579188960390761,9.638068765614932
1.2499999999999731,3.460862362578999,31.230031252167294,31.865156767660874,11005.477876738618,-0.0032900566559244115,23.300784461344367,0.03634483707273661,0.009318605477036945,11.58241778395551,9.637410552334863
1.250999999999973,3.468136366423576,31.293724115733067,31.899347869077697,11004.930089064756,-0.0034588485749108555,23.30773192370758,0.036533188131145755,0.009237495151998454,11.58566931281257,9.636744504093361
1.251999999999973,3.475683076801906,31.361230947085474,31.932589217677386,11004.43708015828,-0.003628147426248618,23.314932977383513,0.036722387673934986,0.009156879396135631,11.589033433815414,9.636048164200083
1.2529999999999728,3.482922538952567,31.419390675685847,31.965830566277074,11003.993372142453,-0.003799985271818407,23.321875208020426,0.03691227100409089,0.009076588837477584,11.592313866027503,9.6353910527466
1.2539999999999727,3.490224963699007,31.485129707160265,31.99907191487676,11003.594034928208,-0.003970403890528329,23.32884169239876,0.03710301052830195,0.008996219289980345,11.595568730245422,9.634725260941781
1.2549999999999726,3.497536793085247,31.54914776154679,32.032313263476446,11003.234631435387,-0.00414171626996146,23.335826695556047,0.0372946855907762,0.008913767343492085,11.598833827535687,9.634059981995783
1.2559999999999725,3.504858037445435,31.613013202190366,32.065554612076134,11002.911168291848,-0.004314157521806583,23.342822186606195,0.037487210535250004,0.00883076824247181,11.602109200762317,9.633393687116227
1.2569999999999724,3.512188707124216,31.677073712513355,32.09879596067582,11002.620051462663,-0.004487455772583748,23.349826341277367,0.03768050269596751,0.008747521522196544,11.605388864198252,9.632727340146241
1.2579999999999723,3.519528812476721,31.74133863160626,32.13203730927551,11002.358046316398,-0.004661537089633405,23.35683910084549,0.037874505887885046,0.008664063821708423,11.608671336515258,9.632060813434277
1.2589999999999721,3.526878363868581,31.805767348582897,32.165278657875206,11002.122241684758,-0.0048364172672565875,23.363860664042914,0.038069185240985126,0.008580389989710058,11.611957058171349,9.631394034099172
1.259999999999972,3.534237371675957,31.870339549509875,32.198520006474894,11001.910017516282,-0.005012097508086788,23.37089112621922,0.03826454695906356,0.008496402471081965,11.615246379649331,9.630726983108321
1.260999999999972,3.541605846285517,31.93504865794194,32.23176135507458,11001.719015764655,-0.005188578223244977,23.377930514611663,0.03846061863971312,0.008412001621264986,11.618539371948764,9.630059669022394
1.2619999999999718,3.548983798094474,31.999890400621837,32.26500270367427,11001.54711418819,-0.005365876745293097,23.384978846482557,0.03865743555269635,0.008327129687722201,11.621836028892911,9.629392113007528
1.2629999999999717,3.556371237510589,32.06485991984125,32.29729429945682,11001.392402769372,-0.00554402231040052,23.392036143467823,0.038855037702909545,0.00824176467289911,11.62513635175316,9.628724338244682
1.2639999999999716,3.563501076853108,32.12521254967726,32.33053564805651,11001.253162492436,-0.005723380596444283,23.398859613423532,0.039053007376598725,0.008155360056242789,11.628338695524985,9.628087289850907
1.2649999999999715,3.570907206742298,32.19463079456925,32.3637769966562,11001.127846243193,-0.005901610618095798,23.40591286856593,0.03925153513282098,0.008068325362698525,11.63161206286967,9.627416080134356
1.2659999999999714,3.57832285519176,32.25860840803156,32.39701834525589,11001.015061618873,-0.0060821375571858405,23.413003778254286,0.0394505304025774,0.0079808471432663,11.634930450915789,9.626746676167684
1.2669999999999713,3.585802241628877,32.32448195839558,32.430259693855575,11000.913555456986,-0.006263344698298201,23.420148831488646,0.03965016682447803,0.007894785604270094,11.638274331538227,9.62607040238251
1.2679999999999712,3.593237001625326,32.389143280601715,32.46255128963813,11000.822199911287,-0.006445288068937405,23.42725556303364,0.03985065241946212,0.007808744732125894,11.641601671120966,9.625401628452781
1.268999999999971,3.600412639232664,32.45034131940058,32.49579263823782,11000.739979920158,-0.006627917089738089,23.43412095082157,0.04005178656370356,0.007721471328176188,11.644820010931099,9.624763419890323
1.269999999999971,3.607920529041015,32.52141180353358,32.529033986837504,11000.665981928141,-0.006809408668689121,23.441267908066187,0.040254002966711944,0.007632943484396526,11.648130612317802,9.624084672948204
1.2709999999999708,3.615383695584214,32.5850535104935,32.56132558262006,11000.599383735327,-0.00699388819768354,23.44840846170792,0.040457182099620514,0.007543498642636037,11.651474405429553,9.623414772945562
1.2719999999999707,3.622641248222898,32.646917226952134,32.594566931219745,11000.539445361796,-0.007179377428414457,23.455352558913628,0.04066101663514621,0.007454614100441681,11.654733243865856,9.622768936888697
1.2729999999999706,3.63012331215192,32.71642785262444,32.62780827981943,11000.485500825616,-0.00736391460147956,23.462481884243086,0.040865798260868336,0.007365139306442614,11.658043155120934,9.622096489751968
1.2739999999999705,3.637669486657404,32.78249755272158,32.66009987560199,11000.436950743055,-0.00755055529695664,23.469693127072002,0.04107158958684409,0.00727504041056426,11.661409889608743,9.621419238579119
1.2749999999999704,3.644954792638179,32.84361809770114,32.693341224201674,11000.393255668749,-0.007738890431418455,23.476668949909865,0.04127805023686326,0.007185118886850528,11.664686002871235,9.620773529704927
1.2759999999999703,3.652465460849917,32.91359385647217,32.725632819984234,11000.353930101874,-0.007926050784198613,23.483824627940486,0.041485544235486504,0.007094644302023723,11.668007012753744,9.620100373355776
1.2769999999999702,3.659769201740373,32.97521103625608,32.758874168583915,11000.318537091687,-0.008115587263562485,23.49081635143201,0.04169363916019159,0.007002560718880169,11.671280723354785,9.61945409777518
1.27799999999997,3.667353549732935,33.04569061501324,32.79116576436647,11000.28668338252,-0.00830460305805808,23.498043212483214,0.0419026649963512,0.006910906131577466,11.67463620302395,9.618773253226431
1.27899999999997,3.674621085781581,33.10546440078614,32.824407112966156,11000.258015044268,-0.008496250393610738,23.505008273996484,0.04211206726336669,0.0068183425201133185,11.677906902149953,9.618133258823553
1.2799999999999698,3.682224560694634,33.17728123210415,32.856698708748716,11000.23221353984,-0.008686412489007367,23.51224743650504,0.04232237121376736,0.00672635751648587,11.681261752545929,9.617451297944864
1.2809999999999697,3.689565333399779,33.23803776921321,32.889940057348404,11000.208992185857,-0.008879361349047987,23.51928074696484,0.04253313147706672,0.006633218968960686,11.684560113382672,9.61680449562921
1.2819999999999696,3.69718802009348,33.30907544325266,32.92223165313096,11000.188092967272,-0.009071298203453648,23.52654319920396,0.042744896939541366,0.006540794842802511,11.687930837964702,9.61612238233618
1.2829999999999695,3.704547389995672,33.37024758569395,32.95452324891351,11000.169283670544,-0.009265700526921938,23.533593021646332,0.04295730275389642,0.006447158580602241,11.69123568592352,9.615475305560137
1.2839999999999694,3.711915917045402,33.43672234100738,32.9877645975132,11000.15235530349,-0.00945942376636505,23.54062471505029,0.043170414010029134,0.0063532028901921445,11.69450826376323,9.614824595670363
1.2849999999999693,3.719567337361991,33.50723152411672,33.02005619329575,11000.13711977314,-0.009653534865251279,23.547918635265802,0.043384562278580785,0.006258316132713437,11.697889463787833,9.614142206330337
1.2859999999999692,3.726954521696804,33.56816132730908,33.052347789078304,11000.123407795827,-0.009850560763441152,23.554997585562504,0.04359929809010016,0.006163309473457168,11.701211591289393,9.613493677745529
1.286999999999969,3.73435089278165,33.63481552561624,33.08558913767799,11000.111067016245,-0.010046718009604716,23.562056254421492,0.04381471649435892,0.006068493702507616,11.704497199721754,9.612842297756423
1.287999999999969,3.742031139450883,33.70561169772722,33.117880733460545,11000.099960314621,-0.010243157243620571,23.569377577155947,0.044031222306747164,0.005972788149519126,11.707889569391753,9.612159177818306
1.2889999999999688,3.749501378712705,33.76775946054772,33.1501723292431,11000.08996428316,-0.010442472749814247,23.576533385999966,0.044248489809504576,0.005876988193859567,11.711243545146901,9.611503697565979
1.2899999999999687,3.756925726353443,33.833786932432936,33.18246392502566,11000.080967854843,-0.010641368912479188,23.583623312632756,0.044466614039937236,0.005781220642798124,11.714547201196318,9.610852433603315
1.2909999999999686,3.764359300277117,33.90022224640301,33.21475552080821,11000.072871069358,-0.010840585786469292,23.59072032520735,0.044685531355950825,0.0056837960335385795,11.717844643456397,9.610200772290192
1.2919999999999685,3.771802110302561,33.966071848147166,33.247996869407906,11000.065583962423,-0.011040841364083454,23.597829599848932,0.04490502676201852,0.005585575150959532,11.721152002722626,9.60954798827831
1.2929999999999684,3.779585756224964,34.037712828151946,33.28028846519046,11000.059025566181,-0.011241633560391151,23.605250077277308,0.045125565284556635,0.005488047488248826,11.724592822665466,9.608856314509616
1.2939999999999683,3.78704742697236,34.098318735761396,33.312580060973005,11000.053123009564,-0.01144537815210922,23.612405297365534,0.04534673379702325,0.005390835098873892,11.727953516475575,9.60820695353329
1.2949999999999682,3.794573771442481,34.16692263943611,33.34487165675556,11000.047810708607,-0.011647786574023378,23.619584041195807,0.045568978790278214,0.005293714523157855,11.731287771629592,9.607547719308185
1.295999999999968,3.802054026754556,34.23272376222255,33.37716325253812,11000.043029637747,-0.011851269060136116,23.626731054246626,0.04579217325848994,0.005194473164847391,11.734610097196228,9.606895863833193
1.296999999999968,3.80959906110264,34.30012689169628,33.409454848320664,11000.038726673973,-0.01205562512835473,23.633934643264908,0.046016308795866656,0.005094509249343293,11.737956980568233,9.606235740355006
1.2979999999999678,3.81709794058173,34.3654828088584,33.441746444103224,11000.034854006575,-0.01226129571014567,23.641102596558717,0.0462411368232562,0.0049941036209447676,11.741295912721213,9.60558260163576
1.2989999999999677,3.824661704581138,34.43299431349533,33.47403803988578,11000.031368605918,-0.01246739181948986,23.648324375191525,0.046466695490384846,0.004893753919151145,11.744652249318529,9.604922046019242
1.2999999999999676,3.83223486979221,34.49953904503349,33.50632963566833,11000.028231745326,-0.012674507243291278,23.655560541144357,0.04669293423391374,0.00479331663036503,11.748019141094765,9.604261996915106
1.3009999999999675,3.839761781409932,34.56535784189116,33.538621231450875,10900.025408570793,-0.012882391901718082,23.662754179028237,0.04691982103717679,0.004692790787915624,11.751368377172525,9.60360806598288
1.3019999999999674,3.847353736112288,34.35921834050494,33.56996307441631,10810.022867713715,-0.01310773975663676,23.670672257973333,0.047154606278153044,0.004643612944555897,11.7556067606983,9.602703526894786
1.3029999999999673,3.854675667658835,34.14123719817505,33.60225467019886,10729.020580942344,-0.013340298262080053,23.678455106828196,0.04738116291350003,0.004640366794769979,11.760004705971777,9.601863934158118
1.3039999999999672,3.862286173995339,33.968410383198524,33.63454626598141,10656.11852284811,-0.013540811431644983,23.686362190039226,0.04761624201596132,0.0046365852509479555,11.764315350479878,9.60100211944363
1.304999999999967,3.869906131309076,33.81788154852638,33.666837861763966,10590.5066705633,-0.013713585141835904,23.694224732013943,0.047865695857935264,0.004614880032751956,11.768503929367585,9.600167671431992
1.305999999999967,3.877535549654823,33.68917553519001,33.69912945754652,10531.45600350697,-0.013866901286587907,23.70203843709095,0.04813264985935223,0.0045830786970052495,11.772604977130344,9.599355351862792
1.3069999999999669,3.885174439097252,33.57917011410518,33.73047130051193,10478.310403156273,-0.014007212830176696,23.70981358494081,0.048418198290659464,0.004544821197267457,11.776640192332918,9.598567742771216
1.3079999999999667,3.892541758527975,33.481045200755275,33.76276289629449,10430.479362840646,-0.014140294000622444,23.717299552577657,0.048720655587312145,0.004499600551789329,11.780510963194342,9.597834993405158
1.3089999999999666,3.900199297908813,33.40746238788958,33.79505449207704,10387.43142655658,-0.014269890679965813,23.724987032623712,0.04903689362958419,0.004447745137437176,11.784398056671318,9.597084618151397
1.3099999999999665,3.90786633830941,33.341780701084694,33.82639633504247,10348.688283900923,-0.014405347614923736,23.732678552769787,0.04936166917425944,0.004389315137598437,11.788280195565616,9.59635161398814
1.3109999999999664,3.915260880975528,33.28449297295887,33.85868793082502,10313.819455510831,-0.014549895328082763,23.740085784614287,0.049689013506872604,0.004325311040221658,11.792013921542576,9.595660989365015
1.3119999999999663,3.922946630267692,33.24828307740016,33.89002977379044,10282.43750995975,-0.014704088983368335,23.747702125396454,0.05001424679930461,0.004255011250455132,11.795772570159643,9.594941584063173
1.3129999999999662,3.930359265263737,33.21153375175706,33.92232136957299,10254.193758963775,-0.014873530355137998,23.755074435300717,0.05033236598303659,0.004177440693596435,11.799433286209913,9.594262269203288
1.313999999999966,3.938119983400246,33.195059233825496,33.95461296535555,10228.774383067397,-0.015054623469710815,23.762711202471163,0.050641002534234814,0.004095173700699339,11.803159435892235,9.59354167555758
1.314999999999966,3.94583407512814,33.179604667628794,33.98595480832097,10205.896944760658,-0.015249894219255988,23.770317236984887,0.050938463739037265,0.004007636551519478,11.806885279832299,9.592833871297984
1.3159999999999659,3.953274118886441,33.168829744525496,34.017296651286394,10185.307250284592,-0.015455462404614595,23.77764352352285,0.05122428728290246,0.0039160917195468214,11.810473611545351,9.592158649477057
1.3169999999999658,3.960779443077842,33.17057676962837,34.04958824706895,10166.776525256133,-0.015666980383426288,23.784985752396963,0.05149952017108961,0.00381984423800924,11.814019924205777,9.591474882773834
1.3179999999999656,3.968521641404912,33.179969730565055,34.080930090034364,10150.09887273052,-0.015884237425643766,23.79253978149235,0.05176599530836118,0.003720040543095493,11.817650096279715,9.590765607790372
1.3189999999999655,3.976045299983418,33.18700587624075,34.113221685816924,10135.088985457467,-0.016106274011432775,23.79990180889216,0.052025312061815265,0.0036190421103953208,11.821218351189692,9.590086299772612
1.3199999999999654,3.983806408065201,33.20772456573898,34.144563528782335,10121.580086911721,-0.016327463400492626,23.807441057002208,0.05228043283134193,0.0035183903868739597,11.82482451927154,9.589379983722207
1.3209999999999653,3.991348439446023,33.22477326451106,34.17590537174776,10109.422078220548,-0.01654917247763954,23.81479206250784,0.052533229333598774,0.0034168610847333802,11.828359827957497,9.588706345626212
1.3219999999999652,3.998842971859333,33.249241993369225,34.20819696753031,10098.479870398494,-0.01676788601004242,23.822066176329503,0.0527857039190201,0.0033154088570638285,11.831832428163908,9.588038738935468
1.322999999999965,4.006688939572966,33.28336996352096,34.23953881049574,10088.631883358645,-0.016983758102660063,23.82964944090006,0.05303993475667007,0.0032139154625587807,11.835417756245507,9.58733433645969
1.323999999999965,4.014258464664279,33.309803188749115,34.27088065346115,10079.76869502278,-0.017199885905559764,23.837005596607142,0.05329635299304025,0.003112804776433886,11.838938803516768,9.586670372895671
1.3249999999999649,4.021780390652929,33.34432316360629,34.30222249642658,10071.791825520502,-0.01741246988623718,23.844278382375204,0.05355564276473468,0.003012469896229275,11.842387675969782,9.586012761645305
1.3259999999999648,4.029368066219336,33.38269376837549,34.334514092209126,10064.612642968452,-0.017623257347616772,23.851603015109816,0.053817882922876425,0.002910870703374424,11.845839589337372,9.585351594531334
1.3269999999999647,4.037251977384357,33.42672595229954,34.36585593517455,10058.151378671608,-0.017834184538593534,23.859199799439153,0.05408317064229473,0.002809396556881283,11.849409830046522,9.584659364663896
1.3279999999999645,4.044858202390703,33.463593796581755,34.39719777813996,10052.336240804447,-0.018047567731441228,23.86656262127388,0.05435049427338606,0.0027080446851355244,11.852907798177128,9.584006637074353
1.3289999999999644,4.052473557011663,33.50857174247352,34.42853962110539,10047.102616724002,-0.018260221322334624,23.87389608612352,0.05461961241073382,0.0026061670974609763,11.85635482288352,9.583352390695275
1.3299999999999643,4.060098050656598,33.55454120288192,34.459881464070804,10042.392355051601,-0.018474557163615735,23.881237766759533,0.05488977220136021,0.0025017130635513474,11.859795441897408,9.582700092760996
1.3309999999999642,4.067731692743836,33.60160802803301,34.49122330703622,10038.153119546441,-0.018691546927692593,23.88858673297353,0.055160177850214376,0.002395591248777862,11.863241137992638,9.582047605006498
1.331999999999964,4.075374492700687,33.650068375454666,34.52256515000164,10034.337807591797,-0.01891112584850696,23.895941004361678,0.05543018446979353,0.002288340753737461,11.866688060777602,9.581395621427543
1.332999999999964,4.083026459963457,33.69990350297431,34.553906992967065,10030.904026832617,-0.01913310583681166,23.903300336826533,0.055699372480063736,0.0021801470390037103,11.87013384393984,9.580743859269402
1.3339999999999639,4.090687603977442,33.75097856553077,34.58524883593249,10027.813624149356,-0.01935730712853828,23.910665141373247,0.055967525030268694,0.002071170013471346,11.873578805394123,9.580092123120316
1.3349999999999638,4.098357934196957,33.8031629883598,34.61659067889791,10025.03226173442,-0.01958346798703653,23.91803583605408,0.05623465469368727,0.001961456636600245,11.877023759336803,9.57944032389396
1.3359999999999637,4.106094621124001,33.85732514440297,34.647932521863325,10022.52903556098,-0.01981125890327895,23.925464702807172,0.056501084790438194,0.0018511580428114405,11.880490864380016,9.57878184990271
1.3369999999999636,4.113783394969611,33.91051780403126,34.67927436482875,10020.276132004881,-0.02004077427343659,23.932852985733046,0.05676704346922706,0.0017402073259766282,11.883944741976414,9.578130906193424
1.3379999999999634,4.121481383469853,33.96573152166893,34.70966645497703,10018.248518804394,-0.020271032496279318,23.94024158858241,0.05703299933313277,0.0016286364300223122,11.887390628828065,9.577479402742968
1.3389999999999633,4.12889762031734,34.01656947989255,34.74100829794245,10016.423666923954,-0.020502221872427395,23.947373493531515,0.05729866820492496,0.0015155232149272613,11.890727125616122,9.576862011051784
1.3399999999999632,4.136671074943394,34.07854048486912,34.772350140907875,10014.78130023156,-0.020732235812348343,23.954804632105834,0.05756495950999979,0.0014018909491386178,11.894159673195801,9.576199881182967
1.340999999999963,4.144396484151035,34.133170064518794,34.803691983873286,10013.303170208404,-0.02096493856348869,23.962228488129675,0.057831576615911595,0.0012880718799486157,11.897626123842649,9.575549333988535
1.341999999999963,4.152188562854653,34.1914164415886,34.83408407402158,10011.972853187564,-0.02119768984887288,23.969700982484696,0.05809910083867259,0.0011758632811687542,11.90110938389409,9.574890996946182
1.342999999999963,4.159640268719343,34.24369214077649,34.86542591698699,10010.775567868808,-0.021430770959773193,23.976866087734663,0.05836715880275595,0.0010630036414737143,11.904461637184674,9.57427567510793
1.3439999999999628,4.167450684425779,34.308221338199786,34.89676775995242,10009.698011081928,-0.021661933055093507,23.98432536191043,0.05863676059081274,0.0009496037049630535,11.907899136582877,9.573614689117553
1.3449999999999627,4.175270466974171,34.365964349297855,34.92715985010071,10008.728209973735,-0.021895864025266165,23.991831326060563,0.05890757480172304,0.0008354749752784718,11.911392761295412,9.572958998848554
1.3459999999999626,4.182748812516449,34.419163012735055,34.958501693066125,10007.855388976363,-0.02213069258039546,23.999020956578498,0.05917910674680521,0.0007214728898244371,11.914758802996582,9.572343491274546
1.3469999999999624,4.190586988174928,34.4849244668153,34.98889378321441,10007.069850078726,-0.022363702697037302,24.006503911742477,0.059452261601254386,0.0006070258285306718,11.918204542280007,9.571683582391985
1.3479999999999623,4.198140691885096,34.53880498303214,35.02023562617983,10006.362865070854,-0.022599813245862743,24.013766652515923,0.05972592226020751,0.000491006563744012,11.921593476442983,9.571062723268824
1.3489999999999622,4.205939626194123,34.60269467507412,35.05062771632812,10005.726578563768,-0.022835265632395907,24.02122169768718,0.060000695896918865,0.0003756448514948829,11.925038703066164,9.57040918552895
1.3499999999999621,4.213511137389482,34.65825939890122,35.08196955929353,10005.153920707391,-0.023072865115242203,24.0284943850138,0.06027575454234846,0.0002592731767816492,11.928427036987857,9.56978764848015
1.350999999999962,4.221386254378642,34.7235589297038,35.11236164944183,10004.638528636653,-0.023309976874443472,24.036019127368995,0.060551881973614496,0.00014338500869515158,11.9318990275918,9.569127408859966
1.351999999999962,4.228975651151853,34.77862060981009,35.143703492407234,10004.174675772989,-0.023549703896256324,24.043313362526966,0.06082819526804745,2.6677940456243388e-05,11.935301633979913,9.568506473337111
1.3529999999999618,4.236869316629273,34.84467922045125,35.17409558255553,10003.75720819569,-0.023788579748373173,24.05085344802829,0.061105731703878396,-8.962070658463661e-05,11.938778607066862,9.567846152770672
1.3539999999999617,4.244476635282417,34.90028880873219,35.20448767270382,10003.38148737612,-0.0240300733250825,24.058163435416997,0.06138366606191231,-0.0002072205701044716,11.942185200433006,9.5672254742001
1.3549999999999616,4.252092769657074,34.96173331917794,35.23582951566924,10003.043338638508,-0.024270832268041165,24.065451283282833,0.06166234203613152,-0.00032536792691395533,11.94555579491902,9.566599375785092
1.3559999999999615,4.260014163748983,35.0274598259207,35.26622160581751,10002.739004774658,-0.024512380751318064,24.07302181616008,0.06194216603941599,-0.00044423662074177805,11.94904165311703,9.565939662455438
1.3569999999999613,4.267648274273734,35.08307574594146,35.29661369596581,10002.465104297193,-0.02475684996560923,24.080359464844534,0.06222231311451487,-0.0005633041726057497,11.952464973869901,9.565317796797203
1.3579999999999612,4.275349324483407,35.14595901671498,35.32700578611409,10002.218593867474,-0.025000203673937127,24.087725344682777,0.06250334434467558,-0.0006820501080591623,11.955869292075088,9.564684887365502
1.3589999999999611,4.283001170885839,35.20623044573948,35.357397876262375,10001.996734480726,-0.025244392668859417,24.095056170564327,0.06278495610689516,-0.0008020809878592217,11.959259609284366,9.56406031333637
1.359999999999961,4.290661877393342,35.26732094302473,35.3887397192278,10001.797061032654,-0.025489100996955005,24.10239166967125,0.06306705173169386,-0.0009224666816929905,11.962651306242641,9.563433537536447
1.360999999999961,4.298629495338258,35.3333666117856,35.41913180937609,10001.617354929389,-0.02573440355893103,24.11000781918415,0.06335020712989875,-0.0010422084881171467,11.966161356167717,9.562772275746154
1.3619999999999608,4.306366535982982,35.39063838895565,35.449523899524365,10001.45561943645,-0.025982036455520552,24.117440529100243,0.06363392400035867,-0.0011615543646263382,11.969624544883313,9.56214333858917
1.3629999999999607,4.314054238335884,35.452337283831305,35.479915989672655,10001.310057492805,-0.026228648918605768,24.124800276075533,0.06391872443044627,-0.0012808751132533103,11.973030019956331,9.56151771469983
1.3639999999999606,4.321809188744253,35.515484851869786,35.510308079820945,10001.179051743524,-0.026475437768600785,24.132219601748197,0.0642047780877098,-0.001401722171417541,11.976449020233165,9.560885326690023
1.3649999999999605,4.329514734004362,35.576091967863455,35.54070016996923,10001.06114656917,-0.026723678041260912,24.13960323748287,0.06449176503008941,-0.0015236195608162029,11.979864068606082,9.560259649684228
1.3659999999999604,4.337287629890306,35.63882233248749,35.571092260117524,10000.955031912254,-0.026972514743083265,24.147042968714615,0.06477976443972239,-0.0016456529346717819,11.983299755715061,9.55962613267301
1.3669999999999602,4.345011053681432,35.69956971749961,35.6014843502658,10000.859528721028,-0.02722241442073936,24.154443922216508,0.06506850749074677,-0.0017679411312359616,11.98672413714553,9.559000472293828
1.3679999999999601,4.352801930824856,35.76255205214221,35.63092668759696,10000.773575848925,-0.027472702184392184,24.161900457661663,0.0653581563764416,-0.0018901089729506104,11.99016585951743,9.558366826946724
1.36899999999996,4.360301216607954,35.819389932127855,35.66131877774524,10000.696218264033,-0.027723922103672416,24.169098270022737,0.06564788897566276,-0.002013101465565992,11.993504680709169,9.557768957742159
1.36999999999996,4.368051224066749,35.885414205377096,35.69171086789353,10000.626596437629,-0.02797393063679149,24.176497697307504,0.06593834594141418,-0.002136390040538172,11.99689900518893,9.557137600717855
1.3709999999999598,4.375868837635813,35.947282788352595,35.72210295804181,10000.563936793866,-0.02822595123220767,24.18398709626174,0.06622910145787114,-0.002259742153729649,12.000356821730513,9.556503069384508
1.3719999999999597,4.383695503209132,36.008925832330476,35.7524950481901,10000.50754311448,-0.02847887754675915,24.191486864264796,0.06652036230815445,-0.002381832317831012,12.003829348003713,9.555868364905779
1.3729999999999596,4.391531229812017,36.07138641516243,35.78193738552125,10000.456788803032,-0.02873195933906736,24.19899135469459,0.06681257369248256,-0.002503439292634302,12.007298051211617,9.555234664445425
1.3739999999999595,4.399073801132251,36.128974846062114,35.812329475669536,10000.41110992273,-0.028985399702022407,24.206228698960068,0.06710538173501152,-0.00262633532189821,12.010651364984376,9.554636141561465
1.3749999999999594,4.406927351688351,36.19659245165482,35.842721565817826,10000.369998930457,-0.029237870160943424,24.213723389073614,0.06739977264304037,-0.002750246339390361,12.014082468726185,9.553997532698986
1.3759999999999593,4.414789990086984,36.25794836269163,35.87216390314897,10000.332999037411,-0.029493219047324715,24.221260773555283,0.06769521955319902,-0.002874883328185196,12.017564616676744,9.55336380156891
1.3769999999999591,4.422358534937935,36.3151102156681,35.90255599329726,10000.299699133671,-0.02974950249294933,24.22852647787115,0.06799123731157147,-0.002999541332315392,12.020938062201765,9.552764332885769
1.377999999999959,4.430239050060965,36.382911654007216,35.93199833062842,10000.269729220305,-0.03000458509986148,24.236047228575767,0.06828883197614805,-0.003124396504865401,12.024381990084546,9.552125855046349
1.378999999999959,4.437824848365226,36.439363038681904,35.9623904207767,10000.242756298274,-0.0302622827299332,24.24333398637799,0.06858667009749209,-0.0032504472706894605,12.027758546038621,9.55152729722608
1.3799999999999588,4.445723275268108,36.50678108875715,35.99183275810785,10000.218480668447,-0.03051919094563338,24.250874755239515,0.06888580301027253,-0.0033758086820314115,12.031216520472082,9.550887309449791
1.3809999999999587,4.453326360899775,36.56327612573287,36.022224848256144,10000.196632601603,-0.030778304525630906,24.258178596639567,0.06918499739582079,-0.0035018431053849275,12.034602536299174,9.55028860200327
1.3819999999999586,4.461301847850427,36.631888602182904,36.05166718558729,10000.176969341443,-0.031036364225447977,24.265790082983912,0.06948564419395625,-0.003627086234911203,12.038089560082337,9.549641408055207
1.3829999999999585,4.468922296339008,36.68759303061186,36.082059275735574,10000.159272407298,-0.03129692510438886,24.273115558193265,0.06978640690888988,-0.0037530344959830764,12.041489531390255,9.54904359583329
1.3839999999999584,4.476856695189159,36.755649661818495,36.11150161306673,10000.143345166569,-0.0315560997495003,24.280688934398817,0.07008878433350896,-0.003878605997482576,12.044959427698247,9.548403118841458
1.3849999999999583,4.484553738359853,36.81355092463818,36.140943950397876,10000.129010649913,-0.031817565958577376,24.288079258720185,0.07039172785976189,-0.004005266627295778,12.048378769366044,9.547797728383832
1.3859999999999582,4.492200115759134,36.87530767636773,36.17133604054617,10000.116109584922,-0.032078399817040526,24.295398242290197,0.07069556714099157,-0.004132545440929558,12.051748311026468,9.547193572526577
1.386999999999958,4.500220756631625,36.943604706608795,36.20077837787731,10000.10449862643,-0.03233969544407711,24.30305656491227,0.07100097661123567,-0.0042600403510033025,12.05525090719322,9.546547183494708
1.387999999999958,4.507884581964863,36.99919675796315,36.230220715208475,10000.094048763787,-0.03260398823811789,24.310426049864006,0.07130663479492311,-0.004387831552852495,12.058673152812117,9.545948469932007
1.3889999999999578,4.515616371874276,37.063341053478325,36.25966305253962,10000.084643887409,-0.03286672775179739,24.31781768272631,0.0716134034400952,-0.004515432961147592,12.062068276164846,9.545336491258574
1.3899999999999577,4.523297361175408,37.124513559795275,36.289105389870784,10000.076179498668,-0.0331302350132584,24.3251743614435,0.07192073509401514,-0.004644365314242949,12.0654490338618,9.544733504152685
1.3909999999999576,4.531046415215998,37.18735057346095,36.31854772720193,10000.068561548802,-0.033394307985277705,24.3325902276814,0.07222860979166007,-0.00477354075119979,12.068855451107115,9.544120847072387
1.3919999999999575,4.538804134730134,37.249023228272236,36.347990064533086,10000.061705393922,-0.03365924341745541,24.340020998549885,0.07253676180675883,-0.004902395588236963,12.072275863711697,9.543509294702428
1.3929999999999574,4.546510953078829,37.3099676918431,36.37743240186423,10000.05553485453,-0.03392442226098641,24.347404752622882,0.07284512396174792,-0.005030944461983267,12.075676904130956,9.542904124500406
1.3939999999999573,4.55428598670293,37.37306789162866,36.40687473919538,10000.049981369077,-0.0341894571353934,24.354845187214448,0.07315398859373756,-0.005159245204603868,12.079094192520444,9.542290994468987
1.3949999999999572,4.562069710867675,37.43500229790699,36.436317076526535,10000.04498323217,-0.03445515128546267,24.36230055983482,0.07346338327374802,-0.005287508121970319,12.082523506342529,9.541678696804384
1.395999999999957,4.569862133953537,37.49717162490511,36.46575941385768,10000.040484908954,-0.03472124715769659,24.369763378207303,0.07377356631080934,-0.005415687411693015,12.085956776081508,9.541066115835928
1.396999999999957,4.577663264348472,37.5595125359352,36.49520175118884,10000.036436418059,-0.0349877791389589,24.377233976410807,0.07408479374429427,-0.005544089449444178,12.089391916256265,9.540453816212384
1.3979999999999568,4.585473110447944,37.62193555056343,36.52464408851999,10000.032792776254,-0.03525495909321641,24.384712843533386,0.07439727983694078,-0.005672934659461559,12.092829761259836,9.539841625676726
1.3989999999999567,4.593291680654913,37.68441727926025,36.55408642585115,10000.029513498628,-0.035522984017120895,24.392200111130393,0.0747111735542012,-0.005802290028420198,12.096270860844196,9.539229637550743
1.3999999999999566,4.601118983379851,37.74695956274117,36.5835287631823,10000.026562148765,-0.03579198804838868,24.399695776254177,0.07502657246818473,-0.005932192573350814,12.099715231780598,9.538617883684017
1.4009999999999565,4.608955027040742,37.80956566673368,36.61202134769631,9925.02390593389,-0.0360620618375862,24.407199828931958,0.07534351388185334,-0.006062634494677865,12.10316278816737,9.53800637349458
1.4019999999999564,4.616488607536077,37.61984125036112,36.641463685027475,9857.5215153405,-0.03634814578733958,24.41508651434219,0.07567356152383481,-0.006149164597977819,12.107318645064938,9.537194147668057
1.4029999999999563,4.62440182904177,37.4346014683461,36.67090602235862,9796.76936380645,-0.036636647122485155,24.423394545616006,0.07600029822926302,-0.006189002701175617,12.111824876797922,9.53637779671987
1.4039999999999562,4.632263864541854,37.27362552197291,36.69939860687264,9742.092427425805,-0.03689436785819994,24.43158312110665,0.07634083572353506,-0.0062304786817843905,12.116213775403429,9.535587297063039
1.404999999999956,4.639822501043973,37.13537352586241,36.72884094420379,9692.883184683225,-0.0371194982469471,24.439401139376585,0.07670061772583903,-0.006287610643769592,12.12031356097168,9.534856655745857
1.405999999999956,4.647701769463639,37.02694502027546,36.75828328153494,9648.594866214904,-0.03732010026857141,24.447428057055784,0.07708340664666785,-0.006355479757608473,12.12439127510928,9.534108156084262
1.4069999999999558,4.655649990732639,36.92950645725607,36.786775866048956,9608.735379593414,-0.03750713105772924,24.455508916143337,0.07748847585717228,-0.006429043788505395,12.128481392646016,9.533382791540273
1.4079999999999557,4.663233755061489,36.84087088002228,36.81621820338012,9572.861841634072,-0.03768396591728207,24.463217534191326,0.07791267301574867,-0.00650734521779911,12.132389183333258,9.53272333770535
1.4089999999999556,4.671199384236917,36.77916598435261,36.84471078789414,9540.575657470665,-0.037853958834943635,24.471197460340743,0.07835293497556262,-0.006590406112918112,12.136327226232208,9.532033938193496
1.4099999999999555,4.678799849543495,36.7161291559345,36.874153125225284,9511.5180917236,-0.03802767933421969,24.47885176291289,0.07880132781083832,-0.006679848026516555,12.14013003622264,9.531408939622805
1.4109999999999554,4.686782919599206,36.67767452338458,36.9026457097393,9485.36628255124,-0.03820685711077404,24.486783650447943,0.07925295421125278,-0.00677400313590143,12.143986083267553,9.530741460169853
1.4119999999999553,4.694460487266585,36.636993870922495,36.93113829425332,9461.829654296116,-0.038399042298451314,24.494448286494286,0.07970020348022472,-0.006874490225785512,12.147737260553388,9.530124665235654
1.4129999999999552,4.70208592678372,36.610713963759586,36.96058063158447,9440.646688866505,-0.0386027966920664,24.50200552363727,0.08013862206758476,-0.006981171705275568,12.151393130279041,9.529509949169546
1.413999999999955,4.710095077310585,36.59905357546271,36.9890732160985,9421.582019979855,-0.03882074446576106,24.50988761968944,0.08056541136764672,-0.0070934042502661665,12.155154047682062,9.528853221182338
1.414999999999955,4.717797791383608,36.58279668778605,37.01756580061251,9404.42381798187,-0.03905496061506003,24.51750756715928,0.08097724151713598,-0.007210740732982335,12.158833208514839,9.528238509223142
1.4159999999999549,4.725448275879963,36.578963948539695,37.04605838512653,9388.981436183683,-0.039299608024111365,24.52502425667467,0.08137434111005315,-0.00733222048379667,12.162424311180017,9.527623925871566
1.4169999999999547,4.733167568596962,36.58242487243036,37.07550072245768,9375.083292565316,-0.03955408990740106,24.532585131484154,0.08175753013187625,-0.0074582403318234625,12.166008251362717,9.527001938003082
1.4179999999999546,4.741211512214963,36.5948202350464,37.103993306971695,9362.574963308785,-0.03981766442930773,24.540435615207656,0.08212910556876779,-0.007586332411596397,12.169713894621578,9.526342680689979
1.4189999999999545,4.748947773404969,36.60195394265242,37.13248589148572,9351.317466977907,-0.040088619615629095,24.548019876114576,0.08249031499561371,-0.007715459962026994,12.173333987343705,9.52572638133239
1.4199999999999544,4.756692371915715,36.62032522211551,37.160978475999734,9341.185720280117,-0.04036070068146158,24.555561896810218,0.08284485881873438,-0.007845553106161529,12.176890732734304,9.525105241332067
1.4209999999999543,4.764445315514387,36.64186567078217,37.18947106051376,9332.067148252105,-0.04063415056689801,24.563104930053203,0.0831951583054581,-0.007977253576670451,12.1804320645435,9.524487237692558
1.4219999999999542,4.772206611974893,36.666465843855505,37.21796364502777,9323.860433426895,-0.04090813684045952,24.57064862903231,0.08354334390507662,-0.008109467639174306,12.183972051163373,9.523870103908665
1.422999999999954,4.779976269077853,36.69426100572096,37.24645622954179,9316.474390084206,-0.04118138473930694,24.578191316556786,0.08389119481290191,-0.008241156557072193,12.187506738951425,9.523255839669782
1.423999999999954,4.78781516217905,36.72607730835398,37.274948814055804,9309.826951075785,-0.04145319556828303,24.585788506970932,0.08424030875689559,-0.008371889067455729,12.191056177729433,9.522637476417357
1.4249999999999539,4.795601605381923,36.758631490542285,37.30344139856983,9303.844255968208,-0.041723660119109385,24.59333583989824,0.08459138911485709,-0.008501685489553823,12.194583037597228,9.522030409252812
1.4259999999999537,4.803396432637705,36.79489776934322,37.33193398308384,9298.459830371388,-0.04199227416810242,24.600877075394724,0.0849451298053282,-0.008630864880508349,12.198093604262752,9.521425047038791
1.4269999999999536,4.81119965175396,36.833186505270845,37.359476814780734,9293.613847334249,-0.0422598693831554,24.608420935327963,0.08530160930413389,-0.008759982893483564,12.201597792949457,9.520822641271886
1.4279999999999535,4.818752782245891,36.86907468428171,37.38796939929475,9289.252462600823,-0.04252676314083709,24.615732730524343,0.08565978261696289,-0.008889991364106675,12.205001367949375,9.52025207186928
1.4289999999999534,4.826572529542121,36.91514709025184,37.416461983808766,9285.327216340742,-0.04279249510291461,24.623259351027794,0.08602008386256882,-0.009020402958785922,12.208464167102976,9.519648197382704
1.4299999999999533,4.834461807184791,36.95845849528754,37.444954568322785,9281.794494706668,-0.043060672234713604,24.630874745906205,0.08638130028725727,-0.009150717744556613,12.211987674605567,9.51904387836197
1.4309999999999532,4.842298434057453,37.00201062272872,37.47249740001966,9278.615045236002,-0.04333032505552664,24.638439749409976,0.08674290959323694,-0.009280359160371732,12.215496902039652,9.51844771027859
1.431999999999953,4.849883893769359,37.04437079583988,37.50098998453368,9275.753540712401,-0.04360034227772086,24.645763257229444,0.08710410783389977,-0.009410902326885406,12.218889843873889,9.517882233447304
1.432999999999953,4.857737110000072,37.096283505958084,37.52853281623057,9273.178186641162,-0.04387068712333969,24.653304681252585,0.08746564701772347,-0.009542790471772089,12.222340860410469,9.517282038043605
1.4339999999999529,4.865338623502058,37.13942024240767,37.557025400744585,9270.860367977046,-0.04414442157618509,24.66064542019923,0.0878256335554059,-0.009676310006381195,12.225736045817502,9.516717184650393
1.4349999999999528,4.873269780332091,37.19373404279651,37.585517985258605,9268.774331179342,-0.044418969773301564,24.668256506324816,0.0881853851521211,-0.009809776437951001,12.22922143589056,9.516108668087396
1.4359999999999526,4.881148119735718,37.24200311972788,37.61306081695549,9266.896898061408,-0.0446970047394436,24.67585029243368,0.08854409525505441,-0.009943166100165435,12.232726442805287,9.515515283964362
1.4369999999999525,4.88877394531571,37.28890583430305,37.64060364865238,9265.207208255268,-0.04497585285084671,24.68320095499193,0.08890175207793694,-0.010077096142501019,12.236124040064253,9.514949482522303
1.4379999999999524,4.896407695061205,37.341004406611184,37.6690962331664,9263.68648742974,-0.04525420716067935,24.690532465160203,0.08925900849962842,-0.010212424141930632,12.239479511968803,9.514379949239196
1.4389999999999523,4.904372388967674,37.39777471468748,37.69663906486328,9262.317838686768,-0.04553441902587113,24.698170746611414,0.0896166250620174,-0.010348445864196365,12.242962919352177,9.513772864889598
1.4399999999999522,4.912022321374875,37.44407601687,37.72418189656016,9261.086054818092,-0.04581749267091578,24.705553473091356,0.08997319394868158,-0.010484532395519164,12.246379323323877,9.51320888784083
1.440999999999952,4.919680199620773,37.49764286964622,37.75267448107418,9259.977449336282,-0.04609905874214737,24.712905205638886,0.09032991389226386,-0.010620609261868974,12.249748592392224,9.512638261324923
1.441999999999952,4.927669995523906,37.55617653067934,37.780217312771065,9258.979704402655,-0.04638139090520571,24.7205626065723,0.09068771888499338,-0.01075649062102596,12.25323676819287,9.51203205521037
1.4429999999999519,4.935344100659196,37.60405332496747,37.807760144467956,9258.08173396239,-0.046665981770667275,24.727964193486216,0.09104527952440938,-0.010892363692056484,12.256655974488101,9.51146882411984
1.4439999999999518,4.943026173361353,37.65902912189751,37.83530297616483,9257.273560566151,-0.046948797258500374,24.73533537832569,0.09140378500140778,-0.011028270815782615,12.260029144208243,9.51089908973604
1.4449999999999517,4.950716220794362,37.71347833841223,37.86284580786172,9256.546204509536,-0.04723170389212061,24.742718219408797,0.09176305823089692,-0.011165196570239344,12.263399981413725,9.510331214900427
1.4459999999999515,4.958414250128199,37.76769291657423,37.89133839237574,9255.891584058581,-0.04751521266007658,24.75011109617021,0.09212285897343092,-0.011302549246209603,12.266780834999604,9.509761920567353
1.4469999999999514,4.966445816999297,37.82750550361913,37.91888122407262,9255.302425652724,-0.04779961579066472,24.75780735076046,0.09248410303955346,-0.011438558148884115,12.270289802266369,9.509155477394362
1.4479999999999513,4.974222000075965,37.878080911738614,37.946424055769505,9254.772183087453,-0.04808585645102692,24.765299842321877,0.09284573574182908,-0.011573827097377642,12.273744940467978,9.508586746079516
1.4489999999999512,4.981944374323329,37.933756854736416,37.973966887466396,9254.294964778708,-0.048370557492509236,24.772710811903718,0.09320878006106331,-0.01170929809944049,12.277135263613909,9.508019699630033
1.449999999999951,4.989674759512119,37.990036336838344,38.001509719163266,9253.865468300837,-0.048655325706848496,24.7801268747119,0.09357321306377686,-0.011846178700897159,12.2805138401947,9.507453332336759
1.450999999999951,4.997475138324881,38.04677702001319,38.02810279804302,9253.478921470754,-0.048941331986822934,24.78761084007996,0.09393890953490802,-0.01198410590185156,12.283926015248474,9.506878783057147
1.4519999999999509,5.004894478058768,38.096089314766246,38.055645629739914,9253.131029323678,-0.049228009693578934,24.79475508038935,0.09430418562470672,-0.012123254352459922,12.28720745496311,9.506350419810348
1.4529999999999508,5.012710719287711,38.15857443991596,38.08318846143679,9252.817926391312,-0.049513495536469276,24.802223830261088,0.09467064620206628,-0.012262487938294986,12.290585012707501,9.505768483495093
1.4539999999999507,5.020472985204901,38.212220174165324,38.11073129313368,9252.53613375218,-0.0498018605288999,24.809687803759044,0.09503656541188432,-0.012401035883887246,12.294000188477959,9.505202512572797
1.4549999999999506,5.028305435310743,38.26920650693777,38.13827412483056,9252.282520376963,-0.0500903696273296,24.817203844556282,0.0954026731660298,-0.012537989877160705,12.297437061772635,9.504625671589599
1.4559999999999504,5.036146021227844,38.32577019077747,38.16486720371031,9252.054268339267,-0.05037908877551195,24.824730591254067,0.0957692686634179,-0.012673920728284382,12.300876078088589,9.504052151254545
1.4569999999999503,5.043603824045078,38.3763272734928,38.19241003540719,9251.84884150534,-0.05066725018995516,24.831907841005275,0.09613559793784798,-0.012811180379737108,12.304166962599421,9.503523068955833
1.4579999999999502,5.051460343287741,38.439818693737244,38.219952867104084,9251.663957354805,-0.050954083934826255,24.839412573355627,0.09650368090803702,-0.012949172397659636,12.307554210251503,9.502940640219126
1.4589999999999501,5.059325020005716,38.49524081860265,38.24654594598383,9251.497561619326,-0.05124409222063603,24.846970290726738,0.09687227430267448,-0.013087252738457622,12.311005582269388,9.502367237580945
1.45999999999995,5.066868208158504,38.546469345049715,38.27408877768072,9251.347805457393,-0.05153416887947376,24.854229787845,0.09724085009477423,-0.013225492368793446,12.314340349826313,9.501829815004864
1.46099999999995,5.074748901714383,38.609272144042485,38.300681856560466,9251.213024911654,-0.05182293183611414,24.861762989931233,0.09761135655343173,-0.013363525291789302,12.317747627225188,9.501249191570574
1.4619999999999498,5.082245072935272,38.6589155800532,38.32822468825736,9251.09172242049,-0.05211361214898469,24.868984423393727,0.09798147757299824,-0.013502705561485473,12.321056915789853,9.50072128668399
1.4629999999999497,5.090141770527423,38.72236333340873,38.354817767137106,9250.982550178442,-0.0524033588014064,24.876530305937308,0.0983534491768468,-0.013641494978246738,12.324468801884505,9.500137533193104
1.4639999999999496,5.097778253212061,38.773834400370134,38.382360598833976,9250.884295160598,-0.05269539212216717,24.883882193866494,0.09872517910719031,-0.01378020101133448,12.327835695320712,9.49959560440154
1.4649999999999495,5.105691065343535,38.8353816820203,38.40895367771373,9250.795865644539,-0.052986765125227264,24.891454908402725,0.09909864408690156,-0.01391830722120535,12.331272063561462,9.49901429209169
1.4659999999999493,5.113280544523568,38.88662214666119,38.43554675659349,9250.716279080085,-0.05327937058944926,24.898761212663796,0.09947208907269811,-0.014056560994013534,12.334617840474545,9.498479748531931
1.4669999999999492,5.120877608079669,38.944145375683654,38.46213983547324,9250.644651172077,-0.05357039125338675,24.906040411630762,0.09984657332565211,-0.014195979235456457,12.337921500911424,9.497935894862017
1.4679999999999491,5.128482262586568,39.00057356574027,38.489682667170115,9250.580186054869,-0.05386183778770254,24.913333268545784,0.10022142509906612,-0.014336189910621522,12.341228750946431,9.497393779852942
1.468999999999949,5.13642698449672,39.06196057446714,38.516275746049864,9250.522167449382,-0.054154617810169725,24.920938986283716,0.10059744459136893,-0.01447569460869036,12.344673597671314,9.496811472765788
1.469999999999949,5.144109893126924,39.11355696222942,38.54286882492962,9250.469950704444,-0.054449191406275466,24.928337010360917,0.10097308840090485,-0.014614015521217882,12.348066956715895,9.49626806941471
1.4709999999999488,5.151737710243926,39.17019903625175,38.56946190380937,9250.422955634,-0.054741873473615976,24.935652043210798,0.10134952675088221,-0.014752321050958417,12.351395295017971,9.495725249755035
1.4719999999999487,5.159373144949099,39.22728119903122,38.59605498268912,9250.3806600706,-0.05503421655081836,24.94297223986382,0.10172672248864045,-0.014891411920196995,12.354711923847782,9.495182861027478
1.4729999999999486,5.167079065894765,39.2846653534569,38.622648061568874,9250.342594063539,-0.05532734312103599,24.9503613147701,0.10210462272039372,-0.015031101138427039,12.358063081696592,9.494631766189848
1.4739999999999485,5.174729795535802,39.339841244905806,38.64924114044862,9250.308334657186,-0.055621198122272064,24.957707415298668,0.10248273291862497,-0.015170636460277442,12.361407149496216,9.49408920949433
1.4749999999999484,5.182451104586589,39.39745347395877,38.67583421932837,9250.277501191467,-0.055914964599169004,24.96511066902114,0.10286156067386715,-0.015309820769374594,12.364768511583788,9.493537777125885
1.4759999999999482,5.190180137689911,39.45396669020298,38.70242729820813,9250.24975107232,-0.05620929666146568,24.972527741749253,0.10324100808441128,-0.015448566092447491,12.368139660172178,9.492988191083363
1.4769999999999481,5.197853879542347,39.50970284674596,38.72902037708788,9250.224775965089,-0.05650379689490881,24.979893811489507,0.10362110527620466,-0.01558725444710396,12.371489747656986,9.492445482520191
1.477999999999948,5.205598340801767,39.56765907784992,38.75561345596763,9250.20229836858,-0.05679836791217113,24.987318343818792,0.10400239629283381,-0.015725965250759755,12.37485645869041,9.491894484288016
1.478999999999948,5.213350546201545,39.624366906297006,38.78125678203024,9250.182068531722,-0.057093812454686754,24.99475752793853,0.10438481086416407,-0.015864832167515497,12.378235197839867,9.491345166150845
1.4799999999999478,5.220711456077452,39.67471817778649,38.80784986090999,9250.16386167855,-0.0573888827994436,25.00184039749565,0.10476705696739463,-0.016005089339402534,12.3814669581603,9.490841471857223
1.4809999999999477,5.228478815349206,39.738239061737694,38.83444293978974,9250.147475510696,-0.057682852875983015,25.009257012598404,0.10515119676602003,-0.016145848391549866,12.38479749610047,9.49028270820033
1.4819999999999476,5.23625393863368,39.793458291451216,38.861036018669495,9250.132727959626,-0.057979954815974066,25.01672731497582,0.1055354857846631,-0.016285932337597453,12.388192414802578,9.489733852064415
1.4829999999999475,5.244036832662094,39.84989464001662,38.88667934473211,9250.119455163664,-0.05827755375230542,25.024198711469115,0.10592048188201114,-0.016424806278593662,12.39159502586029,9.489182527881244
1.4839999999999474,5.251490353308713,39.901560876587524,38.913272423611865,9250.107509647298,-0.05857420615386849,25.031366931690094,0.10630542401396392,-0.016563852865362882,12.394862586574275,9.488672181157705
1.4849999999999473,5.259288493561538,39.96439462217923,38.93891574967448,9250.096758682568,-0.058869789037968856,25.038818121610582,0.10669242439144877,-0.01670358587706372,12.3982109866758,9.488114652016371
1.4859999999999471,5.266756655051349,40.0145809084829,38.96550882855423,9250.087082814312,-0.05916729998450382,25.046009116446605,0.10707879746194587,-0.016844072240248142,12.401487460058203,9.487604614537112
1.486999999999947,5.2745700674692,40.07678344463302,38.99115215461685,9250.07837453288,-0.05946405383441883,25.053479065019477,0.1074668282455929,-0.016984358074017103,12.404854301316192,9.487045344949149
1.487999999999947,5.282052894744509,40.126980629592964,39.0177452334966,9250.070537079593,-0.05976216589155092,25.06068464601526,0.10785406945415021,-0.017124449475538928,12.408140040209398,9.486535428122291
1.4889999999999468,5.289945103849035,40.19040605472441,39.043388559559205,9250.063483371634,-0.060059419010689064,25.068226645904417,0.1082432784953482,-0.017263967167182925,12.411535775982372,9.485968579138353
1.4899999999999467,5.297442660804232,40.239704685891,39.069031885621825,9250.05713503447,-0.06035828619013206,25.07545191067218,0.10863173944661308,-0.017403143497898343,12.414834524489171,9.48546027443923
1.4909999999999466,5.304947420362238,40.2969059064424,39.095624964501575,9250.051421531023,-0.060654905255798974,25.08264067309112,0.10902110399166676,-0.01754349003742267,12.418082179906879,9.484939463690965
1.4919999999999465,5.31286262550235,40.359555890479285,39.12126829056419,9250.04627937792,-0.06095272485746772,25.090209864172795,0.10941220812267693,-0.01768301716902998,12.421483052140594,9.484375260563203
1.4929999999999464,5.320382152157291,40.40839647531324,39.14691161662681,9250.04165144013,-0.06125259519190801,25.097459605437678,0.109802603499982,-0.017822675736749782,12.424798183300325,9.483864974643943
1.4939999999999463,5.327908899735209,40.46565427718963,39.17255494268942,9250.037486296116,-0.061550074452994485,25.104669995690582,0.11019398076564108,-0.017962603298878665,12.42805726431985,9.483344510239975
1.4949999999999461,5.335506608082258,40.52287744815062,39.198198268752044,9250.033737666505,-0.06184775387590796,25.111951497943984,0.11058608041208029,-0.018102994317631682,12.43133780215544,9.482819229883871
1.495999999999946,5.343047854646397,40.5773424212945,39.223841594814665,9250.030363899854,-0.06214627844842979,25.119191775714278,0.11097815973941744,-0.018243807804532997,12.434615553953167,9.482300442954728
1.496999999999946,5.350660152207719,40.63412394479847,39.24948492087728,9250.027327509868,-0.062444797593941115,25.1264903062627,0.11137052104742245,-0.018383898521458275,12.437914611396092,9.481772794427949
1.4979999999999458,5.35827977305846,40.68978039764631,39.2751282469399,9250.024594758881,-0.06274362208623308,25.133802368855477,0.111763040994386,-0.018523327477108165,12.441223907224373,9.48124684781674
1.4989999999999457,5.365842833124693,40.744653810064946,39.3007715730025,9250.022135282994,-0.06304223165835099,25.141062167568805,0.1121557081519462,-0.018662386572831313,12.444511373864653,9.480727640716044
1.4999999999999456,5.373477079757047,40.801772352387886,39.32641489906512,9175.019921754694,-0.06334058501905765,25.1483807412354,0.11254912978018633,-0.018801118592442156,12.447815500407213,9.48019980447769
1.5009999999999455,5.381118668019736,40.569505782295074,39.352058225127735,9107.517929579226,-0.06365672020124019,25.156532792961382,0.11296556014086351,-0.01888902298390055,12.452129124047703,9.479379950694746
1.5019999999999454,5.388767604043877,40.32784065494851,39.377701551190356,9046.766136621303,-0.06397276447110178,25.164821195733595,0.11337974432010695,-0.018915242099032836,12.456749879414353,9.478633373825193
1.5029999999999453,5.39642389396535,40.12505722656145,39.40334487725296,8992.089522959173,-0.06424164063638343,25.17297428832379,0.11381733708453362,-0.018946214782695203,12.461184343263223,9.477897460939497
1.5039999999999452,5.404087543924794,39.95287172843378,39.42803845049847,8942.880570663256,-0.06446558034169941,25.18102933391298,0.11428614386993774,-0.01899457897351725,12.46540808084327,9.477196902093539
1.504999999999945,5.411350818831361,39.79663907075039,39.453681776561076,8898.59251359693,-0.06465534469541767,25.188652949742792,0.11478804815876065,-0.019057372225430302,12.469361260250244,9.476571043812584
1.505999999999945,5.419093021775374,39.674041508219254,39.47932510262369,8858.733262237238,-0.06481975168561382,25.19661933459928,0.11532445037270195,-0.019126554188494238,12.473364155897105,9.47591315604567
1.5069999999999448,5.426778478945649,39.55856506765865,39.50401867586917,8822.859936013514,-0.06496966600717596,25.204535836642165,0.11588910898286647,-0.0192001265387281,12.477349046586177,9.475304901046526
1.5079999999999447,5.434126786742565,39.45625309638341,39.529662001931776,8790.573942412164,-0.06510845298780193,25.21208325371374,0.11647454208730607,-0.019279051372290412,12.481135053507995,9.47475600067787
1.5089999999999446,5.441826708586779,39.3803242765193,39.55435557517728,8761.516548170948,-0.06524414402109241,25.219871495556923,0.11707428730768749,-0.01936279038069355,12.484932195377722,9.474179641311828
1.5099999999999445,5.449188885174866,39.30482556649433,39.57999890123989,8735.364893353853,-0.06538734682555503,25.22735341828347,0.11767628834086546,-0.01945327687528925,12.488598279500806,9.473663387569744
1.5109999999999444,5.456903295375492,39.253299558277995,39.60469247448537,8711.828404018468,-0.06554179481860356,25.235082783546503,0.11827437480060649,-0.019550134520407936,12.49230797275045,9.473102601107627
1.5119999999999443,5.464343758697467,39.20136964469389,39.63033580054798,8690.645563616621,-0.06571363189212481,25.242567828136867,0.118859016343349,-0.019653627601730894,12.49591928389735,9.472588325468923
1.5129999999999442,5.472072720435154,39.169301741303755,39.65502937379346,8671.58100725496,-0.06590287169785719,25.25025372674678,0.11942741952977298,-0.019764004124035228,12.499566329442533,9.472031537971338
1.513999999999944,5.479462740873435,39.13512647449401,39.67972294703895,8654.422906529464,-0.06611163757003174,25.25763474003012,0.1199741464454277,-0.01988078440577251,12.503090683392074,9.47152325714875
1.514999999999944,5.486924088343973,39.116346328404994,39.705366273101575,8638.980615876517,-0.0663365336071931,25.265019805590782,0.12049971982930224,-0.02000467334165512,12.506569015866358,9.470993877084695
1.5159999999999438,5.494674746347577,39.10698796640939,39.73005984634705,8625.082554288865,-0.0665789637143242,25.272658766622815,0.12100504371292226,-0.020132588421105713,12.510141943716663,9.470434192783706
1.5169999999999437,5.502150157863927,39.0946538107756,39.754753419592525,8612.574298859978,-0.06683633619049772,25.28005559128673,0.12149017658497763,-0.020264419462393712,12.513638309244284,9.46991017000824
1.5179999999999436,5.509567852108126,39.09304491919377,39.77944699283801,8601.31686897398,-0.06710243582607017,25.287348310327605,0.12195892394032987,-0.020399391514540732,12.517051198209192,9.469385140231827
1.5189999999999435,5.517057049447128,39.09799304584441,39.80414056608349,8591.18518207658,-0.06737620154715018,25.29468836223942,0.12241462498520184,-0.02053669802846353,12.520459911078001,9.468852781999626
1.5199999999999434,5.524553167074211,39.10578541684769,39.82883413932898,8582.066663868922,-0.06765615464691294,25.30203100361231,0.12285999898675137,-0.020675195905353883,12.52387324310714,9.468321163834958
1.5209999999999433,5.53205621054887,39.1179186648432,39.85352771257446,8573.85999748203,-0.06793933557697623,25.309366510434522,0.12329812296328263,-0.020813308580240608,12.527279316851837,9.467790707919178
1.5219999999999432,5.539501406277071,39.13300156480404,39.87822128581994,8566.473997733827,-0.0682233607552366,25.31663692384775,0.12373164566695549,-0.02095078321521565,12.530648408198946,9.467270042455205
1.522999999999943,5.547018279915251,39.153674286105556,39.902914859065426,8559.826597960444,-0.06850692939831488,25.3239557948027,0.1241633642583988,-0.021087220622350078,12.534021497819847,9.466742741127417
1.523999999999943,5.554542096081842,39.17611496599926,39.92760843231091,8553.843938164398,-0.06878993191870797,25.33127927783518,0.12459479566829779,-0.021222269673836724,12.537395363296202,9.466220259949035
1.5249999999999428,5.562072860352939,39.20155734834008,39.95230200555639,8548.45954434796,-0.06907155124292513,25.338599565719385,0.125027365019019,-0.02135610262165205,12.540761849743308,9.465700306369524
1.5259999999999427,5.56961057830881,39.22966972936388,39.97699557880187,8543.613589913162,-0.0693516865139231,25.3459178359727,0.1254619714391817,-0.021488906534344543,12.544118847750862,9.46518381842343
1.5269999999999426,5.57715525553389,39.26010728900603,40.00073939923022,8539.252230921848,-0.06963070280012629,25.3532354312097,0.12589904145243425,-0.021621171025245467,12.5474680353086,9.464670174530292
1.5279999999999425,5.584356314175016,39.28700984947929,40.025432972475706,8535.327007829663,-0.0699079853181262,25.360234521525577,0.1263370556707547,-0.021754404196562105,12.550679603539677,9.46419931280849
1.5289999999999424,5.591914623100259,39.32703323730554,40.050126545721184,8531.794307046697,-0.07018413295361137,25.367520620934105,0.12677788198509854,-0.021888046838275166,12.553969597624075,9.463680788077706
1.5299999999999423,5.599479907836788,39.361397341129745,40.073870366149535,8528.614876342028,-0.07046313738301696,25.374850123697506,0.12721912977628158,-0.022020734404367137,12.557310819598966,9.46317423945077
1.5309999999999422,5.60676581312992,39.393708441271926,40.09856393939502,8525.753388707824,-0.07074204771444503,25.381915617105097,0.12765945942918022,-0.022153784756214823,12.56054670903368,9.462698663417571
1.531999999999942,5.614344800416971,39.43725188896905,40.122307759823364,8523.178049837043,-0.07102072992305031,25.389213435416757,0.12810057368394806,-0.022286360746647194,12.563838300052442,9.462185449693017
1.532999999999942,5.621578700957003,39.47053459015767,40.14700133306886,8520.860244853338,-0.07130135269204574,25.396227656347783,0.12853929565248523,-0.02241983728343666,12.56703652919511,9.461721171421765
1.5339999999999419,5.629236608839647,39.518064443523215,40.170745153497194,8518.774220368005,-0.07158273945661031,25.403587365701476,0.12897832749463184,-0.022553368262715034,12.570346271599323,9.46119728644979
1.5349999999999417,5.636483646375641,39.55201509205153,40.19543872674268,8516.896798331203,-0.07186673615856809,25.410616057603107,0.12941405282156493,-0.022686828357069477,12.573555690772608,9.460735601482373
1.5359999999999416,5.644090065044345,39.60066790099326,40.21918254717103,8515.207118498083,-0.07215066110907947,25.417922479109507,0.12984989529756874,-0.022820959109058736,12.576840509094975,9.460218408148815
1.5369999999999415,5.651415570761062,39.63861217858898,40.242926367599374,8513.686406648274,-0.07243705466446115,25.425011018688995,0.13028313261486962,-0.02295466696886911,12.580062126909807,9.459747964403725
1.5379999999999414,5.658747572430102,39.68292696373757,40.26667018802772,8512.317765983447,-0.07272295882294888,25.432071459961445,0.13071538150807743,-0.02309008958879749,12.583247875799634,9.45926561576183
1.5389999999999413,5.666020653367807,39.72608263500731,40.29136376127321,8511.085989385103,-0.07300963772127694,25.439081135946715,0.13114601470039455,-0.023225714841211276,12.5864068669568,9.4587941308901
1.5399999999999412,5.673719782597581,39.7771323384411,40.315107581701554,8509.977390446593,-0.07329844480567405,25.4464733664625,0.13157709525639422,-0.02336080790912709,12.589721779551878,9.45827053689422
1.540999999999941,5.681006062345315,39.8148847676372,40.338851402129904,8508.979651401933,-0.07358916456753073,25.453529916531583,0.1320057024703385,-0.023494819975156123,12.592941616533105,9.457807426489861
1.541999999999941,5.688364318600952,39.86290012040988,40.36259522255825,8508.08168626174,-0.07387760753562417,25.460600974081196,0.13243475039807268,-0.023629552065976778,12.59612273280222,9.457323464386945
1.5429999999999409,5.695729096089504,39.90914647071756,40.3863390429866,8507.273517635565,-0.07416664251865857,25.46768965956418,0.13286379725388237,-0.023764137377147942,12.599306928228982,9.45684540678172
1.5439999999999408,5.703100399842353,39.95536246004246,40.41008286341495,8506.546165872009,-0.07445636489112606,25.474786016592976,0.13329291502257523,-0.023899450469116734,12.602501902481475,9.456364535602683
1.5449999999999406,5.710478234894496,40.00195671543514,40.4338266838433,8505.891549284808,-0.07474638833564251,25.48188757787674,0.1337221303663837,-0.024034138406319128,12.605700745684407,9.455884839088892
1.5459999999999405,5.717862606284533,40.048953815727295,40.457570504271644,8505.302394356328,-0.0750364350164493,25.488994136480397,0.1341516961750645,-0.024168635878636824,12.608900022483752,9.455405108368382
1.5469999999999404,5.72525351905468,40.09629183520154,40.481314324699994,8504.772154920694,-0.07532653558182012,25.496105971111916,0.13458173439970716,-0.024302695433488286,12.612099889258145,9.454925718068969
1.5479999999999403,5.732650978250784,40.14392408491598,40.50410839231121,8504.294939428626,-0.07561672814393466,25.503223278774485,0.13501239984096242,-0.024436446670061507,12.615300941018322,9.454446599120189
1.5489999999999402,5.739698172299705,40.186121537513834,40.52785221273956,8503.865445485764,-0.07590570030524024,25.510021797012705,0.13544218563225602,-0.024571327313273383,12.618369621513052,9.45400851529601
1.54999999999994,5.747108442796272,40.24001193979899,40.551596033167904,8503.478900937189,-0.07619385757610997,25.51711714760213,0.13587360622042616,-0.024706594969482798,12.62152524956175,9.453519439264209
1.55099999999994,5.754525274656209,40.28663167152693,40.57533985359626,8503.13101084347,-0.0764845674319935,25.524261074808788,0.1363045854652838,-0.024840430944320924,12.624738851816133,9.453041684732415
1.5519999999999399,5.761948672939692,40.33447010881439,40.59813392120747,8502.817909759124,-0.0767753584096087,25.531405049263853,0.1367356999295964,-0.024973386569324074,12.627960008486733,9.45256061877317
1.5529999999999398,5.769086593028396,40.37850512762452,40.62187774163582,8502.536118783211,-0.07706458820108153,25.538285507940724,0.13716612487810576,-0.02510606084710948,12.631063503396655,9.452115468034481
1.5539999999999397,5.776522879187749,40.43221216536687,40.644671809247036,8502.28250690489,-0.07735297810780195,25.545409449533054,0.13759838293420323,-0.02523927862199138,12.634234066138884,9.451628069687006
1.5549999999999395,5.783607171689598,40.47418214393921,40.66841562967538,8502.054256214402,-0.07764223394981112,25.552248638724674,0.13802921425963693,-0.025372828739305575,12.63731802425346,9.451191327483862
1.5559999999999394,5.791122380376946,40.52966598151501,40.691209697286595,8501.848830592962,-0.07793115669522899,25.559441914084232,0.13846205205326284,-0.02550645698280557,12.640520080379083,9.450692813263014
1.5569999999999393,5.798219005747881,40.5704390911007,40.714953517714946,8501.663947533667,-0.0782211493831882,25.566300759340972,0.13889301550688166,-0.02563921617491921,12.643622191605473,9.450258489459387
1.5579999999999392,5.805747214749171,40.62643515840857,40.73774758532616,8501.4975527803,-0.07851017272483246,25.573504553915924,0.13932626728291103,-0.025772146343406077,12.646828825782872,9.449759093250433
1.558999999999939,5.812856191661157,40.667593232866246,40.76054165293737,8501.347797502269,-0.07880021396707254,25.580373929654876,0.13975790686811146,-0.025903924322542016,12.649932148307379,9.449325407602869
1.559999999999939,5.820037388718354,40.71810509309172,40.78333572054859,8501.213017752041,-0.07908799182432408,25.587262260935752,0.14019049921588495,-0.026037713089528847,12.653006710216324,9.44886701574032
1.5609999999999389,5.827224684330397,40.766318611555114,40.807079540976936,8501.091715976836,-0.07937626693406324,25.594169916644674,0.14062293477659227,-0.026170788810949475,12.656090180229768,9.448415218232181
1.5619999999999388,5.834712417817307,40.818896533270845,40.82987360858816,8500.982544379152,-0.07966605119872827,25.601353339909657,0.14105645544949075,-0.026303408220046953,12.659296270062628,9.447926141838828
1.5629999999999387,5.841912175654064,40.862132526973205,40.85266767619936,8500.884289941238,-0.07995648391951343,25.60830220580766,0.14148875800981564,-0.026434432386415574,12.662436021632349,9.447480419691923
1.5639999999999386,5.849118045781109,40.91169873177412,40.87546174381058,8500.795860947113,-0.08024466354396126,25.61522109513025,0.14192190154812895,-0.026566115607132845,12.665530577438245,9.447024634160332
1.5649999999999384,5.856330032721036,40.960526591463555,40.8982558114218,8500.716274852402,-0.08053271489905311,25.62215036824285,0.1423555866766978,-0.02669765903333976,12.668621699889776,9.446571897532042
1.5659999999999383,5.863548140999543,41.008875293627696,40.921049879033006,8500.644647367162,-0.0808211393821271,25.62908859220066,0.1427896446831471,-0.026829887054864665,12.671722925679077,9.446117072509693
1.5669999999999382,5.870772375145446,41.0571893984302,40.94384394664422,8500.580182630445,-0.08110974170421897,25.636033199195953,0.14322393213051515,-0.026961689220727725,12.67483014990096,9.44566269599415
1.567999999999938,5.87800273969068,41.10559840236591,40.966638014255444,8500.522164367401,-0.08139828950485739,25.642983455344094,0.1436585383689249,-0.02709324345419384,12.677939490435751,9.445208113999119
1.568999999999938,5.885239239170291,41.154094517888566,40.98943208186665,8500.469947930662,-0.0816867934684356,25.649939400610904,0.14409351498955997,-0.02722433527215007,12.68105034153448,9.444753575552655
1.569999999999938,5.892481878122457,41.202657219027834,41.01127639666073,8500.422953137597,-0.0819752872462231,25.656901144986584,0.14452897356519578,-0.027355038872172777,12.684163061553374,9.444299059082201
1.5709999999999378,5.899367459513858,41.24547434536829,41.034070464271956,8500.380657823836,-0.08226225590153208,25.6635385662764,0.14496325953722944,-0.027486864343929385,12.687141590586812,9.443885983285057
1.5719999999999377,5.906622101505413,41.300011294707126,41.05686453188316,8500.342592041452,-0.08254847323425313,25.670478202571203,0.14539918911447886,-0.02761908577984301,12.690209692874701,9.443420312627689
1.5729999999999376,5.913949564846496,41.348026127941786,41.07870884667724,8500.308332837307,-0.08283741616368712,25.677528000908147,0.14583481720718644,-0.027749289822416423,12.693361961652569,9.442959194306148
1.5739999999999374,5.920852494662658,41.389168674601954,41.10150291428847,8500.277499553576,-0.0831248317047879,25.684192457537527,0.14626851214916903,-0.027880019904436948,12.696369697535632,9.442545358885193
1.5749999999999373,5.928125355190216,41.44414245165436,41.12429698189967,8500.249749598219,-0.08341042414466704,25.691147899486936,0.14670404163796835,-0.028010047178525843,12.69944679673128,9.442079095938727
1.5759999999999372,5.935471158027714,41.492509090960255,41.146141296693756,8500.224774638398,-0.08369842977870834,25.698214091582514,0.1471398006283664,-0.028138334587126612,12.70260228006747,9.44161774612604
1.5769999999999371,5.942391474310865,41.53382459089258,41.168935364304964,8500.202297174557,-0.08398503737660856,25.704894990838717,0.14757420900913393,-0.028267585907931714,12.705614637361844,9.441203714409085
1.577999999999937,5.949749440451183,41.59001830416058,41.190779679099045,8500.182067457103,-0.08427036630440943,25.71192861674878,0.14801149389301127,-0.02839635772692617,12.708723160373399,9.440729790626479
1.578999999999937,5.956681288033139,41.63052691346286,41.21262399389313,8500.163860711393,-0.08455659878126148,25.718625613189804,0.14844733666035664,-0.028525406249751195,12.711731905003164,9.440320112016312
1.5799999999999368,5.963685668254149,41.68034014760639,41.23541806150434,8500.147474640253,-0.08484073509609719,25.725342006497264,0.14888412814673707,-0.028656520782913142,12.714715889192657,9.43988526451445
1.5809999999999367,5.97106178412412,41.73362124570228,41.25726237629843,8500.132727176227,-0.08512694977219426,25.73241040277839,0.14932245716986958,-0.028785264384860454,12.717846657247193,9.439415663927074
1.5819999999999366,5.978010838486811,41.7736920978027,41.27910669109251,8500.119454458605,-0.08541376315654942,25.739127133940187,0.14975888662381714,-0.028914194907354196,12.720875873362246,9.439002941772372
1.5829999999999365,5.985032544012795,41.82368583117976,41.30095100588659,8500.107509012745,-0.08569787546461138,25.745859808627362,0.15019613798105563,-0.029043498034708903,12.7238682038416,9.438568752639828
1.5839999999999363,5.992059951293922,41.871321884873794,41.32279532068067,8500.096758111471,-0.08598213767211937,25.752611614447734,0.1506333111871292,-0.02917226366938991,12.726866117223043,9.438140256845255
1.5849999999999362,5.999093064369524,41.91851657379678,41.345589388291884,8500.087082300324,-0.08626661627871823,25.75937167778134,0.15107014250650114,-0.029301522032635696,12.729876770921447,9.437708147533638
1.5859999999999361,6.006499345163317,41.97161958866406,41.367433703085965,8500.078374070292,-0.08655258386311476,25.76647126827988,0.1515083681612846,-0.029428209102001168,12.733030415252516,9.437235029600249
1.586999999999936,6.013476997531524,42.0119342079102,41.389278017880045,8500.070536663263,-0.08683842232257227,25.773215169054094,0.1519449854013898,-0.02955402253443218,12.736071347562621,9.436822553045033
1.587999999999936,6.020527497901923,42.062206302609155,41.41017257985699,8500.063482996937,-0.08712134331970034,25.779975016229912,0.15238323694017053,-0.029681058281565365,12.73907247043648,9.43638748960073
1.5889999999999358,6.027282655496616,42.10524129082535,41.43201689465108,8500.057134697243,-0.08740322271926504,25.786480700539634,0.1528207101786594,-0.029809028947491045,12.741966871467998,9.435993235792
1.5899999999999357,6.034344358227878,42.15748674569112,41.45386120944515,8500.05142122752,-0.08768510803050339,25.79324040743203,0.1532596229971691,-0.0299387072812784,12.744947412006951,9.435551609324252
1.5909999999999356,6.041411791045606,42.20342210917571,41.47570552423923,8500.046279104768,-0.08796915390081633,25.800041888919107,0.15369764167501976,-0.030066211718705715,12.747980050857135,9.435121684972291
1.5919999999999355,6.048484958007818,42.250310694998234,41.49754983903332,8500.041651194293,-0.08825295494367424,25.806843694322886,0.15413536264079386,-0.03019310698958011,12.751018895174042,9.434687782824575
1.5929999999999354,6.055563863175196,42.297822695640754,41.51844440101026,8500.037486074863,-0.08853608817795344,25.813647648759087,0.154573203471018,-0.03031811097456727,12.754050783562922,9.434256136509646
1.5939999999999352,6.062346224540215,42.340644787006866,41.540288715804344,8500.033737467376,-0.08881736369869714,25.820181732563615,0.15501009509809244,-0.03044402906968302,12.756967107895864,9.433858284579404
1.5949999999999351,6.069436371445216,42.39318848163614,41.56213303059842,8500.030363720638,-0.08909805105182764,25.826968123015277,0.15544875556893045,-0.030570213712043603,12.759958680993183,9.43341654853337
1.595999999999935,6.076532268578154,42.43937329044673,41.58302759257537,8500.027327348575,-0.0893806892070527,25.833796583431624,0.15588731727130534,-0.030694992797225484,12.762999975153486,9.432985711133018
1.596999999999935,6.083330903435752,42.48160847257878,41.60487190736945,8500.024594613718,-0.08966179654949133,25.84035025407922,0.15632488054986865,-0.030820800313744234,12.765934663759339,9.432586019992621
1.5979999999999348,6.090438065856777,42.534190833191936,41.625766469346395,8500.022135152347,-0.08994206336888089,25.84715338846236,0.15676444966952224,-0.030945995182915076,12.768936355085955,9.432144504285187
1.5989999999999347,6.097247489666781,42.57567593681131,41.647610784140475,8500.019921637111,-0.09022278896279665,25.853722069127514,0.15720269455511554,-0.031071069109262217,12.77186914625922,9.431748137945084
1.5999999999999346,6.104365932987065,42.62779141814957,41.66850534611742,8500.0179294734,-0.09050321942594575,25.860539136981295,0.157642794577722,-0.03119643445253739,12.774882418777867,9.431304230268108
1.6009999999999345,6.111186160697663,42.66923023889567,41.68939990809438,8500.016136526061,-0.09078393193889309,25.86711883919774,0.15808148169020148,-0.03132043857207212,12.777822894663073,9.430908408831773
1.6019999999999344,6.118011677262657,42.71658398876731,41.71029447007132,8500.014522873455,-0.09106263583587348,25.873670037877503,0.1585206297900849,-0.0314463869039493,12.780725986494998,9.430498679793153
1.6029999999999343,6.124774768914273,42.76193868224266,41.73213878486539,8500.013070586108,-0.09134089919705701,25.880170154368304,0.15895905365076124,-0.03157168795885473,12.783603921501246,9.430100536943602
1.6039999999999341,6.13198328988619,42.81491788669797,41.753033346842344,8500.011763527498,-0.09162093684915376,25.887072311692275,0.1593990285916147,-0.03169606321462132,12.786648456454866,9.429647142323919
1.604999999999934,6.138824932411381,42.85443580470057,41.773927908819296,8450.010587174747,-0.09190162703412658,25.893684367433053,0.1598366849566475,-0.031818177391457036,12.789618639868031,9.429251178035107
1.605999999999934,6.145671878290779,42.68267760490837,41.794822470796234,8405.009528457273,-0.09219255223064049,25.900923598639903,0.16029863659319243,-0.0319041191896734,12.793324963905478,9.42860259646337
1.6069999999999338,6.152524131114681,42.501433931880904,41.815717032773186,8364.508575611546,-0.09247873270218823,25.908279571317173,0.16076025691880258,-0.03193552728276239,12.797265110857134,9.4280352853256
1.6079999999999337,6.159381694475654,42.34959937126794,41.83661159475013,8328.057718050391,-0.09272181790457398,25.91552728499383,0.16124366313217076,-0.0319751744358609,12.80106602725429,9.427466327761726
1.6089999999999336,6.166244571968527,42.221360025354535,41.85750615672708,8295.251946245353,-0.0929235674969611,25.922693567698683,0.1617549797131519,-0.03202510237758083,12.804697283712036,9.426929138468378
1.6099999999999335,6.173112767190403,42.11060544087693,41.87840071870402,8265.726751620818,-0.09309273236672558,25.929808108135735,0.16229751404188458,-0.03208476126716059,12.808230391559658,9.42641259087243
1.6109999999999334,6.179986283740643,42.01475542428532,41.899295280680974,8239.154076458737,-0.09323675216397248,25.936881127247403,0.1628698832762367,-0.03214714872328128,12.811703136693314,9.425923651347356
1.6119999999999333,6.186865125220879,41.93252732814742,41.919240089840784,8215.238668812864,-0.09336134008316926,25.943915964383493,0.16346873462415407,-0.032212529246910704,12.815122431590325,9.425458947407183
1.6129999999999332,6.193374393474107,41.856830280611064,41.94013465181773,8193.71480193158,-0.09347150998773543,25.950574983350386,0.16408607797837416,-0.032282437616804105,12.818349204708685,9.425057619971943
1.613999999999933,6.200331712491207,41.80543931993776,41.96102921379467,8174.343321738422,-0.09357679741620747,25.9575698427389,0.16471801915764744,-0.03235635763137823,12.821643107339035,9.424608604745147
1.614999999999933,6.207226310872263,41.75411409867489,41.98097402295449,8156.908989564579,-0.0936871745561916,25.96452706655298,0.16535315390602479,-0.032432343044034695,12.82493734629934,9.424193745791882
1.6159999999999328,6.21375053843586,41.708498897882095,42.00186858493143,8141.218090608121,-0.09380345265814363,25.971103689800074,0.16598296196052686,-0.032515195070268565,12.828050941013402,9.423819503159404
1.6169999999999327,6.22072373565111,41.68468703188153,42.02276314690839,8127.096281547309,-0.09393177935276639,25.97802342162033,0.16660508296901122,-0.03260263697562987,12.831237179166415,9.42338781351609
1.6179999999999326,6.227634122460423,41.65821932591201,42.04270795606819,8114.386653392578,-0.09407797343545293,25.98491433047693,0.1672116763000961,-0.032694248606600584,12.83443683818616,9.422978733372517
1.6189999999999325,6.234241596574292,41.63603692754884,42.06265276522801,8102.947988053321,-0.0942388510166754,25.991494111118357,0.1677990887161323,-0.03279291084088859,12.83749653705385,9.422595941711803
1.6199999999999324,6.24078566453792,41.6242967286145,42.083547327204954,8092.653189247989,-0.09441374063826238,25.99796476058213,0.16836705049736778,-0.03289771436317307,12.840459413458014,9.422211851402997
1.6209999999999323,6.247779920677817,41.6245924977744,42.10349213636477,8083.38787032319,-0.09460648347325853,26.00482926149845,0.16891741933085191,-0.033006609184017655,12.843567267003218,9.421772297695048
1.6219999999999322,6.254402285017233,41.61565184743429,42.12343694552458,8075.049083290872,-0.09481467508184022,26.01138782476893,0.16944664555119793,-0.03311816737421264,12.846595943199498,9.42138659318072
1.622999999999932,6.260961153584956,41.61811218801033,42.144331507501526,8067.544174961785,-0.09503191955067314,26.017827508975515,0.169958969324153,-0.03323413274611153,12.849533953844965,9.420991086479543
1.623999999999932,6.26797111918814,41.63178296090319,42.164276316661336,8060.789757465606,-0.09526053422885139,26.02466297900273,0.17045908985632097,-0.03334967928846033,12.852609640994071,9.420546140552453
1.6249999999999318,6.274608403076459,41.634925998251035,42.18422112582115,8054.710781719045,-0.09549778412225365,26.031196017677566,0.17094540027920962,-0.033466087128177224,12.855605678644867,9.42015561206901
1.6259999999999317,6.281250589859836,41.649318225021545,42.20416593498096,8049.239703547141,-0.09573800807768357,26.037676403231895,0.17142328036444754,-0.03358429773388183,12.858540270581123,9.419750214044637
1.6269999999999316,6.287897682704068,41.665735221083565,42.22411074414077,8044.315733192428,-0.09598171503903288,26.044157067393083,0.17189482683180368,-0.03370205805618287,12.861458180750173,9.419350626524071
1.6279999999999315,6.294549684776851,41.68413177364776,42.24405555330059,8039.884159873185,-0.09622806973807724,26.050637628641162,0.17236185260044545,-0.03382074354806214,12.86437777972153,9.418948897647063
1.6289999999999314,6.301206599247783,41.70477109613583,42.2640003624604,8035.895743885867,-0.0964758238127936,26.05711585603457,0.17282575527869554,-0.03393813623984654,12.867295813145624,9.418549491701857
1.6299999999999313,6.307868429288374,41.72758562385623,42.28394517162022,8032.30616949728,-0.09672385775790981,26.063591569006782,0.17328794882921417,-0.034054564183049585,12.870207980614584,9.418151318447705
1.6309999999999312,6.314535178072036,41.75236481169142,42.303889980780035,8029.075552547552,-0.09697163389369542,26.070065466532704,0.17374939923660443,-0.034169655870337656,12.873113842303713,9.41775488437333
1.631999999999931,6.321206848774097,41.77889946040064,42.3228850371227,8026.167997292798,-0.09721890203199873,26.076538288328894,0.17421078904570836,-0.03428353580806953,12.876014312612412,9.417360081574694
1.632999999999931,6.327503228388287,41.801068664303,42.34282984628252,8023.551197563518,-0.0974635510169386,26.082665021020105,0.1746703384176485,-0.034398044077689205,12.878768103479691,9.41701001843969
1.6339999999999308,6.334253236500907,41.8378310848556,42.36277465544234,8021.196077807166,-0.09770783791196838,26.089163707970876,0.17513218426854626,-0.034512371585892265,12.881634116969568,9.416597007530736
1.6349999999999307,6.340939460246312,41.86568647953261,42.38176971178501,8019.07647002645,-0.09795451468415992,26.095653725536213,0.1755927090291537,-0.03462360820477489,12.884540151336026,9.41621048187251
1.6359999999999306,6.347249621112431,41.89126100290676,42.40171452094482,8017.168823023805,-0.09819846614053243,26.101783729029187,0.1760507859131173,-0.03473643403293547,12.887297519703337,9.415860090219427
1.6369999999999305,6.354014297351703,41.93160377832206,42.42165933010464,8015.451940721425,-0.09844210337832479,26.10828456171952,0.17651067783200014,-0.0348477347335992,12.890156927227906,9.415450131442963
1.6379999999999304,6.360715101892957,41.962691722372355,42.440654386447314,8013.9067466492825,-0.09868854100112145,26.1147778593021,0.17696901857854286,-0.03495690780151944,12.893054287307343,9.415064804681528
1.6389999999999303,6.36710797961319,41.992204689632985,42.460599195607124,8012.516071984354,-0.09893331439811762,26.12097440875068,0.17742509762493752,-0.035067661639284764,12.895830628927369,9.414707938934667
1.6399999999999302,6.373818442621458,42.03294630338866,42.47959425194981,8011.264464785919,-0.09917808823255225,26.12742479446427,0.17788238564121506,-0.03517773917942929,12.898669047696636,9.414309046400675
1.64099999999993,6.380220530783877,42.062914873374176,42.49858930829249,8010.138018307327,-0.09942396738003803,26.13363133030157,0.17833698433354012,-0.035288203669064155,12.901435136542988,9.413957347412879
1.64199999999993,6.386627117583131,42.099404293526774,42.51758436463517,8009.1242164765945,-0.09966899901446585,26.1398057518956,0.17879058940094666,-0.0354010553149553,12.904164966198682,9.413591049505806
1.6429999999999298,6.39296916974233,42.13442930013191,42.53752917379499,8008.211794828935,-0.09991455544870081,26.14592547707894,0.1792419730038773,-0.03551346477339995,12.90686727840663,9.41323703495432
1.6439999999999297,6.399767789161312,42.17761392586119,42.55652423013766,8007.390615346042,-0.10016322150380136,26.152455457000812,0.1796937230046542,-0.03562516535989679,12.90973757236273,9.41282583112287
1.6449999999999296,6.406188110751093,42.20754144588321,42.575519286480336,8006.651553811438,-0.1004131600454036,26.158685618603915,0.18014131380021065,-0.03573425202273284,12.912531339251657,9.412474921149393
1.6459999999999295,6.412612942183783,42.24618913503381,42.59451434282301,8005.986398430295,-0.10066061709124588,26.16487030835031,0.18058822356138454,-0.035845065137546595,12.915266702913042,9.412106566079952
1.6469999999999294,6.419042286230663,42.28430246575819,42.61350939916569,8005.387758587265,-0.10090809622011584,26.17106346550223,0.1810341821773666,-0.03595454109749996,12.917992516876645,9.411744115496656
1.6479999999999293,6.425476145664601,42.322073424463156,42.63250445550838,8004.848982728538,-0.10115610115023979,26.177263958470547,0.18147915584927754,-0.03606527265513859,12.920728479121962,9.41137789988866
1.6489999999999292,6.431914523260057,42.36001250197883,42.651499511851064,8004.364084455685,-0.10140440568077119,26.183468687076115,0.1819230395972974,-0.036175136963693344,12.923470719431077,9.411012594202885
1.649999999999929,6.438357421793072,42.398267793712705,42.67049456819373,8003.927676010117,-0.10165261148497906,26.189676736379653,0.18236614577337096,-0.036284738837780384,12.926214103561993,9.410646750016106
1.650999999999929,6.444804844041271,42.43681346433668,42.689489624536414,8003.534908409105,-0.1019006724279726,26.195888194248774,0.182808681560432,-0.036393672645578246,12.928957605344259,9.410280967989685
1.6519999999999289,6.451256792783894,42.475604928326305,42.70753492806196,8003.181417568195,-0.10214858158980503,26.202103257834622,0.18325090368155023,-0.036502011829857794,12.931701669593775,9.409915182351208
1.6529999999999287,6.457327924255184,42.508594999374445,42.726529984404635,8002.863275811375,-0.10239409404574848,26.207971760619927,0.18369073676614806,-0.03661156779789004,12.934302571034898,9.409593164838766
1.6539999999999286,6.463858060845511,42.55512565862736,42.74552504074732,8002.576948230238,-0.10263977361835364,26.214220649136944,0.18413266026400288,-0.036721446018210424,12.937022490012188,9.40920561011086
1.6549999999999285,6.470323382103628,42.59150621993456,42.76357034427286,8002.319253407214,-0.1028879631795872,26.220464420943586,0.1845729608608241,-0.03682819458936687,12.939787196530279,9.408844610570975
1.6559999999999284,6.476407141462158,42.624564915339214,42.78256540061554,8002.087328066493,-0.10313312795425081,26.226346316183083,0.18501071163177163,-0.03693699301040576,12.942405385824783,9.408518779317907
1.6569999999999283,6.482950759494884,42.67167680979571,42.801560456958214,8001.878595259844,-0.10337786840014931,26.232606306246097,0.18545075617229173,-0.03704420858627677,12.945130807488031,9.408131752639243
1.6579999999999282,6.489429477517868,42.70858816209298,42.81960576048376,8001.69073573386,-0.10362483482414742,26.23886129900732,0.1858897513024967,-0.037148978497451024,12.947897446547838,9.40776991425317
1.658999999999928,6.495595423663503,42.74315860888809,42.8376510640093,8001.521662160474,-0.1038692318510134,26.244817381198345,0.18632718180157937,-0.03725544241997092,12.950544160847521,9.407436148497744
1.659999999999928,6.501695914763461,42.78240845560593,42.85664612035198,8001.3694959444265,-0.10411062300199617,26.25068079029372,0.18676452998311494,-0.03736269620747701,12.953111797558252,9.40710326812267
1.6609999999999279,6.508257395320582,42.82849125842294,42.87469142387753,8001.232546349984,-0.10435433975323147,26.256965577225614,0.18720402799417335,-0.03746927799051164,12.955845304246635,9.406716525850063
1.6619999999999278,6.514435894887859,42.860161927963105,42.892736727403076,8001.109291714985,-0.10459885873455399,26.262951725862894,0.18764034179926703,-0.037574464378241745,12.95851195147786,9.406388826261907
1.6629999999999276,6.520548855125269,42.89911552238381,42.91173178374576,8000.998362543487,-0.1048400730323664,26.268829899507505,0.18807618916911817,-0.03768168540718969,12.961099585162998,9.406051400205238
1.6639999999999275,6.527123647401479,42.94552985463709,42.9297770872713,8000.898526289138,-0.10508310421595887,26.27512653042345,0.1885141474571121,-0.03778576234573883,12.963840342165941,9.40566540008658
1.6649999999999274,6.533314722760218,42.977527035234445,42.94782239079685,8000.8086736602245,-0.10532659187286234,26.28112378247557,0.18894933696354876,-0.03788920508099758,12.96650938767909,9.405336697428346
1.6659999999999273,6.539509923682004,43.01783300219068,42.96586769432239,8000.727806294202,-0.10556723387615485,26.28707668822927,0.18938493062802053,-0.03799415808249401,12.96912607087558,9.404991100191136
1.6669999999999272,6.545709252573579,43.05727617303602,42.98391299784793,8000.655025664782,-0.1058073867917251,26.293038816739056,0.18982052911600283,-0.038097965207799345,12.971734916421308,9.404651423326026
1.667999999999927,6.551912711843016,43.096104642233676,43.00195830137348,8000.589523098304,-0.1060476460709602,26.299008790122294,0.1902558354246235,-0.038203095250421426,12.974354357066463,9.404307886156042
1.668999999999927,6.558120303899686,43.13484939681128,43.020003604899024,8000.530570788474,-0.10628791299859552,26.304983453118933,0.19069049243612246,-0.03830720883481936,12.976980588250267,9.403965276742573
1.6699999999999269,6.564332031154267,43.17367728876349,43.03709915560743,8000.477513709627,-0.10652784421449046,26.31096184317692,0.19112463240567823,-0.03841094293016728,12.979608618505099,9.403621963020694
1.6709999999999268,6.570158101541502,43.206496948823805,43.055144459132975,8000.429762338664,-0.10676500773417813,26.316589652742962,0.19155585446242995,-0.03851570430579987,12.982091634674006,9.40332264906511
1.6719999999999267,6.576377861505674,43.25178151178026,43.07318976265853,8000.3867861047975,-0.1070019087262015,26.32253845518938,0.19198835496111388,-0.03862091954145824,12.984669402301297,9.402964233641685
1.6729999999999265,6.58260176376892,43.28888461491527,43.091235066184076,8000.348107494317,-0.10724108601997884,26.32853928682553,0.1924188941220537,-0.03872262707550855,12.98730942702227,9.402622523445078
1.6739999999999264,6.588899799414382,43.32821718690464,43.10833061689248,8000.3132967448855,-0.10748008316609892,26.33460133896228,0.19284887059031536,-0.03882379475768061,12.989984963297585,9.402266441278348
1.6749999999999263,6.594741261448428,43.359993902006266,43.12637592041802,8000.2819670703975,-0.10771544366437444,26.34025086605217,0.19327583866957765,-0.03892396417251853,12.99248810134769,9.401968686229434
1.6759999999999262,6.600977389829586,43.40587423059929,43.14347147112644,8000.253770363358,-0.10794956072831496,26.346212769862866,0.1937053631906147,-0.03902576926810997,12.995069922395004,9.40160774697942
1.676999999999926,6.606896507133709,43.43829727755085,43.161516774651986,8000.228393327022,-0.10818394450347754,26.351936244522424,0.19413214105665522,-0.039125620859103205,12.997592175052043,9.401302122697535
1.677999999999926,6.613140726099385,43.481918958038634,43.1786123253604,8000.205553994319,-0.10841815886217457,26.357919516830712,0.19456058904993617,-0.03922731468670376,13.00020347983888,9.400941114501643
1.6789999999999259,6.619067518714379,43.51447620066517,43.19665762888594,8000.1849985948875,-0.10865178880091925,26.363649936008365,0.19498643419010175,-0.0393259678767775,13.002736134174683,9.40063485445803
1.6799999999999258,6.625319837455822,43.55836222984912,43.21375317959435,8000.166498735399,-0.10888494961949408,26.36963981835884,0.1954144003624101,-0.03942636877799721,13.00534808404321,9.400273794150905
1.6809999999999257,6.631254314098995,43.591038535968394,43.23084873030276,8000.149848861859,-0.10911768828388113,26.375377268874296,0.19584012460714578,-0.03952379434559472,13.007881392427151,9.399967369874473
1.6819999999999256,6.637122311125795,43.62886552695024,43.247944281011165,8000.134863975673,-0.10934766899741169,26.381018149666552,0.19626581815544836,-0.03962492417287822,13.010348958429773,9.399650681386738
1.6829999999999254,6.643064246911917,43.66795531395128,43.26598958453671,8000.121377578106,-0.10957753937742101,26.386725576101362,0.19669131640976684,-0.03972456561236559,13.012832688638857,9.399329270396832
1.6839999999999253,6.649402827743553,43.711154199053496,43.28308513524512,8000.109239820295,-0.10981039183940544,26.392805790712995,0.1971182442496373,-0.03982293787356406,13.015484835586424,9.39896259354411
1.6849999999999252,6.655352493472402,43.74196838697336,43.300180685953535,8000.098315838266,-0.11004275781447392,26.398569384674936,0.19754214064664655,-0.039918876029543415,13.018049371740435,9.39865501954831
1.6859999999999251,6.661305910472518,43.781273307863444,43.317276236661954,8000.088484254439,-0.11027175581742674,26.404287108110495,0.19796680345094853,-0.04001680588197509,13.020552371787092,9.398329724673276
1.686999999999925,6.667263080815855,43.81954868386511,43.33437178737036,8000.079635828995,-0.1105002664318589,26.41001456451027,0.19839170038049947,-0.04011339078763154,13.023047288198736,9.398010607117241
1.687999999999925,6.673224006575436,43.857108763017756,43.35146733807877,8000.071672246096,-0.11072892430971248,26.415749980627943,0.1988165223927708,-0.04021145898198725,13.025554339926881,9.397687611852945
1.6889999999999248,6.679188689825344,43.89454177608839,43.36761313597004,8000.064505021486,-0.11095758010551487,26.421489880706815,0.1992409270670102,-0.040308651621899394,13.028068707492816,9.397365657614792
1.6899999999999247,6.684762829541083,43.9258731705842,43.38470868667845,8000.058054519338,-0.11118333118345913,26.426874793416154,0.19966242607920548,-0.04040751637793594,13.030437223796596,9.397087582865634
1.6909999999999246,6.690734799381626,43.96981978349689,43.40180423738687,8000.052249067404,-0.11140906732830991,26.432583927545892,0.20008533194179146,-0.040506952345372715,13.032901450628225,9.39674947286876
1.6919999999999245,6.696710532815286,44.0054660318811,43.41889978809528,8000.047024160664,-0.1116371775974696,26.438345351691094,0.20050610098896915,-0.04060258203927841,13.035427928550604,9.396428921836621
1.6929999999999243,6.702690031920358,44.04224313325554,43.43504558598656,8000.042321744598,-0.11186471647825724,26.444103986060558,0.20092566973715786,-0.04069808299539002,13.037963761059801,9.396101430010837
1.6939999999999242,6.70827807093658,44.073609785928056,43.45214113669496,8000.038089570138,-0.1120884634553323,26.449502645338157,0.20134217515339858,-0.040792626265014564,13.040342133168746,9.395822219273548
1.6949999999999241,6.714335467237199,44.118839755404935,43.46828693458625,8000.034280613125,-0.11231201913922254,26.455289785641995,0.20176129141759475,-0.040888022006372315,13.042837930671105,9.395473556461733
1.695999999999924,6.719930384138451,44.14727434123418,43.48538248529466,8000.030852551812,-0.11253503959107009,26.46071246374879,0.20217628378302238,-0.04098129296689307,13.045230884971769,9.395199079449931
1.696999999999924,6.72599517567067,44.19201772675686,43.50152828318594,8000.027767296631,-0.11275781478946925,26.466509870818086,0.20259386746553465,-0.04107670401561858,13.047744892861369,9.394846399870763
1.6979999999999238,6.73159697785835,44.22051821441521,43.518623833894345,8000.024990566968,-0.11297962561707342,26.471939046405684,0.20300758171348582,-0.0411681708877108,13.050143866533023,9.394572811988386
1.6989999999999237,6.737669172549354,44.26539138128683,43.534769631785615,8000.022491510272,-0.11320109806725534,26.477743119666602,0.20342445900532663,-0.04126261534454634,13.052659344379787,9.39421914475229
1.6999999999999236,6.743277867432298,44.29394888907771,43.5509154296769,8000.020242359245,-0.11342183088991456,26.48317885589791,0.20383784999121507,-0.04135272283270042,13.055059948404068,9.393945675860737
1.7009999999999235,6.748960648649402,44.33267361533087,43.567061227568175,8000.01821812332,-0.11363976091237571,26.488629319736972,0.20425222851176944,-0.04144805783285249,13.057429416466318,9.393636689497574
1.7019999999999234,6.754646811022876,44.368812032085174,43.584156778276586,8000.016396310988,-0.11385798398355995,26.494098218598566,0.20466580584161548,-0.04154021939495173,13.059806421901147,9.393339656498235
1.7029999999999232,6.760662809341728,44.409585907976314,43.60030257616786,8000.01475667989,-0.11407839519002749,26.499870005521796,0.2050806569025692,-0.041632742284898216,13.062318636995506,9.392999272925088
1.7039999999999231,6.766355935257686,44.43998261844044,43.61644837405914,8000.013281011901,-0.11429819668937152,26.50537945788715,0.20549269591433977,-0.04172225068608093,13.064756380831948,9.392710598564449
1.704999999999923,6.772052447724383,44.47736358156991,43.632594171950416,8000.011952910711,-0.11451514261069912,26.5108514884517,0.20590526523759867,-0.04181399667440383,13.067144146812062,9.392405465782515
1.705999999999923,6.777752348507517,44.51386442288729,43.648739969841685,8000.010757619641,-0.11473165414676464,26.516332011204014,0.20631780447038472,-0.04190414822350341,13.06952593564092,9.392106045539498
1.7069999999999228,6.78345563937363,44.54977129914983,43.664885767732976,8000.009681857677,-0.11494817735282167,26.521819408779056,0.20673009508559842,-0.041995549225202544,13.07191804757819,9.391803056559553
1.7079999999999227,6.789162322090137,44.58557374674602,43.68008181280711,8000.008713671909,-0.11516459479572091,26.527310788747762,0.2071418588961621,-0.042086025917301595,13.074316334497553,9.3915009815019
1.7089999999999226,6.794473788019562,44.615195957777985,43.696227610698394,8000.007842304719,-0.11537789062183496,26.53244295656096,0.20755050684710752,-0.04217818470598694,13.076566910666381,9.391243234417113
1.7099999999999225,6.800187035802296,44.6575683522572,43.71237340858966,8000.007058074247,-0.11559132551716278,26.537902518539475,0.20796064218696303,-0.04227105688546545,13.078914698129143,9.390924356807304
1.7109999999999224,6.805903680629326,44.691533780850634,43.72851920648095,8000.006352266822,-0.1158071228335869,26.543414612833878,0.2083685486704937,-0.04235988742794333,13.081325032896505,9.390623962501795
1.7119999999999223,6.811623724271452,44.72664086427692,43.74371525155509,8000.005717040141,-0.11602231801710061,26.548923484470148,0.20877522454393577,-0.042448826948340124,13.083744720534831,9.390316191889884
1.7129999999999221,6.816947676272137,44.75627326311373,43.75986104944636,8000.005145336127,-0.11623354975240077,26.554068117525922,0.20917868910584236,-0.042536748144773096,13.086005017020188,9.390057370149275
1.713999999999922,6.822745414087941,44.79991881778997,43.775057094520506,8000.004630802514,-0.11644479507204336,26.559604799646152,0.20958490867359142,-0.04262568835386088,13.088384198322519,9.389727870731946
1.714999999999922,6.828075539647333,44.82657954445965,43.79120289241179,8000.0041677222625,-0.1166553176731994,26.564772972787683,0.20998677582812114,-0.042712243698813934,13.090658866473376,9.389474126800238
1.7159999999999218,6.833808774499498,44.868612414785325,43.80639893748592,8000.003750950036,-0.11686529661654577,26.570254578329408,0.2103908641179008,-0.04280165252472523,13.093029569444536,9.389148475382582
1.7169999999999217,6.839216248762494,44.89760196835435,43.821594982560065,8000.003375855033,-0.11707472834937818,26.57548650777153,0.210791652407178,-0.04288660383086779,13.09532739200349,9.388884739772998
1.7179999999999216,6.844555528389876,44.93199156513208,43.83774078045134,8000.0030382695295,-0.11728108273468543,26.580618729318523,0.21119174581285732,-0.042976400015457994,13.097560272401381,9.388606625215715
1.7189999999999215,6.850369816618183,44.974011362334345,43.85293682552549,8000.002734442577,-0.11749000675937782,26.586181466559573,0.21159374503038586,-0.04306153738686874,13.099958315661503,9.388280033421141
1.7199999999999214,6.85571528535572,45.000088089353255,43.86813287059963,8000.002460998319,-0.1176980174732048,26.59136844670569,0.2119916738456188,-0.0431462340593845,13.102253055041345,9.38802160631337
1.7209999999999213,6.861135032624475,45.03703649000501,43.88332891567378,8000.002214898487,-0.11790296194646782,26.596566203850102,0.21239014872972284,-0.043233283504877706,13.10451038394262,9.38773256046615
1.7219999999999211,6.866557811858109,45.071524602824205,43.89852496074792,8000.001993408639,-0.11810773559316476,26.60178133051913,0.21278794641628218,-0.04331774037748343,13.10677002937588,9.387454003495867
1.722999999999921,6.871983624543879,45.105525793546704,43.91372100582206,8000.001794067774,-0.11831238999489196,26.60700237950779,0.2131849596342834,-0.04340390678504408,13.109041978887175,9.387169523514979
1.723999999999921,6.877341094671214,45.13841279331092,43.92891705089621,8000.001614660997,-0.11851625232552904,26.612161558605806,0.2135804250472042,-0.043488694281407,13.111292135880054,9.386894966514873
1.7249999999999208,6.882772952808474,45.17364827623343,43.944113095970344,8000.001453194897,-0.11871961675389944,26.617381439270424,0.21397549458733467,-0.04357344023462573,13.113560267220196,9.386608204219863
1.7259999999999207,6.88820784885436,45.20741069042807,43.959309141044486,8000.001307875407,-0.11892290940663175,26.62261297492315,0.21436957773900406,-0.04365663918666085,13.115839858231249,9.386324880085459
1.7269999999999206,6.893645784298858,45.24139328066284,43.974505186118634,8000.001177087866,-0.11912561796059506,26.627846273739422,0.2147630518165501,-0.043739327779882875,13.11812194107362,9.386039930836578
1.7279999999999205,6.899086760632643,45.27552389016756,43.989701231192775,8000.00105937908,-0.11932766136728806,26.633081740564336,0.21515625789775805,-0.04382095767203997,13.1204032467679,9.38575563132111
1.7289999999999204,6.90453077934706,45.30969656488989,44.00394752344978,7950.000953441172,-0.11952909194177702,26.63832000061723,0.21554955748812132,-0.04390222038557956,13.122684655720208,9.385471036751388
1.7299999999999203,6.909574721237671,45.09130759018424,44.01914356852393,7905.000858097055,-0.11974224941511435,26.643981650956704,0.21597456356392453,-0.04394370031331235,13.125731777872717,9.384954338660522
1.7309999999999202,6.915024616084469,44.875039297390835,44.03433961359807,7864.50077228735,-0.11994574353017415,26.650101171403737,0.21640283342561023,-0.04391707394899419,13.129149666201682,9.3844855326407
1.73199999999992,6.920477557688444,44.684478493456645,44.048585905855084,7828.050695058615,-0.12009462994352071,26.656135049041573,0.21685869744105613,-0.04389996860451778,13.132455591521989,9.384027894670975
1.73299999999992,6.925601409825662,44.51690994561111,44.06378195092922,7795.245625552754,-0.12018609930411198,26.66175977663397,0.21734829078230072,-0.04389399784821285,13.13543606895436,9.383640079645629
1.7339999999999198,6.93106026202398,44.38046327315562,44.07802824318623,7765.721062997479,-0.12023236481795277,26.667585249852827,0.21788059090613826,-0.04389823307711693,13.138365662088162,9.383227133442794
1.7349999999999197,6.936118006043976,44.24770525397044,44.092274535443245,7739.148956697731,-0.12024132637556625,26.673031665838778,0.2184478804542347,-0.04390360713567859,13.14111795214991,9.38290864296836
1.7359999999999196,6.94125007290541,44.1388964727076,44.107470580517386,7715.234061027958,-0.12021914032882836,26.678450437059155,0.2190492250768959,-0.043915780798038206,13.143787283548749,9.382588009556835
1.7369999999999195,6.946717681668964,44.04672984520356,44.1217168727744,7693.710654925162,-0.12017932936414552,26.684141758090405,0.21967786685058427,-0.043926595330062046,13.146528868493267,9.382264683275297
1.7379999999999194,6.95185530645361,43.9563554736648,44.135963165031406,7674.339589432646,-0.12012834933526717,26.68952429687033,0.22032029794202163,-0.0439413669960067,13.149144724038841,9.382005367045856
1.7389999999999193,6.956923866548272,43.88339235744317,44.15020945728842,7656.905630489381,-0.12007333093840478,26.694763120866053,0.22096907820072748,-0.04396240499026066,13.151634464415867,9.381751376584617
1.7399999999999192,6.962066853721305,43.822136307619424,44.164455749545425,7641.215067440443,-0.12002525928784877,26.700032542692284,0.22161523060216992,-0.04398823708438099,13.154089813664061,9.381498005118436
1.740999999999919,6.967212536150958,43.76803521255777,44.17965179461957,7627.0935606963985,-0.1199913107191016,26.705285268580724,0.22224954071085312,-0.04402136278072477,13.15652830430301,9.381246646231942
1.741999999999919,6.97269465858862,43.72748837721425,44.19294833405944,7614.384204626759,-0.11997767630228373,26.710814700112476,0.22286786867442643,-0.04405910269284513,13.159067061708175,9.3809561475955
1.7429999999999188,6.977440136502038,43.677870199493434,44.20719462631644,7602.945784164083,-0.11998051778270499,26.71568003420282,0.2234590278364857,-0.04410389234409501,13.161347331285514,9.380760434523513
1.7439999999999187,6.982593887677885,43.65496451289274,44.221440918573464,7592.651205747675,-0.12000289152201124,26.720811630140794,0.22402921533616454,-0.04415953619180335,13.16364887760281,9.380480869836017
1.7449999999999186,6.987750339061261,43.628685625099635,44.23568721083047,7583.386085172908,-0.12004929045598775,26.72598115787512,0.22457316161426222,-0.04421567325754194,13.165987126057818,9.380224317821636
1.7459999999999185,6.99290949189329,43.60840857442176,44.24993350308748,7575.047476655617,-0.12011596495624832,26.73113140658249,0.22509216044787583,-0.04427977831109098,13.168328606384058,9.379951966052317
1.7469999999999184,6.998071347415636,43.593732858074354,44.26417979534449,7567.542728990055,-0.12020036778929569,26.736263272535812,0.22558819133452007,-0.04434469584429851,13.17065049469975,9.37968187183729
1.7479999999999183,7.0032359068705,43.58371914342324,44.27747633478436,7560.78845609105,-0.1203000636878988,26.74138118112229,0.2260644616476411,-0.04441342172747215,13.172954349340054,9.379406860569723
1.7489999999999182,7.007996202585706,43.57151009025374,44.29172262704137,7554.709610481945,-0.12041003401047226,26.746117842702198,0.22652093315940602,-0.04448589824129645,13.17509466057553,9.379176808510604
1.749999999999918,7.013165971926355,43.57575234464602,44.30501916648125,7549.238649433751,-0.12053176636959256,26.75117487441848,0.22696594642216095,-0.044561658639200585,13.177322500008366,9.378882306593729
1.750999999999918,7.017931091290948,43.5684437027048,44.31926545873825,7544.314784490376,-0.1206621778483751,26.755904209013163,0.22739536067524174,-0.044636480782393184,13.1794531331324,9.378654428407836
1.7519999999999178,7.02310607513832,43.57806006299833,44.33256199817813,7539.883306041339,-0.12080011751729472,26.760949771006178,0.2278178421450731,-0.04471467038287691,13.18168177583705,9.37835523660647
1.7529999999999177,7.027876022439925,43.576275140840046,44.34680829043514,7535.894975437205,-0.12094244864177175,26.765664823034147,0.2282290510996403,-0.04478821357373142,13.183802468680181,9.378128374451894
1.7539999999999176,7.033128345260801,43.59212933508215,44.36010482987501,7532.305477893485,-0.12108926537616996,26.770762938402036,0.22863809274919777,-0.044864401216831495,13.186042685675897,9.37782113483748
1.7549999999999175,7.037903147703588,43.59376151005172,44.373401369314884,7529.074930104136,-0.12123764369115883,26.775473654462687,0.22903900343337397,-0.044934636658187865,13.18815832989828,9.377598963159835
1.7559999999999174,7.042680274215773,43.60675053767029,44.38669790875477,7526.167437093723,-0.12138431846031461,26.7801236491279,0.22943755280578476,-0.04501074494264534,13.190205237813357,9.377347082642443
1.7569999999999173,7.047531914394979,43.62114351123929,44.40094420101177,7523.550693384351,-0.12153263393526814,26.784844000540694,0.22983366384884168,-0.04508244851034249,13.192268218577816,9.377099262909127
1.7579999999999172,7.052722416275262,43.640217327582874,44.41424074045164,7521.195624045916,-0.12168483827180607,26.789879211055954,0.23022954508235205,-0.04515359070927588,13.194475233403436,9.376810802106363
1.758999999999917,7.057578967587606,43.65030382824193,44.42753727989153,7519.0760616413245,-0.12183678584905422,26.794637595518346,0.23062090506571775,-0.04522094523815373,13.196603326598783,9.376576761758443
1.759999999999917,7.062437892935971,43.6689804926512,44.44083381933139,7517.168455477192,-0.1219862198200565,26.799350133406307,0.23101176165528198,-0.04529049665884488,13.198672324388234,9.376325510176125
1.7609999999999169,7.067226911312667,43.68683702047491,44.45413035877128,7515.451609929472,-0.12213521673488209,26.804000427357916,0.2314011373158022,-0.045358112747540924,13.200700892682152,9.37608996013289
1.7619999999999167,7.072090564823822,43.707379963801344,44.467426898211144,7513.9064489365255,-0.12228509786425565,26.808711854604027,0.23178969733085975,-0.04542735632868916,13.202752827035297,9.375839728565209
1.7629999999999166,7.076956595419775,43.72719939303421,44.47977368483389,7512.515804042873,-0.12243626139075461,26.813432241357063,0.2321762920348988,-0.045494758600107654,13.204818951071323,9.375594966435122
1.7639999999999165,7.081415168068452,43.74184250562716,44.493070224273765,7511.264223638586,-0.12258484610900006,26.817778119210605,0.23255803356236243,-0.045564427712956934,13.20673230580613,9.375394482434649
1.7649999999999164,7.086285766219484,43.77033304073529,44.506366763713636,7510.137801274728,-0.12273492156900415,26.82245513975624,0.23294027602174655,-0.04563482328819779,13.20873851796228,9.37513095215592
1.7659999999999163,7.091086349156995,43.78978970294047,44.51966330315352,7509.124021147256,-0.12288806097999677,26.8271178432679,0.23331831266538766,-0.04570098494237551,13.210778328431463,9.374896647858954
1.7669999999999162,7.095961685459022,43.813275031581334,44.53201008977626,7508.2116190325305,-0.12304195722968975,26.83183277748459,0.23369405196597326,-0.04576826251567556,13.212843750591901,9.37464236810251
1.767999999999916,7.100428825260621,43.83029686295395,44.545306629216135,7507.390457129278,-0.12319317914576264,26.836179429163074,0.23406441097388708,-0.04583379515671865,13.214755027936917,9.374442778044283
1.768999999999916,7.10538119945849,43.86223076808905,44.55765341583887,7506.65141141635,-0.12334590273268989,26.84092345844405,0.2344364016155499,-0.045901244953414966,13.216785412436867,9.374167446481119
1.7699999999999159,7.109852572780873,43.87750185265867,44.57094995527875,7505.986270274715,-0.12349851205462883,26.84528715787361,0.23480209587556872,-0.04596516463068678,13.218705904060046,9.373973210774677
1.7709999999999158,7.114737086363593,43.908800598538384,44.58329674190149,7505.387643247243,-0.12365176238957176,26.849969233200557,0.2351691094812831,-0.046033267714455206,13.220721897729328,9.37370175814624
1.7719999999999156,7.119212675327537,43.92607856428989,44.59564352852423,7504.848878922519,-0.12380455599368817,26.85432703314389,0.23553073392220225,-0.04609618575144958,13.22263481600888,9.373505301734149
1.7729999999999155,7.123690285778905,43.95153805736613,44.60894006796409,7504.363991030267,-0.12395506068592702,26.858638789666603,0.23589101230727327,-0.04616578120810966,13.224497343275033,9.373279748647303
1.7739999999999154,7.128654152712086,43.98340095299667,44.62128685458685,7503.92759192724,-0.12410989614269063,26.86339926514848,0.2362522968328391,-0.0462292170798867,13.226537456034269,9.373009698086847
1.7749999999999153,7.133136005376757,43.999547706113304,44.63363364120959,7503.534832734516,-0.12426405443428357,26.867772374370254,0.236607988806167,-0.046292535056163986,13.228474375946725,9.372808932579666
1.7759999999999152,7.13769249773993,44.02715774433325,44.645980427832335,7503.181349461065,-0.12441552367110356,26.872152148361476,0.2369634279035312,-0.04635860177500756,13.230369424480452,9.37257537281545
1.776999999999915,7.142178420574962,44.051410199400955,44.65832721445507,7502.863214514959,-0.12456666340908765,26.876481922906656,0.2373169748326301,-0.046421868472214134,13.23223615459861,9.37236207665617
1.777999999999915,7.146739027574487,44.0776279012972,44.67067400107781,7502.576893063463,-0.12471824808484025,26.8808751694229,0.2376695838581674,-0.04648761908058957,13.234132017798043,9.372130610680427
1.7789999999999149,7.151229023822858,44.1013576176418,44.683020787700556,7502.319203757117,-0.12486986794733188,26.885213090301978,0.2380196985119568,-0.046551083618923905,13.236016832583697,9.371913594145902
1.7799999999999148,7.155793748728204,44.12780073388123,44.69536757432329,7502.0872833814055,-0.12502132323016613,26.88960993935477,0.23836884085754,-0.046615003126233734,13.23792065433337,9.371682167817221
1.7809999999999147,7.160287821635304,44.15191097807751,44.707714360946035,7501.878555043265,-0.1251722990678622,26.893950443599515,0.23871592409535747,-0.04667713589010564,13.239806158048362,9.371463775029465
1.7819999999999145,7.164856667718355,44.17868371471705,44.71911139475164,7501.690699538938,-0.12532300178537342,26.89835014257728,0.23906244907840374,-0.04673930740147225,13.241709807380978,9.371231759547104
1.7829999999999144,7.169014333944263,44.19787116005704,44.731458181374386,7501.521629585044,-0.12547045989150038,26.90238424810612,0.23940483053729228,-0.046801686245316,13.24346903272195,9.371051243086523
1.7839999999999143,7.173587148262866,44.23042275449971,44.74380496799713,7501.36946662654,-0.12561849592119034,26.906753893532436,0.2397492055752417,-0.04686591629822201,13.245328123750891,9.370803723684197
1.7849999999999142,7.178162036710083,44.25447138459687,44.75520200180273,7501.232519963886,-0.12576900868839636,26.911176716011106,0.24009144939302052,-0.046924702355824244,13.247249488902431,9.370579593781613
1.785999999999914,7.182325229530901,44.27346978073566,44.76754878842548,7501.1092679674975,-0.12591567951583485,26.91521825138497,0.2404296024374296,-0.04698710658890365,13.24902592698381,9.3703927695975
1.786999999999914,7.18690409082892,44.306369505553256,44.77894582223109,7500.998341170748,-0.12606249845453604,26.91959252117324,0.24077001236938467,-0.04704814537945479,13.25088990975846,9.370146043164453
1.7879999999999139,7.191070917337083,44.32444117831856,44.79129260885382,7500.898507053674,-0.12620818653820354,26.92364358699184,0.24110586254523553,-0.04710728944708015,13.252657349217152,9.36996682958588
1.7889999999999138,7.195653754521455,44.356748265354625,44.80268964265943,7500.808656348307,-0.12635453282269293,26.92802576432052,0.24144389858055387,-0.047169355925989864,13.254533620256634,9.369714326556768
1.7899999999999137,7.199824217500165,44.37479244803188,44.81408667646504,7500.727790713476,-0.1264996109592767,26.932080924402165,0.24177724088320351,-0.04722625659682411,13.256308907650224,9.369536247216763
1.7909999999999136,7.203996418238022,44.40093974693522,44.826433463087774,7500.655011642129,-0.1266416441386243,26.936089537972567,0.242110066575141,-0.04728962934240216,13.258032662800307,9.369328994946214
1.7919999999999134,7.208585135843077,44.43219792423945,44.83783049689339,7500.589510477916,-0.1267869158430982,26.940484239791772,0.24244421551872575,-0.04734706546569323,13.259907681060414,9.369085263071232
1.7929999999999133,7.21283394800269,44.45080081503357,44.849227530699,7500.530559430124,-0.12693159746897031,26.944614853021776,0.2427743070759919,-0.04740426307034584,13.2617235792514,9.368891985057306
1.7939999999999132,7.217011548929354,44.475787033477474,44.8606245645046,7500.477503487112,-0.12707289836891575,26.948636148750555,0.24310342057993245,-0.04746372680509059,13.263464900560379,9.368688786594056
1.794999999999913,7.221263900809467,44.502365913272335,44.87202159831021,7500.429753138401,-0.12721373956686532,26.952722741208348,0.24343229047596537,-0.04752128310533771,13.265213403579251,9.368480998078454
1.795999999999913,7.225445003001377,44.52572883327073,44.88341863211581,7500.386777824561,-0.12735437670448,26.956757429708926,0.24375939586821077,-0.047579968382157056,13.266954501405847,9.368280933935722
1.796999999999913,7.229700897197556,44.551493691074896,44.89481566592142,7500.348100042105,-0.1274950704071804,26.96085262339497,0.24408561575445759,-0.047638017455503945,13.268720953818317,9.368068950555337
1.7979999999999128,7.233885503229501,44.57478977806838,44.90621269972702,7500.313290037895,-0.12763513832913453,26.964891361171766,0.2444098987532416,-0.04769486402273304,13.270470752633486,9.367869112271908
1.7989999999999127,7.238144942339095,44.60067544242774,44.917609733532636,7500.281961034106,-0.12777484271874712,26.968989542411855,0.2447336535886968,-0.04775174693007267,13.272238762736505,9.367655614546193
1.7999999999999126,7.24233305478764,44.624067363805636,44.928057014521116,7500.253764930695,-0.12791387897814854,26.9730313588301,0.24505579019026735,-0.047806965069046636,13.273989039996518,9.367455180656812
1.8009999999999124,7.246179784123705,44.64366819055354,44.93945404832671,7500.228388437626,-0.12804914670152362,26.97675447518528,0.24537457914240307,-0.047864666549480406,13.275603015281497,9.3672880046674
1.8019999999999123,7.250444390090477,44.675003594045855,44.950851082132324,7500.205549593863,-0.12818558784635564,26.980825382243143,0.2456953208180534,-0.04792252307934097,13.27732657845025,9.367060021335625
1.8029999999999122,7.254710781342597,44.69778124163525,44.9612983631208,7500.184994634476,-0.12832446185917543,26.984949329442326,0.2460139053411443,-0.047975766532834085,13.27911562443456,9.366853091224188
1.8039999999999121,7.258562220215129,44.71550803973913,44.9726953969264,7500.166495171029,-0.12845926129036792,26.988688556471683,0.24632825949422726,-0.04803212142505808,13.280757774781607,9.36668476680924
1.804999999999912,7.262758812169397,44.74608902339461,44.98314267791488,7500.149845653927,-0.12859360608302278,26.99269611194061,0.24664446617883296,-0.048087727456033735,13.282460266086426,9.36646356757798
1.805999999999912,7.266613325137629,44.76397617935248,44.994539711720485,7500.134861088534,-0.12872683330114976,26.99643752080902,0.24695647962467704,-0.0481415380083019,13.284082683977106,9.366299445576868
1.8069999999999118,7.270886512889733,44.7946003703446,45.00498699270896,7500.121374979681,-0.1288612907031284,27.000521552565402,0.2472704844419918,-0.048197730207212075,13.28582653130783,9.366064853003309
1.8079999999999117,7.274817383214423,44.81212295588195,45.01543427369744,7500.109237481713,-0.1289948520590414,27.004341580439938,0.24758010837204342,-0.0482483581804668,13.287497569857411,9.36589600020496
1.8089999999999116,7.278676481825521,44.835595610831575,45.0258815546859,7500.0983137335415,-0.12912492543291046,27.00805432333656,0.24788876741267635,-0.04830493748890896,13.289097431824267,9.365709465106809
1.8099999999999115,7.282537053752402,44.85938334811912,45.03727858849151,7500.088482360187,-0.12925423354441073,27.01176664190632,0.24819597531209142,-0.04835856977746861,13.290681475785563,9.36552930704913
1.8109999999999113,7.286816921617866,44.88860410274805,45.04772586947998,7500.0796341241685,-0.12938694493991695,27.01586590346996,0.24850464071788148,-0.04841179225379505,13.292432511782586,9.365296899733702
1.8119999999999112,7.290680592352148,44.90438073800295,45.058173150468456,7500.071670711752,-0.12951821269791414,27.01962934835247,0.24880833863372837,-0.048461499956563736,13.294092473187405,9.36513124538656
1.8129999999999111,7.29461909390364,44.930142862453664,45.06862043145694,7500.064503640577,-0.1296464760513256,27.02340795168466,0.24911251694666586,-0.04851491684805159,13.295718041952437,9.364932422583614
1.813999999999911,7.298485733145844,44.95248199574018,45.0790677124454,7500.058053276519,-0.12977391902469967,27.02713514579235,0.2494153727336232,-0.048564976412677374,13.297316105652307,9.36475443166156
1.814999999999911,7.302353848234551,44.975612879080686,45.08951499343389,7500.052247948867,-0.1299007590192904,27.030859141717023,0.24971747268323075,-0.048618019242044175,13.298915135221337,9.364566482822342
1.8159999999999108,7.306296850578938,44.99950814003077,45.09901252160521,7500.04702315398,-0.13002810686474608,27.03465345741781,0.2500188344058103,-0.04866879812103614,13.300547339846386,9.364373547662797
1.8169999999999107,7.30982263440425,45.01572750493903,45.10945980259369,7500.042320838583,-0.13015193552690393,27.038076443608638,0.250315791997337,-0.048721452342171845,13.30203656736807,9.364228942484356
1.8179999999999106,7.313695065679832,45.044408572170354,45.11990708358217,7500.038088754724,-0.13027600688529828,27.041771629775454,0.2506140280271369,-0.04877575945835516,13.303598612322402,9.364025443628147
1.8189999999999105,7.317642438980509,45.06672159960949,45.13035436457064,7500.034279879252,-0.13040277396057692,27.045579888492007,0.25091020634224237,-0.04882461665984422,13.305239784472018,9.363834345852172
1.8199999999999104,7.321517844672181,45.08754932969856,45.13985189274198,7500.030851891327,-0.13052882434977586,27.049325130772303,0.2512041704403324,-0.0488744166833287,13.30687430484324,9.363645559194175
1.8209999999999102,7.325048905738415,45.105288547400704,45.15029917373045,7500.027766702195,-0.13065044141101834,27.052744442704803,0.2514945447768224,-0.048923583271498094,13.308360687488982,9.363495967455615
1.8219999999999101,7.329000654264752,45.135005723928295,45.1597967019018,7500.024990031975,-0.1307728106295551,27.05651290061852,0.25178752629760565,-0.04897379641141836,13.309951060000165,9.363282761147897
1.82299999999991,7.332534304422409,45.149651250318065,45.17024398289026,7500.022491028778,-0.13089391909853018,27.05995335646991,0.2520755307006066,-0.049021086135119185,13.311449815744611,9.363139848799902
1.82399999999991,7.336488933396013,45.178809400465305,45.17974151106161,7500.0202419259,-0.13101566698957273,27.063728105525623,0.25236599356577893,-0.04907188794721801,13.313058728257516,9.362921369946601
1.8249999999999098,7.340025174310946,45.19349110983523,45.189239039232945,7500.018217733311,-0.131135726111044,27.06717096769618,0.2526516258181999,-0.0491170325552126,13.314563132897222,9.36277966391971
1.8259999999999097,7.343562642350777,45.21634678574428,45.198736567404275,7500.0163959599795,-0.13125266885669445,27.070566254769748,0.2529368866623798,-0.04916935194403671,13.316015478099429,9.36260695799579
1.8269999999999096,7.347101337890342,45.237915835395484,45.20918384839276,7500.014756363982,-0.13136957924457973,27.07397043233328,0.25322028906120464,-0.049217578870921874,13.317464441606106,9.36244555525249
1.8279999999999095,7.351061580173513,45.26515255370388,45.21868137656409,7500.013280727584,-0.1314900765748638,27.07776240438986,0.2535049804319178,-0.04926590876478071,13.31908338324791,9.3622295002821
1.8289999999999094,7.35460286971878,45.278998130322805,45.22817890473543,7500.011952654826,-0.13160896300415464,27.081215467923162,0.2537843962243462,-0.049310006898824976,13.32060814292905,9.362081910630362
1.8299999999999093,7.358145387929848,45.30179444799626,45.237676432906774,7500.010757389344,-0.13172416760762154,27.084616272465965,0.25406363672426113,-0.04935851153177978,13.322069702084818,9.361908271247659
1.8309999999999091,7.361689135181988,45.32346183444935,45.24717396107812,7500.009681650409,-0.131838782606908,27.08802504051776,0.25434190836889514,-0.049403717552313375,13.323521135427832,9.361744305538094
1.831999999999909,7.365307799787574,45.34547707718182,45.256671489249456,7500.008713485368,-0.13195390464945442,27.091506714792246,0.25461960626759444,-0.04945074604265176,13.325012504536863,9.361565960010637
1.832999999999909,7.36885402296961,45.365008029984594,45.26616901742079,7500.007842136832,-0.132068591590093,27.094930791459614,0.254895284601246,-0.049495816681152605,13.326493752399465,9.36140104863398
1.8339999999999088,7.372401476322964,45.38614061512905,45.274716792775,7500.007057923149,-0.1321821818695727,27.09834655593609,0.255170058891949,-0.04954159106580297,13.327965064509208,9.361230473606607
1.8349999999999087,7.375602610091959,45.401806766740584,45.28421432094633,7500.006352130834,-0.13229230349127252,27.101448663761786,0.2554410248245988,-0.049588120658462076,13.32930475328241,9.361100727239887
1.8359999999999086,7.379152403479207,45.42831871817253,45.293711849117685,7500.005716917751,-0.1324033233728674,27.10483465293469,0.2557133286237761,-0.04963636269580801,13.330730580922475,9.360914091106443
1.8369999999999085,7.382777198036687,45.44856976063703,45.30225962447188,7500.005145225976,-0.13251711910015038,27.10833311775657,0.2559836391636529,-0.0496791495992257,13.332238933149725,9.360739427626953
1.8379999999999084,7.385981566823349,45.46216222184366,45.31175715264323,7500.004630703378,-0.1326270762312787,27.1114509851856,0.2562490911386998,-0.049724719606722534,13.333608867451396,9.360606866854981
1.8389999999999083,7.389534950322902,45.488963337969324,45.320304927997434,7500.00416763304,-0.132736754411561,27.11483892711855,0.25651624332504086,-0.049769756302329715,13.335042016138651,9.360418731462964
1.8399999999999082,7.392741430805573,45.50302261033885,45.32980245616877,7500.003750869736,-0.13284497727946099,27.117956149025737,0.25677884419843844,-0.04981219496634892,13.336391482361197,9.360290041635823
1.840999999999908,7.396370991320532,45.53000115946544,45.33835023152298,7500.003375782762,-0.13295450073263518,27.12141931172303,0.25704360158649137,-0.049857498348850726,13.337863041559887,9.360088697130546
1.841999999999908,7.399579599803478,45.54256445692289,45.34784775969431,7500.003038204486,-0.13306223310465848,27.124547646314134,0.2573032037671599,-0.0498970784186879,13.339232490522232,9.359963629961761
1.8429999999999078,7.403137688369394,45.56879646214547,45.35639553504852,7500.0027343840375,-0.13316965581933365,27.127943850525085,0.2575652849255601,-0.0499416785125808,13.340678287940005,9.359768280019313
1.8439999999999077,7.406348411006164,45.58276377541202,45.36494331040273,7500.002460945634,-0.13327553324635083,27.13106595141508,0.2578233693721739,-0.049980301179702535,13.342035267041052,9.359640149674807
1.8449999999999076,7.40956013630645,45.60336341951556,45.373491085756925,7500.002214851071,-0.13337882849475133,27.134149462002657,0.2580813202750925,-0.05002577319539214,13.343351978399427,9.359484406560432
1.8459999999999075,7.412772864545881,45.62285967712927,45.38203886111114,7500.001993365964,-0.13348211549548733,27.1372405374138,0.2583378063609334,-0.050067553216040506,13.344667266686649,9.35933891398732
1.8469999999999074,7.415986596000159,45.641747053030514,45.39058663646534,7500.001794029368,-0.13358540404090352,27.14033632716663,0.2585926448930259,-0.05011165698825393,13.34599356556052,9.35918706148728
1.8479999999999073,7.41927527178134,45.66166259852818,45.39913441181955,7500.001614626432,-0.1336893029944663,27.14350094388402,0.2588459607892693,-0.05015363026815273,13.34735306041302,9.359028249848004
1.8489999999999072,7.422491025593533,45.679285591768924,45.40768218717375,7500.001453163789,-0.1337924876260191,27.146606384480016,0.2590968609151821,-0.050194691126972835,13.348695604571109,9.35887968411815
1.849999999999907,7.425707783451174,45.69850546675626,45.41622996252796,7500.00130784741,-0.1338946238990573,27.149703317599396,0.2593463569600437,-0.05023553017417692,13.350026914577976,9.358726352367624
1.850999999999907,7.428925545630255,45.71753038396309,45.42477773788215,7500.00117706267,-0.13399614806370527,27.152802442148996,0.2595945548472818,-0.05027504987052167,13.351356914364846,9.358574218434091
1.8519999999999068,7.432218313665,45.737548422596674,45.43332551323637,7500.001059356403,-0.13409772305656142,27.15597067252652,0.2598423000861249,-0.05031387043058916,13.352717331607009,9.358412382270302
1.8529999999999067,7.435438100428365,45.75520538081544,45.44092353577344,7500.000953420763,-0.13419837208248095,27.159080045576147,0.2600887050662771,-0.050351482250830915,13.354061736630516,9.358262517539291
1.8539999999999066,7.43823517265669,45.76797915874628,45.449471311127645,7500.000858078687,-0.13429412293977616,27.161795861630857,0.2603314234518307,-0.050391991107865075,13.355237338117437,9.358155716422392
1.8549999999999065,7.441530889761903,45.79506554795679,45.458019086481855,7500.000772270819,-0.1343916709083127,27.164924818173155,0.26057739790786333,-0.05043357076617788,13.356541523578732,9.357974359324931
1.8559999999999064,7.444753582734355,45.81070014978144,45.465617109018915,7500.000695043737,-0.13449166491421768,27.168049241593835,0.2608206203511689,-0.050469647614033,13.357894863313652,9.357829026297619
1.8569999999999063,7.447627273591948,45.823720216946704,45.47321513155599,7500.000625539364,-0.13458768011679162,27.17084031300808,0.2610601281267764,-0.05051042704649217,13.359118158061117,9.357708510373886
1.8579999999999062,7.450501762457831,45.84305203161619,45.4817629069102,7500.000562985428,-0.13468113966701334,27.173594419104763,0.2612986840198014,-0.0505511507268398,13.360282046288066,9.357578529002145
1.858999999999906,7.453727253785165,45.86605473474268,45.48936092944727,7500.000506686885,-0.13477780596302322,27.17667767967432,0.261538089386741,-0.05059038065036919,13.361579351817134,9.357409941170616
1.859999999999906,7.456603437384733,45.87720768261655,45.49695895198435,7500.000456018197,-0.1348734975413246,27.17948248634439,0.26177217216062126,-0.050628059323331864,13.362808642092329,9.357294368113553
1.8609999999999058,7.459480419601891,45.89568687714756,45.50550672733855,7500.000410416377,-0.1349665047913661,27.182244316305194,0.2620048350629717,-0.05066876079417387,13.363991726970356,9.357157528242364
1.8619999999999057,7.462782855539142,45.919730408903106,45.51310474987562,7500.000369374739,-0.13506272860513685,27.18539840484612,0.26223897243456956,-0.0507041562189075,13.365325513897016,9.356980045715162
1.8629999999999056,7.465661547244015,45.92974494509737,45.52070277241269,7500.000332437266,-0.13515697212487351,27.1882126507813,0.26246805366492465,-0.05073861888795339,13.366566366346998,9.356865361629652
1.8639999999999055,7.468541038178667,45.94863665997451,45.528300794949764,7500.000299193539,-0.13524778127390602,27.190974627323087,0.26269691915290255,-0.05077663518219416,13.367748806554673,9.356726320801325
1.8649999999999054,7.471421328538407,45.96637710127781,45.53589881748683,7500.0002692741855,-0.13533795613324898,27.193744270308294,0.26292490772604754,-0.05081176818508587,13.3689221965764,9.35659656279326
1.8659999999999053,7.474302418518584,45.983349212415476,45.543496840023906,7500.000242346767,-0.13542801382242978,27.196519373895605,0.26315176013657254,-0.05084934045858436,13.370107691097541,9.356460745157683
1.8669999999999052,7.477184308314605,46.00016737129384,45.551094862560966,7500.00021811209,-0.1355179928983564,27.1992962016351,0.2633770338530615,-0.050885393601770246,13.37130044364655,9.356326683836574
1.867999999999905,7.480066998121901,46.01702405103036,45.55869288509804,7500.000196300881,-0.13560754787325052,27.202073638830417,0.26360095955427715,-0.050921272685961694,13.372494349663425,9.356191188397856
1.868999999999905,7.482950488135976,46.03391602896772,45.56534115481798,7500.000176670793,-0.13569668968288842,27.204851702023063,0.26382362536285114,-0.05095630093172693,13.373687996843099,9.356055508506609
1.8699999999999048,7.485409229565455,46.04432872709716,45.57293917735505,7500.000159003714,-0.13578161415100176,27.20724372585887,0.2640416517740746,-0.050993059399367935,13.374722921128619,9.355967336622074
1.8709999999999047,7.48836847235762,46.06931579060693,45.58053719989213,7500.000143103342,-0.13586853491381057,27.210049201495096,0.26426230343999113,-0.05103109565012548,13.375889166193051,9.355801916954741
1.8719999999999046,7.491254265740662,46.08293501722963,45.587185469612066,7500.000128793008,-0.1359577362405839,27.21284921262105,0.2644795939326773,-0.0510626615745568,13.377102656105787,9.355673879961868
1.8729999999999045,7.493714989165761,46.09282171961805,45.59478349214913,7500.000115913707,-0.13604198071723553,27.215246494786175,0.2646921312753115,-0.051099487260095,13.37815666720638,9.355578276027396
1.8739999999999044,7.49667657514161,46.11788854748508,45.60143176186908,7500.0001043223365,-0.1361275983151029,27.218053931049447,0.26490753234466885,-0.05113395715472063,13.379328144777629,9.355413191253275
1.8749999999999043,7.499138592439472,46.12510639755827,45.60902978440615,7500.000093890103,-0.13621120002520357,27.220468504619923,0.26511684107186556,-0.05116589870905752,13.380382754638411,9.355330578080391
1.8759999999999042,7.502101708048604,46.14961700394477,45.615678054126086,7500.000084501093,-0.13629608918593758,27.22328091160624,0.2653292478269263,-0.05120212581708161,13.381568453127944,9.355156933687901
1.876999999999904,7.504639359337277,46.157944155983664,45.622326323846025,7500.000076050984,-0.13637943249831638,27.225764524026182,0.2655362248968214,-0.051230563585871525,13.382656741781457,9.35506830656129
1.877999999999904,7.507103276180107,46.17367378773687,45.62897459356596,7500.0000684458855,-0.13645884393713678,27.228130237583073,0.26574234670886954,-0.05126807963573349,13.38366582029522,9.354952514765294
1.8789999999999039,7.509642149559938,46.19056963169832,45.63657261610303,7500.000061601297,-0.13653845447703036,27.230563903713474,0.2659472547569398,-0.05130088237233166,13.384687026270646,9.354838509868683
1.8799999999999037,7.512608226240098,46.21166309153365,45.64322088582296,7500.000055441167,-0.13662239694116515,27.233399820747657,0.26615360001076294,-0.05133335380951365,13.385890918595688,9.354672767297313
1.8809999999999036,7.515148432365049,46.21934889454339,45.6498691555429,7500.00004989705,-0.1367044400099984,27.23588999456782,0.266354545879404,-0.05136171202944523,13.386999954981455,9.354576096691815
1.8819999999999035,7.51761485565118,46.23512946414128,45.65651742526284,7500.000044907345,-0.13678209150387508,27.238258020627335,0.2665550180769223,-0.05139508497615364,13.388015443694027,9.354460931138261
1.8829999999999034,7.520156284952713,46.2521324388916,45.66316569498278,7500.00004041661,-0.1368595167559146,27.240693737160104,0.26675535844093834,-0.0514254580676215,13.389037173621473,9.35434414502594
1.8839999999999033,7.522698331947672,46.26676029696023,45.66981396470271,7500.00003637495,-0.13693745936947646,27.243144328325823,0.2669544528032064,-0.05145743630024591,13.390082476142103,9.354225630792968
1.8849999999999032,7.525240996768173,46.281425371197464,45.67551248160552,7500.000032737455,-0.13701537086730103,27.245595316687226,0.2671520603762399,-0.05148834345080139,13.391137218906843,9.354107161854673
1.885999999999903,7.527357104856031,46.28974964286493,45.68216075132546,7500.000029463709,-0.13708892498741615,27.247657635180843,0.26734487699067266,-0.051521135612373314,13.392031472742225,9.354036442195467
1.886999999999903,7.529975364970016,46.31276839854239,45.6888090210454,7500.0000265173385,-0.13716459799815228,27.250134365641358,0.2675402423406107,-0.0515554041140619,13.393055608882149,9.35388773526627
1.8879999999999029,7.532519797424085,46.32437750244474,45.694507537948205,7500.000023865605,-0.13724267872993856,27.25260550261072,0.2677319851609639,-0.051582906650925686,13.39412640846791,9.353777035385988
1.8889999999999028,7.53463739196364,46.33223203604369,45.701155807668144,7500.000021479044,-0.13731582989999455,27.254672275400743,0.2679187124878334,-0.0516157210830413,13.395037247927252,9.353698512635344
1.8899999999999026,7.537182962720163,46.35418427370364,45.70780407738808,7500.00001933114,-0.13738980789636257,27.257082784553873,0.26810754558592825,-0.0516465089945049,13.396038435006844,9.353558454396346
1.8909999999999025,7.539803655373201,46.36823236031457,45.71350259429088,7500.000017398026,-0.13746653470457426,27.25961573908109,0.268294820587432,-0.05167213873008075,13.397127793306067,9.353432741124104
1.8919999999999024,7.541922737277885,46.37453200932728,45.719201111193684,7500.000015658224,-0.13753830966477354,27.261693401267685,0.2684770150731515,-0.05170116891867599,13.398050637880067,9.353357675661634
1.8929999999999023,7.544116780045171,46.3913152182159,45.72584938091362,7500.000014092401,-0.13760699732425077,27.263783337897248,0.26865951933537696,-0.05173217546926073,13.39892314359292,9.353254270548183
1.8939999999999022,7.546664652432112,46.41014153862119,45.73154789781643,7500.000012683161,-0.13767926733755945,27.26621496822575,0.2688433281087237,-0.05175979963718219,13.39993787007495,9.353119996544788
1.894999999999902,7.54885968514502,46.41710228389809,45.73724641471922,7500.000011414845,-0.13775030519044199,27.268364715988902,0.2690223306041248,-0.051787355642694044,13.400886114382233,9.353036484919205
1.895999999999902,7.550980619929507,46.43043019791929,45.74294493162203,7500.000010273361,-0.13781803961859784,27.270402306177466,0.2691998844795635,-0.051818036445478166,13.401758854939109,9.352941241931498
1.8969999999999019,7.553176558198333,46.44521754274563,45.749593201341966,7500.000009246025,-0.13788571315322692,27.27250619977919,0.26937653186102195,-0.05184665000836686,13.402640502112005,9.352841185027723
1.8979999999999018,7.555726635395247,46.463189313123266,45.75529171824477,7500.000008321423,-0.13795717855075249,27.274945314187754,0.26955410072992547,-0.05187390756941268,13.403675054102104,9.352700537635629
1.8989999999999017,7.557923564363327,46.47006139501038,45.76099023514758,7500.0000074892805,-0.13802695449624935,27.27709761020352,0.26972700578766623,-0.0518978540921079,13.404631625430207,9.352616488201502
1.8999999999999015,7.560120951491052,46.48460732522179,45.76573899923325,7500.000006740353,-0.13809355841746482,27.279204521620336,0.26989997885575134,-0.05192542936433153,13.405533688318918,9.352510131986971
1.9009999999999014,7.561890285385718,46.49168533355643,45.771437516136054,7500.000006066318,-0.13815566730476445,27.280927960604778,0.27006875361249577,-0.05195262386929311,13.406265655727161,9.352460745331822
1.9019999999999013,7.564088504226448,46.51164150245356,45.77713603303885,7500.000005459686,-0.13821966126703827,27.283003405959562,0.27023980965486066,-0.05198451300483914,13.407111932206536,9.352336624700513
1.9029999999999012,7.5662871814638,46.52236052856101,45.78283454994166,7500.000004913717,-0.13828674788996648,27.28513453162099,0.2704075410589918,-0.052009419376943755,13.408029393848432,9.352240775762727
1.903999999999901,7.568486317181848,46.53430511341789,45.78853306684446,7500.000004422345,-0.13835339823064707,27.287258893021537,0.27057328224169713,-0.052036882745464585,13.408958354203438,9.352132307456626
1.904999999999901,7.570685911464671,46.54708340554095,45.793281830930134,7500.000003980111,-0.1384191154433435,27.289378737698602,0.2707376086627216,-0.052060060160461386,13.40987479735142,9.352029783745914
1.9059999999999009,7.572457044041881,46.553494024437086,45.79898034783293,7500.000003582099,-0.13847989353578868,27.29110819051012,0.27089778900518074,-0.0520859264098662,13.410624030369993,9.351972874295846
1.9069999999999008,7.574657470775072,46.573421816536744,45.8037291119186,7500.0000032238895,-0.13854201455049686,27.293186190800576,0.2710607677679554,-0.05211313480595037,13.411477291816421,9.351847383760079
1.9079999999999007,7.576429281648323,46.57766689439449,45.80942762882141,7500.000002901501,-0.13860263953764881,27.29492927856496,0.2712180071033918,-0.052136885438327674,13.412236281596526,9.351796745301304
1.9089999999999006,7.57870522552662,46.59780029977527,45.81417639290708,7500.000002611351,-0.13866527771416223,27.29708166094116,0.27137820549616287,-0.052165178361023024,13.413138648754792,9.3516567873283
1.9099999999999004,7.580477723397526,46.60072633545349,45.81987490980988,7500.000002350216,-0.138725698799099,27.298833389051786,0.27153188598311523,-0.052186083020525076,13.413915272504482,9.351610348424998
1.9109999999999003,7.582679826036422,46.62016978244204,45.82462367389555,7500.000002115195,-0.1387865665712996,27.300916146210493,0.2716886676541668,-0.052213835881937565,13.41478860114744,9.351475833565903
1.9119999999999002,7.584527714196381,46.62565316501389,45.82937243798122,7500.000001903675,-0.13884625541872342,27.302728051999523,0.271840661513888,-0.052233042293714116,13.41557968603368,9.35141762485007
1.9129999999999001,7.586301204045964,46.636986295077946,45.834121202066896,7500.000001713308,-0.13890262354176838,27.30443067653224,0.2719918064966529,-0.052261049383191205,13.41630316172222,9.351335266389068
1.9139999999999,7.588149727178393,46.649681313670435,45.838869966152565,7500.000001541977,-0.13895930148608773,27.306200156483705,0.2721419083908113,-0.05228460707374272,13.41704093194437,9.351253506322406
1.9149999999999,7.589923835142197,46.659051328219185,45.84361873023823,7500.00000138778,-0.13901574542680176,27.30791517234738,0.27228943384297843,-0.05231049035319557,13.417772047401243,9.351177414702367
1.9159999999998998,7.591772993440122,46.67087916400449,45.8483674943239,7500.000001249002,-0.1390725429308585,27.30969058714026,0.27243526521413314,-0.05233545910750015,13.418528603652355,9.351089101166842
1.9169999999998997,7.593622473633333,46.68129426309772,45.85311625840958,7500.000001124102,-0.13912941249766542,27.311474818074473,0.2725788317033389,-0.052358480272075236,13.419295178730103,9.351004810596955
1.9179999999998996,7.595397513363855,46.690831587998616,45.85786502249524,7500.000001011692,-0.13918504449759755,27.313189906940963,0.27271997885463795,-0.05238150855864743,13.420034271899809,9.350926232574327
1.9189999999998995,7.597247629013165,46.70287313842637,45.86261378658091,7500.000000910522,-0.1392403505790489,27.314965142424967,0.2728602683084983,-0.0524034112570293,13.42078956310922,9.350836167493592
1.9199999999998993,7.599098066704532,46.713350476795014,45.86736255066658,7500.00000081947,-0.13929543809246772,27.31675008116764,0.2729992638975497,-0.05242366296431594,13.421555501178773,9.350750028148532
1.9209999999998992,7.60094882648722,46.72402945755274,45.87116156193512,7500.000000737523,-0.1393497734224469,27.318534169194546,0.2731375195897042,-0.05244365311832494,13.422323628390986,9.35066189343522
1.9219999999998991,7.602369830536505,46.72828297913491,45.87591032602079,7500.000000663771,-0.139399329551303,27.319926871305597,0.27327173654046016,-0.052465113857330214,13.42292933362092,9.350623235298297
1.922999999999899,7.604221163419044,46.74615785345622,45.87970933728932,7500.000000597394,-0.13945027970763915,27.321668556055407,0.27340904613988765,-0.05248899964203507,13.4236388280013,9.350514218096468
1.923999999999899,7.605642613791336,46.74833241069403,45.88445810137498,7500.000000537655,-0.1394999138443652,27.323074169826164,0.27354056947703176,-0.05250924782417027,13.424252507047385,9.350481100310805
1.9249999999998988,7.60749451993062,46.76530101918746,45.88825711264352,7500.000000483889,-0.1395512090027459,27.324821939789445,0.27367437138517564,-0.052534653642060836,13.424981799090093,9.350366352535776
1.9259999999998987,7.60891641674897,46.767375818074576,45.8930058767292,7500.000000435501,-0.139600823324692,27.32622866250979,0.2738019668327077,-0.052552897533915954,13.425603099589843,9.350333530813584
1.9269999999998986,7.610768896301931,46.7844220768186,45.89680488799774,7500.00000039195,-0.13965161414530755,27.327976641460936,0.2739321287520202,-0.05257708631305791,13.426332885319074,9.35021653184554
1.9279999999998985,7.612266080169066,46.78767695463695,45.900603899266265,7500.000000352756,-0.13970122481782263,27.329451687999537,0.2740570469088817,-0.0525929670783431,13.426981895794468,9.350174298591813
1.9289999999998984,7.613688625844953,46.796941074116845,45.90535266335194,7500.00000031748,-0.13974739768666092,27.330816264449368,0.27418081254020266,-0.05261708298945161,13.427561119990617,9.35010846158034
1.9299999999998982,7.615541938656934,46.81302379966577,45.909151674620475,7500.000000285732,-0.13979705480059443,27.332570863035308,0.27430647777330264,-0.052634604240489435,13.428286409745194,9.350002796682588
1.9309999999998981,7.617039793638927,46.815667702199505,45.91295068588901,7500.00000025716,-0.1398452992783692,27.33405037159656,0.27442761656704356,-0.0526516862286886,13.428946207980523,9.349952486544423
1.931999999999898,7.618462988431454,46.824813669238296,45.91674969715755,7500.000000231444,-0.1398901056964617,27.335416370884886,0.27454782833886615,-0.05267271112318872,13.429531747383614,9.349888077486455
1.932999999999898,7.619961254971089,46.835503941671526,45.920548708426075,7500.0000002083,-0.13993477621929118,27.336848208821017,0.27466774251057524,-0.05269106541100177,13.430125528862206,9.34982061176301
1.9339999999998978,7.621384847780515,46.842847958259725,45.924347719694616,7500.00000018747,-0.13997923126376619,27.3382254328341,0.2747856569989882,-0.05271114559286699,13.430711287023652,9.34976060761219
1.9349999999998977,7.622883525977856,46.85263105785666,45.92814673096314,7500.000000168723,-0.14002406684749788,27.339663187918553,0.274902569316409,-0.05273071306720983,13.431322964032077,9.349688121695005
1.9359999999998976,7.624307516901792,46.85984526181707,45.930995989414555,7500.000000151851,-0.14006835347310154,27.341041633089354,0.2750172096716544,-0.05274894944276409,13.43191681287699,9.349628556794489
1.9369999999998975,7.625375638518253,46.86311488336195,45.93479500068309,7500.000000136666,-0.14010855288727522,27.34208779992239,0.27512743634487924,-0.052770121747372056,13.432368172239812,9.349602749729621
1.9379999999998974,7.626874880358987,46.87855782755279,45.93859401195163,7500.000000123,-0.1401509549100851,27.34349240141031,0.2752393922842688,-0.05279157593621647,13.432933701503703,9.349512261838928
1.9389999999998973,7.628374331534159,46.88507986442276,45.94144327040303,7500.0000001107,-0.14019597099402623,27.344950575991234,0.27534825896373144,-0.052807136531802856,13.433565255673368,9.349446381453125
1.9399999999998971,7.629442867056517,46.886361458853436,45.94524228167156,7500.000000099631,-0.14023625573058462,27.34600919274278,0.27545179189419583,-0.05282674963047296,13.434044385287557,9.34941841863163
1.940999999999897,7.630867752395091,46.90095998019348,45.94809154012297,7500.000000089668,-0.14027675567098807,27.347344605286526,0.275557060785827,-0.05284547172808035,13.434587544961726,9.34933420858184
1.941999999999897,7.63193654489362,46.902350913081804,45.95189055139151,7500.000000080701,-0.14031555859555012,27.348402880580316,0.27565711165819906,-0.05286160482729685,13.435045863224147,9.349311527211228
1.9429999999998968,7.633436711938606,46.91694572053146,45.9547398098429,7500.000000072631,-0.14035622553004565,27.349813730870608,0.2757593088512836,-0.05288121468185203,13.435630911800729,9.349212686894433
1.9439999999998967,7.63458071070548,46.917929025093954,45.95853882111144,7500.000000065368,-0.1403954303539482,27.350949715220217,0.2758562324237653,-0.05289371142525978,13.436138262695154,9.349185715563893
1.9449999999998966,7.636081246002444,46.931684067407915,45.96138807956284,7500.000000058832,-0.14043504691830117,27.35236604228679,0.2759557965205305,-0.05291130834155755,13.436734335558478,9.349087741407267
1.9459999999998965,7.637150567923433,46.93209152414107,45.96423733801424,7500.000000052949,-0.14047188778979813,27.353430855031874,0.2760505811154186,-0.052922366730148884,13.437208606612485,9.349068589889349
1.9469999999998964,7.638220000041724,46.940680600508806,45.96708659646564,7500.000000047654,-0.14050561444139345,27.354446951859387,0.2761457000192564,-0.05294191295375145,13.437629126256613,9.349015840055415
1.9479999999998963,7.639289542367354,46.9477788895993,45.96993585491705,7500.000000042889,-0.1405395608224001,27.355472023121667,0.27623939457849894,-0.052957252015911005,13.438048122517966,9.348975912695039
1.9489999999998961,7.640434166259062,46.955224893699814,45.972785113368445,7500.0000000386,-0.14057450530609203,27.356570188092377,0.27633199905385786,-0.052975442151915686,13.438509606651962,9.348919665127813
1.949999999999896,7.641503934132957,46.960171207470594,45.97563437181985,7500.00000003474,-0.14060936336208846,27.3576084489045,0.27642166650274796,-0.05299136139812183,13.438959590928148,9.348877607603768
1.950999999999896,7.642648793800555,46.967904645061225,45.978483630271256,7500.000000031266,-0.14064420892839305,27.358705213768104,0.2765101787052571,-0.05300758393525601,13.4394269592265,9.348820291370966
1.9519999999998958,7.643718787264302,46.973090516271974,45.981332888722655,7500.000000028139,-0.14067843469308922,27.359742367724266,0.27659623476203093,-0.053021691410562566,13.43987374063106,9.348776867258596
1.9529999999998957,7.64486388275078,46.98088019313778,45.98418214717405,7500.000000025325,-0.14071248049098656,27.360839115084023,0.2766816341962551,-0.05303606740804995,13.440339571105596,9.348718316970828
1.9539999999998956,7.645934101845976,46.98605819490239,45.986081652808316,7500.000000022793,-0.1407456918504453,27.361876599688703,0.27676518200743544,-0.053048403634067265,13.440786934885914,9.348674053219703
1.9549999999998955,7.646647642508118,46.98724996527878,45.98893091125972,7500.000000020514,-0.14077446253690534,27.362581229486416,0.2768449650876146,-0.053063938184804926,13.441092315419446,9.348663518873378
1.9559999999998954,7.647718045406807,46.999487347065084,45.99178016971113,7500.000000018463,-0.14080454699133566,27.363576758446012,0.27692660463863145,-0.053080434157188494,13.441484353612012,9.348596976618385
1.9569999999998953,7.648863569084786,47.005157461409226,45.99367967534539,7500.0000000166165,-0.14083753888201728,27.36468670451864,0.2770064322462002,-0.05309178950375232,13.441960600761371,9.348543304396504
1.9579999999998952,7.649577309231844,47.00398602670438,45.9965289337968,7500.000000014955,-0.1408663909496832,27.365405786414208,0.2770811740646745,-0.0531065129657467,13.442295178732396,9.348532631518898
1.958999999999895,7.650723030374663,47.01751245122398,45.99842843943106,7500.00000001346,-0.14089637946632597,27.366469054212846,0.27715871789787605,-0.053120644531074845,13.442723698606455,9.348455216124691
1.959999999999895,7.651436896501281,47.01557295379732,46.001277697882465,7500.000000012114,-0.14092439030513923,27.36719289243405,0.27723083281432537,-0.05313124033295813,13.443046511146417,9.348453114400725
1.9609999999998948,7.652582815139,47.028485746563845,46.00317720351673,7500.000000010902,-0.14095387688361247,27.368260129191945,0.27730591694851026,-0.05314673987848412,13.443483707728484,9.348369370020658
1.9619999999998947,7.653296807264579,47.02639907591778,46.005076709151005,7500.000000009812,-0.14098135054841843,27.368985000798624,0.27737552640955,-0.05315502894971935,13.44381283233433,9.348368687455768
1.9629999999998946,7.654010848433198,47.032741016640294,46.00697621478527,7500.00000000883,-0.14100582632597924,27.369659646399,0.2774448995716474,-0.05317237934048802,13.444089907993588,9.348332006707247
1.9639999999998945,7.654724938647834,47.037744620003764,46.00887572041954,7500.000000007947,-0.1410305202144441,27.37034230247167,0.27751227892337793,-0.053184768416221884,13.444362927924326,9.348309130489913
1.9649999999998944,7.655439077911471,47.04198144676654,46.0107752260538,7500.000000007152,-0.14105545691285318,27.371029686415973,0.2775774786078277,-0.05320044234218663,13.444649153066665,9.348277739837327
1.9659999999998943,7.656153266227088,47.04608026476564,46.012674731688065,7500.000000006437,-0.1410806159454508,27.371717969635107,0.27763990766291496,-0.0532140186858539,13.444942188725006,9.348248364373521
1.9669999999998942,7.656942551534148,47.05136786801073,46.01457423732234,7500.0000000057935,-0.14110617521352675,27.372474321708985,0.27770052093544745,-0.05322675436729302,13.44526419308433,9.348208324667937
1.967999999999894,7.657656841368393,47.05431356461141,46.01647374295661,7500.000000005214,-0.14113092697521495,27.373169723478526,0.27775830487533093,-0.0532377546783806,13.445567554338774,9.348180090450583
1.968999999999894,7.658371180263718,47.058861330135116,46.018373248590876,7500.000000004693,-0.14115452839326426,27.37385564778294,0.2778145749532243,-0.053248753471002774,13.445859826747581,9.348146218886308
1.9699999999998938,7.659160626377203,47.06434221622098,46.02027275422514,7500.000000004224,-0.1411781318903004,27.374611134802038,0.27787019352553377,-0.05325779383904761,13.446178775480856,9.348105499848312
1.9709999999998937,7.65987506680981,47.067308208786415,46.02217225985942,7500.000000003802,-0.141200651342448,27.375306676630522,0.2779242996832157,-0.05326622193450614,13.446481965700094,9.348075598919388
1.9719999999998936,7.660664621279221,47.07298536346285,46.02312201267655,7500.0000000034215,-0.14122267077683962,27.376061157462082,0.2779787435551617,-0.05327446680610426,13.44680345059066,9.348032689133964
1.9729999999998935,7.660946819466247,47.06948900960474,46.025021518310815,7500.00000000308,-0.14123959646863377,27.376363065917207,0.27802862950714546,-0.0532839733217223,13.446943402977485,9.348052651773957
1.9739999999998934,7.661736452656314,47.08226672624231,46.02597127112795,7500.000000002772,-0.14125851886522836,27.37707522738583,0.2780826062341443,-0.05329707036630227,13.447207860579818,9.347987513816596
1.9749999999998933,7.662018682540651,47.07664924020635,46.027870776762214,7500.000000002495,-0.14127590670421836,27.37738987056831,0.2781300155278581,-0.05330532970329127,13.447356752954235,9.348013784784452
1.9759999999998932,7.662808394458431,47.08851805668809,46.02882052957935,7500.0000000022455,-0.14129551111304497,27.378107635984914,0.2781805980138621,-0.05332029194547283,13.447641022872402,9.34794261514984
1.976999999999893,7.663165732933109,47.08395039385586,46.03072003521362,7500.000000002021,-0.141313930780087,27.378491185826825,0.27822472723088404,-0.05332617023308289,13.447825342596634,9.347960770510758
1.977999999999893,7.663955526992698,47.09466689583419,46.031669788030754,7500.000000001819,-0.14133364253515548,27.379216018736088,0.2782716964474219,-0.05333907013448458,13.448119598771665,9.347891073290873
1.9789999999998928,7.664312903984886,47.090503763445135,46.03261954084788,7500.000000001637,-0.14135136184341957,27.379597269256585,0.2783128916687635,-0.05334317990341764,13.44830194938455,9.347907173751935
1.9799999999998927,7.664670293249167,47.094783930274716,46.03356929366502,7500.000000001473,-0.1413659685928292,27.379928170655248,0.2783538464567255,-0.053356592176162954,13.448431552430632,9.347886151197606
1.9809999999998926,7.665027694785918,47.097706559178846,46.03451904648215,7500.000000001326,-0.14138066787774012,27.380267149944316,0.27839286710308125,-0.05336477229019615,13.448557358517297,9.34787938833497
1.9819999999998925,7.665385108595517,47.099856233168126,46.03546879929929,7500.000000001193,-0.14139542870958718,27.380610858069993,0.27842986734422515,-0.053376365036235385,13.44869661092851,9.347863994091384
1.9829999999998924,7.665742534678327,47.10186738477783,46.036418552116416,7500.000000001074,-0.14141029370064065,27.380955430370918,0.2784642840542983,-0.05338591501108364,13.448842674283345,9.347850784228015
1.9839999999998923,7.666099973034726,47.103923037676935,46.03736830493356,7500.000000000967,-0.1414247951618106,27.381299818192808,0.2784964305313167,-0.05339517506489472,13.44898958414905,9.347835466283613
1.9849999999998922,7.666457423665088,47.10600939381503,46.03831805775069,7500.00000000087,-0.14143888218650538,27.3816440900182,0.27852648610343694,-0.05340325739007168,13.449136112479142,9.347819776693019
1.985999999999892,7.666814886569782,47.10810304665162,46.039267810567814,7500.000000000783,-0.14145241416157123,27.38198837781696,0.27855479724072396,-0.05341037306337054,13.449282790799657,9.347803332173793
1.986999999999892,7.667247457379784,47.11134023795027,46.04021756338496,7500.000000000705,-0.14146600071674226,27.382400981482885,0.2785824053529193,-0.053416084426424426,13.449457961816739,9.347777985608888
1.9879999999998919,7.667604946538191,47.112201821575994,46.04021756338496,7500.000000000635,-0.14147846259557878,27.3827527246331,0.27860850011136823,-0.05342056129721895,13.449615173613378,9.347764596436408
1.9889999999998917,7.667529849203666,47.10805792339656,46.04116731620209,7500.000000000571,-0.14148555431077622,27.382701776507954,0.2786305789272409,-0.05342807564469115,13.449599608199494,9.347794993224472
1.9899999999998916,7.667962447972086,47.11852707078735,46.04211706901922,7500.000000000514,-0.1414949875807638,27.383071257305005,0.27865632558588593,-0.053436898970313285,13.449716164546903,9.347748124137858
1.9909999999998915,7.668319961681843,47.11728834134598,46.04211706901922,7500.000000000463,-0.14150680177694072,27.38343564122293,0.27867919371476346,-0.053439488271373126,13.449881674036863,9.347740365193726
1.9919999999998914,7.668319961681843,47.113372405532246,46.04306682183636,7500.000000000417,-0.1415143244079148,27.383458553717965,0.27869823104780556,-0.05344772970283618,13.449914163666973,9.347756482706917
1.9929999999998913,7.66875259011437,47.122513807991204,46.04306682183636,7500.000000000375,-0.14152360686768164,27.383836080007875,0.2787202377462495,-0.05345333697582538,13.450048054988088,9.347713888828464
1.9939999999998912,7.668677487667848,47.11511421818726,46.04306682183636,7500.000000000337,-0.141530283103912,27.383804730561582,0.2787364379800999,-0.05345728645226089,13.450050529061663,9.347751833044676
1.994999999999891,7.668677487667848,47.118470274409674,46.04401657465349,7500.000000000304,-0.14153489230772803,27.3837842599892,0.2787525625037276,-0.05346850299699196,13.450023105450416,9.347746150833256
1.995999999999891,7.669110130081053,47.125516213549204,46.04401657465349,7500.000000000274,-0.14154442136117257,27.384174391110342,0.2787699786794761,-0.05347190768787391,13.450165108534497,9.347708410093436
1.9969999999998909,7.669035025930455,47.11719414165629,46.04401657465349,7500.0000000002465,-0.1415512737806637,27.38414867778264,0.27878099800690204,-0.053476561604683504,13.450187898484142,9.34773982846833
1.9979999999998908,7.669035025930455,47.12044821330074,46.04401657465349,7500.000000000222,-0.14155546708582464,27.384128915482393,0.2787918211960472,-0.05348502317901832,13.450168488966534,9.347733914344765
1.9989999999998906,7.669035025930455,47.120965730370955,46.04401657465349,7500.0000000002,-0.14155987575370876,27.384125508808086,0.27880073279693124,-0.05348920510920868,13.450149379677123,9.347742358693822
1.9999999999998905,7.669035025930455,47.12090515337729,46.04401657465349,7500.00000000018,-0.14156437228042443,27.384125652051836,0.27880767115497174,-0.05349633212507804,13.45014408582002,9.347742019894833
