Time,Goal_Desp,SPA_Pressure_calculated,Presion_experimental_kPa,YM,P1_Position_X,P1_Position_Y,P1_Position_Z,P2_Position_X,P2_Position_Y,P2_Position_Z
0.0,0.0,0.0,2.8402357996390528e-05,27750.0,-1.6653345369377348e-16,20.0,0.0,-5.551115123125783e-17,10.0,10.0
0.001,6.817840563659203e-07,0.00011858405326359118,0.00011360943198556211,27775.0,2.0194463989930966e-08,20.000000308969636,9.908689979631902e-10,-1.6758227250335267e-08,9.999999532055106,10.000000026329161
0.002,3.084292746222306e-06,0.00019045934064809296,0.0002556164732034291,27797.5,4.693976479730466e-08,20.000002485704208,1.6630598120848106e-08,-2.627562628587654e-08,10.00000042818645,9.999999825555118
0.003,6.63181237352693e-06,0.00025800430382719777,0.00045443772794224844,27817.75,9.191303873556933e-08,20.00000582109002,3.9502494275645006e-08,-5.846193362746277e-09,10.000002018546045,9.99999947556131
0.004,1.132926049658932e-05,0.000355980273196277,0.0007100542011456775,27835.975000000002,1.703239708716886e-07,20.00001021081454,6.227782689549599e-08,4.2887004170211185e-08,10.0000040682203,9.999999014035682
0.005,1.736320391017423e-05,0.00048647911816777727,0.0010225038829264016,27852.377500000002,2.894413438370158e-07,20.000015834920223,8.304688325910803e-08,1.1618239392774399e-07,10.000006670783547,9.999998424714569
0.006,2.45691314126277e-05,0.0006396053499100724,0.0013916728029463648,27867.139750000002,4.49137745883732e-07,20.000022560000424,1.0167493241786119e-07,2.1334675670559022e-07,10.000009795333911,9.999997716540452
0.007,3.306927132131867e-05,0.0008221804116361681,0.001817731916712651,27880.425775000003,6.478208102178584e-07,20.00003048694525,1.1910769120992981e-07,3.315448560137213e-07,10.000013473312134,9.999996880534137
0.008,4.278418602853296e-05,0.0010295997789675762,0.002300586248943547,27892.383197500003,8.808289592709961e-07,20.000039550818894,1.372582608683004e-07,4.681909452353139e-07,10.00001768335963,9.999995922928287
0.009000000000000001,5.376534556393191e-05,0.0012650121205457871,0.0028401408243573394,27903.144877750005,1.1439289325232416e-06,20.000049793277814,1.5797031899245084e-07,6.203758416423177e-07,10.00002243758418,9.999994841252583
0.010000000000000002,6.597672646700684e-05,0.0015263365141276073,0.003436585593517454,27912.830389975006,1.4329956121716947e-06,20.000061184864673,1.828372609424811e-07,7.866263709299659e-07,10.000027726485165,9.999993638840273
0.011000000000000003,7.943814665655509e-05,0.0018148612079389292,0.00408982558114218,27921.547350977507,1.7456533026871668e-06,20.000073741389834,2.1276731659858328e-07,9.66324586959555e-07,10.000033554407844,9.999992314903544
0.012000000000000004,9.414610450423155e-05,0.0021300607595223717,0.004799860787231514,27929.39261587976,2.081034688017347e-06,20.000087461009215,2.4804185455584715e-07,1.1598386745470535e-06,10.000039921894205,9.999990869568794
0.013000000000000005,0.0001101132196599205,0.002472419182883896,0.0055665962365037455,27936.45335429178,2.4399072496295027e-06,20.000102354823547,2.883233222172876e-07,1.3679475924788242e-06,10.000046833498924,9.999989301571603
0.014000000000000005,0.0001273210090388387,0.0028412218090354538,0.006390221879522299,27942.808018862605,2.823862012779621e-06,20.000118406574007,3.328681179026738e-07,1.591613353446597e-06,10.000054282950611,9.99998761209227
0.015000000000000006,0.0001457618289480686,0.0032365797339500243,0.0072706427410054635,27948.527216976345,3.234856513878448e-06,20.000135608251277,3.8078409669850544e-07,1.8315303778604353e-06,10.00006226571766,9.999985801699399
0.016000000000000007,0.0001654772247744675,0.0036597178722112414,0.008207763845671524,27953.674495278712,3.674889943183768e-06,20.000153997548676,4.3141505162713756e-07,2.088184899384782e-06,10.00007079805275,9.999983866302085
0.017000000000000008,0.0001864337407730919,0.004108990939606578,0.009201680168802195,27958.30704575084,4.145015864986945e-06,20.000173546144353,4.843186151570755e-07,2.3621991601108228e-06,10.000079870398858,9.999981808126151
0.01800000000000001,0.0002086151516673346,0.004584635334146842,0.0102525816609609,27962.476341175756,4.6456375581427345e-06,20.000194237063543,5.392405019732927e-07,2.653599493362968e-06,10.000089472903023,9.999979629145038
0.01900000000000001,0.0002320888712214196,0.005088708206217358,0.011359993445739078,27966.22870705818,5.176904604942134e-06,20.000216131277547,5.964038680139616e-07,2.96209535555203e-06,10.000099631268984,9.999977323435237
0.02000000000000001,0.0002567870243221914,0.005618118450386626,0.01252439039954529,27969.605836352363,5.737798793481463e-06,20.000239170579306,6.561183024667017e-07,3.287836363108365e-06,10.000110324598756,9.999974896340444
0.02100000000000001,0.0002827528710761973,0.006175464262758995,0.013745772522379539,27972.645252717128,6.3277796072402914e-06,20.00026339010028,7.186793271607428e-07,3.6302557651635148e-06,10.000121563149616,9.999972345181265
0.022000000000000013,0.0003099866232428557,0.0067598293383656525,0.015023190061424692,27975.380727445416,6.946065982171845e-06,20.000288792916557,7.845022049202122e-07,3.989156029837737e-06,10.0001333512869,9.999969669412375
0.023000000000000013,0.0003384273795817262,0.007369589190677311,0.016357592769497876,27977.842654700875,7.59175465192552e-06,20.000315323206237,8.536899849254098e-07,4.364388251465456e-06,10.000145664624117,9.99996687472686
0.024000000000000014,0.0003681114809189352,0.008006736469943926,0.0177489806465991,27980.058389230788,8.264638235555566e-06,20.000343011075053,9.262804935294966e-07,4.755378401666288e-06,10.00015851246799,9.999963958697638
0.025000000000000015,0.0003990891884801979,0.008671858840822947,0.019197353692728365,27982.052550307708,8.96489874391282e-06,20.00037190493967,1.0024189360247071e-06,5.16212976403585e-06,10.000171918849574,9.999960916036954
0.026000000000000016,0.0004313357461735107,0.009363630640551394,0.02070176215506853,27983.847295276937,9.692807053263142e-06,20.00040198418087,1.082019197851114e-06,5.585201773461446e-06,10.000185877480016,9.99995774831591
0.027000000000000017,0.000464790282732146,0.010080977187699893,0.02226410553925386,27985.462565749243,1.044856468679356e-05,20.000433191280422,1.1647378051482526e-06,6.024818260619291e-06,10.000200360951311,9.99995446157766
0.028000000000000018,0.000499600351052845,0.010828995111309959,0.0238824843396501,27986.91630917432,1.1233473356853096e-05,20.00046565784485,1.2505883121294303e-06,6.480733169278441e-06,10.000215422826201,9.999951043097154
0.02900000000000002,0.0005355939371721254,0.011600157792697744,0.025556898556257236,27988.22467825689,1.2046929842857157e-05,20.000499235387657,1.339446059234195e-06,6.9539172596333465e-06,10.00023100849356,9.999947506324435
0.03000000000000002,0.0005727963379630913,0.012398444673028834,0.02728924769470955,27989.402210431203,1.2889130825533002e-05,20.00053393676203,1.4309618738272967e-06,7.443670201556785e-06,10.000247111805457,9.999943851565199
0.03100000000000002,0.0006113801751790399,0.013227730779137869,0.02907763224937276,27990.461989388084,1.3760791539141337e-05,20.000569922468706,1.5255497869959278e-06,7.94962476319272e-06,10.000263805467618,9.999940062388974
0.03200000000000002,0.0006511484261809344,0.014079697040075974,0.03092300197306401,27991.415790449275,1.4660777546249282e-05,20.000607021492435,1.623224753777297e-06,8.472897694067338e-06,10.000281026017323,9.999936154351916
0.03300000000000002,0.0006922125937424105,0.01496145591004537,0.032825356865783285,27992.274211404347,1.5589751804601093e-05,20.000645323098855,1.7238249250262072e-06,9.01267352076962e-06,10.000298797759374,9.999932120522875
0.03400000000000002,0.0007345479970216369,0.0158697924189368,0.03478374717471348,27993.046790263914,1.6547361290919493e-05,20.00068481265545,1.8276160188013257e-06,9.569107341511618e-06,10.000317122729005,9.999927961353585
0.035000000000000024,0.0007780938196804347,0.01680365185415039,0.0367991226526717,27993.742111237523,1.7533139927861097e-05,20.00072543264409,1.9344879009786098e-06,1.014221823070205e-05,10.000335974269063,9.99992368278394
0.036000000000000025,0.0008230116601983029,0.017768621797430845,0.03887148329965796,27994.36790011377,1.85479531980004e-05,20.000767327192165,2.0446370099791444e-06,1.0731547757825144e-05,10.00035541088387,9.999919270949317
0.037000000000000026,0.000869201806855406,0.018759091455307807,0.041000829115672266,27994.931110102396,1.9591467605606372e-05,20.000810414124004,2.1581887529875665e-06,1.1338054991150148e-05,10.000375407238606,9.999914732622216
0.03800000000000003,0.0009165645387894973,0.019774436962008247,0.043186210347897463,27995.437999092155,2.066335327460811e-05,20.000854595670596,2.274709450300616e-06,1.1961601281917922e-05,10.0003959131467,9.999910078645254
0.03900000000000003,0.0009652642814085457,0.02082053392432779,0.045428576749150705,27995.89419918294,2.1764345827457454e-05,20.000900017888828,2.39431122045497e-06,1.2601239263443365e-05,10.00041698676105,9.999905295213097
0.04000000000000003,0.0010151373779475,0.021889533214900177,0.04772792831943196,27996.304779264647,2.2893217815622702e-05,20.000946541660063,2.517031018722804e-06,1.3257628492968632e-05,10.0004385797155,9.999900394565072
0.04100000000000003,0.001066434505273165,0.022991894886470365,0.05008331530592414,27996.674301338182,2.405146567807659e-05,20.000994384960986,2.6429609952804967e-06,1.3930127385097801e-05,10.00046077491461,9.999895356346755
0.04200000000000003,0.001118819585384306,0.024113518346650452,0.052495687461444354,27997.006871204365,2.5237220419860318e-05,20.001043255792673,2.7719546538684803e-06,1.4620020238276243e-05,10.000483461713996,9.999890207666342
0.04300000000000003,0.0011726295537317,0.02527027424902438,0.05496504478599261,27997.30618408393,2.6452511955432634e-05,20.001093441479366,2.9039561988408735e-06,1.532577056662099e-05,10.00050674232535,9.99988492279405
0.04400000000000003,0.001227614547179173,0.02644843539009799,0.05749043752675176,27997.575565675535,2.7695850326192595e-05,20.001144735066145,3.0392078803620493e-06,1.6048748484653874e-05,10.000530550229126,9.999879519347044
0.04500000000000003,0.001283939099819996,0.027657869196040012,0.06007281543653894,27997.81800910798,2.8968413346430744e-05,20.001197270243445,3.1774994860289674e-06,1.6788210974838513e-05,10.000554925796093,9.999873986212577
0.046000000000000034,0.001341689927274135,0.02889774952807065,0.06271217851535418,27998.036208197183,3.0271010345250815e-05,20.001251136301683,3.319317459504756e-06,1.7544778990519205e-05,10.000579918643062,9.999868313019082
0.047000000000000035,0.001400617153605056,0.03016015847793998,0.0654075770103803,27998.232587377464,3.160282273856341e-05,20.001306108114758,3.464336992331507e-06,1.8319598478089283e-05,10.000605435177173,9.999862521655984
0.048000000000000036,0.001460634979473557,0.03144692061693668,0.06815996067443446,27998.40932863972,3.296308037520346e-05,20.001362094189457,3.611912110068616e-06,1.9111228459767204e-05,10.000631419319044,9.999856623718543
0.04900000000000004,0.001522080531530278,0.03276777710056917,0.07096932950751667,27998.568395775746,3.435262942225181e-05,20.00141940120604,3.762619740610429e-06,1.991801334011445e-05,10.00065800268743,9.999850588814002
0.05000000000000004,0.001584954341224264,0.03411702849940734,0.07383473375680975,27998.711556198174,3.577135357152317e-05,20.00147804750624,3.917135934561333e-06,2.0741750111574753e-05,10.000685215406836,9.999844411763952
0.05100000000000004,0.001648920227161483,0.035486711639998496,0.07675712317513089,27998.840400578356,3.7218046414100314e-05,20.001537721803505,4.074698815748068e-06,2.1583610856357183e-05,10.000712917441755,9.999838124299345
0.05200000000000004,0.001714315418729502,0.03689197950330602,0.07973554800966295,27998.956360520522,3.869481724944057e-05,20.001598713961304,4.235251119533157e-06,2.2441590458610605e-05,10.000741212643888,9.999831700662309
0.05300000000000004,0.001781054182684121,0.03832352124724882,0.08277095801322301,27999.06072446847,4.020122654457836e-05,20.001660967344144,4.399374973151904e-06,2.3317004654188622e-05,10.000770101440203,9.999825143103841
0.05400000000000004,0.001848972883682469,0.03977926281152105,0.08586335318581113,27999.15465202162,4.173674180013576e-05,20.001724324803476,4.566540393269314e-06,2.421027201371384e-05,10.00079950782698,9.999818468216677
0.05500000000000004,0.001918322567608922,0.04126886028484316,0.08901178377461015,27999.23918681946,4.3302774834219626e-05,20.001789007201605,4.736878479794093e-06,2.512018328998389e-05,10.000829517007478,9.999811655486374
0.05600000000000004,0.001988766978867241,0.04277785499748653,0.0922171995324372,27999.315268137514,4.489704295207453e-05,20.001854723481948,4.910318785744661e-06,2.604773521058812e-05,10.000860020736877,9.999804731639337
0.057000000000000044,0.002060643527425757,0.044322121255450625,0.09547865070647517,27999.383741323763,4.652113548103687e-05,20.00192176143957,5.0868197445930186e-06,2.699119370958014e-05,10.000891121558869,9.999797670813372
0.058000000000000045,0.002133866495251773,0.04589271947310611,0.09879328803827261,27999.445367191387,4.8174416502899664e-05,20.00199006329556,5.266911511703221e-06,2.7951866326814123e-05,10.000922817269771,9.999790475691327
0.059000000000000045,0.002207926856589229,0.047477554220637694,0.10217440806726945,27999.50083047225,4.98537529651788e-05,20.002059157846702,5.4494578778929714e-06,2.892994631636947e-05,10.00095489601625,9.999783194464838
0.060000000000000046,0.002284284685051349,0.049126432270685354,0.10560301573712298,27999.550747425026,5.156768997510719e-05,20.002130349464274,5.63616841670056e-06,2.992202641743935e-05,10.000987892034036,9.999775700806193
0.06100000000000005,0.002361213602111238,0.05076499228664508,0.10908860857600455,27999.595672682524,5.330764484451356e-05,20.00220214419808,5.826685520848862e-06,3.0936773527390216e-05,10.001021250596432,9.999768131386315
0.06200000000000005,0.002439327092890181,0.052443684844955665,0.1126406841120855,27999.636105414273,5.5077465447306295e-05,20.002274997863,6.0185735485385194e-06,3.196687730816494e-05,10.001055050568615,9.99976045690058
0.06300000000000004,0.00251974027251305,0.05417821373532725,0.11624024728902313,27999.672494872844,5.6882450324757805e-05,20.002349976458135,6.215387782060322e-06,3.3011664957116604e-05,10.001089806462884,9.999752563986597
0.06400000000000004,0.002600726262699498,0.05590334065707394,0.1198967956349888,27999.70524538556,5.8714327745623685e-05,20.002425557024136,6.416010206344858e-06,3.408007214783515e-05,10.001124924356121,9.999744595056574
0.06500000000000004,0.002682898782923645,0.05766909839155815,0.12361032914998252,27999.734720847006,6.0576744931262194e-05,20.002502196918122,6.6179184334824726e-06,3.5164140285259826e-05,10.001160481356983,9.99973652132663
0.06600000000000004,0.002766509216363396,0.059465637333387805,0.12738084783400427,27999.761248762305,6.24681272284322e-05,20.00258017831124,6.823224499130642e-06,3.626235466203109e-05,10.001196655731349,9.999728307810976
0.06700000000000005,0.002851558284335687,0.06129041681011111,0.13120835168705405,27999.785123886075,6.438781167211749e-05,20.002659509869034,7.032483786140187e-06,3.737711734402849e-05,10.001233467862065,9.99971995031241
0.06800000000000005,0.002938046719961615,0.06314574420916126,0.13509284070913186,27999.806611497468,6.63370650265116e-05,20.00274018510601,7.245417951273758e-06,3.85098567273201e-05,10.001270905522691,9.999711450579857
0.06900000000000005,0.003025975268174088,0.06503206594692638,0.13903431490023774,27999.82595034772,6.831756951447554e-05,20.00282220335967,7.461927217400355e-06,3.966131659755012e-05,10.001308965751209,9.999702809331868
0.07000000000000005,0.003115093853956121,0.06694203544684833,0.14302327673220028,27999.843355312947,7.032894154962444e-05,20.00290533751508,7.681560647343488e-06,4.083195526710659e-05,10.001347550887392,9.99969404933649
0.07100000000000005,0.003175439304280946,0.06800746670944584,0.14707872126136223,27999.859019781652,7.214831117235976e-05,20.00296233905167,7.851231066613451e-06,4.200286916083984e-05,10.001374879999453,9.9996879051929
0.07200000000000005,0.003266937141169518,0.07040373282868136,0.15119115095955218,27999.873117803487,7.40516610508446e-05,20.00304633387968,8.028367916967927e-06,4.295073626298107e-05,10.001412250423312,9.999679294480352
0.07300000000000005,0.003364896090892129,0.0723746493623082,0.15535106829859885,27999.88580602314,7.593746606965324e-05,20.003138118960972,8.284740217967546e-06,4.399998536736005e-05,10.001455224642974,9.99966958878437
0.07400000000000005,0.003451892176873166,0.07407272481735995,0.15957746833484487,27999.897225420827,7.783583691128859e-05,20.00321979364471,8.522749032846555e-06,4.51940199651113e-05,10.00149383554612,9.999660865497436
0.07500000000000005,0.003553744146039274,0.07644227500731736,0.16386085354011895,27999.907502878745,7.993204938500087e-05,20.003314224505445,8.756350809824287e-06,4.638882184254678e-05,10.001536977888161,9.999651010836681
0.07600000000000005,0.003645999657477316,0.07826340906582323,0.16819172638624974,27999.91675259087,8.207764181811239e-05,20.003400772118184,9.00011227028541e-06,4.769383118768955e-05,10.001577684438802,9.999641818583356
0.07700000000000005,0.003746616378821532,0.08053336474260173,0.17257958440140855,27999.925077331784,8.436501423192411e-05,20.003494277397152,9.236594651185204e-06,4.900809593999522e-05,10.001620699810276,9.999632017487158
0.07800000000000006,0.003844162002497986,0.0825579356397545,0.17703392511376675,27999.932569598604,8.668790298960172e-05,20.003585478038364,9.481925119403378e-06,5.0371648449287765e-05,10.001663244660097,9.999622377316225
0.07900000000000006,0.003945526866253441,0.08477274068685466,0.18153575346698164,27999.939312638744,8.906054108193118e-05,20.003679903116936,9.72612871324996e-06,5.173512772671529e-05,10.001706932053239,9.999612444194739
0.08000000000000006,0.004048228210402655,0.08696438816287011,0.18609456698922452,27999.94538137487,9.144311954983886e-05,20.00377573696579,9.978618112582716e-06,5.310777586653437e-05,10.001751433843223,9.99960234213732
0.08100000000000006,0.004150370273289068,0.08913810178733224,0.19071036568049549,27999.950843237384,9.381419127219015e-05,20.003871067681168,1.0231220677892061e-05,5.448561369209015e-05,10.00179574398724,9.999592284535614
0.08200000000000006,0.004256222691553337,0.09144014658325006,0.1953831495407945,27999.955758913646,9.619317345349598e-05,20.003969707715033,1.0488322567392405e-05,5.585294899773663e-05,10.001841400955637,9.99958190712403
0.08300000000000006,0.004361266065560909,0.09366338422341028,0.2001129185701215,27999.960183022282,9.855899811211932e-05,20.004067785069886,1.0750513450452637e-05,5.723593290146711e-05,10.001887019636822,9.999571557176893
0.08400000000000006,0.004469519716237022,0.09601169952594636,0.2048996727684766,27999.964164720055,0.00010094859897341601,20.004168681703966,1.1015472098530044e-05,5.862256111716091e-05,10.001933749589757,9.99956093760104
0.08500000000000006,0.004577970446749847,0.09831948585657031,0.2097434121358597,27999.96774824805,0.00010335723319304657,20.004269901918054,1.1285570556018865e-05,6.003341635668624e-05,10.001980783105887,9.999550262696596
0.08600000000000006,0.004688628808134735,0.10070558056107423,0.21464413667227084,27999.970973423246,0.00010580995390929715,20.004373084739125,1.155807138453202e-05,6.146305678472741e-05,10.002028623393313,9.999539394885293
0.08700000000000006,0.004800239585985019,0.10309254357503857,0.21960184637771002,27999.973876080923,0.00010830599307393163,20.004477216930667,1.1834553838963036e-05,6.292011141345588e-05,10.002076968754785,9.999528418096752
0.08800000000000006,0.004913306194005687,0.1055206598838723,0.2246070437240059,27999.976488472832,0.0001108506756675176,20.004582675989017,1.2113391629764436e-05,6.440147971636945e-05,10.00212589862396,9.999517305167814
0.08900000000000007,0.00502746558407611,0.10796754401379864,0.22967872376750112,27999.97883962555,0.00011343799116569908,20.00468916886188,1.2395021751487878e-05,6.590612984724853e-05,10.002175322534708,9.999506081132406
0.09000000000000007,0.005143446710575979,0.11046091535728336,0.23479789145185304,27999.980955662995,0.00011606632538968542,20.00479733790448,1.2680255886188263e-05,6.743017593452416e-05,10.002225497645183,9.999494684169555
0.09100000000000007,0.005260271051055456,0.11296032548332251,0.23997404430523298,27999.982860096698,0.0001187239975031229,20.00490633107636,1.296878420303793e-05,6.897507639813671e-05,10.002276099315901,9.999483193572898
0.09200000000000007,0.005378303538171267,0.11549426926113991,0.24521667985581241,27999.98457408703,0.00012140718586406418,20.005016424307048,1.3259438979285054e-05,7.053385386146527e-05,10.002327181735303,9.999471590837604
0.09300000000000007,0.005498915275283164,0.11809274591088004,0.2505068030472485,27999.986116678327,0.0001241205018319702,20.005128894926116,1.355567905148014e-05,7.210499537341208e-05,10.002379329079664,9.99945974385132
0.09400000000000007,0.005620121534942478,0.12067892692919455,0.2558539114077126,27999.987505010493,0.00012685470779583152,20.005241998341834,1.3856320316862902e-05,7.369883930524734e-05,10.002431864426615,9.999447815832108
0.09500000000000007,0.005742790465849621,0.12331510698864583,0.26125800493720464,27999.988754509443,0.00012961740769645846,20.00535640799691,1.4158753412429892e-05,7.530732574267951e-05,10.002484941112222,9.999435758648433
0.09600000000000007,0.00586692312078821,0.12597929797529875,0.2667190836357248,27999.9898790585,0.00013240871207997884,20.005472193647243,1.4465094008653256e-05,7.693127801750022e-05,10.002538662795695,9.999423556261334
0.09700000000000007,0.005992772162686075,0.12868100874310978,0.27223714750327305,27999.99089115265,0.00013523259789754993,20.005589578212383,1.4775791761012513e-05,7.857338531863656e-05,10.002593125945637,9.999411185160504
0.09800000000000007,0.006119835505484112,0.13140318608352844,0.27781219653984923,27999.991802037388,0.00013808923889446767,20.005708112891085,1.5090120160099474e-05,8.023690593539357e-05,10.00264814387434,9.99939868920708
0.09900000000000007,0.006248617468217667,0.13416930407218416,0.28343473321728213,27999.99262183365,0.00014098346203028633,20.005828228617265,1.54079416229691e-05,8.192002587525948e-05,10.002703869576413,9.999386030098266
0.10000000000000007,0.006377999320660817,0.13693692627422088,0.28912375259191453,27999.993359650285,0.00014390805512043414,20.005948939316763,1.5728323069230665e-05,8.36245593424656e-05,10.00275991273301,9.999373301954124
0.10100000000000008,0.006509970230772854,0.13978228095744236,0.29486975713557484,27999.994023685256,0.00014687312128786045,20.006071995893738,1.6052807851274498e-05,8.534388995701248e-05,10.00281696266039,9.999360338451515
0.10200000000000008,0.006643159805806259,0.14263104003601718,0.3006632493200919,27999.99462131673,0.0001498711203984926,20.006196260262843,1.6382752797472477e-05,8.708820010622231e-05,10.002874654072015,9.999347235908369
0.10300000000000008,0.006777204003385945,0.14550230060225292,0.306513726673637,27999.99515918506,0.0001529007586706932,20.006321308723066,1.6714455808086726e-05,8.885380600803794e-05,10.002932700319061,9.999334050616566
0.10400000000000008,0.006912720619858613,0.14841417582779698,0.31242118919621015,27999.995643266553,0.00015596188098121466,20.006447702476635,1.7048676986375355e-05,9.063380194757054e-05,10.002991333416887,9.999320729227131
0.10500000000000008,0.007049710814503663,0.15135378389539067,0.3183951344159826,27999.996078939897,0.00015905124180032315,20.006575482959434,1.7387020403825115e-05,9.242938753128982e-05,10.00305062290828,9.999307260019366
0.10600000000000008,0.007189296809836509,0.15435675999778564,0.3244165672766118,27999.99647104591,0.00016217702358489738,20.006705660984387,1.7731263145248644e-05,9.424270375529842e-05,10.003110997265626,9.999293541872623
0.10700000000000008,0.007329489825267483,0.15734998062408695,0.33049498530626903,27999.99682394132,0.0001653319984004642,20.00683647631171,1.8079535402781843e-05,9.608291639062738e-05,10.003171752389818,9.999279743353508
0.10800000000000008,0.007471160044829178,0.16039392264944916,0.33662089097678294,27999.99714154719,0.00016852267797645704,20.00696861010862,1.8429443857659322e-05,9.794074806512842e-05,10.003233052138736,9.999265814816457
0.10900000000000008,0.007613691079497832,0.16344813660383248,0.34281327934449624,27999.99742739247,0.0001717419833805467,20.007101572431026,1.8782147564344598e-05,9.981562168903668e-05,10.00329476139171,9.999251795791299
0.11000000000000008,0.007758571278701624,0.16656706205276287,0.3490626528812376,27999.997684653223,0.0001749966462639141,20.007236681474048,1.9139321454253455e-05,0.00010170446903484676,10.003357415355637,9.999237557816233
0.11100000000000008,0.007904932420004904,0.1697016386518188,0.35535951405883565,27999.997916187902,0.00017828326529145677,20.00737322233768,1.9502011443128797e-05,0.00010361617234211362,10.003420791599357,9.999223160211947
0.11200000000000009,0.008052157776868794,0.17285425641406202,0.3617133604054617,27999.998124569112,0.00018160079092510717,20.00751057083686,1.9866999246664907e-05,0.00010554981481591952,10.00348454920163,9.999208675243311
0.11300000000000009,0.00820111849659412,0.17605618885456528,0.36813368944928715,27999.998312112202,0.00018495302104482025,20.007649500373144,2.0234904233751294e-05,0.00010749911790547406,10.003548992880493,9.999194030624357
0.11400000000000009,0.008351425358522279,0.179278742156215,0.37460150613396925,27999.998480900984,0.0001883361504522174,20.00778971141289,2.0607046638698723e-05,0.00010946725823923753,10.003614059832048,9.999179246887085
0.11500000000000009,0.008505374427409116,0.182598458571442,0.38112630798767944,27999.998632810886,0.00019176710129037433,20.007933260726563,2.0986527990152215e-05,0.00011145520596089753,10.003680605949816,9.999164121264066
0.11600000000000009,0.008657026937940647,0.18580839611498398,0.3877080950104177,27999.998769529797,0.00019521386627796566,20.008074856408612,2.1366596534067028e-05,0.00011347807399758603,10.003746472053393,9.999149166941862
0.11700000000000009,0.008813952209789328,0.18922725601512225,0.3943468672021839,27999.99889257682,0.00019871804195509268,20.00822107164477,2.1749665010839525e-05,0.00011550228344248126,10.003814130261153,9.999133776652517
0.11800000000000009,0.008971106026967735,0.19256790186948136,0.4010331270348068,27999.99900331914,0.00020224977788813048,20.00836775963741,2.2141980375256498e-05,0.00011756136593665811,10.003882298987293,9.999118296091108
0.11900000000000009,0.009127617825846963,0.19591310105180987,0.4077858695646292,27999.999102987225,0.00020580581129542308,20.00851379123187,2.2531088604949012e-05,0.0001196416851920179,10.003950119783305,9.999102886726378
0.12000000000000009,0.009287755233278875,0.19938120292356667,0.41458609973530824,27999.999192688505,0.00020940191458879154,20.008663064145694,2.292396487835191e-05,0.0001217230903307609,10.004019261147942,9.999087164314414
0.1210000000000001,0.009449777444884174,0.20284801933675642,0.42144331507501526,27999.999273419657,0.00021302785570714855,20.008814225691246,2.3326319775862636e-05,0.00012382895116769266,10.004089429029692,9.999071221999014
0.1220000000000001,0.009612032445892406,0.20631368350074672,0.42836701311192166,27999.999346077693,0.00021668117995621294,20.008965623455747,2.373032798602681e-05,0.00012596219325339275,10.00415974377991,9.999055246125462
0.1230000000000001,0.009777918721137325,0.20989716050324775,0.4353381987896848,27999.999411469926,0.00022038378401273429,20.00912028404154,2.4139010078860768e-05,0.00012810977739713403,10.004231417577106,9.999038949339623
0.1240000000000001,0.009943168315364664,0.21341312210333527,0.44235687210830466,27999.999470322935,0.00022411171660968732,20.009274518749887,2.455174546384109e-05,0.0001302890490317843,10.00430308971425,9.999022669121116
0.12500000000000008,0.01011030801371709,0.21701377118236548,0.44944202812412387,27999.99952329064,0.00022787772855936694,20.009430378697306,2.4964590006559817e-05,0.00013248031642437708,10.004375362879898,9.99900623792479
0.12600000000000008,0.01027855745621476,0.22062028206328727,0.4565841693089711,27999.999570961576,0.00023167033102272638,20.009587329914297,2.538180731836981e-05,0.000134686835378095,10.00444819657492,9.998989685010477
0.12700000000000009,0.01044957265422645,0.2243007722532493,0.46377379813467506,27999.99961386542,0.00023549903908542946,20.009746815502215,2.5804766988657413e-05,0.00013690857174236681,10.004522157628411,9.998972871219555
0.12800000000000009,0.01062248276053958,0.22800494023253862,0.4710299096575784,27999.99965247888,0.00023936416307307473,20.009908121785173,2.6234460585694563e-05,0.0001391570710710388,10.004597023902697,9.99895585616774
0.1290000000000001,0.01079650728812885,0.2317312126976765,0.4783335088213383,27999.999687230993,0.0002432674685860503,20.010070473176295,2.6667269787783443e-05,0.00014143338351779722,10.004672386719472,9.998938727831153
0.1300000000000001,0.01096990097820898,0.23543718920938372,0.4856940931541264,27999.999718507894,0.0002471955750721344,20.010232257000695,2.7098896516086768e-05,0.00014372968899512006,10.00474751095378,9.99892165496427
0.1310000000000001,0.01114859593669027,0.23931498912809407,0.49311166265594253,27999.999746657104,0.000251177406872527,20.010398804859808,2.753761247104025e-05,0.00014603013003350318,10.004824624663643,9.998904113241002
0.1320000000000001,0.01132753641551362,0.2431206632179289,0.5005862173267867,27999.999771991395,0.00025518777853189567,20.01056582343606,2.7985447820011444e-05,0.0001483696354860342,10.004902239214497,9.998886480719984
0.1330000000000001,0.01150672325131859,0.24695904967365584,0.5081082596384875,27999.999794792257,0.0002592315779187948,20.010732985948735,2.8431238939807812e-05,0.00015073252184999442,10.004979838063814,9.99886884102195
0.1340000000000001,0.01168781371116761,0.2508576045468991,0.5156967846473876,27999.999815313033,0.00026330991571188456,20.010901863875073,2.8879153721683704e-05,0.00015310376204302756,10.005058146060893,9.998851034692287
0.1350000000000001,0.0118725580203147,0.25483620058625667,0.5233327972971447,27999.99983378173,0.0002674305532813781,20.011074145292785,2.9336345304942224e-05,0.0001554913554999704,10.005138024306621,9.99883287179515
0.1360000000000001,0.01205667855510886,0.2587544478873484,0.5310257951159295,27999.999850403558,0.00027157418805207056,20.011245991378853,2.9797318137458895e-05,0.00015791351569449663,10.005217881985784,9.99881472604525
0.1370000000000001,0.01224358219940105,0.26278595597985654,0.5387757781037423,27999.999865363203,0.00027576205332935366,20.01142026640357,3.0259561242640398e-05,0.00016034836940714836,10.005298672415892,9.998796350978289
0.1380000000000001,0.01243073883706208,0.26678563635533,0.5465827462605833,27999.999878826882,0.00027997523890355147,20.01159489373442,3.072611505589018e-05,0.00016280541060781362,10.005379752342943,9.99877792177761
0.1390000000000001,0.0126206822037132,0.2708772453449819,0.5544466995864524,27999.999890944193,0.00028422786699089375,20.011772020317025,3.1196569851510425e-05,0.00016527582993547396,10.005461881773488,9.998759243662583
0.1400000000000001,0.01281341460573445,0.2750145019174037,0.5623581405531782,27999.999901849773,0.00028852318972588664,20.01195179304841,3.167561246797401e-05,0.0001677716588270317,10.005545283173445,9.99874028045763
0.1410000000000001,0.01300552902525898,0.2791094257526645,0.5703360642171033,27999.999911664796,0.00029284703101251086,20.0121310799084,3.2156412499595444e-05,0.0001703009115113785,10.00562857581833,9.998721349301801
0.1420000000000001,0.01320131151932001,0.2833393307740926,0.578361475521885,27999.999920498318,0.0002972233510111222,20.01231361275203,3.2640277808304585e-05,0.00017284196818861952,10.005713164719252,9.998702105938321
0.1430000000000001,0.01339901317309038,0.28757184387885387,0.5864438719956949,27999.999928448487,0.00030164185122405485,20.012498056354268,3.3133016135389326e-05,0.00017541323692071842,10.005798772189014,9.998682643192158
0.1440000000000001,0.01359697663113294,0.2918037779069165,0.5945832536385329,27999.99993560364,0.0003060962188413119,20.012682763357677,3.362738567214141e-05,0.00017801500619341049,10.005884539057837,9.998663144300352
0.1450000000000001,0.01379520282119647,0.29605511975220566,0.6027701229222274,27999.999942043276,0.00031057848263210674,20.01286767230195,3.4120544597948665e-05,0.00018063013423524898,10.005970345228707,9.998643631304908
0.1460000000000001,0.01399788859542539,0.3004361303708905,0.6110234749031214,27999.999947838947,0.0003151043812718579,20.013056635420835,3.462128547843113e-05,0.00018324996101853896,10.006057898276904,9.998623711722932
0.1470000000000001,0.01420171734680891,0.30478720785603114,0.619324314524872,27999.999953055052,0.00031965892420937614,20.01324683490468,3.5131186937265024e-05,0.00018590279010810562,10.006146226879197,9.998603631731601
0.1480000000000001,0.01440493660766029,0.3091295585416369,0.6276821393156508,27999.999957749547,0.00032423730741487633,20.013436452049035,3.563936305395199e-05,0.00018858076975697413,10.006234283856516,9.998583609708156
0.1490000000000001,0.01461096170403003,0.3135747182552947,0.6360969492754573,27999.999961974594,0.0003288531342433565,20.013628553589747,3.614965382670032e-05,0.00019126283367948416,10.006323324657656,9.998563351230287
0.1500000000000001,0.01481979512246876,0.31805857470567267,0.6445687444042922,27999.999965777137,0.00033350548890731524,20.01382334234998,3.666952030978443e-05,0.00019396505936880581,10.006413684983915,9.998542800025017
0.1510000000000001,0.01503143937304344,0.32259825008510107,0.6530975247021551,27999.999969199424,0.000338206232294469,20.01402076725093,3.719755424969051e-05,0.00019670079916905836,10.006505294428642,9.998521964669296
0.1520000000000001,0.01524335767692586,0.3271248744159254,0.6616737926408744,27999.999972279482,0.00034294996905887,20.01421850673177,3.772826194214929e-05,0.00019947469091502468,10.006597121372923,9.99850108393699
0.1530000000000001,0.01545467286684584,0.33164950763995776,0.6703070457486221,27999.999975051534,0.00034772599982973995,20.01441564913834,3.82558712956893e-05,0.00020226792608435407,10.006688632726487,9.998480270730246
0.1540000000000001,0.01567134435730054,0.3363434462781522,0.6789972840253975,27999.99997754638,0.0003525574677532006,20.014617618516546,3.8790936868648984e-05,0.00020506339399423146,10.006782171566055,9.998458980822667
0.1550000000000001,0.01588829453983319,0.34096434914831464,0.6877445074712012,27999.999979791744,0.0003574155166688464,20.01482009467592,3.933552176482724e-05,0.00020789649818181433,10.006876236408818,9.998437594798341
0.1560000000000001,0.01610552443310736,0.34561880714678983,0.6965487160860329,27999.99998181257,0.0003623034473537734,20.015022745551118,3.98782526882524e-05,0.00021075126616926232,10.006970299496187,9.998416197960143
0.1570000000000001,0.01632811895755379,0.350434006349156,0.7054004123417212,27999.99998363131,0.000367247439313545,20.01523025849864,4.04292987893351e-05,0.0002136146220345636,10.007066430706598,9.998394317559434
0.1580000000000001,0.01655011806505946,0.3551557758577889,0.7143090937664375,27999.99998526818,0.0003722177001267979,20.0154374678421,4.098783306627496e-05,0.00021651978748160605,10.007162720846303,9.998372425283376
0.1590000000000001,0.01677240165297439,0.3599248579853742,0.7232747603601819,27999.99998674136,0.00037722041971466336,20.015644813665922,4.154288258895189e-05,0.00021944278607732848,10.007258939234232,9.99835053413624
0.16000000000000011,0.01699751433987175,0.3647757183827171,0.7322974121229544,27999.999988067226,0.00038225945329944944,20.015854732893423,4.2102287376666325e-05,0.00022237074637215803,10.00735625456719,9.998328387639697
0.16100000000000012,0.01722545881833117,0.36966835127581354,0.7413770490547549,27999.999989260505,0.000387334463487099,20.016067353226976,4.267132989027589e-05,0.0002253201016307882,10.00745489390277,9.998305945940583
0.16200000000000012,0.01745623780472896,0.3746185579876613,0.7505041736274121,27999.999990334454,0.000392457211224273,20.016282627925012,4.324842414515917e-05,0.000228302540713321,10.007554783778629,9.998283219007877
0.16300000000000012,0.01768642828397128,0.37953050764546503,0.7596882833690973,27999.99999130101,0.0003976154268335308,20.016497433470256,4.382673595582087e-05,0.0002313218313943488,10.00765455273061,9.998260525719353
0.16400000000000012,0.01791945716642285,0.38455318496112,0.7689293782798106,27999.99999217091,0.00040282547151693215,20.016714731153073,4.4406644017447316e-05,0.00023435450947456582,10.007755292417029,9.9982375959791
0.16500000000000012,0.01815278087455678,0.38954319290175426,0.7782274583595519,27999.99999295382,0.0004080642034383075,20.016932425616005,4.4991263790650216e-05,0.0002374104387949938,10.007856351812238,9.998214605460381
0.16600000000000012,0.01838894742151046,0.3946264858184685,0.7875825236083212,27999.99999365844,0.0004133426685724584,20.01715267125305,4.557996825466093e-05,0.0002404796942186982,10.007958484420064,9.998191359654147
0.16700000000000012,0.01862795961589038,0.3997566609743178,0.7969850764979473,27999.999994292597,0.0004186618511390905,20.017375615867444,4.6177479276987565e-05,0.00024357313000494818,10.00806191295608,9.998167822801276
0.16800000000000012,0.01886893852184174,0.4049192774820895,0.8064446145566012,27999.999994863338,0.00042402523268608716,20.01760042561123,4.678145028613745e-05,0.0002466998495484485,10.0081662495375,9.998144081108531
0.16900000000000012,0.01911021962440136,0.4100819315630396,0.8159611377842834,27999.999995377006,0.00042942671131707133,20.01782553724709,4.738685141247867e-05,0.0002498566383338785,10.008270751821033,9.9981203022008
0.17000000000000012,0.01935435327173839,0.4153378492641396,0.8255251486528221,27999.999995839305,0.00043487692722948834,20.018053209770525,4.799587939108285e-05,0.0002530289393377072,10.008376319864187,9.998096270640952
0.17100000000000012,0.01960045981911898,0.42061367066155536,0.8351556422185603,27999.999996255374,0.0004403679561847951,20.018282792816574,4.861236829978299e-05,0.00025622736594388407,10.008482852175767,9.998072026298749
0.17200000000000013,0.01984775660486962,0.42591176005388653,0.8448336234251552,27999.99999662984,0.0004458964561895318,20.01851349635413,4.9232545711486164e-05,0.00025945277329636474,10.008589924623017,9.998047658382784
0.17300000000000013,0.02009703043892455,0.4312649464875167,0.854568589800778,27999.999996966853,0.0004514649450357844,20.018746004607305,4.9856326958530595e-05,0.0002626975004003662,10.00869778462655,9.998023106312806
0.17400000000000013,0.02034661523410132,0.43660765559050013,0.864360541345429,27999.99999727017,0.00045705889681924017,20.01897885647704,5.0482747185776056e-05,0.0002659622843411147,10.008805865976669,9.997998508461107
0.17500000000000013,0.0206016164897268,0.4421158658358962,0.8741999805309367,27999.999997543153,0.000462707889441083,20.019216607433936,5.111787579076266e-05,0.00026923840295151047,10.008916036753568,9.997973419519274
0.17600000000000013,0.02085604962634039,0.4475332334100051,0.8840964048854724,27999.999997788836,0.000468383893530655,20.019454074029113,5.176026491837682e-05,0.0002725574787106333,10.009026363624123,9.997948318133389
0.17700000000000013,0.02111079915565271,0.45299901529758607,0.894049814409036,27999.999998009953,0.0004740937472059725,20.01969170559398,5.239923413935532e-05,0.0002758948650736226,10.0091366294841,9.99792321538684
0.17800000000000013,0.02137097422398821,0.4586217835650703,0.9040602091016278,27999.999998208958,0.00047986040751607506,20.019934271925223,5.304718032306255e-05,0.0002792393277414318,10.009249013499161,9.997897618806341
0.17900000000000013,0.02163147053613696,0.46417587986163467,0.9141180914350763,27999.999998388063,0.00048565959746244003,20.020177373954095,5.3704572679114104e-05,0.0002826262159582593,10.009361928782674,9.997871923937522
0.18000000000000013,0.02189395960500618,0.46981421952357816,0.9242329589375528,27999.999998549258,0.0004915082717266706,20.020422205276933,5.4362964669429914e-05,0.0002860393746548784,10.009475508695122,9.997846062146486
0.18100000000000013,0.02215677307035238,0.4754421371635504,0.9344048116090572,27999.999998694333,0.0004973907900892582,20.020667393428752,5.5023558632461e-05,0.000289475017206553,10.009589304329651,9.997820156160559
0.18200000000000013,0.02242502504433557,0.4812348717736419,0.9446336494495898,27999.9999988249,0.0005033340176047174,20.020917504829775,5.56930409910672e-05,0.00029292386914914204,10.009705206917303,9.997793755671907
0.18300000000000013,0.02269360639961269,0.4869624248848453,0.954881482346465,27999.99999894241,0.0005093135321711517,20.02116814914295,5.637139584108164e-05,0.0002964171370533619,10.009821621020766,9.997767259759314
0.18400000000000014,0.02295897435143352,0.49262286966731744,0.965233788053225,27999.99999904817,0.000515305569939617,20.021415789718894,5.704159633274086e-05,0.0002999337634674859,10.00993665443649,9.997741074463455
0.18500000000000014,0.02323422009180193,0.49862610625586495,0.9756810690416984,27999.999999143354,0.0005213731890519324,20.0216722366781,5.77223536670779e-05,0.00030343374286395663,10.010055266553714,9.99771403512267
0.18600000000000014,0.02351334842868629,0.504580946191562,0.9860333747484583,27999.999999229018,0.0005274974796365961,20.021932717239263,5.842787241466807e-05,0.0003069963674431908,10.010176223659812,9.997686503457146
0.18700000000000014,0.02378118650439201,0.5102025992742775,0.996575631018645,27999.999999306117,0.0005336053250196704,20.022182948708853,5.911541757575023e-05,0.00031062303960122106,10.010292814484238,9.99765998731137
0.18800000000000014,0.02406177792397027,0.5163941528100486,1.0071178872888318,27999.999999375505,0.000539810557952658,20.022444152357874,5.980212219297565e-05,0.00031419405157279146,10.010413372286862,9.9976324768952
0.18900000000000014,0.02434250918999781,0.5223453247035904,1.0177551188407319,27999.999999437954,0.0005460301635718534,20.02270624701189,6.051522183297964e-05,0.00031781775021955117,10.01053519788617,9.997604757462366
0.19000000000000014,0.02462713443530725,0.5284643342027865,1.0283923503926322,27999.99999949416,0.0005523154007509024,20.022971710916167,6.123152152492928e-05,0.0003214839409295678,10.010658345479063,9.997576704609688
0.19100000000000014,0.02490934060564824,0.5344748810639012,1.0391245572262457,27999.999999544747,0.000558632714857954,20.02323509452381,6.194660389641227e-05,0.00032519194778929394,10.010780705086486,9.997548846660889
0.19200000000000014,0.02519544589307223,0.5406561305418629,1.0498567640598593,27999.999999590273,0.0005650075342517047,20.023501843619474,6.266219627676373e-05,0.00032890201143176423,10.010904310449643,9.99752067860939
0.19300000000000014,0.02547913277684486,0.5467007723444142,1.0606839461751862,27999.999999631247,0.0005713851471570996,20.023766601240514,6.338048734649826e-05,0.00033263295506108514,10.011027292441334,9.997492678414499
0.19400000000000014,0.02576928811391372,0.5529871311657615,1.0716061035722264,27999.99999966812,0.0005778100865836411,20.024037071926507,6.410484496527369e-05,0.00033635633407114174,10.011152557729503,9.997464124527331
0.19500000000000015,0.02606591879856546,0.5593596204598937,1.0825282609692668,27999.99999970131,0.0005842965003625133,20.02431374865931,6.485170246373073e-05,0.0003401197195646577,10.011280873877427,9.99743489226791
0.19600000000000015,0.02636013705172539,0.5656017643977286,1.0934504183663072,27999.99999973118,0.0005908236914517473,20.02458842006139,6.560205082367654e-05,0.0003439566886461187,10.011408579756917,9.997405819809055
0.19700000000000015,0.02664937475725603,0.5717792245918023,1.1045625263267742,27999.99999975806,0.0005973689786093472,20.0248583129352,6.633448765142047e-05,0.0003478104305355556,10.01153392064872,9.997377269620609
0.19800000000000015,0.0269539961986622,0.5784707613632487,1.1156746342872412,27999.999999782256,0.0006040260675335696,20.025141982814603,6.708533926352844e-05,0.0003516311589953913,10.011664932668648,9.99734737391102
0.19900000000000015,0.0272562099886836,0.5848368057063562,1.1267867422477085,27999.99999980403,0.0006107070623230237,20.025424262059836,6.786067499070514e-05,0.0003555460305501579,10.011796308511103,9.997317480373129
0.20000000000000015,0.02755344593382557,0.5911735496983357,1.137993825489889,27999.999999823627,0.0006174126835553073,20.025701654877533,6.861629239446332e-05,0.000359499652254458,10.011925199145594,9.99728812042035
0.20100000000000015,0.0278597476339428,0.5978534223945244,1.1492009087320696,27999.999999841264,0.0006241952375672932,20.025987041040413,6.937694989295196e-05,0.00036342226486707485,10.012057188595312,9.99725801030774
0.20200000000000015,0.02816107222347281,0.6042247019044051,1.1605029672559635,27999.999999857137,0.0006309566995766902,20.02626841457008,7.014720656112194e-05,0.00036738526479385136,10.012188058735385,9.997228219946368
0.20300000000000015,0.02846890189577738,0.6109012291961105,1.1719000010615706,27999.999999871423,0.0006377655556405459,20.026555339314697,7.091752482024649e-05,0.0003713370308519037,10.012320931149967,9.997197916787677
0.20400000000000015,0.02878324389963758,0.6176573186879922,1.183297034867178,27999.99999988428,0.0006446317760976927,20.026848527692543,7.171054170551638e-05,0.00037532243427479406,10.012456884537858,9.997166931327262
0.20500000000000015,0.0290926116292863,0.6242046355237859,1.1947890439544988,27999.999999895852,0.0006515155551009011,20.027137394087955,7.250332896646672e-05,0.00037937800999426896,10.012591248622893,9.997136336663342
0.20600000000000016,0.0294084986998751,0.6310590418868232,1.2062810530418193,27999.999999906267,0.0006584865559251529,20.027431819913403,7.329427412183787e-05,0.00038343539884860833,10.012727571676361,9.997105240784247
0.20700000000000016,0.02972198395814347,0.6377291446649659,1.2178680374108535,27999.999999915643,0.0006654795295176763,20.02772441977277,7.40926731496172e-05,0.00038753246523109963,10.01286350716246,9.997074276338694
0.20800000000000016,0.0300419970443246,0.6446533934185362,1.2295499970616008,27999.99999992408,0.000672544705517919,20.028022753097833,7.489639970831297e-05,0.0003916378559894462,10.013001710823435,9.997042756664072
0.20900000000000016,0.03036854543159966,0.651668084210077,1.2412319567123484,27999.99999993167,0.0006796914352528716,20.028327338865303,7.572201417033186e-05,0.0003957916863999711,10.013142969258173,9.997010555810085
0.21000000000000016,0.03069012328623606,0.6584774289296733,1.2530088916448094,27999.999999938504,0.0006868705803675934,20.02862759557999,7.654661071465618e-05,0.00040002072960687585,10.013282615847146,9.99697874959352
0.21100000000000016,0.0310182436813398,0.6655946773209551,1.2647858265772702,27999.999999944655,0.000694140357968831,20.02893343237812,7.736930515805929e-05,0.0004042504769062316,10.013424229260306,9.99694644030963
0.21200000000000016,0.03134396961497142,0.6725273271138708,1.276562761509731,27999.99999995019,0.0007014259318171567,20.029237451544873,7.819960919808189e-05,0.0004085153764410432,10.013565461120347,9.99691426131318
0.21300000000000016,0.03166729898851916,0.679454378907986,1.2885296470056187,27999.99999995517,0.0007087059006948282,20.029539091791825,7.901984502212134e-05,0.00041277714598647597,10.013705458426088,9.996882345691143
0.21400000000000016,0.03200613190465963,0.6868621055480544,1.3004965325015063,27999.99999995965,0.0007160718308580338,20.029854733562114,7.986337697213353e-05,0.0004170109402892863,10.013851364814496,9.996849037109223
0.21500000000000016,0.03233999821418014,0.693883938757268,1.3124634179973942,27999.999999963686,0.0007234341575731995,20.030166614679523,8.072586807689186e-05,0.0004213400739800366,10.01399656295259,9.996815976780418
0.21600000000000016,0.03267405283306907,0.7010680845534344,1.324525278774995,27999.999999967316,0.0007308475153139371,20.030478176741372,8.15730234562384e-05,0.00042569118518143156,10.014141084115302,9.996783013974955
0.21700000000000016,0.03301209615008994,0.7083581040478221,1.3366821148343095,27999.999999970587,0.0007383154541839021,20.030793396569223,8.242628215049397e-05,0.0004300419589863269,10.014287164281496,9.99674969154362
0.21800000000000017,0.03335671489133181,0.7157750190241424,1.348838950893624,27999.99999997353,0.0007458563580802768,20.031114795138194,8.329884679786348e-05,0.0004344256232658994,10.014436172406839,9.996715706702005
0.21900000000000017,0.03369636730675324,0.7229742305980071,1.361090762234652,27999.99999997618,0.0007534168002586439,20.031431907579847,8.417156695855743e-05,0.0004388760413462367,10.014583623666223,9.996682106967079
0.22000000000000017,0.03404518537849776,0.7305551684959822,1.3733425735756797,27999.99999997856,0.000761077991081438,20.031756992586946,8.504754258897851e-05,0.00044332550444881047,10.014734089094961,9.996647759079204
0.22100000000000017,0.03438903802131511,0.7378389938922857,1.385689360198421,27999.999999980704,0.0007687465785264913,20.032078040589766,8.593092674114011e-05,0.00044782953949212834,10.014883357575554,9.996613745194523
0.22200000000000017,0.03481700726303328,0.7476876121681976,1.3980361468211622,27999.999999982636,0.0007770577099871501,20.032475188829785,8.694936876296744e-05,0.00045237645238033197,10.015065086232504,9.996572091744193
0.22300000000000017,0.03508754661032609,0.7517204685962829,1.410477908725617,27999.99999998437,0.0007846466572755673,20.032733081069672,8.783038426601886e-05,0.00045751813509903316,10.015191337990386,9.996543844975712
0.22400000000000017,0.0355068537525207,0.7628342191090449,1.4229196706300715,27999.999999985936,0.0007931382119875097,20.03311761261604,8.866851710437329e-05,0.00046187631700955745,10.015362093338966,9.996504207495883
0.22500000000000017,0.03581001704919935,0.7676272399458562,1.4354564078162395,27999.999999987343,0.0008008047022358133,20.033405754159386,8.961208842794832e-05,0.0004667259706455651,10.015501675950787,9.996472936387292
0.22600000000000017,0.03620514018609865,0.7774105210597703,1.448088120284121,27999.99999998861,0.0008089594854879811,20.03377026133102,9.048679737411192e-05,0.00047114876516013426,10.015666348925198,9.996434939877318
0.22700000000000017,0.03654479227377554,0.7837898990955255,1.4607198327520023,27999.999999989748,0.0008166978717041862,20.034089935814322,9.144235799712908e-05,0.0004758550726537969,10.015817692697151,9.996400706242154
0.22800000000000017,0.03692347782451919,0.7924793462111392,1.4734465205015972,27999.999999990774,0.0008246921674883168,20.034441424749428,9.235406057156448e-05,0.0004804153260281052,10.01597889640052,9.996363741820948
0.22900000000000018,0.03727772670053006,0.7996963277107721,1.486173208251192,27999.999999991698,0.0008325629764760478,20.034773078638644,9.329584223721765e-05,0.0004851157919023019,10.016134023696534,9.996328470977998
0.23000000000000018,0.0376555008211791,0.8081013410863238,1.4989948712825003,27999.999999992528,0.0008406424685710734,20.03512454477694,9.423056339946667e-05,0.000489775185894048,10.016296052558468,9.996291403966556
0.23100000000000018,0.03801400816485483,0.8155152772593638,1.5119115095955218,27999.999999993277,0.0008486741089214767,20.035459841027112,9.517429693151058e-05,0.0004945597819333569,10.016452564915067,9.996255778920842
0.23200000000000018,0.0384076642358874,0.8243334097670434,1.5248281479085435,27999.99999999395,0.0008570042570447134,20.035825897338377,9.614038546429393e-05,0.0004993090012858081,10.016621044098853,9.996217212746657
0.23300000000000018,0.03876526117052293,0.8315138429878577,1.537744786221565,27999.999999994554,0.0008652155714429788,20.036161011936695,9.710555089070816e-05,0.0005042681096132928,10.01677827880189,9.996181487184883
0.23400000000000018,0.03915679133079138,0.8403784303367998,1.5507563998163,27999.9999999951,0.0008737000658359251,20.036524796422913,9.805625418224384e-05,0.0005091040472825492,10.016945407061439,9.99614319071023
0.23500000000000018,0.03951347946015574,0.8475783948325888,1.5638629886927484,27999.99999999559,0.000881980397981541,20.03685894107172,9.901267898548838e-05,0.0005140629384351447,10.017102001895385,9.996107597862673
0.23600000000000018,0.03992093587772512,0.8569044187387038,1.576969577569197,27999.99999999603,0.0008905589471621123,20.037237210278853,9.999177638836398e-05,0.0005188706263488663,10.017275389886738,9.99606783416849
0.23700000000000018,0.04027931996854894,0.8639137891598305,1.5901711417273585,27999.999999996428,0.0008988495749834846,20.037573647016735,0.00010097970201333739,0.000523913439674728,10.017433892530796,9.996031873955074
0.23800000000000018,0.04069110516514575,0.8734311529215715,1.6033727058855203,27999.999999996784,0.000907486000423896,20.037955647438437,0.00010196204455004132,0.0005287725344213512,10.017608695168096,9.995991746173791
0.23900000000000018,0.04105379136096599,0.880534174123468,1.6166692453253955,27999.999999997108,0.0009158441720854005,20.038296093858165,0.00010296071285148534,0.00053385555939367,10.017769008800139,9.995955370980468
0.24000000000000019,0.04146991825486068,0.8901411024962487,1.630060760046984,27999.9999999974,0.0009245603188555718,20.038682156232234,0.00010395586130845791,0.0005387634298877342,10.017945715033147,9.995914807173424
0.2410000000000002,0.0418459654601957,0.8975986799460445,1.6434522747685727,27999.99999999766,0.0009330781125457266,20.03903485560518,0.00010498242680673231,0.0005439079680676362,10.018111455306494,9.995877167620616
0.2420000000000002,0.0422638508057002,0.9070931256078886,1.6568437894901606,27999.999999997894,0.0009419271308787613,20.039423027606894,0.00010599949699108269,0.0005489495685847556,10.018289697169454,9.99583629588009
0.2430000000000002,0.04263518236871396,0.9144691215146422,1.6703302794934631,27999.999999998105,0.0009505461640073598,20.039771265857276,0.00010701261433426756,0.0005541776366286277,10.018453331125182,9.995799123849515
0.2440000000000002,0.04306003492911187,0.924261398400162,1.6839117447784786,27999.999999998294,0.0009595119252549522,20.04016547433292,0.00010803003141057754,0.0005592121945237616,10.018633788117084,9.995757695997389
0.2450000000000002,0.04344216587053911,0.9318245210618061,1.697493210063494,27999.999999998465,0.0009682358953487236,20.040523927413627,0.00010907606635446321,0.0005644743327957169,10.018802297864935,9.995719425058006
0.2460000000000002,0.04386879923783973,0.9415443777535466,1.7111696506302227,27999.999999998618,0.0009772701049895471,20.040920143196544,0.00011011263238969171,0.0005696037746941718,10.018984131858613,9.995677710224346
0.2470000000000002,0.04425789632939574,0.9493555165400519,1.7248460911969514,27999.999999998756,0.0009861095206546433,20.04128478746246,0.00011116694476598354,0.0005749234620773258,10.019155157207656,9.995638826196489
0.2480000000000002,0.04468892574629073,0.9591267497139309,1.738617507045393,27999.99999999888,0.0009952462508918125,20.04168523881301,0.00011221959355356415,0.0005801217235525402,10.0193390854545,9.995596644461347
0.2490000000000002,0.04507979452386441,0.9669661887429043,1.7524838981755495,27999.999999998992,0.0010041722708913348,20.04205156635064,0.00011328088075640563,0.0005855053227487028,10.019510945417114,9.99555756886029
0.25000000000000017,0.04552431347542268,0.9771373889154547,1.7663502893057046,27999.999999999094,0.0010134642631532964,20.042464257457546,0.00011435670610698834,0.000590746094436323,10.01970012798329,9.995514146223403
0.25100000000000017,0.04591957472064965,0.9849243970317121,1.7802166804358603,27999.999999999185,0.001022513749565579,20.042835141226714,0.00011544640253063898,0.0005962458090039147,10.01987463425748,9.99547451028727
0.25200000000000017,0.04635943938823385,0.9949747568829898,1.7941780468477293,27999.99999999927,0.0010318864684563112,20.04324355551271,0.00011651431492182285,0.000601577029493372,10.020061954190648,9.995431511041488
0.25300000000000017,0.04675910283369601,1.0029994548647556,1.8082343885413117,27999.99999999934,0.0010410247011594653,20.043618098845723,0.00011759899963192932,0.000607070723151415,10.020237601697707,9.995391564631081
0.25400000000000017,0.04720989004501665,1.0132817645633487,1.822290730234894,27999.999999999407,0.0010504865743422576,20.044036711323052,0.00011869542301157221,0.0006124132447170583,10.020429625531937,9.995347490471435
0.25500000000000017,0.04761397245072624,1.0212942173443977,1.8364420472101899,27999.999999999465,0.001059693261957484,20.044415712243957,0.00011980570048725214,0.0006179893074425569,10.02060776267409,9.995307004020667
0.25600000000000017,0.04807183152700677,1.0317865067773972,1.8505933641854855,27999.99999999952,0.001069273386539893,20.04484074060802,0.0001209157094919644,0.0006234068625738387,10.020802563510717,9.995262267466522
0.2570000000000002,0.04847773465118629,1.0397892512952598,1.8648396564424947,27999.999999999567,0.0010785825612011912,20.045221592591957,0.00012203639229146912,0.0006290652052520218,10.020981720216437,9.995221560710522
0.2580000000000002,0.0489400694427046,1.0504301913512073,1.8790859486995037,27999.99999999961,0.001088277837429763,20.045650632191578,0.0001231531046825829,0.0006345363669854609,10.021178194891466,9.995176419423968
0.2590000000000002,0.04935041764902966,1.0585156536173315,1.8934272162382262,27999.99999999965,0.001097687012318882,20.046035670889108,0.00012428703454536727,0.0006402466747206237,10.02135932559045,9.995135262002917
0.2600000000000002,0.04981724250138388,1.0692496806501457,1.9078634590586623,27999.999999999687,0.0011074734730653346,20.0464689099025,0.0001254168698248681,0.0006457706123105811,10.021557766670522,9.995089666203317
0.2610000000000002,0.0502411747592477,1.0776959912606925,1.922299701879098,27999.99999999972,0.0011170356327607767,20.046866405272773,0.00012657921786712878,0.0006515369238868085,10.021744409582977,9.995047221500842
0.2620000000000002,0.05071250832727898,1.088395481955857,1.9367359446995338,27999.99999999975,0.001126954365752053,20.047304260963966,0.00012773648199543297,0.0006571866366511525,10.021945475898477,9.99500106251715
0.2630000000000002,0.05113179328025585,1.0967237665908613,1.9513621380833974,27999.999999999774,0.0011366066187456503,20.047697477670603,0.0001288906011202573,0.0006630487574666444,10.022130237511163,9.99495904637384
0.2640000000000002,0.0516167833577316,1.1079308140986712,1.965893356185546,27999.999999999796,0.0011466890793337403,20.04814740399606,0.00013005906206875473,0.0006687023489456156,10.022336075141359,9.994911721959507
0.2650000000000002,0.05212702739107175,1.1186869696046662,1.9805195495694086,27999.999999999818,0.0011570726212754567,20.04862399309784,0.00013139585513344265,0.0006747048838772196,10.022557642671286,9.994861136860093
0.2660000000000002,0.05242659052022955,1.1232491594473157,1.9952407182349847,27999.999999999836,0.001166325970398785,20.04890925455206,0.0001323856838466586,0.0006810484923203686,10.022697184643134,9.994829828065138
0.2670000000000002,0.05302393176789613,1.1397619111095314,2.0100568621822745,27999.999999999854,0.0011771119229114224,20.04945495359207,0.0001335189840863671,0.0006860519909552831,10.022936604624554,9.994773858002496
0.2680000000000002,0.05348657737789525,1.146872236230144,2.02477803084785,27999.99999999987,0.0011870906173278017,20.049895338985447,0.00013501258509668324,0.0006923847213342604,10.02315063197082,9.994725894561213
0.2690000000000002,0.05392988982575356,1.156782027106284,2.0396891500768533,27999.999999999884,0.0011973619284608161,20.0503076402524,0.0001361474960128728,0.0006987337563365559,10.02334130869203,9.994682107207746
0.2700000000000002,0.05433408640569227,1.165475283323015,2.054600269305856,27999.999999999894,0.00120732230729087,20.050684627598823,0.00013717991319672773,0.0007046473178243806,10.023515772038229,9.994642188815465
0.2710000000000002,0.05486197551745139,1.1780386055620675,2.069511388534859,27999.999999999905,0.001217723512513813,20.051173217036613,0.00013840576274509742,0.0007100991491656994,10.023737677416852,9.994591060291693
0.2720000000000002,0.05537972706193411,1.1882537982342014,2.084517483045575,27999.999999999916,0.0012281125833367712,20.05165900730161,0.00013984717886050824,0.0007162558781089734,10.02396616294192,9.994539106591496
0.2730000000000002,0.05580453800457633,1.1965756636078524,2.0996185528380047,27999.999999999924,0.0012382958076812556,20.05205777059662,0.00014105349051091176,0.0007227868920918756,10.024154461845114,9.994496262872744
0.2740000000000002,0.05633082725652332,1.2093109631779155,2.114719622630435,27999.99999999993,0.0012492026957182656,20.052544220986423,0.00014225731114042572,0.0007287730657249969,10.024374685548501,9.994445394364185
0.2750000000000002,0.05677860262268392,1.2177389574748876,2.129915667704578,27999.999999999938,0.0012596307878157131,20.05296561695589,0.00014354301528302083,0.0007351350252751132,10.024574237383732,9.994400162504894
0.2760000000000002,0.05728849248224783,1.2295570817889023,2.1451117127787205,27999.999999999945,0.0012704472761740915,20.053438534318506,0.00014477957043229628,0.0007412484511961637,10.024790636167875,9.99435034870351
0.2770000000000002,0.05776190473635335,1.2391090811114074,2.1604027331345774,27999.999999999953,0.0012810062139850253,20.053882056103564,0.0001460713756467058,0.0007475536844078756,10.024998377201621,9.994303019026056
0.2780000000000002,0.05825801285384206,1.2501004052350324,2.1756937534904335,27999.999999999956,0.001291700476632518,20.05434377657378,0.00014732911903381218,0.0007537515018106733,10.025211413581465,9.994254152466874
0.2790000000000002,0.05874920902696705,1.2604928066190748,2.191079749128004,27999.99999999996,0.0013023448626010015,20.054802457349748,0.00014862141811700091,0.0007599984776402446,10.025424598658532,9.994205417462211
0.2800000000000002,0.0592420597698621,1.2710859239771535,2.2064657447655733,27999.999999999964,0.0013130150889224534,20.055262165770653,0.00014990574579493154,0.0007662641363402334,10.025637809151828,9.994156617654465
0.2810000000000002,0.05974053559193136,1.2818194048674436,2.2219467156848567,27999.999999999967,0.0013237426699886923,20.055727061023255,0.00015120094350423718,0.0007725432763670548,10.025853278945426,9.99410728936745
0.2820000000000002,0.06023804017230955,1.292446638312719,2.237522661885853,27999.99999999997,0.0013345054308099291,20.056191317170782,0.00015250430520696856,0.0007788744465321296,10.026068781637711,9.994057981001221
0.2830000000000002,0.0607503991088585,1.303553470455403,2.25309860808685,27999.999999999975,0.0013454240599238831,20.056668929173565,0.00015382916824363546,0.0007852381288719901,10.02628988821252,9.994007331149145
0.2840000000000002,0.06125521631761979,1.3142275469199043,2.2686745542878466,27999.999999999978,0.001356393500708375,20.057140351476527,0.00015516475997734425,0.0007917256478052193,10.026509112729448,9.993957200045308
0.2850000000000002,0.0617604008784995,1.3251043365079351,2.284345475770557,27999.99999999998,0.0013674514041786545,20.057611507446907,0.0001564814143313331,0.0007982292628608278,10.02672754317166,9.993907179309527
0.2860000000000002,0.06227254632517817,1.3361545692847656,2.30011137253498,27999.999999999985,0.001378585813005262,20.058089082592932,0.00015781158073163715,0.000804724807493995,10.026948791705209,9.993856505305578
0.2870000000000002,0.06279166359787802,1.3472977021859298,2.3158772692994036,27999.99999999999,0.001389788751404164,20.058573339676244,0.00015916758895673233,0.0008112655339740371,10.02717336556368,9.993805086498126
0.2880000000000002,0.0633085209431066,1.3583136273931176,2.3317381413455402,27999.99999999999,0.001401022236275029,20.05905573453541,0.00016052828856244483,0.0008178774716449677,10.027397392103692,9.993753812628018
0.2890000000000002,0.06383236297776533,1.369615180079499,2.3475990133916773,27999.99999999999,0.001412340973931947,20.059544221850846,0.00016189270029132174,0.000824503364222573,10.027623736861521,9.993701958019441
0.2900000000000002,0.06435394876410667,1.38074561145234,2.3635548607195274,27999.99999999999,0.0014236793755281751,20.060030987889505,0.00016326495885859993,0.0008311728416218744,10.0278497120584,9.99365022860961
0.2910000000000002,0.06488253220759096,1.3921478993743228,2.3795107080473774,27999.99999999999,0.0014350880681404665,20.060523902466276,0.00016464349708117387,0.000837848983148759,10.028078113428741,9.993597897898493
0.2920000000000002,0.06540886311839009,1.4033790931375336,2.3955615306569413,27999.99999999999,0.0014465069516557127,20.061015099476084,0.00016602999588327672,0.0008445665591455542,10.028306148451023,9.993545689488418
0.2930000000000002,0.06594220475874173,1.4148834741007008,2.411612353266505,27999.99999999999,0.001457993107168487,20.061512453983354,0.00016742261508084777,0.0008512894020336059,10.028536607185618,9.993492879817168
0.2940000000000002,0.06647594588343338,1.4262939620954282,2.4277581511577813,27999.99999999999,0.0014695109353825009,20.062010501726803,0.00016882773098853,0.0008580558368908031,10.028767739957235,9.993439947609218
0.2950000000000002,0.06701406367218744,1.4378625753485805,2.443998924330772,27999.99999999999,0.001481095658136533,20.06251243232535,0.00017023870708382516,0.0008648508493406815,10.029000460406142,9.993386625289201
0.2960000000000002,0.06756186707473688,1.4496609435480257,2.460239697503763,27999.99999999999,0.001492793803825776,20.06302333096174,0.00017167250059346717,0.0008716920511712134,10.029237233442867,9.99333236343416
0.2970000000000002,0.06810478287152867,1.4612016873136626,2.476480470676753,27999.99999999999,0.0015045408211332156,20.063530146958296,0.00017311203666131592,0.0008786289809646908,10.029472694114245,9.993278450378561
0.2980000000000002,0.0686481098726233,1.4728855161920826,2.492816219131457,27999.99999999999,0.0015163544131249207,20.064036927059945,0.00017453893949331833,0.0008855786667748,10.029707661281957,9.993224599277525
0.2990000000000002,0.06919848957425928,1.484753093968525,2.509246942867874,27999.99999999999,0.001528234682327656,20.064550186151592,0.00017597967956445304,0.0008925223175788033,10.02994546501928,9.993170085932489
0.3000000000000002,0.06975593355638403,1.4967187602301144,2.525677666604291,27999.99999999999,0.001540182846190008,20.065070203576195,0.00017744609894304597,0.0008995123112547354,10.030186610785114,9.993114821357077
0.3010000000000002,0.07031114909712737,1.508557533213617,2.542203365622422,27999.99999999999,0.0015521666928920985,20.06558838931426,0.00017891745339543297,0.0009065758235703991,10.030427223724491,9.99305969922479
0.3020000000000002,0.0708734425662604,1.5206846589961156,2.5587290646405525,27999.99999999999,0.0015642448222973337,20.066112752290397,0.00018039279900045058,0.0009136568035970627,10.030670191946035,9.993003985919783
0.3030000000000002,0.07143616914857058,1.5327178461297086,2.575349738940396,27999.99999999999,0.0015763713668395796,20.066637842210586,0.00018188085335113513,0.0009207870004861451,10.030913851515574,9.99294814802882
0.3040000000000002,0.07200333088105904,1.5449099089781488,2.59197041324024,27999.99999999999,0.0015885707110666059,20.06716687115934,0.00018337519161643057,0.0009279477092513089,10.031159129204166,9.99289191226963
0.3050000000000002,0.07257093184240349,1.5570618006770531,2.6086860628217976,27999.99999999999,0.0016008118939980776,20.067696465198075,0.00018487662628463575,0.0009351464071007398,10.031404834577337,9.9928355913049
0.3060000000000002,0.0731429797186524,1.5693621791704107,2.625401712403355,27999.99999999999,0.0016131124080129289,20.06823004260807,0.00018638496497530577,0.0009423633786989072,10.031652199419964,9.99277886746521
0.3070000000000002,0.07371547299157949,1.5816188103562034,2.642212337266626,27999.99999999999,0.0016254423734641255,20.06876420254789,0.00018790107391997157,0.0009496120333918889,10.031900020886507,9.992722053409501
0.3080000000000002,0.07429508793290936,1.5941017648985125,2.659022962129897,27999.99999999999,0.0016378437113475641,20.069304777517868,0.00018942876400435127,0.0009568783093648059,10.032150552361644,9.992664587805324
0.3090000000000002,0.07487249266636056,1.6064251771086233,2.6759285622748807,27999.99999999999,0.0016502665960239637,20.06984364116652,0.00019096400862234075,0.0009641972531730381,10.032400695575529,9.992607246023915
0.3100000000000002,0.07545703317425244,1.6190290860443395,2.6929291377015785,27999.99999999999,0.0016627705233060452,20.07038876459457,0.00019250512605550885,0.0009715288900485897,10.03265328610981,9.992549293689311
0.3110000000000002,0.07605138772393631,1.6318117549040467,2.709929713128276,27999.99999999999,0.0016753851167464195,20.070943144077685,0.00019407531275406065,0.0009789157703600782,10.032910251987513,9.992490345286544
0.3120000000000002,0.07664087829823218,1.6443476397616243,2.7269302885549735,27999.99999999999,0.0016880530495990143,20.07149343072853,0.0001956510277276724,0.0009864066727279797,10.033165878869882,9.992431748274067
0.3130000000000002,0.07723083525910385,1.6570324808268073,2.7440258392633843,27999.99999999999,0.001700793759812691,20.072043718382496,0.00019721381007803407,0.0009939128169894063,10.033421004563362,9.992373212134627
0.3140000000000002,0.0778279587589493,1.6699039007873098,2.761216365253508,27999.99999999999,0.0017136058651264219,20.07260059014506,0.0001987908371250957,0.0010014136098044912,10.033679012989648,9.992314001670675
0.3150000000000002,0.07843226114163421,1.6828751856837434,2.778406891243633,27999.99999999999,0.0017264883842455503,20.073164329447074,0.0002003940867200682,0.0010089614624156917,10.033940416964638,9.992254026610224
0.3160000000000002,0.07903437527701997,1.695719730812319,2.795597417233757,27999.99999999999,0.001739406910549024,20.073726276871277,0.00020200270394010733,0.0010165831283365234,10.034201309228237,9.992194189578392
0.3170000000000002,0.07963429816801301,1.708582952863131,2.8128829185055944,27999.99999999999,0.0017523503815454755,20.074285974974966,0.00020359953853610335,0.001024215715335175,10.034460918066001,9.992134619306016
0.3180000000000002,0.0802440904437603,1.7217616456990323,2.8302633950591454,27999.99999999999,0.0017653605788938154,20.074854557541162,0.00020521031920089916,0.001031824693056238,10.034724228171884,9.992074160999787
0.31900000000000023,0.08086109307604776,1.7349905295812857,2.8476438716126973,27999.99999999999,0.0017784355203394608,20.075430194474126,0.0002068526248595326,0.0010394911795765238,10.034991190476498,9.992012896793424
0.32000000000000023,0.08147591836567386,1.7481044239620815,2.865119323447962,27999.99999999999,0.0017915599264942128,20.076004013653147,0.00020849966994157532,0.001047245516244466,10.035257601989295,9.991951775302404
0.32100000000000023,0.08209796885131278,1.7615148338825068,2.8825947752832266,27999.99999999999,0.001804799640372834,20.076584131897853,0.0002101505779564805,0.0010550277839109778,10.035526399515419,9.991890050985578
0.32200000000000023,0.0827178464092896,1.7747536783483764,2.9001652024002045,27999.99999999999,0.0018180874692084181,20.077162613532106,0.0002118100835862835,0.0010628658007390546,10.035794873647308,9.99182844295455
0.32300000000000023,0.08334496411452975,1.7882714962380584,2.9177356295171823,27999.99999999999,0.0018314684844035756,20.077747464112164,0.00021347659756898452,0.0010707193976537965,10.036065869888054,9.991766206518882
0.32400000000000023,0.0839725938281226,1.801695893918516,2.9354010319158736,27999.99999999999,0.0018448910345033043,20.078333119125144,0.0002151564751387003,0.0010786207337208364,10.03633759824127,9.991703834048378
0.32500000000000023,0.08460748101542395,1.8153621474044792,2.953066434314565,27999.99999999999,0.0018583974118142055,20.07892527656027,0.00021684764800389278,0.0010865498971724397,10.036612045570198,9.991640800947664
0.32600000000000023,0.08524020649205233,1.828872369174535,2.9708268119949697,27999.99999999999,0.0018719307778221617,20.07951576028783,0.0002185462739123789,0.0010945331833331906,10.036886105342838,9.991577890907976
0.32700000000000023,0.08588020464578872,1.842667204162594,2.9885871896753744,27999.99999999999,0.0018855439256131867,20.080112628048784,0.000220251268952254,0.001102526772425394,10.037162665307108,9.991514355687048
0.32800000000000024,0.08651804564203851,1.8562903926799266,3.0064425426374926,27999.99999999999,0.0018991725276117921,20.080707875516577,0.0002219651917459431,0.001110564266425973,10.037438912281775,9.991450932817187
0.32900000000000024,0.08716586079882406,1.8702731047171177,3.024392870881324,27999.99999999999,0.0019128914619086501,20.08131197458792,0.0002236908385299663,0.0011186110101770175,10.037718747029123,9.991386628003717
0.33000000000000024,0.0878209793823383,1.8843208556960631,3.0423431991251553,27999.99999999999,0.0019267051307930716,20.08192317467948,0.00022544612039959722,0.0011267294325166266,10.038002180452452,9.9913215238422
0.33100000000000024,0.0884739554556494,1.8982538832713225,3.0602935273689864,27999.99999999999,0.0019405912620817367,20.08253259092784,0.0002272064195551482,0.001134943181424708,10.038285078993061,9.991256560933511
0.33200000000000024,0.08912478590709869,1.912209827978491,3.078338830894532,27999.99999999999,0.0019545364794792963,20.083139790059846,0.00022895481205292834,0.0011431825733795864,10.038566692412735,9.991191863340608
0.33300000000000024,0.08978562849032518,1.9264850058657443,3.096384134420077,27999.99999999999,0.0019685723802591593,20.083756004662263,0.00023071757618070565,0.0011514069380030856,10.038852064766786,9.991126261493648
0.33400000000000024,0.09044433246628453,1.9405361166027095,3.114524413227335,27999.99999999999,0.0019826140831142314,20.08437078143921,0.00023249614234022165,0.0011596853634734394,10.039137431145662,9.99106072002435
0.33500000000000024,0.09111037581649407,1.9548856698091273,3.1327596673163067,27999.99999999999,0.0019967239193285913,20.084991965939782,0.00023428062745078915,0.001167976626203826,10.039425280458063,9.990994548999709
0.33600000000000024,0.09178377198982901,1.9693444812850363,3.1509949214052777,27999.99999999999,0.002010912612691318,20.08562016285667,0.00023608977456274216,0.0011763156608453618,10.03971651757355,9.990927611631466
0.33700000000000024,0.09245504225425814,1.983673165003654,3.1693251507759634,27999.99999999999,0.00202514947980148,20.086246640870982,0.00023790550851710002,0.0011847333656361259,10.040007299462985,9.990860804077137
0.33800000000000024,0.09313637794483919,1.998376672958352,3.1876553801466483,27999.99999999999,0.002039514913811158,20.08688201384436,0.00023973115438757908,0.0011931777519409992,10.040301615255384,9.990793120147977
0.33900000000000025,0.09381559493837392,2.0128695760944226,3.2059856095173336,27999.99999999999,0.002053934052398676,20.087515926573108,0.00024157049394618602,0.0012016981953936745,10.040595837289718,9.99072551360298
0.34000000000000025,0.09449269006646456,2.0273845836850026,3.224410814169732,27999.99999999999,0.0020683918244660537,20.088147648644554,0.0002433997104598351,0.0012102405682938855,10.040888834479118,9.990658158161175
0.34100000000000025,0.09517987506488565,2.0422248422358664,3.242930994103844,27999.99999999999,0.002082924790580476,20.08878844537621,0.0002452429676761958,0.0012187628726858524,10.04118559541083,9.990589892350181
0.34200000000000025,0.09587176449946022,2.0570402112085837,3.2614511740379553,27999.99999999999,0.0020975032100363777,20.089434025380157,0.0002471138265221495,0.0012273392056625365,10.041485032971945,9.990521051407395
0.34300000000000025,0.09656424768225559,2.0718587612231234,3.280066329253781,27999.99999999999,0.0021121311765268103,20.090080189852618,0.00024899037982184513,0.0012359790972732987,10.041784814995811,9.990452126536432
0.34400000000000025,0.09726685683286834,2.0870041332943927,3.2986814844696064,27999.99999999999,0.0021268787490114627,20.09073546004866,0.0002508820080024954,0.0012446518686640151,10.042088391242759,9.99038228270025
0.34500000000000025,0.09796466197132704,2.101871703230339,3.3172966396854315,27999.99999999999,0.002141663468136601,20.091386794587127,0.00025278219122953915,0.0012534063059754241,10.042390779038781,9.990312772088588
0.34600000000000025,0.09866306865733057,2.1168834902281537,3.3360067701829696,27999.99999999999,0.0021565010299988696,20.092038280461267,0.0002546720435043226,0.0012621669258996993,10.042692783950116,9.99024329527608
0.34700000000000025,0.09936891894577997,2.1320887092957412,3.354811875962222,27999.99999999999,0.002171395440621282,20.092696606620187,0.0002565772885506079,0.0012709175965074926,10.04299778657509,9.99017311129681
0.34800000000000025,0.1000822269168967,2.1473993301737813,3.3736169817414736,27999.99999999999,0.0021863529553149408,20.093362062336524,0.000258509884466962,0.0012797140126684647,10.04330630513842,9.99010213192346
0.34900000000000025,0.1007961558849456,2.1626627551324615,3.392517062802441,27999.99999999999,0.002201365656791854,20.094028287255956,0.00026045352476544714,0.0012885876980710531,10.04361542564553,9.990031027878654
0.35000000000000026,0.1015175617351863,2.1781876707478114,3.4114171438634044,27999.99999999999,0.0022164925262567192,20.094701172839514,0.0002624070669363654,0.001297504231570823,10.043927255614022,9.989959256534576
0.35100000000000026,0.1022368863595298,2.1935562748374733,3.4304122002060837,27999.99999999999,0.0022316759737033287,20.09537246604334,0.0002643689905904023,0.0013064874357536782,10.044238741295942,9.989887601235267
0.35200000000000026,0.1029664182778271,2.2092943222953707,3.449407256548763,27999.99999999999,0.002246983400015168,20.096052813106187,0.0002663429847128418,0.0013154932494870986,10.044553884708623,9.989815041779867
0.35300000000000026,0.1036911619113346,2.2247420954539745,3.4684972881731553,27999.99999999999,0.0022623138743267934,20.096729279347947,0.0002683266631550163,0.0013245692142627163,10.044867897885975,9.989742806014299
0.35400000000000026,0.1044288483174579,2.2406909198818905,3.487587319797547,27999.99999999999,0.002277766754202659,20.097417123977213,0.00027032178644864624,0.0013336489431818865,10.045186389308784,9.98966944908263
0.35500000000000026,0.1051617517220407,2.256298527184592,3.5067723267036532,27999.99999999999,0.0022932295641828193,20.09810125242987,0.0002723317536663661,0.001342802624270889,10.045503998319486,9.98959637807513
0.35600000000000026,0.1059049040462119,2.27234064022305,3.5259573336097585,27999.99999999999,0.0023087950497312493,20.098794273274727,0.00027434782444929473,0.0013519641042302744,10.04582498322231,9.989522442610845
0.35700000000000026,0.1066459959347072,2.288163529668827,3.545237315797577,27999.99999999999,0.002324382673641656,20.099485919472333,0.0002763784148732129,0.0013611828408243154,10.046145927370398,9.98944857562994
0.35800000000000026,0.1073946380777181,2.304287455334875,3.564517297985397,27999.99999999999,0.0023400537512780484,20.10018417637497,0.00027841633059300097,0.0013704192353348743,10.046469461582973,9.989374053561258
0.35900000000000026,0.1081439473963317,2.320322460189394,3.583892255454929,27999.99999999999,0.0023557652331060996,20.10088337919761,0.0002804683464872615,0.0013797047450612165,10.046793780617959,9.9892993824594
0.36000000000000026,0.1089008269293934,2.3366079920600606,3.603267212924461,27999.99999999999,0.0023715671503459212,20.101589370548403,0.0002825329291176737,0.001389022078680302,10.047120943758214,9.989224016318731
0.36100000000000027,0.1096556593785118,2.3527372398364315,3.622737145675707,27999.99999999999,0.002387405245592722,20.102293803821464,0.0002846062952629458,0.001398399213161483,10.047447782201317,9.989148760339948
0.36200000000000027,0.1104208056408407,2.369240023532822,3.642207078426953,27999.99999999999,0.0024033548456388054,20.103007384968347,0.0002866918973535859,0.0014077937435761356,10.047778312638592,9.98907258945697
0.36300000000000027,0.1111839128566281,2.385531483862138,3.6617719864599123,27999.99999999999,0.0024193424285348097,20.103719588102003,0.0002887921780657665,0.0014172586137210508,10.048108796480157,9.988996485845018
0.36400000000000027,0.1119546281465353,2.4021293764894014,3.681336894492871,27999.99999999999,0.0024354291286977636,20.104438442890235,0.00029089944434851356,0.0014267484349460013,10.04844186741003,9.988919724622733
0.36500000000000027,0.1127260397818835,2.418638750811558,3.7009967778075437,27999.99999999999,0.002451566236540026,20.105158271503974,0.00029302103062150975,0.0014362907863911811,10.048775735515257,9.988842811920549
0.36600000000000027,0.1135050799210465,2.435400089577956,3.7206566611222165,27999.99999999999,0.0024677974786674883,20.105884942513924,0.0002951554847022697,0.0014458657903822503,10.049112472514786,9.988765197451082
0.36700000000000027,0.1142820947563519,2.452005109493002,3.7404115197186023,27999.99999999999,0.0024840626408773603,20.106610077410895,0.00029729900269137577,0.001455499283159578,10.049448896698031,9.988687690650604
0.36800000000000027,0.1150694897960615,2.468985673809433,3.7601663783149886,27999.99999999999,0.002500433626099474,20.107344420456144,0.00029945501662675955,0.0014651474036617707,10.049789038545331,9.988609261406364
0.36900000000000027,0.1158548677887609,2.4857547740819808,3.780016212193088,27999.99999999999,0.002516835155588537,20.108077408047592,0.00030162598063437907,0.0014748626100032913,10.050129146114989,9.988530897051481
0.3700000000000003,0.1166479130462831,2.5028321268799445,3.7999610213529005,27999.99999999999,0.0025333293736866103,20.108817100950404,0.0003038041750005327,0.0014845999206292704,10.05047186360933,9.988451868468946
0.3710000000000003,0.1174513785627614,2.5201035945430483,3.819810855231,27999.99999999999,0.0025499402032898577,20.10956660917412,0.0003060135290277044,0.0014943944256571307,10.050819196351261,9.988371778524137
0.3720000000000003,0.1182431442562047,2.536923318620363,3.8398506396725263,27999.99999999999,0.0025665507003262422,20.110305829155735,0.00030821892922527905,0.0015042875313793225,10.05116253724474,9.9882926796731
0.3730000000000003,0.1190550478430288,2.554568142489946,3.859795448832339,27999.99999999999,0.002583335724523239,20.1110626107797,0.0003104349450047117,0.0015141483200442618,10.051512566335777,9.988211879227126
0.3740000000000003,0.1198552474277863,2.5715263948948905,3.8799302085555785,27999.99999999999,0.002600087834868814,20.111809834102644,0.0003126695974584037,0.0015241079549352943,10.051859711405355,9.988131905556262
0.3750000000000003,0.120672878545615,2.5892598789378685,3.900064968278818,27999.99999999999,0.0026169866703812383,20.112572068462867,0.00031490986268994936,0.0015340513114815435,10.052212419338844,9.988050485230527
0.3760000000000003,0.1214912687057364,2.606722677900823,3.9201997280020584,27999.99999999999,0.002633933746280348,20.113335908961528,0.0003171834028293241,0.001544084285633296,10.05256683585084,9.987968772304196
0.3770000000000003,0.1223076729992106,2.624199675844764,3.9404294630070105,27999.99999999999,0.002650933765559027,20.11409771982751,0.0003194511556882662,0.001554176877830049,10.052920187910761,9.987887276673655
0.3780000000000003,0.1231318265803223,2.641957932698935,3.960659198011963,27999.99999999999,0.00266802302336,20.114866402540432,0.0003217269969437164,0.0015642691708437906,10.053276250953695,9.987805102732667
0.3790000000000003,0.123956748386395,2.6596150787041557,3.98098390829863,27999.99999999999,0.002685143844182003,20.11563617055619,0.0003240198591299981,0.0015744035652490718,10.05363323847201,9.987722754781094
0.3800000000000003,0.1247894410397778,2.6775274795752857,4.001308618585297,27999.99999999999,0.002702343721984468,20.11641291339216,0.0003263263062572852,0.001584565967856777,10.05399315897094,9.98763968607982
0.3810000000000003,0.1256229132963441,2.6953644869215676,4.021728304153676,27999.99999999999,0.002719588109340143,20.117190672580254,0.0003286469340159637,0.0015947858573652218,10.054353868524773,9.98755646235029
0.3820000000000003,0.1264641781324208,2.7134620712405355,4.042147989722056,27999.99999999999,0.0027369299092091515,20.117975411624485,0.00033098045603680015,0.0016050404970667231,10.054717483388984,9.987472523696244
0.3830000000000003,0.1273089875073795,2.7315638516727523,4.062662650572149,27999.99999999999,0.0027543525917648193,20.11876368336433,0.00033333317475592317,0.0016153605597651333,10.055082978527135,9.987388170521747
0.3840000000000003,0.1281533496368462,2.74964574530925,4.083177311422243,27999.99999999999,0.002771837566520441,20.119551570819826,0.0003356895550115646,0.0016257372582397234,10.055448355049474,9.9873038413125
0.3850000000000003,0.1289985090170136,2.7677870393244017,4.103786947554049,27999.99999999999,0.0027893688468977884,20.120340070877823,0.00033804566255024593,0.0016361269290674496,10.055813848043519,9.987219461287104
0.3860000000000003,0.1298542570432363,2.7862265245819002,4.124396583685856,27999.99999999999,0.0028069815387366526,20.121138229758813,0.00034042291277031067,0.0016465183629109093,10.056183535804736,9.98713407630168
0.3870000000000003,0.1307108166747898,2.804538997931294,4.145101195099375,27999.99999999999,0.002824626550484821,20.12193759847907,0.0003428210373587204,0.001656978213034066,10.056554319742776,9.987048485362305
0.3880000000000003,0.1315779926086581,2.8232101450551523,4.165805806512895,27999.99999999999,0.0028423892193134015,20.122746464634368,0.00034523568144273487,0.0016674829557613569,10.056929045359317,9.986961922313931
0.3890000000000003,0.1324459946329914,2.841770000155803,4.1866053932081275,27999.99999999999,0.0028602300441905593,20.123556505782922,0.0003476689833371571,0.0016780756773311922,10.057304760790425,9.98687517303787
0.3900000000000003,0.1333246408510196,2.8606885447116763,4.2074049799033615,27999.99999999999,0.0028782253879133246,20.124376071975867,0.0003501193405001657,0.0016887262607185316,10.05768443301485,9.986787449921167
0.3910000000000003,0.1342041277758602,2.879494812150038,4.228204566598595,27999.99999999999,0.0028963208648472016,20.125196830712717,0.0003525889785559455,0.0016994728164032025,10.058065111062476,9.9866995371611
0.3920000000000003,0.1350567987621262,2.897568037640339,4.2491941038572545,27999.99999999999,0.0029143044873708446,20.125993062614043,0.0003550121206311041,0.0017102522369846773,10.058435051581155,9.986614165015128
0.3930000000000003,0.1359576305870204,2.917451321927663,4.270088665834201,27999.99999999999,0.0029325409986044604,20.126831804506708,0.00035747281082260107,0.0017208486620968189,10.058821770718787,9.986524595479018
0.3940000000000003,0.1368494875594292,2.9362216001169945,4.291078203092861,27999.99999999999,0.0029507243699586905,20.1276650509912,0.0003600122544577533,0.0017316641996112936,10.059209252970305,9.986435202540434
0.3950000000000003,0.1377243537285575,2.954865145579588,4.312162715633235,27999.99999999999,0.0029688907060132497,20.128481701955454,0.00036249363828178005,0.0017425615021918195,10.059588406591343,9.986347632745154
0.3960000000000003,0.1386376339508884,2.974889437359378,4.333247228173608,27999.99999999999,0.0029873248787083972,20.129332456808264,0.00036500848316817214,0.0017533479783111705,10.05998111991511,9.986256695018424
0.3970000000000003,0.1395240727482574,2.99346351371165,4.354426715995696,27999.99999999999,0.00300564092421729,20.13016090107909,0.0003675537215501179,0.001764327039695146,10.060366699520179,9.986167752567498
0.3980000000000003,0.1404489822125459,3.0137410345169484,4.375606203817783,27999.99999999999,0.0030242752981554655,20.131022497108848,0.0003701091349636032,0.0017752676953822766,10.060764559673391,9.98607560455987
0.3990000000000003,0.1413470373203094,3.0325776524316144,4.396785691639869,27999.99999999999,0.003042833169090764,20.131861740449445,0.00037268940991991295,0.0017864045110899673,10.061155067172628,9.98598549428003
0.4000000000000003,0.1422459654815809,3.0520113158759097,4.418060154743671,27999.99999999999,0.0030614548329128133,20.13269999162753,0.00037521775861965034,0.0017974737042037447,10.06154317518211,9.985895705504015
0.4010000000000003,0.1431556599132745,3.0716427519767393,4.439429593129184,27999.99999999999,0.0030800906841152442,20.133548393670218,0.00037777293732849104,0.0018084559947031953,10.061935914467014,9.985804846774636
0.4020000000000003,0.1441039392409155,3.0922104029501893,4.460799031514696,27999.99999999999,0.003098948535095236,20.134432460658214,0.0003804188465441616,0.0018194945615749858,10.062344829263672,9.985710187124525
0.4030000000000003,0.1450253383411025,3.1114969071059657,4.482168469900211,27999.99999999999,0.003117771933654534,20.135293649922318,0.0003830803613167344,0.0018308391201894425,10.062745790752393,9.985617638273595
0.4040000000000003,0.1459476408893908,3.131436057491521,4.5036328835674375,27999.99999999999,0.0031367452308854737,20.136153703459627,0.00038568190629878485,0.0018421593786759893,10.0631439746217,9.98552547356601
0.4050000000000003,0.1468807681634177,3.1515743928524715,4.525192272516378,27999.99999999999,0.003155811073889181,20.137023961427083,0.00038831113882475954,0.0018534193211278138,10.063546805762913,9.985432240931079
0.4060000000000003,0.1478247419566522,3.171836445148907,4.5467516614653185,27999.99999999999,0.0031749519597643605,20.137904681880045,0.0003909854977099947,0.0018647376562264117,10.063954962187161,9.985337809238946
0.4070000000000003,0.1487696494171329,3.1920300812058056,4.568311050414259,27999.99999999999,0.0031941509385028377,20.138786551458043,0.0003936771874587519,0.0018761643648578796,10.064364013291438,9.985243190518569
0.4080000000000003,0.149715491256342,3.21231586929248,4.589965414644913,27999.99999999999,0.003213421908311309,20.139669068814417,0.0003963672194183254,0.0018876375402281376,10.064773091908696,9.985148527953069
0.4090000000000003,0.1506443198496815,3.2321111751542264,4.611619778875567,27999.99999999999,0.0032326055274020105,20.14053610511862,0.00039903023966081363,0.0018991051954556082,10.065175439026023,9.985055471889552
0.4100000000000003,0.1516019813832456,3.2529979324880265,4.633369118387935,27999.99999999999,0.0032519127060349207,20.14142856811028,0.0004017162625771231,0.0019104424170097167,10.065587809879803,9.98495989015627
0.4110000000000003,0.1525705569501022,3.273687422120128,4.6552134331820145,27999.99999999999,0.003271273500244809,20.1423325650275,0.0004044784102777421,0.0019219064939250408,10.066007051211596,9.98486287631118
0.4120000000000003,0.153550068872273,3.2946791179724344,4.676962772694382,27999.99999999999,0.0032908294550759165,20.143246556515734,0.0004072702616510493,0.001933555722779312,10.066430803819475,9.984764776324642
0.4130000000000003,0.1544926287065222,3.314537118340679,4.698902062770176,27999.99999999999,0.003310319937293804,20.144127135446244,0.0004100101695960201,0.0019453476195384622,10.066840301460406,9.984670115920876
0.4140000000000003,0.1554840665643499,3.3364313917334036,4.720746377564257,27999.99999999999,0.003330171855666253,20.14505023488601,0.00041276866888306785,0.00195695812864638,10.067265831990916,9.984571327689586
0.4150000000000003,0.1564385246486305,3.356338555121097,4.742780642921765,27999.99999999999,0.0033498122095960703,20.14594256213229,0.00041556389559066487,0.0019687639647431032,10.067681381283354,9.98447533386178
0.4160000000000003,0.1574419349923817,3.378436563218007,4.764719932997558,27999.99999999999,0.0033697868980391843,20.14687700176777,0.0004183696797866454,0.0019804734231650967,10.068112472470503,9.984375253330603
0.4170000000000003,0.1584083377506028,3.3986019437995756,4.786849173636779,27999.99999999999,0.0033895698190752888,20.147780471418997,0.0004212029809563811,0.0019923927246413564,10.068533170861524,9.984278039029906
0.4180000000000003,0.1594237675190887,3.420962448423068,4.808883438994287,27999.99999999999,0.0034097166130053203,20.148726114798826,0.00042404667294398957,0.0020042191263908715,10.068969419232856,9.984176739783504
0.4190000000000003,0.1604021617636978,3.4413848837085883,4.831012679633508,27999.99999999999,0.0034296998686884073,20.149640776984945,0.00042691903131908404,0.002016266972542591,10.069395297073314,9.984078305918107
0.4200000000000003,0.1613915709364448,3.4628946646192293,4.853236895554442,27999.99999999999,0.0034497945567549815,20.15056305804487,0.00042973794375433805,0.0020282077674799726,10.069821816387943,9.983979369103972
0.4210000000000003,0.1623920178752863,3.484419254739856,4.875461111475376,27999.99999999999,0.003469905678736951,20.151496333938415,0.0004326036240537845,0.0020401029933473924,10.070253990359298,9.983879195471006
0.4220000000000003,0.1634215701859625,3.506644217716486,4.897780302678024,27999.99999999999,0.0034902064463304683,20.152456532026168,0.0004355421292099315,0.0020520888135168724,10.070698471900991,9.983776121446416
0.4230000000000003,0.1644341182020127,3.5280280766212684,4.920099493880671,27999.99999999999,0.0035105384251238325,20.153402354093863,0.0004384962564932815,0.0020643262795967954,10.071138065206217,9.983674365613483
0.4240000000000003,0.1654476998190119,3.5498713726579263,4.942418685083319,27999.99999999999,0.003531025841391533,20.154347774770024,0.00044141264357139276,0.0020765758235100074,10.071575911401345,9.98357282950009
0.4250000000000003,0.1664623158514724,3.571669567491289,4.96483285156768,27999.99999999999,0.0035515654154736898,20.15529437208478,0.00044433884052513806,0.002088792479281565,10.07201441291465,9.983471162231387
0.4260000000000003,0.1674880406857783,3.593755780665675,4.987341993333754,27999.99999999999,0.0035721631306562807,20.15625118110552,0.0004472927457450093,0.0021010002868231403,10.072457510102979,9.983368396211798
0.4270000000000003,0.1685248977030029,3.6160113195260597,5.009756159818115,27999.99999999999,0.00359283334366739,20.157218596674433,0.00045028637442856567,0.00211327555203622,10.072905773622546,9.983264442223868
0.4280000000000003,0.1695527329858389,3.6379084587646666,5.032360276865903,27999.99999999999,0.003613494124860117,20.158178111308974,0.00045328080024015227,0.0021256503911528113,10.073351012439982,9.983161250146729
0.4290000000000003,0.1706018135118007,3.660634133318801,5.054964393913691,27999.99999999999,0.003634334806304762,20.15915628620027,0.0004562923344978431,0.0021380084781373876,10.073803511059154,9.983056204244487
0.4300000000000003,0.1716519779140313,3.6830450186676496,5.077568510961479,27999.99999999999,0.003655249424241447,20.160136530726138,0.0004593465273444175,0.0021504893516891,10.074258149779649,9.982950791902526
0.4310000000000003,0.1726750028544997,3.7047560007280973,5.1002676032909795,27999.99999999999,0.0036760694195448473,20.16109182078873,0.00046235353000939616,0.0021630377081499064,10.074701769404403,9.982847985168995
0.43200000000000033,0.1737374415246414,3.7280438355175862,5.122966695620482,27999.99999999999,0.0036971135269350253,20.162081603319223,0.00046538118778022275,0.0021754151737853333,10.075158596201968,9.982741785712456
0.43300000000000033,0.1748009819907052,3.7506371211913936,5.145760763231696,27999.99999999999,0.0037181594448769117,20.163074660928395,0.00046849097631079806,0.002187953931721498,10.075619488976503,9.982634929598424
0.43400000000000033,0.1758474895071614,3.7729047683352057,5.16855483084291,27999.99999999999,0.003739185022059943,20.164051702570227,0.0004715656374544297,0.002200613560289888,10.076073028078259,9.982529758709592
0.43500000000000033,0.1769233708510062,3.7963367101021053,5.191348898454126,27999.99999999999,0.0037604397861619177,20.165054484908595,0.0004746568132514284,0.002213190532569631,10.076536395793825,9.982422061282701
0.43600000000000033,0.1780003720917674,3.81927805619478,5.214332916628766,27999.99999999999,0.0037817578076893565,20.166059922526497,0.0004778098763869032,0.0022259121560865847,10.077002821018246,9.982313861549606
0.43700000000000033,0.1790704932491849,3.8421438561583705,5.237221959521694,27999.99999999999,0.003803141705192248,20.167058716629196,0.000480948683259097,0.002238742577367836,10.077466054605102,9.982206364619561
0.43800000000000033,0.1801599026928046,3.8657181395030173,5.260205977696336,27999.99999999999,0.003824718153581208,20.168074589078,0.00048410674021798217,0.0022515592727214706,10.077936020732679,9.982097161788163
0.43900000000000033,0.1812322761618,3.8884768860983425,5.28328497115269,27999.99999999999,0.003846233430018553,20.169075973691378,0.000487275341225335,0.002264471858069217,10.0784009087757,9.981989325658125
0.44000000000000034,0.1823443177690357,3.91273759358259,5.306363964609046,27999.99999999999,0.0038680258083069186,20.170112339870254,0.0004904799590832454,0.002277336555666587,10.07887966820056,9.981877968108483
0.44100000000000034,0.1834291519653301,3.935557732484293,5.3294429580654,27999.99999999999,0.003889706039576002,20.171125999240736,0.0004937119873914542,0.0022904053053148243,10.079350964256575,9.981768701843652
0.44200000000000034,0.1845151272997139,3.9590087370125167,5.352616926803468,27999.99999999999,0.0039114346998244676,20.172138829619424,0.0004968912444906493,0.0023034024244884543,10.07981981333458,9.981659741014116
0.44300000000000034,0.1856124496165631,3.9826711270776864,5.375790895541536,27999.99999999999,0.0039331694627370295,20.173162350174763,0.0005000990720671061,0.002316305974883359,10.080293526837366,9.981549644832251
0.44400000000000034,0.1867393567120012,4.006999484579289,5.399059839561318,27999.99999999999,0.0039550543688647855,20.174213381133654,0.0005033834751495547,0.0023292626184140963,10.080779927736017,9.981436565676724
0.44500000000000034,0.1878492341136192,4.030467063299313,5.422328783581101,27999.99999999999,0.0039769291777784765,20.17525007247582,0.0005066867551549725,0.002342457628541905,10.081261553743534,9.981324797629085
0.44600000000000034,0.1889602880794626,4.0544020648599925,5.445692702882594,27999.99999999999,0.003998936476054593,20.176286480993582,0.0005099532845677657,0.0023556594264250164,10.081741471818537,9.981213230641327
0.44700000000000034,0.1900827564128412,4.078593889136122,5.46905662218409,27999.99999999999,0.0040210626422320095,20.177333504514813,0.0005132478555432418,0.002368834005486875,10.082226114442733,9.981100546440494
0.44800000000000034,0.191206419244711,4.1026348381686395,5.492515516767298,27999.99999999999,0.004043227861439791,20.17838219613525,0.0005165714866025017,0.0023820789489267247,10.082712231823725,9.980987584143621
0.44900000000000034,0.1923415304967927,4.127057570583027,5.515974411350506,27999.99999999999,0.004065509173744264,20.17944114681454,0.0005199157630838003,0.002395372894224368,10.0832026291285,9.980873549424569
0.45000000000000034,0.1934778543331391,4.1513726949999965,5.539433305933715,27999.99999999999,0.004087855355868364,20.18050164874459,0.0005232824311957596,0.002408750413459504,10.083694197620746,9.980759287462199
0.45100000000000035,0.1946153917565593,4.175771532053157,5.562987175798637,27999.99999999999,0.004110267694586112,20.18156310473422,0.0005266526987132703,0.002422170188205619,10.0841860233548,9.980644931313474
0.45200000000000035,0.1957644210156692,4.200508555978769,5.586541045663559,27999.99999999999,0.004132788027149392,20.182634999461822,0.0005300463319436455,0.002435604325426277,10.084682311002744,9.980529481450624
0.45300000000000035,0.1969146821132299,4.225121757162793,5.610189890810194,27999.99999999999,0.004155354754304452,20.18370851541358,0.0005334650454337231,0.002449113824933513,10.085179898412402,9.980413781929295
0.45400000000000035,0.1980764696577842,4.250119128388421,5.633933711238543,27999.99999999999,0.004178046927421075,20.184792361129357,0.0005369048240941865,0.0024626716724614472,10.085681791645335,9.980297005282742
0.45500000000000035,0.1992498092793138,4.275307859477915,5.657582556385178,27999.99999999999,0.004200886629397826,20.185887164983264,0.0005403853243707291,0.002476323550405224,10.086188928352142,9.980179016079745
0.45600000000000035,0.2004141065605551,4.30013127403376,5.681421352095239,27999.99999999999,0.004223772938453274,20.186974068752292,0.000543870287668724,0.0024900953460841313,10.086693069359566,9.980061792512204
0.45700000000000035,0.2016002928255285,4.325804162844779,5.7051651725235875,27999.99999999999,0.0042468751511414715,20.18808021203307,0.0005473757736182416,0.002503862026088932,10.087204715025631,9.979942637714403
0.45800000000000035,0.202748788304843,4.350022324770116,5.729003968233649,27999.99999999999,0.004269776659739155,20.189153206910994,0.0005508615132112649,0.0025177226421470023,10.08770333774193,9.979826799316116
0.45900000000000035,0.2039375238948127,4.376072042898863,5.752937739225425,27999.99999999999,0.0042928749642908715,20.1902607262368,0.0005543493264091315,0.002531380240634762,10.088214464073094,9.979707600972937
0.46000000000000035,0.2051378913101625,4.401690191631483,5.776871510217201,27999.99999999999,0.004315993096808579,20.191381231603344,0.0005579382227521856,0.0025451645200322837,10.088733918120978,9.979586735223162
0.46100000000000035,0.2063108654123284,4.426518927632371,5.8009002564906895,27999.99999999999,0.004339013157318272,20.192476808703553,0.0005614945909291347,0.0025591242725149788,10.08924281056321,9.979468421537327
0.46200000000000035,0.2075241902455076,4.45304353837673,5.824834027482464,27999.99999999999,0.0043623396748173615,20.193607445139108,0.0005650651902758264,0.0025729726660267405,10.089764787382867,9.979346665492308
0.46300000000000036,0.2086997394690961,4.477738960815695,5.848957749037666,27999.99999999999,0.004385469993798907,20.194706018736987,0.0005686539744846897,0.00258698549594899,10.090275546895596,9.979227974614632
0.46400000000000036,0.2099260680613564,4.50465325837192,5.873081470592868,27999.99999999999,0.004408955096177447,20.195848447394578,0.0005722594064312414,0.002600886891384935,10.090802651282749,9.979104949066494
0.46500000000000036,0.2111249754861905,4.529869132273722,5.89720519214807,27999.99999999999,0.004432321708896736,20.196968761260983,0.0005759162909443893,0.002615012556696772,10.091323369737289,9.978983890822445
0.46600000000000036,0.2123539777672814,4.556599493895723,5.921423888984987,27999.99999999999,0.004455974630977688,20.19811444368556,0.0005795698455661746,0.002629126261866288,10.091852886223897,9.97886038333111
0.46700000000000036,0.2135659301814276,4.58230621984434,5.945642585821901,27999.99999999999,0.004479596320922707,20.19924627499564,0.0005832526457679177,0.002643369942773255,10.09237818386746,9.97873813801932
0.46800000000000036,0.2148080299570203,4.609273476750444,5.969861282658817,27999.99999999999,0.004503477137477896,20.200404321325486,0.0005869565508430652,0.0026575994832007677,10.092913514014967,9.978613264728128
0.46900000000000036,0.216022663625601,4.634942409795094,5.994174954777446,27999.99999999999,0.004527239763938318,20.201538957009042,0.00059067210531627,0.0026719710059502355,10.093440486516338,9.978490648457319
0.47000000000000036,0.2172490591051403,4.661501945625218,6.018583602177788,27999.99999999999,0.004551076587323288,20.202682575048122,0.0005943579021125411,0.002686233064965071,10.09396940256064,9.978367283582378
0.47100000000000036,0.2185161091051668,4.688958744513227,6.0429922495781305,27999.99999999999,0.0045751194554256025,20.203864053873865,0.0005981412492694904,0.002700483332207737,10.094515566147397,9.978239846188698
0.47200000000000036,0.219755680587385,4.715052560913857,6.067400896978473,27999.99999999999,0.0045990643875968296,20.20502231225402,0.0006019510698791475,0.0027150144893656747,10.09505393933134,9.97811457276263
0.47300000000000036,0.2209966237995975,4.7418330289594754,6.091904519660528,27999.99999999999,0.004623115922103682,20.206179798415157,0.0006057045620422863,0.0027295049325028464,10.095589634193121,9.977989620807845
0.47400000000000037,0.2222783188023775,4.769680409706656,6.116408142342586,27999.99999999999,0.004647437178642522,20.207374711875218,0.0006095380396531347,0.0027439390649780515,10.096141718419343,9.977860724341522
0.47500000000000037,0.2235325056278554,4.796099968499864,6.141006740306354,27999.99999999999,0.004671665485173171,20.208546577406295,0.0006134044879640976,0.0027586278702080858,10.096686301903377,9.977733956094765
0.47600000000000037,0.224798564907694,4.823498258042632,6.165605338270123,27999.99999999999,0.004696058456851004,20.20972726063415,0.0006172349448114178,0.002773278723500583,10.097232432018405,9.977606485598248
0.47700000000000037,0.2260660354199765,4.850664383336859,6.190298911515605,27999.99999999999,0.0047204613458601274,20.210910083539993,0.0006210968831204533,0.00278791793998584,10.097780299624592,9.977478709542977
0.47800000000000037,0.2273454157617447,4.878185057493932,6.214992484761087,27999.99999999999,0.004744927839831714,20.212103713109347,0.000624986903108915,0.0028025735175285504,10.098332913941267,9.977349765972178
0.47900000000000037,0.2286262273263515,4.905596761915727,6.23968605800657,27999.99999999999,0.004769414264855332,20.213299117831383,0.0006289011960039503,0.0028173014185792766,10.098886836205281,9.97722056097702
0.48000000000000037,0.2299084713574339,4.933100381572061,6.264474606533766,27999.99999999999,0.004793940212041159,20.21449567075859,0.0006328199958204328,0.0028320656436547353,10.099441086092112,9.97709123977632
0.48100000000000037,0.2312026729306655,4.960955028571835,6.2892631550609615,27999.99999999999,0.0048185672308107,20.21570308912875,0.0006367639311471995,0.0028468430201608608,10.099999980466688,9.976960771654845
0.4820000000000004,0.232498327140232,4.988686799462826,6.314146678869871,27999.99999999999,0.004843246568421888,20.2169123472248,0.0006407353166200114,0.0028617009337978394,10.100560287468968,9.976830029507973
0.4830000000000004,0.2338059768637883,5.016816149355982,6.339030202678781,27999.99999999999,0.004868068392398339,20.218132363226044,0.0006447305383467938,0.0028766165309855873,10.101125085571468,9.976698156136214
0.4840000000000004,0.2351150995586623,5.044837829651877,6.364008701769403,27999.99999999999,0.004892981062560198,20.219354191702568,0.0006487522943887103,0.0028916280515947634,10.101691197574564,9.97656602489816
0.4850000000000004,0.2364362560255519,5.073258186998161,6.388987200860026,27999.99999999999,0.0049180576702632095,20.220586812856148,0.0006527989659009248,0.0029067004218612524,10.102261813214925,9.976432760613868
0.4860000000000004,0.2377589059648577,5.101570115709774,6.413965699950649,27999.99999999999,0.004943228457921278,20.221821269389437,0.0006568730277117796,0.0029218665777080988,10.10283376021622,9.976299235056208
0.4870000000000004,0.2390830506887995,5.129973061244285,6.439039174322984,27999.99999999999,0.004968476967123325,20.223056939124525,0.0006609545830365549,0.002937079167747658,10.103406080194874,9.976165583731518
0.4880000000000004,0.2403901207316796,5.157879262742716,6.464112648695321,27999.99999999999,0.004993621254040792,20.224277085797496,0.0006650141960289346,0.0029522792559661393,10.103971666289123,9.976033560888787
0.4890000000000004,0.2417278460826646,5.186937083290342,6.4892810983493705,27999.99999999999,0.005018873468340124,20.225524297586304,0.0006691006272800393,0.002967339343916686,10.104547952089037,9.975898778281977
0.4900000000000004,0.2430776928506883,5.21580626797302,6.5144495480034195,27999.99999999999,0.0050441490366517905,20.226784226925787,0.0006732683888490687,0.0029825167391443475,10.105131705094465,9.975762429101394
0.4910000000000004,0.2444290759295736,5.244695964647188,6.539712972939182,27999.99999999999,0.005069519192079097,20.228045632327046,0.0006774546534331627,0.0029978671584783845,10.105716325292692,9.975625872482652
0.4920000000000004,0.2457633920598832,5.273176583081294,6.564976397874944,27999.99999999999,0.0050948985031949445,20.22929124830661,0.0006816118610984412,0.00301328174505916,10.106293742333605,9.97549101734495
0.4930000000000004,0.2471284753982597,5.302826351672777,6.59033479809242,27999.99999999999,0.0051205138882159384,20.23056398599327,0.0006857973860172617,0.0030286038215793787,10.10688179507676,9.975353411515773
0.4940000000000004,0.2485057586797272,5.332285378315111,6.615598223028184,27999.99999999999,0.005146255673574074,20.231849525714267,0.0006900688938192845,0.0030440820686733483,10.107477372923384,9.975214230103244
0.4950000000000004,0.2498446894456556,5.360599218279793,6.6410515985273735,27999.99999999999,0.005171868791811751,20.233100286753604,0.0006942959643708169,0.0030597258262712312,10.108058192138216,9.975078664105286
0.4960000000000004,0.2512357638248399,5.391103860096801,6.666504974026563,27999.99999999999,0.0051978283738750575,20.234396357672388,0.000698543088885728,0.0030751779341632313,10.108655973264856,9.974938586851223
0.4970000000000004,0.2526284380628249,5.420693162595817,6.691958349525754,27999.99999999999,0.005223812611271139,20.235696893700815,0.0007028991298354548,0.00309083732764992,10.109259137675023,9.974797670820895
0.4980000000000004,0.2539933795711444,5.4496926036667634,6.7174117250249425,27999.99999999999,0.005249735489213592,20.236971537540594,0.0007072060158606619,0.0031066502947152963,10.109850584773229,9.974659507931548
0.4990000000000004,0.255389239979673,5.48007768958397,6.742960075805845,27999.99999999999,0.005275871295636669,20.238272778807364,0.00071151555915272,0.003122303798711923,10.110451531350915,9.974518746784405
0.5000000000000003,0.2567680316137956,5.5093577231801305,6.768603401868462,27999.99999999999,0.005301853442158555,20.239560404745923,0.0007158651183824527,0.003138026025377383,10.111048785568265,9.974379189289053
0.5010000000000003,0.2581885055993562,5.5402370484904,6.794246727931078,27999.99999999999,0.005328081925399186,20.240884727115837,0.000720254355656591,0.0031537197368775027,10.111660607328876,9.97423585432247
0.5020000000000003,0.2595812183333283,5.569645636575226,6.819890053993694,27999.99999999999,0.005354181241143063,20.242185882888798,0.0007246735230226342,0.0031696223983850302,10.112264775112255,9.97409471671592
0.5030000000000003,0.2610049648595002,5.600578511504567,6.845628355338025,27999.99999999999,0.005380556566185635,20.243513317994413,0.0007290924016991052,0.0031854832066851024,10.11287811295506,9.973951006094774
0.5040000000000003,0.2624116514768411,5.630457941781013,6.871366656682354,27999.99999999999,0.0054068830187075645,20.244826985192216,0.0007335463903757056,0.003201463446269537,10.113487396268411,9.973808556992259
0.5050000000000003,0.2638199698040508,5.660770473014603,6.897104958026685,27999.99999999999,0.005433259823048153,20.246140933276937,0.0007379762550898117,0.0032174117330392438,10.114095519075903,9.973666185718747
0.5060000000000003,0.2652593994549019,5.69190977681386,6.922938234652728,27999.99999999999,0.005459810627303774,20.247483419109777,0.0007424687197628566,0.0032333223887472395,10.114716112601283,9.973520773670014
0.5070000000000003,0.2666817666318838,5.722084692124688,6.948866486560484,27999.99999999999,0.005486284183713386,20.248811856625238,0.0007469935512899317,0.0032494142789739056,10.115332445209384,9.973376641348548
0.5080000000000003,0.2681165613368391,5.753049067183078,6.974794738468241,27999.99999999999,0.005512893473198888,20.25015026017222,0.0007515057646862444,0.0032654940198321714,10.115951560319902,9.973231590392707
0.5090000000000003,0.2695825646180848,5.784688387687647,7.000722990375998,27999.99999999999,0.005539739211508576,20.25151777369986,0.0007560990259038447,0.003281619380719303,10.116583961620158,9.973083382886887
0.5100000000000003,0.271020730497384,5.815106685100629,7.026651242283755,27999.99999999999,0.005566523419433811,20.252861263241343,0.0007607055659747952,0.003297977164691712,10.11720762199785,9.972937531292157
0.5110000000000003,0.2724605751153766,5.846171796001977,7.0526744694732235,27999.99999999999,0.005593394871058532,20.254204412700076,0.0007652644737435876,0.0033142567877211815,10.117828947629066,9.972791924524048
0.5120000000000003,0.2739424987122691,5.878323169398806,7.078792671944408,27999.99999999999,0.005620495646007528,20.255586259389826,0.0007699091584451034,0.0033304616448647795,10.118467306039355,9.97264218534984
0.5130000000000003,0.2754073743916737,5.9093336663441765,7.104910874415591,27999.99999999999,0.005647524665388537,20.256954624325964,0.0007746074260834845,0.0033469140027349575,10.119102353011487,9.972493592456507
0.5140000000000003,0.2768739719920282,5.940884100429087,7.131029076886774,27999.99999999999,0.005674652411310266,20.258323027343447,0.0007792722064575153,0.003363388360299091,10.119735699710711,9.972345147282175
0.5150000000000003,0.2783422930921667,5.972420482838608,7.157242254639671,27999.99999999999,0.005701793625488227,20.259693201390313,0.0007839498965963032,0.003379808846469823,10.120369861327166,9.972196513624233
0.5160000000000003,0.2798231889801539,6.00428215557786,7.183455432392568,27999.99999999999,0.005728973151786332,20.26107494001689,0.0007886610640673308,0.0033962094036348867,10.121009215800957,9.972046613266814
0.5170000000000003,0.281335511496561,6.03688763853847,7.2096686101454655,27999.99999999999,0.005756353771408151,20.26248579256142,0.0007934508043119792,0.00341269747030154,10.121661780557254,9.971893538448107
0.5180000000000003,0.2828199198628796,6.068296230458921,7.2359767631800755,27999.99999999999,0.005783670754125947,20.26387246927149,0.0007982496272835871,0.0034294250329938714,10.122305378855124,9.971742864237452
0.5190000000000003,0.2843169567308355,6.100675374279586,7.2623798914963995,27999.99999999999,0.005811166328800299,20.265268746802853,0.0008030193047422474,0.0034460834124349637,10.12295090565319,9.971591383009049
0.5200000000000004,0.2858266532144367,6.133121114559028,7.2887830198127235,27999.99999999999,0.005838746888424451,20.266677482303876,0.0008078459145446359,0.00346273350541082,10.123602758111334,9.97143848422642
0.5210000000000004,0.2873381416633866,6.165465662421211,7.315186148129045,27999.99999999999,0.005866359127005505,20.268088330328844,0.0008127056598236093,0.003479482000618317,10.124256216372762,9.97128526406452
0.5220000000000004,0.2888514237380004,6.197924919738903,7.341589276445369,27999.99999999999,0.005894017610641011,20.2695006177718,0.0008175727165370406,0.003496275980872876,10.124910061848649,9.97113189756747
0.5230000000000004,0.290366501099975,6.230438706029239,7.368087380043406,27999.99999999999,0.0059216951502787385,20.2709145341807,0.0008224507572535122,0.0035130679096733175,10.125564554860407,9.970978354181744
0.5240000000000004,0.2918943040924221,6.263308326607198,7.3946804589231565,27999.99999999999,0.005949438253016304,20.272340071071028,0.0008273595554342816,0.003529854917015296,10.126224112128025,9.970823555516821
0.5250000000000004,0.2934348642952206,6.2963760839433425,7.421273537802906,27999.99999999999,0.0059772733422189805,20.27377775341875,0.0008323171576523625,0.0035467196116770183,10.126889557478856,9.970667384081999
0.5260000000000004,0.2949772647072275,6.329386370887339,7.447866616682657,27999.99999999999,0.006005192510255164,20.275217460269253,0.000837302724677802,0.0035637078880407236,10.127556319668404,9.9705109367119
0.5270000000000004,0.2965215070452044,6.362512878200585,7.474459695562407,27999.99999999999,0.00603321390561351,20.276658649909773,0.0008422979869678882,0.00358075621159315,10.12822348006054,9.970354344590643
0.5280000000000004,0.2980675930273508,6.395692269925821,7.501147749723871,27999.99999999999,0.006061300003704362,20.27810152177752,0.0008473075664422458,0.0035978191450230512,10.128891329803295,9.970197567571049
0.5290000000000004,0.2996265032845687,6.42922956959648,7.527930779167048,27999.99999999999,0.006089480431559935,20.27955610630545,0.0008523505493212014,0.003614888963694163,10.129564287304504,9.970039523482196
0.5300000000000004,0.3011982698678275,6.462966907261711,7.554713808610226,27999.99999999999,0.0061177623691825445,20.281022929667564,0.0008574441526496557,0.0036320388018412086,10.130243175379196,9.969880095906658
0.5310000000000004,0.302771925740502,6.4966474010284925,7.581496838053404,27999.99999999999,0.00614612092035377,20.282491824912746,0.0008625666377666819,0.0036493061293288442,10.130923402942479,9.969720387496277
0.5320000000000004,0.3043474726771864,6.5304455198243,7.608279867496581,27999.99999999999,0.006174563095934227,20.28396224802509,0.0008676989846079786,0.0036666227570826826,10.131604047873452,9.969560528783546
0.5330000000000004,0.3059249124539729,6.564297638406868,7.6351578722214715,27999.99999999999,0.0062030468725075005,20.285434399424,0.0008728453669040181,0.0036839426673903053,10.132285402721681,9.969400479262374
0.5340000000000004,0.3075152766847085,6.598510226193117,7.662130852228075,27999.99999999999,0.006231604054063977,20.286918356084712,0.0008780247781039474,0.0037012605772583917,10.132971906270503,9.969239150410086
0.5350000000000004,0.3090885760441662,6.632048155302973,7.689103832234679,27999.99999999999,0.006260035553341314,20.288387356137118,0.0008832048904842127,0.003718628503504795,10.133652618396761,9.969079332807574
0.5360000000000004,0.3106938171223619,6.666842854533864,7.716076812241282,27999.99999999999,0.006288626199209557,20.289884382538844,0.0008884114160097045,0.003735907772813185,10.134344222630787,9.968916625887841
0.5370000000000004,0.3123009992400728,6.701148640889139,7.7431447675296,27999.99999999999,0.006317218404876812,20.291384883696537,0.0008936853159423608,0.0037533190420258045,10.1350392735091,9.96875334825296
0.5380000000000004,0.3139211952932311,6.735964226786244,7.7702127228179165,27999.99999999999,0.006345982243616155,20.29289681352621,0.0008989846936089951,0.00377084662996352,10.135738904852237,9.968588861489046
0.5390000000000004,0.3155433567723876,6.770701342590159,7.797280678106236,27999.99999999999,0.006374882740387888,20.294410958855053,0.0009043152581786895,0.0037884891532468656,10.136439906097463,9.968424094404316
0.5400000000000004,0.3171373665999078,6.804662986392574,7.824443608676266,27999.99999999999,0.006403697493059024,20.295899371672053,0.0009096117537428228,0.003806169550772176,10.137129659906496,9.96826207508649
0.5410000000000004,0.3187745472555593,6.840320292985736,7.851606539246296,27999.99999999999,0.006432750477675775,20.297425670689925,0.0009149413769556358,0.003823671909329862,10.137834081107354,9.96809615962624
0.5420000000000004,0.3204137197881507,6.8752473544236095,7.87886444509804,27999.99999999999,0.006461770336261385,20.29895624992999,0.0009203641706604371,0.0038413332951536816,10.138543206031468,9.967929498127997
0.5430000000000004,0.3220660092762184,6.910736015784694,7.906122350949784,27999.99999999999,0.0064909466203173505,20.30049819972897,0.0009258101246086836,0.003859136020214149,10.139256771973503,9.967761635872707
0.5440000000000004,0.3236901180717942,6.945281675264717,7.933380256801529,27999.99999999999,0.006520031727430875,20.302014912588007,0.0009312348471276488,0.0038770198127812128,10.139959775652231,9.967596437386247
0.5450000000000004,0.3253464231523683,6.981253794237119,7.960733137934986,27999.99999999999,0.0065493170845722926,20.30355937573561,0.0009366721947720591,0.003894748324883568,10.140672937324531,9.967428434354343
0.5460000000000004,0.3270159035023702,7.016994165089434,7.988086019068444,27999.99999999999,0.006578650092334382,20.30511774736732,0.0009422023889352205,0.003912576387600841,10.141394284082812,9.967258724812808
0.5470000000000004,0.3286571708920362,7.051863075175556,8.015533875483614,27999.99999999999,0.0066078538303782075,20.30665062650108,0.0009477112726272718,0.003930554380070228,10.142104993767855,9.96709167606424
0.5480000000000004,0.3303418965476128,7.088531272088475,8.04288675661707,27999.99999999999,0.006637344122743805,20.308221356811377,0.0009532447841726355,0.003948404927381466,10.142829969113976,9.966920766827235
0.5490000000000004,0.3320175043674676,7.1241562747950296,8.070429588313957,27999.99999999999,0.006666788026710113,20.30978623242325,0.0009588535945385668,0.003966421040707047,10.143555191803932,9.96675021649631
0.5500000000000004,0.3336872400541105,7.159948892985469,8.09797242001084,27999.99999999999,0.006696267835821612,20.311344714552842,0.0009644389212207227,0.0039844957314200125,10.144276601871727,9.966580418868004
0.5510000000000004,0.3353893660826167,7.196779417803608,8.125515251707725,27999.99999999999,0.006725971894538496,20.31293235690723,0.0009700753312863464,0.004002519416946793,10.14501007422211,9.966407546707444
0.5520000000000004,0.3370935882862263,7.23315225466203,8.15305808340461,27999.99999999999,0.006755736267016144,20.314523531887172,0.0009757844677819594,0.004020718695564807,10.145747007206536,9.966234100858127
0.5530000000000004,0.3387695326549368,7.268842555347078,8.180695890383207,27999.99999999999,0.006785414472889328,20.316088558281763,0.0009814538592614608,0.004039012372395068,10.14647224670453,9.9660634710257
0.5540000000000004,0.3404891734752046,7.306276630622314,8.208333697361804,27999.99999999999,0.00681535757466134,20.317691847737255,0.0009871540153057468,0.004057135172969184,10.147212126147581,9.96588891117648
0.5550000000000004,0.3422109381203102,7.342975274642226,8.236066479622117,27999.99999999999,0.006845287280148271,20.31929956596643,0.0009929500619459408,0.0040754174975433655,10.147956799096459,9.965713597086793
0.5560000000000004,0.3439156542077489,7.379353448928922,8.263799261882427,27999.99999999999,0.0068751745510709505,20.320891237200946,0.0009987223962704683,0.004093820938868953,10.14869410512178,9.96554001225502
0.5570000000000004,0.3456529361184273,7.41700321548246,8.291532044142738,27999.99999999999,0.006905284547066792,20.322511514184846,0.0010045233876577742,0.004112129830211919,10.14944240716943,9.965363482582472
0.5580000000000004,0.3473618930806889,7.453255348367945,8.319359801684763,27999.99999999999,0.006935204010016904,20.32410783082348,0.0010103488350841627,0.0041305422977119255,10.150182441502551,9.965189320139043
0.5590000000000004,0.3491147548573926,7.4913614459954605,8.347187559226787,27999.99999999999,0.006965388538802242,20.325742275598746,0.0010162013655233837,0.004148867196955397,10.150936920944272,9.965011223927922
0.5600000000000004,0.3508392771864666,7.527882466952099,8.375110292050524,27999.99999999999,0.006995389125822704,20.327353332069436,0.0010220948410177844,0.00416735302104948,10.151683962302318,9.964835388220932
0.5610000000000004,0.3526077927885776,7.566312934095892,8.403033024874263,27999.99999999999,0.00702570563825361,20.329002432083442,0.0010280140595875231,0.0041857953968604256,10.152445266650467,9.964655639619936
0.5620000000000004,0.3543479544531774,7.603170287560388,8.430955757698,27999.99999999999,0.007055891311146922,20.330628091718253,0.0010339752453331075,0.004204415949002338,10.153199035259284,9.964478171451397
0.5630000000000004,0.3561208599005812,7.641608683104664,8.458973465803453,27999.99999999999,0.0070863506781789765,20.3322815680626,0.0010399465452483603,0.0042229935899400495,10.153962657333121,9.96429788670952
0.5640000000000004,0.3579073232213877,7.679861178494615,8.486991173908903,27999.99999999999,0.0071169454681552224,20.33394919331326,0.0010460114185004699,0.004241705221223413,10.154734337999441,9.964115904818346
0.5650000000000004,0.3596653998833193,7.71723398410193,8.515103857296069,27999.99999999999,0.007147469664094852,20.335591177493562,0.0010520616495955926,0.004260578908830526,10.155495322909754,9.963936621522212
0.5660000000000004,0.3614676819930325,7.756431235346534,8.543121565401519,27999.99999999999,0.007178311439255569,20.337271683151094,0.001058142761336145,0.004279330486692212,10.156270857060273,9.963753377493223
0.5670000000000004,0.363230180102708,7.7936770804577025,8.571329224070398,27999.99999999999,0.00720888237103251,20.338918496658486,0.0010642528057117628,0.004298215402907757,10.157034678956197,9.963573493268843
0.5680000000000004,0.3650176643295897,7.832443075972817,8.599441907457562,27999.99999999999,0.007239557705971955,20.34058555726429,0.0010703379526455503,0.0043169422248534595,10.15780448559966,9.963391645068235
0.5690000000000004,0.3668266899542075,7.871306784314555,8.62764956612644,27999.99999999999,0.007270254950722199,20.342273866863195,0.0010765131017063667,0.004335671925019546,10.15858517964851,9.963207352646418
0.5700000000000004,0.3686186756413383,7.909446969266072,8.655952200077031,27999.99999999999,0.00730083719525082,20.343947398615974,0.0010827019617579148,0.004354561332631179,10.159360525840121,9.963024528044329
0.5710000000000004,0.3704550814534781,7.949288973213665,8.68415985874591,27999.99999999999,0.007331749076788352,20.345660051443424,0.0010889351536733094,0.004373431946453954,10.160151210251868,9.962837618401448
0.5720000000000004,0.3722515999084426,7.987250256835392,8.7124624926965,27999.99999999999,0.007362493521516855,20.34733868774901,0.0010951940767237045,0.004392508554780572,10.160929772712507,9.962654141351162
0.5730000000000004,0.3740926070394663,8.027319413679102,8.740860101928806,27999.99999999999,0.0073936008988865765,20.349055243247264,0.0011014647143700595,0.004411488653150164,10.161721834898168,9.962466811305966
0.5740000000000004,0.3759165903896181,8.066072960859923,8.76925771116111,27999.99999999999,0.007424632343364934,20.350758886961074,0.0011078041044679798,0.004430617657809777,10.16251113250187,9.962280624862059
0.5750000000000004,0.377773703660467,8.106240711268196,8.797655320393416,27999.99999999999,0.007455939551954838,20.35249125675274,0.001114177009154449,0.004449776828156782,10.16331138069296,9.962091442187104
0.5760000000000004,0.379602317041033,8.145054227839482,8.82605292962572,27999.99999999999,0.007487117211826377,20.3541993557093,0.0011205730101691569,0.004469072720082123,10.16410293031861,9.961904717641902
0.5770000000000004,0.3814332384223238,8.184516152505866,8.854545514139739,27999.99999999999,0.007518300998132277,20.355907740971155,0.0011269315922151635,0.0044882439075946134,10.16489256052203,9.961718118664848
0.5780000000000004,0.3833088666331738,8.225129750163166,8.88313307393547,27999.99999999999,0.007549648585918778,20.357657254096114,0.0011333810712018666,0.00450731562048079,10.165700306207588,9.96152704261512
0.5790000000000004,0.3851674806059723,8.264567575102841,8.91162565844949,27579.99999999999,0.0075808589325984665,20.35939342941759,0.001139889352682777,0.004526622824260251,10.166504919565568,9.96133715096014
0.5800000000000004,0.3870478565894979,8.196521727245283,8.940213218245221,27201.99999999999,0.007611282776090023,20.36124143548428,0.0011418553064833081,0.004559339359611503,10.167523578969229,9.961105190279243
0.5810000000000004,0.3889112039095252,8.130854026435104,8.968895753322665,26861.799999999992,0.007641579876393079,20.3630885669833,0.0011368170347219042,0.004599238190448995,10.168564668618115,9.960871967986453
0.5820000000000004,0.3907884699290462,8.077591611044944,8.99757828840011,26555.61999999999,0.007674792398082553,20.36493205989074,0.001125419599253441,0.004640386498464155,10.169578224766248,9.960638585993324
0.5830000000000004,0.3926991219321758,8.034030407403423,9.026260823477555,26280.057999999994,0.007710237058538794,20.366797574940755,0.0011103137928210605,0.004680671460123964,10.170584433425347,9.960402628448017
0.5840000000000004,0.3945811933301178,7.996633836426939,9.054943358555,26032.052199999995,0.007746224259536305,20.36863245051654,0.0010942168280035358,0.004719516924686251,10.171567513198925,9.960170971060268
0.5850000000000004,0.3964966980264588,7.967509398163768,9.08372086891416,25808.846979999995,0.007782129866166054,20.37049004565545,0.0010796511892118832,0.004756090236765043,10.172547286096332,9.959939458051531
0.5860000000000004,0.3983951843085601,7.943436791168582,9.112498379273317,25607.962281999997,0.007816921401549548,20.37232872823101,0.001068527840880018,0.004790343682535503,10.173510543332382,9.959713051542945
0.5870000000000004,0.4002960943713004,7.925399904045722,9.141370864914188,25427.166053799996,0.007850403642768178,20.3741632449559,0.001061664143929275,0.004822372815185938,10.174460686816367,9.959490662727323
0.5880000000000004,0.4022421556799098,7.9135680143517595,9.170243350555062,25264.449448419997,0.007882803990667042,20.376034398478094,0.001059054552854266,0.004852636850286196,10.175417631397586,9.959267544375049
0.5890000000000004,0.4041595887610853,7.904844229095885,9.199115836195933,25118.004503578,0.0079140265008662,20.3778774374656,0.0010598086414249086,0.004881923475254346,10.176356894979918,9.959049965378531
0.5900000000000004,0.406079476415126,7.9010087672870055,9.228083297118518,24986.2040532202,0.007944750386037314,20.37971645733121,0.0010625897650767824,0.004910341455809986,10.177284480660814,9.958835033665189
0.5910000000000004,0.4080446460187448,7.902026436178666,9.257050758041103,24867.58364789818,0.007975590869138627,20.381593401868308,0.0010662572884702626,0.004938121143110319,10.178222169142337,9.9586172854022
0.5920000000000004,0.4099811540489001,7.904964011539542,9.286018218963688,24760.825283108363,0.008006513129219794,20.383443249196688,0.0010697533322386876,0.004965732299181458,10.179145326700649,9.958402969007668
0.5930000000000004,0.411920147726186,7.911725530714121,9.315080655167986,24664.742754797528,0.008037985938136816,20.385289973166522,0.0010723629485685504,0.004992948110524531,10.180059449289189,9.958189538253222
0.5940000000000004,0.4139045549351545,7.922369261926173,9.344143091372285,24578.268479317776,0.008070233477091404,20.387175577610954,0.0010740401790638177,0.005019729020740826,10.180986007668029,9.957972074584378
0.5950000000000004,0.4158602671627621,7.934060540490732,9.373300502858298,24500.441631386,0.008102777520741955,20.38903486154928,0.0010749440941222321,0.005046378243466931,10.181899971836371,9.95775746307178
0.5960000000000004,0.4178302146019641,7.949098598469328,9.402362939062597,24430.3974682474,0.00813578014522176,20.390902408572984,0.0010754176675792926,0.005072596784303829,10.182811037691094,9.957542518741912
0.5970000000000004,0.4198222716271856,7.966492702491502,9.431520350548608,24367.35772142266,0.008169010157531631,20.39278891739783,0.0010760669692000957,0.0050983741414951655,10.183727644659246,9.957326022580089
0.5980000000000004,0.4217973184078552,7.98501045918723,9.460772737316333,24310.621949280394,0.008202079207665691,20.39465897360382,0.0010772956665036637,0.0051238500810532606,10.184635136738933,9.95711193898342
0.5990000000000004,0.4237866680908706,8.00599763735633,9.49002512408406,24259.559754352355,0.008235060290662566,20.396538892759477,0.0010793703473406802,0.005148841837964879,10.18554220530388,9.956897727979428
0.6000000000000004,0.4258099550114368,8.029150658500186,9.519372486133499,24213.60377891712,0.008267967180712765,20.398448955526277,0.001082493064477108,0.0051734295064762015,10.18646038515086,9.956681009786701
0.6010000000000004,0.4278162584064166,8.052787970672604,9.548814823464651,24172.243401025407,0.00830057526249317,20.400343617818987,0.001086556556943341,0.0051978555055138265,10.187371272061771,9.956466589601629
0.6020000000000004,0.4298369573274762,8.078524205478807,9.578257160795802,24135.019060922867,0.008333186488905353,20.40224843704225,0.001091315507880275,0.005221951820928383,10.188282385154256,9.956251843130538
0.6030000000000004,0.4318917161805368,8.10604382928293,9.607699498126953,24101.51715483058,0.008365947284857789,20.404183872270313,0.001096609523702774,0.005245798577732885,10.189205488304205,9.956034197639559
0.6040000000000004,0.4339177035984513,8.133372552654981,9.637141835458106,24071.365439347523,0.008398605109032953,20.406093578339636,0.0011021296355152588,0.005269642913772021,10.19011760945381,9.95581955010712
0.6050000000000004,0.435946328280844,8.162334397741429,9.666584172789259,24044.228895412773,0.008431410525745475,20.408002492699637,0.0011076019718463392,0.005293229098008834,10.191025208611997,9.955605395425913
0.6060000000000004,0.438009087416011,8.192892902320748,9.696026510120412,24019.806005871495,0.0084644458668931,20.409942033966875,0.0011130200096204912,0.005316561100587147,10.191944932556208,9.95538802014105
0.6070000000000004,0.4400430169151175,8.222910405243448,9.725468847451564,23997.825405284344,0.008497337446129238,20.411856368433625,0.0011183134146310336,0.005339915455574162,10.192854784502293,9.95517331795174
0.6080000000000004,0.4420795918265961,8.254305744984954,9.754911184782715,23978.04286475591,0.008530284089552809,20.413770222114366,0.0011234404514735563,0.005363049700719824,10.193760794947783,9.954958938680585
0.6090000000000004,0.4441503758744752,8.287082324759153,9.784353522113868,23960.238578280318,0.008563351647243422,20.415714999988303,0.0011285952721417636,0.005385949539120527,10.194679413155816,9.95474128915956
0.6100000000000004,0.4461922719678759,8.319120480142434,9.813795859445019,23944.214720452288,0.008596173106286686,20.417634734710745,0.00113384111076964,0.005408879649300868,10.195588535037054,9.95452635569149
0.6110000000000004,0.4482368216441979,8.352359382428386,9.843238196776172,23929.79324840706,0.008628974576584791,20.419554182423283,0.0011391862660927177,0.005431599157859679,10.196494153498314,9.954311805786835
0.6120000000000004,0.4503156553037538,8.386818435976899,9.872680534107324,23916.813923566355,0.008661857475068702,20.421504801014116,0.0011447996585348674,0.005454101803974598,10.197412724826886,9.954094030027875
0.6130000000000004,0.4523655425726746,8.42039085611582,9.90307262425561,23905.13253120972,0.008694490168449476,20.423430490434857,0.001150666608096651,0.005476662842277713,10.198322082677073,9.953879002192078
0.6140000000000004,0.4545374759933082,8.458197568657909,9.932514961586762,23894.61927808875,0.00872789941034463,20.425464564303816,0.001156859236087493,0.00549914340399793,10.199275059961078,9.953652442727902
0.6150000000000004,0.4565928129258697,8.491340958696926,9.961957298917914,23885.157350279875,0.00876079322569806,20.42739886728656,0.0011632827758976672,0.0055221873036298,10.200192019680115,9.953436452340005
0.6160000000000004,0.4586825347208865,8.528067249092993,9.9923493890662,23876.641615251887,0.008794195231496826,20.429355939113382,0.0011696579620791292,0.005544889361409733,10.20110898822469,9.953218724127382
0.6170000000000004,0.4608629921948424,8.56648650646629,10.021791726397353,23868.9774537267,0.008828090462599691,20.431398592094748,0.001176315552554541,0.005567390077821477,10.202065567717707,9.952991522863355
0.6180000000000004,0.4629264854657644,8.60073693468581,10.05218381654564,23862.07970835403,0.00886133449693699,20.433339206197324,0.0011830076518032917,0.005590399905413823,10.202983706275704,9.952775106524651
0.6190000000000004,0.4651444539450044,8.641589642124433,10.081626153876792,23855.871737518628,0.00889563590369169,20.435412117004915,0.0011896867826566848,0.005613047500037938,10.203949314218857,9.952544842330166
0.6200000000000004,0.4672134476917209,8.675903540798313,10.112018244025077,23850.284563766767,0.00892898934173958,20.43735903861352,0.00119644185443607,0.005636089427548618,10.204870951415199,9.952327749698137
0.6210000000000004,0.4694053902989245,8.716549803564416,10.14146058135623,23845.25610739009,0.00896313544179378,20.439407546134877,0.0012030885993654095,0.0056586656769545,10.20582512847342,9.95210022653384
0.6220000000000004,0.4715117274537749,8.75266576545462,10.171852671504515,23840.730496651082,0.008996542472538283,20.44138644505632,0.0012098631742326615,0.0056813637175412435,10.206757921777022,9.951879817378313
0.6230000000000004,0.4737094421438462,8.793092702524673,10.201295008835668,23836.657446985973,0.009030424128784964,20.443442239543913,0.0012166351608896564,0.0057038477484955274,10.207717388509502,9.95165135516189
0.6240000000000004,0.475789448976724,8.828885141980882,10.231687098983954,23832.991702287378,0.009063445937290415,20.44539660389816,0.0012234544829343164,0.005726478655017464,10.208638946904845,9.951433697949481
0.6250000000000004,0.478024847159936,8.871047841705176,10.26207918913224,23829.69253205864,0.009097319246710034,20.44748472495038,0.0012303313699457696,0.00574865269113356,10.209609750357037,9.95120189579911
0.6260000000000004,0.4802312958970247,8.909726905993935,10.291521526463391,23826.723278852776,0.009130917617365175,20.449556181160716,0.001237517104972219,0.00577134536072893,10.210584132408396,9.950971253597162
0.6270000000000004,0.482319660804799,8.946514132879367,10.321913616611678,23824.0509509675,0.009164108211421051,20.451516284487173,0.0012445307869517475,0.00579430189926855,10.211506587565085,9.950753103122066
0.6280000000000004,0.4845638800605023,8.989324857557012,10.352305706759964,23821.64585587075,0.009198280028053507,20.453611721216717,0.0012516083794562038,0.005816516811817829,10.212479058850832,9.950520689984442
0.6290000000000004,0.4867790903049021,9.028441290573749,10.382697796908252,23819.481270283675,0.00923211179342287,20.455691092890657,0.0012590004563666768,0.005839185251602597,10.213456536198159,9.950289261984231
0.6300000000000004,0.4889972628857219,9.06883214632383,10.413089887056538,23817.533143255307,0.009266203469635859,20.457769212774664,0.0012663571838139598,0.0058622188180261214,10.214429795619289,9.9500581532608
0.6310000000000004,0.4912504621336128,9.11024627841438,10.44253222438769,23815.779828929775,0.009300705699502587,20.4598790045754,0.0012737859772247728,0.005885250316733093,10.215415751352733,9.949823688853854
0.6320000000000005,0.4933529069518148,9.14719201036425,10.472924314535975,23814.201846036798,0.009334380149965849,20.461853561158417,0.0012811041960150704,0.0059083301144192135,10.216345522081479,9.949603991529537
0.6330000000000005,0.4955798778822122,9.189903518888956,10.503316404684261,23812.78166143312,0.009368592230695916,20.463932911590028,0.001288348963407293,0.0059305379768831434,10.217310533717791,9.949373360979333
0.6340000000000005,0.4978419539760339,9.230956691683955,10.533708494832547,23811.50349528981,0.009402484599522198,20.466053232272564,0.0012958960258609986,0.005952872441594481,10.218303351718324,9.949137540341502
0.6350000000000005,0.500074900958544,9.271245819445706,10.564100584980833,23810.35314576083,0.009436148708708736,20.468147170347933,0.0013034506184658179,0.005975756956965561,10.21928592929084,9.948904473672377
0.6360000000000005,0.5023108290381072,9.312471264683849,10.59449267512912,23809.317831184748,0.009469995622593208,20.4702409614753,0.0013109482151361096,0.005998615224555026,10.22026463777357,9.94867171120676
0.6370000000000005,0.5045819418098595,9.354513726799935,10.624884765277407,23808.386048066273,0.009504124428226346,20.47236722088398,0.0013185370550412578,0.00602135574802054,10.221257576934063,9.948435384488963
0.6380000000000005,0.5068238649324899,9.395257007063151,10.655276855425692,23807.547443259646,0.00953814989019336,20.474468850586987,0.0013261921335185334,0.0060442710859410775,10.222242300755996,9.948201602296196
0.6390000000000005,0.5091010258720747,9.437592186358831,10.686618698391111,23806.79269893368,0.009572483837217316,20.476600310847438,0.0013338782880256694,0.006067154890999793,10.223237361287714,9.947964676955253
0.6400000000000005,0.5114716938635024,9.48179721561049,10.717010788539397,23806.113429040313,0.009607427124400714,20.478818929591476,0.0013417967697400557,0.0060902202070833855,10.224272322775986,9.947717995668043
0.6410000000000005,0.513722753449932,9.521633594296176,10.747402878687684,23805.502086136283,0.00964189039443425,20.480933049806225,0.0013497484969811069,0.006113922676544259,10.225267482669205,9.947482527216643
0.6420000000000005,0.5160091315421653,9.564769929798924,10.777794968835972,23804.951877522653,0.009676810282494619,20.483071161463926,0.0013575600616442807,0.006137221030782902,10.226263443219711,9.947245018051484
0.6430000000000005,0.5182662182096363,9.606091826884139,10.808187058984258,23804.456689770388,0.009711309670315582,20.48518628673563,0.0013654470869493007,0.006160187625880498,10.2272529709636,9.9470098619173
0.6440000000000005,0.5205263114568619,9.647959188598827,10.839528901949677,23804.01102079335,0.009745460264261041,20.487302583854984,0.0013733107876576778,0.0061829087276535355,10.228241700984455,9.946774573389296
0.6450000000000005,0.5229452073870345,9.693884879013021,10.869920992097963,23803.609918714017,0.009780180442562736,20.489563779321355,0.0013813967282387263,0.006205555453659195,10.229293369772197,9.946523195617383
0.6460000000000005,0.5252114792876563,9.73342321959176,10.900313082246248,23803.248926842614,0.009813948566694819,20.49169440105453,0.0013895473799169222,0.006229049483795879,10.230298557346082,9.946285648831946
0.6470000000000005,0.5275132040158907,9.7770678289715,10.931654925211669,23802.924034158354,0.009848226157505191,20.493846344514097,0.0013974634963645483,0.006252165735055326,10.23130042257384,9.946046501968365
0.6480000000000005,0.5299093431252412,9.822071566690942,10.962047015359955,23802.63163074252,0.009882964470276201,20.496088078427405,0.0014056187489022154,0.006274991422620557,10.232344532072037,9.945797255044072
0.6490000000000005,0.5321848297778301,9.862463113193154,10.993388858325375,23802.368467668268,0.009917007211587725,20.498225076143285,0.0014138142796600306,0.006298380713798679,10.233350078161948,9.945559138429264
0.6500000000000005,0.5346199302403463,9.909448478624372,11.023780948473663,23802.13162090144,0.009952191496067075,20.50049900835465,0.0014220264396798132,0.00632151501319822,10.234405182062073,9.945306409908378
0.6510000000000005,0.5369016287349196,9.949493386352831,11.055122791439082,23801.9184588113,0.009986459175198192,20.502643477760966,0.0014303562670974768,0.0063451115762873656,10.235415479979203,9.945067418892972
0.6520000000000005,0.539343267956542,9.99676145532639,11.085514881587368,23801.726612930168,0.010021842793503821,20.504923029990195,0.0014386564905127797,0.006368359012753622,10.236472741366615,9.944814069621895
0.6530000000000005,0.5416311916726981,10.036969814720022,11.116856724552788,23801.55395163715,0.010056181066736836,20.50707321291366,0.0014470703112944294,0.006391940708027621,10.237485415210607,9.944574448236835
0.6540000000000005,0.544079383650339,10.084375982346641,11.147248814701074,23801.398556473436,0.010091491619910464,20.509358891211008,0.0014554480090033795,0.006415123775220133,10.238545452362569,9.94432038075526
0.6550000000000005,0.5463735459936387,10.124704983821633,11.178590657666494,23801.258700826093,0.010125645119478721,20.51151494335048,0.0014639267878023832,0.00643861607626478,10.239560835995551,9.944080072655247
0.6560000000000005,0.5488283047512841,10.172248065042718,11.209932500631915,23801.132830743485,0.01016071738617913,20.513806761152715,0.0014723584264813017,0.006461697075341444,10.240623663635638,9.94382527024082
0.6570000000000005,0.551253757014036,10.216007127993702,11.240324590780201,23801.019547669137,0.01019541596615997,20.51608235335089,0.0014810565860687852,0.006485192467338252,10.24169079051985,9.943571650970092
0.6580000000000005,0.5535573576249139,10.25766132937887,11.27166643374562,23800.917592902224,0.010229576105323046,20.51824333253389,0.0014895422169658445,0.006508916143434518,10.242704990762125,9.943330909063071
0.6590000000000005,0.556022050797304,10.305449922801683,11.303008276711042,23800.825833612,0.010264660274223014,20.520544295806232,0.0014980548774923275,0.006531876195761455,10.243771124199457,9.943075132526944
0.6600000000000005,0.558457375584632,10.349354905128237,11.334350119676461,23800.7432502508,0.010299304868535863,20.522829310392318,0.0015068598265084443,0.006555278029600098,10.244842816055424,9.942820397931529
0.6610000000000005,0.5609288113880572,10.39536952898599,11.364742209824746,23800.668925225724,0.010334379959904105,20.525143185904962,0.0015156661421908413,0.006579096678683449,10.24592333951473,9.942562596916645
0.6620000000000005,0.5632451047673956,10.436825070861705,11.396084052790167,23800.60203270315,0.010368730534161208,20.527317613464174,0.0015243462382896755,0.006602977190298787,10.246944818541404,9.942320309811825
0.6630000000000005,0.5657231570427937,10.485022395403956,11.427425895755587,23800.541829432837,0.010403982914511278,20.529630589864368,0.0015330165528463224,0.006626014926933987,10.24801603380234,9.942063154991077
0.6640000000000005,0.5681717580207845,10.529214064769505,11.458767738721006,23800.487646489553,0.010438660560519841,20.531927952459764,0.0015419775971874938,0.00664938671716131,10.249093173566076,9.941807001777882
0.6650000000000005,0.5706565820237818,10.57548474917378,11.490109581686427,23800.438881840597,0.010473613538020066,20.534254392200715,0.001550933415043032,0.006673130639522851,10.250179453906496,9.941547726688107
0.6660000000000005,0.573144809724354,10.621389077648146,11.521451424651847,23800.394993656537,0.010508721277941002,20.536585518465692,0.001559967955869157,0.006697040914232011,10.251268897873338,9.941287933127596
0.6670000000000005,0.5756035233447482,10.66662844665829,11.552793267617268,23800.355494290885,0.010543817987421933,20.538889426606147,0.001569004266827545,0.006721009865709504,10.252346279393297,9.94103119814495
0.6680000000000005,0.5780985448991602,10.71332477047079,11.584135110582688,23800.319944861796,0.010579178161861325,20.54122463593052,0.0015780784825643046,0.006744786726872842,10.253435015528202,9.940771089685311
0.6690000000000005,0.5805640104379437,10.758538685185513,11.615476953548107,23800.287950375616,0.010614250364183841,20.543535407003883,0.0015872168080671156,0.006768589946174741,10.254515954482304,9.940513542042947
0.6700000000000005,0.5830658406209522,10.805311937868211,11.646818796513527,23800.259155338055,0.010649423408310543,20.5458771841977,0.0015963755416216197,0.006792287587715773,10.255608044313124,9.940252625518092
0.6710000000000005,0.5855380727934769,10.85065230120316,11.678160639478946,23800.23323980425,0.010684236669954106,20.548194310974978,0.0016055765794683596,0.006816005877969433,10.25669191158692,9.939994321985234
0.6720000000000005,0.5880467264088658,10.89755802445909,11.709502482444368,23800.209915823823,0.01071913510490552,20.55054247983423,0.0016147868517829567,0.006839595127055065,10.257786903093391,9.939732646317825
0.6730000000000005,0.5905257399594251,10.94302546123562,11.741794078226922,23800.18892424144,0.010753699223794266,20.552865973978932,0.001624035360654641,0.00686320678378427,10.258873689872432,9.939473585105096
0.6740000000000005,0.5931686596909702,10.993432807386938,11.773135921192342,23800.170031817295,0.01078920409515488,20.555336399102906,0.0016334697052980962,0.006886828413980417,10.260021602163173,9.939198218711084
0.6750000000000005,0.5956877311945079,11.038019588564447,11.804477764157763,23800.153028635566,0.010824128088803231,20.557703041115893,0.0016430500637981682,0.006911289257634012,10.261135003961453,9.938933928765419
0.6760000000000005,0.5981770988392331,11.084533038976689,11.835819607123181,23800.13772577201,0.010859326789095625,20.560033319894746,0.00165240025167529,0.006935561104936705,10.262222214525075,9.938674258784657
0.6770000000000005,0.6007030312141319,11.13199427232587,11.868111202905736,23800.12395319481,0.010894641665691707,20.56239690733756,0.0016618122716661188,0.006959182397931252,10.263322715869725,9.93841096791404
0.6780000000000005,0.6033604155810179,11.18203743653366,11.899453045871155,23800.111557875327,0.010930411255865247,20.564883099342993,0.0016715193976984954,0.006982877266979326,10.264480145672813,9.938133689434768
0.6790000000000005,0.6058601715680624,11.226115279815787,11.930794888836576,23800.100402087795,0.010965210239819057,20.56723221236818,0.0016812522806317065,0.007007387797571041,10.265586180299639,9.937871314056622
0.6800000000000005,0.6083965788896795,11.27430476124177,11.96308648461913,23800.090361879018,0.01100040528093088,20.569603800699216,0.0016907612882384182,0.0070313875399988235,10.266689220852365,9.937607093676412
0.6810000000000005,0.6110648840649543,11.324750291113421,11.99442832758455,23800.081325691117,0.01103607502099252,20.57209956182149,0.0017005580286378885,0.007055023718923081,10.267849733855734,9.937328816160859
0.6820000000000005,0.6135750627446376,11.369018409670193,12.026719923367104,23800.073193122007,0.011070673907637496,20.574458473717534,0.001710397060173563,0.007079356530992675,10.268960206305746,9.93706532568017
0.6830000000000005,0.6162507095658284,11.420801840199877,12.058061766332525,23800.065873809806,0.011106417813341596,20.576956985008053,0.0017201848930629704,0.007103322827820779,10.27011835716806,9.93678683445647
0.6840000000000005,0.6188012414541486,11.46613587558032,12.089403609297944,23800.059286428826,0.011141285284376745,20.57935260748068,0.0017301370421501927,0.007127595124671204,10.271243858257796,9.936519341553367
0.6850000000000005,0.621321877279245,11.51322192445206,12.121695205080497,23800.053357785946,0.011176056966434034,20.581712275119074,0.00173985539665511,0.007151550000076556,10.272344575751468,9.936256259430394
0.6860000000000005,0.6240085049360647,11.564678643711668,12.153986800863052,23800.04802200735,0.011211488573987627,20.5842229216849,0.0017497784783448989,0.0071749478220289875,10.273509407559533,9.935976323028347
0.6870000000000005,0.6266989093436437,11.613428984320795,12.185328643828472,23800.043219806616,0.011246707638782494,20.586746711660854,0.0017600246442022183,0.007199163404599251,10.274691797221415,9.935694285996963
0.6880000000000005,0.6292301805155379,11.658793815688327,12.217620239611026,23800.038897825954,0.011281355188727082,20.58912300233459,0.001770062581642362,0.007223917021465798,10.275807962373253,9.93542891826386
0.6890000000000005,0.6319279751931256,11.711201441535932,12.248962082576446,23800.03500804336,0.011317187412801855,20.59164157442031,0.0017800876971170165,0.0072478199070981075,10.276973895558957,9.935148226422239
0.6900000000000005,0.634499798663584,11.756907907654169,12.281253678359,23800.031507239026,0.011351980139823525,20.594057264764253,0.0017903044501031418,0.007271933769295302,10.278108643472667,9.934878431779861
0.6910000000000005,0.6372050257233264,11.808700973236688,12.313545274141555,23800.028356515122,0.011387544629206214,20.596585412210693,0.001800502613347632,0.0072959007456549485,10.2792826798892,9.934596362554755
0.6920000000000005,0.6398804999968215,11.857270848625332,12.344887117106975,23800.02552086361,0.01142275640546847,20.599094937489205,0.0018109185748710899,0.007320216446964789,10.280457583568932,9.934316021649135
0.6930000000000005,0.6424630947851715,11.904395131654963,12.37717871288953,23800.02296877725,0.011457535061207558,20.601516542585276,0.0018211781003116267,0.007344653305205562,10.281591292764215,9.934045679206655
0.6940000000000005,0.645179550645829,11.956460647492431,12.409470308672082,23800.02067189953,0.011493023619816134,20.60405501273727,0.001831485965872015,0.007368457452410049,10.282769025276894,9.93376252799851
0.6950000000000005,0.6478998167054044,12.006077170707176,12.441761904454635,23800.018604709578,0.011528246342806303,20.606605764659363,0.0018420745405210437,0.0073926271531094545,10.283962259042752,9.933477504382887
0.6960000000000005,0.6506238972270241,12.05634583305004,12.47405350023719,23800.01674423862,0.011563650038222462,20.60915809820701,0.0018526905513799874,0.007417282561238581,10.285154824155832,9.933192340014354
0.6970000000000005,0.6533181171833327,12.105990369586927,12.50539534320261,23800.01506981476,0.011599098862387913,20.61168272288792,0.0018633076118623193,0.007441968028936485,10.286334204510226,9.932910424818242
0.6980000000000005,0.6559188580461301,12.153629030100257,12.537686938985164,23800.013562833283,0.011634019973375598,20.61412075306319,0.0018738036092251775,0.007466293439568283,10.287474202969419,9.932638344954421
0.6990000000000005,0.6586542299190625,12.206042956177441,12.569978534767719,23800.012206549956,0.011669409512688522,20.616676990471152,0.0018843629333057943,0.007489908725401617,10.288660069807008,9.9323531404528
0.7000000000000005,0.6613934331735479,12.255989603832685,12.602270130550274,23800.01098589496,0.011704320406875801,20.619245594894736,0.0018951823866235618,0.007513902387064397,10.289861607303722,9.932066031124911
0.7010000000000005,0.6641364720941403,12.306605045305263,12.634561726332826,23800.009887305467,0.011739274272300537,20.621815746325773,0.001906003585592897,0.007538370239659586,10.291062358038676,9.931778784918029
0.7020000000000005,0.6668833509697263,12.357492366214606,12.666853322115381,23800.00889857492,0.011774419692889226,20.624388813062428,0.001916852433830718,0.007562875344939213,10.292263104698513,9.931491341841713
0.7030000000000005,0.669634074093526,12.408451301211926,12.699144917897936,23800.00800871743,0.011809709962633752,20.626965487003822,0.0019277652486363595,0.007587330583442575,10.293465442949667,9.93120351225135
0.7040000000000005,0.672388645763101,12.459467275675193,12.731436513680489,23800.007207845687,0.011845069832493504,20.6295458226259,0.0019387469210490615,0.0076117695139890085,10.294669562352944,9.930915256531488
0.7050000000000005,0.6751470702803557,12.510551740774181,12.763728109463042,23800.00648706112,0.011880424315958815,20.632129785449393,0.0019497915353637874,0.007636202503947254,10.295875362189097,9.93062658533615
0.7060000000000005,0.6778754387749067,12.560809504531733,12.796019705245596,23800.00583835501,0.011915499347507297,20.63468654067019,0.001960843452276151,0.007660578590273137,10.297069516769886,9.930340971767215
0.7070000000000005,0.6806415557381411,12.612539573643922,12.829261053845284,23800.00525451951,0.011950606106688022,20.637275986942633,0.0019719234472839187,0.007684715034552259,10.298275786584178,9.930051735550654
0.7080000000000005,0.6835440165751403,12.667157094352273,12.86155264962784,23800.00472906756,0.011986283220841165,20.639991888838917,0.0019832764259336555,0.00770899084085197,10.299539413001174,9.929748106454282
0.7090000000000005,0.6863180225877885,12.716515930050507,12.893844245410392,23800.004256160806,0.012021273776273489,20.642597450736847,0.001994715356594401,0.007734080468457305,10.300763349927678,9.929456623825644
0.7100000000000005,0.6890959031602859,12.768706053085126,12.926135841192947,23800.003830544727,0.012056647142526022,20.64519712128623,0.002005970945288371,0.007758850266958273,10.301973857892825,9.929166302950845
0.7110000000000005,0.6918776626208233,12.8204162369354,12.958427436975501,23800.003447490253,0.01209187349036045,20.64780233057905,0.002017305595374441,0.007783064552616514,10.303188040040977,9.928875336412158
0.7120000000000005,0.6946633053019619,12.871992467655655,12.99166878557519,23800.00310274123,0.012126774027015064,20.65041189432448,0.0020286968363025792,0.007807152937453321,10.304405573069637,9.92858372520339
0.7130000000000005,0.6975860869776819,12.927165940285018,13.023960381357744,23800.00279246711,0.012162203806069471,20.653146260062847,0.002040289169692844,0.007831348250849357,10.30567711654612,9.928277976765298
0.7140000000000005,0.7003796631217027,12.976920116889698,13.056251977140297,23800.0025132204,0.012196830422036453,20.655770086609067,0.002051957508455493,0.007856240403190273,10.306909138872927,9.927984430232902
0.7150000000000005,0.7031771356686373,13.029473340455572,13.089493325739985,23800.00226189836,0.012231752166889154,20.658388155068206,0.0020634323810902466,0.007880785118278444,10.308128055690403,9.927691979238784
0.7160000000000005,0.7061464067436621,13.085991022418932,13.121784921522538,23800.002035708523,0.01226752681843557,20.661164426636482,0.0020752042268245563,0.00790493886843291,10.309416510617472,9.927381622127909
0.7170000000000005,0.7089518660160714,13.135440353536975,13.154076517305093,23800.00183213767,0.012302248640803759,20.66380122591789,0.0020871070570996353,0.007929914106294955,10.310656548916036,9.927086553937766
0.7180000000000005,0.7117612349344907,13.188390993540919,13.187317865904781,23800.001648923902,0.012337267707741573,20.666429855542468,0.0020987635732285237,0.007954520218818928,10.311879776011986,9.926792934737815
0.7190000000000005,0.7147087079366847,13.244282832447889,13.219609461687334,23800.001484031513,0.012372803393822407,20.669186508269448,0.0021106694270363047,0.00797857896464782,10.313159730552346,9.926484810367763
0.7200000000000005,0.7175260642129693,13.29444898373616,13.252850810287022,23800.001335628363,0.01240727981493428,20.671832761971416,0.002122678115539789,0.008003219514101934,10.314402070498762,9.926188736264823
0.7210000000000005,0.7204818493060612,13.350990404350647,13.285142406069577,23800.001202065527,0.012442656527544782,20.674595517554735,0.0021346578831403784,0.008027670446503155,10.315684096696419,9.925879863756906
0.7220000000000005,0.7233072110729266,13.401503135691437,13.318383754669265,23800.001081858976,0.012477092273599999,20.677248608075686,0.0021467391335065478,0.008052294603972387,10.316928253258936,9.925583131569855
0.7230000000000005,0.7262713270681946,13.45821129046151,13.35067535045182,23800.00097367308,0.012512390498151948,20.680019144088188,0.002158818199310575,0.008076618637880617,10.31821369882697,9.925273386879173
0.7240000000000005,0.7291391045618846,13.509766008279279,13.383916699051507,23800.00087630577,0.012546913028868623,20.682711095561665,0.0021710490821910122,0.008101176108009422,10.319474918626707,9.92497223738308
0.7250000000000005,0.7321115976321774,13.566119256948445,13.416208294834062,23800.000788675196,0.01258211911779894,20.685491262418633,0.0021832918907780385,0.008125649311201077,10.320766834931174,9.924661320052023
0.7260000000000005,0.7349530514904348,13.617099952904185,13.44944964343375,23800.000709807675,0.01261643253359207,20.688158880397495,0.0021955827865611233,0.008150249664757137,10.322017112711396,9.924362971777676
0.7270000000000005,0.7379339132439696,13.674172202737086,13.482690992033437,23800.000638826907,0.012651551467748823,20.6909449560672,0.0022078760982116585,0.008174440029545815,10.323309317478454,9.924051469283809
0.7280000000000005,0.7409190474576678,13.728695397665046,13.51498258781599,23800.000574944217,0.012686418661598642,20.69374412125377,0.0022204575265299398,0.008198939631213542,10.324617186431066,9.923738158653416
0.7290000000000005,0.7438072039519463,13.78117835459233,13.548223936415678,23800.000517449796,0.012720832806853322,20.69645331782687,0.002232951116164672,0.008223803445733369,10.325885093610509,9.92343509358029
0.7300000000000005,0.746800762853857,13.838121573068314,13.581465285015366,23800.000465704816,0.012755928871684807,20.699252580203094,0.0022454633401819413,0.008248148608563932,10.327184442505988,9.923122109236374
0.7310000000000005,0.7497986088022075,13.893074701336827,13.61375688079792,23800.000419134336,0.012790795314994996,20.7020630139441,0.0022582228773825874,0.008272642542219266,10.32849674591179,9.922807582138423
0.7320000000000005,0.7526644816269085,13.944903550598815,13.646998229397608,23800.000377220902,0.012824888616126628,20.7047522034269,0.002270850057784546,0.00829733915577946,10.329756062821312,9.92250682673814
0.7330000000000005,0.755705389937498,14.003514247685656,13.680239577997297,23800.000339498813,0.012859911453287354,20.707593113441906,0.002283517733451257,0.008321347434763982,10.33107156454347,9.922189152377227
0.7340000000000005,0.7587159910224536,14.057987214014414,13.713480926596985,23800.000305548932,0.012894346497793974,20.71041799980405,0.0022964856289097724,0.00834576660052,10.332393217672747,9.921872863801855
0.7350000000000005,0.7617308987227359,14.113806751260316,13.746722275196673,23800.00027499404,0.01292894153906854,20.71324256647848,0.0023094316298607476,0.008370581427951551,10.333710903468972,9.921556724911495
0.7360000000000005,0.7647848369967559,14.17068716580502,13.779013870979227,23800.000247494638,0.012963892913888275,20.71610253481701,0.0023224868955891154,0.008395327126474617,10.335042895363312,9.921236696441987
0.7370000000000005,0.7676713232623568,14.222528929220527,13.812255219578914,23480.000222745173,0.012997876917074158,20.718812362360694,0.002335456899285049,0.008420024627866118,10.336312638141905,9.920933687992122
0.7380000000000005,0.7707338177413309,14.114182863848125,13.845496568178602,23192.000200470655,0.013028719844039416,20.72185041301753,0.0023414696461105944,0.008467697058086032,10.337988486254675,9.920540003621017
0.7390000000000005,0.7737658926971618,14.00548662936342,13.878737916778283,22932.80018042359,0.013057226322086835,20.72489811357442,0.002335927667181048,0.008528934002071276,10.339725984522573,9.920144123970344
0.7400000000000005,0.7768022989030884,13.916818575036839,13.911979265377978,22699.52016238123,0.013090820985459828,20.727916302119226,0.002320229462305645,0.008592256154851596,10.341403713670811,9.919750235187063
0.7410000000000005,0.7798778976854102,13.843670783307648,13.945220613977666,22489.56814614311,0.01312893630453199,20.730951588222005,0.0022984487318885027,0.00865314764369024,10.343055224317009,9.919354679623355
0.7420000000000005,0.7829230089933427,13.780829323684593,13.978461962577352,22300.6113315288,0.013168841806482035,20.733949223763535,0.002274843122936354,0.008711244967921916,10.344672874767562,9.918965635379056
0.7430000000000005,0.7860073782574438,13.730197047002894,14.01170331117704,22130.55019837592,0.013209287280992577,20.73696914638686,0.002253433762061219,0.008765846034349434,10.34627952132585,9.91857829304185
0.7440000000000005,0.7890612146697447,13.687730038579978,14.044944659776728,21977.495178538327,0.013248527891884354,20.739953251142204,0.0022374256172027485,0.008816637021449303,10.347855632666692,9.918200482393662
0.7450000000000006,0.7921543745268106,13.655640676385792,14.078186008376417,21839.745660684493,0.013286202822922422,20.7429610012938,0.0022285125191292554,0.008863644214917754,10.349422565417713,9.917825995061985
0.7460000000000006,0.7952169560874385,13.62999564630758,14.111427356976105,21715.771094616044,0.013321490244176892,20.74593443801745,0.0022269146492382985,0.008907507955009109,10.350961745813752,9.917461122906023
0.7470000000000006,0.7983189266904304,13.61313821067586,14.144668705575793,21604.19398515444,0.013355000282291307,20.748933068857234,0.002231504868502432,0.008948796237801648,10.352495094601652,9.917098388512471
0.7480000000000006,0.8013902734850188,13.60129408727094,14.178859806992618,21503.774586638996,0.01338674461444328,20.75189877588496,0.002240442919105634,0.008988238424917527,10.35400428618778,9.916743260382745
0.7490000000000006,0.8046401335396548,13.600406774667377,14.212101155592306,21413.3971279751,0.013418684522168045,20.755017442362863,0.0022517270099645104,0.009026371961578239,10.355565721541305,9.91637333739535
0.7500000000000006,0.807720431557785,13.597802807106751,14.245342504191994,21332.05741517759,0.013449558468194955,20.757985782966344,0.0022633978051886383,0.009064253614583684,10.357064448053762,9.91602208370129
0.7510000000000006,0.8108402511141815,13.604468410314931,14.278583852791682,21258.851673659832,0.013481570556174216,20.760971390189127,0.002273719002045038,0.009101029872386479,10.358547572266282,9.91567005250563
0.7520000000000006,0.8139645179947944,13.6143219591183,14.31182520139137,21192.96650629385,0.013514227589921435,20.763960313006464,0.002282327911334925,0.00913663457579611,10.3600283458469,9.915317988008955
0.7530000000000006,0.817058046381897,13.627227294408097,14.346016302808192,21133.669855664466,0.013547347080632433,20.766916821830012,0.002289056205886819,0.009171624496917219,10.36148966672737,9.914969752170045
0.7540000000000006,0.8203310931551951,13.64865828389506,14.379257651407878,21080.30287009802,0.01358205028127707,20.770030079571907,0.002294529619018826,0.009206004091496911,10.363009808644936,9.914603896814517
0.7550000000000006,0.8234336245316421,13.66624501022843,14.412499000007566,21032.27258308822,0.013616148472135159,20.772994800415137,0.0022994969410817245,0.009240493684931184,10.364472453369117,9.914255567998188
0.7560000000000006,0.826575843458596,13.691218598101614,14.446690101424387,20989.0453247794,0.013651069941542082,20.775978925063402,0.0023044602348592513,0.009273994738135782,10.365923434655805,9.913906314879966
0.7570000000000006,0.8298629416160795,13.721118198417964,14.479931450024075,20950.14079230146,0.01368653820882998,20.779096077336256,0.002310680392453357,0.009306394256544559,10.367430568555855,9.913542985976804
0.7580000000000006,0.8330142797517471,13.747824425718742,14.513172798623764,20915.126713071313,0.013720796089787768,20.782095045931474,0.002318506156730904,0.00933882384436241,10.368892909737085,9.913194404970618
0.7590000000000006,0.8361347407171982,13.778806818598483,14.547363900040585,20883.614041764184,0.013754782974412516,20.785052436420134,0.002327733440397217,0.009370308909025016,10.370320710121128,9.912852326392517
0.7600000000000006,0.839435938951813,13.816114931497301,14.580605248640273,20855.252637587764,0.01378912313252667,20.788171788631427,0.0023387074179839207,0.00940046813760248,10.371813056502718,9.912492974532345
0.7610000000000006,0.842600883300829,13.84872882516092,14.614796350057095,20829.727373828988,0.013821913732502022,20.79117657447263,0.002351104027126516,0.009430675967126823,10.37326679780766,9.9121475931522
0.7620000000000006,0.8459115862710099,13.889486481187879,14.648037698656783,20806.75463644609,0.013855477959004436,20.79430066589374,0.0023642323640948315,0.00946041525815855,10.374756568147475,9.911789521201317
0.7630000000000006,0.8490502280656658,13.92481158121592,14.68127904725647,20786.07917280148,0.013887821659452959,20.797276359989937,0.002377803675966239,0.009489827890449776,10.37618980305117,9.911449108007979
0.7640000000000006,0.8522288258827553,13.965584725423275,14.715470148673292,20767.471255521334,0.013920531497321198,20.800274820108996,0.0023911366967365177,0.00951833636882271,10.377617429711798,9.911106596528125
0.7650000000000006,0.8555537106589908,14.009765285516183,14.74871149727298,20750.7241299692,0.013953707627342715,20.803409730177766,0.0024044634210258486,0.009546190338997673,10.37910621181507,9.910748461763054
0.7660000000000006,0.858741512446962,14.04941198609956,14.782902598689802,20735.65171697228,0.01398593335480619,20.806427013507463,0.0024175290634301794,0.009574617987715639,10.380553357751742,9.9104037903788
0.7670000000000006,0.8620759569781978,14.096524556574517,14.817093700106627,20722.08654527505,0.014019400168040486,20.809565407554558,0.0024301863516497657,0.009602822443750103,10.382038427673233,9.910045502612062
0.7680000000000006,0.8654152776621076,14.141899492045065,14.850335048706315,20709.877890747546,0.014052913090466967,20.8127172739291,0.002442945253673112,0.009631108325456494,10.383538372851437,9.909685772678397
0.7690000000000006,0.8685813640480506,14.18433665744083,14.884526150123136,20698.89010167279,0.014085810474216087,20.815708715531564,0.0024555530873949794,0.009659552169334007,10.384966752393865,9.909344828339197
0.7700000000000006,0.8719302488394938,14.2347866652488,14.917767498722823,20689.001091505514,0.014119941311808382,20.81885474135795,0.0024682835613105136,0.009686958565490511,10.386446964978472,9.908986559312734
0.7710000000000006,0.8751412112363686,14.278813329425867,14.951958600139644,20680.10098235496,0.014152720786235029,20.821888376833407,0.002481531473564169,0.00971425861953129,10.387893033103655,9.908641377897958
0.7720000000000006,0.8784997114710407,14.3298166720578,14.986149701556466,20672.090884119465,0.014186175222815622,20.825044887995322,0.002495095799546043,0.009741346930490558,10.389380109981584,9.908282374026694
0.7730000000000006,0.8818631162223122,14.378769590590244,15.019391050156154,20664.88179570752,0.014219176592762284,20.82821525832852,0.002509317913070519,0.009768545939562667,10.390882605844936,9.907922057564646
0.7740000000000006,0.8850880911091938,14.425353747981651,15.053582151572975,20658.393616136767,0.014251387083232259,20.831257160027256,0.0025237598823539265,0.00979590598568364,10.392327608782704,9.90757694334627
0.7750000000000006,0.8884611449621954,14.478299001591628,15.087773252989797,20652.554254523093,0.014284444595064338,20.83442439405281,0.002538425274399958,0.009822379490345812,10.393814649419049,9.90721777535215
0.7760000000000006,0.8918391204751029,14.528767557082059,15.121964354406618,20647.298829070784,0.014317020710059802,20.83760677336469,0.0025535687212452363,0.009848848002369404,10.395319985558125,9.90685687355489
0.7770000000000006,0.8952220234391479,14.5802174915291,15.155205703006306,20642.568946163705,0.014349616505460405,20.840791259825302,0.002568834002841025,0.009875760103894182,10.396824714310775,9.906495840291392
0.7780000000000006,0.8984658153816101,14.628774309935416,15.189396804423131,20638.312051547335,0.014381573795124059,20.843848180413854,0.0025839930979114634,0.009902491176830286,10.398272335430011,9.906149842808588
0.7790000000000006,0.9018584126191421,14.68337621608063,15.223587905839953,20634.480846392602,0.014414356093404856,20.847031987567078,0.002599093437821054,0.0099283364306198,10.399764310089125,9.905789302659542
0.7800000000000006,0.9052919203829946,14.736216201933757,15.257779007256774,20631.032761753344,0.014446816295790144,20.850263963980893,0.0026144821729533474,0.009954325828296195,10.401289407290278,9.905423024489519
0.7810000000000006,0.908694442160686,14.788519348681056,15.291970108673596,20627.92948557801,0.01447907734007875,20.85346753551344,0.0026298843634980362,0.009981014646727238,10.402803343965314,9.905060055596328
0.7820000000000006,0.9121019202673245,14.842082660747622,15.326161210090412,20625.13653702021,0.014511599263495212,20.856671854875774,0.002645266308719696,0.010007632805834055,10.404312472130286,9.904697267568224
0.7830000000000006,0.915514360531125,14.895780796646424,15.359402558690105,20622.622883318192,0.014544160612407042,20.859881094753213,0.002660767424599031,0.010033926714766106,10.405823589881518,9.90433404767342
0.7840000000000006,0.9187866587209854,14.946117572005406,15.393593660106927,20620.360594986374,0.014575810362727981,20.862963149809804,0.0026762503787413072,0.010059904885449777,10.407280276992616,9.903985649924566
0.7850000000000006,0.9222088616155169,15.002396267452065,15.427784761523748,20618.324535487736,0.014608031560931045,20.866173258616982,0.0026917796942556027,0.010085067874472053,10.408782228117316,9.903622488615992
0.7860000000000006,0.9256721857332872,15.056797978186632,15.461975862940573,20616.492081938963,0.014639716307476791,20.869431904234705,0.002707714404301842,0.010110411226102567,10.410317577237858,9.903253602899818
0.7870000000000006,0.9291043829808423,15.110560457476547,15.496166964357394,20614.842873745067,0.014671063219551361,20.872662136997242,0.0027237702714795198,0.01013645482477804,10.411841892942336,9.902888066321028
0.7880000000000006,0.9325415714477675,15.165493412010393,15.530358065774216,20613.35858637056,0.014702614255258095,20.87589325911073,0.002739882699717422,0.010162416288586329,10.413361601332648,9.902522694419513
0.7890000000000006,0.9359837569994831,15.220474633113408,15.564549167191037,20612.022727733503,0.014734213554272846,20.87912945457935,0.0027561478829380426,0.010188060214256944,10.414883524963265,9.902156862321661
0.7900000000000006,0.9394672055277364,15.276438648661163,15.598740268607859,20610.820454960154,0.014765968770069693,20.882403479670067,0.0027725979270300516,0.010213611732625139,10.416422261076447,9.901786663423715
0.7910000000000006,0.9429194325007536,15.331132253505501,15.63293137002468,20609.73840946414,0.014797451217412827,20.885651251502583,0.002789188552544397,0.010239292530392241,10.417952189323511,9.901419575614025
0.7920000000000006,0.9463766742165829,15.386731975173602,15.667122471441502,20608.764568517727,0.014828948143657705,20.888900833179065,0.0028058164391617235,0.010264863666734125,10.419479676500334,9.901052376067554
0.7930000000000006,0.9498752855497472,15.443223715167036,15.701313572858325,20607.888111665954,0.014860486016594454,20.892188632626535,0.0028225694650226285,0.010290241658397481,10.421023887012373,9.900680782223091
0.7940000000000006,0.9533426041320904,15.498367263462821,15.73645442709228,20607.099300499358,0.014891604637408629,20.895450347006218,0.002839413025323867,0.010315682817579719,10.42255977041308,9.900312229600708
0.7950000000000006,0.9569620496509857,15.557977974949441,15.770645528509101,20606.389370449422,0.014923439006978234,20.898847651468166,0.0028564244520496995,0.010341135082275077,10.424150963690934,9.899927944404919
0.7960000000000006,0.9604760594123288,15.612673928013649,15.804836629925923,20605.75043340448,0.014954480722365326,20.902158058552065,0.0028736499992425557,0.010367082455861987,10.425714944864154,9.899553858196661
0.7970000000000006,0.963958704437926,15.669027035266208,15.839027731342744,20605.175390064032,0.014985616078525832,20.90543098608885,0.0028907566524641326,0.010392837969403768,10.427252884951177,9.899184291153103
0.7980000000000006,0.9674828984613821,15.726553721701887,15.873218832759566,20604.65785105763,0.015016805728754024,20.908741178103504,0.002907962593985125,0.010417841891315005,10.428804904646139,9.898810481892756
0.7990000000000006,0.97097568009508,15.782382137500386,15.90740993417639,20604.192065951866,0.015047342163990063,20.912026414615575,0.002925289182446389,0.010442691742296395,10.43035071048573,9.89843949684655
0.8000000000000006,0.9745100822894348,15.83989968723676,15.942550788410346,20603.77285935668,0.015077777859909103,20.9153470473629,0.002942649455517865,0.010467482685061258,10.43190925652208,9.89806436696533
0.8010000000000006,0.9781612187065182,15.899569278409398,15.976741889827167,20603.39557342101,0.015108500844515704,20.91877649057871,0.002960246336874084,0.010492415610288297,10.433517402493319,9.897676584636846
0.8020000000000006,0.9817060364248105,15.955103203055973,16.01093299124399,20603.05601607891,0.015138505433366922,20.92211517533836,0.002977982740068441,0.010517944675354385,10.435093723513567,9.89729947093416
0.8030000000000006,0.9852193455984841,16.01220030230867,16.04512409266081,20602.75041447102,0.015168671525609412,20.925416536652058,0.0029955936259206117,0.010543180211697645,10.436643926150788,9.89692687110208
0.8040000000000006,0.9887744198592783,16.070403684391376,16.08026494689477,20602.475373023917,0.015198950352393825,20.9287555847839,0.003013304796512517,0.010567663564912122,10.438208783670946,9.896549937324066
0.8050000000000006,0.9924835809297126,16.13140320393594,16.114456048311588,20602.227835721525,0.015229665930928116,20.93223837087949,0.0030313527918546246,0.01059224605306086,10.439840211428072,9.896156126406217
0.8060000000000006,0.9960124104718964,16.185877561139154,16.14864714972841,20602.005052149372,0.015259171827615159,20.935565294614737,0.003049535017988103,0.01061765774420842,10.441414526099745,9.895780601297776
0.8070000000000006,0.9995831140953375,16.24503390692373,16.183788003962366,20601.804546934436,0.015289275357816323,20.938916588678882,0.0030675445703688964,0.010642633467005613,10.442983438325781,9.895402384602242
0.8080000000000006,1.003271681084028,16.305692705668907,16.217979105379186,20601.624092240992,0.015319670283678977,20.94238020978762,0.003085855177284824,0.010667038255181949,10.444605070620833,9.895011101960105
0.8090000000000006,1.006852886744798,16.361909307055818,16.252170206796013,20601.461683016892,0.0153490852482141,20.945753141261317,0.003104329459729771,0.01069195395042083,10.446196906667524,9.894630367969322
0.8100000000000006,1.010439275336189,16.420587294741587,16.287311061029968,20601.315514715203,0.015378624416112208,20.949122061447355,0.003122689942184842,0.010716685065906562,10.447777071637763,9.894250191317091
0.8110000000000006,1.014180906618056,16.482588757209193,16.321502162446787,20601.183963243682,0.015408708311730412,20.95263386945783,0.003141305034130071,0.010741012444679343,10.449419547917165,9.893853374801665
0.8120000000000006,1.017740943040897,16.537687867776295,16.356643016680742,20601.065566919315,0.015437409583988537,20.955989938711582,0.0031600531832396417,0.010765845734297397,10.451006531392505,9.893474804757526
0.8130000000000006,1.021493502586402,16.60108140680785,16.390834118097565,20600.959010227383,0.015467375274896722,20.959507538703473,0.0031787849581960126,0.010790387874792584,10.452647804654454,9.893077367390655
0.8140000000000006,1.025101025235137,16.657292516702547,16.425974972331524,20600.863109204645,0.015496118171835438,20.962907014383486,0.0031977701189530583,0.010814967634813544,10.454252698983396,9.892693932850033
0.8150000000000006,1.02886457005518,16.720275678288612,16.460166073748344,20600.77679828418,0.015525827215452037,20.966437214286067,0.003216787111105124,0.01083947517348205,10.455902417574327,9.892295131190975
0.8160000000000006,1.032482712616004,16.77685540868836,16.4953069279823,20600.699118455763,0.015554400138126867,20.96984599610106,0.003235997981806238,0.010864028324100605,10.457510995637325,9.89191074221862
0.8170000000000006,1.036220193491582,16.839187113883003,16.52949802939912,20600.62920661019,0.015583700198502748,20.97335261989585,0.0032551971537786994,0.01088832337338147,10.459150341975665,9.8915148438454
0.8180000000000006,1.039848950963951,16.896500009644445,16.56463888363308,20600.56628594917,0.015611981142477527,20.97676931982073,0.003274552059567837,0.010912467583707397,10.46076007532945,9.891129610712653
0.8190000000000006,1.043634513552113,16.95971818942098,16.5988299850499,20600.509657354254,0.015641002525719094,20.980320774513174,0.003293967614724558,0.010936471920995172,10.462419735656315,9.890728493524698
0.8200000000000006,1.047273941533298,17.016589212171937,16.633970839283855,20600.45869161883,0.01566878970603497,20.983749863318533,0.003313534629296122,0.010960667008197533,10.464038035559431,9.890341877969773
0.8210000000000006,1.051070567840291,17.080206001691206,16.668161940700678,20600.412822456947,0.015697519151102846,20.987310945126147,0.003333097423328102,0.010984682923455669,10.465701369292058,9.889939727792243
0.8220000000000006,1.05472069173582,17.137312661419237,16.703302794934633,20600.371540211254,0.015725063247738424,20.99074989772516,0.0033528282350071548,0.011008703249834662,10.467323701671347,9.889552090859718
0.8230000000000006,1.058528408039934,17.201117747843867,16.73844364916859,20600.33438619013,0.015753544476334036,20.99432141327113,0.0033725738599321153,0.01103252388634074,10.46899176853866,9.889148804109963
0.8240000000000006,1.062341776359922,17.26211209442074,16.77263475058541,20600.30094757112,0.015781649684872112,20.997909159242592,0.0033926787214169085,0.01105654603887779,10.470678493853285,9.888743804563351
0.8250000000000006,1.066008085946487,17.320086407533644,16.807775604819366,20600.270852814007,0.015809023587387894,21.001361126870513,0.0034127432162886495,0.011080905155219312,10.472305604946088,9.8883548265604
0.8260000000000006,1.069832584003006,17.384405401578572,16.84291645905332,20600.243767532607,0.01583739045679,21.004947569335222,0.003432856114715832,0.01110451674507651,10.473978775446561,9.88795009903356
0.8270000000000006,1.073662754302517,17.44567942713428,16.877107560470147,20600.219390779348,0.01586520627224325,21.00855113577841,0.003453354263848629,0.011128196828269876,10.475672559625803,9.887543470174629
0.8280000000000006,1.077345307681063,17.50389843019334,16.912248414704102,20600.197451701413,0.015892128245487747,21.01201849447061,0.0034737924804633113,0.011152247863427833,10.477306834262816,9.887152876991173
0.8290000000000006,1.081186647585874,17.568498391703024,16.947389268938057,20600.17770653127,0.015919933779572903,21.015620791193946,0.0034942410872209617,0.01117557241088113,10.478987236006054,9.886746443808168
0.8300000000000006,1.085033680026595,17.63004494704189,16.981580370354877,20600.159935878146,0.01594711756052919,21.019240262786468,0.003515033675671131,0.01119895981271174,10.48068827925678,9.886338101996703
0.8310000000000006,1.088770044036889,17.689438960242946,17.016721224588835,20600.14394229033,0.015973587176709825,21.022757109259047,0.0035357770009371015,0.011222752174219641,10.482344281856037,9.885941843681886
0.8320000000000006,1.092628317583893,17.753758125182557,17.05186207882279,20600.129548061297,0.01600075815702512,21.02637746274444,0.0035565400787099244,0.011245983788112701,10.48403536662715,9.885533458162751
0.8330000000000006,1.096492304052181,17.815784084272327,17.087002933056745,20600.116593255167,0.016027483340378568,21.030012156555948,0.0035775946719049934,0.011269223570339992,10.485742662287869,9.885123506722978
0.8340000000000006,1.100362010316438,17.87834945795987,17.1221437872907,20600.10493392965,0.016054155364809586,21.033650577994543,0.003598760137128454,0.011292850209192407,10.487450982336949,9.884713149095182
0.8350000000000006,1.104275077977042,17.942109150320526,17.156334888707523,20600.094440536686,0.016081069781816892,21.03732792527136,0.003620103296980981,0.011316473404828387,10.489174839620073,9.884298392344274
0.8360000000000006,1.108001422102094,18.000706026221522,17.19147574294148,20600.08499648302,0.016106899269631214,21.04083782756406,0.0036414497853302086,0.01133992290367336,10.490829112688047,9.883903519508792
0.8370000000000006,1.111888163579386,18.066268267466917,17.226616597175436,20600.076496834718,0.016133593197415808,21.044482083320588,0.003662781728562825,0.011362494961587755,10.49252779912399,9.883492649819104
0.8380000000000006,1.11578065223132,18.128579794168868,17.26175745140939,20600.068847151248,0.016159512992120983,21.04814430179254,0.0036844482402290657,0.011385052655173422,10.494248089927266,9.883079784021422
0.8390000000000006,1.119716655424472,18.192461471767057,17.296898305643346,20600.061962436124,0.01618540916691502,21.051844202636076,0.0037062220961056047,0.011408246193532812,10.495984063829807,9.882662460353425
0.8400000000000006,1.123620690883695,18.255192778668746,17.3320391598773,20600.055766192512,0.01621107604960914,21.055516457955093,0.003728102616745388,0.011431594111996679,10.497708992663192,9.88224864847469
0.8410000000000006,1.127568318212417,18.31973263077663,17.36718001411126,20600.050189573263,0.016237027686692385,21.059225561694973,0.003750103495448409,0.011454728889850108,10.499446420290091,9.881830581954397
0.8420000000000006,1.131483928294581,18.38270611760913,17.40137111552808,20600.045170615937,0.016262642462791577,21.062908521367504,0.003772282333329602,0.011477695526990295,10.501175674814528,9.881415739584895
0.8430000000000006,1.135249086433093,18.44267399429295,17.436511969762037,20600.040653554344,0.01628734212395655,21.066452225055887,0.003794363964301606,0.01150028543532583,10.502842337296931,9.881017348209248
0.8440000000000006,1.139213986938926,18.509673363499402,17.471652823995992,20600.03658819891,0.01631286519031039,21.070169403934372,0.003816491980857206,0.011522003869354536,10.504573657635625,9.880598284830699
0.8450000000000006,1.143146796409223,18.571992200139118,17.506793678229947,20600.03292937902,0.016337307079626773,21.07387205531981,0.003838930422282949,0.011544060344005569,10.506315355568393,9.880181101745187
0.8460000000000006,1.147123390570708,18.636733270696645,17.541934532463905,20600.02963644112,0.01636189192864651,21.077609464101858,0.00386139064390556,0.01156674858611939,10.508067781290988,9.879759791697165
0.8470000000000006,1.151067843994431,18.70017235845326,17.57707538669786,20240.02667279701,0.01638629282156706,21.081319617529168,0.0038839573201527866,0.011589407247651007,10.50980952817203,9.87934198114227
0.8480000000000006,1.155056159916278,18.478968226824172,17.612216240931815,19916.02400551731,0.01640049845085817,21.085429630975312,0.0038956778014672677,0.011657000716297994,10.51221666283253,9.878774289353565
0.8490000000000006,1.159012285321714,18.260925411919207,17.64735709516577,19624.421604965577,0.016409647952408124,21.089567066443166,0.003887040591094182,0.011751126099577902,10.514734820562836,9.878205698011044
0.8500000000000006,1.163012351170067,18.077423127021646,17.68249794939973,19361.97944446902,0.016429429454947686,21.0936835987832,0.0038622295464184053,0.011847660687194561,10.517160101675586,9.877636606217255
0.8510000000000006,1.167018318566972,17.918696663533353,17.717638803633683,19125.78150002212,0.016458543120406066,21.097770717443716,0.003827684632306927,0.011938346916373188,10.519511262108168,9.877072286393073
0.8520000000000006,1.17099202064939,17.77956447069084,17.752779657867638,18913.203350019907,0.016492452969184335,21.10180360973876,0.003789858840355431,0.012023634649656778,10.521801190748857,9.876519237532053
0.8530000000000006,1.175009780364382,17.66023067695413,17.787920512101596,18721.883015017916,0.016528324228574975,21.105851965683748,0.003755147758245425,0.012103059954039597,10.524062496316692,9.875972009679252
0.8540000000000006,1.179033462898797,17.556854241519872,17.824011119152683,18549.694713516124,0.01656331175252579,21.109887458812707,0.003728850688437868,0.012176013107075834,10.526289714290225,9.875436097563579
0.8550000000000006,1.183183444070226,17.471607506360304,17.859151973386638,18394.725242164513,0.016596259914850475,21.114017210165333,0.003714191098025399,0.01224264455833185,10.528526451983733,9.874899498605105
0.8560000000000006,1.18721916371146,17.395595624469006,17.894292827620596,18255.252717948064,0.016624729704442565,21.11803168936242,0.0037120103336063526,0.01230373096096049,10.530693222287788,9.874387218119834
0.8570000000000007,1.191260827740579,17.334539572290268,17.92943368185455,18129.727446153258,0.016649556069903426,21.12202462782923,0.0037208684369376965,0.012359463666589299,10.532813344581175,9.873886598852282
0.8580000000000007,1.195308443295905,17.28431073737944,17.964574536088506,18016.75470153793,0.016670668109212528,21.12600913046805,0.0037383582986347252,0.01241035041234112,10.534907002563465,9.873394684086712
0.8590000000000007,1.199362017523562,17.244102745199598,17.99971539032246,17915.079231384138,0.01668885824240074,21.129985446384556,0.003761154677993761,0.012457794889673357,10.53697785820599,9.872909381972947
0.8600000000000007,1.203383125505199,17.21227143222288,18.03485624455642,17823.571308245722,0.016705206984008514,21.133919073808904,0.0037858756317762365,0.01250267043219333,10.539012155861117,9.872433026184028
0.8610000000000007,1.207448606269013,17.190284758090794,18.07094685160751,17741.21417742115,0.016721426063005917,21.137878495134874,0.0038097556470834126,0.012545445800840216,10.541038353413526,9.871955814238847
0.8620000000000007,1.211680132451304,17.178683917012492,18.106087705841464,17667.092759679035,0.01673900436385195,21.141980999455264,0.0038311930201202493,0.012586929181442497,10.543115331371409,9.871462759910475
0.8630000000000007,1.21575778451781,17.16806247365408,18.141228560075422,17600.38348371113,0.016757083718964283,21.14594290851539,0.0038493206686073256,0.01262805009396717,10.545131061513613,9.870987494498596
0.8640000000000007,1.219841431306874,17.167021395869146,18.176369414309377,17540.34513534002,0.016777625985344324,21.149887316936987,0.0038639237365686308,0.012668012480976931,10.547112183448796,9.870514590346556
0.8650000000000007,1.223931080011791,17.171007026957895,18.211510268543332,17486.31062180602,0.016799880544741685,21.153831223633297,0.003876152471504579,0.01270620348732543,10.549083451614667,9.87004262590042
0.8660000000000007,1.228026737833711,17.179809029407384,18.247600875594422,17437.679559625416,0.016823210813687373,21.157774102917095,0.00388727683157708,0.012743317797944631,10.551046992729251,9.869571837546246
0.8670000000000007,1.232289505565402,17.196783645616208,18.282741729828377,17393.911603662877,0.016847873441728833,21.161862059814844,0.0038987997747975123,0.01277970249316246,10.553064243300806,9.869085323068639
0.8680000000000007,1.236397408277927,17.211917237003544,18.31788258406233,17354.52044329659,0.016871561185133055,21.16581302423611,0.003911952083558046,0.012815682543831253,10.555026384117394,9.868617803672866
0.8690000000000007,1.240511341988859,17.234160584025446,18.35302343829629,17319.068398966934,0.016895398286149055,21.169750086410424,0.003927235433867748,0.012850284617343999,10.556959325178177,9.868154059794028
0.8700000000000007,1.244631313931091,17.259224596782133,18.38911404534738,17287.161559070242,0.016918358641663578,21.17368997149301,0.003945342031682952,0.01288273785962224,10.558887119713486,9.867692586785742
0.8710000000000007,1.248919253106316,17.290697260196335,18.424254899581335,17258.44540316322,0.016940799319552613,21.1777790468239,0.003966378182248931,0.01291393014701614,10.56087475620184,9.867215423644272
0.8720000000000007,1.253051529194783,17.318913938226213,18.459395753815294,17232.6008628469,0.01696099613714258,21.181732736942536,0.00398991869546822,0.012944624087563528,10.562811086825015,9.866756971771306
0.8730000000000007,1.257189865492357,17.353037786005157,18.49548636086638,17209.34077656221,0.01698079939129976,21.185674264406675,0.004014935364250849,0.012974121744866729,10.564721235788568,9.866301311988762
0.8740000000000007,1.261535706277431,17.393318333842043,18.530627215100335,17188.40669890599,0.01700081561900335,21.189803483644603,0.0040411552661230865,0.013002086436992188,10.566708039879828,9.865824478727792
0.8750000000000007,1.265686424114659,17.427901091294036,18.565768069334293,17169.56602901539,0.017018943947344378,21.193766171013827,0.0040678940957930565,0.013029951127528139,10.56863708478083,9.86536892584102
0.8760000000000007,1.269843224238985,17.468522031107433,18.601858676385383,17152.60942611385,0.01703758525671667,21.197714479248823,0.004094093460868531,0.013057140327329853,10.570537420733459,9.864915117641704
0.8770000000000007,1.274169289283222,17.51373051153913,18.636999530619338,17137.348483502465,0.017056990863023425,21.20181720080454,0.004119883600794516,0.013083113606882302,10.572501724318148,9.864443225785617
0.8780000000000007,1.278377504890043,17.55494359750346,18.672140384853297,17123.61363515222,0.017075466738136202,21.205822336305605,0.00414517461275371,0.013109323398395878,10.574436783459218,9.863983577818717
0.8790000000000007,1.282552836009734,17.599468914266723,18.708230991904383,17111.252271636997,0.017094402736989256,21.20978418520664,0.004169615422427386,0.013135417105702263,10.576338552409272,9.863528992092377
0.8800000000000007,1.286898084670306,17.649112670049302,18.743371846138338,17100.127044473298,0.01711437933784299,21.21389778907406,0.0041937452873717085,0.013160673876900564,10.578300026228678,9.863056454094664
0.8810000000000007,1.291124975645694,17.694274319112946,18.77946245318943,17090.114340025968,0.01713337597123793,21.21791435830921,0.004217969072713379,0.013186066002666363,10.580232868006021,9.862596352918477
0.8820000000000007,1.295483134991554,17.745955869002596,18.814603307423386,17081.10290602337,0.01715334467927493,21.222037638876447,0.0042423392616581235,0.013211457260795145,10.582197770224012,9.86212351134041
0.8830000000000007,1.299683407044716,17.792710239329132,18.850693914474476,17072.992615421033,0.017172189649988734,21.22602568242156,0.004267301470494533,0.013236372586998502,10.58411239547628,9.861668084026942
0.8840000000000007,1.304093696040833,17.84780876464695,18.88583476870843,17065.69335387893,0.017192124238388673,21.23019115551171,0.004292893058634228,0.013260746378311039,10.586088165589867,9.861191387269061
0.8850000000000007,1.308306500571462,17.895433267862117,18.920975622942386,17059.12401849104,0.017210204779449012,21.234191974862412,0.004319432595393302,0.013284765886925398,10.588009133169946,9.86073587141718
0.8860000000000007,1.31256474896285,17.948602639169934,18.95706622999348,17053.211616641936,0.01722853727225604,21.23821683518939,0.004346414303003254,0.013308265580631695,10.589921744489347,9.86027735882826
0.8870000000000007,1.316955197327192,18.003850517088367,18.992207084227434,17047.890454977744,0.017246768634514076,21.242366787593042,0.004374166278685421,0.013330856682897907,10.591891057140753,9.859804525498056
0.8880000000000007,1.321226090626174,18.054912807594874,19.02829769127852,17043.10140947997,0.017263547476381758,21.246415917651923,0.004402461940492708,0.01335371871663843,10.593827777376303,9.859344527998399
0.8890000000000007,1.325629559511693,18.111966163388246,19.06343854551248,17038.79126853197,0.017280989030010296,21.250573968551677,0.004430931505630731,0.013376475086048445,10.595797997669376,9.85887135725142
0.8900000000000007,1.329913128438972,18.16439435021742,19.09952915256357,17034.912141678775,0.017297346890805143,21.254632423224724,0.0044596487885482095,0.013398846404442777,10.597734757141954,9.858411001703121
0.8910000000000007,1.334369104710805,18.223343261938087,19.134670006797524,17031.420927510895,0.017314644630727405,21.258837212446366,0.004488369989437357,0.013421008947062829,10.599723300051943,9.857932706770164
0.8920000000000007,1.338625924806598,18.275198401944927,19.170760613848614,17028.278834759803,0.01733047813568067,21.262873197330354,0.004517192051246843,0.013442996633074245,10.601652501013083,9.857475578009783
0.8930000000000007,1.343095052102359,18.335815535203196,19.206851220899704,17025.450951283823,0.017347691390155462,21.267085909106335,0.004545855639380814,0.013464716832282009,10.60363971975387,9.856996524440618
0.8940000000000007,1.347570893380935,18.39282933818639,19.24199207513366,17022.90585615544,0.017364238422699796,21.27132109237668,0.004574887844422282,0.013486411590137748,10.60565373072352,9.856515710605631
0.8950000000000007,1.351846852463276,18.446432824787397,19.27808268218475,17020.6152705399,0.017379814974102625,21.275371187371373,0.004603859639249364,0.013508567108422243,10.607586823878384,9.85605734680691
0.8960000000000007,1.356335892877643,18.508381783740152,19.313223536418704,17018.55374348591,0.01739681214350869,21.279600283590106,0.004632835585571982,0.013529782703479376,10.609577745077598,9.85557702005493
0.8970000000000007,1.360664225736032,18.562707860537778,19.349314143469787,17016.69836913732,0.017412101044365413,21.28370089744082,0.004662216652260576,0.013550561954346119,10.611532819505245,9.855113156003078
0.8980000000000007,1.365166531471213,18.624289327322792,19.384454997703752,17015.028532223587,0.017428204752471976,21.287945841475615,0.004691701205698451,0.013571463944003048,10.613536063773438,9.854631303457078
0.8990000000000007,1.369467987974221,18.678465392197403,19.42054560475484,17013.525679001228,0.017442602443278776,21.29202114226362,0.00472150238882707,0.013592128283173632,10.615479549420199,9.854170920037191
0.9000000000000007,1.373983556928903,18.74125870748366,19.456636211805932,17012.173111101103,0.01745813730297402,21.29627515840702,0.004751384181157614,0.01361251311653594,10.617482424045233,9.85368831832573
0.9010000000000007,1.378505897037953,18.80025762897911,19.491777066039887,17010.955799990996,0.01747279320842915,21.30055213715415,0.00478183598652776,0.013632848720359025,10.619512805094764,9.853203982277073
0.9020000000000007,1.382866482979299,18.856558725187107,19.527867673090974,17009.860219991897,0.017486535944352066,21.304678877468326,0.004812406509475231,0.013653675504933405,10.62147745215101,9.852737942681125
0.9030000000000007,1.387402169147483,18.919673503924127,19.563958280142067,17008.874197992707,0.01750141911064751,21.308952698725328,0.004843094039476359,0.013673703951136928,10.623489346948539,9.852253865484863
0.9040000000000007,1.391944651206425,18.979518878417657,19.599099134376022,17007.986778193437,0.017515550373434385,21.313247222839692,0.00487429847902221,0.013693479182524004,10.625525913293217,9.851768120818619
0.9050000000000007,1.396324746380974,19.036437418277842,19.635189741427112,17007.188100374093,0.017528720067275627,21.317391740290986,0.0049055821772184816,0.01371362685807731,10.627497610207838,9.851300600793735
0.9060000000000007,1.400880623293126,19.100109268409966,19.671280348478202,17006.46929033668,0.0175429427506833,21.321684194938424,0.004936913808280763,0.013733049199111114,10.629517428312713,9.850814834100465
0.9070000000000007,1.405443320914807,19.16047154966745,19.706421202712157,17005.822361303013,0.017556331727706098,21.32599747717579,0.004968675938382738,0.013752306168038186,10.631562110926948,9.85032734980567
0.9080000000000007,1.409842996752813,19.21787498961396,19.742511809763247,17005.240125172713,0.017568702499011046,21.330160189407472,0.005000437735337593,0.013771980892042623,10.633541701398979,9.849858128694347
0.9090000000000007,1.41441913818435,19.282036728040666,19.778602416814337,17004.716112655442,0.017582098865544904,21.334471446581603,0.005032189796369102,0.0137909375635335,10.635569664575707,9.849370521835182
0.9100000000000007,1.419002125226831,19.342854457880346,19.813743271048292,17004.244501389898,0.01759464031314434,21.33880364954644,0.00506434072501849,0.01380971815591353,10.637622647956563,9.84888118261079
0.9110000000000007,1.423421453396728,19.40068290038893,19.849833878099382,17003.820051250907,0.01760616043144042,21.342984726001674,0.00509648782067873,0.013828908801452044,10.639610347376928,9.848410182529118
0.9120000000000007,1.428017933368796,19.465279825730903,19.885924485150465,17003.43804612582,0.017618723954337223,21.347314950715862,0.005128646167626261,0.013847378577686253,10.641646655190847,9.847920698898243
0.9130000000000007,1.432661487442202,19.52738646171724,19.92106533938443,17003.094241513238,0.017630632452943384,21.3517027768021,0.005161278758435084,0.013865723842347577,10.643723780704304,9.847425072490736
0.9140000000000007,1.437100573617229,19.584981598250984,19.957155946435517,17002.784817361913,0.01764128293718986,21.355904960876536,0.005193996587442851,0.013884629225693834,10.645723913181653,9.846952180472028
0.9150000000000007,1.441717501105463,19.650191827665044,19.993246553486607,17002.506335625723,0.01765316796591737,21.36025342454118,0.005226729283918707,0.013902783968700705,10.647767513766851,9.846460997725089
0.9160000000000007,1.446341324286377,19.71185476960035,20.029337160537697,17002.25570206315,0.017664213966307518,21.364623660720913,0.005259946301787222,0.01392055013385568,10.64983679872314,9.84596808571277
0.9170000000000007,1.45101239310672,19.775070289540636,20.064478014771645,17002.030131856838,0.01767517319885864,21.36903480532581,0.005293440419852913,0.013938984400351406,10.651923792453971,9.84547022599526
0.9180000000000007,1.455477997202351,19.833405777313434,20.100568621822745,17001.827118671157,0.01768500508674442,21.37326079474307,0.005327056036976363,0.013957267384114735,10.653932233440745,9.844995372337218
0.9190000000000007,1.460122367773563,19.899121506468735,20.13665922887383,17001.644406804044,0.01769593178361667,21.37763493841508,0.005360712315988336,0.013974604079379005,10.655986875887738,9.844501850522434
0.9200000000000007,1.464814112759396,19.962109750848548,20.172749835924915,17001.47996612364,0.017706068245163298,21.382067913513893,0.0053948580865235685,0.013991655337054598,10.658083749195326,9.844002046452722
0.9210000000000007,1.469472385442165,20.024265944790088,20.20789069015888,17001.331969511273,0.01771558562309178,21.38647095592026,0.005429221576383925,0.014009533281903741,10.660170967958793,9.843506062615118
0.9220000000000007,1.474005151128823,20.084750748525213,20.243981297209967,17001.198772560147,0.017724536142851077,21.390755445666528,0.005463587797579494,0.01402716189044012,10.662201170009038,9.843024650383725
0.9230000000000007,1.478677133718638,20.15014944843221,20.28007190426106,17001.078895304134,0.01773414334725193,21.395158780667902,0.005498030180568214,0.01404381233907026,10.664272099773067,9.842528430507826
0.9240000000000007,1.483396663381946,20.213716457454403,20.316162511312147,17000.97100577372,0.01774307509263079,21.399617373583077,0.005532861168785375,0.014060331804892134,10.66638036418488,9.84202613283907
0.9250000000000007,1.4880826159413,20.276357324873892,20.352253118363237,17000.87390519635,0.017751426549025395,21.40404630104902,0.00556788409556408,0.014077525169187755,10.668478791787473,9.841527680660251
0.9260000000000007,1.492816202731011,20.341067285532585,20.388343725414327,17000.786514676714,0.01775999720507021,21.408514314345116,0.005603081601778803,0.014094663341102098,10.670588255905532,9.841024618385148
0.9270000000000007,1.497516159564988,20.404232685365017,20.42348457964828,17000.70786320904,0.017768111048339585,21.41295515691891,0.005638562241670642,0.01411144466460823,10.672689152260096,9.84052532036175
0.9280000000000007,1.502089511980272,20.465322634013713,20.459575186699375,17000.63707688814,0.017775475191750933,21.4172780069662,0.00567411495896214,0.014127728516952431,10.674736439677677,9.840040359656745
0.9290000000000007,1.506844037816189,20.53222312921025,20.49566579375046,17000.573369199323,0.017783552937063796,21.421757931735318,0.005709799383021019,0.014143214555074668,10.676841393550774,9.839535836029599
0.9300000000000007,1.511564854939783,20.59487505866413,20.53175640080155,17000.51603227939,0.017790415011214478,21.426221874036095,0.0057458578499017254,0.014158793379716539,10.678956126605003,9.839034150302403
0.9310000000000007,1.516333523708076,20.659861004035427,20.56784700785264,17000.464429051448,0.017797271080917,21.43072402212119,0.005782036392631196,0.014175008995685856,10.681083026951683,9.838527686073569
0.9320000000000007,1.521109294542844,20.72440484826082,20.60393761490373,17000.417986146305,0.01780390325059389,21.43523515420928,0.0058184599880213295,0.01419114523279219,10.683215220900117,9.838020657375255
0.9330000000000007,1.525851277063945,20.78831777405433,20.63907846913769,17000.376187531678,0.017810201955978766,21.439715142513908,0.005855092292919528,0.014207072687239919,10.685333694359564,9.837517636809322
0.9340000000000007,1.530465548858219,20.850043238006766,20.675169076188777,17000.338568778512,0.017815788230062357,21.444076481118067,0.0058917787950872325,0.014222326391950924,10.68739794882353,9.837029097790593
0.9350000000000007,1.535262412409456,20.917564194342567,20.711259683239867,16890.30471190066,0.01782208469059321,21.44859636944585,0.0059285863870792155,0.014236748608547456,10.689520894050922,9.836520732002821
0.9360000000000007,1.540066412604797,20.863110335663492,20.747350290290957,16791.27424071059,0.017821211396139625,21.453323858319983,0.005961868174022,0.014272292697840416,10.691967617671008,9.835940536694276
0.9370000000000007,1.544877558187037,20.810391684992368,20.783440897342047,16702.14681663953,0.01781743097137717,21.4580805613671,0.005987061986619968,0.014321294353370984,10.694476904595806,9.835360044875149
0.9380000000000007,1.549654783057619,20.771367653188435,20.819531504393137,16621.932134975577,0.017819029929666663,21.462773375167934,0.006006465094079483,0.014370721812632992,10.696917276471462,9.834786287843137
0.9390000000000007,1.554480210250665,20.744957309242626,20.855622111444227,16549.73892147802,0.017826169967886385,21.46748602998437,0.006022659606834846,0.014415974577718094,10.699329523753313,9.834211266521045
0.9400000000000007,1.559312809087103,20.72632729187216,20.891712718495317,16484.765029330218,0.017836110447526088,21.47219523163716,0.006038206400809432,0.014458180497152417,10.701726382844853,9.8336397713461
0.9410000000000007,1.564152588348851,20.71555566421713,20.927803325546407,16426.2885263972,0.01784735516693986,21.476898411098304,0.006055459965841559,0.014498019149740526,10.704106195840424,9.83307291473985
0.9420000000000007,1.568999556827644,20.71193114037198,20.963893932597493,16373.659673757478,0.01785866121492613,21.48159655261962,0.006076395845195481,0.014535080515886423,10.706468921280324,9.83251132590702
0.9430000000000007,1.57385372332504,20.714746161948753,20.99903478683145,16326.29370638173,0.01786887077765259,21.48629084143798,0.0061022070734030875,0.014569177306356096,10.708816069491345,9.831955016781379
0.9440000000000007,1.578537094422945,20.719549441092585,21.03512539388254,16283.664335743557,0.017876322673727407,21.490820486009774,0.006133015740847347,0.014600198032348244,10.71107994926894,9.831423418835236
0.9450000000000007,1.583405450291921,20.736173175653217,21.07121600093363,16245.2979021692,0.01788251984322614,21.495498121099622,0.006168289561589768,0.01462807948194883,10.713381696846348,9.830876791104146
0.9460000000000007,1.588322388587182,20.754759387048203,21.10730660798472,16210.76811195228,0.017885679802025878,21.50022792794066,0.006207390377855004,0.014653906098350322,10.715712859088727,9.830328052461589
0.9470000000000007,1.593205237396956,20.77678533148784,21.14339721503581,16179.691300757053,0.01788643951205071,21.504919756616374,0.006248774537276014,0.014678968916689628,10.718021281780455,9.829786668046813
0.9480000000000007,1.598095328141334,20.80388051190893,21.1794878220869,16151.722170681347,0.01788607161426342,21.509606898101715,0.00629107601297052,0.01470255706799195,10.720312879858366,9.829247709007438
0.9490000000000007,1.602992669680775,20.83438259835678,21.215578429137988,16126.549953613212,0.017884977581598627,21.514295483087107,0.006333286528239446,0.014724485902901152,10.722597729378549,9.82870992546179
0.9500000000000007,1.607897270885635,20.8679929981847,21.25166903618908,16103.89495825189,0.017883643210057698,21.518985933147125,0.006374624935629514,0.014745271650115188,10.724878069735022,9.828172652379434
0.9510000000000007,1.612850677532302,20.905377484048184,21.287759643240168,16083.505462426701,0.017882710908874166,21.523716180083365,0.006414709439290622,0.014765351383958625,10.727170244403819,9.82763099068912
0.9520000000000007,1.617769860547732,20.943870522279553,21.32385025029126,16065.154916184032,0.017882017149660534,21.528413875102057,0.0064535016108709375,0.01478502658769365,10.729446899516235,9.8270939731308
0.9530000000000007,1.622696329930043,20.985608906298307,21.359940857342348,16048.639424565628,0.017882123670741046,21.533110749372067,0.006491175409383709,0.014804252092907644,10.731714734306541,9.826557286875175
0.9540000000000007,1.627630094589315,21.0293561845489,21.39603146439344,16033.775482109066,0.017882785832111503,21.537811536581472,0.006528247371892337,0.014822844199661789,10.733980400666168,9.826020752047214
0.9550000000000007,1.632612843843323,21.07587795534038,21.432122071444528,16020.397933898159,0.017883924484036695,21.54255415154421,0.006565295760729839,0.01484103408762566,10.736260966671924,9.825479825654746
0.9560000000000007,1.637561261779358,21.12264439290356,21.468212678495618,16008.358140508344,0.017884821386003502,21.547265644062715,0.006602843004002712,0.014858898629755313,10.738528237882962,9.82494392163842
0.9570000000000007,1.64255875414771,21.172783040638677,21.50430328554671,15997.52232645751,0.01788583790153153,21.552015602686073,0.006641260004130234,0.014876254220842933,10.740804671572253,9.824404169717498
0.9580000000000007,1.647521861244458,21.22270890045002,21.54039389259779,15987.77009381176,0.01788608186112156,21.55673555626033,0.00668087465751499,0.014892873004993201,10.743068763883977,9.823869564960326
0.9590000000000007,1.65253413277529,21.27565062749365,21.57648449964889,15978.993084430584,0.017885947409117364,21.56149487657565,0.00672172363277479,0.014908803777694435,10.745343580947532,9.823331008136925
0.9600000000000007,1.657511964996915,21.328115786638058,21.61257510669998,15971.093775987525,0.017884710332302434,21.56622463159662,0.00676378721927412,0.0149239545200745,10.747606899498873,9.822797443239093
0.9610000000000007,1.662539051818882,21.383375016276375,21.64866571375107,15963.984398388773,0.017882956750836176,21.570994211667927,0.006806813608064177,0.014938453352573267,10.749881605636409,9.822259649502202
0.9620000000000007,1.667531645209934,21.437949929015943,21.68475632080216,15957.585958549897,0.01788013682916023,21.575734544464336,0.006850588087596865,0.01495226594432636,10.752145452005323,9.82172651568424
0.9630000000000007,1.672573583532374,21.495134492107937,21.720846927853245,15951.827362694907,0.017876976197103378,21.580515108686388,0.0068947725824119455,0.014965565251862545,10.754421359373314,9.821188766698532
0.9640000000000007,1.677622979309639,21.552355445222467,21.75693753490434,15946.644626425415,0.017873186878881286,21.585304870315582,0.006939209085081888,0.01497839800330436,10.75670334220737,9.820650645826925
0.9650000000000007,1.682637800331069,21.609605245015885,21.793028141955425,15941.980163782875,0.017868878906966312,21.590061629300283,0.006983627062880138,0.014990954757967911,10.758969790245791,9.820116926925413
0.9660000000000007,1.687702102105715,21.669162940897124,21.82911874900652,15937.782147404589,0.017864667600812345,21.59485949308929,0.007027921724042263,0.015003044352365102,10.761248856607276,9.81957822345254
0.9670000000000007,1.69277388867613,21.72849409193735,21.865209356057605,15934.00393266413,0.017860129909315403,21.59966721660306,0.0070721636230812734,0.015014824118314285,10.763535298873942,9.819038841929155
0.9680000000000007,1.69781101897591,21.78766594828916,21.9012999631087,15930.603539397718,0.017855278043691525,21.60444221767871,0.007116306444735543,0.01502650112631504,10.765806881194747,9.818503727045819
0.9690000000000007,1.702897766223283,21.84899288432927,21.937390570159785,15927.543185457947,0.017850616119083562,21.609258710363765,0.007160441323384337,0.01503782682344168,10.768091537472518,9.817963580549385
0.9700000000000008,1.707992025698967,21.909947931472118,21.973481177210875,15924.788866912153,0.01784560696403681,21.614085352291795,0.007204778837377412,0.015048889716442193,10.770383940952826,9.81742280184456
0.9710000000000008,1.713093806578009,21.971508623218384,22.009571784261965,15922.309980220938,0.017840351185766323,21.61891784772683,0.007249387952850572,0.015059898802686822,10.772678202629365,9.816881655230365
0.9720000000000008,1.718203118045701,22.033563536996446,22.045662391313055,15920.078982198844,0.017834827628654015,21.623756591260204,0.007294377114203332,0.01507063286290028,10.774973971610065,9.8163402128686
0.9730000000000008,1.723319969297579,22.096014728032035,22.081752998364145,15918.071083978959,0.017828942698411454,21.62860193331166,0.007339824578631138,0.015081010733218547,10.777271963649902,9.815798426978635
0.9740000000000008,1.728402000709308,22.157923365295503,22.117843605415235,15916.263975581063,0.017822444298845774,21.633415464478436,0.007385717791846325,0.015090969279424826,10.77955595927373,9.815261015782406
0.9750000000000008,1.733533922610595,22.221717066623494,22.153934212466325,15914.637578022957,0.01781575736219121,21.638271406210592,0.007432032150251178,0.015100457712333037,10.781854398498336,9.814718529199748
0.9760000000000008,1.738673411912767,22.284943675979044,22.190024819517415,15913.173820220662,0.017808394591641907,21.643137930527146,0.007478802290594555,0.015109645460032461,10.78416123075514,9.814175407576553
0.9770000000000008,1.743820477852446,22.34861515194406,22.2261154265685,15911.856438198596,0.01780055206193193,21.64801063728548,0.007525915659249649,0.015118768576871833,10.78647033944496,9.813631852005644
0.9780000000000008,1.749017644882479,22.413535022161092,22.263155786436727,15910.670794378737,0.017792494352551258,21.652928557012842,0.007573363737400252,0.015127685017948755,10.78879792599254,9.813083101753568
0.9790000000000008,1.754366272267667,22.48111403913669,22.299246393487817,15909.603714940864,0.017784537339946282,21.657986988407764,0.007621308808390959,0.015136660684409942,10.791188718610792,9.812517658917587
0.9800000000000008,1.759536404056187,22.542988961799047,22.335337000538907,15908.643343446778,0.017775101343631028,21.662891827091435,0.0076696881261114624,0.015145830741058297,10.793524256580099,9.811972519214471
0.9810000000000008,1.764714149845289,22.608800749180624,22.371427607589997,15907.7790091021,0.01776608529845508,21.66778764872599,0.00771818277641384,0.015154344046466761,10.795837608308654,9.81142767425088
0.9820000000000008,1.769899518923557,22.674075512295516,22.407518214641087,15907.00110819189,0.01775660866000639,21.67269369723329,0.0077669738453994275,0.015161486793568546,10.798156394558703,9.8108820210144
0.9830000000000008,1.77509252058993,22.739220275332748,22.443608821692177,15906.3009973727,0.01774643525571956,21.677608225700755,0.007815964691425759,0.015168320111730416,10.800481805631744,9.810335404502991
0.9840000000000008,1.78029316415372,22.804534989364026,22.479699428743267,15905.670897635431,0.0177357003395201,21.682529927497015,0.007865054861028897,0.015175175382360073,10.802810769204335,9.809788089088597
0.9850000000000008,1.78554423248658,22.870962681381517,22.515790035794357,15905.103807871888,0.017724707612872592,21.687497521543136,0.007914247098314453,0.015182081506698863,10.805159161095965,9.809235330680188
0.9860000000000008,1.790760224710409,22.93600443590172,22.551880642845443,15904.5934270847,0.01771307357303392,21.692436216956786,0.00796356040821583,0.015189005127113187,10.807498509799377,9.808686660929364
0.9870000000000008,1.795983886853744,23.002099611012483,22.587971249896537,15904.13408437623,0.01770133671335239,21.697378239637892,0.008012960037807548,0.015195720878933616,10.809835137058524,9.808137526359126
0.9880000000000008,1.801258112602199,23.06910791116357,22.624061856947623,15903.720675938608,0.017689509037490836,21.70236708918404,0.008062596704546343,0.01520202987430802,10.812191985881313,9.807582913051958
0.9890000000000008,1.806497179639054,23.134623435957067,22.660152463998717,15903.348608344748,0.017677052262199122,21.707327364142813,0.008112526624270922,0.015208201612819716,10.814540735203769,9.807032396226164
0.9900000000000008,1.811743944711393,23.201171192834384,22.696243071049803,15903.013747510273,0.01766444976130077,21.71229103866244,0.008162707388693013,0.015214160349748651,10.816886912893214,9.806481472918733
0.9910000000000008,1.817041412605819,23.268623348880524,22.732333678100897,15902.712372759246,0.01765167772930648,21.717301675056454,0.008213258390230738,0.015219739602446436,10.819253308127244,9.805925115079257
0.9920000000000008,1.822303638993485,23.334565104955626,22.768424285151983,15902.441135483321,0.01763818044575266,21.722283691984135,0.008264190685528527,0.015225196340611702,10.82161157080441,9.805372901372529
0.9930000000000008,1.827616661237346,23.402442202371244,22.80546464502021,15902.19702193499,0.01762461892270889,21.727308304289235,0.008315458323247815,0.015230496317609754,10.823984039430595,9.804815443754045
0.9940000000000008,1.833084427381906,23.47275473243872,22.8415552520713,15901.97731974149,0.01761109909258407,21.732477358002882,0.008367298875006313,0.015235725886529106,10.826421849831132,9.804240831001465
0.9950000000000008,1.838413290844926,23.537971016736673,22.87764585912238,15901.779587767342,0.017596112026331934,21.73752952730917,0.008419691377441973,0.01524123648398129,10.828821141295656,9.80368211622316
0.9960000000000008,1.843749983576824,23.606433144234312,22.91373646617348,15901.601628990607,0.017581320857145755,21.742575625313997,0.008472370068108359,0.015246323424355723,10.831202904177463,9.803123539012711
0.9970000000000008,1.849051295731438,23.67357157618923,22.949827073224565,15901.441466091546,0.01756584756240398,21.747592086016827,0.008525420755449764,0.015250125953692462,10.833572333881243,9.802569131760276
0.9980000000000008,1.854403638356971,23.742152291708546,22.98591768027566,15901.297319482392,0.017549946854894638,21.752653455570652,0.008578739402481328,0.015253401365391162,10.835960038490732,9.802009001244304
0.9990000000000008,1.859763838876697,23.809930253600168,23.022008287326745,15901.167587534153,0.01753323118503103,21.75772621899793,0.00863228650289527,0.015256595426244024,10.838357447767008,9.801447993555762
1.0000000000000007,1.865088575538934,23.877078085143356,23.05809889437784,15901.050828780739,0.017515831523230718,21.762766286482787,0.00868589974667805,0.015259885706242371,10.840740764051748,9.800891225843351
1.0010000000000006,1.870377745797518,23.944167723403943,23.094189501428925,15900.945745902665,0.017498031913185663,21.767771070305024,0.008739466776344518,0.015262825155011372,10.843104990796885,9.800338733653163
1.0020000000000004,1.87571805914636,24.01273183821681,23.130280108480015,15900.851171312399,0.017480178430650473,21.7728207120111,0.008793026184201136,0.015265279184480118,10.845485896111782,9.799780526832969
1.0030000000000003,1.881066193768961,24.080423476551257,23.166370715531105,15900.76605418116,0.017461816985589462,21.777881991950462,0.008846670960333924,0.015267633894084476,10.847877019935728,9.79922133271915
1.0040000000000002,1.88642215918486,24.148380057664923,23.202461322582195,15900.689448763045,0.017443215152163072,21.782950020616635,0.008900405575646864,0.01527015255286307,10.85027120730615,9.798661476581247
1.0050000000000001,1.891742446391735,24.215602664537666,23.238551929633285,15900.620503886741,0.017424282216180198,21.787985558928444,0.008954272434111565,0.015272505103260225,10.852650925934158,9.798105949403169
1.006,1.897114064456921,24.284535061773912,23.27559228950151,15900.558453498068,0.01740545559129897,21.793065123291875,0.009008362272594661,0.015274521986819833,10.855046074879386,9.797544926728706
1.007,1.902686838543379,24.356767796677225,23.3116828965526,15900.502608148261,0.017386944764147982,21.798331780104682,0.009063035107994555,0.01527659662451114,10.857525727359512,9.796961389067844
1.0079999999999998,1.908074436674722,24.422177021449492,23.34777350360369,15900.452347333436,0.017366727425296935,21.80344264063165,0.009118337052992198,0.015279150665614138,10.859953970529837,9.796399073517724
1.0089999999999997,1.91346991361436,24.491786372326683,23.38386411065478,15900.407112600093,0.017346968472521596,21.80854331668442,0.009173997456618455,0.015281296262294852,10.862358385695414,9.795837051098697
1.0099999999999996,1.91887327894591,24.560804511462592,23.419954717705867,15730.366401340083,0.017326702555062357,21.813654436398437,0.009230214305450957,0.015281953105011625,10.86476768097082,9.795274352553353
1.0109999999999995,1.924284542263653,24.399510319916136,23.456045324756957,15577.329761206074,0.017293041079482874,21.819163495970002,0.009280953434566142,0.015323639399811795,10.867781630543377,9.794564327794575
1.0119999999999993,1.929703713172556,24.23913763153368,23.492135931808047,15439.596785085467,0.017253271834292816,21.824735806130153,0.009317370361163146,0.015392188532683038,10.870933339751087,9.79385653381722
1.0129999999999992,1.93513080128828,24.106702065372886,23.528226538859137,15315.63710657692,0.01722580908124144,21.83025013813798,0.009345242343935245,0.015461535201305832,10.873982326008955,9.793154006105217
1.0139999999999991,1.940565816237191,23.995955220195015,23.564317145910227,15204.073395919228,0.01721031922316202,21.835727404454325,0.009369207291945458,0.015522238544944333,10.876945772459912,9.792460019928358
1.014999999999999,1.94600876765637,23.902041864373075,23.60040775296131,15103.666056327305,0.017201997390793144,21.841183429799898,0.009393325604502234,0.015576865022860875,10.879862634322972,9.791775487107268
1.015999999999999,1.951459665193624,23.823082978525857,23.636498360012407,15013.299450694574,0.017197392494413932,21.846621755345232,0.009421389042967965,0.015626779805972213,10.882743147978054,9.791101545585143
1.0169999999999988,1.956918518507504,23.75784471404478,23.672588967063497,14931.969505625117,0.0171937602842816,21.852043618200696,0.009456290000493639,0.015671649832412038,10.885588078490365,9.790438853266611
1.0179999999999987,1.962385337267307,23.705085801212764,23.708679574114587,14858.772555062606,0.01718853552828986,21.857450744017022,0.009499532441037573,0.015711174696047436,10.888399026639764,9.78978707988268
1.0189999999999986,1.967860131153093,23.663609569398353,23.744770181165677,14792.895299556345,0.017179611670288475,21.862845069483225,0.00955118562616869,0.015745447389928224,10.891178861451852,9.789145235898934
1.0199999999999985,1.973342909855694,23.63232900123525,23.780860788216767,14733.60576960071,0.017165682250044556,21.86822840930469,0.009610143919560221,0.015774781384673975,10.893930764299188,9.788512027479541
1.0209999999999984,1.978877807125186,23.61116799161895,23.817901148084992,14680.24519264064,0.017146508014633133,21.873642523747254,0.009674575604062041,0.015799667583054067,10.89667498769756,9.78788101566461
1.0219999999999982,1.984573734909687,23.60077539750669,23.85399175513608,14632.220673376576,0.017122739195567727,21.879191000905994,0.009742486010903162,0.01582095130915384,10.899461721417223,9.787238384013458
1.0229999999999981,1.990080820546647,23.59176840098097,23.890082362187172,14588.998606038918,0.017093697284680964,21.884563741012478,0.009811724599832983,0.01583927301261784,10.902169067351341,9.786622573244625
1.023999999999998,1.995640169532501,23.59442088177581,23.92617296923826,14550.098745435027,0.017062970291676527,21.889953817971783,0.009880237302797745,0.01585452913497387,10.904849350993137,9.786005423811247
1.024999999999998,2.001163351107143,23.6008865830259,23.962263576289352,14515.088870891524,0.017030504638448185,21.895306248600903,0.009946965594293145,0.01586646479632281,10.907505418011475,9.785395208710156
1.0259999999999978,2.006738891917979,23.61439049120243,23.99835418334044,14483.579983802372,0.01699799446672734,21.90069351553199,0.010011136221577621,0.015876762361074936,10.910164087776673,9.78478115933633
1.0269999999999977,2.012278208586268,23.63117383670627,24.034444790391532,14455.221985422135,0.01696587585127257,21.906042523067537,0.010072648301466869,0.015886069971103145,10.912800826474683,9.78417316649604
1.0279999999999976,2.017825588382645,23.653390879220314,24.07053539744262,14429.69978687992,0.016935330456326614,21.9113865717712,0.010131780923811617,0.015894853181816937,10.915422394606178,9.783566250880483
1.0289999999999975,2.02342547155847,23.680483446050474,24.1066260044937,14406.729808191929,0.01690662736252263,21.91677147808469,0.010189351342240305,0.01590310639425474,10.91805322011624,9.782955341500983
1.0299999999999974,2.028989045313009,23.709654176525895,24.1427166115448,14386.056827372737,0.01687913002927449,21.922120025718076,0.010246289122214147,0.015911064824850718,10.920665452029015,9.782350694580863
1.0309999999999973,2.034605218773132,23.74402471263844,24.17880721859589,14367.451144635463,0.016853161606833422,21.92750609036224,0.010303483923089995,0.015918619529709466,10.923282300535229,9.781742606496612
1.0319999999999971,2.04022957139686,23.780619888123656,24.21489782564698,14350.706030171918,0.016827628282574114,21.93289787323254,0.01036184278906871,0.015925412295831942,10.92589882791377,9.781136190796401
1.032999999999997,2.045817529154932,23.81924974985228,24.25098843269807,14335.635427154726,0.016801859336752434,21.938250898234383,0.010421867550751751,0.015931386062402852,10.928492763674106,9.780536653588078
1.033999999999997,2.051458231454663,23.862056328724197,24.28707903974916,14322.071884439254,0.016775766015313276,21.943643933302177,0.010483850799438033,0.01593611424057284,10.931093834802423,9.779933837595268
1.0349999999999968,2.057107142713096,23.906220219783062,24.32316964680025,14309.86469599533,0.016748294815070175,21.949044618232893,0.010547899693199636,0.01593952967822021,10.93369762713121,9.779332493380076
1.0359999999999967,2.06271957346247,23.95170114435059,24.359260253851335,14298.878226395796,0.016719155961388732,21.9544078848256,0.01061371200161404,0.015941801008590217,10.936281027146162,9.778737585691093
1.0369999999999966,2.068384893986984,24.000726817717815,24.39535086090243,14288.990403756217,0.016688784282356206,21.959812511205204,0.010680902463146957,0.01594269880046023,10.938873536031954,9.778138676812253
1.0379999999999965,2.074058453364769,24.050531014663964,24.431441467953515,14280.091363380596,0.01665668385000557,21.96522596014934,0.010749103777081936,0.015942354522804625,10.941470707138768,9.777540365653937
1.0389999999999964,2.079740261593934,24.10202952246742,24.46753207500461,14272.082227042536,0.016623243720871705,21.970643681190914,0.010817822946688704,0.015941188073743062,10.944066666850137,9.776942465545735
1.0399999999999963,2.08543032868371,24.15500870711543,24.503622682055695,14264.874004338282,0.016588807666887917,21.976066284047988,0.010886686964194592,0.015939143560121827,10.946661275774991,9.77634478402059
1.0409999999999962,2.091128664654458,24.209270572563124,24.53971328910679,14258.386603904455,0.016553657099199648,21.981494350657172,0.010955434720053392,0.015936325367509885,10.949255701274618,9.775747049359214
1.041999999999996,2.096835279537677,24.264687077959387,24.575803896157876,14252.54794351401,0.016518058588879114,21.9869281772974,0.011023925073414376,0.01593290194143704,10.951850583339343,9.775149106415473
1.042999999999996,2.102505213345169,24.320254267330228,24.611894503208966,14247.29314916261,0.01648206869593627,21.992327084977678,0.011092089668115812,0.015928954142597984,10.954428816260016,9.774556006536882
1.0439999999999958,2.108228377402077,24.378384310087643,24.647985110260056,14242.563834246348,0.016446323440929722,21.99776979729515,0.011159988359357775,0.015924560354373618,10.957020323794397,9.773957444843186
1.0449999999999957,2.11395985049947,24.436455982600705,24.684075717311146,14238.307450821714,0.016410345254874892,22.003223100082916,0.011227845193088948,0.01591988837612318,10.959619537775383,9.77335849314726
1.0459999999999956,2.119744729215927,24.496389656432548,24.720166324362236,14234.476705739544,0.0163744853326121,22.008723177157446,0.011295854789260984,0.0159152922004972,10.962237388396886,9.77275419173367
1.0469999999999955,2.125492889524813,24.555530862993066,24.75625693141332,14231.02903516559,0.016338229302186646,22.014191775884164,0.011364247050657972,0.015910526794950086,10.96484364488921,9.77215498301604
1.0479999999999954,2.131249389169817,24.616287686003268,24.792347538464416,14227.92613164903,0.016301955671614632,22.019662836952463,0.011433140948175269,0.015905346644396356,10.967445017230677,9.77155575555632
1.0489999999999953,2.137014238260763,24.677495820079795,24.828438145515506,14225.133518484128,0.016265281243155183,22.025141525747078,0.011502711640606234,0.01589942072352074,10.970048648104322,9.770956383583945
1.0499999999999952,2.142787446918711,24.739183529716648,24.864528752566585,14222.620166635716,0.016227987562568935,22.030627602581266,0.011573008359073711,0.01589296709791682,10.972655308672076,9.770356796587961
1.050999999999995,2.148569025275967,24.8013802273772,24.900619359617686,14220.358149972144,0.016189987278160733,22.036120827748366,0.01164401070051213,0.01588606182451513,10.975264358116831,9.769757035168418
1.051999999999995,2.154404303827413,24.864967261536123,24.936709966668772,14218.32233497493,0.016151394853155643,22.041662433559495,0.011715702866238298,0.01587877500488888,10.977893229039712,9.769151897762745
1.0529999999999948,2.160202691117833,24.927381560649373,24.972800573719866,14216.490101477437,0.016111705359294404,22.047173378162526,0.011788013833150923,0.015871121429617385,10.980512180837732,9.768551708051845
1.0539999999999947,2.166009478605814,24.991143984412453,25.008891180770952,14214.841091329694,0.016071488115198096,22.052687389881452,0.011860776351815483,0.01586299070889008,10.983127228094668,9.767951263902729
1.0549999999999946,2.171870114199006,25.056034534942647,25.044981787822046,14213.356982196725,0.016030741916921887,22.0582508591471,0.011933984911646156,0.015854191606468837,10.985762869190724,9.767345207931962
1.0559999999999945,2.177693771819582,25.119573249258252,25.080122642056,14212.021283977052,0.01598896976956804,22.063784164595646,0.012007561560561153,0.015845028605975364,10.988389891011485,9.7667438509625
1.0569999999999944,2.183319574411843,25.180234299560638,25.116213249107087,14210.819155579347,0.015946094947446143,22.069133226732657,0.012081142460160177,0.015835203458122615,10.99093361975521,9.766165580122644
1.0579999999999943,2.18920539049628,25.24929779538553,25.15230385615818,14209.737240021414,0.015904412520721667,22.074704624882145,0.012154698892259508,0.015824451273236617,10.99355441232333,9.76555768611906
1.0589999999999942,2.195054142419173,25.312644839673986,25.188394463209267,14208.763516019273,0.01586096371787965,22.080265506938275,0.012228532817442406,0.015813549855141218,10.996196342842694,9.76495398783407
1.059999999999994,2.200956988535486,25.378825824923506,25.22448507026036,14207.887164417347,0.01581751067598819,22.08586807060286,0.012302464078906006,0.015803809378948097,10.998851521224896,9.764344672853834
1.060999999999994,2.206822712448205,25.443844359241137,25.260575677311447,14207.098447975612,0.015773676705407358,22.091439196449734,0.012376678809016828,0.015793823132746132,11.001493384411974,9.763740496794307
1.0619999999999938,2.212742629848534,25.51091738940318,25.296666284362537,14206.388603178051,0.015729946636539982,22.09705554035678,0.012451315463365586,0.015783360801340685,11.004149664222851,9.763130665187617
1.0629999999999937,2.218671118104157,25.57730703025392,25.332756891413627,14205.749742860246,0.01568563263213052,22.10268390682979,0.012526589821872547,0.01577226969600909,11.006815181555831,9.762520405858586
1.0639999999999936,2.224562396941428,25.643139174863343,25.36884749846471,14205.174768574221,0.01564061348506829,22.108277893354273,0.012602500359127689,0.015760759663208057,11.009465983064867,9.76191503177336
1.0649999999999935,2.230508018565242,25.710873934695428,25.404938105515807,14204.6572917168,0.015595317406962461,22.113917840481847,0.01267906598347679,0.0157486595709454,11.012131692838278,9.761304066193645
1.0659999999999934,2.236462242189199,25.77784714682497,25.440078959749762,14204.19156254512,0.015549082947124482,22.119570116039988,0.012756337068420776,0.0157360703835715,11.014807106536527,9.760692645348083
1.0669999999999933,2.242170194089672,25.840037832341043,25.476169566800852,14203.772406290609,0.015501203155187215,22.124998025841318,0.012833940554019874,0.01572291427752609,11.017386968865974,9.760109892217605
1.0679999999999932,2.248141341513215,25.91155202662486,25.512260173851942,14203.395165661548,0.015454527262669104,22.130646916964352,0.012911730872064042,0.015708880777119627,11.02003883422665,9.759497110674168
1.068999999999993,2.254121121872071,25.97792469229056,25.548350780903032,14203.055649095393,0.015406005672476408,22.136328082471756,0.012989996505119616,0.0156945075958419,11.02273044477656,9.758883389488604
1.069999999999993,2.260109545616664,26.04533252584546,25.584441387954122,14202.750084185855,0.015356890469533035,22.14201339232263,0.01306848760295265,0.015681363297686046,11.02542413500906,9.758269201295843
1.0709999999999928,2.266106623209013,26.113344519486695,25.620531995005212,14202.47507576727,0.015307588043738496,22.1477047621783,0.013147282113434133,0.015668060994746824,11.028116122758075,9.757654954579902
1.0719999999999927,2.272112365122759,26.18154526256204,25.655672849239167,14202.227568190543,0.015257940535211234,22.15340408194233,0.013226503362621211,0.01565411331650607,11.030810583869703,9.75704023632043
1.0729999999999926,2.277916179471277,26.245630222837274,25.691763456290257,14202.00481137149,0.015207097526793611,22.15892025669938,0.013306005581641689,0.01563917631840661,11.033427398773899,9.756449020655744
1.0739999999999925,2.283939007758557,26.31733857107891,25.727854063341347,14201.804330234341,0.015157265881113768,22.16462088299051,0.01338577349764336,0.015623282081639878,11.036105438618007,9.755832753975005
1.0749999999999924,2.289970531542442,26.38478842707658,25.763944670392437,14201.623897210908,0.015105858223275148,22.170349739108943,0.013466094496612957,0.015607031918277114,11.03881716169283,9.755215699175002
1.0759999999999923,2.296010761342826,26.453099112949193,25.800035277443527,14201.461507489817,0.015053856199298887,22.176083519253524,0.0135468087152385,0.01559177594289829,11.041531232467111,9.754598224220164
1.0769999999999922,2.302059707691283,26.521912292990244,25.836125884494617,14086.315356740835,0.015001546209592709,22.18182382224899,0.013627997618344156,0.015576366203040592,11.044244535341939,9.75398066294306
1.077999999999992,2.308117381131074,26.402736381547864,25.871266738728572,13982.683821066752,0.014937360740490568,22.187930109481176,0.01370653791505716,0.015595649280025659,11.047476255484385,9.753231500255197
1.078999999999992,2.313971551125197,26.278942674247375,25.907357345779662,13889.415438960077,0.014867181784332162,22.193902717520952,0.013774871578725312,0.01563805586211625,11.050755207120933,9.75251182945515
1.0799999999999919,2.320046434798562,26.186030372909173,25.943447952830752,13805.47389506407,0.014810532414568922,22.200000074096263,0.013838807455730517,0.015679891597504325,11.054001626666594,9.751772923092481
1.0809999999999917,2.326130076945736,26.106868650862527,25.979538559881842,13729.926505557663,0.014764507876261934,22.20608377778592,0.013902333465074856,0.015712805600411217,11.057199387005891,9.751042923913538
1.0819999999999916,2.332268991851234,26.04331180859251,26.0146794141158,13661.933855001897,0.014725688238713619,22.212187473570125,0.013968184429419828,0.015741241321116428,11.06037186110013,9.750317249790559
1.0829999999999915,2.338156884760271,25.986624774976473,26.050770021166887,13600.740469501707,0.014689949277980452,22.218041333429042,0.014038664295347836,0.01576551753858374,11.063413593514209,9.749632067418826
1.0839999999999914,2.344266629173055,25.94979313752908,26.086860628217977,13545.666422551536,0.014657455584866697,22.22405467450759,0.014115319653582259,0.015785008636363007,11.06647469987498,9.748932249549206
1.0849999999999913,2.350431797285684,25.91954666265728,26.122951235269067,13496.099780296383,0.014622902683655459,22.230119607652675,0.014199043509437514,0.015799638980233677,11.069556426661737,9.748236333382053
1.0859999999999912,2.356559193789907,25.89760319506282,26.158092089503022,13451.489802266746,0.014584491121585719,22.236132243288374,0.014289112829655892,0.01581110674102415,11.072599477775587,9.747554099346317
1.086999999999991,2.362527674622842,25.88214283206127,26.194182696554115,13411.34082204007,0.014541042596750153,22.241977387617037,0.014384006331699173,0.015818186655816413,11.075543134385496,9.74689846722975
1.087999999999991,2.368672487791039,25.88006680873044,26.230273303605202,13375.206739836063,0.014493306229674707,22.247955872650838,0.014482028220872245,0.015820401948255014,11.07851023513846,9.746228755297142
1.0889999999999909,2.374872927037295,25.882173685731026,26.265414157839153,13342.686065852457,0.014439290521486736,22.25398806812155,0.01458167236244795,0.01581869860531665,11.081503323385528,9.745557753674278
1.0899999999999908,2.380820208096666,25.885215534567124,26.30150476489025,13313.417459267212,0.014379339428152782,22.259778589106222,0.014680980960857015,0.01581441047574561,11.084384981024542,9.744920212532715
1.0909999999999906,2.38703820633276,25.90362035418609,26.337595371941337,13287.075713340491,0.014317904133165804,22.265782070292747,0.014778677236421012,0.01580716959427425,11.087318355350703,9.744254656589067
1.0919999999999905,2.3932182570048,25.920857225392908,26.37273622617529,13263.368142006442,0.014252815407332253,22.27176601153173,0.014874423360761835,0.015797319541304478,11.090258707667079,9.743596163327709
1.0929999999999904,2.399238035888526,25.94100995756539,26.408826833226385,13242.031327805798,0.014186332739969887,22.277587584494515,0.014967579507535078,0.01578672328513614,11.093117374474446,9.742958261577098
1.0939999999999903,2.405482611871985,25.97236778740957,26.444917440277468,13222.828195025219,0.01412163414093176,22.283591712412914,0.015058424485184352,0.01577457418073347,11.096026676521088,9.742296485649195
1.0949999999999902,2.411689152027182,26.002281646984436,26.48005829451143,13205.545375522697,0.014056692378456803,22.289574073052023,0.015147785960924587,0.01576144962168624,11.098940935647331,9.741641184657269
1.09599999999999,2.417734738169284,26.0338309278038,26.51614890156252,13189.990837970428,0.013992727688198425,22.29539625768433,0.015236034684343702,0.01574847028546872,11.101776154437362,9.741006559914133
1.09699999999999,2.424005987381793,26.075457307429282,26.552239508613606,13175.991754173387,0.013931774468986913,22.301404270907188,0.01532403940976973,0.01573464113764661,11.10466588481852,9.740348116229065
1.0979999999999899,2.430286256626331,26.11554931207089,26.587380362847565,13163.392578756047,0.013870912781102751,22.30743550673653,0.015412868014034797,0.01572029313659068,11.107581713304045,9.739691151688984
1.0989999999999898,2.436310598531257,26.15383788512499,26.623470969898655,13152.053320880443,0.013809854725749748,22.313225523817316,0.015502705667057415,0.01570611726926996,11.110389709570333,9.739066317121596
1.0999999999999897,2.44260861676958,26.204068576991446,26.659561576949745,13141.847988792399,0.013751102704962881,22.319238455237077,0.015593928327698403,0.01569074350929328,11.113260036065137,9.738412186969859
1.1009999999999895,2.448915687399588,26.250890412956828,26.6947024311837,13132.663189913159,0.013690564791667414,22.325281671513146,0.0156871223980668,0.015674078772532962,11.116165703678027,9.73775953493945
1.1019999999999894,2.455013206558049,26.296238878110675,26.73079303823479,13124.396870921842,0.013628220811485015,22.33112686026171,0.015781851512193468,0.01565740999074383,11.118984202308122,9.737133347828028
1.1029999999999893,2.461338130739561,26.351401740879957,26.765933892468748,13116.957183829658,0.013566369958892266,22.337157197115292,0.015877933706511305,0.01563925429549573,11.121853653540446,9.736482934285213
1.1039999999999892,2.467452965295676,26.399381650454927,26.802024499519835,13110.261465446692,0.013501176094155742,22.34301511632634,0.015975193424581924,0.01561912011153227,11.124668486513109,9.735858624456144
1.104999999999989,2.473795785548647,26.457126914731923,26.83716535375379,13104.235318902023,0.01343586116256762,22.349058245557337,0.016073098214778925,0.01559851003673135,11.127540724765975,9.735208905421342
1.105999999999989,2.479927976797101,26.507729339369913,26.873255960804883,13098.81178701182,0.013367392053605542,22.35492754884913,0.016171432550818432,0.015576387725979746,11.13035601815404,9.734585252830302
1.1069999999999889,2.486288735734533,26.56794653954588,26.90934656785597,13093.930608310638,0.013299215568916445,22.360982711724866,0.01626977949030195,0.015554002011865742,11.133228363208229,9.73393575901946
1.1079999999999888,2.492706171101346,26.6259332644671,26.944487422089924,13089.537547479575,0.013229199881031883,22.367107643385967,0.016368404335533604,0.015530745093897735,11.136147822899165,9.73328124531151
1.1089999999999887,2.498864653576172,26.67974371355148,26.980578029141018,13085.583792731617,0.013157314586070945,22.37299559055289,0.016466954687439028,0.015507485424949785,11.138969007851784,9.73265776704736
1.1099999999999886,2.505252584841962,26.743499250702758,27.015718883374973,13082.025413458456,0.013086924510399889,22.37906791661897,0.016565442856736057,0.015483111029288066,11.14183875174855,9.732008411964479
1.1109999999999884,2.51142852802511,26.79906912684633,27.051809490426063,13078.82287211261,0.013014329806639968,22.384968796112908,0.01666408727764629,0.015457069906031462,11.144656679577551,9.731384476381193
1.1119999999999883,2.517882215668841,26.864639085607372,27.086950344660018,13075.94058490135,0.012943026696940585,22.391101771308925,0.016762860227692578,0.01543135027744813,11.147554350611387,9.730728527587395
1.1129999999999882,2.524075701243812,26.92071157708309,27.123040951711108,13073.346526411215,0.01286945149130947,22.39702097267358,0.016861971000495635,0.015404993080910812,11.150384091975432,9.730104183816342
1.113999999999988,2.530499808680017,26.98692522227951,27.158181805945066,13071.011873770094,0.012797494816012,22.403124139869867,0.016961343193994782,0.015379098905077826,11.153266051153738,9.72945342581666
1.114999999999988,2.53675867010421,27.045936275969087,27.19332266017902,13068.910686393085,0.012723801120002542,22.409097362227968,0.017061285024867756,0.015352183369488348,11.156111340571966,9.728823175016885
1.115999999999988,2.542978387924322,27.107955951643877,27.229413267230107,13067.019617753776,0.012650308909595342,22.41501824846908,0.017161515456995735,0.015325203655150166,11.158919052522105,9.728197640874441
1.1169999999999878,2.549477519851987,27.17587138069741,27.264554121464066,13065.317655978399,0.012577469890624249,22.421191663614835,0.017262385632479282,0.015297406378077527,11.161828541108726,9.727540478941561
1.1179999999999877,2.555714884484596,27.23423639189746,27.300644728515156,13063.785890380559,0.012501904320048662,22.427149444808016,0.017363907532180867,0.015269549726008191,11.164673216408683,9.726914798010062
1.1189999999999876,2.562232335919367,27.303761197302588,27.335785582749104,13062.407301342504,0.012427851566073234,22.433335298930317,0.017466004805579305,0.01524219372201674,11.167587249005553,9.726257201804048
1.1199999999999875,2.568487389433594,27.3632887206126,27.371876189800194,13061.166571208254,0.012351174087982864,22.439306805537242,0.01756886165499061,0.015213474018452855,11.170432609375762,9.725631606077226
1.1209999999999873,2.575023203925503,27.43358625283939,27.407017044034156,13060.049914087429,0.012275666248905137,22.445508759730068,0.017672380993489223,0.015184757278786765,11.173351444434896,9.72497353356706
1.1219999999999872,2.581344105431735,27.494666765225368,27.44215789826811,13059.044922678686,0.012197425895042302,22.45154004147787,0.017776720945257063,0.01515470009876807,11.17622158266649,9.724341904060319
1.1229999999999871,2.58762565070655,27.559577232258565,27.478248505319204,13058.140430410818,0.012119088117741983,22.45751431542317,0.01788141249576941,0.015124346857110282,11.179047422092012,9.72371481970367
1.123999999999987,2.594188966431386,27.630071469104163,27.51338935955316,13057.326387369736,0.01204096834865509,22.46374444268675,0.01798670828700577,0.015092772223144313,11.181976636175703,9.723055647778406
1.124999999999987,2.600536545260104,27.69159402835543,27.548530213787114,13056.593748632762,0.011959912987435872,22.46980179941301,0.018092545633347223,0.015061170987560046,11.184860712365186,9.72242245367459
1.1259999999999868,2.606892956510601,27.75817281236922,27.5846208208382,13055.934373769485,0.01187925183074312,22.47584439949668,0.018198541006425872,0.015029890623571296,11.187715790468896,9.721788483693292
1.1269999999999867,2.613483912751247,27.828681842212216,27.619761675072162,13055.340936392537,0.011798774233436726,22.482103334326926,0.01830505354360651,0.014997548020278029,11.190660649592877,9.72112806702704
1.1279999999999866,2.619809942196029,27.89020222936636,27.65490252930611,13054.806842753283,0.011715707500531802,22.48814024792904,0.018412005581801894,0.014965060543585595,11.193534648848964,9.720499220780642
1.1289999999999865,2.62619315699919,27.95827424208302,27.690993136357203,13054.326158477956,0.0116335903517924,22.494203561545007,0.018519121786327475,0.014932440315306383,11.196392923993292,9.719863747529114
1.1299999999999863,2.63281181017248,28.02915481609084,27.726133990591162,13053.89354263016,0.011551449877400477,22.500489336545634,0.01862684294979805,0.014898669992495728,11.199349661357171,9.719201685424318
1.1309999999999862,2.639213069151471,28.0920669412886,27.761274844825113,13053.504188367144,0.01146685760816396,22.506595730277724,0.01873512762202484,0.014865189917424138,11.2022541536563,9.718565782700395
1.1319999999999861,2.645623223477257,28.159925383162165,27.796415699059068,13053.15376953043,0.011382892893134322,22.51268776282332,0.01884373910233028,0.014831749067890365,11.205128869411446,9.717929172886896
1.132999999999986,2.652042283576409,28.22722054299305,27.832506306110165,13052.838392577387,0.011298466927109785,22.518791539870136,0.018952804686214686,0.014796745829005087,11.208007275454108,9.717292067871426
1.133999999999986,2.658697976351764,28.29865195890315,27.86764716034412,13052.55455331965,0.0112138763067966,22.525112628665042,0.01906253673877656,0.014761715950822651,11.210981952948421,9.716627696996811
1.1349999999999858,2.665183815345246,28.36316920204652,27.902788014578068,13052.299097987685,0.011127036964521442,22.53129680756082,0.019172968604403373,0.014727041134377339,11.213919497657887,9.715984524872411
1.1359999999999857,2.671629983261345,28.430913891959303,27.93792886881203,13052.069188188916,0.011040379242289233,22.53742613256508,0.01928388311024304,0.014692327659765636,11.21681386290009,9.71534645910369
1.1369999999999856,2.678085099125104,28.499059825900616,27.973069723045985,13051.862269370025,0.010953362094761276,22.54356260115984,0.019395343045523983,0.014655932698575624,11.219705154446904,9.714707817856628
1.1379999999999855,2.684549173419765,28.56676134714794,28.009160330097078,12961.676042433022,0.010865410408878284,22.549710261834925,0.019507275003054825,0.014618707172964096,11.222605240136206,9.714068140334781
1.1389999999999854,2.691251379662091,28.46632909723237,28.044301184331033,12880.50843818972,0.010766327894450922,22.556432444315327,0.019618526846800155,0.014614596266743163,11.226091358953175,9.713272365410146
1.1399999999999852,2.697782545703463,28.35768226455584,28.079442038564988,12807.457594370748,0.010660711477633311,22.563067548178815,0.01972207279652416,0.014634576443908032,11.229665966559589,9.712506609602011
1.1409999999999851,2.704273887921195,28.273911014038035,28.114582892798943,12741.711834933672,0.010568683253647182,22.56958629528829,0.01982414013342282,0.0146545819077612,11.233106255236883,9.71175252239372
1.141999999999985,2.710823168198841,28.208312902998504,28.149723747032898,12682.540651440306,0.01048952412348142,22.57611370973648,0.01992826712311102,0.01466394805099086,11.23647852087342,9.71100282195627
1.142999999999985,2.71733256372656,28.15337486763713,28.184864601266856,12629.286586296275,0.010417435396594676,22.582583953305658,0.020036709164935163,0.014666799799354813,11.239800797879884,9.710268749664795
1.1439999999999848,2.723850981214923,28.110707170484428,28.22000545550081,12581.357927666648,0.010349870568570174,22.589034708036856,0.020151024511370963,0.014665915621452974,11.243088043943679,9.709545068486651
1.1449999999999847,2.730427491859368,28.07927176877936,28.256096062551897,12538.222134899983,0.010284284154167544,22.595516892413535,0.020272001328873857,0.014661356419985228,11.24636526453179,9.708826080657264
1.1459999999999846,2.737195226248702,28.05995117935893,28.29123691678586,12499.399921409984,0.010218158283995582,22.602156603980855,0.020399574858454617,0.014653575009896447,11.249691644276805,9.708095360837738
1.1469999999999845,2.743790249014125,28.04317598451133,28.326377771019814,12464.459929268985,0.01014750355580707,22.60863352592291,0.020532609290427384,0.01464244254165098,11.252943881436051,9.70739440488786
1.1479999999999844,2.750394418969827,28.03806483247716,28.361518625253762,12433.013936342088,0.010072857709944538,22.615083165173576,0.02066928940642293,0.014627323804331127,11.256145336392697,9.706699348113972
1.1489999999999843,2.756958520052576,28.03844646220256,28.396659479487724,12404.712542707879,0.009992085733226241,22.621484110488147,0.020807791389702457,0.014606848595359045,11.259308603515311,9.706014752066727
1.1499999999999841,2.763580975194851,28.04652822618579,28.43180033372168,12379.241288437091,0.009905201319632073,22.627922320907853,0.020946272796215137,0.014582260115317991,11.262472337990417,9.70532732365629
1.150999999999984,2.770212609666081,28.059272883654856,28.466941187955634,12356.317159593382,0.009812236745728509,22.63436172203945,0.021083265797156914,0.014554403506809255,11.26563023448439,9.70464251413891
1.151999999999984,2.776804083300618,28.07645805653742,28.50208204218959,12335.685443634044,0.009714460923140267,22.64075257431837,0.02121767384118628,0.014524100686637453,11.26875654938215,9.703965214213426
1.1529999999999838,2.783454067235465,28.100132139013475,28.53722289642355,12317.116899270639,0.00961383672190258,22.64718226892016,0.021349042359938453,0.014491635359026311,11.271883943054597,9.703283283274994
1.1539999999999837,2.790113262741874,28.127024199268607,28.572363750657505,12300.405209343575,0.009511124650657288,22.65361623176529,0.0214774805010452,0.014457449747561246,11.275009453862431,9.702602422901718
1.1549999999999836,2.796781680602144,28.157904483196976,28.607504604891453,12285.364688409218,0.009407839947284002,22.66004965391912,0.02160343464094805,0.014422323748011723,11.278127250281747,9.701922446648013
1.1559999999999835,2.803459331610182,28.19234003495844,28.642645459125415,12271.828219568297,0.00930504217852618,22.666483679537535,0.0217276644908464,0.014386396559777914,11.281237291099474,9.701243587043312
1.1569999999999834,2.81014622657153,28.229923970094283,28.676836560542238,12259.645397611468,0.00920331534503599,22.67291943562512,0.02185105982014174,0.014349888887965845,11.284341258929626,9.700565919170176
1.1579999999999833,2.816607656963092,28.265952741021625,28.71197741477619,12248.680857850322,0.009102297713734886,22.679144305498927,0.021974200553377732,0.014312573492761493,11.287350019447263,9.69991675986179
1.1589999999999832,2.823312776695647,28.312626794377827,28.747118269010148,12238.81277206529,0.00900432406594004,22.685567285824963,0.02209780006756168,0.014274654234505357,11.290415813868496,9.699240500831191
1.159999999999983,2.830027172537032,28.356726180160198,28.7822591232441,12229.931494858762,0.008906078343999202,22.692017896507622,0.0222226067260477,0.014236361997851166,11.293513403103367,9.698566320457216
1.160999999999983,2.836750855339055,28.403703726757126,28.817399977478058,12221.938345372886,0.008808303589656119,22.698468958626144,0.02234887753206155,0.014199184544494092,11.296607749894852,9.697893587686355
1.1619999999999828,2.843483835965219,28.453025604252907,28.852540831712012,12214.744510835597,0.008710775944162974,22.704922532282446,0.022476874636843724,0.014161633115326366,11.29969423904017,9.69722283691743
1.1629999999999827,2.850226125290712,28.50413338129442,28.887681685945967,12208.270059752038,0.00861269892330141,22.711380902407665,0.02260668561414053,0.014122981619080821,11.302777457184002,9.696553433160236
1.1639999999999826,2.85697773420244,28.556786377494824,28.921872787362794,12202.443053776835,0.008513400195481136,22.717844843441256,0.022738208551137007,0.014082961031353036,11.305859687402652,9.695885112303833
1.1649999999999825,2.863551777581379,28.60736586571732,28.957013641596742,12197.198748399152,0.008411960982884492,22.724144729386015,0.022870951747611667,0.01404116191053767,11.308869553638498,9.695239317629744
1.1659999999999824,2.870321802362065,28.665666447788446,28.99215449583071,12192.478873559237,0.008310019163601357,22.730605941608992,0.023004549397883545,0.013997762405298042,11.311927942828211,9.694571339347178
1.1669999999999823,2.877101179161871,28.72124149201092,29.02729535006466,12188.230986203314,0.00820512087367653,22.73709267134584,0.023138772332743973,0.013953097279926385,11.315014749997903,9.693904236473749
1.1679999999999822,2.883939934928326,28.779432545757334,29.06243620429862,12184.407887582984,0.0080984843345846,22.74362855816324,0.023273308065043852,0.013908670349212393,11.318121293509437,9.693231438116182
1.168999999999982,2.890738090585893,28.837223747890786,29.096627305715437,12180.967098824685,0.007990106767206795,22.75012807601535,0.023408034939625844,0.013863549264211794,11.32121148420848,9.692565201688133
1.169999999999982,2.897357457986248,28.893481779353305,29.13176815994939,12177.870388942218,0.007880285367497852,22.75645829174723,0.023542650187376724,0.01381706113112341,11.324222008431253,9.691920554034569
1.1709999999999818,2.90417413689529,28.956832209836687,29.16690901418336,12175.083350047997,0.0077708307859341574,22.76295296182499,0.0236771903945297,0.013769051906795782,11.327283552766488,9.691252716399898
1.1719999999999817,2.911000222344495,29.016886381346026,29.201100115600173,12172.575015043198,0.007659486008075644,22.769474885568865,0.023811825755061244,0.01372016899955708,11.330376759048745,9.690585138044108
1.1729999999999816,2.91764678585649,29.07469704978618,29.236240969834128,12170.317513538877,0.007547048989976879,22.775829748894925,0.023946322677951437,0.013671661234271937,11.333399631601132,9.689939203979218
1.1739999999999815,2.924541725289796,29.140910791155413,29.271381824068083,12168.28576218499,0.007436008706144026,22.782393235928026,0.024080949314455424,0.01362288868587469,11.33648892718196,9.689264595707158
1.1749999999999814,2.931395879886427,29.202058252884942,29.305572925484906,12166.457185966492,0.0073233748706657,22.78894200880523,0.024216061536779465,0.01357368096497874,11.339594785321328,9.688596640498233
1.1759999999999813,2.938069775208487,29.261835838147675,29.34071377971886,12164.811467369844,0.007210255605829385,22.795318297867652,0.02435153357020614,0.013524834921025797,11.342622782405687,9.687950327268311
1.1769999999999812,2.944992974107678,29.329723749360063,29.375854633952816,12163.33032063286,0.007098585554339176,22.801905195546198,0.024487707705513784,0.013475179659522885,11.34571815273055,9.687275334248532
1.177999999999981,2.951875295512248,29.392300907141117,29.410045735369643,12161.997288569575,0.006985047897836494,22.80847816429162,0.024624867497748004,0.013424773297935455,11.34883173447544,9.686607057495346
1.178999999999981,2.958576617740786,29.453374599853916,29.44518658960359,12160.797559712619,0.006870630462121774,22.814878271366346,0.02476276201694627,0.013374550002749397,11.3518677467094,9.685960590012497
1.1799999999999808,2.965528174287591,29.522492015899566,29.479377691020414,12159.717803741358,0.006757207718214753,22.82148997718699,0.024901591641191767,0.013323405642967023,11.354971578604266,9.685285342804487
1.1809999999999807,2.972247763413166,29.582626569693083,29.514518545254376,12158.746023367223,0.006641028636044766,22.827914343191026,0.025041220109109752,0.01327108033533414,11.35802048071111,9.684638937061397
1.1819999999999806,2.979218206603859,29.652238435951173,29.548709646671195,12157.8714210305,0.00652562575940191,22.834543807360667,0.025181609134249106,0.013219096544011877,11.361134640801975,9.683962808811366
1.1829999999999805,2.985956104773879,29.713024405875057,29.58385050090515,12157.08427892745,0.006407586006972887,22.840984450013334,0.025322622546929796,0.013165966823998343,11.364189685774427,9.68331608702101
1.1839999999999804,2.992945478122949,29.783252343891114,29.618041602321966,12156.375851034705,0.0062903417656874905,22.84763087510585,0.025464255131461555,0.013113084231045069,11.36730978748517,9.682639393365605
1.1849999999999803,2.999701727574365,29.844564287233382,29.65318245655593,12155.738265931235,0.006170473552251976,22.85408824250762,0.025606396391507524,0.013058997487695623,11.370371167558176,9.681992087792713
1.1859999999999802,3.006710074688677,29.91529959839034,29.68737355797275,12155.164439338112,0.0060514587255670604,22.860752015512134,0.025749099267742548,0.013005108218743566,11.373498099580683,9.681314655527585
1.18699999999998,3.013484717748158,29.977064747537746,29.722514412206706,12154.6479954043,0.005929893766920602,22.867226334841053,0.025892286689440713,0.012950000241704285,11.376566263948462,9.680666690219136
1.18799999999998,3.020512082327126,30.04824948800566,29.75670551362352,12154.18319586387,0.005809259749948892,22.873907629159586,0.026036056383679396,0.012895114554758225,11.379700237612402,9.679988490919627
1.1889999999999799,3.027305161411241,30.110414741588322,29.79184636785748,12153.764876277484,0.005686142827205087,22.88039906337464,0.026180351239140254,0.012839050607960922,11.382775350901364,9.679339866479715
1.1899999999999797,3.034351587247027,30.182000035846666,29.826037469274304,12153.388388649737,0.005564015424835811,22.887098036503183,0.026325298266677344,0.01278324911787837,11.385916520197705,9.678660919369012
1.1909999999999796,3.041163144862436,30.24452103568084,29.86022857069113,12153.049549784764,0.00543944366359278,22.893606731562173,0.026470839583527583,0.012726298399809377,11.388998716993212,9.678011666678062
1.1919999999999795,3.048034829847015,30.31285362761361,29.895369424925086,12152.744594806289,0.00531546620248452,22.900147297845415,0.026616829046691937,0.012669275559844873,11.392072679109601,9.677354453096704
1.1929999999999794,3.055109818682554,30.383318113984878,29.929560526341902,12152.47013532566,0.00519106767287042,22.906880982471865,0.026763566385805848,0.012611374406733267,11.395232489944217,9.676674682126665
1.1939999999999793,3.061949066278859,30.446148607727604,29.96375162775873,12152.223121793095,0.005064296914320643,22.91341648476768,0.026910852886498915,0.01255358518781341,11.39832945049907,9.676023914774731
1.1949999999999792,3.068848598978564,30.51500193302106,29.998892481992684,12067.000809613786,0.004938375218797586,22.9199829109567,0.02705860542206584,0.012495763178350827,11.401414166327463,9.675365692117595
1.195999999999979,3.075952249064645,30.39903483289684,30.033083583409496,11990.300728652408,0.004799935351544937,22.92715800833236,0.027207648362083503,0.012472698746054167,11.405135010003933,9.674536505725179
1.196999999999979,3.082870514386383,30.274086552967407,30.06727468482632,11921.270655787168,0.004654733801765509,22.934240958980237,0.02734980932300546,0.012477058331145152,11.40896220998868,9.673743714787859
1.1979999999999789,3.08974675820383,30.17619750681433,30.101465786243143,11859.143590208452,0.004526308147377867,22.941194599353036,0.027493082643535505,0.012481044881210657,11.41264162961819,9.672963878841294
1.1989999999999787,3.096683497604809,30.098126963162763,30.136606640477105,11803.229231187608,0.00441368537086112,22.94815194694278,0.027641232774414104,0.012472736441536125,11.416239021287748,9.672190706419393
1.1999999999999786,3.103825441306454,30.03636524331644,30.170797741893924,11752.906308068848,0.004310689381737398,22.95527070479247,0.02779669024254139,0.012457518387516908,11.419873621226573,9.671407232450152
1.2009999999999785,3.110780999048458,29.980404684313655,30.204988843310744,11707.615677261963,0.004211995196762575,22.962207511284944,0.027960696446873545,0.012438631748674489,11.423424183526876,9.670661130222165
1.2019999999999784,3.117745851864269,29.940023022185372,30.23917994472756,11666.854109535767,0.004117262637429453,22.969106016510835,0.028133346448628915,0.012415987314291499,11.426910354198725,9.669926828445659
1.2029999999999783,3.124668525049421,29.90844612188544,30.27337104614439,11630.16869858219,0.004022114103484964,22.975945333586584,0.02831350138012012,0.012387900617766234,11.430344185065573,9.669209400040454
1.2039999999999782,3.131651957591669,29.88761624995595,30.307562147561217,11597.151828723972,0.003923702911551807,22.982816011789243,0.02849902938804838,0.012355309352364285,11.433767058519358,9.668493636874427
1.204999999999978,3.138644716846203,29.87410484806087,30.342703001795172,11567.436645851576,0.0038192058067533785,22.98968126285468,0.028687351303236075,0.01231860275912161,11.437173769886394,9.66778455404162
1.205999999999978,3.145895929579366,29.87294745396245,30.37689410321199,11540.692981266418,0.003708127492023261,22.99676286497906,0.02887624888557916,0.012278698355636775,11.440653744841999,9.667051260212226
1.2069999999999779,3.152907678342538,29.870316752715315,30.411085204628815,11516.623683139776,0.0035877214163950177,23.003630070929802,0.02906353876078216,0.012235209051734697,11.444049246186912,9.66635247124435
1.2079999999999778,3.159928785921273,29.87914012456509,30.44527630604564,11494.9613148258,0.003461532917651222,23.010465100469215,0.02924761565218542,0.012188027755015707,11.447389846891674,9.66565483379226
1.2089999999999776,3.166907523555769,29.891848546102956,30.479467407462458,11475.46518334322,0.0033290406341433543,23.01725255599235,0.029427590231337286,0.01213567584260844,11.450696346477725,9.664964980423928
1.2099999999999775,3.173947338336817,29.91093615623635,30.513658508879274,11457.918665008898,0.00319173938624151,23.024081985813318,0.029603112882106375,0.012080046400275768,11.454010155484283,9.66426918705029
1.2109999999999774,3.180996543771897,29.933478935059888,30.5478496102961,11442.126798508009,0.003050766572267105,23.030915099323757,0.0297743894483134,0.01202238096850533,11.457323274516575,9.663574563148295
1.2119999999999773,3.188107016823133,29.961313467229076,30.582040711712917,11427.914118657209,0.0029082174264057903,23.03779338212856,0.029942150564270853,0.011963913626888145,11.460647031158286,9.662874858432458
1.2129999999999772,3.195175077900362,29.99125803813479,30.616231813129744,11415.122706791488,0.002765073068206836,23.04462808740761,0.030107398334516255,0.0119048787430312,11.46394809028105,9.662182869596265
1.213999999999977,3.202252561639258,30.025701085527402,30.650422914546567,11403.61043611234,0.0026229906708349904,23.051458068961704,0.030271290414969954,0.011845454700609215,11.467233885889344,9.661491960559136
1.214999999999977,3.2093394787198,30.06304626662589,30.68461401596339,11393.249392501106,0.0024822635545725946,23.058290526180553,0.030434980886502816,0.011785431367095867,11.470513651239752,9.660802685262293
1.2159999999999769,3.216435839833135,30.103073650865966,30.717855364563068,11383.924453250995,0.002342994364952944,23.06512582418232,0.030599425960409377,0.01172514673042363,11.473789479206411,9.660115087741673
1.2169999999999768,3.223289173558716,30.141039719951166,30.75204646597989,11375.532007925896,0.0022045967530154864,23.071734649169656,0.030764953021929442,0.011664228417193223,11.476964415186046,9.659458740938629
1.2179999999999767,3.230456266815035,30.19079027318083,30.786237567396718,11367.978807133308,0.0020691840041299203,23.078603416993992,0.030932126611891764,0.011602979474713004,11.480219923457343,9.658766632830893
1.2189999999999765,3.237580758547309,30.235558357730696,30.82042866881354,11361.180926419976,0.0019324390601234698,23.08545984349677,0.031101146240402278,0.011541371027443348,11.48349769817292,9.658084158159726
1.2199999999999764,3.244714736888501,30.28409179655203,30.854619770230364,11355.06283377798,0.001795832794340868,23.09231135380228,0.03127193343082424,0.011480855162236903,11.48676539328261,9.65740275239391
1.2209999999999763,3.251910460414936,30.335568288740667,30.888810871647184,11349.556550400182,0.0016589407433659775,23.09921386987542,0.03144452389508312,0.011419597395002423,11.490044942540141,9.656717328011055
1.2219999999999762,3.259063486920738,30.38677753110385,30.922052220246872,11344.600895360165,0.001520384916802453,23.106078758564692,0.03161871925444615,0.011357026394081371,11.49330926271645,9.656039460974174
1.222999999999976,3.266024036781862,30.43678583972822,30.95624332166369,11340.140805824149,0.0013799242859661165,23.112760518303794,0.03179391962729389,0.011292553512068093,11.496488090916461,9.655385608799163
1.223999999999976,3.273195844668808,30.494725883235418,30.990434423080508,11336.126725241735,0.0012388686653033165,23.119616480993656,0.031969857659361334,0.01122602602568512,11.499718445267542,9.6547070837149
1.2249999999999759,3.280429610374286,30.55043912070746,31.02462552449734,11332.51405271756,0.0010945084668518845,23.126548446332883,0.032146268983214266,0.011158105619591907,11.503001469370554,9.654023862355018
1.2259999999999758,3.287673012738748,30.607000631539357,31.057866873097026,11329.262647445805,0.0009477015373023923,23.133488279788814,0.03232291183857805,0.01109049493861436,11.50629262953283,9.653341136384563
1.2269999999999757,3.294617996026748,30.659603489019034,31.092057974513853,11326.336382701225,0.000798741962513505,23.14015182814308,0.03249930714179172,0.011021737585045488,11.509460508089573,9.652694998527396
1.2279999999999756,3.301880349040597,30.72366045203173,31.126249075930662,11323.702744431102,0.0006505890697275363,23.147076850129178,0.032675663766089436,0.010951519998275983,11.512705518589687,9.65201034960848
1.2289999999999754,3.3091523711297,30.78203698096596,31.159490424530357,11321.332469987992,0.0004993464692649163,23.154042132794054,0.03285212019122924,0.010880020550640246,11.515999616018693,9.651327509959042
1.2299999999999753,3.316124951475633,30.83651380890538,31.193681525947177,11319.199222989193,0.00034644165047470477,23.1607292749299,0.03302832375585746,0.01080886506220724,11.519178345543528,9.650680341855596
1.2309999999999752,3.323415988034117,30.902686728184673,31.22692287454687,11317.279300690274,0.0001954343551776594,23.167677197381387,0.033204720284392086,0.010737063292015736,11.522430849497434,9.649995163935486
1.2319999999999751,3.330459617894165,30.958425278891617,31.26111397596369,11315.551370621246,4.1769017428305855e-05,23.174431784768156,0.03338120653758608,0.010663903708464595,11.525632479998398,9.649341857869263
1.232999999999975,3.337769754408532,31.02437003473878,31.29530507738051,11313.99623355912,-0.00011050706325543835,23.181402518968493,0.03355813446751438,0.010591728562587888,11.52890334353002,9.64865595443168
1.233999999999975,3.345089614158629,31.085991042157612,31.3285464259802,11312.596610203209,-0.00026425755553188823,23.18840596728532,0.033735878471593594,0.010519210376951638,11.532209138522552,9.64797264498385
1.2349999999999748,3.352161166175291,31.14431362685036,31.362737527397027,11311.336949182889,-0.00041882028132744775,23.195178722533033,0.03391433222216189,0.010446962686711025,11.535417182264306,9.647319339711427
1.2359999999999747,3.359500190205555,31.212246784837095,31.395978875996715,11310.203254264601,-0.0005717643027414732,23.20217121656185,0.034093955648807406,0.01037388419827745,11.538688049200326,9.646634418793344
1.2369999999999746,3.366590307412137,31.270545599597803,31.429220224596403,11309.182928838141,-0.0007273048037722551,23.20896429427139,0.03427452890415461,0.010299133204972222,11.541900846619331,9.645981487160707
1.2379999999999745,3.373689569819508,31.334085260522542,31.46341132601322,11308.264635954327,-0.0008823582985860168,23.215740685730875,0.03445582347516468,0.010224188905028853,11.545084570820386,9.64532596291106
1.2389999999999743,3.381057262370065,31.401777088774168,31.496652674612907,11307.438172358894,-0.0010376757887621824,23.22276520222306,0.03463804196884618,0.010148384470368033,11.548371351534918,9.644640292983768
1.2399999999999742,3.388175151894844,31.46055548969061,31.530843776029734,11306.694355123005,-0.001195877081652863,23.22958559758929,0.034820765169886525,0.010072714038742547,11.551600417288444,9.64398635535758
1.2409999999999741,3.395615214227791,31.53065023139859,31.564085124629415,11306.024919610705,-0.0013528640652218371,23.236671510467563,0.035004367535346914,0.009997955456641727,11.554914124780915,9.643293930003447
1.241999999999974,3.40275181466466,31.589609877634196,31.597326473229103,11305.422427649635,-0.0015128067236628295,23.243510720092495,0.035188615159561065,0.009921905734491254,11.558149883887477,9.64264096054993
1.242999999999974,3.409897611365757,31.654907753434827,31.631517574645926,11304.880184884672,-0.0016720533527636583,23.250327443407272,0.03537342690036893,0.009845399105289143,11.561346868603378,9.641984775564717
1.2439999999999738,3.417366673229705,31.72504040956011,31.664758923245614,11304.392166396205,-0.001831673979894366,23.257443425635184,0.03555921836965015,0.009767409495626045,11.564668503853412,9.641291993927739
1.2449999999999737,3.424531243258655,31.784192999624267,31.69800027184531,11303.952949756584,-0.001994815182578824,23.264310820500285,0.03574560149852324,0.009689141854161365,11.567920357748301,9.64063774393162
1.2459999999999736,3.431705040264423,31.85006936553018,31.732191373262133,11303.557654780925,-0.0021570795331870563,23.271153687334643,0.035932508925972606,0.009610969503849431,11.571129403125452,9.639980921499927
1.2469999999999735,3.439203198180408,31.92085720360479,31.76543272186181,11303.201889302833,-0.0023195566029095005,23.27829641980863,0.03612039717859761,0.009531564879794119,11.574461362128751,9.639287426886144
1.2479999999999734,3.446395831121885,31.980578693247157,31.798674070461498,11302.881700372549,-0.002485440025213781,23.28518987521427,0.03630889794762443,0.009452008136792034,11.577723288505172,9.638632583549992
1.2489999999999732,3.453651161443935,32.04796488047783,31.83191541906119,11252.593530335294,-0.0026502369937775327,23.29210744806055,0.03649809673074056,0.009372643898279354,11.580963136945389,9.637968883583715
1.2499999999999731,3.460862362578999,31.98862417152938,31.865156767660874,11207.334177301766,-0.0028241789364905068,23.299288787083206,0.03668958034105502,0.009315211552724634,11.584569062813866,9.637207761329014
1.250999999999973,3.468136366423576,31.928933658586402,31.899347869077697,11166.60075957159,-0.0030013885255783523,23.306566968470598,0.03687750578404453,0.009276716007655339,11.588304402572657,9.636450652364971
1.251999999999973,3.475683076801906,31.88901655491162,31.932589217677386,11129.94068361443,-0.003166786718301895,23.31404778588399,0.03706844286095551,0.009238363342277733,11.59208174915927,9.635669103511821
1.2529999999999728,3.482922538952567,31.852083422432006,31.965830566277074,11096.946615252988,-0.003322745718408182,23.321233275657693,0.037264692368718044,0.00919262232839102,11.595703606611263,9.634936994265766
1.2539999999999727,3.490224963699007,31.832116258139447,31.99907191487676,11067.25195372769,-0.003469403026610862,23.32841962306222,0.03746782028991397,0.009141894882010226,11.599261833534507,9.634205688514056
1.2549999999999726,3.497536793085247,31.81851350595381,32.032313263476446,11040.526758354921,-0.0036118526941296136,23.335604776755606,0.03767847538812036,0.00908634206981318,11.602803883537694,9.633484843995667
1.2559999999999725,3.504858037445435,31.81220776678282,32.065554612076134,11016.47408251943,-0.003752446600251813,23.342781834029395,0.03789625049343709,0.009027821183953955,11.606330777771952,9.632772341946817
1.2569999999999724,3.512188707124216,31.81288532431701,32.09879596067582,10994.826674267486,-0.0038932234048241754,23.349950389584762,0.038119810203283255,0.008966613327413275,11.60983739587956,9.632067676048461
1.2579999999999723,3.519528812476721,31.81989265548679,32.13203730927551,10975.344006840738,-0.004036389135741836,23.357111998939853,0.03834721252173934,0.008902728725275144,11.613324386218812,9.631368939735946
1.2589999999999721,3.526878363868581,31.832583224053042,32.165278657875206,10957.809606156665,-0.004183791549907279,23.36426836788807,0.03857629167313814,0.008836103954506014,11.616794685389198,9.630674398824429
1.259999999999972,3.534237371675957,31.850395028461804,32.198520006474894,10942.028645540999,-0.004336605051118381,23.371420937361698,0.03880501621816629,0.008766602304278226,11.620251038813528,9.629982677542
1.260999999999972,3.541605846285517,31.872834784271582,32.23176135507458,10927.8257809869,-0.00449532194608826,23.378570946490374,0.039031727547524875,0.008694176366869422,11.62369569583328,9.62929276221434
1.2619999999999718,3.548983798094474,31.899458938770067,32.26500270367427,10915.04320288821,-0.004659843273044972,23.385719512046645,0.03925528654827054,0.008618939373152612,11.627130565807102,9.62860394703129
1.2629999999999717,3.556371237510589,31.92986596554716,32.29729429945682,10903.538882599389,-0.004829596331030028,23.39286765287511,0.03947512692112337,0.008541149443757168,11.630557277405664,9.627915782604646
1.2639999999999716,3.563501076853108,31.958951247426832,32.33053564805651,10893.18499433945,-0.005004006792107718,23.399773479552003,0.039690741788289574,0.008460625436101044,11.633875132307208,9.627259091535397
1.2649999999999715,3.570907206742298,32.0001103144843,32.3637769966562,10883.866494905506,-0.005179663438465598,23.406901268214213,0.039902729121169656,0.008378170854169309,11.637254943929507,9.62656860801302
1.2659999999999714,3.57832285519176,32.038465502448965,32.39701834525589,10875.479845414955,-0.005358874288522164,23.414060005786734,0.04011168129989601,0.008294438696831774,11.640671425743136,9.625880697843533
1.2669999999999713,3.585802241628877,32.081150040289074,32.430259693855575,10867.93186087346,-0.005538981469857207,23.421266549053527,0.04031866621364216,0.008211656552732871,11.644105687792761,9.625186750438225
1.2679999999999712,3.593237001625326,32.12480193721251,32.46255128963813,10861.138674786114,-0.005719243855985656,23.428429129296152,0.04052483891582215,0.008128760919397904,11.647516195699044,9.6245014425
1.268999999999971,3.600412639232664,32.16697283377103,32.49579263823782,10855.024807307504,-0.005899051654600251,23.435345207028007,0.04073087444284745,0.008044746873739128,11.650810684272097,9.623848132583408
1.269999999999971,3.607920529041015,32.220812043218814,32.529033986837504,10849.522326576753,-0.006076324908745323,23.442538061748657,0.04093799268124659,0.007959707684405515,11.654191590544412,9.623155538431437
1.2709999999999708,3.615383695584214,32.26877327711395,32.56132558262006,10844.570093919077,-0.006255138920411962,23.449720651473733,0.04114661301443856,0.007874046894300213,11.657600173457945,9.622473504155359
1.2719999999999707,3.622641248222898,32.31643109208018,32.594566931219745,10840.11308452717,-0.00643362795770458,23.45670288392517,0.04135675690980417,0.007789161759765517,11.660918211085434,9.621817177970819
1.2729999999999706,3.63012331215192,32.373056000924734,32.62780827981943,10836.101776074453,-0.006610176625237385,23.46386677468233,0.041568873140315044,0.00770378246565806,11.664282601883857,9.621135566922502
1.2739999999999705,3.637669486657404,32.42737409971439,32.66009987560199,10832.491598467008,-0.006788229707731297,23.471109753734805,0.04178296184927016,0.007617785425753976,11.667699692559705,9.620450554855685
1.2749999999999704,3.644954792638179,32.47781811659748,32.693341224201674,10829.242438620307,-0.006967731171324598,23.478114525402624,0.04199847175877813,0.007531816604829433,11.671021903111127,9.619798382244726
1.2759999999999703,3.652465460849917,32.53809968224614,32.725632819984234,10826.318194758276,-0.007146206788837428,23.485296403711065,0.04221552231124587,0.007444983732875332,11.67438550391758,9.619119518410228
1.2769999999999702,3.659769201740373,32.590855360958486,32.758874168583915,10823.686375282448,-0.007327519959411832,23.4923123340817,0.042433346975051356,0.007356175456195824,11.677698578026243,9.618468461729906
1.27799999999997,3.667353549732935,32.653270357339764,32.79116576436647,10821.317737754203,-0.007508964177688371,23.499561143004584,0.04265200083592402,0.00726734047176808,11.681090858026764,9.617783161791419
1.27899999999997,3.674621085781581,32.705658294809304,32.824407112966156,10819.185963978784,-0.007693804219321532,23.50654658984669,0.04287064926241835,0.0071771421675119185,11.684395735973714,9.617139341893019
1.2799999999999698,3.682224560694634,32.77075224402158,32.856698708748716,10817.267367580906,-0.007877927684944719,23.51380414486193,0.043089664132721306,0.007087060089117803,11.687782776921896,9.61645352225977
1.2809999999999697,3.689565333399779,32.825319594544,32.889940057348404,10815.540630822816,-0.008065555806004154,23.520854714727488,0.04330846748514944,0.006995451156598054,11.691111390466105,9.615803273860571
1.2819999999999696,3.69718802009348,32.890710394396905,32.92223165313096,10813.986567740534,-0.0082527353841097,23.528132773294246,0.04352760427551944,0.006904225261060104,11.694510841465362,9.615117584245382
1.2829999999999695,3.704547389995672,32.94667369859716,32.95452324891351,10812.58791096648,-0.008442798980421218,23.535197281389276,0.043746728009445845,0.0068115598375782516,11.69784282061418,9.614467261055681
1.2839999999999694,3.711915917045402,33.00839882441536,32.9877645975132,10811.329119869832,-0.008632408340132736,23.54224227024411,0.04396600139853274,0.00671840738540852,11.701140966118338,9.613813310583566
1.2849999999999693,3.719567337361991,33.07450767982039,33.02005619329575,10810.19620788285,-0.00882251509955917,23.549548570349046,0.04418590557570434,0.006624229941293913,11.704546865352778,9.613127691458642
1.2859999999999692,3.726954521696804,33.131359016464366,33.052347789078304,10809.176587094564,-0.009015480130863063,23.55663926780842,0.04440609617116936,0.006529926773868933,11.707892551251408,9.612476314415403
1.286999999999969,3.73435089278165,33.19428694736119,33.08558913767799,10808.258928385108,-0.00920740442004675,23.563708549326787,0.04462681511087879,0.006435809023449868,11.711200425178074,9.611822177488904
1.287999999999969,3.742031139450883,33.26160410986821,33.117880733460545,10807.433035546597,-0.00939943079697192,23.571039834248452,0.04484860668578444,0.006340836328589228,11.714614428697296,9.611136400754624
1.2889999999999688,3.749501378712705,33.320500628943556,33.1501723292431,10806.689731991937,-0.00959409964728919,23.578205215476487,0.04507120418118837,0.006245847441781249,11.717989205932275,9.610478688166125
1.2899999999999687,3.756925726353443,33.38354454202344,33.18246392502566,10806.020758792743,-0.009788101101682767,23.585303836812926,0.04529476915843955,0.006150920599322873,11.721312564721917,9.609825369086685
1.2909999999999686,3.764359300277117,33.44719610498994,33.21475552080821,10805.418682913469,-0.009982255368734483,23.592409019911806,0.045519273174647046,0.006054358516704883,11.724628871707747,9.609171881124489
1.2919999999999685,3.771802110302561,33.51043798504516,33.247996869407906,10804.876814622123,-0.010177333551037837,23.599526030566494,0.04574449688622362,0.0059570152290794876,11.727954470483942,9.60851748389627
1.2929999999999684,3.779585756224964,33.57961406331999,33.28028846519046,10804.389133159912,-0.010372892469295236,23.606953814780123,0.04597090924967007,0.005860339601968856,11.731413376290249,9.607824209337966
1.2939999999999683,3.78704742697236,33.63788785084723,33.312580060973005,10803.95021984392,-0.010571379511261247,23.614116237480033,0.0461980269612175,0.005763959911562533,11.734791525876888,9.60717366390221
1.2949999999999682,3.794573771442481,33.70434351574389,33.34487165675556,10803.555197859529,-0.010768532291458965,23.621301429016373,0.04642626917121234,0.005667606540184444,11.738142452082762,9.606513215557536
1.295999999999968,3.802054026754556,33.76809994311134,33.37716325253812,10803.199678073575,-0.010966844922254526,23.62845471403021,0.04665546515088398,0.00556908270928641,11.741480957392632,9.605860309816025
1.296999999999968,3.80959906110264,33.833567441831306,33.409454848320664,10802.879710266217,-0.011166120625902443,23.635664258401295,0.0468855700132495,0.005469778308552775,11.744843725500807,9.605199156064307
1.2979999999999678,3.81709794058173,33.897081627695385,33.441746444103224,10802.591739239597,-0.01136680931780193,23.64283797052646,0.047116306530976926,0.005369957184224505,11.748198223499442,9.604545082577225
1.2989999999999677,3.824661704581138,33.962844101701435,33.47403803988578,10802.332565315637,-0.01156801759905357,23.65006521386651,0.047347700515096236,0.005270117282102471,11.751569858187516,9.603883577346505
1.2999999999999676,3.83223486979221,34.02771035435423,33.50632963566833,10802.099308784074,-0.011770333337045968,23.657306701161136,0.047579691601373875,0.005170139981814037,11.754951844463731,9.603222623998313
1.3009999999999675,3.839761781409932,34.09192768014617,33.538621231450875,10741.889377905667,-0.011973475067740269,23.664505460374375,0.04781224387715299,0.005070040211271332,11.758315886103402,9.602567833597396
1.3019999999999674,3.847353736112288,33.992513366285365,33.56996307441631,10687.7004401151,-0.012187689976757399,23.67216847730994,0.04804964796799366,0.005000895567259467,11.762211159371851,9.601761043837458
1.3029999999999673,3.854675667658835,33.88393125919839,33.60225467019886,10638.930396103591,-0.012406194209865162,23.679652253495306,0.048282922437636544,0.00495770889570496,11.766159964668198,9.601007228103768
1.3039999999999672,3.862286173995339,33.80655663946227,33.63454626598141,10595.037356493232,-0.012605189349858659,23.68730374666021,0.04852192325503424,0.004913397681904963,11.770086178946123,9.600225172199249
1.304999999999967,3.869906131309076,33.74038058847347,33.666837861763966,10555.53362084391,-0.012788836961050598,23.694943054714276,0.0487699477640281,0.004858173863518944,11.773958277560238,9.599460845239246
1.305999999999967,3.877535549654823,33.68782418530439,33.69912945754652,10519.980258759519,-0.012961261980794447,23.70255376609326,0.04902894247521711,0.004797441627433785,11.777780249795079,9.598709693552847
1.3069999999999669,3.885174439097252,33.64686080916364,33.73047130051193,10487.982232883567,-0.01312605893119817,23.71014296498233,0.049299686478341986,0.0047328768988955106,11.781561725018003,9.597973866694238
1.3079999999999667,3.892541758527975,33.6112222736713,33.76276289629449,10459.18400959521,-0.013286844419755084,23.71745923165185,0.049580975184139675,0.004663700551595262,11.785202312848984,9.59728417286655
1.3089999999999666,3.900199297908813,33.59421109720194,33.79505449207704,10433.26560863569,-0.01344510909749208,23.724992227602655,0.04987108384415939,0.004590245563559026,11.788883352098592,9.596569137158987
1.3099999999999665,3.90786633830941,33.5796554222412,33.82639633504247,10409.93904777212,-0.013607916196720526,23.73254336893309,0.05016663317606507,0.004512697716002323,11.792581028484143,9.59586574563588
1.3109999999999664,3.915260880975528,33.56861467434623,33.85868793082502,10388.94514299491,-0.013776579132263156,23.739822900631815,0.05046373273597049,0.004432053354118004,11.796148929545467,9.595200606677615
1.3119999999999663,3.922946630267692,33.57432812721294,33.89002977379044,10370.050628695419,-0.013950452632289223,23.74732319374798,0.050759755895631475,0.004347598395488095,11.79975968248132,9.594503542268011
1.3129999999999662,3.930359265263737,33.57544383198676,33.92232136957299,10353.045565825878,-0.014134502618424971,23.754590131657025,0.05105128542284737,0.004258420293440868,11.803286905464947,9.593844824270658
1.313999999999966,3.938119983400246,33.59335687375762,33.95461296535555,10337.741009243291,-0.014325078594298102,23.76213113559112,0.051337217203276775,0.004166817664880751,11.806893539889872,9.593143367897985
1.314999999999966,3.94583407512814,33.60899636431349,33.98595480832097,10323.966908318962,-0.014525131464192875,23.76965020978523,0.05161647545886444,0.004072058588255101,11.810511144715624,9.592454055296482
1.3159999999999659,3.953274118886441,33.62638593234752,34.017296651286394,10311.570217487066,-0.014731518987580017,23.776897451587175,0.051888755396179265,0.003974988856917938,11.814000835624675,9.59179688997174
1.3169999999999658,3.960779443077842,33.65370313362139,34.04958824706895,10300.41319573836,-0.014940934266405526,23.78416798326751,0.05215488049368683,0.0038745280972622975,11.817458372262077,9.591130599754813
1.3179999999999656,3.968521641404912,33.68629940997969,34.080930090034364,10290.371876164523,-0.015154202775206127,23.791656954946713,0.05241609987628848,0.003771519508341925,11.821008719190141,9.590438230578975
1.3189999999999655,3.976045299983418,33.71433853819235,34.113221685816924,10281.334688548071,-0.015371278240249142,23.798959782950238,0.0526731835331809,0.003667933293583392,11.824503742114691,9.589775347940288
1.3199999999999654,3.983806408065201,33.75421762336258,34.144563528782335,10273.201219693265,-0.015587410591243633,23.806445256604416,0.0529282942014756,0.0035648780544018654,11.828044299232426,9.58908443021168
1.3209999999999653,3.991348439446023,33.788595020144115,34.17590537174776,10265.88109772394,-0.01580462268828914,23.813747403146365,0.05318238392791286,0.0034609829667984204,11.831519886879718,9.588425255538102
1.3219999999999652,3.998842971859333,33.82885072575926,34.20819696753031,10259.292987951545,-0.016019823794643784,23.820977131735617,0.05343671774025949,0.003356940894070959,11.834938871952165,9.587770809212907
1.322999999999965,4.006688939572966,33.87740282707265,34.23953881049574,10253.363689156391,-0.01623340972621956,23.828520107618473,0.05369278826804402,0.00325260395176985,11.838477166525305,9.587078056151952
1.323999999999965,4.014258464664279,33.916881544358475,34.27088065346115,10248.027320240752,-0.016448417670469784,23.83583948333285,0.05395051272190743,0.00314844163823369,11.841955085659597,9.586424566017982
1.3249999999999649,4.021780390652929,33.96334540312323,34.30222249642658,10243.224588216677,-0.01666092196041985,23.84307881559072,0.05421037787188898,0.003044757466953152,11.845365662723836,9.58577597099942
1.3259999999999648,4.029368066219336,34.01261117534578,34.334514092209126,10238.90212939501,-0.016872467715541295,23.85037309366727,0.05447238006653632,0.0029397075031574182,11.848784227789672,9.585122451928967
1.3269999999999647,4.037251977384357,34.066644969566774,34.36585593517455,10235.011916455509,-0.01708463202273558,23.8579421893502,0.0547366993477742,0.0028348131970148405,11.85232560454126,9.584436649328977
1.3279999999999645,4.044858202390703,34.112586319421155,34.39719777813996,10231.510724809958,-0.01729934164021263,23.86527959710089,0.05500244292915296,0.0027301866054111334,11.855796941631057,9.583789579247686
1.3289999999999644,4.052473557011663,34.16593211069425,34.42853962110539,10228.359652328962,-0.017513151932262883,23.87258993148254,0.05526966657438176,0.002625175199442664,11.859220897907349,9.58314007910182
1.3299999999999643,4.060098050656598,34.21955285955891,34.459881464070804,10225.523687096065,-0.017728263414086676,23.879910568583146,0.05553785772199488,0.0025179277492375363,11.862641699549863,9.582491876237873
1.3309999999999642,4.067731692743836,34.273648611323736,34.49122330703622,10222.971318386459,-0.017945426976085588,23.887240259889854,0.05580646132627254,0.002409397884449771,11.866070020304551,9.58184304435429
1.331999999999964,4.075374492700687,34.32858320556426,34.52256515000164,10220.674186547812,-0.018164467648922544,23.89457684438538,0.05607504478914177,0.0023001273183080873,11.86950164232962,9.581194410393259
1.332999999999964,4.083026459963457,34.38438906949534,34.553906992967065,10218.606767893032,-0.01838517686323038,23.90191994840832,0.056343345366385744,0.0021902918087605694,11.872934040413485,9.580545788021514
1.3339999999999639,4.090687603977442,34.44097939076872,34.58524883593249,10216.746091103729,-0.01860741595252624,23.909269848044463,0.05661124117013455,0.002080014309519651,11.8763673448606,9.579897059496751
1.3349999999999638,4.098357934196957,34.498268794791606,34.61659067889791,10215.071481993356,-0.01883101261512604,23.91662682908342,0.05687877795656937,0.0019692849011835323,11.87980216254606,9.579248182893679
1.3359999999999637,4.106094621124001,34.55717889418893,34.647932521863325,10213.564333794022,-0.019055761958483075,23.92404305459376,0.057146262721158525,0.0018581903732158844,11.883260600724311,9.578592548738314
1.3369999999999636,4.113783394969611,34.614767633814274,34.67927436482875,10212.20790041462,-0.01928189135689895,23.931419637170286,0.05741384255629706,0.001746607571016634,11.88670677249028,9.577944419728444
1.3379999999999634,4.121481383469853,34.67408857776838,34.70966645497703,10210.987110373158,-0.019508566273485184,23.938797432161653,0.05768189796228429,0.0016344852331005022,11.890146122098432,9.577295627471507
1.3389999999999633,4.12889762031734,34.72869389827256,34.74100829794245,10209.888399335843,-0.019736105301387363,23.94591933465794,0.05794998718476807,0.0015208771885680816,11.893476505806975,9.576680923092148
1.3399999999999632,4.136671074943394,34.79429757112031,34.772350140907875,10208.89955940226,-0.019962533773106417,23.95334131178618,0.05821896928033188,0.0014067246777095255,11.896905202140443,9.576021118962277
1.340999999999963,4.144396484151035,34.85226422722659,34.803691983873286,10208.009603462035,-0.02019173795446627,23.960756510666997,0.0584883672638582,0.0012924532273225764,11.900367970423163,9.575372881338366
1.341999999999963,4.152188562854653,34.91370178106529,34.83408407402158,10207.208643115831,-0.02042108710100432,23.968220855972547,0.05875871640838953,0.0011797007369099832,11.903848147387734,9.574716664472884
1.342999999999963,4.159640268719343,34.968901993503884,34.86542591698699,10206.487778804249,-0.02065091307816691,23.975378356314764,0.05902953525171967,0.0010662453905809222,11.907197319077762,9.574103385720472
1.3439999999999628,4.167450684425779,35.03631183797344,34.89676775995242,10205.839000923825,-0.020879002615165676,23.982830682062662,0.059301875438393714,0.0009521564925782378,11.910633988155215,9.5734440051743
1.3449999999999627,4.175270466974171,35.09672085501363,34.92715985010071,10205.255100831442,-0.021109969518825877,23.99033000073452,0.05957531944943345,0.0008374068254000111,11.914126936723893,9.572789876297497
1.3459999999999626,4.182748812516449,35.152410905934524,34.958501693066125,10204.729590748299,-0.02134185456306492,23.997513258774305,0.059849359550880166,0.0007227410187901628,11.917491598575586,9.57217592205361
1.3469999999999624,4.190586988174928,35.22066596315494,34.98889378321441,10204.256631673468,-0.021571992062975498,24.00499039036437,0.060125008592740725,0.0006075736681077637,11.920938062269736,9.57151716019609
1.3479999999999623,4.198140691885096,35.27679344195418,35.02023562617983,10203.830968506121,-0.02180521801607782,24.012247525231444,0.06040106735076556,0.0004909647137309459,11.924327177669785,9.570897545876377
1.3489999999999622,4.205939626194123,35.34295377523196,35.05062771632812,10203.44787165551,-0.022037718892746083,24.01969727990744,0.06067826295856432,0.000374975253525478,11.927773667586393,9.570245012339148
1.3499999999999621,4.213511137389482,35.40060118487348,35.08196955929353,10203.10308448996,-0.022272284857233482,24.02696487800311,0.06095572756309131,0.0002580785571693611,11.931162871039616,9.569624552732318
1.350999999999962,4.221386254378642,35.46801697358161,35.11236164944183,10162.792776040964,-0.02250626376322523,24.03448482376616,0.06123435178031933,0.00014166132656684427,11.934636980311927,9.568965175119864
1.351999999999962,4.228975651151853,35.403357566670614,35.143703492407234,10126.513498436867,-0.022750613843156298,24.04209084658638,0.06151766634033412,4.730755511112017e-05,11.938428684173335,9.568234211050296
1.3529999999999618,4.236869316629273,35.34694195132415,35.17409558255553,10093.86214859318,-0.02299571035923742,24.049989165614047,0.06179993512829046,-2.569482995767869e-05,11.942410246807938,9.567482139294784
1.3539999999999617,4.244476635282417,35.29590120592809,35.20448767270382,10064.475933733862,-0.023228414878292858,24.05760239143411,0.06208793601862206,-0.00010078105332933518,11.946247122217475,9.566776028383906
1.3549999999999616,4.252092769657074,35.263225971795215,35.23582951566924,10038.028340360475,-0.023446011154554913,24.065153561614945,0.0623847262054647,-0.0001843694825455766,11.949970466629702,9.566076281525614
1.3559999999999615,4.260014163748983,35.244136425650794,35.26622160581751,10014.225506324428,-0.023654522154880397,24.0729617159806,0.06269197312017016,-0.00027375654114752956,11.953766983951528,9.565353574119523
1.3569999999999613,4.267648274273734,35.2229121749502,35.29661369596581,9992.802955691986,-0.02385911619805564,24.080515481500775,0.06300889270168925,-0.00036607894603185587,11.957471882035293,9.564680462159906
1.3579999999999612,4.275349324483407,35.21638885642246,35.32700578611409,9973.522660122788,-0.02405815350158974,24.08807722775495,0.06333510722885238,-0.00046049595653990805,11.961131423790714,9.564006793643584
1.3589999999999611,4.283001170885839,35.21394588242019,35.357397876262375,9956.17039411051,-0.024256301720722295,24.09558541254382,0.06366821761658464,-0.000558472310815683,11.964751298648112,9.563350270819726
1.359999999999961,4.290661877393342,35.21840165364054,35.3887397192278,9940.55335469946,-0.024455980141777633,24.103081359893906,0.06400536534000018,-0.000659139831949207,11.96834897628269,9.562698052709486
1.360999999999961,4.298629495338258,35.233289827550735,35.41913180937609,9926.498019229513,-0.024659616799534545,24.110842723123962,0.06434421128169249,-0.0007616587273401865,11.972044595192475,9.562015608075644
1.3619999999999608,4.306366535982982,35.244290823040586,35.449523899524365,9913.848217306562,-0.02487059048342699,24.11840703622811,0.06468148393712653,-0.0008663866810544874,11.975674861935918,9.561368351518158
1.3629999999999607,4.314054238335884,35.2642077541432,35.479915989672655,9902.463395575905,-0.025086452955857097,24.125885765786304,0.06501550415078905,-0.0009737764203608945,11.979231520143145,9.560725752416134
1.3639999999999606,4.321809188744253,35.28957582925373,35.510308079820945,9892.217056018315,-0.02530867365270978,24.133412883682354,0.06534492612501325,-0.0010852227975243767,11.982788217944822,9.560076934401607
1.3649999999999605,4.329514734004362,35.31600645949533,35.54070016996923,9882.995350416484,-0.02553816252072233,24.140894239247753,0.06566862800757967,-0.0011999822897771906,11.98632911455195,9.559434977102692
1.3659999999999604,4.337287629890306,35.34783167861466,35.571092260117524,9874.695815374836,-0.02577326207888364,24.14842247441126,0.06598660720205446,-0.001316827402362275,11.98988032696928,9.558785014901744
1.3669999999999602,4.345011053681432,35.38060622741562,35.6014843502658,9867.226233837353,-0.026013384952440044,24.15590371770091,0.0662990633797666,-0.0014354585186898694,11.993410989461337,9.558142853094669
1.3679999999999601,4.352801930824856,35.41827430514225,35.63092668759696,9860.503610453618,-0.026256668710976594,24.163433027115445,0.06660705518068372,-0.0015550660881459288,11.996950749296019,9.557492738909723
1.36899999999996,4.360301216607954,35.45218850360909,35.66131877774524,9854.453249408256,-0.026502509116990425,24.17069693179952,0.06691086585175715,-0.0016761503767387942,12.000379711780699,9.556878941158036
1.36999999999996,4.368051224066749,35.497473428303984,35.69171086789353,9849.00792446743,-0.026747732633231547,24.178156127031944,0.06721240711680998,-0.0017978406760355559,12.003857283888092,9.55623215758457
1.3709999999999598,4.375868837635813,35.54050225052038,35.72210295804181,9844.107132020688,-0.026994768526379276,24.185700072545792,0.06751243319091471,-0.0019195609024699745,12.007392119079615,9.555583305856203
1.3719999999999597,4.383695503209132,35.58506186339555,35.7524950481901,9839.69641881862,-0.027241876063077708,24.19324940738704,0.06781217990962196,-0.0020397946454311366,12.010935661346599,9.554935582727047
1.3729999999999596,4.391531229812017,35.632025014097096,35.78193738552125,9835.726776936757,-0.027487965351714938,24.200798941689712,0.06811292370681654,-0.002159216025191424,12.014469659908181,9.554290333601934
1.3739999999999595,4.399073801132251,35.6755545898251,35.812329475669536,9832.154099243082,-0.0277331351614995,24.20807728597645,0.06841485398462344,-0.0022795436387747503,12.017882591020213,9.553681962091492
1.3749999999999594,4.406927351688351,35.730415180761206,35.842721565817826,9828.938689318775,-0.027976133698888628,24.215609077143235,0.06871932773271161,-0.0024005762700077815,12.021368483839034,9.553034804243179
1.3759999999999593,4.414789990086984,35.78012363218253,35.87216390314897,9826.044820386898,-0.028221057421417062,24.2231806215871,0.06902590000587877,-0.002522082964627359,12.024901214755594,9.552394081871507
1.3769999999999591,4.422358534937935,35.826712271559124,35.90255599329726,9823.44033834821,-0.02846621473001576,24.230477428173483,0.06933396015408994,-0.0026435104117803476,12.028320849496232,9.551789021792734
1.377999999999959,4.430239050060965,35.88490124384569,35.93199833062842,9821.096304513389,-0.028709826497470337,24.238026307913987,0.06964435040528533,-0.0027652044645710694,12.031807267998207,9.55114578744968
1.378999999999959,4.437824848365226,35.93255745731529,35.9623904207767,9818.98667406205,-0.02895608736582067,24.24533914996842,0.06995538855543693,-0.002888206336692345,12.03522296610236,9.550543598738527
1.3799999999999588,4.445723275268108,35.991972142312456,35.99183275810785,9817.088006655844,-0.029201819706632826,24.252903474822425,0.07026783850050855,-0.0030107863023077774,12.038717267374164,9.549900357883384
1.3809999999999587,4.453326360899775,36.041128680851614,36.022224848256144,9815.379205990259,-0.029450290728940842,24.260229249725512,0.07058012365981442,-0.0031343393824280197,12.04213698992584,9.549299116707274
1.3819999999999586,4.461301847850427,36.10304525146936,36.05166718558729,9813.841285391234,-0.029698325198764475,24.26786054862168,0.07089341742903305,-0.003257477748072002,12.045655612243051,9.548649379356394
1.3829999999999585,4.468922296339008,36.15258727156943,36.082059275735574,9812.457156852111,-0.029949592397111646,24.2752046437234,0.07120614731406139,-0.003381647085353545,12.049085172318083,9.54804950819322
1.3839999999999584,4.476856695189159,36.21501992965638,36.11150161306673,9811.2114411669,-0.030200128184820707,24.28279477334746,0.07151974059080951,-0.0035057963058857666,12.05258294592403,9.547406764025517
1.3849999999999583,4.484553738359853,36.267722575511655,36.140943950397876,9810.09029705021,-0.030453607488302115,24.290200925926676,0.071833087871983,-0.00363130140300183,12.05602867186489,9.546799394408444
1.3859999999999582,4.492200115759134,36.32473240336682,36.17133604054617,9809.08126734519,-0.030706945955735365,24.297534272967567,0.07214654788690672,-0.003757668917145962,12.059423004122285,9.546193212174396
1.386999999999958,4.500220756631625,36.38862539549232,36.20077837787731,9808.17314061067,-0.030961149293336432,24.305205909246553,0.07246093640209167,-0.0038844475305561676,12.062949502375734,9.545544659584511
1.387999999999958,4.507884581964863,36.44012688090691,36.230220715208475,9807.355826549603,-0.03121862670691905,24.31258814079793,0.07277498580458847,-0.004011604487794307,12.066394632330052,9.544944142347978
1.3889999999999578,4.515616371874276,36.50053458586947,36.25966305253962,9806.620243894644,-0.0314746433805414,24.319991197806992,0.07308972043249184,-0.00413866950274705,12.06981135066124,9.544330283043365
1.3899999999999577,4.523297361175408,36.55822523591272,36.289105389870784,9805.958219505179,-0.031731490363233306,24.327358681704155,0.07340473551243137,-0.004267086008079957,12.073212713427298,9.543725627334526
1.3909999999999576,4.531046415215998,36.61782456998958,36.31854772720193,9805.362397554662,-0.03198886342655333,24.334784622152792,0.07372013296735513,-0.004395728661032439,12.076638969899998,9.543111404939667
1.3919999999999575,4.538804134730134,36.67647207314942,36.347990064533086,9804.826157799196,-0.0322470107397404,24.34222490686861,0.07403575275893964,-0.004524028671551994,12.080078544879543,9.542498489680472
1.3929999999999574,4.546510953078829,36.73459642576018,36.37743240186423,9804.343542019276,-0.03250527664658609,24.349617591636296,0.07435159558145993,-0.004651995627837524,12.08349797816971,9.541892166781622
1.3939999999999573,4.55428598670293,36.795057847305316,36.40687473919538,9803.90918781735,-0.0327632675358942,24.357066385813855,0.07466801202697709,-0.0047796851668459595,12.086932976677712,9.54127802214832
1.3949999999999572,4.562069710867675,36.854504871271494,36.436317076526535,9803.518269035614,-0.03302180417521178,24.36452973705762,0.07498504690209379,-0.004907296831317687,12.090379454658539,9.54066490996435
1.395999999999957,4.569862133953537,36.91433408970599,36.46575941385768,9803.166442132053,-0.03328063375899604,24.372000104190736,0.0753029572398578,-0.005034801202469907,12.093829353196792,9.540051668060721
1.396999999999957,4.577663264348472,36.9744663358227,36.49520175118884,9802.849797918849,-0.03353981667802264,24.37947787138612,0.07562198723990293,-0.005162522116634816,12.09728061217983,9.53943884559552
1.3979999999999568,4.585473110447944,37.03479812178826,36.52464408851999,9802.564818126964,-0.033799593504023395,24.3869635724295,0.07594232677855967,-0.00529068936557342,12.100734121593879,9.538826247302923
1.3989999999999567,4.593291680654913,37.09529451241294,36.55408642585115,9802.308336314269,-0.03406018872835498,24.394457372114587,0.07626409687477115,-0.005419380833953047,12.104190487929376,9.538213945190028
1.3999999999999566,4.601118983379851,37.15594688507862,36.5835287631823,9802.077502682841,-0.034321761413401486,24.401959297214663,0.07658736824936119,-0.005548644491475796,12.107649775195512,9.537601951097372
1.4009999999999565,4.608955027040742,37.2167489933647,36.61202134769631,9756.869752414557,-0.034584422508188384,24.40946936501901,0.0769121552070468,-0.0056784795923505715,12.111111938473996,9.536990256844827
1.4019999999999564,4.616488607536077,37.12296355080596,36.641463685027475,9716.182777173102,-0.03485743074592207,24.41710732930898,0.07724483701179852,-0.0057822368565436655,12.114944506585783,9.536273680122996
1.4029999999999563,4.62440182904177,37.03673618665407,36.67090602235862,9679.564499455792,-0.03513114894537556,24.425123177913978,0.07757698929693196,-0.005859302462028537,12.119024950702105,9.535535638682783
1.4039999999999562,4.632263864541854,36.96187671656676,36.69939860687264,9646.608049510212,-0.035388035274397656,24.433063341021278,0.07791784904263616,-0.005937907300207601,12.123049814833944,9.534818515216212
1.404999999999956,4.639822501043973,36.899587383596554,36.72884094420379,9616.947244559191,-0.035625886207686586,24.440665026234424,0.07827032033393472,-0.006025853760861455,12.126852981706586,9.534150876898332
1.405999999999956,4.647701769463639,36.85963766620616,36.75828328153494,9590.252520103271,-0.035848721690877605,24.44849592893969,0.07863717581595514,-0.00612027293623324,12.130672268337138,9.533456150499259
1.4069999999999558,4.655649990732639,36.82416703038881,36.786775866048956,9566.227268092944,-0.03606459404083662,24.456398040448416,0.0790177490149499,-0.00621802779200481,12.134528921166686,9.532774839499362
1.4079999999999557,4.663233755061489,36.79157291623011,36.81621820338012,9544.60454128365,-0.03627460895291401,24.46394389102619,0.07940980544845916,-0.0063184793024080865,12.138225593288045,9.5321505567634
1.4089999999999556,4.671199384236917,36.780555614340486,36.84471078789414,9525.144087155286,-0.036479704122825085,24.47177591807462,0.07981224878507975,-0.006421717491313705,12.14197557326671,9.531488477909363
1.4099999999999555,4.678799849543495,36.76322150419111,36.874153125225284,9507.629678439758,-0.036687969942513166,24.479296336519802,0.080219458563149,-0.006529135903614036,12.145610537456836,9.530885435410944
1.4109999999999554,4.686782919599206,36.76614023046572,36.9026457097393,9491.866710595783,-0.0368988894681464,24.4871066518963,0.08062918545320613,-0.006639054674077383,12.149317738866795,9.530235763560956
1.4119999999999553,4.694460487266585,36.762769127401974,36.93113829425332,9477.680039536204,-0.03711847692035075,24.494661267071976,0.08103611029120444,-0.006752844336169461,12.152935640403559,9.5296346818768
1.4129999999999552,4.70208592678372,36.77025654297601,36.96058063158447,9464.912035582583,-0.037344312979232075,24.502118666695488,0.08143775781132917,-0.006870449725547012,12.156472167461066,9.5290342904505
1.413999999999955,4.710095077310585,36.7891422327616,36.9890732160985,9453.420832024325,-0.03757873231795672,24.509910390209452,0.08183276307126092,-0.0069912816881935735,12.160126771853532,9.528391160846027
1.414999999999955,4.717797791383608,36.80043105959471,37.01756580061251,9443.078748821892,-0.03782394359612862,24.517448545585133,0.08221847637211488,-0.007115050273366674,12.163709443418426,9.527790206203235
1.4159999999999549,4.725448275879963,36.82156333747338,37.04605838512653,9433.770873939704,-0.038074657676614776,24.524891020426168,0.08259537216325313,-0.007241225999178813,12.167213255329417,9.527189388039274
1.4169999999999547,4.733167568596962,36.847600380205876,37.07550072245768,9425.393786545734,-0.03833117983866058,24.53238477292227,0.08296399620442024,-0.007370475808516019,12.170718540952144,9.526581240999757
1.4179999999999546,4.741211512214963,36.880444810982915,37.103993306971695,9417.85440789116,-0.03859370232865722,24.540174495961665,0.08332602656191918,-0.0075006911197826875,12.174353490468434,9.525935756487804
1.4189999999999545,4.748947773404969,36.90603102018632,37.13248589148572,9411.068967102045,-0.038861465877229495,24.547703702611468,0.08368177456467951,-0.007631192916188467,12.177908638993376,9.525333296525382
1.4199999999999544,4.756692371915715,36.94116835213886,37.160978475999734,9404.96207039184,-0.039129143760731344,24.55519578725862,0.0840340192615095,-0.0077623543322243305,12.181406758060795,9.52472542318926
1.4209999999999543,4.764445315514387,36.977875395455825,37.18947106051376,9399.465863352658,-0.039397813618743005,24.562693695057785,0.0843841884152014,-0.007894991554278696,12.18489549532449,9.524119974182682
1.4219999999999542,4.772206611974893,37.01621933458226,37.21796364502777,9394.519277017393,-0.03966720710942678,24.570196519141483,0.08473350516629902,-0.008028225515549159,12.188388214425622,9.523514482712564
1.422999999999954,4.779976269077853,37.05648213097169,37.24645622954179,9390.067349315654,-0.03993644763273668,24.57770215593205,0.08508300147132014,-0.008161169483877684,12.191880531000729,9.522910776264224
1.423999999999954,4.78781516217905,37.09962043227624,37.274948814055804,9386.060614384089,-0.040205060063603304,24.585265774059835,0.08543371470761713,-0.008293456451193282,12.19539234242237,9.522301756094334
1.4249999999999539,4.795601605381923,37.14244097290355,37.30344139856983,9382.454552945681,-0.04047318769040398,24.592782683470205,0.08578595696884733,-0.008425094450687232,12.198885728362079,9.521702864699414
1.4259999999999537,4.803396432637705,37.188046311055956,37.33193398308384,9379.209097651114,-0.04074024736369419,24.600296334472958,0.08614023998617609,-0.008556377647808033,12.202366858607576,9.521104483182095
1.4269999999999536,4.81119965175396,37.234823402968445,37.359476814780734,9376.288187886003,-0.04100690710044119,24.607815200202985,0.08649660438660972,-0.008687762946043232,12.20584532385694,9.520507981774985
1.4279999999999535,4.818752782245891,37.27840248630451,37.38796939929475,9373.659369097402,-0.041273255976743584,24.61510432133982,0.08685405530390489,-0.008820099803676151,12.209225991808585,9.519942474398196
1.4289999999999534,4.826572529542121,37.33154206055972,37.416461983808766,9371.293432187662,-0.041538600495624134,24.62261038411837,0.08721326161393306,-0.008952846188360453,12.212669655526307,9.51934268012219
1.4299999999999533,4.834461807184791,37.381261050823575,37.444954568322785,9369.164088968895,-0.04180630486287906,24.630207140271537,0.08757319183523854,-0.00908532319704064,12.21617662989478,9.51874189977789
1.4309999999999532,4.842298434057453,37.43066762285362,37.47249740001966,9367.247680072005,-0.042075149734117634,24.637755126294397,0.08793355457893814,-0.009216959306087957,12.219671235643604,9.51814886376127
1.431999999999953,4.849883893769359,37.4783563677517,37.50098998453368,9365.522912064805,-0.04234390480204753,24.645063163426403,0.08829374740800577,-0.0093492879207977,12.223051210034267,9.517586249423486
1.432999999999953,4.857737110000072,37.53519990507624,37.52853281623057,9363.970620858325,-0.04261246268694863,24.652590578192076,0.08865475772655862,-0.009482732360270196,12.226492057390926,9.516988494789512
1.4339999999999529,4.865338623502058,37.5827722883811,37.557025400744585,9362.573558772492,-0.04288382656445988,24.659918581041463,0.08901473305132235,-0.009617471514767606,12.229877990019888,9.516426160719009
1.4349999999999528,4.873269780332091,37.641249065130566,37.585517985258605,9361.316202895243,-0.04315539007752833,24.66751800180475,0.08937515042121341,-0.009751967773726777,12.233356179259706,9.515819889659525
1.4359999999999526,4.881148119735718,37.69328697253107,37.61306081695549,9360.18458260572,-0.043429890200079146,24.675101160299626,0.08973517199395575,-0.00988611025138142,12.236854849818798,9.515228857411753
1.4369999999999525,4.88877394531571,37.74365115182295,37.64060364865238,9359.166124345147,-0.043704695794668846,24.682442052053354,0.09009474862271322,-0.01002064033624639,12.240246565192656,9.514665463773854
1.4379999999999524,4.896407695061205,37.798966338145505,37.6690962331664,9358.249511910633,-0.04397864394441542,24.68976468833163,0.09045450623612966,-0.010156460340576379,12.243597593156608,9.514098192428639
1.4389999999999523,4.904372388967674,37.85873229970886,37.69663906486328,9357.42456071957,-0.04425418311706791,24.697394908652008,0.09081513878389774,-0.01029284375201539,12.247078282456242,9.513493208704197
1.4399999999999522,4.912022321374875,37.9077296752352,37.72418189656016,9356.682104647613,-0.044532356793069106,24.704770166194614,0.09117505384405666,-0.010429172396811792,12.25049158111857,9.512931537058577
1.440999999999952,4.919680199620773,37.96385976713601,37.75267448107418,9356.013894182852,-0.04480888662111271,24.71211499543918,0.09153541412929994,-0.010565539638505206,12.25385861544873,9.512363000124108
1.441999999999952,4.927669995523906,38.024798408159775,37.780217312771065,9355.412504764567,-0.04508616548710809,24.719766144539733,0.09189708950631881,-0.010701686023344759,12.2573462063364,9.511758638131287
1.4429999999999519,4.935344100659196,38.074833588603894,37.807760144467956,9354.87125428811,-0.04536568078586367,24.727161918623125,0.09225858014745197,-0.010837776642179164,12.260764375677278,9.511197395080409
1.4439999999999518,4.943026173361353,38.13188821061662,37.83530297616483,9354.3841288593,-0.04564342908430796,24.734527694069165,0.09262107858853758,-0.010974002672077487,12.264137232180644,9.510629395212515
1.4449999999999517,4.950716220794362,38.18826028229195,37.86284580786172,9353.94571597337,-0.04592135269730552,24.741905625854596,0.0929843468230499,-0.011111242458140769,12.267508610112873,9.510063102521993
1.4459999999999515,4.958414250128199,38.244277129200725,37.89133839237574,9353.551144376033,-0.04619992855622895,24.749293944661435,0.09334810543023725,-0.011248911641585979,12.270890469484232,9.509495278044664
1.4469999999999514,4.966445816999297,38.3058372203837,37.91888122407262,9353.19602993843,-0.04647942116029258,24.756985940610186,0.09371331141888672,-0.011385262838928711,12.274401425976642,9.50889007715164
1.4479999999999513,4.974222000075965,38.357991166474825,37.946424055769505,9352.876426944587,-0.046760744050544256,24.764474417001388,0.0940788447856149,-0.011520843843412898,12.277857987597294,9.50832271127403
1.4489999999999512,4.981944374323329,38.41520466635793,37.973966887466396,9352.588784250129,-0.04704050576505309,24.77188162002599,0.09444578959471644,-0.011656698303780688,12.281250168071534,9.507756858168257
1.449999999999951,4.989674759512119,38.47292895502143,38.001509719163266,9312.329905825116,-0.047320346920343925,24.779294257685926,0.09481413543435818,-0.011793938439111806,12.284631337970808,9.507191571561508
1.450999999999951,4.997475138324881,38.387156159417415,38.02810279804302,9276.096915242604,-0.04761045380000439,24.787178546788265,0.09519272764808023,-0.011906214905256673,12.288524620024331,9.506477114673553
1.4519999999999509,5.004894478058768,38.28967100487263,38.055645629739914,9243.487223718344,-0.047901513355833314,24.79478338004456,0.09556957781781328,-0.011991913302254131,12.292430965961897,9.505840794813945
1.4529999999999508,5.012710719287711,38.22462063878605,38.08318846143679,9214.13850134651,-0.048170066250132204,24.802642353978783,0.0959573718464159,-0.012079849089908834,12.296343212240059,9.505156563224551
1.4539999999999507,5.020472985204901,38.165687922321766,38.11073129313368,9187.724651211858,-0.04842123876457055,24.810445318110478,0.09635782804031878,-0.012176046563381004,12.300192174369561,9.504504740348413
1.4549999999999506,5.028305435310743,38.12126753085408,38.13827412483056,9163.952186090673,-0.04865781879135983,24.818266895037983,0.09677327319633766,-0.012276914334229727,12.304006654235891,9.503855637077347
1.4559999999999504,5.036146021227844,38.086002491060185,38.16486720371031,9142.556967481607,-0.04888392876638431,24.826071541455946,0.09720371479089845,-0.012379860212423877,12.307787444556036,9.503225302072368
1.4569999999999503,5.043603824045078,38.0535151224518,38.19241003540719,9123.301270733447,-0.04910189474402621,24.833500897355393,0.09764665452616411,-0.012486774544501311,12.311386683377968,9.502653669783829
1.4579999999999502,5.051460343287741,38.04201537616564,38.219952867104084,9105.971143660103,-0.049314523065118854,24.84123358125832,0.09810100772690883,-0.01259696520895498,12.315050365547696,9.50204006669472
1.4589999999999501,5.059325020005716,38.02962194101708,38.24654594598383,9090.374029294093,-0.04953023756241903,24.84899796202112,0.09856141124868661,-0.012709811259375703,12.318748851408492,9.501444218749956
1.45999999999995,5.066868208158504,38.019588983519334,38.27408877768072,9076.336626364684,-0.04974933744427246,24.856444449204687,0.09902294492244401,-0.012825717239040246,12.322304335397689,9.500890033927796
1.46099999999995,5.074748901714383,38.02702710716455,38.300681856560466,9063.702963728216,-0.04997308050579857,24.86414665050436,0.09948360893167096,-0.01294467771105201,12.325909666566922,9.500295451868732
1.4619999999999498,5.082245072935272,38.02657592307581,38.32822468825736,9052.332667355395,-0.05020649444479791,24.871521549167674,0.09993768401776187,-0.013068104380522028,12.329397484577362,9.499755176759594
1.4629999999999497,5.090141770527423,38.044730370307,38.354817767137106,9042.099400619856,-0.05044743695889231,24.879206019274694,0.10038507835195609,-0.01319447378764621,12.332971210213387,9.499158789372352
1.4639999999999496,5.097778253212061,38.055181134920154,38.382360598833976,9032.889460557872,-0.05069925888374405,24.886683987354566,0.10082229863528919,-0.013323791464555423,12.336485824569799,9.498603905982216
1.4649999999999495,5.105691065343535,38.07960623385307,38.40895367771373,9024.600514502084,-0.0509582891218443,24.894370664328168,0.10125094869594697,-0.013455206984953283,12.340057513105634,9.498008452588326
1.4659999999999493,5.113280544523568,38.09722132463084,38.43554675659349,9017.140463051877,-0.051225433863022196,24.901780686322525,0.10166964899606684,-0.013588950976568537,12.343527781561413,9.497459121297084
1.4669999999999492,5.120877608079669,38.124317407032514,38.46213983547324,9010.42641674669,-0.051496462317761116,24.909153608734215,0.10208048997985725,-0.013725555607763507,12.346945845709195,9.496899651469116
1.4679999999999491,5.128482262586568,38.15315294256897,38.489682667170115,9004.383775072021,-0.05177201803946552,24.9165316551288,0.10248425693127533,-0.013864115497785268,12.35035864947249,9.496341657109598
1.468999999999949,5.13642698449672,38.18946866063561,38.516275746049864,8998.94539756482,-0.052051596480891416,24.924214817850363,0.10288340652896177,-0.014002651843235958,12.353901365580171,9.495743451967732
1.469999999999949,5.144109893126924,38.21830293616603,38.54286882492962,8994.050857808337,-0.05233445624883315,24.93168365262838,0.1032779833266605,-0.014140246193758033,12.357385593066015,9.495185004647805
1.4709999999999488,5.151737710243926,38.25431539672789,38.56946190380937,8989.645772027503,-0.05261582151954697,24.939062687734346,0.10367068154945286,-0.01427777351023296,12.360797356737349,9.494628083967122
1.4719999999999487,5.159373144949099,38.292645795599086,38.59605498268912,8985.681194824752,-0.05289655301323587,24.946441140093945,0.10406279647867511,-0.014415775131439712,12.364190486552804,9.494072973372523
1.4729999999999486,5.167079065894765,38.332956440197194,38.622648061568874,8982.113075342277,-0.05317728916794345,24.953883365189306,0.10445529232917611,-0.014553916406372325,12.3676120482405,9.49351069197801
1.4739999999999485,5.174729795535802,38.37258606581752,38.64924114044862,8978.901767808049,-0.05345773062998799,24.961278036853297,0.10484837792096569,-0.014691430328335475,12.37102093975944,9.492958656938782
1.4749999999999484,5.182451104586589,38.41602767309274,38.67583421932837,8976.011591027243,-0.053737000633929055,24.968725538285568,0.10524299069956977,-0.014828180092739784,12.374441724080329,9.492399328274221
1.4759999999999482,5.190180137689911,38.459601677187614,38.70242729820813,8973.41043192452,-0.0540158958529684,24.976183150409376,0.10563918577763054,-0.014964139185060621,12.377867405565755,9.491843409816024
1.4769999999999481,5.197853879542347,38.50352602619682,38.72902037708788,8971.069388732067,-0.054294236784930394,24.98358631093204,0.10603692001684317,-0.015099791851647948,12.38126749118761,9.49129575670952
1.477999999999948,5.205598340801767,38.550675464658475,38.75561345596763,8968.96244985886,-0.05457219935822821,24.991044746983032,0.10643654894056725,-0.015235354540073909,12.384680015337363,9.490740917380357
1.478999999999948,5.213350546201545,38.59747488586842,38.78125678203024,8967.066204872976,-0.05485090119672942,24.998515154044952,0.10683770567503714,-0.015371076664694672,12.388101017595599,9.490188703914825
1.4799999999999478,5.220711456077452,38.63879510085348,38.80784986090999,8965.359584385678,-0.055129385274796716,25.005626716022647,0.10723871098587001,-0.01550829999127007,12.391371633326786,9.489683003489827
1.4809999999999477,5.228478815349206,38.69400446326088,38.83444293978974,8963.82362594711,-0.05540710511103303,25.013069217377037,0.10764139907610126,-0.01564627373064953,12.394737594281526,9.489122407986835
1.4819999999999476,5.23625393863368,38.74152121068547,38.861036018669495,8962.4412633524,-0.055688601397272164,25.020564069449254,0.10804373282154578,-0.0157838167940772,12.398166159182793,9.488572209908734
1.4829999999999475,5.244036832662094,38.79086243354792,38.88667934473211,8961.19713701716,-0.055971250557578955,25.028058072811373,0.10844601252400649,-0.015920444139812473,12.401600599414945,9.488019657580907
1.4839999999999474,5.251490353308713,38.836029496369164,38.913272423611865,8960.077423315444,-0.056253680771230885,25.03524717331142,0.10884730988639557,-0.016057549336107757,12.404897793994987,9.48750835761101
1.4849999999999473,5.259288493561538,38.89283278573771,38.93891574967448,8959.0696809839,-0.0565357069790941,25.042717291527666,0.10924974298611506,-0.016195631032019486,12.408273522509482,9.486949624250144
1.4859999999999471,5.266756655051349,38.93743163810168,38.96550882855423,8958.16271288551,-0.056820400784506786,25.049926478506343,0.10965057549301854,-0.01633465959616931,12.411576293027466,9.486438699300239
1.486999999999947,5.2745700674692,38.99443063414863,38.99115215461685,8957.346441596961,-0.05710484314132752,25.057412865706972,0.11005220118031345,-0.016473722105544097,12.414967954495756,9.485878206327007
1.487999999999947,5.282052894744509,39.039790617268515,39.0177452334966,8956.611797437265,-0.05739118056388737,25.06463434421412,0.11045224027106881,-0.016612745724904343,12.41827771811277,9.48536741078167
1.4889999999999468,5.289945103849035,39.09867825744672,39.043388559559205,8955.95061769354,-0.05767693956690911,25.072190705397958,0.11085362430409135,-0.016751335734309147,12.421696127717755,9.484799353085922
1.4899999999999467,5.297442660804232,39.14374258702031,39.069031885621825,8955.355555924187,-0.05796463313309752,25.079430086052717,0.11125371815790674,-0.016889614899666783,12.425017022365154,9.484290300417456
1.4909999999999466,5.304947420362238,39.19701907815268,39.095624964501575,8954.820000331769,-0.058250161482012286,25.086631496771126,0.11165430624017691,-0.017029109600045722,12.42828531410767,9.483768655336762
1.4919999999999465,5.31286262550235,39.25590717287986,39.12126829056419,8954.338000298592,-0.0585369544928982,25.09421272656677,0.11205645117572721,-0.01716780026313547,12.431705977167441,9.48320360968686
1.4929999999999464,5.320382152157291,39.30121346253985,39.14691161662681,8953.904200268733,-0.05882586550107133,25.101474481974904,0.11245769315467169,-0.01730656189910057,12.435040932862076,9.482692931435283
1.4939999999999463,5.327908899735209,39.35518153809154,39.17255494268942,8953.51378024186,-0.05911226306101253,25.108695574524955,0.11285982324188976,-0.017445605078284576,12.438318524860208,9.482172059483998
1.4949999999999461,5.335506608082258,39.40926774614966,39.198198268752044,8953.162402217673,-0.05939881895505705,25.11598735526606,0.1132626904225919,-0.01758509522771845,12.441616611357382,9.48164657050516
1.495999999999946,5.343047854646397,39.46074740573114,39.223841594814665,8952.846161995905,-0.05968618232344419,25.1232375976383,0.11366554852159427,-0.017724954323426745,12.44491153650117,9.481127760258737
1.496999999999946,5.350660152207719,39.514680820970256,39.24948492087728,8952.561545796314,-0.05997347455816032,25.13054555664698,0.11406872845537291,-0.017864083340854264,12.448227293380597,9.480600173818729
1.4979999999999458,5.35827977305846,39.56760646426376,39.2751282469399,8952.305391216683,-0.06026104252044684,25.137866765498167,0.11447210418414455,-0.018002550730699785,12.451552905626853,9.480074439809911
1.4989999999999457,5.365842833124693,39.61987300734751,39.3007715730025,8952.074852095015,-0.06054836874672204,25.145135345644974,0.11487562948853147,-0.018140638107841445,12.454856234420289,9.47955556531235
1.4999999999999456,5.373477079757047,39.674483176289975,39.32641489906512,8911.867366885514,-0.06083541278723148,25.15246228963699,0.1152799053747417,-0.018278396561079213,12.45817569880484,9.479028095185814
1.5009999999999455,5.381118668019736,39.57291922833095,39.352058225127735,8875.680630196963,-0.061132696197825576,25.16025438963578,0.11569667182332605,-0.018388555312314148,12.462032796853844,9.478345444051099
1.5019999999999454,5.388767604043877,39.46669050340836,39.377701551190356,8843.112567177268,-0.06142945802122468,25.16812007801329,0.11611377274832152,-0.018466812891493545,12.466053117632319,9.477703092591987
1.5029999999999453,5.39642389396535,39.381585373044906,39.40334487725296,8813.801310459541,-0.061701458842505164,25.175913191576328,0.11654427907540515,-0.01854831231574544,12.469973640765037,9.477066407000489
1.5039999999999452,5.404087543924794,39.313005727108305,39.42803845049847,8787.421179413588,-0.06195014264511378,25.18365513554828,0.11699233079543453,-0.018639397012898684,12.473782000493951,9.476448876151446
1.504999999999945,5.411350818831361,39.25002793095296,39.453681776561076,8763.67906147223,-0.06218062658934975,25.19099567374013,0.11745814960176665,-0.018739024014307215,12.477375039147935,9.47589358166301
1.505999999999945,5.419093021775374,39.21182141355321,39.47932510262369,8742.311155325007,-0.06239735157503057,25.198703461791126,0.11794383846037798,-0.01884233950344505,12.48105340926429,9.475291081824674
1.5069999999999448,5.426778478945649,39.172533928125716,39.50401867586917,8723.080039792507,-0.06260802835149476,25.206385248587647,0.11844488259111663,-0.018947408235720276,12.484746579704481,9.474725034679597
1.5079999999999447,5.434126786742565,39.139004286797544,39.529662001931776,8705.772035813257,-0.06281219464987892,25.21371963433219,0.11895690620565513,-0.019055309157033684,12.488272242954755,9.474207175344773
1.5089999999999446,5.441826708586779,39.12516158228372,39.55435557517728,8690.194832231933,-0.06301387724604834,25.221314680473977,0.11947754105181163,-0.019165354883239227,12.491838652628239,9.473653253453065
1.5099999999999445,5.449188885174866,39.105623989425176,39.57999890123989,8676.17534900874,-0.06322016887932141,25.228621969390392,0.11999879429475496,-0.01927902926271302,12.495299765684322,9.47315419311417
1.5109999999999444,5.456903295375492,39.10465084679979,39.60469247448537,8663.557814107866,-0.06343189509984043,25.236192989620783,0.1205184713842738,-0.019395769477751068,12.498827546583321,9.472607145152443
1.5119999999999443,5.464343758697467,39.09828504050719,39.63033580054798,8652.20203269708,-0.06365342941051194,25.24353497960449,0.12103019037479706,-0.019515580579854086,12.502276274571942,9.47210544902086
1.5129999999999442,5.472072720435154,39.107389664227206,39.65502937379346,8641.981829427372,-0.06388370575757302,25.25109127234973,0.1215335978208259,-0.01963889627942489,12.505777987113365,9.47156071737446
1.513999999999944,5.479462740873435,39.11031861695295,39.67972294703895,8632.783646484635,-0.06412472478262254,25.258355240533614,0.12202459583205272,-0.019765370652374825,12.50917113546668,9.471065193550512
1.514999999999944,5.486924088343973,39.12507782807594,39.705366273101575,8624.505281836173,-0.0643734608210334,25.265634292379353,0.12250429881263458,-0.019896197145600147,12.512531005313372,9.470549166786025
1.5159999999999438,5.494674746347577,39.14598494669198,39.73005984634705,8617.054753652556,-0.06463226124943278,25.27317751756646,0.12297343552273043,-0.020028668451876952,12.515997096566446,9.470003606399807
1.5169999999999437,5.502150157863927,39.16093086114304,39.754753419592525,8610.3492782873,-0.06489970811932783,25.28048786718512,0.1234311828072856,-0.02016315794012946,12.519395895588929,9.46949462174705
1.5179999999999436,5.509567852108126,39.183996705472815,39.77944699283801,8604.314350458571,-0.0651708863306647,25.287702266251916,0.1238802078767875,-0.02029949462277364,12.52271995525366,9.468984936370667
1.5189999999999435,5.517057049447128,39.21122000997826,39.80414056608349,8598.882915412714,-0.06544612022443652,25.294971607895313,0.1243224635723052,-0.02043727891975705,12.52604823075013,9.468467892563162
1.5199999999999434,5.524553167074211,39.23911633934152,39.82883413932898,8593.994623871444,-0.06572513341933123,25.302250393944863,0.1247591802423042,-0.020575768937763805,12.529388606207172,9.467951248927438
1.5209999999999433,5.53205621054887,39.269416565048004,39.85352771257446,8589.5951614843,-0.0660059920120672,25.30952817074823,0.12519204243472531,-0.0207137641277943,12.532728591047825,9.467435036169391
1.5219999999999432,5.539501406277071,39.30091031649867,39.87822128581994,8585.635645335871,-0.06628715645127975,25.31674642401665,0.12562245524423443,-0.020851265615821124,12.536037975226863,9.466927595427626
1.522999999999943,5.547018279915251,39.33642497603104,39.902914859065426,8582.072080802285,-0.06656792642134352,25.32401817217011,0.12605221579412768,-0.020988041873178265,12.539357618071787,9.466412212174847
1.523999999999943,5.554542096081842,39.37227171467534,39.92760843231091,8578.864872722057,-0.06684857379352127,25.33129911769821,0.12648206152179536,-0.021123799648355535,12.54268372448616,9.46590030612653
1.5249999999999428,5.562072860352939,39.40984117314787,39.95230200555639,8575.978385449853,-0.06712844760775671,25.338580964782484,0.12691290311486042,-0.021258744269722907,12.546007697553158,9.465389527832711
1.5259999999999427,5.56961057830881,39.44892441638685,39.97699557880187,8573.380546904868,-0.06740747203596703,25.345864514300523,0.127345357334258,-0.02139301808223043,12.549327073052208,9.46488086394916
1.5269999999999426,5.57715525553389,39.48928932424495,40.00073939923022,8571.042492214381,-0.06768591188905249,25.353150754450777,0.12777975900049576,-0.021527028854488872,12.552643138485656,9.464373805130865
1.5279999999999425,5.584356314175016,39.525147497155245,40.025432972475706,8568.938242992943,-0.06796299308185494,25.36012152579864,0.12821459103750527,-0.021662171805484687,12.555825074623986,9.463908579849486
1.5289999999999424,5.591914623100259,39.57334883125347,40.050126545721184,8567.044418693647,-0.0682390802530003,25.36738201138803,0.12865198579026055,-0.021797847146822924,12.55908999698642,9.46339450519215
1.5299999999999423,5.599479907836788,39.61506479699232,40.073870366149535,8565.339976824282,-0.06851796299317692,25.374688490814265,0.1290897085246785,-0.021932466526479177,12.562409320699498,9.462891836227296
1.5309999999999422,5.60676581312992,39.6540380114965,40.09856393939502,8563.805979141853,-0.06879642899413385,25.38173307943172,0.12952662606940768,-0.022067363907587734,12.565625457658875,9.462419705433085
1.531999999999942,5.614344800416971,39.70368477061794,40.122307759823364,8562.425381227667,-0.06907419336132992,25.389011984233335,0.12996477373872412,-0.0222016728453156,12.568900626827205,9.4619093077596
1.532999999999942,5.621578700957003,39.74242271533122,40.14700133306886,8561.1828431049,-0.06935334445832592,25.39600922332763,0.1304010538709327,-0.02233659249683373,12.572084080874102,9.46144783724236
1.5339999999999419,5.629236608839647,39.79500227415726,40.170745153497194,8560.06455879441,-0.069632544144477,25.403353474069988,0.13083843763245057,-0.0224714067801986,12.575381855943462,9.460926307970485
1.5349999999999417,5.636483646375641,39.83344110090267,40.19543872674268,8559.058102914969,-0.06991368140250304,25.41036829079531,0.13127327179142917,-0.022605822817977128,12.578580129661743,9.460467228580704
1.5359999999999416,5.644090065044345,39.88628024123751,40.21918254717103,8558.152292623472,-0.07019400325602493,25.417662031668428,0.13170914002770173,-0.022740781029238988,12.58185605827654,9.459952294742218
1.5369999999999415,5.651415570761062,39.92794816920976,40.242926367599374,8557.337063361125,-0.07047618022615842,25.424739219984193,0.13214320693474524,-0.02287502713723788,12.585069589325204,9.459484353097436
1.5379999999999414,5.658747572430102,39.975707136312266,40.26667018802772,8556.603357025013,-0.07075725788093912,25.43178928428923,0.1325770765174626,-0.02301087629320553,12.588248498910005,9.459004377187512
1.5389999999999413,5.666020653367807,40.0219839263239,40.29136376127321,8555.943021322511,-0.07103864376791535,25.438789625046827,0.13301002590057165,-0.023146762131763032,12.591401781001618,9.45853527115032
1.5399999999999412,5.673719782597581,40.075931292790834,40.315107581701554,8555.34871919026,-0.0713217313616758,25.446173391650717,0.13344407979816403,-0.023282028836994983,12.594712731554687,9.458013835455288
1.540999999999941,5.681006062345315,40.1162483658873,40.338851402129904,8554.813847271234,-0.07160641028808767,25.4532222856446,0.13387608573374155,-0.023416074584862556,12.597928330636359,9.457553168725681
1.541999999999941,5.688364318600952,40.166692323019824,40.36259522255825,8554.332462544111,-0.07188853439252807,25.460286274650812,0.13430894435058177,-0.023550897756262623,12.601106267169321,9.457071360693124
1.5429999999999409,5.695729096089504,40.21513197666722,40.3863390429866,8553.899216289701,-0.0721711232911878,25.467368669925442,0.1347420943153424,-0.023685507043110676,12.604288322428598,9.456595380420959
1.5439999999999408,5.703100399842353,40.263363745419284,40.41008286341495,8553.509294660731,-0.07245427725085307,25.474459297438518,0.1351755066228389,-0.02382083170773236,12.607481792128361,9.45611648856524
1.5449999999999406,5.710478234894496,40.311818160030356,40.4338266838433,8553.158365194658,-0.07273764833398316,25.4815556246356,0.1356091496099539,-0.02395553874603379,12.610679668398591,9.455638661581286
1.5459999999999405,5.717862606284533,40.3605313716404,40.457570504271644,8552.842528675192,-0.07302099378224142,25.488657420036425,0.13604322676673203,-0.024090071008829927,12.613878544344116,9.4551606754266
1.5469999999999404,5.72525351905468,40.409454615958765,40.481314324699994,8552.558275807673,-0.07330436103807197,25.495764921335592,0.13647782652180135,-0.024224176908767325,12.617078560235475,9.454682914933905
1.5479999999999403,5.732650978250784,40.45855457215093,40.50410839231121,8552.302448226907,-0.07358779112139768,25.502878280289163,0.1369130865239258,-0.024357986412553878,12.620280256139264,9.454205318557849
1.5489999999999402,5.739698172299705,40.50207755201241,40.52785221273956,8552.072203404216,-0.07386999284878193,25.50967319518812,0.13734743473294253,-0.024492919083468623,12.623349394348342,9.453768795375177
1.54999999999994,5.747108442796272,40.55727403272709,40.551596033167904,8551.864983063795,-0.07415134861382033,25.516765240302895,0.13778349430644676,-0.02462829335653105,12.626506854343452,9.45328091042924
1.55099999999994,5.754525274656209,40.60504953569123,40.57533985359626,8526.678484757416,-0.07443524283475422,25.523906236940732,0.13821912640598955,-0.024762151181247416,12.629722492906373,9.452804434367234
1.5519999999999399,5.761948672939692,40.55025817392536,40.59813392120747,8504.010636281675,-0.0747256471025326,25.531360637517412,0.1386643542992687,-0.024877120700276534,12.633305260205455,9.452216023205736
1.5529999999999398,5.769086593028396,40.487932071085154,40.62187774163582,8483.609572653508,-0.07501304651561547,25.5385987905491,0.1391089921223,-0.024968961523639865,12.636879836669689,9.451695439952505
1.5539999999999397,5.776522879187749,40.44938364854958,40.644671809247036,8465.248615388158,-0.07528117714947052,25.54602542089338,0.13956488020606272,-0.02506427955777185,12.640453243878753,9.451134394000366
1.5549999999999395,5.783607171689598,40.41005735674762,40.66841562967538,8448.723753849343,-0.07553270626027736,25.55312697674919,0.14003144143049207,-0.02516564173028385,12.643860021978146,9.450637888519402
1.5559999999999394,5.791122380376946,40.39244244130682,40.691209697286595,8433.85137846441,-0.0757704495788874,25.56055604356812,0.1405135629774355,-0.02527178584555928,12.647340631091499,9.450089368658784
1.5569999999999393,5.798219005747881,40.36699305182272,40.714953517714946,8420.466240617969,-0.07599910973367152,25.567629276833397,0.1410067698644763,-0.025378822735428408,12.650693198643996,9.449617882450815
1.5579999999999392,5.805747214749171,40.36319804104959,40.73774758532616,8408.419616556172,-0.07621896186874122,25.575026996270545,0.14151382541029905,-0.025487809886743262,12.654125785717108,9.449092145926318
1.558999999999939,5.812856191661157,40.35030582479786,40.76054165293737,8397.577654900555,-0.07643508492212564,25.582072044329276,0.1420280209961639,-0.0255971544445443,12.657430354981651,9.448641924902049
1.559999999999939,5.820037388718354,40.35208107271952,40.78333572054859,8387.8198894105,-0.07664738462184129,25.589118783764626,0.1425485051931653,-0.025710287675330068,12.6606835338384,9.448173706632122
1.5609999999999389,5.827224684330397,40.356257796143,40.807079540976936,8379.037900469451,-0.0768618038648487,25.59616976633946,0.1430704996559794,-0.025824693834857804,12.663925824710327,9.44771660338084
1.5619999999999388,5.834712417817307,40.3690452472582,40.82987360858816,8371.134110422507,-0.07708178775860858,25.60348279750736,0.14359179901525926,-0.025941024875790974,12.667273928423906,9.447224413334364
1.5629999999999387,5.841912175654064,40.37630508706257,40.85266767619936,8364.020699380257,-0.07730829026516112,25.61054910354482,0.14410709076124617,-0.02605834048700273,12.670540950864337,9.44677658125943
1.5639999999999386,5.849118045781109,40.39339649039681,40.87546174381058,8357.618629442231,-0.07753940535540665,25.617573952239297,0.14461626934632288,-0.026179016260303445,12.673750102790478,9.446318267182946
1.5649999999999384,5.856330032721036,40.41285078149034,40.8982558114218,8351.856766498007,-0.07777774077333494,25.62459921262998,0.14511767402720283,-0.026302044813839964,12.676945208202602,9.445862135619866
1.5659999999999383,5.863548140999543,40.43462957543481,40.921049879033006,8346.671089848207,-0.07802364325848454,25.631624390057297,0.14561052593969287,-0.02642800418409974,12.680141452777319,9.445402721654037
1.5669999999999382,5.870772375145446,40.458905167731096,40.94384394664422,8342.003980863386,-0.07827634637972775,25.63864777773777,0.14609477448646957,-0.02655547990592233,12.68333597969221,9.444942528211772
1.567999999999938,5.87800273969068,40.485555774129296,40.966638014255444,8337.803582777047,-0.07853476880006066,25.645669453768352,0.1465711267500755,-0.02668429155879254,12.686525841127677,9.444481037061367
1.568999999999938,5.885239239170291,40.51434773487655,40.98943208186665,8334.023224499342,-0.07879791212709314,25.652690186753603,0.14704061928426998,-0.026813829868040595,12.689711154530109,9.444018774129605
1.569999999999938,5.892481878122457,40.54505754450622,41.01127639666073,8330.620902049408,-0.07906475256645712,25.659710738533384,0.14750456356278452,-0.026943788221006904,12.692892833935312,9.443556067992281
1.5709999999999378,5.899367459513858,40.571713868763965,41.034070464271956,8327.558811844468,-0.07933279795381981,25.666401573524382,0.1479625242971272,-0.02707532787931427,12.695934947198582,9.443134872432047
1.5719999999999377,5.906622101505413,40.611606293080925,41.05686453188316,8324.802930660022,-0.07960183817922317,25.673389415949845,0.14841867967245087,-0.02720749265413419,12.69906179003608,9.442661039817335
1.5729999999999376,5.913949564846496,40.64627350990256,41.07870884667724,8322.322637594021,-0.07987469542913583,25.68048350674399,0.14887218470151414,-0.02733754864427762,12.702268778312622,9.44219244744701
1.5739999999999374,5.920852494662658,40.675327056947346,41.10150291428847,8320.09037383462,-0.08014648403148122,25.687188258273963,0.1493222455814862,-0.02746794184481194,12.705326917509016,9.441772081153765
1.5749999999999373,5.928125355190216,40.71933629531109,41.12429698189967,8318.08133645116,-0.08041639835488174,25.69417993418472,0.1497735194210157,-0.02759741453415082,12.70845017874801,9.441299892206304
1.5759999999999372,5.935471158027714,40.75766787293575,41.146141296693756,8316.273202806044,-0.08068854003601722,25.70127964907069,0.15022490458584015,-0.02772475134032487,12.71164844827439,9.440833745123426
1.5769999999999371,5.942391474310865,40.7898798195989,41.168935364304964,8314.64588252544,-0.08095891624319429,25.70799113732261,0.15067503424821777,-0.027852710145258086,12.714700039265471,9.440416072067986
1.577999999999937,5.949749440451183,40.83779237347643,41.190779679099045,8313.181294272896,-0.08122751921474991,25.71505222692657,0.15112845830156973,-0.027979972086574545,12.717844354976059,9.439939092686966
1.578999999999937,5.956681288033139,40.87071603018592,41.21262399389313,8311.863164845607,-0.08149678996331111,25.72177491106655,0.15158075926181275,-0.02810720572957892,12.720886027646397,9.43952758443403
1.5799999999999368,5.963685668254149,40.91365020893639,41.23541806150434,8310.676848361047,-0.08176366658450668,25.72851430900487,0.15203428590435408,-0.02823640608103417,12.72389997063113,9.439091371409724
1.5809999999999367,5.97106178412412,40.96059122251909,41.25726237629843,8309.609163524943,-0.08203254173003582,25.73560396425613,0.15248958364287862,-0.028363146288831353,12.727058555243453,9.438620911123529
1.5819999999999366,5.978010838486811,40.99484910563337,41.27910669109251,8308.648247172448,-0.08230214819262704,25.74234061795356,0.15294288091082858,-0.028490017687136437,12.73011370302292,9.438208066371647
1.5829999999999365,5.985032544012795,41.03956317919969,41.30095100588659,8307.783422455203,-0.08256917454745244,25.749091060494763,0.15339678894044967,-0.02861737822121757,12.733129679259068,9.437773854801382
1.5839999999999363,5.992059951293922,41.08232784852801,41.32279532068067,8307.005080209681,-0.08283671021649075,25.755859420392838,0.15385026700133103,-0.028744263860640884,12.736149472994512,9.437345631984105
1.5849999999999362,5.999093064369524,41.125036549600374,41.345589388291884,8306.304572188714,-0.08310487052752269,25.762634801141566,0.15430288816724136,-0.02887174306456569,12.73918065673272,9.436913891223904
1.5859999999999361,6.006499345163317,41.17397416056229,41.367433703085965,8305.674114969843,-0.08337492510159406,25.76974855702246,0.15475636970499507,-0.02899679490081153,12.742353918763692,9.436441040951683
1.586999999999936,6.013476997531524,41.21043889333559,41.389278017880045,8305.106703472858,-0.08364536892722485,25.776505973194098,0.15520752386516723,-0.02912107411630882,12.745413546325734,9.436029166404296
1.587999999999936,6.020527497901923,41.257197755631196,41.41017257985699,8304.596033125574,-0.08391325064079203,25.783277820630282,0.15565964310137237,-0.029246770012092138,12.748431909560079,9.435594458448609
1.5889999999999358,6.027282655496616,41.296978503692266,41.43201689465108,8304.136429813017,-0.08418057511721877,25.7897948699389,0.15611030861060243,-0.029373464642928337,12.751342365037624,9.43520077543805
1.5899999999999357,6.034344358227878,41.34620105424423,41.45386120944515,8303.722786831717,-0.08444823820215863,25.796564911537907,0.15656186093726032,-0.029501986878722297,12.754338130569352,9.43475943246069
1.5909999999999356,6.041411791045606,41.389280014305925,41.47570552423923,8303.350508148545,-0.0847184481572677,25.80337647224841,0.15701201473672471,-0.02962837348937808,12.757385776308357,9.434329947963473
1.5919999999999355,6.048484958007818,41.43350929050595,41.49754983903332,8303.015457333691,-0.08498866671495847,25.810187665268934,0.15746141633717042,-0.029754254051041484,12.760439193594724,9.433896437888688
1.5929999999999354,6.055563863175196,41.47853404562354,41.51844440101026,8302.713911600324,-0.0852584267691493,25.81700042033933,0.15791057943552794,-0.029878300152216375,12.763485035296455,9.433465223089442
1.5939999999999352,6.062346224540215,41.51904582404847,41.540288715804344,8302.44252044029,-0.0855265271866193,25.823542813954326,0.15835844626423723,-0.030003266924107874,12.766414507552398,9.433067976204654
1.5949999999999351,6.069436371445216,41.56941864505303,41.56213303059842,8302.198268396261,-0.08579410328175496,25.830336757019303,0.1588079057108283,-0.030128527196686128,12.769418556720725,9.432626654666294
1.595999999999935,6.076532268578154,41.6135127179343,41.58302759257537,8301.978441556636,-0.0860637566156664,25.83717280449356,0.15925711829569777,-0.030252322042009006,12.772472279404347,9.432196439074499
1.596999999999935,6.083330903435752,41.6538045342324,41.60487190736945,8301.780597400972,-0.0863319203496376,25.84373361965315,0.15970515315022688,-0.030377155347013407,12.775418968071927,9.431797523296904
1.5979999999999348,6.090438065856777,41.704550125933544,41.625766469346395,8301.602537660874,-0.08659919140557187,25.85054321669312,0.16015517616128733,-0.030501420540744284,12.778432049957978,9.431356618272602
1.5989999999999347,6.097247489666781,41.744271154925315,41.647610784140475,8301.442283894787,-0.08686701287860665,25.857118506005754,0.1606037864589568,-0.030625487450231748,12.781375975016399,9.430961213843185
1.5999999999999346,6.104365932987065,41.79471623183267,41.66850534611742,8301.298055505307,-0.08713445231483324,25.86394152119197,0.1610542547312212,-0.03074987843255028,12.784400038295997,9.43051803898461
1.6009999999999345,6.111186160697663,41.834545314034244,41.68939990809438,8301.168249954777,-0.08740224524230894,25.870527330555014,0.16150325182018455,-0.030872844434634394,12.787351140713396,9.430123317110764
1.6019999999999344,6.118011677262657,41.88039376931585,41.71029447007132,8301.0514249593,-0.08766797619010797,25.8770840240654,0.16195267002380176,-0.030997801607349273,12.790264298164193,9.429714566600309
1.6029999999999343,6.124774768914273,41.924298547688025,41.73213878486539,8300.94628246337,-0.08793330867896948,25.883589524587933,0.1624013409130617,-0.031122085055054927,12.793151919312088,9.429317538567542
1.6039999999999341,6.13198328988619,41.97584474669006,41.753033346842344,8300.851654217033,-0.08820038683110604,25.89049686128505,0.1628516043899042,-0.03124545558970182,12.796206221419204,9.428865043754588
1.604999999999934,6.138824932411381,42.01396530315644,41.773927908819296,8280.766488795329,-0.08846821135111776,25.89711442760618,0.16329945067467722,-0.031366506094060276,12.799186389296473,9.428470352542774
1.605999999999934,6.145671878290779,41.97185750976479,41.794822470796234,8262.689839915796,-0.08873844255593058,25.90396361278107,0.16375726875616997,-0.031473710314845416,12.802422474214676,9.427965695843522
1.6069999999999338,6.152524131114681,41.925600340367524,41.815717032773186,8246.420855924218,-0.08900617500959035,25.91086425081027,0.1642157438828537,-0.03155916853936702,12.805745389994637,9.42749721456984
1.6079999999999337,6.159381694475654,41.89086241790362,41.83661159475013,8231.778770331795,-0.08925703268550894,25.91772543464025,0.16468314558174685,-0.031648937869652616,12.8090191622938,9.42702593761306
1.6089999999999336,6.166244571968527,41.865566120063264,41.85750615672708,8218.600893298615,-0.08949176587255761,25.924556704579103,0.16516172858451683,-0.031742431820037886,12.812229703956808,9.426567838674702
1.6099999999999335,6.173112767190403,41.84736887076276,41.87840071870402,8206.740803968754,-0.0897135907961614,25.93136952581623,0.16565289102915115,-0.031839684620383,12.815402626305335,9.426117807714938
1.6109999999999334,6.179986283740643,41.8352403753004,41.899295280680974,8196.06672357188,-0.0899253772849902,25.938168079797347,0.16615614952370383,-0.03193768332566099,12.81855239731828,9.425678948486022
1.6119999999999333,6.186865125220879,41.828646953570335,41.919240089840784,8186.460051214692,-0.09012936338717376,25.94495389650504,0.16667024104420963,-0.03203654836944486,12.821681998907192,9.425249860377534
1.6129999999999332,6.193374393474107,41.82117488301974,41.94013465181773,8177.814046093223,-0.09032642287143045,25.951387588157004,0.16719072460157136,-0.03213783870602749,12.824651236734528,9.424871907559952
1.613999999999933,6.200331712491207,41.831376352101785,41.96102921379467,8170.032641483901,-0.09052136002483396,25.958178639763855,0.16771840001396232,-0.032240830515817,12.827718648489933,9.424436749385773
1.614999999999933,6.207226310872263,41.83554827381172,41.98097402295449,8163.029377335511,-0.09071985095633567,25.9649518883314,0.16824658624455124,-0.03234297966829053,12.830813066154757,9.42402994099086
1.6159999999999328,6.21375053843586,41.84001669655132,42.00186858493143,8156.72643960196,-0.09091906636489441,25.9713620964219,0.1687712575842717,-0.032448720536800646,12.833749263971596,9.423660578017449
1.6169999999999327,6.22072373565111,41.861468939589315,42.02276314690839,8151.053795641764,-0.09112252832956419,25.97813139400432,0.16929410540969453,-0.03255547019997129,12.83677901952143,9.423232226240803
1.6179999999999326,6.227634122460423,41.87577696627376,42.04270795606819,8145.948416077587,-0.0913344736128299,25.984886577221065,0.16981011844285437,-0.03266257275805351,12.839839055955203,9.422826880875025
1.6189999999999325,6.234241596574292,41.890408712892935,42.06265276522801,8141.353574469828,-0.09155086595051193,25.991343590068098,0.17031753436438152,-0.032773213823636904,12.842772860544972,9.422448948788926
1.6199999999999324,6.24078566453792,41.911926587140414,42.083547327204954,8137.218217022845,-0.09177106101225901,25.99770330246848,0.1708170767387483,-0.032886804846272655,12.845622406272554,9.422071076092948
1.6209999999999323,6.247779920677817,41.94227525345747,42.10349213636477,8133.496395320561,-0.09199946178822072,26.004467667899384,0.1713107375216847,-0.03300166965261564,12.848628694014225,9.421639121260572
1.6219999999999322,6.254402285017233,41.960388487526146,42.12343694552458,8130.146755788504,-0.09223466320862275,26.010935762049762,0.17179419589463674,-0.033116781545723006,12.851563979442272,9.42126282819623
1.622999999999932,6.260961153584956,41.98735020772758,42.144331507501526,8127.132080209654,-0.09247144989695064,26.017293542778745,0.17227067924312395,-0.03323458104622068,12.85441673241138,9.420877754843412
1.623999999999932,6.26797111918814,42.0231876580462,42.164276316661336,8124.418872188689,-0.09271353499614057,26.02405510754261,0.17274356832254462,-0.033350623725831696,12.857415840763302,9.420443814582455
1.6249999999999318,6.274608403076459,42.04626773072397,42.18422112582115,8121.9769849698205,-0.09295952072137889,26.030521360160307,0.173209545379085,-0.033466567236380196,12.860341003187486,9.420064984421035
1.6259999999999317,6.281250589859836,42.07875586290559,42.20416593498096,8119.779286472839,-0.09320491275484616,26.03694124953018,0.1736725529751461,-0.03358393353267952,12.863211067445752,9.419671059543152
1.6269999999999316,6.287897682704068,42.11151231525706,42.22411074414077,8117.801357825555,-0.09345138895405114,26.043367333430318,0.1741332445148831,-0.0337006515831918,12.86607070660896,9.41928249250846
1.6279999999999315,6.294549684776851,42.144684595814624,42.24405555330059,8116.021222042999,-0.0936989608778731,26.049798550772632,0.17459215662387023,-0.033818364722857486,12.868937596926976,9.418891061240206
1.6289999999999314,6.301206599247783,42.17869948574588,42.2640003624604,8114.419099838699,-0.09394705273820533,26.056232130143314,0.17504966983908637,-0.03393502280285493,12.871808016162253,9.418501021497764
1.6299999999999313,6.307868429288374,42.21362562682959,42.28394517162022,8112.97718985483,-0.09419503616941105,26.062667455808054,0.17550641731092065,-0.03405105504700784,12.874677406224551,9.4181111421324
1.6309999999999312,6.314535178072036,42.24937578466892,42.303889980780035,8111.679470869347,-0.094442684974744,26.06910482322371,0.17596281680329406,-0.03416611679780546,12.877545055724179,9.417721897829566
1.631999999999931,6.321206848774097,42.28585374622554,42.3228850371227,8110.511523782412,-0.09468990526268209,26.07554459533316,0.17641921707546437,-0.034280321214681164,12.880411546535116,9.417333208413067
1.632999999999931,6.327503228388287,42.31699196596388,42.34282984628252,8109.460371404171,-0.09493466159008199,26.081641417155197,0.1768736105581603,-0.034395442166829215,12.883134510655147,9.416988400765387
1.6339999999999308,6.334253236500907,42.36198905274526,42.36277465544234,8108.514334263755,-0.0951791266786556,26.088113071506626,0.17733025902402028,-0.03451068819601655,12.885974621461296,9.41657943752495
1.6349999999999307,6.340939460246312,42.397240453193696,42.38176971178501,8107.662900837379,-0.09542599086801004,26.09457863336447,0.17778550824427675,-0.03462289897915227,12.888857460649882,9.41619644800752
1.6359999999999306,6.347249621112431,42.429527498878,42.40171452094482,8106.896610753642,-0.09566996467471495,26.1006863504863,0.17823834068179412,-0.03473682843156972,12.891593363389283,9.415849119692814
1.6369999999999305,6.354014297351703,42.47607247958769,42.42165933010464,8106.206949678278,-0.09591334495226478,26.107167061689083,0.17869335125775804,-0.034849315141988246,12.894435377868312,9.415441422768597
1.6379999999999304,6.360715101892957,42.51271931779324,42.440654386447314,8105.58625471045,-0.09615915635557779,26.113642157403262,0.17914721241310494,-0.03495952780533024,12.897317249091087,9.415058253246325
1.6389999999999303,6.36710797961319,42.547297759635,42.460599195607124,8105.027629239405,-0.09640276844885559,26.11982205701265,0.1795993450636426,-0.03507127835156526,12.900079090212056,9.414703434967162
1.6399999999999302,6.373818442621458,42.59273469529428,42.47959425194981,8104.524866315464,-0.096645801571861,26.126257388062385,0.18005346450983994,-0.03518228698879772,12.90290589573084,9.414306190004355
1.64099999999993,6.380220530783877,42.62689029325968,42.49858930829249,8104.072379683918,-0.09688937203812534,26.13245028510429,0.1805055970850517,-0.03529344970237508,12.905661195950948,9.413956320962132
1.64199999999993,6.386627117583131,42.66726448833958,42.51758436463517,8103.665141715526,-0.09713144284638073,26.138612243790792,0.18095754030995653,-0.03540692306441923,12.908381677217749,9.413591711330202
1.6429999999999298,6.39296916974233,42.70581858805091,42.53752917379499,8103.298627543973,-0.09737346651727996,26.14472068508639,0.18140804026236884,-0.03551977244058552,12.911075910295882,9.41323939199248
1.6439999999999297,6.399767789161312,42.75230535173002,42.55652423013766,8102.968764789576,-0.09761798714770206,26.15124037888907,0.18185972823472163,-0.035631810990116364,12.913940123858751,9.412829705857348
1.6449999999999296,6.406188110751093,42.785165730210664,42.575519286480336,8102.671888310619,-0.09786324706224733,26.157461069739412,0.182307882121017,-0.03574103871666662,12.916727270473764,9.412480664981086
1.6459999999999295,6.412612942183783,42.826586437685165,42.59451434282301,8102.404699479557,-0.09810550778981089,26.163637060239484,0.18275601341891368,-0.03585200988583598,12.919457031020578,9.412114002151736
1.6469999999999294,6.419042286230663,42.86722668147326,42.61350939916569,8102.164229531601,-0.09834742137271582,26.169822385138875,0.1832037515086582,-0.03596152535636854,12.92217849351748,9.4117532104322
1.6479999999999293,6.425476145664601,42.907326121156146,42.63250445550838,8101.9478065784415,-0.09858950604996639,26.17601569808683,0.18365095389235592,-0.03607223744376825,12.924910804903327,9.411388640889434
1.6489999999999292,6.431914523260057,42.947424558895534,42.651499511851064,8101.753025920598,-0.09883158542505668,26.182213802558124,0.18409744370826908,-0.036182040039323404,12.927649864036027,9.411024950037785
1.649999999999929,6.438357421793072,42.98768392379175,42.67049456819373,8101.577723328538,-0.09907332237427743,26.188415754284833,0.18454346106200364,-0.0362915572118353,12.930390580117422,9.410660660632256
1.650999999999929,6.444804844041271,43.028091640830084,42.689489624536414,8101.419950995684,-0.09931472059783497,26.194621601766066,0.18498914796160143,-0.036400388506188375,12.933131953055419,9.410296372369206
1.6519999999999289,6.451256792783894,43.068617298434475,42.70753492806196,8101.277955896116,-0.09955580749404544,26.200831492746385,0.18543470964664116,-0.03650861990346915,12.935874386712982,9.409932011749166
1.6529999999999287,6.457327924255184,43.103173351744466,42.726529984404635,8101.150160306504,-0.09979440437330103,26.20669521508821,0.18587795620427,-0.03661804838878813,12.938473338598609,9.409611485185946
1.6539999999999286,6.463858060845511,43.151272990055816,42.74552504074732,8101.035144275854,-0.10003305527947984,26.212939743919705,0.1863234816838602,-0.03672787132119215,12.941193192489541,9.409225018732107
1.6549999999999285,6.470323382103628,43.18903932914752,42.76357034427286,8100.931629848268,-0.10027415613192298,26.21917946964719,0.18676742978569016,-0.03683445991040851,12.943957659117455,9.40886527075272
1.6559999999999284,6.476407141462158,43.22339118799586,42.78256540061554,8100.838466863442,-0.10051213723299154,26.22505747459886,0.18720883181738157,-0.036943146725775866,12.946574746800435,9.408540755152533
1.6569999999999283,6.482950759494884,43.271825380880045,42.801560456958214,8100.754620177097,-0.10074962226997147,26.23131394110409,0.18765269389217504,-0.03705031994928648,12.949300971746851,9.408154637145685
1.6579999999999282,6.489429477517868,43.30989453134417,42.81960576048376,8100.679158159388,-0.10098929846378626,26.23756567383942,0.18809553675201085,-0.0371549438005811,12.952068304894143,9.407793886882008
1.658999999999928,6.495595423663503,43.34556188015088,42.8376510640093,8100.61124234345,-0.10122630754998024,26.243518574115168,0.1885368316701832,-0.03726130757236623,12.95471491654045,9.407461282480632
1.659999999999928,6.501695914763461,43.38587833343186,42.85664612035198,8100.550118109105,-0.10146028111594765,26.249379079793556,0.18897812139751902,-0.03736849000734083,12.957283095104586,9.407129395557117
1.6609999999999279,6.508257395320582,43.43301947696701,42.87469142387753,8100.4951062981945,-0.10169653252645894,26.25566124260483,0.18942169104347512,-0.03747498508602953,12.960018732842219,9.406743427365985
1.6619999999999278,6.514435894887859,43.4655943148131,42.892736727403076,8100.445595668375,-0.10193353470985983,26.26164480754424,0.18986204505736987,-0.037579985340671807,12.962686129127075,9.406416848310691
1.6629999999999276,6.520548855125269,43.5054868483671,42.91173178374576,8070.401036101538,-0.10216713937570004,26.267520468551616,0.19030200516874451,-0.03768711707166672,12.965274571344137,9.406080380337409
1.6639999999999275,6.527123647401479,43.41211118570321,42.9297770872713,8043.360932491384,-0.1024112512704406,26.27425838611964,0.19076117207666304,-0.03776734162064721,12.968519850836492,9.40554163846012
1.6649999999999274,6.533314722760218,43.29867036537074,42.94782239079685,8019.024839242245,-0.10265114240301645,26.280764791999356,0.19121856898645528,-0.037811201721339616,12.971841756720643,9.40511655602112
1.6659999999999273,6.539509923682004,43.21300276126945,42.96586769432239,7997.122355318021,-0.1028587323282541,26.28714851131975,0.19169184721980403,-0.03786319877009742,12.975014353103806,9.404672275396951
1.6669999999999272,6.545709252573579,43.141648142215175,42.98391299784793,7977.410119786219,-0.10303802956342936,26.293483740004163,0.1921846481007624,-0.03792003345110767,12.978065150326898,9.404254950225772
1.667999999999927,6.551912711843016,43.08086253537904,43.00195830137348,7959.669107807597,-0.10319505765314785,26.299788994310482,0.19269882015274276,-0.03798464616702285,12.981061640867242,9.403846838612955
1.668999999999927,6.558120303899686,43.029532605567184,43.020003604899024,7943.702197026838,-0.1033344008590103,26.3060678591189,0.1932329489372714,-0.03804991061626728,12.984025441314342,9.403458106576457
1.6699999999999269,6.564332031154267,42.98700719226289,43.03709915560743,7929.331977324155,-0.10345936841995576,26.312321652972884,0.19378481575581036,-0.038116837890406485,12.986956105907318,9.403084565444585
1.6709999999999268,6.570158101541502,42.946433790520196,43.055144459132975,7916.398779591739,-0.10357214951493535,26.318198251230378,0.19434783522399124,-0.038186674906111606,12.989707043218448,9.40276896467648
1.6719999999999267,6.576377861505674,42.925568823252576,43.07318976265853,7904.7589016325655,-0.10368033669707238,26.324371425712016,0.19492117108495322,-0.03825923265023745,12.99252140015905,9.402404105908616
1.6729999999999265,6.58260176376892,42.90293895440486,43.091235066184076,7894.283011469309,-0.10379154220425096,26.330575162818185,0.19549598778456212,-0.038330893857113635,12.995370212712077,9.40206277854602
1.6739999999999264,6.588899799414382,42.88838871046036,43.10833061689248,7884.854710322378,-0.10390733198762667,26.336820350099412,0.19606843025375187,-0.038405394120862746,12.99823047657592,9.401710446232855
1.6749999999999263,6.594741261448428,42.871544570165725,43.12637592041802,7876.36923929014,-0.10402745903715693,26.34263530938329,0.1966314726915978,-0.03848266907601278,13.00089733608656,9.401417728857625
1.6759999999999262,6.600977389829586,42.87357548459728,43.14347147112644,7868.732315361126,-0.10415627651863907,26.348746307969797,0.1971873447293227,-0.03856558871607857,13.003625515919287,9.401060891839462
1.676999999999926,6.606896507133709,42.86636441804789,43.161516774651986,7861.859083825014,-0.1042966093417051,26.354604928759414,0.19772829943690406,-0.03865024876222284,13.006279409524096,9.40075818261636
1.677999999999926,6.613140726099385,42.87423170866173,43.1786123253604,7855.673175442513,-0.10444809508948757,26.360710006878467,0.19825763979422123,-0.038740354767431984,13.009010081052573,9.400397710934609
1.6789999999999259,6.619067518714379,42.87447035217133,43.19665762888594,7850.105857898262,-0.10461011428116726,26.366550886288408,0.1987707955914531,-0.038830451156743995,13.011651526025997,9.400090128873394
1.6799999999999258,6.625319837455822,42.889184543312346,43.21375317959435,7845.095272108436,-0.10478171420910326,26.37264034505261,0.19927314752988556,-0.03892500312696556,13.014363188906795,9.399725356964023
1.6809999999999257,6.631254314098995,42.89547430845555,43.23084873030276,7840.585744897592,-0.10496192889428346,26.378468257862814,0.19976137837005087,-0.0390185882480133,13.01698821044711,9.399413833366706
1.6819999999999256,6.637122311125795,42.909495209143444,43.247944281011165,7836.527170407833,-0.10514692936056877,26.384190677828773,0.20023921155502983,-0.03911753824317199,13.019540044943355,9.39909059295227
1.6829999999999254,6.643064246911917,42.927052400706785,43.26598958453671,7832.87445336705,-0.10533803020773558,26.38997195200968,0.20070823480994676,-0.03921608542241717,13.022101439541508,9.398761832644876
1.6839999999999253,6.649402827743553,42.95073453630732,43.28308513524512,7829.587008030345,-0.10553694037929304,26.396119188011056,0.20117183022191992,-0.039314048419698155,13.024825629311074,9.398387308036003
1.6849999999999252,6.655352493472402,42.963876343868,43.300180685953535,7826.628307227311,-0.10573909569493178,26.401943887281522,0.201626992311003,-0.03940986333749574,13.027456842755834,9.398072309904892
1.6859999999999251,6.661305910472518,42.98723385173598,43.317276236661954,7823.96547650458,-0.10594042128593609,26.407716521912917,0.20207902274951095,-0.03950784591437806,13.03002084142562,9.397739816528562
1.686999999999925,6.667263080815855,43.01105000259856,43.33437178737036,7821.568928854122,-0.10614307617744542,26.413493894439732,0.2025286366151457,-0.03960430029152873,13.032571541547028,9.397414283582773
1.687999999999925,6.673224006575436,43.03549985811496,43.35146733807877,7819.4120359687095,-0.10634702786319425,26.419274670176087,0.20297644894767597,-0.03970195040661073,13.035129716974703,9.397085734827993
1.6889999999999248,6.679188689825344,43.06104373533846,43.36761313597004,7817.470832371839,-0.10655165325411048,26.425055769595552,0.20342283768535946,-0.039798386825394994,13.0376909031271,9.396759218630303
1.6899999999999247,6.684762829541083,43.08161630136535,43.38470868667845,7815.723749134655,-0.10675382257531496,26.430478130744525,0.2038657107671515,-0.039896159231424755,13.040101909387504,9.396477735648995
1.6909999999999246,6.690734799381626,43.11579975713755,43.40180423738687,7814.15137422119,-0.1069561182531788,26.43622092932287,0.20430982693477612,-0.03999425123470857,13.042604577773323,9.396136814672825
1.6919999999999245,6.696710532815286,43.14251978935356,43.41889978809528,7812.736236799071,-0.10716104988911529,26.442013526898606,0.20475169592648484,-0.04008815644030361,13.045166438671506,9.39581452048283
1.6929999999999243,6.702690031920358,43.171187245376075,43.43504558598656,7811.4626131191635,-0.10736555623279093,26.44780047967351,0.2051922096971936,-0.04018176168240678,13.047734726434916,9.395485924333094
1.6939999999999242,6.70827807093658,43.19520579919903,43.45214113669496,7810.316351807247,-0.10756655367421528,26.453224929996274,0.2056293710997717,-0.040274259283191394,13.05014241022372,9.395206407051893
1.6949999999999241,6.714335467237199,43.23373594249215,43.46828693458625,7809.284716626523,-0.10776755586337411,26.459035220505186,0.2060689056906207,-0.040367586447528414,13.052664623829465,9.394857498230703
1.695999999999924,6.719930384138451,43.25603646612003,43.48538248529466,7808.35624496387,-0.1079685724844488,26.46447968703057,0.20650375838738178,-0.040458606645128514,13.055081962234274,9.394583586093802
1.696999999999924,6.72599517567067,43.29519437346705,43.50152828318594,7807.520620467483,-0.1081696368854552,26.470296447080585,0.20694066784696136,-0.04055190872674019,13.057618294341177,9.394231200042325
1.6979999999999238,6.73159697785835,43.31856814837519,43.518623833894345,7806.768558420735,-0.10837041095796654,26.475743962896786,0.207372930361718,-0.040641195048083,13.060038017652792,9.393958559663758
1.6989999999999237,6.737669172549354,43.358760453684454,43.534769631785615,7806.091702578661,-0.10857123632165802,26.48156429239691,0.20780764097193,-0.040733674410137644,13.062572519067878,9.393605380179212
1.6999999999999236,6.743277867432298,43.38300669966433,43.5509154296769,7805.482532320795,-0.10877205502312892,26.487015587017204,0.20823796771201875,-0.040821760034427446,13.064990961862353,9.393332960114936
1.7009999999999235,6.748960648649402,43.41781981685002,43.567061227568175,7804.934279088716,-0.10897055043749893,26.492479799540376,0.20866842699422822,-0.0409152957803221,13.067376672455609,9.3930246710627
1.7019999999999234,6.754646811022876,43.450339327513475,43.584156778276586,7804.440851179845,-0.10916995687225589,26.49796157805732,0.20909730468153043,-0.04100567795633614,13.06976878856755,9.392728477537121
1.7029999999999232,6.760662809341728,43.487744556131204,43.60030257616786,7803.99676606186,-0.1093720426014069,26.503745315664098,0.2095267517821099,-0.041096530884901394,13.072295482464058,9.392388695347549
1.7039999999999231,6.766355935257686,43.515027563019316,43.61644837405914,7803.597089455675,-0.10957409282264466,26.50926619166581,0.20995261891608696,-0.04118439163381793,13.074747234226377,9.392100913342873
1.704999999999923,6.772052447724383,43.549568120971514,43.632594171950416,7803.237380510108,-0.10977365809457565,26.514748382564505,0.21037837264453835,-0.0412746637003345,13.077147889892663,9.391796458050072
1.705999999999923,6.777752348507517,43.583424138575126,43.648739969841685,7802.913642459097,-0.1099732092638501,26.520238451676075,0.2108035709150326,-0.04136334820428583,13.079541662099151,9.39149779252483
1.7069999999999228,6.78345563937363,43.61686770324758,43.664885767732976,7802.622278213187,-0.11017312137855789,26.525734808179664,0.21122804470072587,-0.04145330574978684,13.081945191545202,9.391195546641857
1.7079999999999227,6.789162322090137,43.65037490111888,43.68008181280711,7802.360050391869,-0.11037321485569129,26.531234575570682,0.21165160245040116,-0.041542361678198136,13.084354449779031,9.39089426121016
1.7089999999999226,6.794473788019562,43.67788902152342,43.696227610698394,7802.124045352682,-0.11057050696944565,26.53637461554058,0.2120716351409928,-0.04163313005013147,13.086615298291404,9.390637515668548
1.7099999999999225,6.800187035802296,43.718289492481325,43.71237340858966,7801.911640817413,-0.11076805948060822,26.541841155790195,0.21249298210588163,-0.04172470384617066,13.088972567116015,9.39031933601288
1.7109999999999224,6.805903680629326,43.75035125944941,43.72851920648095,7801.720476735672,-0.11096826549736338,26.54736040249343,0.2129119041615164,-0.04181213218215296,13.091392423327095,9.390019922282079
1.7119999999999223,6.811623724271452,43.783677438624665,43.74371525155509,7801.548429062104,-0.11116799903469424,26.552875943393047,0.21332938759114511,-0.041899728605949926,13.093821523122209,9.389713082946715
1.7129999999999221,6.816947676272137,43.8116698707113,43.75986104944636,7801.393586155894,-0.11136396372717233,26.558026851807085,0.21374342131404928,-0.04198631116951945,13.096090601790015,9.389455451818257
1.713999999999922,6.822745414087941,43.853757398406586,43.775057094520506,7801.254227540305,-0.11155993403834288,26.563569072871747,0.21416017739104493,-0.042073985232245315,13.098477834277169,9.389126770203024
1.714999999999922,6.828075539647333,43.87892312455691,43.79120289241179,7801.1288047862745,-0.11175545194038733,26.568743184413485,0.21457236970236687,-0.04215911014027235,13.100760537372851,9.38887437082705
1.7159999999999218,6.833808774499498,43.91955579671772,43.80639893748592,7801.015924307647,-0.11195033617423422,26.574229834096244,0.21498672945988934,-0.04224722405829773,13.103138895667367,9.388549606276552
1.7169999999999217,6.839216248762494,43.94718959939083,43.821594982560065,7800.914331876882,-0.11214487318644326,26.579467143694476,0.21539764939611128,-0.04233075499415884,13.105444333669535,9.388287221223704
1.7179999999999216,6.844555528389876,43.980329952227564,43.83774078045134,7800.822898689194,-0.11233633502090093,26.584604091925826,0.215807733438385,-0.04241924054230073,13.107684288777099,9.388010246851277
1.7189999999999215,6.850369816618183,44.021107468354835,43.85293682552549,7800.740608820274,-0.11253035890703364,26.590171376340788,0.21621976550846717,-0.042503030814510956,13.110089249833251,9.387684677809764
1.7199999999999214,6.85571528535572,44.04598217747139,43.86813287059963,7800.666547938247,-0.11272366697366673,26.59536332821216,0.216627529656303,-0.0425862862654931,13.11239116297147,9.387427668271958
1.7209999999999213,6.861135032624475,44.081828180349085,43.88332891567378,7800.599893144423,-0.11291383162237609,26.600565217803904,0.2170357484428475,-0.04267202870879233,13.114655125740699,9.387139750307316
1.7219999999999211,6.866557811858109,44.1152310914878,43.89852496074792,7800.539903829981,-0.11310391964850469,26.605784548401722,0.21744324322763764,-0.04275511107838692,13.116921086279131,9.386862463310342
1.722999999999921,6.871983624543879,44.148178512532006,43.91372100582206,7800.485913446983,-0.11329393639416688,26.61100972158419,0.21784986455955796,-0.04283990354245032,13.1191993063752,9.386579197136017
1.723999999999921,6.877341094671214,44.18005129427009,43.92891705089621,7800.437322102285,-0.11348321474968298,26.61617290854018,0.2182548506297522,-0.042923306748667345,13.121455694270475,9.386305926021745
1.7249999999999208,6.882772952808474,44.21430055484446,43.944113095970344,7800.393589892057,-0.11367201948128763,26.621396622273412,0.2186593904933622,-0.043006701703821815,13.12372991624129,9.386020371279269
1.7259999999999207,6.88820784885436,44.24709221865122,43.959309141044486,7800.354230902852,-0.1138608089455985,26.626632012538934,0.21906288559917042,-0.043088532183207184,13.126015583371377,9.38573829567324
1.7269999999999206,6.893645784298858,44.28012898209684,43.974505186118634,7800.318807812567,-0.11404904109298902,26.63186907015466,0.21946570499388296,-0.04316986073506329,13.128303709114563,9.385454575963267
1.7279999999999205,6.899086760632643,44.31333508343049,43.989701231192775,7800.28692703131,-0.11423662696435719,26.6371082167474,0.21986820147342656,-0.04325012779180937,13.130590979954594,9.385171509926948
1.7289999999999204,6.90453077934706,44.34660138071494,44.00394752344978,7780.258234328179,-0.11442360557748141,26.64235009506502,0.2202707418890531,-0.043330022879173646,13.132878272046693,9.384888138952569
1.7299999999999203,6.909574721237671,44.274365323758445,44.01914356852393,7762.232410895362,-0.11461358074418773,26.64755056253958,0.22068418147906166,-0.043394759345059986,13.1353757390462,9.384539823560413
1.7309999999999202,6.915024616084469,44.21088165522928,44.03433961359807,7746.009169805826,-0.1147994568880166,26.65313055356056,0.22110129908185805,-0.04343375027061186,13.13807790548681,9.384173869176363
1.73199999999992,6.920477557688444,44.1526560366993,44.048585905855084,7731.408252825244,-0.11496547892100403,26.65870670778714,0.22152886135046013,-0.0434745858432285,13.140773378857064,9.383824247011544
1.73299999999992,6.925601409825662,44.101302871212184,44.06378195092922,7718.26742754272,-0.11510745501403288,26.663934736689658,0.22196828662725493,-0.043521441613987244,13.143270137775348,9.383520627711373
1.7339999999999198,6.93106026202398,44.06927930336227,44.07802824318623,7706.440684788448,-0.11523153200133524,26.669403013152156,0.22242610742151836,-0.04357159089082857,13.145789037322873,9.383178624319441
1.7349999999999197,6.936118006043976,44.03087394764838,44.092274535443245,7695.796616309603,-0.11534030531991124,26.674524940255196,0.22289580050764285,-0.0436216333398417,13.1481741325608,9.382911305433877
1.7359999999999196,6.94125007290541,44.00731248821295,44.107470580517386,7686.216954678644,-0.11543547958665756,26.679649124939353,0.22337911906843394,-0.043676620757926554,13.150514823577083,9.382624735537885
1.7369999999999195,6.946717681668964,43.99199999172569,44.1217168727744,7677.59525921078,-0.11552528654095048,26.68507411924839,0.2238738261191543,-0.04372823099323159,13.152966218359552,9.382320455148243
1.7379999999999194,6.95185530645361,43.970855704462046,44.135963165031406,7669.835733289702,-0.115610202793621,26.69021612466919,0.224371735483882,-0.04378129231126471,13.155326528652987,9.38206925176811
1.7389999999999193,6.956923866548272,43.96035351294617,44.15020945728842,7662.852159960732,-0.11569140977792228,26.695237453823246,0.22487141338771544,-0.04383766710626713,13.157591778689232,9.381815738714057
1.7399999999999192,6.962066853721305,43.95540563120364,44.164455749545425,7656.566943964659,-0.11577502222088781,26.700310524257816,0.22536955206648657,-0.043895019970022486,13.159849970275916,9.381558672824372
1.740999999999919,6.967212536150958,43.952061457034254,44.17965179461957,7650.910249568194,-0.11586439136899221,26.705385995196025,0.22586179371044196,-0.04395531794523072,13.162114490458716,9.381302108151491
1.741999999999919,6.97269465858862,43.95731812405955,44.19294833405944,7645.819224611374,-0.11596296133293599,26.710755349023096,0.22634794833197636,-0.04401571436608215,13.164499442229282,9.38100656218062
1.7429999999999188,6.977440136502038,43.94891633797749,44.20719462631644,7641.237302150237,-0.11606546873429383,26.71547619493345,0.22681928078221475,-0.04407863678368973,13.166641082044759,9.380807628681447
1.7439999999999187,6.982593887677885,43.96331105278985,44.221440918573464,7637.113571935213,-0.11617416148068599,26.720477203675635,0.2272837793825897,-0.044148434456834806,13.168819329235157,9.380526393963144
1.7449999999999186,6.987750339061261,43.97058787309086,44.23568721083047,7633.402214741692,-0.11629385516102705,26.72552907634794,0.22773654430084161,-0.04421484358113037,13.171046479925884,9.380270643753134
1.7459999999999185,6.99290949189329,43.98060490902029,44.24993350308748,7630.061993267523,-0.11642140168246334,26.73057297318021,0.22817851852139986,-0.04428607509084692,13.173286861717115,9.380001301170314
1.7469999999999184,6.998071347415636,43.993270331669514,44.26417979534449,7627.055793940771,-0.11655543506572086,26.73560878016046,0.2286107565954184,-0.04435545402255875,13.175516592689235,9.379736190115965
1.7479999999999183,7.0032359068705,44.00792620789832,44.27747633478436,7624.350214546694,-0.11669490684518474,26.740639971510777,0.22903506964514492,-0.044426549311255725,13.177736404789606,9.379467711940636
1.7489999999999182,7.007996202585706,44.017936566174896,44.29172262704137,7621.915193092024,-0.11683632805154753,26.745298332036725,0.22944970164206613,-0.0444997820474996,13.1797992345542,9.379245477788874
1.749999999999918,7.013165971926355,44.042321356814746,44.30501916648125,7619.723673782822,-0.11698256063760032,26.75028466640908,0.22986145246235307,-0.04457527005727041,13.181957469020523,9.378959131159762
1.750999999999918,7.017931091290948,44.053083872536675,44.31926545873825,7617.75130640454,-0.11713202200175402,26.754950222459897,0.23026431508780099,-0.04464899305516956,13.184023638966435,9.378739965730915
1.7519999999999178,7.02310607513832,44.079136685890106,44.33256199817813,7615.976175764086,-0.1172846132276717,26.759938078622916,0.23066561129800278,-0.044725857246040834,13.186194378729788,9.378449025937117
1.7529999999999177,7.027876022439925,44.09208620080898,44.34680829043514,7614.378558187678,-0.11743841438646926,26.76460107327954,0.23105949799787584,-0.04479784287292993,13.188261529928393,9.378230289492715
1.7539999999999176,7.033128345260801,44.12137752547664,44.36010482987501,7612.940702368911,-0.11759419743124083,26.769652107909337,0.2314541654447081,-0.044872707916512766,13.190454389822314,9.377930168216142
1.7549999999999175,7.037903147703588,44.135023286132544,44.373401369314884,7611.64663213202,-0.11774987761025907,26.7743203480632,0.23184258051840445,-0.04494168401934495,13.192526180735504,9.377714705273178
1.7559999999999174,7.042680274215773,44.15895425450137,44.38669790875477,7610.481968918819,-0.1179025659110311,26.77893190353026,0.23222997720378802,-0.04501695043530346,13.194533908799794,9.377468474181606
1.7569999999999173,7.047531914394979,44.183222258572485,44.40094420101177,7609.433772026937,-0.11805604725842864,26.783617650273904,0.23261583421750204,-0.04508804367159319,13.196562370406786,9.377225432620225
1.7579999999999172,7.052722416275262,44.21126306740082,44.41424074045164,7608.490394824244,-0.11821269348328026,26.788621569026965,0.2330021138748541,-0.04515888931413514,13.198739127916328,9.37694086760118
1.758999999999917,7.057578967587606,44.22940249762117,44.42753727989153,7607.64135534182,-0.11836852913268162,26.793351568417933,0.23338427876251555,-0.04522614481639137,13.200839026465975,9.376710284506412
1.759999999999917,7.062437892935971,44.25543461237126,44.44083381933139,7606.877219807638,-0.11852131235727781,26.798038413709826,0.2337664147591022,-0.045295899202192735,13.202883166010945,9.376461717625943
1.7609999999999169,7.067226911312667,44.2799221306138,44.45413035877128,7606.189497826874,-0.11867320758777261,26.8026655930437,0.23414753586377068,-0.04536381781823978,13.204890034073571,9.376228365729263
1.7619999999999167,7.072090564823822,44.306491425983126,44.467426898211144,7605.570548044187,-0.1188254490748468,26.807356115472086,0.2345283800479186,-0.04543348085541099,13.206923060600346,9.375979892684922
1.7629999999999166,7.076956595419775,44.33177211026707,44.47977368483389,7605.013493239768,-0.11897839803432042,26.812057551733147,0.23490787281201014,-0.0455013313902945,13.208972319786831,9.37573663412433
1.7639999999999165,7.081415168068452,44.351328704039375,44.493070224273765,7604.512143915791,-0.11912820215460942,26.816386235134622,0.23528312699860088,-0.045571443520149246,13.210869842857612,9.375537584270674
1.7649999999999164,7.086285766219484,44.384381135922354,44.506366763713636,7604.060929524212,-0.11927883918636087,26.821047748326684,0.23565972992833978,-0.04564232360184933,13.212863432790428,9.375275036806292
1.7659999999999163,7.091086349156995,44.407904917500474,44.51966330315352,7603.654836571791,-0.11943192303624117,26.825696424054815,0.23603288932905436,-0.04570881005310645,13.214891783340484,9.375041831491846
1.7669999999999162,7.095961685459022,44.43514215610527,44.53201008977626,7603.289352914612,-0.11958502966118187,26.830398508778394,0.2364045962413897,-0.04577641768638269,13.216946849599202,9.374788577593092
1.767999999999916,7.100428825260621,44.455522068004505,44.545306629216135,7602.960417623151,-0.11973484899562692,26.834733502220267,0.2367716936159217,-0.0458421578141025,13.21884811113821,9.374590164437418
1.768999999999916,7.10538119945849,44.49062797042821,44.55765341583887,7602.664375860836,-0.11988548441881836,26.839467021724445,0.23714134056385072,-0.04590983129009368,13.220871221463529,9.374315676427003
1.7699999999999159,7.109852572780873,44.50865200333251,44.57094995527875,7602.397938274753,-0.12003547758358998,26.843821175886674,0.23750533807318291,-0.04597374924787084,13.222784068414914,9.374122679311782
1.7709999999999158,7.114737086363593,44.542611261140024,44.58329674190149,7602.158144447278,-0.12018544926825359,26.84849449588791,0.2378714552867066,-0.04604193525200356,13.224794237524918,9.3738521517489
1.7719999999999156,7.119212675327537,44.56219821317342,44.59564352852423,7601.94233000255,-0.12033452963918453,26.85284436226207,0.23823273753558594,-0.04610472556826728,13.226701045436238,9.373656930363602
1.7729999999999155,7.123690285778905,44.58984455287823,44.60894006796409,7601.748097002295,-0.12048083180343527,26.85714885454823,0.23859323837362983,-0.046174249654501176,13.228558413586311,9.373432452876376
1.7739999999999154,7.128654152712086,44.62375586010653,44.62128685458685,7601.573287302066,-0.12063104004335556,26.86190279485757,0.23895532871732383,-0.0462375331886693,13.230595313776249,9.373163296686435
1.7749999999999153,7.133136005376757,44.64166994134173,44.63363364120959,7601.41595857186,-0.12078023248285447,26.866269822631402,0.23931212460447376,-0.04630058929357228,13.232527790132401,9.372963781471498
1.7759999999999152,7.13769249773993,44.67101113187453,44.645980427832335,7601.274362714674,-0.12092636521124087,26.870643978732403,0.23966907088258765,-0.04636648802967269,13.23441925140728,9.372731232955832
1.776999999999915,7.142178420574962,44.69680948550674,44.65832721445507,7601.146926443206,-0.12107196335017151,26.87496874433835,0.24002441332929353,-0.04642949142358477,13.236283198788858,9.372518939230307
1.777999999999915,7.146739027574487,44.724475161294286,44.67067400107781,7601.0322337988855,-0.12121776248155469,26.879357383250216,0.24037905561018497,-0.04649499333991969,13.238176917533778,9.372288405918457
1.7789999999999149,7.151229023822858,44.749531037075236,44.683020787700556,7600.929010418997,-0.12136340531272019,26.8836910329617,0.24073138445453446,-0.04655817349707342,13.24005960743694,9.37207234306933
1.7799999999999148,7.155793748728204,44.77723153646092,44.69536757432329,7600.836109377097,-0.12150869983549167,26.888083932804005,0.24108292418127691,-0.046621835611676044,13.241961779022816,9.371841767561687
1.7809999999999147,7.160287821635304,44.80249081367926,44.707714360946035,7600.752498439388,-0.12165338711627988,26.892420801043748,0.2414325313414704,-0.04668368143850893,13.243845778227545,9.371624244608999
1.7819999999999145,7.164856667718355,44.83035914240836,44.71911139475164,7600.677248595449,-0.12179765945741255,26.896817135889734,0.2417817224443905,-0.04674559248211463,13.245748427575943,9.371393008453511
1.7829999999999144,7.169014333944263,44.85050369506909,44.731458181374386,7600.609523735904,-0.12193863579618514,26.900848128203318,0.24212679604945958,-0.04680766721213564,13.247506048076781,9.371213408033611
1.7839999999999143,7.173587148262866,44.88405884457309,44.74380496799713,7600.548571362314,-0.12208006149470044,26.905214942276164,0.24247404525171767,-0.04687168331121111,13.249365183134886,9.370966463560421
1.7849999999999142,7.178162036710083,44.908977782202655,44.75520200180273,7600.493714226082,-0.1222239101895998,26.909635140998404,0.2428192245238588,-0.04693015095014924,13.251286494987436,9.370743054315563
1.785999999999914,7.182325229530901,44.92877294353605,44.76754878842548,7600.444342803475,-0.12236384073369477,26.91367409535873,0.2431603091953145,-0.04699227172050441,13.25306171846497,9.370557089239878
1.786999999999914,7.18690409082892,44.96253165937142,44.77894582223109,7600.399908523127,-0.12250382310222133,26.918046042473392,0.24350384027222644,-0.04705309615094638,13.254926160439027,9.370310876673262
1.7879999999999139,7.191070917337083,44.98128062668836,44.79129260885382,7600.359917670815,-0.12264270429471022,26.922094978670387,0.24384277656839315,-0.047111900322094113,13.256693253534035,9.37013246467981
1.7889999999999138,7.195653754521455,45.01436435785383,44.80268964265943,7600.323925903734,-0.12278210159766306,26.926475102461392,0.24418405298957435,-0.04717375789083422,13.25857031115905,9.369880468138442
1.7899999999999137,7.199824217500165,45.03302193028273,44.81408667646504,7600.291533313361,-0.12292025644198346,26.9305283404884,0.2445206132124647,-0.04723031480228784,13.260345343947947,9.369703177783217
1.7909999999999136,7.203996418238022,45.059828346947484,44.826433463087774,7600.262379982025,-0.12305529791933437,26.934535115673263,0.2448567211749002,-0.047293455449370414,13.262069226231642,9.369496548039988
1.7919999999999134,7.208585135843077,45.09174648022216,44.83783049689339,7600.236141983823,-0.12319353764504809,26.93892818390809,0.24519428814578387,-0.04735061629430498,13.263945710613887,9.369253281923575
1.7929999999999133,7.21283394800269,45.11088871560712,44.849227530699,7600.21252778544,-0.12333116568166802,26.943057148101182,0.24552775502244284,-0.04740747890435337,13.265761773363232,9.36906075890666
1.7939999999999132,7.217011548929354,45.1364583662297,44.8606245645046,7600.191275006896,-0.12346534423552666,26.947076816185998,0.24586030550185545,-0.047466690565137304,13.267503231138651,9.368858208469726
1.794999999999913,7.221263900809467,45.163592148970764,44.87202159831021,7600.172147506207,-0.123599071210889,26.951161988371812,0.24619268224686297,-0.047523961516159674,13.269252656626103,9.368650979717522
1.795999999999913,7.225445003001377,45.187463074846114,44.88341863211581,7600.154932755586,-0.12373258608899451,26.95519532133649,0.24652329322201155,-0.047582339349092284,13.270994596483302,9.36845154291241
1.796999999999913,7.229700897197556,45.213748802906935,44.89481566592142,7600.139439480027,-0.1238661124607803,26.959289172031877,0.24685306132920043,-0.04764009933753499,13.272761981259263,9.36824013767382
1.7979999999999128,7.233885503229501,45.23753015474625,44.90621269972702,7600.125495532025,-0.12399900562938418,26.963326612319005,0.24718090424933548,-0.04769663627423537,13.274512503966788,9.368040916632033
1.7989999999999127,7.238144942339095,45.263911149149926,44.917609733532636,7600.112945978823,-0.12413150391923825,26.967423542858853,0.2475082600901347,-0.04775323035878459,13.276281496016077,9.367827982893573
1.7999999999999126,7.24233305478764,45.287762964961004,44.928057014521116,7600.101651380941,-0.1242633291794629,26.971464158107878,0.2478340077442598,-0.04780813362915787,13.278032627469784,9.36762816180747
1.8009999999999124,7.246179784123705,45.30777933153318,44.93945404832671,7600.091486242847,-0.1243914127141352,26.97518610699441,0.24815635973062777,-0.04786551931749933,13.279646863454019,9.36746168135429
1.8019999999999123,7.250444390090477,45.33961176665895,44.950851082132324,7600.082337618563,-0.1245206371099642,26.979255965750504,0.2484807648149545,-0.04792311675338917,13.281372171353041,9.367234105236644
1.8029999999999122,7.254710781342597,45.36280431648102,44.9612983631208,7600.074103856707,-0.12465230801433769,26.983378879333408,0.24880299373650133,-0.04797600814166003,13.28316260144495,9.36702774944862
1.8039999999999121,7.258562220215129,45.3809160706939,44.9726953969264,7600.066693471036,-0.12477989752246826,26.98711695965251,0.24912091925961244,-0.04803204231019165,13.28480478078231,9.366860156314049
1.804999999999912,7.262758812169397,45.411972766517565,44.98314267791488,7600.060024123933,-0.12490700724631001,26.991123497298418,0.24944080735144564,-0.04808739417671465,13.286508717087575,9.366639378753373
1.805999999999912,7.266613325137629,45.430205045098646,44.994539711720485,7600.0540217115395,-0.125033088649161,26.994863973825627,0.2497564144166502,-0.04814083624221005,13.288131912500152,9.366475922608124
1.8069999999999118,7.270886512889733,45.46129210814746,45.00498699270896,7600.0486195403855,-0.12516031648633485,26.99894703894372,0.25007409969703187,-0.048196777418134384,13.28987750524106,9.36624173939882
1.8079999999999117,7.274817383214423,45.47915737309431,45.01543427369744,7600.043757586347,-0.12528670924132015,27.002766104881935,0.25038733574538774,-0.048247034492163055,13.291549179228138,9.366073561965589
1.8089999999999116,7.278676481825521,45.50302669263068,45.0258815546859,7600.0393818277125,-0.12540959609537655,27.00647786832495,0.2506996071917849,-0.04830334509025935,13.293149704816113,9.36588759543132
1.8099999999999115,7.282537053752402,45.52719011017815,45.03727858849151,7600.035443644942,-0.12553177951964073,27.010189339368964,0.2510104317305553,-0.048356658063264335,13.294734932883173,9.365707961858897
1.8109999999999113,7.286816921617866,45.55683104011287,45.04772586947998,7580.031899280448,-0.12565732870360768,27.014287772830667,0.25132277512215606,-0.048409593306727894,13.296488069754828,9.365475938499543
1.8119999999999112,7.290680592352148,45.4683046473498,45.058173150468456,7562.028709352403,-0.12578817367809308,27.018396461854877,0.2516459952702289,-0.04844107313631951,13.298533245012466,9.36519243099071
1.8129999999999111,7.29461909390364,45.38532000257729,45.06862043145694,7545.825838417163,-0.125910127656941,27.02257345668777,0.2519711821613861,-0.04844567483236739,13.300655248331614,9.364928155486243
1.813999999999911,7.298485733145844,45.31353861500125,45.0790677124454,7531.243254575447,-0.12600568920462454,27.026637393723917,0.25230838886320717,-0.048454305252237095,13.302674919920177,9.364677908803277
1.814999999999911,7.302353848234551,45.25405897802031,45.08951499343389,7518.118929117903,-0.12607629737522796,27.030652339016683,0.25266127824118045,-0.04846871384106122,13.30460504997767,9.364435697965853
1.8159999999999108,7.306296850578938,45.20379454801173,45.09901252160521,7506.307036206113,-0.12612684731340343,27.034707504297568,0.25303186571317643,-0.048485986639161316,13.306516666444441,9.364197079297979
1.8169999999999107,7.30982263440425,45.15298345727848,45.10945980259369,7495.676332585502,-0.1261571157333635,27.03836677817963,0.2534153402728391,-0.04850551233201278,13.30825384449862,9.36402190917459
1.8179999999999106,7.313695065679832,45.12125453671266,45.11990708358217,7486.108699326952,-0.1261737149754462,27.042275418023507,0.2538156551753202,-0.048527977724423355,13.310037932646175,9.363799696423152
1.8189999999999105,7.317642438980509,45.08907548018827,45.13035436457064,7477.497829394257,-0.12618307924743963,27.046276373452677,0.25422611271567924,-0.04854603074790037,13.31187506354959,9.363601003781056
1.8199999999999104,7.321517844672181,45.06082500672723,45.13985189274198,7469.748046454832,-0.12618617148704364,27.05019520136993,0.25464241416892974,-0.0485665876351985,13.313680908707605,9.363412791469397
1.8209999999999102,7.325048905738415,45.034351253511744,45.15029917373045,7462.773241809348,-0.12618373257524138,27.053770898825565,0.2550587179561047,-0.04858846001518702,13.315316691752313,9.363269324105863
1.8219999999999101,7.329000654264752,45.02427265893328,45.1597967019018,7456.495917628414,-0.12618461237345335,27.057680213577655,0.2554771180256494,-0.04861397588031119,13.317038697272034,9.363064804625155
1.82299999999991,7.332534304422409,45.00298317543578,45.17024398289026,7450.846325865573,-0.1261899508828745,27.061247903321274,0.25588610858609945,-0.0486394089042404,13.318652854272752,9.362931895604678
1.82399999999991,7.336488933396013,44.99983272586527,45.17974151106161,7445.761693279016,-0.12620353305664847,27.06513704461846,0.2562903441783505,-0.04867169846692743,13.320364290898672,9.362722567587356
1.8249999999999098,7.340025174310946,44.98532935087768,45.189239039232945,7441.185523951114,-0.1262246570567168,27.068683332406543,0.25668029944268367,-0.04870136491279092,13.3219596338448,9.36258909980582
1.8259999999999097,7.343562642350777,44.98194065784807,45.198736567404275,7437.0669715560025,-0.1262523718104139,27.07217159901164,0.2570592749884881,-0.0487413525108229,13.323493534184774,9.362422586720594
1.8269999999999096,7.347101337890342,44.979836936418664,45.20918384839276,7433.360274400402,-0.12628994622883508,27.075659742629092,0.2574253711947716,-0.048779893237764715,13.325016311844891,9.36226549447531
1.8279999999999095,7.351061580173513,44.985734272149,45.21868137656409,7430.024246960362,-0.12634050106157635,27.07952749269355,0.25778198294727056,-0.04882094657076497,13.32670291016218,9.362051638098066
1.8289999999999094,7.35460286971878,44.980299945854085,45.22817890473543,7427.021822264326,-0.12639829022706056,27.083049160604887,0.2581230264077798,-0.04885968605765584,13.328289167856102,9.361904909721636
1.8299999999999093,7.358145387929848,44.985775443133264,45.237676432906774,7424.319640037894,-0.12646017766908346,27.086511552256283,0.2584546842387762,-0.048904612185171725,13.329807065234165,9.361730445542861
1.8309999999999091,7.361689135181988,44.991803951524375,45.24717396107812,7421.8876760341045,-0.12652837770488098,27.089976046262336,0.25877735437977867,-0.04894743192805767,13.331310380245998,9.36156462375461
1.831999999999909,7.365307799787574,44.99971015682766,45.256671489249456,7419.698908430694,-0.12660291073866675,27.093508078210718,0.2590926464876599,-0.04899300566018361,13.332849627363947,9.361383619150267
1.832999999999909,7.36885402296961,45.006510274814346,45.26616901742079,7417.729017587625,-0.1266818713457513,27.096977671929025,0.25940031434144073,-0.04903723572240004,13.33437490384545,9.361215708183204
1.8339999999999088,7.372401476322964,45.01616888051167,45.274716792775,7415.9561158288625,-0.12676367128327004,27.100434494013747,0.2597026271156785,-0.049082603814853853,13.335886674976674,9.361041929971758
1.8349999999999087,7.375602610091959,45.02147989769984,45.28421432094633,7414.360504245977,-0.1268452478589964,27.10357372891908,0.25999759989995264,-0.04912890587726332,13.337263141548531,9.360909223115177
1.8359999999999086,7.379152403479207,45.03867692003673,45.293711849117685,7412.924453821379,-0.12693014624141624,27.106993069137914,0.2602913842469792,-0.049177047937037366,13.338722883437885,9.36071957796003
1.8369999999999085,7.382777198036687,45.0504687005364,45.30225962447188,7411.632008439241,-0.12701982656765884,27.11052199478212,0.26058127013161214,-0.04921956710954406,13.340262420348779,9.360542463416314
1.8379999999999084,7.385981566823349,45.05643454994414,45.31175715264323,7410.468807595317,-0.1271072395813294,27.113667364795134,0.26086477310045625,-0.04926479373451159,13.341660379292847,9.36040803906605
1.8389999999999083,7.389534950322902,45.07639175825612,45.320304927997434,7409.421926835786,-0.12719545684828973,27.117079874688688,0.261149059165234,-0.0493094393058483,13.3431191734616,9.360218170523446
1.8399999999999082,7.392741430805573,45.084215731094055,45.32980245616877,7408.479734152207,-0.12728331711082272,27.120219681261347,0.2614279564888186,-0.04935118612305567,13.34449168410296,9.360088547028782
1.840999999999908,7.396370991320532,45.10560118521126,45.33835023152298,7407.6317607369865,-0.1273731133824482,27.123702985170706,0.26170849284588066,-0.04939577131479839,13.345984418550211,9.359886285512244
1.841999999999908,7.399579599803478,45.113059682605254,45.34784775969431,7406.868584663288,-0.1274619259888241,27.1268499046017,0.2619832692771909,-0.049434337860384536,13.347372792291774,9.359761116895125
1.8429999999999078,7.403137688369394,45.134726875073454,45.35639553504852,7406.181726196959,-0.12755087120090366,27.130262577661163,0.26226011040832914,-0.04947798707736467,13.348835895671597,9.359565519274208
1.8439999999999077,7.406348411006164,45.144517616940504,45.36494331040273,7405.5635535772635,-0.12763895064204805,27.133399938838778,0.2625324017992994,-0.04951540849991054,13.35020834144252,9.359437790920982
1.8449999999999076,7.40956013630645,45.16138143268405,45.373491085756925,7405.007198219538,-0.12772491699058194,27.136496997253754,0.26280402448688717,-0.049559749978704215,13.35153894499522,9.3592823763951
1.8459999999999075,7.412772864545881,45.177481102950225,45.38203886111114,7404.506478397584,-0.12781143808608988,27.139600451277232,0.2630736553376031,-0.049600286349241685,13.352866845733814,9.359137437101438
1.8469999999999074,7.415986596000159,45.193286841669504,45.39058663646534,7404.055830557826,-0.12789849979630166,27.142707512192217,0.2633410484146537,-0.04964314673436432,13.35420464635488,9.358986181663875
1.8479999999999073,7.41927527178134,45.21040829183164,45.39913441181955,7403.650247502043,-0.1279866889931619,27.145882370599168,0.2636063397290321,-0.04968388008106839,13.35557473631596,9.358828003378449
1.8489999999999072,7.422491025593533,45.22548978237686,45.40768218717375,7403.285222751839,-0.12807471511336893,27.148997183488156,0.263868588889946,-0.04972371776256679,13.356926951859148,9.358680140126708
1.849999999999907,7.425707783451174,45.24241147238321,45.41622996252796,7402.956700476655,-0.1281621994236481,27.1521025918591,0.2641288297023025,-0.04976339359638143,13.358267117432787,9.3585274583967
1.850999999999907,7.428925545630255,45.25934381242558,45.42477773788215,7402.66103042899,-0.1282495805628427,27.155209472577056,0.2643871876276645,-0.049801770365162534,13.359605276527645,9.358375970079976
1.8519999999999068,7.432218313665,45.277455636782875,45.43332551323637,7402.394927386091,-0.12833746772475382,27.158384797436476,0.2646445486924894,-0.04983948642725411,13.360973319123495,9.358214716117153
1.8529999999999067,7.435438100428365,45.29337064548143,45.44092353577344,7402.155434647482,-0.12842487911195613,27.16150071104641,0.2649000291412894,-0.049876009890858164,13.362324773064588,9.35806547715217
1.8539999999999066,7.43823517265669,45.30457372356311,45.449471311127645,7401.939891182734,-0.12850786999650984,27.164222450940503,0.26515123560319287,-0.04991547666583279,13.363506502922094,9.35795941195827
1.8549999999999065,7.441530889761903,45.330255693345265,45.458019086481855,7401.745902064461,-0.12859291368652553,27.167356579667498,0.2654053973648995,-0.04995612500073893,13.364816689458312,9.357778378344658
1.8559999999999064,7.444753582734355,45.34453956377903,45.465617109018915,7401.571311858015,-0.12868085217979786,27.17048622376619,0.26565640468115503,-0.0499911252494874,13.366175807583435,9.357633685167032
1.8569999999999063,7.447627273591948,45.356358429860435,45.47321513155599,7401.414180672214,-0.12876513739585735,27.173281918015743,0.2659032418358544,-0.050030946456784964,13.367404210994188,9.357513828845832
1.8579999999999062,7.450501762457831,45.37462483522024,45.4817629069102,7401.272762604993,-0.12884714336439845,27.176040039244345,0.26614885060329346,-0.05007078516585595,13.368572720461218,9.357384389089452
1.858999999999906,7.453727253785165,45.3966241646699,45.48936092944727,7401.145486344493,-0.12893261176792747,27.179127135296334,0.26639514026282657,-0.05010911061824469,13.369874689058555,9.357216216226764
1.859999999999906,7.456603437384733,45.40682559731696,45.49695895198435,7401.030937710044,-0.12901746247692175,27.181935744863097,0.2666357692320863,-0.05014581206273011,13.37110824852958,9.357101385028386
1.8609999999999058,7.459480419601891,45.42448166899773,45.50550672733855,7400.92784393904,-0.12909979378784725,27.1847007437498,0.26687476794163567,-0.05018568343765112,13.372295242693538,9.35696508334675
1.8619999999999057,7.462782855539142,45.44774394290778,45.51310474987562,7400.835059545137,-0.12918550042838625,27.187857868363714,0.2671151949791113,-0.050220223680562504,13.373633103509977,9.356788017910809
1.8629999999999056,7.465661547244015,45.45699884166581,45.52070277241269,7400.751553590623,-0.12926953028636665,27.190675261653542,0.26735028584675785,-0.05025374980169356,13.3748776262297,9.35667410884009
1.8639999999999055,7.468541038178667,45.47524982305046,45.528300794949764,7400.676398231561,-0.1293501934000911,27.193439750217486,0.2675850155036222,-0.05029098038284313,13.376063390275737,9.356535606379605
1.8649999999999054,7.471421328538407,45.492377986599166,45.53589881748683,7400.608758408404,-0.1294304072018946,27.196211855556037,0.26781877133050974,-0.050325256390843454,13.377239909445969,9.356406468545561
1.8659999999999053,7.474302418518584,45.508775881597565,45.543496840023906,7400.547882567564,-0.12951063584019015,27.19898930517342,0.26805126505446614,-0.050361977067000296,13.378428419193595,9.356271243574145
1.8669999999999052,7.477184308314605,45.5250613183391,45.551094862560966,7400.4930943108075,-0.12959089557034031,27.201768326103803,0.2682820785408363,-0.05039716709360437,13.379624098277755,9.35613781356168
1.867999999999905,7.480066998121901,45.54142108364337,45.55869288509804,7400.443784879727,-0.1296708359481961,27.204547827358923,0.26851145420312017,-0.05043219913377717,13.380820826456986,9.356002940364766
1.868999999999905,7.482950488135976,45.55784748104051,45.56534115481798,7400.399406391754,-0.12975046111634997,27.207327844652077,0.268739488678363,-0.05046638660799052,13.382017192676654,9.355867885459748
1.8699999999999048,7.485409229565455,45.567830777900504,45.57293917735505,7400.359465752579,-0.1298260629073305,27.20972172308666,0.2689626928325504,-0.050502291453700165,13.383054337833896,9.355780526277579
1.8709999999999047,7.48836847235762,45.592445737918794,45.58053719989213,7400.323519177321,-0.129903630367819,27.21252867157955,0.2691885741532347,-0.050539575568889605,13.384223023368536,9.355615505277893
1.8719999999999046,7.491254265740662,45.605646723229974,45.587185469612066,7400.291167259589,-0.12998368097728105,27.21533056030155,0.2694110052118747,-0.05057021851214305,13.385439044255715,9.355488203027178
1.8729999999999045,7.493714989165761,45.615175255867754,45.59478349214913,7400.262050533631,-0.13005889735028506,27.217729445316674,0.26962847374176085,-0.05060622688225325,13.38649512932174,9.355393376315831
1.8739999999999044,7.49667657514161,45.63993577646664,45.60143176186908,7400.235845480268,-0.13013544046595957,27.220538112801812,0.26984888969139076,-0.050639968467256824,13.38766889055568,9.355228694377631
1.8749999999999043,7.499138592439472,45.64679934079682,45.60902978440615,7400.212260932241,-0.13021025965600305,27.222954367032113,0.2700630187478609,-0.05067100802147756,13.388725457017243,9.35514696414705
1.8759999999999042,7.502101708048604,45.671033575315256,45.615678054126086,7400.191034839017,-0.13028624399551494,27.225767910025056,0.2702802849261241,-0.050706534095004696,13.389913378775711,9.354973662318937
1.876999999999904,7.504639359337277,45.679037268741766,45.622326323846025,7400.171931355116,-0.13036093367176896,27.228253080547574,0.2704919766017304,-0.050734066147592516,13.391003646527928,9.354885911223167
1.877999999999904,7.507103276180107,45.69451895595614,45.62897459356596,7400.154738219604,-0.1304316934178037,27.230619887317694,0.2707027115518457,-0.05077087398165753,13.392014434823347,9.354770678156774
1.8789999999999039,7.509642149559938,45.71116632656174,45.63657261610303,7400.139264397644,-0.1305027532704168,27.23305466444625,0.2709122242626164,-0.05080289018197326,13.393037346779796,9.354657290376338
1.8799999999999037,7.512608226240098,45.731997196647605,45.64322088582296,7400.12533795788,-0.13057814672570023,27.235891768582047,0.2711232162972365,-0.05083458369436311,13.394243390721725,9.354491968446261
1.8809999999999036,7.515148432365049,45.73940214986682,45.6498691555429,7400.112804162092,-0.13065180815612865,27.238383355635357,0.27132864511813315,-0.05086207448021002,13.395354370480375,9.35439611772642
1.8819999999999035,7.51761485565118,45.75497635271451,45.65651742526284,7400.101523745883,-0.1307210582796013,27.240752319278705,0.2715335375385517,-0.05089475612797828,13.39637151319202,9.354281512808253
1.8829999999999034,7.520156284952713,45.77176493743928,45.66316569498278,7400.091371371295,-0.13079016257669912,27.24318902720918,0.27173830700977375,-0.05092437500088692,13.397394863412622,9.354165299016522
1.8839999999999033,7.522698331947672,45.786168449964904,45.66981396470271,7400.082234234166,-0.13085985844657064,27.245640701346368,0.2719417756209328,-0.05095556993491457,13.398441830153407,9.354047370593657
1.8849999999999032,7.525240996768173,45.80062127070943,45.67551248160552,7400.074010810749,-0.13092955784649773,27.2480927144109,0.27214371663773573,-0.05098569601538483,13.399498271598251,9.35392950178911
1.885999999999903,7.527357104856031,45.808748222207015,45.68216075132546,7400.066609729674,-0.1309950488008753,27.250156027893578,0.27234072536473336,-0.051017709849331905,13.40039381329131,9.353859554787464
1.886999999999903,7.529975364970016,45.83160525417809,45.6888090210454,7400.059948756707,-0.13106258867842144,27.25263344908563,0.2725403832372779,-0.05105131355390902,13.401419524869226,9.353711189539435
1.8879999999999029,7.532519797424085,45.842987181331516,45.694507537948205,7400.053953881036,-0.13113271428029902,27.25510575295928,0.272736367407783,-0.05107797456559365,13.402492050985453,9.353601175251193
1.8889999999999028,7.53463739196364,45.850657909997345,45.701155807668144,7400.048558492933,-0.13119801353313984,27.257173477114158,0.2729271590209149,-0.05111005535550056,13.403404216938435,9.353523379084683
1.8899999999999026,7.537182962720163,45.872464438672864,45.70780407738808,7400.043702643639,-0.13126408978504395,27.259584618062153,0.27312015482070146,-0.05114019842105805,13.404406923251539,9.353383700459624
1.8909999999999025,7.539803655373201,45.88630133683412,45.71350259429088,7400.039332379276,-0.13133305080277177,27.262118653385734,0.27331157966229763,-0.05116504303197672,13.405498035316624,9.353258560930017
1.8919999999999024,7.541922737277885,45.892415014809,45.719201111193684,7400.0353991413485,-0.13139717669591114,27.26419731413494,0.27349772992495563,-0.05119333213875543,13.406422228278096,9.353184242024092
1.8929999999999023,7.544116780045171,45.90907109017265,45.72584938091362,7400.031859227214,-0.13145819630875774,27.26628783190325,0.2736841927645308,-0.05122371073943649,13.407295917648135,9.35308132376077
1.8939999999999022,7.546664652432112,45.92773007101175,45.73154789781643,7400.028673304493,-0.13152284207495177,27.268720268316457,0.2738720345046519,-0.05125062453288165,13.408312175466412,9.352947468094895
1.894999999999902,7.54885968514502,45.93449828067789,45.73724641471922,7400.025805974044,-0.13158640143534586,27.270871062851032,0.2740549212559599,-0.051277398618153114,13.409261825712804,9.352864669678645
1.895999999999902,7.550980619929507,45.94769350278462,45.74294493162203,7400.023225376639,-0.13164664607404158,27.272909306589682,0.2742363071728355,-0.0513074309605599,13.410135778987504,9.35276996513081
1.8969999999999019,7.553176558198333,45.962338770505724,45.749593201341966,7400.020902838975,-0.13170690815953764,27.275013900488954,0.2744168007406672,-0.05133536343927908,13.411018645051145,9.352670429220055
1.8979999999999018,7.555726635395247,45.980147375408286,45.75529171824477,7400.018812555078,-0.13177096110556388,27.27745382066778,0.27459826727123804,-0.05136193228352409,13.412054809830567,9.352530164824117
1.8989999999999017,7.557923564363327,45.98683589978931,45.76099023514758,7400.01693129957,-0.13183346098329335,27.27960712658239,0.2747749419756002,-0.05138511511881133,13.413012841919825,9.352446827177273
1.8999999999999015,7.560120951491052,46.00125365305617,45.76573899923325,7400.015238169613,-0.13189275053915286,27.281714670881563,0.27495166126382237,-0.05141207761955913,13.413916203915397,9.352340936981786
1.9009999999999014,7.561890285385718,46.008195149964365,45.771437516136054,7400.013714352653,-0.13194772801192575,27.28343884742248,0.2751240684456212,-0.0514385773527693,13.414649017191977,9.352292266817013
1.9019999999999013,7.564088504226448,46.028044327122956,45.77713603303885,7400.012342917387,-0.13200453040901575,27.285514765552794,0.2752988282400473,-0.05146987347452542,13.415496398383214,9.352168441295085
1.9029999999999012,7.5662871814638,46.03859562037825,45.78283454994166,7400.011108625648,-0.13206457335646515,27.28764678720582,0.27547023641818946,-0.05149401251832242,13.4164152043791,9.352073193908325
1.903999999999901,7.568486317181848,46.05039422524509,45.78853306684446,7400.009997763083,-0.13212418976421994,27.289771912133485,0.2756396001304687,-0.051520819269523566,13.41734557322668,9.35196521322925
1.904999999999901,7.570685911464671,46.063032107400076,45.793281830930134,7400.008997986775,-0.13218291781958652,27.29189248353112,0.2758075428586037,-0.05154334914069769,13.418263401488076,9.35186320251241
1.9059999999999009,7.572457044041881,46.0693082520107,45.79898034783293,7400.008098188098,-0.13223686261658488,27.293622677683786,0.27597119938938186,-0.05156857112033225,13.419013573386277,9.351806951393202
1.9069999999999008,7.574657470775072,46.089134543504485,45.8037291119186,7400.007288369288,-0.13229207858915457,27.29570112838137,0.27613773943431685,-0.05159522308794812,13.419868002042325,9.351681736268542
1.9079999999999007,7.576429281648323,46.09322318295554,45.80942762882141,7400.0065595323595,-0.132346038786048,27.29744510208383,0.2762983988240366,-0.05161823267667043,13.420627957771867,9.35163183641175
1.9089999999999006,7.57870522552662,46.11325287105859,45.81417639290708,7400.005903579124,-0.13240186861813666,27.29959794780288,0.2764620985456794,-0.05164598464789433,13.421531655892958,9.351492087314922
1.9099999999999004,7.580477723397526,46.11601916691373,45.81987490980988,7400.0053132212115,-0.13245573141006742,27.301350592451808,0.2766191425627554,-0.05166615042054201,13.422309341454895,9.351446423170398
1.9109999999999003,7.582679826036422,46.135365196783795,45.82462367389555,7400.004781899091,-0.13250990040485167,27.303433784247545,0.2767793518206795,-0.05169340422337887,13.423183948064569,9.351312104623542
1.9119999999999002,7.584527714196381,46.140695168517915,45.82937243798122,7400.004303709182,-0.13256310501815172,27.305246553709942,0.2769346808106953,-0.0517118985244025,13.423976131274847,9.351254594000135
1.9129999999999001,7.586301204045964,46.15192783093575,45.834121202066896,7400.0038733382635,-0.132612982562668,27.306949691702975,0.27708908755012307,-0.05173936498661991,13.42470051105128,9.35117265517848
1.9139999999999,7.588149727178393,46.16451476407708,45.838869966152565,7400.003486004437,-0.13266323939949684,27.308719717758834,0.27724246918510925,-0.05176231376397489,13.425439225777314,9.351091362061432
1.9149999999999,7.589923835142197,46.17376310112287,45.84361873023823,7400.003137403994,-0.1327133654413781,27.310435384404663,0.2773932113325717,-0.051787580761002816,13.426171283536586,9.351015761596113
1.9159999999998998,7.591772993440122,46.18548055751707,45.8483674943239,7400.002823663594,-0.1327638820177841,27.312211366513917,0.2775422441979784,-0.0518119648202055,13.426928871352862,9.35092787870695
1.9169999999998997,7.593622473633333,46.195775653239686,45.85311625840958,7400.002541297235,-0.13281455825530178,27.313996231561312,0.2776889834371833,-0.05183439111738519,13.427696524192616,9.350844054658731
1.9179999999998996,7.595397513363855,46.2051974333762,45.85786502249524,7400.002287167512,-0.1328640798537788,27.315711936617593,0.27783324695908335,-0.05185685275628943,13.42843663281055,9.350765943801683
1.9189999999998995,7.597247629013165,46.2171299814623,45.86261378658091,7400.002058450761,-0.13291331998180114,27.31748773222552,0.2779766419846225,-0.051878210742225206,13.429192980572852,9.350676276522202
1.9199999999998993,7.599098066704532,46.22748692506455,45.86736255066658,7400.001852605685,-0.13296241358219044,27.319273309635783,0.2781187120279114,-0.05189789543266232,13.429960009788186,9.350590567548025
1.9209999999998992,7.60094882648722,46.238049111987536,45.87116156193512,7400.001667345116,-0.13301078584519035,27.321058014604432,0.278260009741002,-0.051917335196371206,13.43072924195578,9.350502838150216
1.9219999999998991,7.602369830536505,46.24219502543265,45.87591032602079,7400.001500610605,-0.13305451258995035,27.32245132659177,0.27839713170045033,-0.051938229823804416,13.431335644529145,9.350464770761722
1.922999999999899,7.604221163419044,46.25999510214229,45.87970933728932,7400.001350549544,-0.13309954322540887,27.32419332895281,0.27853743981210516,-0.051961653693306575,13.432046074823253,9.350355937420007
1.923999999999899,7.605642613791336,46.262038925523086,45.88445810137498,7400.00121549459,-0.13314349353209676,27.32559970159958,0.2786718269273842,-0.05198125199351733,13.43266048576781,9.350323478450028
1.9249999999998988,7.60749451993062,46.27893050381034,45.88825711264352,7400.001093945131,-0.13318897846584113,27.327347809270137,0.27880855851538416,-0.052006205565277686,13.433390805770077,9.35020889500299
1.9259999999998987,7.60891641674897,46.28087760874719,45.8930058767292,7400.000984550618,-0.1332330245114087,27.32875527355823,0.27893896718246763,-0.05202381290134722,13.434012903692615,9.35017674582948
1.9269999999998986,7.610768896301931,46.297847197098264,45.89680488799774,7400.000886095557,-0.1332781343986578,27.33050358874442,0.27907200888043887,-0.05204758224946304,13.43474374171248,9.350059885114954
1.9279999999998985,7.612266080169066,46.30097258565176,45.900603899266265,7400.000797486001,-0.1333222891147334,27.33197938039126,0.27919970774692837,-0.05206284786633264,13.435393632054595,9.350018278448351
1.9289999999998984,7.613688625844953,46.31016092152123,45.90535266335194,7400.000717737401,-0.1333630141355786,27.333344345471218,0.2793261802503574,-0.05208652701398936,13.435973538960855,9.349952788676273
1.9299999999998982,7.615541938656934,46.32615281362838,45.909151674620475,7400.000645963661,-0.13340721466601288,27.335099368780174,0.27945466423437854,-0.05210355954048468,13.436699884534294,9.349847354509421
1.9309999999998981,7.617039793638927,46.328663123378234,45.91295068588901,7400.000581367295,-0.13345018011401338,27.33657965193596,0.2795784829802151,-0.05212006011603143,13.437360607553579,9.349797593326704
1.931999999999898,7.618462988431454,46.33773527987873,45.91674969715755,7400.000523230566,-0.1334896821352235,27.337946029236083,0.2797013210309706,-0.05214065181760763,13.437946882396604,9.34973353465882
1.932999999999898,7.619961254971089,46.34834200007556,45.920548708426075,7400.000470907509,-0.13352911058025485,27.339378288555995,0.27982388285092724,-0.05215852554754952,13.438541410209348,9.349666418634376
1.9339999999998978,7.621384847780515,46.355587825098645,45.924347719694616,7400.0004238167585,-0.13356841373004866,27.34075604525957,0.27994438706428953,-0.052178104006059656,13.439127901184165,9.349606806005822
1.9349999999998977,7.622883525977856,46.36528398012444,45.92814673096314,7400.000381435083,-0.13360811509471646,27.342194248952154,0.2800638781603955,-0.052197192658352265,13.43974039958697,9.349534654743994
1.9359999999998976,7.624307516901792,46.37240304349654,45.930995989414555,7400.000343291575,-0.133647352994245,27.343573208838684,0.28018105732581366,-0.05221493308364428,13.440335044396411,9.349475496000522
1.9369999999998975,7.625375638518253,46.37559434806673,45.93479500068309,7400.000308962417,-0.1336826413335176,27.34461982153315,0.2802936976179677,-0.05223564111441281,13.440786839932832,9.349450185718908
1.9379999999998974,7.626874880358987,46.3909816593603,45.93859401195163,7400.000278066175,-0.1337200965274494,27.34602464615702,0.2804081570450928,-0.05225670932103321,13.4413530807422,9.349359850185897
1.9389999999998973,7.628374331534159,46.397387081461886,45.94144327040303,7400.000250259558,-0.133760326998041,27.34748346574417,0.2805194927191022,-0.05227173832486892,13.441985555501065,9.349294381307782
1.9399999999998971,7.629442867056517,46.39858151420409,45.94524228167156,7400.000225233603,-0.13379595343756243,27.348542595506032,0.2806253195038693,-0.05229090592021418,13.442465247112,9.34926691955251
1.940999999999897,7.630867752395091,46.41313226965483,45.94809154012297,7400.000202710243,-0.13383175190262686,27.349878191546857,0.2807329631382902,-0.0523092911106231,13.443009112057243,9.349182863572612
1.941999999999897,7.63193654489362,46.41442248519981,45.95189055139151,7400.000182439218,-0.1338661060221052,27.350937056740744,0.28083526057652525,-0.052324937175138087,13.443467932634483,9.349160701721683
1.9429999999998968,7.633436711938606,46.428958481683644,45.9547398098429,7400.000164195297,-0.1339022319540302,27.352348156566173,0.28093975636323676,-0.05234422027860702,13.444053808040833,9.349061939668346
1.9439999999998967,7.63458071070548,46.42983460359929,45.95853882111144,7400.000147775767,-0.1339371160624469,27.353484770972678,0.28103886324283706,-0.052356217932423565,13.444561835841235,9.34903550333759
1.9449999999998966,7.636081246002444,46.44352884820406,45.96138807956284,7400.000132998191,-0.13397230300192514,27.354901365644572,0.2811406561183135,-0.05237351525642747,13.445158800039728,9.348937594372233
1.9459999999998965,7.637150567923433,46.44383464981719,45.96423733801424,7400.000119698371,-0.13400492046057413,27.35596678168015,0.2812375495275089,-0.052384100462238736,13.445633676951275,9.34891897557002
1.9469999999998964,7.638220000041724,46.45237791203412,45.96708659646564,7400.000107728534,-0.13403439204000317,27.356983096259768,0.2813347327767096,-0.05240334653525652,13.446054637907,9.348866429057141
1.9479999999998963,7.639289542367354,46.45941140954241,45.96993585491705,7400.000096955681,-0.1340641807259146,27.358008504293892,0.28143049002833825,-0.052418279398381284,13.44647407797865,9.348826830578036
1.9489999999998961,7.640434166259062,46.46678703892122,45.972785113368445,7400.000087260113,-0.13409501368139315,27.35910703635077,0.28152513334608803,-0.052436084950615414,13.446936131950798,9.348770828775681
1.949999999999896,7.641503934132957,46.471659653002206,45.97563437181985,7400.000078534102,-0.13412584420817417,27.360145701652357,0.28161679391566347,-0.052451599882405386,13.447386694986466,9.348729116160245
1.950999999999896,7.642648793800555,46.47932956764133,45.978483630271256,7400.000070680691,-0.13415669943645311,27.361242791376533,0.28170729282786205,-0.05246747431389054,13.447854697162338,9.34867204077314
1.9519999999998958,7.643718787264302,46.48444224429412,45.981332888722655,7400.000063612622,-0.13418704039396445,27.36228034609594,0.2817952932673979,-0.05248121192199928,13.448302067842828,9.348628937693636
1.9529999999998957,7.64486388275078,46.492167388044976,45.98418214717405,7400.00005725136,-0.13421723824294723,27.36337742516821,0.28188262360619515,-0.05249525922828824,13.448768534768794,9.348570610799866
1.9539999999998956,7.645934101845976,46.49727199583154,45.986081652808316,7400.0000515262245,-0.13424669153587135,27.36441531204649,0.2819680578296843,-0.052507235767627614,13.449216497294541,9.34852665369723
1.9549999999998955,7.646647642508118,46.498407519171025,45.98893091125972,7400.000046373602,-0.13427183259836978,27.365120272748328,0.28204959823387876,-0.05252243666711198,13.449522116025156,9.348516512764927
1.9559999999998954,7.647718045406807,46.51061297497262,45.99178016971113,7400.000041736243,-0.13429824917226313,27.366115907977807,0.28213306821892,-0.05253867222239533,13.449914599492049,9.348450047820998
1.9569999999998953,7.648863569084786,46.51619583200599,45.99367967534539,7400.000037562619,-0.1343276913193383,27.36722633150137,0.2822147170930951,-0.052549633766793225,13.450391543296664,9.34839664575943
1.9579999999998952,7.649577309231844,46.51495544778321,45.9965289337968,7400.000033806357,-0.1343531179472742,27.36794583556209,0.28229111154831665,-0.052564015367048855,13.45072649275412,9.348386387295683
1.958999999999895,7.650723030374663,46.52845450065463,45.99842843943106,7400.000030425722,-0.13437958936383299,27.36900917353322,0.2823704145054789,-0.05257792876507006,13.451155607881024,9.348308993494676
1.959999999999895,7.651436896501281,46.52642971392257,46.001277697882465,7400.00002738315,-0.13440433821488612,27.36973353387196,0.2824441534879188,-0.0525881317804045,13.451478761833274,9.348307362641567
1.9609999999998948,7.652582815139,46.53930988731954,46.00317720351673,7400.000024644835,-0.13443043367742094,27.370800877706117,0.2825209262400866,-0.05260343060625633,13.451916581532593,9.348223591696016
1.9619999999998947,7.653296807264579,46.537139892857475,46.005076709151005,7400.000022180352,-0.1344547498565332,27.371526260157307,0.2825921039511511,-0.05261131974050026,13.452246092114015,9.348223399878982
1.9629999999998946,7.654010848433198,46.54345806442289,46.00697621478527,7400.000019962317,-0.134476043020099,27.372201008172794,0.28266299727411043,-0.05262847357978323,13.45252340263257,9.34818685439139
1.9639999999998945,7.654724938647834,46.548419572529546,46.00887572041954,7400.000017966086,-0.13449767160984322,27.372883880918348,0.2827318944350152,-0.05264056543003115,13.452796655228648,9.348164243822987
1.9649999999998944,7.655439077911471,46.5526096124686,46.0107752260538,7400.000016169477,-0.13451963356859756,27.373571515050205,0.28279855909532875,-0.052655968705142275,13.453083160810062,9.348133060355694
1.9659999999998943,7.656153266227088,46.556663983889266,46.012674731688065,7400.000014552529,-0.13454190657567433,27.37426003530176,0.28286241611517193,-0.05266927431582258,13.453376527592892,9.348103922510056
1.9669999999998942,7.656942551534148,46.561906226907325,46.01457423732234,7400.000013097277,-0.13456465752336888,27.37501662104458,0.28292443891833086,-0.05268176943431385,13.453698955843079,9.348064061893172
1.967999999999894,7.657656841368393,46.564800483638734,46.01647374295661,7400.000011787549,-0.13458671807629197,27.375712310268533,0.28298357309360883,-0.052692528660083615,13.454002708486087,9.348036064364036
1.968999999999894,7.658371180263718,46.56930779139372,46.018373248590876,7400.000010608794,-0.13460769884035353,27.376398446575475,0.28304115124290713,-0.052703327800990796,13.45429534644122,9.348002366021642
1.9699999999998938,7.659160626377203,46.5747432473,46.02027275422514,7400.0000095479145,-0.13462874451581427,27.37715416754474,0.28309806407393606,-0.05271216252327188,13.45461473245464,9.347961791195821
1.9709999999998937,7.65987506680981,46.5776571500249,46.02217225985942,7400.000008593123,-0.13464878442108652,27.37785000096755,0.28315340605918304,-0.05272037235309063,13.45491833194887,9.347932084634357
1.9719999999998936,7.660664621279221,46.58329242361461,46.02312201267655,7400.000007733811,-0.13466832453379773,27.37860469377462,0.2832090776402068,-0.05272843128497079,13.455240278958142,9.347889280125472
1.9729999999998935,7.660946819466247,46.57975313950158,46.025021518310815,7400.00000696043,-0.13468293793511077,27.37890688669247,0.28326003460354904,-0.05273770195838373,13.455380239469017,9.347909616614476
1.9739999999998934,7.661736452656314,46.59252999500049,46.02597127112795,7400.000006264388,-0.1346994175798336,27.37961896657317,0.2833151977196725,-0.05275070091168349,13.455644998452923,9.347844357215589
1.9749999999998933,7.662018682540651,46.58684658516072,46.027870776762214,7400.000005637949,-0.13471463633643457,27.37993404159287,0.28336364277430787,-0.05275863177088319,13.455793941044536,9.3478710861464
1.9759999999998932,7.662808394458431,46.598712244803394,46.02882052957935,7400.000005074154,-0.13473191059769662,27.38065174518548,0.28341534883625225,-0.05277350744204129,13.456078607340245,9.347799777727895
1.976999999999893,7.663165732933109,46.594080103903586,46.03072003521362,7400.000004566738,-0.13474826583533625,27.381035710096146,0.28346049007454305,-0.05277907444691182,13.456263114925711,9.347818376209885
1.977999999999893,7.663955526992698,46.60478645009468,46.031669788030754,7400.000004110065,-0.13476578942059675,27.38176053152138,0.2835085377892319,-0.052791906822209855,13.456557820434726,9.34774855297157
1.9789999999998928,7.664312903984886,46.60056232144055,46.03261954084788,7400.000003699059,-0.13478156992480236,27.38214217532841,0.28355069580623965,-0.052795741345460945,13.456740363960687,9.347765069947386
1.9799999999998927,7.664670293249167,46.60484075304016,46.03356929366502,7400.000003329153,-0.13479422591561302,27.382473062933713,0.28359256104115277,-0.05280908365981063,13.456869999607687,9.347744099705327
1.9809999999998926,7.665027694785918,46.607743395037524,46.03451904648215,7400.0000029962375,-0.1348070987612587,27.3828121421153,0.2836324874255465,-0.05281709182707389,13.456995834038874,9.347737520261436
1.9819999999998925,7.665385108595517,46.60986845827274,46.03546879929929,7400.000002696614,-0.1348201243250222,27.383155983044723,0.28367033811536374,-0.05282854053570152,13.457135163858048,9.34772224591209
1.9829999999998924,7.665742534678327,46.611857362764496,46.036418552116416,7400.000002426952,-0.13483333954412985,27.38350067477338,0.2837055670314047,-0.052837946990787865,13.457281356266261,9.347709183683325
1.9839999999998923,7.666099973034726,46.6138912613052,46.03736830493356,7400.000002184257,-0.13484628387882697,27.38384517865878,0.283738485487062,-0.05284708969445118,13.457428417090695,9.347693988204316
1.9849999999998922,7.666457423665088,46.61595555871004,46.03831805775069,7400.000001965832,-0.1348589069805728,27.38418956896087,0.28376927330992324,-0.052855071078500404,13.457575106827832,9.347678410204436
1.985999999999892,7.666814886569782,46.61802696840769,46.039267810567814,7400.000001769249,-0.13487106198031476,27.38453397659949,0.283798274499923,-0.052862095901401285,13.457721955859524,9.347662066598124
1.986999999999892,7.667247457379784,46.621240508347874,46.04021756338496,7400.000001592324,-0.13488332626275049,27.384946700080967,0.2838265540854308,-0.05286772738222095,13.457897378675343,9.347636775196879
1.9879999999998919,7.667604946538191,46.622072680441214,46.04021756338496,7400.000001433092,-0.13489454350549845,27.385298614328516,0.28385326555325646,-0.05287211125620467,13.45805480923491,9.34762349840927
1.9889999999998917,7.667529849203666,46.61791873461383,46.04116731620209,7400.000001289783,-0.134900528981149,27.38524776030464,0.28387581189600164,-0.05287955033662767,13.458039024271795,9.34765413603796
1.9899999999998916,7.667962447972086,46.62840614048085,46.04211706901922,7400.0000011608045,-0.1349087639597439,27.38561706104244,0.28390214221462345,-0.05288839066562828,13.458155677182638,9.34760708300799
1.9909999999998915,7.668319961681843,46.627114629612194,46.04211706901922,7400.000001044724,-0.1349195418520042,27.385981765464827,0.2839255482438364,-0.05289080336038943,13.458321452463851,9.347599494821223
1.9919999999998914,7.668319961681843,46.62318483412947,46.04306682183636,7400.000000940252,-0.13492609150798976,27.386004792388686,0.2839449752933658,-0.05289898221023376,13.458353898167818,9.347615791456159
1.9929999999998913,7.66875259011437,46.6323402100311,46.04306682183636,7400.000000846227,-0.13493431809817194,27.38638217267139,0.2839674962240464,-0.052904599912725114,13.458487990393191,9.347573060551767
1.9939999999998912,7.668677487667848,46.62490022245887,46.04306682183636,7400.0000007616045,-0.13494019786738498,27.386351116856652,0.28398405430628837,-0.05290839869124847,13.458490343187261,9.347611325970755
1.994999999999891,7.668677487667848,46.62828382350277,46.04401657465349,7400.000000685444,-0.13494396717834795,27.38633046455668,0.28400051170159446,-0.05291965480765115,13.4584627102472,9.347605604752626
1.995999999999891,7.669110130081053,46.63532019545126,46.04401657465349,7400.0000006169,-0.13495268628648416,27.386720600418244,0.28401837884522907,-0.05292299467267303,13.458604951673621,9.347567797343967
1.9969999999998909,7.669035025930455,46.626955376462476,46.04401657465349,7400.00000055521,-0.13495894970283365,27.386695200863105,0.28402966000729524,-0.0529275229478573,13.458627718667838,9.347599507483183
1.9979999999998908,7.669035025930455,46.63023994369493,46.04401657465349,7400.000000499689,-0.13496250850762023,27.38667523932088,0.28404073575203415,-0.05293605183418465,13.458608173537643,9.34759355473705
1.9989999999998906,7.669035025930455,46.630756313908385,46.04401657465349,7400.000000449721,-0.13496643298118874,27.386671835929185,0.2840498957518482,-0.052940198962515006,13.458588923004633,9.34760208338265
1.9999999999998905,7.669035025930455,46.63069255961811,46.04401657465349,7400.000000404749,-0.1349705321551047,27.38667200038829,0.2840570231742041,-0.052947324279349894,13.45858353201546,9.347601767527442
