tiempo_s,presion_psi,presion_kPa,desplazamiento_mm
0.01,4.11941375e-06,2.8402357996390528e-05,6.817840563659203e-07
0.02,1.6477655e-05,0.00011360943198556211,3.084292746222306e-06
0.03,3.7074035e-05,0.0002556164732034291,6.63181237352693e-06
0.04,6.591062e-05,0.00045443772794224844,1.132926049658932e-05
0.05,0.000102984655,0.0007100542011456775,1.736320391017423e-05
0.06,0.00014830165,0.0010225038829264016,2.45691314126277e-05
0.07,0.000201845075,0.0013916728029463648,3.306927132131867e-05
0.08,0.000263639725,0.001817731916712651,4.278418602853296e-05
0.09,0.000333671825,0.002300586248943547,5.376534556393191e-05
0.1,0.0004119276,0.0028401408243573394,6.597672646700684e-05
0.11,0.0004984346,0.003436585593517454,7.943814665655509e-05
0.12,0.00059317905,0.00408982558114218,9.414610450423155e-05
0.13,0.0006961609499999999,0.004799860787231514,0.0001101132196599205
0.14,0.000807366525,0.0055665962365037455,0.0001273210090388387
0.15,0.0009268233249999999,0.006390221879522299,0.0001457618289480686
0.16,0.001054517575,0.0072706427410054635,0.0001654772247744675
0.17,0.0011904355,0.008207763845671524,0.0001864337407730919
0.18,0.001334590875,0.009201680168802195,0.0002086151516673346
0.19,0.00148701125,0.0102525816609609,0.0002320888712214196
0.2,0.00164762775,0.011359993445739078,0.0002567870243221914
0.21,0.00181650925,0.01252439039954529,0.0002827528710761973
0.22,0.00199365575,0.013745772522379539,0.0003099866232428557
0.23,0.0021789295,0.015023190061424692,0.0003384273795817262
0.24,0.00237246825,0.016357592769497876,0.0003681114809189352
0.25,0.002574272,0.0177489806465991,0.0003990891884801979
0.26,0.00278434075,0.019197353692728365,0.0004313357461735107
0.27,0.00300253675,0.02070176215506853,0.000464790282732146
0.28,0.0032291355,0.02226410553925386,0.000499600351052845
0.29,0.0034638615,0.0238824843396501,0.0005355939371721254
0.3,0.00370671475,0.025556898556257236,0.0005727963379630913
0.31,0.00395797075,0.02728924769470955,0.0006113801751790399
0.32,0.004217354,0.02907763224937276,0.0006511484261809344
0.33,0.00448500225,0.03092300197306401,0.0006922125937424105
0.34,0.004760915499999999,0.032825356865783285,0.0007345479970216369
0.35,0.005044956,0.03478374717471348,0.0007780938196804347
0.36,0.005337261499999999,0.0367991226526717,0.0008230116601983029
0.37,0.005637832,0.03887148329965796,0.000869201806855406
0.38,0.0059466675,0.041000829115672266,0.0009165645387894973
0.39,0.00626363025,0.043186210347897463,0.0009652642814085457
0.4,0.006588858,0.045428576749150705,0.0010151373779475
0.41,0.006922350749999999,0.04772792831943196,0.001066434505273165
0.42,0.007263970749999999,0.05008331530592414,0.001118819585384306
0.43,0.007613855749999999,0.052495687461444354,0.0011726295537317
0.44,0.00797200575,0.05496504478599261,0.001227614547179173
0.45,0.008338283,0.05749043752675176,0.001283939099819996
0.46,0.008712825249999999,0.06007281543653894,0.001341689927274135
0.47,0.0090956325,0.06271217851535418,0.001400617153605056
0.48,0.009486567,0.0654075770103803,0.001460634979473557
0.49,0.009885766499999999,0.06815996067443446,0.001522080531530278
0.5,0.010293231,0.07096932950751667,0.001584954341224264
0.51,0.01070882275,0.07383473375680975,0.001648920227161483
0.52,0.0111326795,0.07675712317513089,0.001714315418729502
0.53,0.0115646635,0.07973554800966295,0.001781054182684121
0.54,0.0120049125,0.08277095801322301,0.001848972883682469
0.55,0.0124534265,0.08586335318581113,0.001918322567608922
0.56,0.01291006775,0.08901178377461015,0.001988766978867241
0.57,0.013374974,0.0922171995324372,0.002060643527425757
0.58,0.0138480075,0.09547865070647517,0.002133866495251773
0.59,0.014328755,0.09879328803827261,0.002207926856589229
0.6,0.014819145,0.10217440806726945,0.002284284685051349
0.61,0.0153164225,0.10560301573712298,0.002361213602111238
0.62,0.015821965,0.10908860857600455,0.002439327092890181
0.63,0.01633715,0.1126406841120855,0.00251974027251305
0.64,0.0168592225,0.11624024728902313,0.002600726262699498
0.65,0.01738956,0.1198967956349888,0.002682898782923645
0.66,0.0179281625,0.12361032914998252,0.002766509216363396
0.67,0.01847503,0.12738084783400427,0.002851558284335687
0.68,0.0190301625,0.13120835168705405,0.002938046719961615
0.69,0.01959356,0.13509284070913186,0.003025975268174088
0.7,0.0201652225,0.13903431490023774,0.003115093853956121
0.71,0.0207437725,0.14302327673220028,0.003175439304280946
0.72,0.021331965,0.14707872126136223,0.003266937141169518
0.73,0.0219284225,0.15119115095955218,0.003364896090892129
0.74,0.0225317675,0.15535106829859885,0.003451892176873166
0.75,0.023144755,0.15957746833484487,0.003553744146039274
0.76,0.0237660075,0.16386085354011895,0.003645999657477316
0.77,0.0243941475,0.16819172638624974,0.003746616378821532
0.78,0.0250305525,0.17257958440140855,0.003844162002497986
0.79,0.0256766,0.17703392511376675,0.003945526866253441
0.8,0.026329535,0.18153575346698164,0.004048228210402655
0.81,0.026990735,0.18609456698922452,0.004150370273289068
0.82,0.0276602,0.19071036568049549,0.004256222691553337
0.83,0.02833793,0.1953831495407945,0.004361266065560909
0.84,0.029023925,0.2001129185701215,0.004469519716237022
0.85,0.029718185,0.2048996727684766,0.004577970446749847
0.86,0.03042071,0.2097434121358597,0.004688628808134735
0.87,0.0311315,0.21464413667227084,0.004800239585985019
0.88,0.031850555,0.21960184637771002,0.004913306194005687
0.89,0.0325764975,0.2246070437240059,0.00502746558407611
0.9,0.0333120825,0.22967872376750112,0.005143446710575979
0.91,0.03405455499999999,0.23479789145185304,0.005260271051055456
0.92,0.03480529249999999,0.23997404430523298,0.005378303538171267
0.93,0.0355656725,0.24521667985581241,0.005498915275283164
0.94,0.03633294,0.2505068030472485,0.005620121534942478
0.95,0.0371084725,0.2558539114077126,0.005742790465849621
0.96,0.03789226999999999,0.26125800493720464,0.00586692312078821
0.97,0.03868433249999999,0.2667190836357248,0.005992772162686075
0.98,0.03948466,0.27223714750327305,0.006119835505484112
0.99,0.04029325249999999,0.27781219653984923,0.006248617468217667
1.0,0.04110873249999999,0.28343473321728213,0.006377999320660817
1.01,0.041933855,0.28912375259191453,0.006509970230772854
1.02,0.04276724249999999,0.29486975713557484,0.006643159805806259
1.03,0.0436075175,0.3006632493200919,0.006777204003385945
1.04,0.0444560575,0.306513726673637,0.006912720619858613
1.05,0.0453128625,0.31242118919621015,0.007049710814503663
1.06,0.04617931,0.3183951344159826,0.007189296809836509
1.07,0.047052645,0.3244165672766118,0.007329489825267483
1.08,0.047934245,0.33049498530626903,0.007471160044829178
1.09,0.04882273249999999,0.33662089097678294,0.007613691079497832
1.1,0.0497208625,0.34281327934449624,0.007758571278701624
1.11,0.0506272575,0.3490626528812376,0.007904932420004904
1.12,0.05154054,0.35535951405883565,0.008052157776868794
1.13,0.0524620875,0.3617133604054617,0.00820111849659412
1.14,0.0533932775,0.36813368944928715,0.008351425358522279
1.15,0.05433135499999999,0.37460150613396925,0.008505374427409116
1.16,0.05527769749999999,0.38112630798767944,0.008657026937940647
1.17,0.056232305,0.3877080950104177,0.008813952209789328
1.18,0.0571951775,0.3943468672021839,0.008971106026967735
1.19,0.05816493749999999,0.4010331270348068,0.009127617825846963
1.2,0.05914434,0.4077858695646292,0.009287755233278875
1.21,0.06013063,0.41458609973530824,0.009449777444884174
1.22,0.06112518499999999,0.42144331507501526,0.009612032445892406
1.23,0.06212938249999999,0.42836701311192166,0.009777918721137325
1.24,0.06314046749999999,0.4353381987896848,0.009943168315364664
1.25,0.06415844,0.44235687210830466,0.01011030801371709
1.26,0.06518605499999999,0.44944202812412387,0.01027855745621476
1.27,0.066221935,0.4565841693089711,0.01044957265422645
1.28,0.0672647025,0.46377379813467506,0.01062248276053958
1.29,0.0683171125,0.4710299096575784,0.01079650728812885
1.3,0.06937640999999999,0.4783335088213383,0.01096990097820898
1.31,0.0704439725,0.4856940931541264,0.01114859593669027
1.32,0.0715198,0.49311166265594253,0.01132753641551362
1.33,0.0726038925,0.5005862173267867,0.01150672325131859
1.34,0.07369487250000001,0.5081082596384875,0.01168781371116761
1.35,0.07479549499999999,0.5156967846473876,0.0118725580203147
1.36,0.07590300500000001,0.5233327972971447,0.01205667855510886
1.37,0.07701878,0.5310257951159295,0.01224358219940105
1.38,0.07814281999999999,0.5387757781037423,0.01243073883706208
1.39,0.07927512499999999,0.5465827462605833,0.0126206822037132
1.4,0.080415695,0.5544466995864524,0.01281341460573445
1.41,0.0815631525,0.5623581405531782,0.01300552902525898
1.42,0.0827202525,0.5703360642171033,0.01320131151932001
1.43,0.08388423999999998,0.578361475521885,0.01339901317309038
1.44,0.08505649249999998,0.5864438719956949,0.01359697663113294
1.45,0.08623701,0.5945832536385329,0.01379520282119647
1.46,0.08742441499999999,0.6027701229222274,0.01399788859542539
1.47,0.0886214625,0.6110234749031214,0.01420171734680891
1.48,0.0898253975,0.619324314524872,0.01440493660766029
1.49,0.0910375975,0.6276821393156508,0.01461096170403003
1.5,0.09225806249999999,0.6360969492754573,0.01481979512246876
1.51,0.0934867925,0.6445687444042922,0.01503143937304344
1.52,0.0947237875,0.6530975247021551,0.01524335767692586
1.53,0.09596766999999999,0.6616737926408744,0.01545467286684584
1.54,0.0972198175,0.6703070457486221,0.01567134435730054
1.55,0.09848022999999999,0.6789972840253975,0.01588829453983319
1.56,0.0997489075,0.6877445074712012,0.01610552443310736
1.57,0.10102585,0.6965487160860329,0.01632811895755379
1.58,0.10230968,0.7054004123417212,0.01655011806505946
1.59,0.103601775,0.7143090937664375,0.01677240165297439
1.6,0.104902135,0.7232747603601819,0.01699751433987175
1.61,0.10621076,0.7322974121229544,0.01722545881833117
1.62,0.10752765,0.7413770490547549,0.01745623780472896
1.63,0.1088514275,0.7505041736274121,0.01768642828397128
1.64,0.11018347,0.7596882833690973,0.01791945716642285
1.65,0.1115237775,0.7689293782798106,0.01815278087455678
1.66,0.11287235,0.7782274583595519,0.01838894742151046
1.67,0.1142291875,0.7875825236083212,0.01862795961589038
1.68,0.1155929125,0.7969850764979473,0.01886893852184174
1.69,0.1169649025,0.8064446145566012,0.01911021962440136
1.7,0.1183451575,0.8159611377842834,0.01935435327173839
1.71,0.1197323,0.8255251486528221,0.01960045981911898
1.72,0.121129085,0.8351556422185603,0.01984775660486962
1.73,0.1225327575,0.8448336234251552,0.02009703043892455
1.74,0.123944695,0.854568589800778,0.02034661523410132
1.75,0.1253648975,0.864360541345429,0.0206016164897268
1.76,0.1267919875,0.8741999805309367,0.02085604962634039
1.77,0.1282273425,0.8840964048854724,0.02111079915565271
1.78,0.1296709625,0.894049814409036,0.02137097422398821
1.79,0.1311228475,0.9040602091016278,0.02163147053613696
1.8,0.13258162,0.9141180914350763,0.02189395960500618
1.81,0.1340486575,0.9242329589375528,0.02215677307035238
1.82,0.13552396,0.9344048116090572,0.02242502504433557
1.83,0.1370075275,0.9446336494495898,0.02269360639961269
1.84,0.13849385,0.954881482346465,0.02295897435143352
1.85,0.139995325,0.965233788053225,0.02323422009180193
1.86,0.141510575,0.9756810690416984,0.02351334842868629
1.87,0.14301205,0.9860333747484583,0.02378118650439201
1.88,0.144541075,0.996575631018645,0.02406177792397027
1.89,0.1460701,1.0071178872888318,0.02434250918999781
1.9,0.1476129,1.0177551188407319,0.02462713443530725
1.91,0.1491557,1.0283923503926322,0.02490934060564824
1.92,0.150712275,1.0391245572262457,0.02519544589307223
1.93,0.15226885,1.0498567640598593,0.02547913277684486
1.94,0.1538392,1.0606839461751862,0.02576928811391372
1.95,0.155423325,1.0716061035722264,0.02606591879856546
1.96,0.15700745,1.0825282609692668,0.02636013705172539
1.97,0.158591575,1.0934504183663072,0.02664937475725603
1.98,0.16020325,1.1045625263267742,0.0269539961986622
1.99,0.161814925,1.1156746342872412,0.0272562099886836
2.0,0.1634266,1.1267867422477085,0.02755344593382557
2.01,0.16505205,1.137993825489889,0.0278597476339428
2.02,0.1666775,1.1492009087320696,0.02816107222347281
2.03,0.168316725,1.1605029672559635,0.02846890189577738
2.04,0.169969725,1.1719000010615706,0.02878324389963758
2.05,0.171622725,1.183297034867178,0.0290926116292863
2.06,0.1732895,1.1947890439544988,0.0294084986998751
2.07,0.174956275,1.2062810530418193,0.02972198395814347
2.08,0.176636825,1.2178680374108535,0.0300419970443246
2.09,0.17833115,1.2295499970616008,0.03036854543159966
2.1,0.180025475,1.2412319567123484,0.03069012328623606
2.11,0.181733575,1.2530088916448094,0.0310182436813398
2.12,0.183441675,1.2647858265772702,0.03134396961497142
2.13,0.185149775,1.276562761509731,0.03166729898851916
2.14,0.186885425,1.2885296470056187,0.03200613190465963
2.15,0.188621075,1.3004965325015063,0.03233999821418014
2.16,0.190356725,1.3124634179973942,0.03267405283306907
2.17,0.19210615,1.324525278774995,0.03301209615008994
2.18,0.19386935,1.3366821148343095,0.03335671489133181
2.19,0.19563255,1.348838950893624,0.03369636730675324
2.2,0.197409525,1.361090762234652,0.03404518537849776
2.21,0.1991865,1.3733425735756797,0.03438903802131511
2.22,0.20097725,1.385689360198421,0.03481700726303328
2.23,0.202768,1.3980361468211622,0.03508754661032609
2.24,0.204572525,1.410477908725617,0.0355068537525207
2.25,0.20637705,1.4229196706300715,0.03581001704919935
2.26,0.20819535,1.4354564078162395,0.03620514018609865
2.27,0.210027425,1.448088120284121,0.03654479227377554
2.28,0.2118595,1.4607198327520023,0.03692347782451919
2.29,0.21370535,1.4734465205015972,0.03727772670053006
2.3,0.2155512,1.486173208251192,0.0376555008211791
2.31,0.217410825,1.4989948712825003,0.03801400816485483
2.32,0.219284225,1.5119115095955218,0.0384076642358874
2.33,0.221157625,1.5248281479085435,0.03876526117052293
2.34,0.223031025,1.537744786221565,0.03915679133079138
2.35,0.2249182,1.5507563998163,0.03951347946015574
2.36,0.22681915,1.5638629886927484,0.03992093587772512
2.37,0.2287201,1.576969577569197,0.04027931996854894
2.38,0.230634825,1.5901711417273585,0.04069110516514575
2.39,0.23254955,1.6033727058855203,0.04105379136096599
2.4,0.23447805,1.6166692453253955,0.04146991825486068
2.41,0.236420325,1.630060760046984,0.0418459654601957
2.42,0.2383626,1.6434522747685727,0.0422638508057002
2.43,0.2403048749999999,1.6568437894901606,0.04263518236871396
2.44,0.242260925,1.6703302794934631,0.04306003492911187
2.45,0.24423075,1.6839117447784786,0.04344216587053911
2.46,0.246200575,1.697493210063494,0.04386879923783973
2.47,0.248184175,1.7111696506302227,0.04425789632939574
2.48,0.250167775,1.7248460911969514,0.04468892574629073
2.49,0.2521651499999999,1.738617507045393,0.04507979452386441
2.5,0.2541763,1.7524838981755495,0.04552431347542268
2.51,0.25618745,1.7663502893057046,0.04591957472064965
2.52,0.2581986,1.7802166804358603,0.04635943938823385
2.53,0.260223525,1.7941780468477293,0.04675910283369601
2.54,0.262262225,1.8082343885413117,0.04720989004501665
2.55,0.264300925,1.822290730234894,0.04761397245072624
2.56,0.2663534,1.8364420472101899,0.04807183152700677
2.57,0.268405875,1.8505933641854855,0.04847773465118629
2.58,0.270472125,1.8648396564424947,0.0489400694427046
2.59,0.272538375,1.8790859486995037,0.04935041764902966
2.6,0.2746184,1.8934272162382262,0.04981724250138388
2.61,0.2767122,1.9078634590586623,0.0502411747592477
2.62,0.278806,1.922299701879098,0.05071250832727898
2.63,0.2808998,1.9367359446995338,0.05113179328025585
2.64,0.2830211500000001,1.9513621380833974,0.0516167833577316
2.65,0.285128725,1.965893356185546,0.05212702739107175
2.66,0.287250075,1.9805195495694086,0.05242659052022955
2.67,0.2893852,1.9952407182349847,0.05302393176789613
2.68,0.2915341,2.0100568621822745,0.05348657737789525
2.69,0.293669225,2.02477803084785,0.05392988982575356
2.7,0.2958319,2.0396891500768533,0.05433408640569227
2.71,0.297994575,2.054600269305856,0.05486197551745139
2.72,0.30015725,2.069511388534859,0.05537972706193411
2.73,0.3023337,2.084517483045575,0.05580453800457633
2.74,0.304523925,2.0996185528380047,0.05633082725652332
2.75,0.30671415,2.114719622630435,0.05677860262268392
2.76,0.30891815,2.129915667704578,0.05728849248224783
2.77,0.31112215,2.1451117127787205,0.05776190473635335
2.78,0.313339925,2.1604027331345774,0.05825801285384206
2.79,0.3155577,2.1756937534904335,0.05874920902696705
2.8,0.31778925,2.191079749128004,0.0592420597698621
2.81,0.3200208,2.2064657447655733,0.05974053559193136
2.82,0.322266125,2.2219467156848567,0.06023804017230955
2.83,0.324525225,2.237522661885853,0.0607503991088585
2.84,0.326784325,2.25309860808685,0.06125521631761979
2.85,0.329043425,2.2686745542878466,0.0617604008784995
2.86,0.3313163,2.284345475770557,0.06227254632517817
2.87,0.33360295,2.30011137253498,0.06279166359787802
2.88,0.3358896,2.3158772692994036,0.0633085209431066
2.89,0.338190025,2.3317381413455402,0.06383236297776533
2.9,0.34049045,2.3475990133916773,0.06435394876410667
2.91,0.34280465,2.3635548607195274,0.06488253220759096
2.92,0.34511885,2.3795107080473774,0.06540886311839009
2.93,0.347446825,2.3955615306569413,0.06594220475874173
2.94,0.3497748,2.411612353266505,0.06647594588343338
2.95,0.3521165499999999,2.4277581511577813,0.06701406367218744
2.96,0.354472075,2.443998924330772,0.06756186707473688
2.97,0.3568276,2.460239697503763,0.06810478287152867
2.98,0.359183125,2.476480470676753,0.0686481098726233
2.99,0.361552425,2.492816219131457,0.06919848957425928
3.0,0.3639355,2.509246942867874,0.06975593355638403
3.01,0.3663185749999999,2.525677666604291,0.07031114909712737
3.02,0.368715425,2.542203365622422,0.0708734425662604
3.03,0.371112275,2.5587290646405525,0.07143616914857058
3.04,0.3735229,2.575349738940396,0.07200333088105904
3.05,0.375933525,2.59197041324024,0.07257093184240349
3.06,0.378357925,2.6086860628217976,0.0731429797186524
3.07,0.380782325,2.625401712403355,0.07371547299157949
3.08,0.3832205,2.642212337266626,0.07429508793290936
3.09,0.385658675,2.659022962129897,0.07487249266636056
3.1,0.388110625,2.6759285622748807,0.07545703317425244
3.11,0.39057635,2.6929291377015785,0.07605138772393631
3.12,0.393042075,2.709929713128276,0.07664087829823218
3.13,0.3955078,2.7269302885549735,0.07723083525910385
3.14,0.3979873,2.7440258392633843,0.0778279587589493
3.15,0.4004805749999999,2.761216365253508,0.07843226114163421
3.16,0.40297385,2.778406891243633,0.07903437527701997
3.17,0.405467125,2.795597417233757,0.07963429816801301
3.18,0.4079741749999999,2.8128829185055944,0.0802440904437603
3.19,0.4104949999999999,2.8302633950591454,0.08086109307604776
3.2,0.413015825,2.8476438716126973,0.08147591836567386
3.21,0.415550425,2.865119323447962,0.08209796885131278
3.22,0.418085025,2.8825947752832266,0.0827178464092896
3.23,0.4206334,2.9001652024002045,0.08334496411452975
3.24,0.423181775,2.9177356295171823,0.0839725938281226
3.25,0.425743925,2.9354010319158736,0.08460748101542395
3.26,0.428306075,2.953066434314565,0.08524020649205233
3.27,0.430882,2.9708268119949697,0.08588020464578872
3.28,0.433457925,2.9885871896753744,0.08651804564203851
3.29,0.436047625,3.0064425426374926,0.08716586079882406
3.3,0.4386511,3.024392870881324,0.0878209793823383
3.31,0.441254575,3.0423431991251553,0.0884739554556494
3.32,0.4438580499999999,3.0602935273689864,0.08912478590709869
3.33,0.4464753,3.078338830894532,0.08978562849032518
3.34,0.44909255,3.096384134420077,0.09044433246628453
3.35,0.451723575,3.114524413227335,0.09111037581649407
3.36,0.454368375,3.1327596673163067,0.09178377198982901
3.37,0.4570131749999999,3.1509949214052777,0.09245504225425814
3.38,0.45967175,3.1693251507759634,0.09313637794483919
3.39,0.462330325,3.1876553801466483,0.09381559493837392
3.4,0.4649889,3.2059856095173336,0.09449269006646456
3.41,0.46766125,3.224410814169732,0.09517987506488565
3.42,0.470347375,3.242930994103844,0.09587176449946022
3.43,0.4730334999999999,3.2614511740379553,0.09656424768225559
3.44,0.4757334,3.280066329253781,0.09726685683286834
3.45,0.4784333,3.2986814844696064,0.09796466197132704
3.46,0.4811332,3.3172966396854315,0.09866306865733057
3.47,0.4838468749999999,3.3360067701829696,0.09936891894577997
3.48,0.486574325,3.354811875962222,0.1000822269168967
3.49,0.4893017749999999,3.3736169817414736,0.1007961558849456
3.5,0.4920430000000001,3.392517062802441,0.1015175617351863
3.51,0.4947842249999999,3.4114171438634044,0.1022368863595298
3.52,0.4975392249999999,3.4304122002060837,0.1029664182778271
3.53,0.500294225,3.449407256548763,0.1036911619113346
3.54,0.503063,3.4684972881731553,0.1044288483174579
3.55,0.505831775,3.487587319797547,0.1051617517220407
3.56,0.508614325,3.5067723267036532,0.1059049040462119
3.57,0.511396875,3.5259573336097585,0.1066459959347072
3.58,0.5141931999999999,3.545237315797577,0.1073946380777181
3.59,0.5169895250000001,3.564517297985397,0.1081439473963317
3.6,0.519799625,3.583892255454929,0.1089008269293934
3.61,0.5226097249999999,3.603267212924461,0.1096556593785118
3.62,0.5254336,3.622737145675707,0.1104208056408407
3.63,0.528257475,3.642207078426953,0.1111839128566281
3.64,0.531095125,3.6617719864599123,0.1119546281465353
3.65,0.5339327749999999,3.681336894492871,0.1127260397818835
3.66,0.5367841999999999,3.7009967778075437,0.1135050799210465
3.67,0.539635625,3.7206566611222165,0.1142820947563519
3.68,0.542500825,3.7404115197186023,0.1150694897960615
3.69,0.545366025,3.7601663783149886,0.1158548677887609
3.7,0.548245,3.780016212193088,0.1166479130462831
3.71,0.55113775,3.7999610213529005,0.1174513785627614
3.72,0.554016725,3.819810855231,0.1182431442562047
3.73,0.55692325,3.8398506396725263,0.1190550478430288
3.74,0.559816,3.859795448832339,0.1198552474277863
3.75,0.5627363,3.8799302085555785,0.120672878545615
3.76,0.5656566,3.900064968278818,0.1214912687057364
3.77,0.5685769,3.9201997280020584,0.1223076729992106
3.78,0.5715109749999999,3.9404294630070105,0.1231318265803223
3.79,0.5744450499999999,3.960659198011963,0.123956748386395
3.8,0.5773929,3.98098390829863,0.1247894410397778
3.81,0.58034075,4.001308618585297,0.1256229132963441
3.82,0.5833023749999999,4.021728304153676,0.1264641781324208
3.83,0.586264,4.042147989722056,0.1273089875073795
3.84,0.5892394,4.062662650572149,0.1281533496368462
3.85,0.5922148,4.083177311422243,0.1289985090170136
3.86,0.595203975,4.103786947554049,0.1298542570432363
3.87,0.5981931500000001,4.124396583685856,0.1307108166747898
3.88,0.6011961,4.145101195099375,0.1315779926086581
3.89,0.60419905,4.165805806512895,0.1324459946329914
3.9,0.6072157749999999,4.1866053932081275,0.1333246408510196
3.91,0.6102325,4.2074049799033615,0.1342041277758602
3.92,0.6132492249999999,4.228204566598595,0.1350567987621262
3.93,0.6162934999999999,4.2491941038572545,0.1359576305870204
3.94,0.619324,4.270088665834201,0.1368494875594292
3.95,0.6223682749999999,4.291078203092861,0.1377243537285575
3.96,0.625426325,4.312162715633235,0.1386376339508884
3.97,0.6284843749999999,4.333247228173608,0.1395240727482574
3.98,0.6315561999999999,4.354426715995696,0.1404489822125459
3.99,0.634628025,4.375606203817783,0.1413470373203094
4.0,0.63769985,4.396785691639869,0.1422459654815809
4.01,0.6407854500000001,4.418060154743671,0.1431556599132745
4.02,0.643884825,4.439429593129184,0.1441039392409155
4.03,0.6469841999999999,4.460799031514696,0.1450253383411025
4.04,0.650083575,4.482168469900211,0.1459476408893908
4.05,0.6531967249999999,4.5036328835674375,0.1468807681634177
4.06,0.6563236499999999,4.525192272516378,0.1478247419566522
4.07,0.6594505749999999,4.5467516614653185,0.1487696494171329
4.08,0.6625774999999999,4.568311050414259,0.149715491256342
4.09,0.6657182,4.589965414644913,0.1506443198496815
4.1,0.6688588999999999,4.611619778875567,0.1516019813832456
4.11,0.672013375,4.633369118387935,0.1525705569501022
4.12,0.6751816249999999,4.6552134331820145,0.153550068872273
4.13,0.6783360999999999,4.676962772694382,0.1544926287065222
4.14,0.681518125,4.698902062770176,0.1554840665643499
4.15,0.684686375,4.720746377564257,0.1564385246486305
4.16,0.687882175,4.742780642921765,0.1574419349923817
4.17,0.6910641999999999,4.764719932997558,0.1584083377506028
4.18,0.6942737749999999,4.786849173636779,0.1594237675190887
4.19,0.697469575,4.808883438994287,0.1604021617636978
4.2,0.70067915,4.831012679633508,0.1613915709364448
4.21,0.7039025,4.853236895554442,0.1623920178752863
4.22,0.70712585,4.875461111475376,0.1634215701859625
4.23,0.710362975,4.897780302678024,0.1644341182020127
4.24,0.7136001,4.920099493880671,0.1654476998190119
4.25,0.7168372249999999,4.942418685083319,0.1664623158514724
4.26,0.720088125,4.96483285156768,0.1674880406857783
4.27,0.7233527999999999,4.987341993333754,0.1685248977030029
4.28,0.7266036999999999,5.009756159818115,0.1695527329858389
4.29,0.7298821499999999,5.032360276865903,0.1706018135118007
4.3,0.7331605999999999,5.054964393913691,0.1716519779140313
4.31,0.73643905,5.077568510961479,0.1726750028544997
4.32,0.7397312749999999,5.1002676032909795,0.1737374415246414
4.33,0.7430235000000001,5.122966695620482,0.1748009819907052
4.34,0.7463295,5.145760763231696,0.1758474895071614
4.35,0.7496354999999999,5.16855483084291,0.1769233708510062
4.36,0.7529415,5.191348898454126,0.1780003720917674
4.37,0.75627505,5.214332916628766,0.1790704932491849
4.38,0.7595948249999999,5.237221959521694,0.1801599026928046
4.39,0.762928375,5.260205977696336,0.1812322761618
4.4,0.7662756999999999,5.28328497115269,0.1823443177690357
4.41,0.769623025,5.306363964609046,0.1834291519653301
4.42,0.7729703499999999,5.3294429580654,0.1845151272997139
4.43,0.7763314499999999,5.352616926803468,0.1856124496165631
4.44,0.7796925499999999,5.375790895541536,0.1867393567120012
4.45,0.7830674249999999,5.399059839561318,0.1878492341136192
4.46,0.7864423,5.422328783581101,0.1889602880794626
4.47,0.7898309499999999,5.445692702882594,0.1900827564128412
4.48,0.7932196,5.46905662218409,0.191206419244711
4.49,0.796622025,5.492515516767298,0.1923415304967927
4.5,0.8000244499999999,5.515974411350506,0.1934778543331391
4.51,0.803426875,5.539433305933715,0.1946153917565593
4.52,0.806843075,5.562987175798637,0.1957644210156692
4.53,0.8102592750000001,5.586541045663559,0.1969146821132299
4.54,0.81368925,5.610189890810194,0.1980764696577842
4.55,0.817133,5.633933711238543,0.1992498092793138
4.56,0.820562975,5.657582556385178,0.2004141065605551
4.57,0.8240204999999999,5.681421352095239,0.2016002928255285
4.58,0.8274642499999999,5.7051651725235875,0.202748788304843
4.59,0.830921775,5.729003968233649,0.2039375238948127
4.6,0.8343930749999999,5.752937739225425,0.2051378913101625
4.61,0.837864375,5.776871510217201,0.2063108654123284
4.62,0.84134945,5.8009002564906895,0.2075241902455076
4.63,0.84482075,5.824834027482464,0.2086997394690961
4.64,0.8483196,5.848957749037666,0.2099260680613564
4.65,0.8518184499999999,5.873081470592868,0.2111249754861905
4.66,0.8553173,5.89720519214807,0.2123539777672814
4.67,0.858829925,5.921423888984987,0.2135659301814276
4.68,0.8623425499999998,5.945642585821901,0.2148080299570203
4.69,0.865855175,5.969861282658817,0.216022663625601
4.7,0.8693815749999999,5.994174954777446,0.2172490591051403
4.71,0.8729217499999999,6.018583602177788,0.2185161091051668
4.72,0.876461925,6.0429922495781305,0.219755680587385
4.73,0.8800020999999999,6.067400896978473,0.2209966237995975
4.74,0.8835560499999999,6.091904519660528,0.2222783188023775
4.75,0.8871100000000001,6.116408142342586,0.2235325056278554
4.76,0.890677725,6.141006740306354,0.224798564907694
4.77,0.89424545,6.165605338270123,0.2260660354199765
4.78,0.8978269499999999,6.190298911515605,0.2273454157617447
4.79,0.9014084499999999,6.214992484761087,0.2286262273263515
4.8,0.9049899499999999,6.23968605800657,0.2299084713574339
4.81,0.9085852249999999,6.264474606533766,0.2312026729306655
4.82,0.9121805,6.2892631550609615,0.232498327140232
4.83,0.91578955,6.314146678869871,0.2338059768637883
4.84,0.9193986,6.339030202678781,0.2351150995586623
4.85,0.923021425,6.364008701769403,0.2364362560255519
4.86,0.92664425,6.388987200860026,0.2377589059648577
4.87,0.930267075,6.413965699950649,0.2390830506887995
4.88,0.9339036749999999,6.439039174322984,0.2403901207316796
4.89,0.9375402749999999,6.464112648695321,0.2417278460826646
4.9,0.94119065,6.4892810983493705,0.2430776928506883
4.91,0.944841025,6.5144495480034195,0.2444290759295736
4.92,0.948505175,6.539712972939182,0.2457633920598832
4.93,0.9521693249999998,6.564976397874944,0.2471284753982597
4.94,0.9558472499999998,6.59033479809242,0.2485057586797272
4.95,0.9595113999999999,6.615598223028184,0.2498446894456556
4.96,0.9632030999999999,6.6410515985273735,0.2512357638248399
4.97,0.9668947999999999,6.666504974026563,0.2526284380628249
4.98,0.9705865,6.691958349525754,0.2539933795711444
4.99,0.9742781999999999,6.7174117250249425,0.255389239979673
5.0,0.9779836749999999,6.742960075805845,0.2567680316137956
5.01,0.9817029249999999,6.768603401868462,0.2581885055993562
5.02,0.985422175,6.794246727931078,0.2595812183333283
5.03,0.9891414249999998,6.819890053993694,0.2610049648595002
5.04,0.99287445,6.845628355338025,0.2624116514768411
5.05,0.9966074749999999,6.871366656682354,0.2638199698040508
5.06,1.0003405,6.897104958026685,0.2652593994549019
5.07,1.0040873,6.922938234652728,0.2666817666318838
5.08,1.007847875,6.948866486560484,0.2681165613368391
5.09,1.01160845,6.974794738468241,0.2695825646180848
5.1,1.015369025,7.000722990375998,0.271020730497384
5.11,1.0191296,7.026651242283755,0.2724605751153766
5.12,1.02290395,7.0526744694732235,0.2739424987122691
5.13,1.026692075,7.078792671944408,0.2754073743916737
5.14,1.0304802,7.104910874415591,0.2768739719920282
5.15,1.034268325,7.131029076886774,0.2783422930921667
5.16,1.038070225,7.157242254639671,0.2798231889801539
5.17,1.041872125,7.183455432392568,0.281335511496561
5.18,1.045674025,7.2096686101454655,0.2828199198628796
5.19,1.0494897,7.2359767631800755,0.2843169567308355
5.2,1.05331915,7.2623798914963995,0.2858266532144367
5.21,1.0571486,7.2887830198127235,0.2873381416633866
5.22,1.06097805,7.315186148129045,0.2888514237380004
5.23,1.0648075,7.341589276445369,0.290366501099975
5.24,1.068650725,7.368087380043406,0.2918943040924221
5.25,1.072507725,7.3946804589231565,0.2934348642952206
5.26,1.076364725,7.421273537802906,0.2949772647072275
5.27,1.080221725,7.447866616682657,0.2965215070452044
5.28,1.084078725,7.474459695562407,0.2980675930273508
5.29,1.0879495,7.501147749723871,0.2996265032845687
5.3,1.09183405,7.527930779167048,0.3011982698678275
5.31,1.0957186,7.554713808610226,0.302771925740502
5.32,1.09960315,7.581496838053404,0.3043474726771864
5.33,1.1034877,7.608279867496581,0.3059249124539729
5.34,1.107386025,7.6351578722214715,0.3075152766847085
5.35,1.111298125,7.662130852228075,0.3090885760441662
5.36,1.115210225,7.689103832234679,0.3106938171223619
5.37,1.119122325,7.716076812241282,0.3123009992400728
5.38,1.1230482,7.7431447675296,0.3139211952932311
5.39,1.126974075,7.7702127228179165,0.3155433567723876
5.4,1.13089995,7.797280678106236,0.3171373665999078
5.41,1.1348396,7.824443608676266,0.3187745472555593
5.42,1.13877925,7.851606539246296,0.3204137197881507
5.43,1.142732675,7.87886444509804,0.3220660092762184
5.44,1.1466861,7.906122350949784,0.3236901180717942
5.45,1.150639525,7.933380256801529,0.3253464231523683
5.46,1.154606725,7.960733137934986,0.3270159035023702
5.47,1.158573925,7.988086019068444,0.3286571708920362
5.48,1.1625549,8.015533875483614,0.3303418965476128
5.49,1.1665221,8.04288675661707,0.3320175043674676
5.5,1.17051685,8.070429588313957,0.3336872400541105
5.51,1.1745116,8.09797242001084,0.3353893660826167
5.52,1.17850635,8.125515251707725,0.3370935882862263
5.53,1.1825011,8.15305808340461,0.3387695326549368
5.54,1.186509625,8.180695890383207,0.3404891734752046
5.55,1.19051815,8.208333697361804,0.3422109381203102
5.56,1.19454045,8.236066479622117,0.3439156542077489
5.57,1.19856275,8.263799261882427,0.3456529361184273
5.58,1.20258505,8.291532044142738,0.3473618930806889
5.59,1.206621125,8.319359801684763,0.3491147548573926
5.6,1.2106572,8.347187559226787,0.3508392771864666
5.61,1.21470705,8.375110292050524,0.3526077927885776
5.62,1.2187569,8.403033024874263,0.3543479544531774
5.63,1.22280675,8.430955757698,0.3561208599005812
5.64,1.226870375,8.458973465803453,0.3579073232213877
5.65,1.230934,8.486991173908903,0.3596653998833193
5.66,1.2350114,8.515103857296069,0.3614676819930325
5.67,1.239075025,8.543121565401519,0.363230180102708
5.68,1.2431662,8.571329224070398,0.3650176643295897
5.69,1.2472436,8.599441907457562,0.3668266899542075
5.7,1.251334775,8.62764956612644,0.3686186756413383
5.71,1.255439725,8.655952200077031,0.3704550814534781
5.72,1.2595309,8.68415985874591,0.3722515999084426
5.73,1.26363585,8.7124624926965,0.3740926070394663
5.74,1.267754575,8.740860101928806,0.3759165903896181
5.75,1.2718733,8.76925771116111,0.377773703660467
5.76,1.275992025,8.797655320393416,0.379602317041033
5.77,1.28011075,8.82605292962572,0.3814332384223238
5.78,1.28424325,8.854545514139739,0.3833088666331738
5.79,1.288389525,8.88313307393547,0.3851674806059723
5.8,1.292522025,8.91162565844949,0.3870478565894979
5.81,1.2966683,8.940213218245221,0.3889112039095252
5.82,1.30082835,8.968895753322665,0.3907884699290462
5.83,1.3049884,8.99757828840011,0.3926991219321758
5.84,1.30914845,9.026260823477555,0.3945811933301178
5.85,1.3133085,9.054943358555,0.3964966980264588
5.86,1.317482325,9.08372086891416,0.3983951843085601
5.87,1.32165615,9.112498379273317,0.4002960943713004
5.88,1.32584375,9.141370864914188,0.4022421556799098
5.89,1.33003135,9.170243350555062,0.4041595887610853
5.9,1.33421895,9.199115836195933,0.406079476415126
5.91,1.338420325,9.228083297118518,0.4080446460187448
5.92,1.3426217,9.257050758041103,0.4099811540489001
5.93,1.346823075,9.286018218963688,0.411920147726186
5.94,1.351038225,9.315080655167986,0.4139045549351545
5.95,1.355253375,9.344143091372285,0.4158602671627621
5.96,1.3594823,9.373300502858298,0.4178302146019641
5.97,1.36369745,9.402362939062597,0.4198222716271856
5.98,1.367926375,9.431520350548608,0.4217973184078552
5.99,1.372169075,9.460772737316333,0.4237866680908706
6.0,1.376411775,9.49002512408406,0.4258099550114368
6.01,1.38066825,9.519372486133499,0.4278162584064166
6.02,1.3849385,9.548814823464651,0.4298369573274762
6.03,1.38920875,9.578257160795802,0.4318917161805368
6.04,1.393479,9.607699498126953,0.4339177035984513
6.05,1.39774925,9.637141835458106,0.435946328280844
6.06,1.4020195,9.666584172789259,0.438009087416011
6.07,1.40628975,9.696026510120412,0.4400430169151175
6.08,1.41056,9.725468847451564,0.4420795918265961
6.09,1.41483025,9.754911184782715,0.4441503758744752
6.1,1.4191005,9.784353522113868,0.4461922719678759
6.11,1.42337075,9.813795859445019,0.4482368216441979
6.12,1.427641,9.843238196776172,0.4503156553037538
6.13,1.43191125,9.872680534107324,0.4523655425726746
6.14,1.43631925,9.90307262425561,0.4545374759933082
6.15,1.4405895,9.932514961586762,0.4565928129258697
6.16,1.44485975,9.961957298917914,0.4586825347208865
6.17,1.44926775,9.9923493890662,0.4608629921948424
6.18,1.453538,10.021791726397353,0.4629264854657644
6.19,1.457946,10.05218381654564,0.4651444539450044
6.2,1.46221625,10.081626153876792,0.4672134476917209
6.21,1.46662425,10.112018244025077,0.4694053902989245
6.22,1.4708945,10.14146058135623,0.4715117274537749
6.23,1.4753025,10.171852671504515,0.4737094421438462
6.24,1.47957275,10.201295008835668,0.475789448976724
6.25,1.48398075,10.231687098983954,0.478024847159936
6.26,1.48838875,10.26207918913224,0.4802312958970247
6.27,1.492659,10.291521526463391,0.482319660804799
6.28,1.497067,10.321913616611678,0.4845638800605023
6.29,1.501475,10.352305706759964,0.4867790903049021
6.3,1.505883,10.382697796908252,0.4889972628857219
6.31,1.510291,10.413089887056538,0.4912504621336128
6.32,1.51456125,10.44253222438769,0.4933529069518148
6.33,1.51896925,10.472924314535975,0.4955798778822122
6.34,1.52337725,10.503316404684261,0.4978419539760339
6.35,1.52778525,10.533708494832547,0.500074900958544
6.36,1.53219325,10.564100584980833,0.5023108290381072
6.37,1.53660125,10.59449267512912,0.5045819418098595
6.38,1.54100925,10.624884765277407,0.5068238649324899
6.39,1.54541725,10.655276855425692,0.5091010258720747
6.4,1.549963,10.686618698391111,0.5114716938635024
6.41,1.554371,10.717010788539397,0.513722753449932
6.42,1.558779,10.747402878687684,0.5160091315421653
6.43,1.563187,10.777794968835972,0.5182662182096363
6.44,1.567595,10.808187058984258,0.5205263114568619
6.45,1.57214075,10.839528901949677,0.5229452073870345
6.46,1.57654875,10.869920992097963,0.5252114792876563
6.47,1.58095675,10.900313082246248,0.5275132040158907
6.48,1.5855025,10.931654925211669,0.5299093431252412
6.49,1.5899105,10.962047015359955,0.5321848297778301
6.5,1.59445625,10.993388858325375,0.5346199302403463
6.51,1.59886425,11.023780948473663,0.5369016287349196
6.52,1.60341,11.055122791439082,0.539343267956542
6.53,1.607818,11.085514881587368,0.5416311916726981
6.54,1.61236375,11.116856724552788,0.544079383650339
6.55,1.61677175,11.147248814701074,0.5463735459936387
6.56,1.6213175,11.178590657666494,0.5488283047512841
6.57,1.62586325,11.209932500631915,0.551253757014036
6.58,1.63027125,11.240324590780201,0.5535573576249139
6.59,1.634817,11.27166643374562,0.556022050797304
6.6,1.63936275,11.303008276711042,0.558457375584632
6.61,1.6439085,11.334350119676461,0.5609288113880572
6.62,1.6483165,11.364742209824746,0.5632451047673956
6.63,1.65286225,11.396084052790167,0.5657231570427937
6.64,1.657408,11.427425895755587,0.5681717580207845
6.65,1.66195375,11.458767738721006,0.5706565820237818
6.66,1.6664995,11.490109581686427,0.573144809724354
6.67,1.67104525,11.521451424651847,0.5756035233447482
6.68,1.675591,11.552793267617268,0.5780985448991602
6.69,1.68013675,11.584135110582688,0.5805640104379437
6.7,1.6846825,11.615476953548107,0.5830658406209522
6.71,1.68922825,11.646818796513527,0.5855380727934769
6.72,1.693774,11.678160639478946,0.5880467264088658
6.73,1.69831975,11.709502482444368,0.5905257399594251
6.74,1.70300325,11.741794078226922,0.5931686596909702
6.75,1.707549,11.773135921192342,0.5956877311945079
6.76,1.71209475,11.804477764157763,0.5981770988392331
6.77,1.7166405,11.835819607123181,0.6007030312141319
6.78,1.721324,11.868111202905736,0.6033604155810179
6.79,1.72586975,11.899453045871155,0.6058601715680624
6.8,1.7304155,11.930794888836576,0.6083965788896795
6.81,1.735099,11.96308648461913,0.6110648840649543
6.82,1.73964475,11.99442832758455,0.6135750627446376
6.83,1.74432825,12.026719923367104,0.6162507095658284
6.84,1.748874,12.058061766332525,0.6188012414541486
6.85,1.75341975,12.089403609297944,0.621321877279245
6.86,1.75810325,12.121695205080497,0.6240085049360647
6.87,1.76278675,12.153986800863052,0.6266989093436437
6.88,1.7673325,12.185328643828472,0.6292301805155379
6.89,1.772016,12.217620239611026,0.6319279751931256
6.9,1.77656175,12.248962082576446,0.634499798663584
6.91,1.78124525,12.281253678359,0.6372050257233264
6.92,1.78592875,12.313545274141555,0.6398804999968215
6.93,1.7904745,12.344887117106975,0.6424630947851715
6.94,1.795158,12.37717871288953,0.645179550645829
6.95,1.7998415,12.409470308672082,0.6478998167054044
6.96,1.804525,12.441761904454635,0.6506238972270241
6.97,1.8092085,12.47405350023719,0.6533181171833327
6.98,1.81375425,12.50539534320261,0.6559188580461301
6.99,1.81843775,12.537686938985164,0.6586542299190625
7.0,1.82312125,12.569978534767719,0.6613934331735479
7.01,1.82780475,12.602270130550274,0.6641364720941403
7.02,1.83248825,12.634561726332826,0.6668833509697263
7.03,1.83717175,12.666853322115381,0.669634074093526
7.04,1.84185525,12.699144917897936,0.672388645763101
7.05,1.84653875,12.731436513680489,0.6751470702803557
7.06,1.85122225,12.763728109463042,0.6778754387749067
7.07,1.85590575,12.796019705245596,0.6806415557381411
7.08,1.860727,12.829261053845284,0.6835440165751403
7.09,1.8654105,12.86155264962784,0.6863180225877885
7.1,1.870094,12.893844245410392,0.6890959031602859
7.11,1.8747775,12.926135841192947,0.6918776626208233
7.12,1.879461,12.958427436975501,0.6946633053019619
7.13,1.88428225,12.99166878557519,0.6975860869776819
7.14,1.88896575,13.023960381357744,0.7003796631217027
7.15,1.89364925,13.056251977140297,0.7031771356686373
7.16,1.8984705,13.089493325739985,0.7061464067436621
7.17,1.903154,13.121784921522538,0.7089518660160714
7.18,1.9078375,13.154076517305093,0.7117612349344907
7.19,1.91265875,13.187317865904781,0.7147087079366847
7.2,1.91734225,13.219609461687334,0.7175260642129693
7.21,1.9221635,13.252850810287022,0.7204818493060612
7.22,1.926847,13.285142406069577,0.7233072110729266
7.23,1.93166825,13.318383754669265,0.7262713270681946
7.24,1.93635175,13.35067535045182,0.7291391045618846
7.25,1.941173,13.383916699051507,0.7321115976321774
7.26,1.9458565,13.416208294834062,0.7349530514904348
7.27,1.95067775,13.44944964343375,0.7379339132439696
7.28,1.955499,13.482690992033437,0.7409190474576678
7.29,1.9601825,13.51498258781599,0.7438072039519463
7.3,1.96500375,13.548223936415678,0.746800762853857
7.31,1.969825,13.581465285015366,0.7497986088022075
7.32,1.9745085,13.61375688079792,0.7526644816269085
7.33,1.97932975,13.646998229397608,0.755705389937498
7.34,1.984151,13.680239577997297,0.7587159910224536
7.35,1.98897225,13.713480926596985,0.7617308987227359
7.36,1.9937935,13.746722275196673,0.7647848369967559
7.37,1.998477,13.779013870979227,0.7676713232623568
7.38,2.00329825,13.812255219578914,0.7707338177413309
7.39,2.0081195,13.845496568178602,0.7737658926971618
7.4,2.012940749999999,13.878737916778283,0.7768022989030884
7.41,2.017762,13.911979265377978,0.7798778976854102
7.42,2.02258325,13.945220613977666,0.7829230089933427
7.43,2.0274045,13.978461962577352,0.7860073782574438
7.44,2.03222575,14.01170331117704,0.7890612146697447
7.45,2.037047,14.044944659776728,0.7921543745268106
7.46,2.04186825,14.078186008376417,0.7952169560874385
7.47,2.0466895,14.111427356976105,0.7983189266904304
7.48,2.05151075,14.144668705575793,0.8013902734850188
7.49,2.05646975,14.178859806992618,0.8046401335396548
7.5,2.061291,14.212101155592306,0.807720431557785
7.51,2.06611225,14.245342504191994,0.8108402511141815
7.52,2.0709335,14.278583852791682,0.8139645179947944
7.53,2.07575475,14.31182520139137,0.817058046381897
7.54,2.08071375,14.346016302808192,0.8203310931551951
7.55,2.085535,14.379257651407878,0.8234336245316421
7.56,2.09035625,14.412499000007566,0.826575843458596
7.57,2.09531525,14.446690101424387,0.8298629416160795
7.58,2.1001365,14.479931450024075,0.8330142797517471
7.59,2.10495775,14.513172798623764,0.8361347407171982
7.6,2.10991675,14.547363900040585,0.839435938951813
7.61,2.114738,14.580605248640273,0.842600883300829
7.62,2.119697,14.614796350057095,0.8459115862710099
7.63,2.12451825,14.648037698656783,0.8490502280656658
7.64,2.1293395,14.68127904725647,0.8522288258827553
7.65,2.1342985,14.715470148673292,0.8555537106589908
7.66,2.13911975,14.74871149727298,0.858741512446962
7.67,2.14407875,14.782902598689802,0.8620759569781978
7.68,2.14903775,14.817093700106627,0.8654152776621076
7.69,2.153859,14.850335048706315,0.8685813640480506
7.7,2.158818,14.884526150123136,0.8719302488394938
7.71,2.16363925,14.917767498722823,0.8751412112363686
7.72,2.16859825,14.951958600139644,0.8784997114710407
7.73,2.17355725,14.986149701556466,0.8818631162223122
7.74,2.1783785,15.019391050156154,0.8850880911091938
7.75,2.1833375,15.053582151572975,0.8884611449621954
7.76,2.1882965,15.087773252989797,0.8918391204751029
7.77,2.1932555,15.121964354406618,0.8952220234391479
7.78,2.19807675,15.155205703006306,0.8984658153816101
7.79,2.20303575,15.189396804423131,0.9018584126191421
7.8,2.20799475,15.223587905839953,0.9052919203829946
7.81,2.21295375,15.257779007256774,0.908694442160686
7.82,2.21791275,15.291970108673596,0.9121019202673245
7.83,2.222871749999999,15.326161210090412,0.915514360531125
7.84,2.227693,15.359402558690105,0.9187866587209854
7.85,2.232652,15.393593660106927,0.9222088616155169
7.86,2.237611,15.427784761523748,0.9256721857332872
7.87,2.24257,15.461975862940573,0.9291043829808423
7.88,2.247529,15.496166964357394,0.9325415714477675
7.89,2.252488,15.530358065774216,0.9359837569994831
7.9,2.257447,15.564549167191037,0.9394672055277364
7.91,2.262406,15.598740268607859,0.9429194325007536
7.92,2.267365,15.63293137002468,0.9463766742165829
7.93,2.272324,15.667122471441502,0.9498752855497472
7.94,2.277283,15.701313572858325,0.9533426041320904
7.95,2.28237975,15.73645442709228,0.9569620496509857
7.96,2.28733875,15.770645528509101,0.9604760594123288
7.97,2.29229775,15.804836629925923,0.963958704437926
7.98,2.29725675,15.839027731342744,0.9674828984613821
7.99,2.30221575,15.873218832759566,0.97097568009508
8.0,2.30717475,15.90740993417639,0.9745100822894348
8.01,2.3122715,15.942550788410346,0.9781612187065182
8.02,2.3172305,15.976741889827167,0.9817060364248105
8.03,2.3221895,16.01093299124399,0.9852193455984841
8.04,2.3271485,16.04512409266081,0.9887744198592783
8.05,2.33224525,16.08026494689477,0.9924835809297126
8.06,2.33720425,16.114456048311588,0.9960124104718964
8.07,2.34216325,16.14864714972841,0.9995831140953375
8.08,2.34726,16.183788003962366,1.003271681084028
8.09,2.352219,16.217979105379186,1.006852886744798
8.1,2.357178,16.252170206796013,1.010439275336189
8.11,2.36227475,16.287311061029968,1.014180906618056
8.12,2.36723375,16.321502162446787,1.017740943040897
8.13,2.3723305,16.356643016680742,1.021493502586402
8.14,2.3772895,16.390834118097565,1.025101025235137
8.15,2.38238625,16.425974972331524,1.02886457005518
8.16,2.38734525,16.460166073748344,1.032482712616004
8.17,2.392442,16.4953069279823,1.036220193491582
8.18,2.397401,16.52949802939912,1.039848950963951
8.19,2.40249775,16.56463888363308,1.043634513552113
8.2,2.40745675,16.5988299850499,1.047273941533298
8.21,2.4125535,16.633970839283855,1.051070567840291
8.22,2.4175125,16.668161940700678,1.05472069173582
8.23,2.42260925,16.703302794934633,1.058528408039934
8.24,2.427706,16.73844364916859,1.062341776359922
8.25,2.432665,16.77263475058541,1.066008085946487
8.26,2.43776175,16.807775604819366,1.069832584003006
8.27,2.4428585,16.84291645905332,1.073662754302517
8.28,2.4478175,16.877107560470147,1.077345307681063
8.29,2.45291425,16.912248414704102,1.081186647585874
8.3,2.458011,16.947389268938057,1.085033680026595
8.31,2.46297,16.981580370354877,1.088770044036889
8.32,2.46806675,17.016721224588835,1.092628317583893
8.33,2.4731635,17.05186207882279,1.096492304052181
8.34,2.47826025,17.087002933056745,1.100362010316438
8.35,2.483357,17.1221437872907,1.104275077977042
8.36,2.488316,17.156334888707523,1.108001422102094
8.37,2.49341275,17.19147574294148,1.111888163579386
8.38,2.4985095,17.226616597175436,1.11578065223132
8.39,2.50360625,17.26175745140939,1.119716655424472
8.4,2.508703,17.296898305643346,1.123620690883695
8.41,2.51379975,17.3320391598773,1.127568318212417
8.42,2.5188965,17.36718001411126,1.131483928294581
8.43,2.5238555,17.40137111552808,1.135249086433093
8.44,2.52895225,17.436511969762037,1.139213986938926
8.45,2.534049,17.471652823995992,1.143146796409223
8.46,2.53914575,17.506793678229947,1.147123390570708
8.47,2.5442425,17.541934532463905,1.151067843994431
8.48,2.54933925,17.57707538669786,1.155056159916278
8.49,2.554436,17.612216240931815,1.159012285321714
8.5,2.55953275,17.64735709516577,1.163012351170067
8.51,2.5646295,17.68249794939973,1.167018318566972
8.52,2.56972625,17.717638803633683,1.17099202064939
8.53,2.574823,17.752779657867638,1.175009780364382
8.54,2.57991975,17.787920512101596,1.179033462898797
8.55,2.58515425,17.824011119152683,1.183183444070226
8.56,2.590251,17.859151973386638,1.18721916371146
8.57,2.59534775,17.894292827620596,1.191260827740579
8.58,2.6004445,17.92943368185455,1.195308443295905
8.59,2.60554125,17.964574536088506,1.199362017523562
8.6,2.610638,17.99971539032246,1.203383125505199
8.61,2.61573475,18.03485624455642,1.207448606269013
8.62,2.62096925,18.07094685160751,1.211680132451304
8.63,2.626066,18.106087705841464,1.21575778451781
8.64,2.63116275,18.141228560075422,1.219841431306874
8.65,2.6362595,18.176369414309377,1.223931080011791
8.66,2.64135625,18.211510268543332,1.228026737833711
8.67,2.64659075,18.247600875594422,1.232289505565402
8.68,2.6516875,18.282741729828377,1.236397408277927
8.69,2.656784249999999,18.31788258406233,1.240511341988859
8.7,2.661881,18.35302343829629,1.244631313931091
8.71,2.6671155,18.38911404534738,1.248919253106316
8.72,2.67221225,18.424254899581335,1.253051529194783
8.73,2.677309,18.459395753815294,1.257189865492357
8.74,2.6825435,18.49548636086638,1.261535706277431
8.75,2.68764025,18.530627215100335,1.265686424114659
8.76,2.692737,18.565768069334293,1.269843224238985
8.77,2.6979715,18.601858676385383,1.274169289283222
8.78,2.70306825,18.636999530619338,1.278377504890043
8.79,2.708165,18.672140384853297,1.282552836009734
8.8,2.7133995,18.708230991904383,1.286898084670306
8.81,2.71849625,18.743371846138338,1.291124975645694
8.82,2.72373075,18.77946245318943,1.295483134991554
8.83,2.7288275,18.814603307423386,1.299683407044716
8.84,2.734062,18.850693914474476,1.304093696040833
8.85,2.73915875,18.88583476870843,1.308306500571462
8.86,2.7442555,18.920975622942386,1.31256474896285
8.87,2.74949,18.95706622999348,1.316955197327192
8.88,2.75458675,18.992207084227434,1.321226090626174
8.89,2.75982125,19.02829769127852,1.325629559511693
8.9,2.764918,19.06343854551248,1.329913128438972
8.91,2.7701525,19.09952915256357,1.334369104710805
8.92,2.77524925,19.134670006797524,1.338625924806598
8.93,2.78048375,19.170760613848614,1.343095052102359
8.94,2.78571825,19.206851220899704,1.347570893380935
8.95,2.790815,19.24199207513366,1.351846852463276
8.96,2.7960495,19.27808268218475,1.356335892877643
8.97,2.80114625,19.313223536418704,1.360664225736032
8.98,2.806380749999999,19.349314143469787,1.365166531471213
8.99,2.8114775,19.384454997703752,1.369467987974221
9.0,2.816712,19.42054560475484,1.373983556928903
9.01,2.8219465,19.456636211805932,1.378505897037953
9.02,2.82704325,19.491777066039887,1.382866482979299
9.03,2.83227775,19.527867673090974,1.387402169147483
9.04,2.83751225,19.563958280142067,1.391944651206425
9.05,2.842609,19.599099134376022,1.396324746380974
9.06,2.8478435,19.635189741427112,1.400880623293126
9.07,2.853078,19.671280348478202,1.405443320914807
9.08,2.85817475,19.706421202712157,1.409842996752813
9.09,2.86340925,19.742511809763247,1.41441913818435
9.1,2.86864375,19.778602416814337,1.419002125226831
9.11,2.8737405,19.813743271048292,1.423421453396728
9.12,2.878975,19.849833878099382,1.428017933368796
9.13,2.884209499999999,19.885924485150465,1.432661487442202
9.14,2.88930625,19.92106533938443,1.437100573617229
9.15,2.89454075,19.957155946435517,1.441717501105463
9.16,2.89977525,19.993246553486607,1.446341324286377
9.17,2.90500975,20.029337160537697,1.45101239310672
9.18,2.910106499999999,20.064478014771645,1.455477997202351
9.19,2.915341,20.100568621822745,1.460122367773563
9.2,2.9205755,20.13665922887383,1.464814112759396
9.21,2.925809999999999,20.172749835924915,1.469472385442165
9.22,2.93090675,20.20789069015888,1.474005151128823
9.23,2.93614125,20.243981297209967,1.478677133718638
9.24,2.94137575,20.28007190426106,1.483396663381946
9.25,2.94661025,20.316162511312147,1.4880826159413
9.26,2.95184475,20.352253118363237,1.492816202731011
9.27,2.95707925,20.388343725414327,1.497516159564988
9.28,2.962176,20.42348457964828,1.502089511980272
9.29,2.9674105,20.459575186699375,1.506844037816189
9.3,2.972645,20.49566579375046,1.511564854939783
9.31,2.9778795,20.53175640080155,1.516333523708076
9.32,2.983114,20.56784700785264,1.521109294542844
9.33,2.9883485,20.60393761490373,1.525851277063945
9.34,2.99344525,20.63907846913769,1.530465548858219
9.35,2.99867975,20.675169076188777,1.535262412409456
9.36,3.00391425,20.711259683239867,1.540066412604797
9.37,3.00914875,20.747350290290957,1.544877558187037
9.38,3.01438325,20.783440897342047,1.549654783057619
9.39,3.01961775,20.819531504393137,1.554480210250665
9.4,3.02485225,20.855622111444227,1.559312809087103
9.41,3.03008675,20.891712718495317,1.564152588348851
9.42,3.03532125,20.927803325546407,1.568999556827644
9.43,3.04055575,20.963893932597493,1.57385372332504
9.44,3.0456525,20.99903478683145,1.578537094422945
9.45,3.050887,21.03512539388254,1.583405450291921
9.46,3.0561215,21.07121600093363,1.588322388587182
9.47,3.061356,21.10730660798472,1.593205237396956
9.48,3.0665905,21.14339721503581,1.598095328141334
9.49,3.071825,21.1794878220869,1.602992669680775
9.5,3.0770595,21.215578429137988,1.607897270885635
9.51,3.082294,21.25166903618908,1.612850677532302
9.52,3.0875285,21.287759643240168,1.617769860547732
9.53,3.092763,21.32385025029126,1.622696329930043
9.54,3.0979975,21.359940857342348,1.627630094589315
9.55,3.103232,21.39603146439344,1.632612843843323
9.56,3.1084665,21.432122071444528,1.637561261779358
9.57,3.113701,21.468212678495618,1.64255875414771
9.58,3.1189355,21.50430328554671,1.647521861244458
9.59,3.124169999999999,21.54039389259779,1.65253413277529
9.6,3.1294045,21.57648449964889,1.657511964996915
9.61,3.134639,21.61257510669998,1.662539051818882
9.62,3.1398735,21.64866571375107,1.667531645209934
9.63,3.145108,21.68475632080216,1.672573583532374
9.64,3.1503425,21.720846927853245,1.677622979309639
9.65,3.155577,21.75693753490434,1.682637800331069
9.66,3.1608115,21.793028141955425,1.687702102105715
9.67,3.166046,21.82911874900652,1.69277388867613
9.68,3.1712805,21.865209356057605,1.69781101897591
9.69,3.176515,21.9012999631087,1.702897766223283
9.7,3.1817495,21.937390570159785,1.707992025698967
9.71,3.186984,21.973481177210875,1.713093806578009
9.72,3.1922185,22.009571784261965,1.718203118045701
9.73,3.197453,22.045662391313055,1.723319969297579
9.74,3.2026875,22.081752998364145,1.728402000709308
9.75,3.207922,22.117843605415235,1.733533922610595
9.76,3.2131565,22.153934212466325,1.738673411912767
9.77,3.218391,22.190024819517415,1.743820477852446
9.78,3.2236255,22.2261154265685,1.749017644882479
9.79,3.22899775,22.263155786436727,1.754366272267667
9.8,3.23423225,22.299246393487817,1.759536404056187
9.81,3.23946675,22.335337000538907,1.764714149845289
9.82,3.24470125,22.371427607589997,1.769899518923557
9.83,3.24993575,22.407518214641087,1.77509252058993
9.84,3.25517025,22.443608821692177,1.78029316415372
9.85,3.26040475,22.479699428743267,1.78554423248658
9.86,3.26563925,22.515790035794357,1.790760224710409
9.87,3.27087375,22.551880642845443,1.795983886853744
9.88,3.27610825,22.587971249896537,1.801258112602199
9.89,3.28134275,22.624061856947623,1.806497179639054
9.9,3.28657725,22.660152463998717,1.811743944711393
9.91,3.29181175,22.696243071049803,1.817041412605819
9.92,3.29704625,22.732333678100897,1.822303638993485
9.93,3.30228075,22.768424285151983,1.827616661237346
9.94,3.307653,22.80546464502021,1.833084427381906
9.95,3.3128875,22.8415552520713,1.838413290844926
9.96,3.318121999999999,22.87764585912238,1.843749983576824
9.97,3.3233565,22.91373646617348,1.849051295731438
9.98,3.328591,22.949827073224565,1.854403638356971
9.99,3.3338255,22.98591768027566,1.859763838876697
10.0,3.33906,23.022008287326745,1.865088575538934
10.01,3.3442945,23.05809889437784,1.870377745797518
10.02,3.349529,23.094189501428925,1.87571805914636
10.03,3.3547635,23.130280108480015,1.881066193768961
10.04,3.359998,23.166370715531105,1.88642215918486
10.05,3.3652325,23.202461322582195,1.891742446391735
10.06,3.370467,23.238551929633285,1.897114064456921
10.07,3.37583925,23.27559228950151,1.902686838543379
10.08,3.38107375,23.3116828965526,1.908074436674722
10.09,3.38630825,23.34777350360369,1.91346991361436
10.1,3.39154275,23.38386411065478,1.91887327894591
10.11,3.39677725,23.419954717705867,1.924284542263653
10.12,3.40201175,23.456045324756957,1.929703713172556
10.13,3.40724625,23.492135931808047,1.93513080128828
10.14,3.41248075,23.528226538859137,1.940565816237191
10.15,3.41771525,23.564317145910227,1.94600876765637
10.16,3.422949749999999,23.60040775296131,1.951459665193624
10.17,3.42818425,23.636498360012407,1.956918518507504
10.18,3.43341875,23.672588967063497,1.962385337267307
10.19,3.43865325,23.708679574114587,1.967860131153093
10.2,3.44388775,23.744770181165677,1.973342909855694
10.21,3.44912225,23.780860788216767,1.978877807125186
10.22,3.4544945,23.817901148084992,1.984573734909687
10.23,3.459729,23.85399175513608,1.990080820546647
10.24,3.4649635,23.890082362187172,1.995640169532501
10.25,3.470198,23.92617296923826,2.001163351107143
10.26,3.4754325,23.962263576289352,2.006738891917979
10.27,3.480667,23.99835418334044,2.012278208586268
10.28,3.4859015,24.034444790391532,2.017825588382645
10.29,3.491136,24.07053539744262,2.02342547155847
10.3,3.496370499999999,24.1066260044937,2.028989045313009
10.31,3.501605,24.1427166115448,2.034605218773132
10.32,3.5068395,24.17880721859589,2.04022957139686
10.33,3.512074,24.21489782564698,2.045817529154932
10.34,3.5173085,24.25098843269807,2.051458231454663
10.35,3.522543,24.28707903974916,2.057107142713096
10.36,3.5277775,24.32316964680025,2.06271957346247
10.37,3.533012,24.359260253851335,2.068384893986984
10.38,3.5382465,24.39535086090243,2.074058453364769
10.39,3.543481,24.431441467953515,2.079740261593934
10.4,3.5487155,24.46753207500461,2.08543032868371
10.41,3.55395,24.503622682055695,2.091128664654458
10.42,3.5591845,24.53971328910679,2.096835279537677
10.43,3.564419,24.575803896157876,2.102505213345169
10.44,3.5696535,24.611894503208966,2.108228377402077
10.45,3.574888,24.647985110260056,2.11395985049947
10.46,3.5801225,24.684075717311146,2.119744729215927
10.47,3.585357,24.720166324362236,2.125492889524813
10.48,3.590591499999999,24.75625693141332,2.131249389169817
10.49,3.595826,24.792347538464416,2.137014238260763
10.5,3.6010605,24.828438145515506,2.142787446918711
10.51,3.606294999999999,24.864528752566585,2.148569025275967
10.52,3.6115295,24.900619359617686,2.154404303827413
10.53,3.616764,24.936709966668772,2.160202691117833
10.54,3.6219985,24.972800573719866,2.166009478605814
10.55,3.627233,25.008891180770952,2.171870114199006
10.56,3.6324675,25.044981787822046,2.177693771819582
10.57,3.63756425,25.080122642056,2.183319574411843
10.58,3.64279875,25.116213249107087,2.18920539049628
10.59,3.64803325,25.15230385615818,2.195054142419173
10.6,3.65326775,25.188394463209267,2.200956988535486
10.61,3.65850225,25.22448507026036,2.206822712448205
10.62,3.66373675,25.260575677311447,2.212742629848534
10.63,3.66897125,25.296666284362537,2.218671118104157
10.64,3.67420575,25.332756891413627,2.224562396941428
10.65,3.679440249999999,25.36884749846471,2.230508018565242
10.66,3.68467475,25.404938105515807,2.236462242189199
10.67,3.6897715,25.440078959749762,2.242170194089672
10.68,3.695006,25.476169566800852,2.248141341513215
10.69,3.7002405,25.512260173851942,2.254121121872071
10.7,3.705475,25.548350780903032,2.260109545616664
10.71,3.7107095,25.584441387954122,2.266106623209013
10.72,3.715944,25.620531995005212,2.272112365122759
10.73,3.72104075,25.655672849239167,2.277916179471277
10.74,3.72627525,25.691763456290257,2.283939007758557
10.75,3.73150975,25.727854063341347,2.289970531542442
10.76,3.73674425,25.763944670392437,2.296010761342826
10.77,3.74197875,25.800035277443527,2.302059707691283
10.78,3.74721325,25.836125884494617,2.308117381131074
10.79,3.75231,25.871266738728572,2.313971551125197
10.8,3.7575445,25.907357345779662,2.320046434798562
10.81,3.762779,25.943447952830752,2.326130076945736
10.82,3.7680135,25.979538559881842,2.332268991851234
10.83,3.77311025,26.0146794141158,2.338156884760271
10.84,3.77834475,26.050770021166887,2.344266629173055
10.85,3.78357925,26.086860628217977,2.350431797285684
10.86,3.78881375,26.122951235269067,2.356559193789907
10.87,3.7939105,26.158092089503022,2.362527674622842
10.88,3.799145,26.194182696554115,2.368672487791039
10.89,3.8043795,26.230273303605202,2.374872927037295
10.9,3.809476249999999,26.265414157839153,2.380820208096666
10.91,3.81471075,26.30150476489025,2.38703820633276
10.92,3.81994525,26.337595371941337,2.3932182570048
10.93,3.825042,26.37273622617529,2.399238035888526
10.94,3.8302765,26.408826833226385,2.405482611871985
10.95,3.835510999999999,26.444917440277468,2.411689152027182
10.96,3.84060775,26.48005829451143,2.417734738169284
10.97,3.84584225,26.51614890156252,2.424005987381793
10.98,3.85107675,26.552239508613606,2.430286256626331
10.99,3.8561735,26.587380362847565,2.436310598531257
11.0,3.861408,26.623470969898655,2.44260861676958
11.01,3.8666425,26.659561576949745,2.448915687399588
11.02,3.87173925,26.6947024311837,2.455013206558049
11.03,3.87697375,26.73079303823479,2.461338130739561
11.04,3.8820705,26.765933892468748,2.467452965295676
11.05,3.887305,26.802024499519835,2.473795785548647
11.06,3.89240175,26.83716535375379,2.479927976797101
11.07,3.89763625,26.873255960804883,2.486288735734533
11.08,3.90287075,26.90934656785597,2.492706171101346
11.09,3.9079675,26.944487422089924,2.498864653576172
11.1,3.913202,26.980578029141018,2.505252584841962
11.11,3.91829875,27.015718883374973,2.51142852802511
11.12,3.92353325,27.051809490426063,2.517882215668841
11.13,3.92863,27.086950344660018,2.524075701243812
11.14,3.9338645,27.123040951711108,2.530499808680017
11.15,3.93896125,27.158181805945066,2.53675867010421
11.16,3.944058,27.19332266017902,2.542978387924322
11.17,3.9492925,27.229413267230107,2.549477519851987
11.18,3.95438925,27.264554121464066,2.555714884484596
11.19,3.95962375,27.300644728515156,2.562232335919367
11.2,3.964720499999999,27.335785582749104,2.568487389433594
11.21,3.969954999999999,27.371876189800194,2.575023203925503
11.22,3.97505175,27.407017044034156,2.581344105431735
11.23,3.9801485,27.44215789826811,2.58762565070655
11.24,3.985383,27.478248505319204,2.594188966431386
11.25,3.99047975,27.51338935955316,2.600536545260104
11.26,3.9955765,27.548530213787114,2.606892956510601
11.27,4.000811,27.5846208208382,2.613483912751247
11.28,4.00590775,27.619761675072162,2.619809942196029
11.29,4.011004499999999,27.65490252930611,2.62619315699919
11.3,4.016239,27.690993136357203,2.63281181017248
11.31,4.02133575,27.726133990591162,2.639213069151471
11.32,4.026432499999999,27.761274844825113,2.645623223477257
11.33,4.031529249999999,27.796415699059068,2.652042283576409
11.34,4.03676375,27.832506306110165,2.658697976351764
11.35,4.0418605,27.86764716034412,2.665183815345246
11.36,4.046957249999999,27.902788014578068,2.671629983261345
11.37,4.052054,27.93792886881203,2.678085099125104
11.38,4.05715075,27.973069723045985,2.684549173419765
11.39,4.06238525,28.009160330097078,2.691251379662091
11.4,4.067482,28.044301184331033,2.697782545703463
11.41,4.07257875,28.079442038564988,2.704273887921195
11.42,4.0776755,28.114582892798943,2.710823168198841
11.43,4.08277225,28.149723747032898,2.71733256372656
11.44,4.087869,28.184864601266856,2.723850981214923
11.45,4.09296575,28.22000545550081,2.730427491859368
11.46,4.09820025,28.256096062551897,2.737195226248702
11.47,4.103297,28.29123691678586,2.743790249014125
11.48,4.10839375,28.326377771019814,2.750394418969827
11.49,4.113490499999999,28.361518625253762,2.756958520052576
11.5,4.11858725,28.396659479487724,2.763580975194851
11.51,4.123684,28.43180033372168,2.770212609666081
11.52,4.12878075,28.466941187955634,2.776804083300618
11.53,4.1338775,28.50208204218959,2.783454067235465
11.54,4.13897425,28.53722289642355,2.790113262741874
11.55,4.144071,28.572363750657505,2.796781680602144
11.56,4.149167749999999,28.607504604891453,2.803459331610182
11.57,4.1542645,28.642645459125415,2.81014622657153
11.58,4.1592235,28.676836560542238,2.816607656963092
11.59,4.164320249999999,28.71197741477619,2.823312776695647
11.6,4.169417,28.747118269010148,2.830027172537032
11.61,4.174513749999999,28.7822591232441,2.836750855339055
11.62,4.1796105,28.817399977478058,2.843483835965219
11.63,4.18470725,28.852540831712012,2.850226125290712
11.64,4.189804,28.887681685945967,2.85697773420244
11.65,4.194763,28.921872787362794,2.863551777581379
11.66,4.199859749999999,28.957013641596742,2.870321802362065
11.67,4.204956500000001,28.99215449583071,2.877101179161871
11.68,4.21005325,29.02729535006466,2.883939934928326
11.69,4.21515,29.06243620429862,2.890738090585893
11.7,4.220109,29.096627305715437,2.897357457986248
11.71,4.22520575,29.13176815994939,2.90417413689529
11.72,4.230302500000001,29.16690901418336,2.911000222344495
11.73,4.2352615,29.201100115600173,2.91764678585649
11.74,4.24035825,29.236240969834128,2.924541725289796
11.75,4.245455,29.271381824068083,2.931395879886427
11.76,4.250414,29.305572925484906,2.938069775208487
11.77,4.25551075,29.34071377971886,2.944992974107678
11.78,4.2606075,29.375854633952816,2.951875295512248
11.79,4.2655665,29.410045735369643,2.958576617740786
11.8,4.270663249999999,29.44518658960359,2.965528174287591
11.81,4.27562225,29.479377691020414,2.972247763413166
11.82,4.280719,29.514518545254376,2.979218206603859
11.83,4.285678,29.548709646671195,2.985956104773879
11.84,4.29077475,29.58385050090515,2.992945478122949
11.85,4.295733749999999,29.618041602321966,2.999701727574365
11.86,4.3008305,29.65318245655593,3.006710074688677
11.87,4.3057895,29.68737355797275,3.013484717748158
11.88,4.31088625,29.722514412206706,3.020512082327126
11.89,4.315845249999999,29.75670551362352,3.027305161411241
11.9,4.320942,29.79184636785748,3.034351587247027
11.91,4.325901,29.826037469274304,3.041163144862436
11.92,4.33086,29.86022857069113,3.048034829847015
11.93,4.33595675,29.895369424925086,3.055109818682554
11.94,4.34091575,29.929560526341902,3.061949066278859
11.95,4.34587475,29.96375162775873,3.068848598978564
11.96,4.3509715,29.998892481992684,3.075952249064645
11.97,4.355930499999999,30.033083583409496,3.082870514386383
11.98,4.360889499999999,30.06727468482632,3.08974675820383
11.99,4.365848499999999,30.101465786243143,3.096683497604809
12.0,4.37094525,30.136606640477105,3.103825441306454
12.01,4.37590425,30.170797741893924,3.110780999048458
12.02,4.380863249999999,30.204988843310744,3.117745851864269
12.03,4.385822249999999,30.23917994472756,3.124668525049421
12.04,4.39078125,30.27337104614439,3.131651957591669
12.05,4.39574025,30.307562147561217,3.138644716846203
12.06,4.400837,30.342703001795172,3.145895929579366
12.07,4.405796,30.37689410321199,3.152907678342538
12.08,4.410755,30.411085204628815,3.159928785921273
12.09,4.415714,30.44527630604564,3.166907523555769
12.1,4.420673,30.479467407462458,3.173947338336817
12.11,4.425631999999999,30.513658508879274,3.180996543771897
12.12,4.430591,30.5478496102961,3.188107016823133
12.13,4.435549999999999,30.582040711712917,3.195175077900362
12.14,4.440509,30.616231813129744,3.202252561639258
12.15,4.445468,30.650422914546567,3.2093394787198
12.16,4.450427,30.68461401596339,3.216435839833135
12.17,4.455248249999999,30.717855364563068,3.223289173558716
12.18,4.460207249999999,30.75204646597989,3.230456266815035
12.19,4.465166249999999,30.786237567396718,3.237580758547309
12.2,4.47012525,30.82042866881354,3.244714736888501
12.21,4.47508425,30.854619770230364,3.251910460414936
12.22,4.48004325,30.888810871647184,3.259063486920738
12.23,4.4848645,30.922052220246872,3.266024036781862
12.24,4.489823499999999,30.95624332166369,3.273195844668808
12.25,4.494782499999999,30.990434423080508,3.280429610374286
12.26,4.4997415,31.02462552449734,3.287673012738748
12.27,4.50456275,31.057866873097026,3.294617996026748
12.28,4.50952175,31.092057974513853,3.301880349040597
12.29,4.514480749999999,31.126249075930662,3.3091523711297
12.3,4.519302,31.159490424530357,3.316124951475633
12.31,4.524260999999999,31.193681525947177,3.323415988034117
12.32,4.52908225,31.22692287454687,3.330459617894165
12.33,4.53404125,31.26111397596369,3.337769754408532
12.34,4.53900025,31.29530507738051,3.345089614158629
12.35,4.5438215,31.3285464259802,3.352161166175291
12.36,4.5487805,31.362737527397027,3.359500190205555
12.37,4.55360175,31.395978875996715,3.366590307412137
12.38,4.558423,31.429220224596403,3.373689569819508
12.39,4.563382,31.46341132601322,3.381057262370065
12.4,4.56820325,31.496652674612907,3.388175151894844
12.41,4.57316225,31.530843776029734,3.395615214227791
12.42,4.577983499999999,31.564085124629415,3.40275181466466
12.43,4.582804749999999,31.597326473229103,3.409897611365757
12.44,4.58776375,31.631517574645926,3.417366673229705
12.45,4.592585,31.664758923245614,3.424531243258655
12.46,4.597406250000001,31.69800027184531,3.431705040264423
12.47,4.602365250000001,31.732191373262133,3.439203198180408
12.48,4.607186499999999,31.76543272186181,3.446395831121885
12.49,4.612007749999999,31.798674070461498,3.453651161443935
12.5,4.616829,31.83191541906119,3.460862362578999
12.51,4.621650249999999,31.865156767660874,3.468136366423576
12.52,4.62660925,31.899347869077697,3.475683076801906
12.53,4.6314305,31.932589217677386,3.482922538952567
12.54,4.63625175,31.965830566277074,3.490224963699007
12.55,4.641073,31.99907191487676,3.497536793085247
12.56,4.64589425,32.032313263476446,3.504858037445435
12.57,4.6507155,32.065554612076134,3.512188707124216
12.58,4.65553675,32.09879596067582,3.519528812476721
12.59,4.660358,32.13203730927551,3.526878363868581
12.6,4.66517925,32.165278657875206,3.534237371675957
12.61,4.6700005,32.198520006474894,3.541605846285517
12.62,4.67482175,32.23176135507458,3.548983798094474
12.63,4.679643,32.26500270367427,3.556371237510589
12.64,4.6843265,32.29729429945682,3.563501076853108
12.65,4.68914775,32.33053564805651,3.570907206742298
12.66,4.693969,32.3637769966562,3.57832285519176
12.67,4.69879025,32.39701834525589,3.585802241628877
12.68,4.7036115,32.430259693855575,3.593237001625326
12.69,4.708295,32.46255128963813,3.600412639232664
12.7,4.713116250000001,32.49579263823782,3.607920529041015
12.71,4.717937500000001,32.529033986837504,3.615383695584214
12.72,4.722621,32.56132558262006,3.622641248222898
12.73,4.72744225,32.594566931219745,3.63012331215192
12.74,4.7322635,32.62780827981943,3.637669486657404
12.75,4.736947000000001,32.66009987560199,3.644954792638179
12.76,4.74176825,32.693341224201674,3.652465460849917
12.77,4.74645175,32.725632819984234,3.659769201740373
12.78,4.751272999999999,32.758874168583915,3.667353549732935
12.79,4.7559565,32.79116576436647,3.674621085781581
12.8,4.76077775,32.824407112966156,3.682224560694634
12.81,4.76546125,32.856698708748716,3.689565333399779
12.82,4.7702825,32.889940057348404,3.69718802009348
12.83,4.774966,32.92223165313096,3.704547389995672
12.84,4.7796495,32.95452324891351,3.711915917045402
12.85,4.78447075,32.9877645975132,3.719567337361991
12.86,4.78915425,33.02005619329575,3.726954521696804
12.87,4.79383775,33.052347789078304,3.73435089278165
12.88,4.798659,33.08558913767799,3.742031139450883
12.89,4.803342499999999,33.117880733460545,3.749501378712705
12.9,4.808025999999999,33.1501723292431,3.756925726353443
12.91,4.8127095,33.18246392502566,3.764359300277117
12.92,4.817393,33.21475552080821,3.771802110302561
12.93,4.822214250000001,33.247996869407906,3.779585756224964
12.94,4.826897750000001,33.28028846519046,3.78704742697236
12.95,4.83158125,33.312580060973005,3.794573771442481
12.96,4.83626475,33.34487165675556,3.802054026754556
12.97,4.84094825,33.37716325253812,3.80959906110264
12.98,4.84563175,33.409454848320664,3.81709794058173
12.99,4.85031525,33.441746444103224,3.824661704581138
13.0,4.85499875,33.47403803988578,3.83223486979221
13.01,4.85968225,33.50632963566833,3.839761781409932
13.02,4.864365749999999,33.538621231450875,3.847353736112288
13.03,4.8689115,33.56996307441631,3.854675667658835
13.04,4.873595,33.60225467019886,3.862286173995339
13.05,4.8782785,33.63454626598141,3.869906131309076
13.06,4.882962,33.666837861763966,3.877535549654823
13.07,4.8876455,33.69912945754652,3.885174439097252
13.08,4.892191249999999,33.73047130051193,3.892541758527975
13.09,4.896874749999999,33.76276289629449,3.900199297908813
13.1,4.901558249999999,33.79505449207704,3.90786633830941
13.11,4.906104,33.82639633504247,3.915260880975528
13.12,4.9107875,33.85868793082502,3.922946630267692
13.13,4.91533325,33.89002977379044,3.930359265263737
13.14,4.920016749999999,33.92232136957299,3.938119983400246
13.15,4.92470025,33.95461296535555,3.94583407512814
13.16,4.929246,33.98595480832097,3.953274118886441
13.17,4.93379175,34.017296651286394,3.960779443077842
13.18,4.938475250000001,34.04958824706895,3.968521641404912
13.19,4.943021,34.080930090034364,3.976045299983418
13.2,4.9477045,34.113221685816924,3.983806408065201
13.21,4.95225025,34.144563528782335,3.991348439446023
13.22,4.956796000000001,34.17590537174776,3.998842971859333
13.23,4.9614795,34.20819696753031,4.006688939572966
13.24,4.96602525,34.23953881049574,4.014258464664279
13.25,4.970571,34.27088065346115,4.021780390652929
13.26,4.975116750000001,34.30222249642658,4.029368066219336
13.27,4.97980025,34.334514092209126,4.037251977384357
13.28,4.984346,34.36585593517455,4.044858202390703
13.29,4.98889175,34.39719777813996,4.052473557011663
13.3,4.9934375,34.42853962110539,4.060098050656598
13.31,4.99798325,34.459881464070804,4.067731692743836
13.32,5.002528999999999,34.49122330703622,4.075374492700687
13.33,5.007074749999999,34.52256515000164,4.083026459963457
13.34,5.011620499999999,34.553906992967065,4.090687603977442
13.35,5.01616625,34.58524883593249,4.098357934196957
13.36,5.020712,34.61659067889791,4.106094621124001
13.37,5.02525775,34.647932521863325,4.113783394969611
13.38,5.0298035,34.67927436482875,4.121481383469853
13.39,5.0342115,34.70966645497703,4.12889762031734
13.4,5.03875725,34.74100829794245,4.136671074943394
13.41,5.043303,34.772350140907875,4.144396484151035
13.42,5.047848749999999,34.803691983873286,4.152188562854653
13.43,5.052256750000001,34.83408407402158,4.159640268719343
13.44,5.056802499999999,34.86542591698699,4.167450684425779
13.45,5.061348249999999,34.89676775995242,4.175270466974171
13.46,5.065756250000001,34.92715985010071,4.182748812516449
13.47,5.070302,34.958501693066125,4.190586988174928
13.48,5.07471,34.98889378321441,4.198140691885096
13.49,5.07925575,35.02023562617983,4.205939626194123
13.5,5.08366375,35.05062771632812,4.213511137389482
13.51,5.0882095,35.08196955929353,4.221386254378642
13.52,5.0926175,35.11236164944183,4.228975651151853
13.53,5.097163249999999,35.143703492407234,4.236869316629273
13.54,5.10157125,35.17409558255553,4.244476635282417
13.55,5.10597925,35.20448767270382,4.252092769657074
13.56,5.110525,35.23582951566924,4.260014163748983
13.57,5.114932999999999,35.26622160581751,4.267648274273734
13.58,5.119341,35.29661369596581,4.275349324483407
13.59,5.123748999999999,35.32700578611409,4.283001170885839
13.6,5.128156999999999,35.357397876262375,4.290661877393342
13.61,5.13270275,35.3887397192278,4.298629495338258
13.62,5.13711075,35.41913180937609,4.306366535982982
13.63,5.141518749999999,35.449523899524365,4.314054238335884
13.64,5.145926749999999,35.479915989672655,4.321809188744253
13.65,5.15033475,35.510308079820945,4.329514734004362
13.66,5.15474275,35.54070016996923,4.337287629890306
13.67,5.15915075,35.571092260117524,4.345011053681432
13.68,5.163558749999999,35.6014843502658,4.352801930824856
13.69,5.167829,35.63092668759696,4.360301216607954
13.7,5.172236999999999,35.66131877774524,4.368051224066749
13.71,5.176645000000001,35.69171086789353,4.375868837635813
13.72,5.181052999999999,35.72210295804181,4.383695503209132
13.73,5.185460999999999,35.7524950481901,4.391531229812017
13.74,5.18973125,35.78193738552125,4.399073801132251
13.75,5.194139249999999,35.812329475669536,4.406927351688351
13.76,5.19854725,35.842721565817826,4.414789990086984
13.77,5.202817499999999,35.87216390314897,4.422358534937935
13.78,5.2072255,35.90255599329726,4.430239050060965
13.79,5.21149575,35.93199833062842,4.437824848365226
13.8,5.21590375,35.9623904207767,4.445723275268108
13.81,5.220173999999999,35.99183275810785,4.453326360899775
13.82,5.224582000000001,36.022224848256144,4.461301847850427
13.83,5.22885225,36.05166718558729,4.468922296339008
13.84,5.233260249999999,36.082059275735574,4.476856695189159
13.85,5.237530499999999,36.11150161306673,4.484553738359853
13.86,5.241800749999999,36.140943950397876,4.492200115759134
13.87,5.24620875,36.17133604054617,4.500220756631625
13.88,5.250478999999999,36.20077837787731,4.507884581964863
13.89,5.25474925,36.230220715208475,4.515616371874276
13.9,5.259019499999999,36.25966305253962,4.523297361175408
13.91,5.26328975,36.289105389870784,4.531046415215998
13.92,5.26756,36.31854772720193,4.538804134730134
13.93,5.27183025,36.347990064533086,4.546510953078829
13.94,5.2761005,36.37743240186423,4.55428598670293
13.95,5.280370749999999,36.40687473919538,4.562069710867675
13.96,5.284641,36.436317076526535,4.569862133953537
13.97,5.288911249999999,36.46575941385768,4.577663264348472
13.98,5.293181499999999,36.49520175118884,4.585473110447944
13.99,5.29745175,36.52464408851999,4.593291680654913
14.0,5.301722000000001,36.55408642585115,4.601118983379851
14.01,5.30599225,36.5835287631823,4.608955027040742
14.02,5.310124749999999,36.61202134769631,4.616488607536077
14.03,5.314395,36.641463685027475,4.62440182904177
14.04,5.31866525,36.67090602235862,4.632263864541854
14.05,5.322797749999999,36.69939860687264,4.639822501043973
14.06,5.327068,36.72884094420379,4.647701769463639
14.07,5.33133825,36.75828328153494,4.655649990732639
14.08,5.335470749999999,36.786775866048956,4.663233755061489
14.09,5.339741,36.81621820338012,4.671199384236917
14.1,5.3438735,36.84471078789414,4.678799849543495
14.11,5.348143749999999,36.874153125225284,4.686782919599206
14.12,5.35227625,36.9026457097393,4.694460487266585
14.13,5.35640875,36.93113829425332,4.70208592678372
14.14,5.360678999999999,36.96058063158447,4.710095077310585
14.15,5.3648115,36.9890732160985,4.717797791383608
14.16,5.368943999999999,37.01756580061251,4.725448275879963
14.17,5.3730765,37.04605838512653,4.733167568596962
14.18,5.37734675,37.07550072245768,4.741211512214963
14.19,5.381479249999999,37.103993306971695,4.748947773404969
14.2,5.38561175,37.13248589148572,4.756692371915715
14.21,5.38974425,37.160978475999734,4.764445315514387
14.22,5.39387675,37.18947106051376,4.772206611974893
14.23,5.398009249999999,37.21796364502777,4.779976269077853
14.24,5.40214175,37.24645622954179,4.78781516217905
14.25,5.406274249999999,37.274948814055804,4.795601605381923
14.26,5.41040675,37.30344139856983,4.803396432637705
14.27,5.41453925,37.33193398308384,4.81119965175396
14.28,5.418534,37.359476814780734,4.818752782245891
14.29,5.422666499999999,37.38796939929475,4.826572529542121
14.3,5.426799,37.416461983808766,4.834461807184791
14.31,5.4309315,37.444954568322785,4.842298434057453
14.32,5.434926249999999,37.47249740001966,4.849883893769359
14.33,5.439058749999999,37.50098998453368,4.857737110000072
14.34,5.4430535,37.52853281623057,4.865338623502058
14.35,5.447185999999999,37.557025400744585,4.873269780332091
14.36,5.451318499999999,37.585517985258605,4.881148119735718
14.37,5.45531325,37.61306081695549,4.88877394531571
14.38,5.459308,37.64060364865238,4.896407695061205
14.39,5.463440500000001,37.6690962331664,4.904372388967674
14.4,5.467435249999999,37.69663906486328,4.912022321374875
14.41,5.471429999999999,37.72418189656016,4.919680199620773
14.42,5.4755625,37.75267448107418,4.927669995523906
14.43,5.47955725,37.780217312771065,4.935344100659196
14.44,5.483552,37.807760144467956,4.943026173361353
14.45,5.487546749999999,37.83530297616483,4.950716220794362
14.46,5.491541499999999,37.86284580786172,4.958414250128199
14.47,5.495674,37.89133839237574,4.966445816999297
14.48,5.49966875,37.91888122407262,4.974222000075965
14.49,5.5036635,37.946424055769505,4.981944374323329
14.5,5.50765825,37.973966887466396,4.989674759512119
14.51,5.511652999999999,38.001509719163266,4.997475138324881
14.52,5.515509999999999,38.02810279804302,5.004894478058768
14.53,5.51950475,38.055645629739914,5.012710719287711
14.54,5.5234995,38.08318846143679,5.020472985204901
14.55,5.52749425,38.11073129313368,5.028305435310743
14.56,5.531489,38.13827412483056,5.036146021227844
14.57,5.535346,38.16486720371031,5.043603824045078
14.58,5.539340749999999,38.19241003540719,5.051460343287741
14.59,5.5433355,38.219952867104084,5.059325020005716
14.6,5.5471925,38.24654594598383,5.066868208158504
14.61,5.55118725,38.27408877768072,5.074748901714383
14.62,5.55504425,38.300681856560466,5.082245072935272
14.63,5.559039,38.32822468825736,5.090141770527423
14.64,5.562896,38.354817767137106,5.097778253212061
14.65,5.566890749999999,38.382360598833976,5.105691065343535
14.66,5.570747749999999,38.40895367771373,5.113280544523568
14.67,5.57460475,38.43554675659349,5.120877608079669
14.68,5.57846175,38.46213983547324,5.128482262586568
14.69,5.582456499999999,38.489682667170115,5.13642698449672
14.7,5.586313499999999,38.516275746049864,5.144109893126924
14.71,5.590170499999999,38.54286882492962,5.151737710243926
14.72,5.594027499999999,38.56946190380937,5.159373144949099
14.73,5.597884499999999,38.59605498268912,5.167079065894765
14.74,5.6017415,38.622648061568874,5.174729795535802
14.75,5.6055985,38.64924114044862,5.182451104586589
14.76,5.6094555,38.67583421932837,5.190180137689911
14.77,5.6133125,38.70242729820813,5.197853879542347
14.78,5.6171695,38.72902037708788,5.205598340801767
14.79,5.6210265,38.75561345596763,5.213350546201545
14.8,5.62474575,38.78125678203024,5.220711456077452
14.81,5.62860275,38.80784986090999,5.228478815349206
14.82,5.63245975,38.83444293978974,5.23625393863368
14.83,5.63631675,38.861036018669495,5.244036832662094
14.84,5.640036,38.88667934473211,5.251490353308713
14.85,5.643893,38.913272423611865,5.259288493561538
14.86,5.64761225,38.93891574967448,5.266756655051349
14.87,5.65146925,38.96550882855423,5.2745700674692
14.88,5.6551885,38.99115215461685,5.282052894744509
14.89,5.6590455,39.0177452334966,5.289945103849035
14.9,5.662764749999999,39.043388559559205,5.297442660804232
14.91,5.666484,39.069031885621825,5.304947420362238
14.92,5.670341,39.095624964501575,5.31286262550235
14.93,5.674060249999999,39.12126829056419,5.320382152157291
14.94,5.6777795,39.14691161662681,5.327908899735209
14.95,5.681498749999999,39.17255494268942,5.335506608082258
14.96,5.685218,39.198198268752044,5.343047854646397
14.97,5.68893725,39.223841594814665,5.350660152207719
14.98,5.6926565,39.24948492087728,5.35827977305846
14.99,5.696375750000001,39.2751282469399,5.365842833124693
15.0,5.700094999999999,39.3007715730025,5.373477079757047
15.01,5.70381425,39.32641489906512,5.381118668019736
15.02,5.707533499999999,39.352058225127735,5.388767604043877
15.03,5.71125275,39.377701551190356,5.39642389396535
15.04,5.714971999999999,39.40334487725296,5.404087543924794
15.05,5.718553500000001,39.42803845049847,5.411350818831361
15.06,5.72227275,39.453681776561076,5.419093021775374
15.07,5.725992,39.47932510262369,5.426778478945649
15.08,5.7295735,39.50401867586917,5.434126786742565
15.09,5.733292749999999,39.529662001931776,5.441826708586779
15.1,5.736874250000001,39.55435557517728,5.449188885174866
15.11,5.7405935,39.57999890123989,5.456903295375492
15.12,5.744174999999999,39.60469247448537,5.464343758697467
15.13,5.74789425,39.63033580054798,5.472072720435154
15.14,5.751475749999999,39.65502937379346,5.479462740873435
15.15,5.755057249999999,39.67972294703895,5.486924088343973
15.16,5.758776500000001,39.705366273101575,5.494674746347577
15.17,5.762358,39.73005984634705,5.502150157863927
15.18,5.765939499999999,39.754753419592525,5.509567852108126
15.19,5.769520999999999,39.77944699283801,5.517057049447128
15.2,5.773102499999999,39.80414056608349,5.524553167074211
15.21,5.776684,39.82883413932898,5.53205621054887
15.22,5.7802655,39.85352771257446,5.539501406277071
15.23,5.783847,39.87822128581994,5.547018279915251
15.24,5.7874285,39.902914859065426,5.554542096081842
15.25,5.79101,39.92760843231091,5.562072860352939
15.26,5.794591499999999,39.95230200555639,5.56961057830881
15.27,5.798172999999999,39.97699557880187,5.57715525553389
15.28,5.80161675,40.00073939923022,5.584356314175016
15.29,5.80519825,40.025432972475706,5.591914623100259
15.3,5.808779749999999,40.050126545721184,5.599479907836788
15.31,5.8122235,40.073870366149535,5.60676581312992
15.32,5.815805,40.09856393939502,5.614344800416971
15.33,5.819248749999999,40.122307759823364,5.621578700957003
15.34,5.822830250000001,40.14700133306886,5.629236608839647
15.35,5.826274,40.170745153497194,5.636483646375641
15.36,5.8298555,40.19543872674268,5.644090065044345
15.37,5.83329925,40.21918254717103,5.651415570761062
15.38,5.836742999999999,40.242926367599374,5.658747572430102
15.39,5.840186749999999,40.26667018802772,5.666020653367807
15.4,5.84376825,40.29136376127321,5.673719782597581
15.41,5.847212,40.315107581701554,5.681006062345315
15.42,5.85065575,40.338851402129904,5.688364318600952
15.43,5.854099499999999,40.36259522255825,5.695729096089504
15.44,5.857543249999999,40.3863390429866,5.703100399842353
15.45,5.860987,40.41008286341495,5.710478234894496
15.46,5.86443075,40.4338266838433,5.717862606284533
15.47,5.867874499999999,40.457570504271644,5.72525351905468
15.48,5.87131825,40.481314324699994,5.732650978250784
15.49,5.87462425,40.50410839231121,5.739698172299705
15.5,5.878068,40.52785221273956,5.747108442796272
15.51,5.88151175,40.551596033167904,5.754525274656209
15.52,5.8849555,40.57533985359626,5.761948672939692
15.53,5.8882615,40.59813392120747,5.769086593028396
15.54,5.89170525,40.62187774163582,5.776522879187749
15.55,5.89501125,40.644671809247036,5.783607171689598
15.56,5.898454999999999,40.66841562967538,5.791122380376946
15.57,5.901761,40.691209697286595,5.798219005747881
15.58,5.905204749999999,40.714953517714946,5.805747214749171
15.59,5.90851075,40.73774758532616,5.812856191661157
15.6,5.911816749999999,40.76054165293737,5.820037388718354
15.61,5.91512275,40.78333572054859,5.827224684330397
15.62,5.918566499999999,40.807079540976936,5.834712417817307
15.63,5.9218725,40.82987360858816,5.841912175654064
15.64,5.925178499999999,40.85266767619936,5.849118045781109
15.65,5.9284845,40.87546174381058,5.856330032721036
15.66,5.9317905,40.8982558114218,5.863548140999543
15.67,5.935096499999999,40.921049879033006,5.870772375145446
15.68,5.9384025,40.94384394664422,5.87800273969068
15.69,5.9417085,40.966638014255444,5.885239239170291
15.7,5.945014499999999,40.98943208186665,5.892481878122457
15.71,5.948182749999999,41.01127639666073,5.899367459513858
15.72,5.95148875,41.034070464271956,5.906622101505413
15.73,5.954794749999999,41.05686453188316,5.913949564846496
15.74,5.957962999999999,41.07870884667724,5.920852494662658
15.75,5.961269000000001,41.10150291428847,5.928125355190216
15.76,5.964574999999999,41.12429698189967,5.935471158027714
15.77,5.96774325,41.146141296693756,5.942391474310865
15.78,5.971049249999999,41.168935364304964,5.949749440451183
15.79,5.974217499999999,41.190779679099045,5.956681288033139
15.8,5.97738575,41.21262399389313,5.963685668254149
15.81,5.980691749999999,41.23541806150434,5.97106178412412
15.82,5.98386,41.25726237629843,5.978010838486811
15.83,5.98702825,41.27910669109251,5.985032544012795
15.84,5.9901965,41.30095100588659,5.992059951293922
15.85,5.99336475,41.32279532068067,5.999093064369524
15.86,5.99667075,41.345589388291884,6.006499345163317
15.87,5.999839,41.367433703085965,6.013476997531524
15.88,6.00300725,41.389278017880045,6.020527497901923
15.89,6.00603775,41.41017257985699,6.027282655496616
15.9,6.009206000000001,41.43201689465108,6.034344358227878
15.91,6.01237425,41.45386120944515,6.041411791045606
15.92,6.0155425,41.47570552423923,6.048484958007818
15.93,6.01871075,41.49754983903332,6.055563863175196
15.94,6.021741249999999,41.51844440101026,6.062346224540215
15.95,6.0249095,41.540288715804344,6.069436371445216
15.96,6.02807775,41.56213303059842,6.076532268578154
15.97,6.03110825,41.58302759257537,6.083330903435752
15.98,6.0342765,41.60487190736945,6.090438065856777
15.99,6.037306999999999,41.625766469346395,6.097247489666781
16.0,6.040475249999999,41.647610784140475,6.104365932987065
16.01,6.04350575,41.66850534611742,6.111186160697663
16.02,6.046536250000001,41.68939990809438,6.118011677262657
16.03,6.049566749999999,41.71029447007132,6.124774768914273
16.04,6.052734999999999,41.73213878486539,6.13198328988619
16.05,6.0557655,41.753033346842344,6.138824932411381
16.06,6.058796,41.773927908819296,6.145671878290779
16.07,6.0618265,41.794822470796234,6.152524131114681
16.08,6.064857,41.815717032773186,6.159381694475654
16.09,6.067887499999999,41.83661159475013,6.166244571968527
16.1,6.070918,41.85750615672708,6.173112767190403
16.11,6.073948499999999,41.87840071870402,6.179986283740643
16.12,6.076979,41.899295280680974,6.186865125220879
16.13,6.07987175,41.919240089840784,6.193374393474107
16.14,6.082902249999999,41.94013465181773,6.200331712491207
16.15,6.085932749999999,41.96102921379467,6.207226310872263
16.16,6.0888255,41.98097402295449,6.21375053843586
16.17,6.091855999999999,42.00186858493143,6.22072373565111
16.18,6.0948865,42.02276314690839,6.227634122460423
16.19,6.097779249999999,42.04270795606819,6.234241596574292
16.2,6.100671999999999,42.06265276522801,6.24078566453792
16.21,6.1037025,42.083547327204954,6.247779920677817
16.22,6.10659525,42.10349213636477,6.254402285017233
16.23,6.109488,42.12343694552458,6.260961153584956
16.24,6.112518499999999,42.144331507501526,6.26797111918814
16.25,6.115411249999999,42.164276316661336,6.274608403076459
16.26,6.118303999999999,42.18422112582115,6.281250589859836
16.27,6.121196749999999,42.20416593498096,6.287897682704068
16.28,6.124089499999999,42.22411074414077,6.294549684776851
16.29,6.126982249999999,42.24405555330059,6.301206599247783
16.3,6.129874999999999,42.2640003624604,6.307868429288374
16.31,6.132767749999999,42.28394517162022,6.314535178072036
16.32,6.1356605,42.303889980780035,6.321206848774097
16.33,6.138415499999999,42.3228850371227,6.327503228388287
16.34,6.14130825,42.34282984628252,6.334253236500907
16.35,6.144201,42.36277465544234,6.340939460246312
16.36,6.146955999999999,42.38176971178501,6.347249621112431
16.37,6.149848749999999,42.40171452094482,6.354014297351703
16.38,6.152741499999999,42.42165933010464,6.360715101892957
16.39,6.155496499999999,42.440654386447314,6.36710797961319
16.4,6.158389249999999,42.460599195607124,6.373818442621458
16.41,6.16114425,42.47959425194981,6.380220530783877
16.42,6.16389925,42.49858930829249,6.386627117583131
16.43,6.16665425,42.51758436463517,6.39296916974233
16.44,6.169547000000001,42.53752917379499,6.399767789161312
16.45,6.172302,42.55652423013766,6.406188110751093
16.46,6.175057,42.575519286480336,6.412612942183783
16.47,6.177811999999999,42.59451434282301,6.419042286230663
16.48,6.180566999999999,42.61350939916569,6.425476145664601
16.49,6.183322,42.63250445550838,6.431914523260057
16.5,6.186077000000001,42.651499511851064,6.438357421793072
16.51,6.188832,42.67049456819373,6.444804844041271
16.52,6.191587,42.689489624536414,6.451256792783894
16.53,6.19420425,42.70753492806196,6.457327924255184
16.54,6.19695925,42.726529984404635,6.463858060845511
16.55,6.19971425,42.74552504074732,6.470323382103628
16.56,6.2023315,42.76357034427286,6.476407141462158
16.57,6.2050865,42.78256540061554,6.482950759494884
16.58,6.2078415,42.801560456958214,6.489429477517868
16.59,6.21045875,42.81960576048376,6.495595423663503
16.6,6.213075999999999,42.8376510640093,6.501695914763461
16.61,6.215831,42.85664612035198,6.508257395320582
16.62,6.21844825,42.87469142387753,6.514435894887859
16.63,6.2210655,42.892736727403076,6.520548855125269
16.64,6.2238205,42.91173178374576,6.527123647401479
16.65,6.22643775,42.9297770872713,6.533314722760218
16.66,6.229055000000001,42.94782239079685,6.539509923682004
16.67,6.23167225,42.96586769432239,6.545709252573579
16.68,6.234289499999999,42.98391299784793,6.551912711843016
16.69,6.236906749999999,43.00195830137348,6.558120303899686
16.7,6.239524,43.020003604899024,6.564332031154267
16.71,6.242003499999999,43.03709915560743,6.570158101541502
16.72,6.244620749999999,43.055144459132975,6.576377861505674
16.73,6.247238,43.07318976265853,6.58260176376892
16.74,6.24985525,43.091235066184076,6.588899799414382
16.75,6.25233475,43.10833061689248,6.594741261448428
16.76,6.254951999999999,43.12637592041802,6.600977389829586
16.77,6.2574315,43.14347147112644,6.606896507133709
16.78,6.26004875,43.161516774651986,6.613140726099385
16.79,6.262528250000001,43.1786123253604,6.619067518714379
16.8,6.2651455,43.19665762888594,6.625319837455822
16.81,6.267625,43.21375317959435,6.631254314098995
16.82,6.2701045,43.23084873030276,6.637122311125795
16.83,6.272583999999999,43.247944281011165,6.643064246911917
16.84,6.275201249999999,43.26598958453671,6.649402827743553
16.85,6.27768075,43.28308513524512,6.655352493472402
16.86,6.28016025,43.300180685953535,6.661305910472518
16.87,6.28263975,43.317276236661954,6.667263080815855
16.88,6.28511925,43.33437178737036,6.673224006575436
16.89,6.28759875,43.35146733807877,6.679188689825344
16.9,6.289940499999999,43.36761313597004,6.684762829541083
16.91,6.292419999999999,43.38470868667845,6.690734799381626
16.92,6.2948995,43.40180423738687,6.696710532815286
16.93,6.297379,43.41889978809528,6.702690031920358
16.94,6.29972075,43.43504558598656,6.70827807093658
16.95,6.302200249999999,43.45214113669496,6.714335467237199
16.96,6.304542000000001,43.46828693458625,6.719930384138451
16.97,6.3070215,43.48538248529466,6.72599517567067
16.98,6.309363250000001,43.50152828318594,6.73159697785835
16.99,6.31184275,43.518623833894345,6.737669172549354
17.0,6.314184499999999,43.534769631785615,6.743277867432298
17.01,6.31652625,43.5509154296769,6.748960648649402
17.02,6.318868,43.567061227568175,6.754646811022876
17.03,6.3213475,43.584156778276586,6.760662809341728
17.04,6.32368925,43.60030257616786,6.766355935257686
17.05,6.326031,43.61644837405914,6.772052447724383
17.06,6.32837275,43.632594171950416,6.777752348507517
17.07,6.330714499999999,43.648739969841685,6.78345563937363
17.08,6.33305625,43.664885767732976,6.789162322090137
17.09,6.335260249999999,43.68008181280711,6.794473788019562
17.1,6.337602,43.696227610698394,6.800187035802296
17.11,6.33994375,43.71237340858966,6.805903680629326
17.12,6.3422855,43.72851920648095,6.811623724271452
17.13,6.3444895,43.74371525155509,6.816947676272137
17.14,6.346831249999999,43.75986104944636,6.822745414087941
17.15,6.34903525,43.775057094520506,6.828075539647333
17.16,6.351377,43.79120289241179,6.833808774499498
17.17,6.353580999999999,43.80639893748592,6.839216248762494
17.18,6.355784999999999,43.821594982560065,6.844555528389876
17.19,6.358126749999999,43.83774078045134,6.850369816618183
17.2,6.360330749999999,43.85293682552549,6.85571528535572
17.21,6.362534749999999,43.86813287059963,6.861135032624475
17.22,6.364738750000001,43.88332891567378,6.866557811858109
17.23,6.36694275,43.89852496074792,6.871983624543879
17.24,6.36914675,43.91372100582206,6.877341094671214
17.25,6.37135075,43.92891705089621,6.882772952808474
17.26,6.373554749999999,43.944113095970344,6.88820784885436
17.27,6.375758749999999,43.959309141044486,6.893645784298858
17.28,6.37796275,43.974505186118634,6.899086760632643
17.29,6.38016675,43.989701231192775,6.90453077934706
17.3,6.382232999999999,44.00394752344978,6.909574721237671
17.31,6.384437,44.01914356852393,6.915024616084469
17.32,6.386641,44.03433961359807,6.920477557688444
17.33,6.38870725,44.048585905855084,6.925601409825662
17.34,6.390911249999999,44.06378195092922,6.93106026202398
17.35,6.3929775,44.07802824318623,6.936118006043976
17.36,6.39504375,44.092274535443245,6.94125007290541
17.37,6.39724775,44.107470580517386,6.946717681668964
17.38,6.399314,44.1217168727744,6.95185530645361
17.39,6.40138025,44.135963165031406,6.956923866548272
17.4,6.4034465,44.15020945728842,6.962066853721305
17.41,6.40551275,44.164455749545425,6.967212536150958
17.42,6.407716750000001,44.17965179461957,6.97269465858862
17.43,6.40964525,44.19294833405944,6.977440136502038
17.44,6.411711499999999,44.20719462631644,6.982593887677885
17.45,6.41377775,44.221440918573464,6.987750339061261
17.46,6.415844,44.23568721083047,6.99290949189329
17.47,6.41791025,44.24993350308748,6.998071347415636
17.48,6.4199765,44.26417979534449,7.0032359068705
17.49,6.421905,44.27747633478436,7.007996202585706
17.5,6.42397125,44.29172262704137,7.013165971926355
17.51,6.42589975,44.30501916648125,7.017931091290948
17.52,6.427965999999999,44.31926545873825,7.02310607513832
17.53,6.4298945,44.33256199817813,7.027876022439925
17.54,6.43196075,44.34680829043514,7.033128345260801
17.55,6.433889249999999,44.36010482987501,7.037903147703588
17.56,6.435817749999999,44.373401369314884,7.042680274215773
17.57,6.43774625,44.38669790875477,7.047531914394979
17.58,6.439812499999999,44.40094420101177,7.052722416275262
17.59,6.441740999999999,44.41424074045164,7.057578967587606
17.6,6.4436695,44.42753727989153,7.062437892935971
17.61,6.445597999999999,44.44083381933139,7.067226911312667
17.62,6.4475265,44.45413035877128,7.072090564823822
17.63,6.449454999999999,44.467426898211144,7.076956595419775
17.64,6.451245749999999,44.47977368483389,7.081415168068452
17.65,6.45317425,44.493070224273765,7.086285766219484
17.66,6.455102749999999,44.506366763713636,7.091086349156995
17.67,6.45703125,44.51966330315352,7.095961685459022
17.68,6.458822,44.53201008977626,7.100428825260621
17.69,6.4607505,44.545306629216135,7.10538119945849
17.7,6.462541249999999,44.55765341583887,7.109852572780873
17.71,6.46446975,44.57094995527875,7.114737086363593
17.72,6.4662605,44.58329674190149,7.119212675327537
17.73,6.468051249999999,44.59564352852423,7.123690285778905
17.74,6.469979749999998,44.60894006796409,7.128654152712086
17.75,6.4717705,44.62128685458685,7.133136005376757
17.76,6.47356125,44.63363364120959,7.13769249773993
17.77,6.475352,44.645980427832335,7.142178420574962
17.78,6.47714275,44.65832721445507,7.146739027574487
17.79,6.4789335,44.67067400107781,7.151229023822858
17.8,6.48072425,44.683020787700556,7.155793748728204
17.81,6.482514999999999,44.69536757432329,7.160287821635304
17.82,6.484305749999999,44.707714360946035,7.164856667718355
17.83,6.48595875,44.71911139475164,7.169014333944263
17.84,6.4877495,44.731458181374386,7.173587148262866
17.85,6.48954025,44.74380496799713,7.178162036710083
17.86,6.491193249999999,44.75520200180273,7.182325229530901
17.87,6.492984,44.76754878842548,7.18690409082892
17.88,6.494637,44.77894582223109,7.191070917337083
17.89,6.49642775,44.79129260885382,7.195653754521455
17.9,6.49808075,44.80268964265943,7.199824217500165
17.91,6.49973375,44.81408667646504,7.203996418238022
17.92,6.501524499999999,44.826433463087774,7.208585135843077
17.93,6.5031775,44.83783049689339,7.21283394800269
17.94,6.5048305,44.849227530699,7.217011548929354
17.95,6.506483499999999,44.8606245645046,7.221263900809467
17.96,6.5081365,44.87202159831021,7.225445003001377
17.97,6.509789499999999,44.88341863211581,7.229700897197556
17.98,6.511442499999999,44.89481566592142,7.233885503229501
17.99,6.513095499999999,44.90621269972702,7.238144942339095
18.0,6.5147485,44.917609733532636,7.24233305478764
18.01,6.51626375,44.928057014521116,7.246179784123705
18.02,6.517916749999999,44.93945404832671,7.250444390090477
18.03,6.51956975,44.950851082132324,7.254710781342597
18.04,6.521084999999999,44.9612983631208,7.258562220215129
18.05,6.522737999999999,44.9726953969264,7.262758812169397
18.06,6.524253249999999,44.98314267791488,7.266613325137629
18.07,6.525906249999999,44.994539711720485,7.270886512889733
18.08,6.527421499999999,45.00498699270896,7.274817383214423
18.09,6.52893675,45.01543427369744,7.278676481825521
18.1,6.530451999999999,45.0258815546859,7.282537053752402
18.11,6.532105,45.03727858849151,7.286816921617866
18.12,6.533620249999999,45.04772586947998,7.290680592352148
18.13,6.535135499999999,45.058173150468456,7.29461909390364
18.14,6.536650750000001,45.06862043145694,7.298485733145844
18.15,6.538165999999999,45.0790677124454,7.302353848234551
18.16,6.53968125,45.08951499343389,7.306296850578938
18.17,6.541058749999999,45.09901252160521,7.30982263440425
18.18,6.542573999999999,45.10945980259369,7.313695065679832
18.19,6.54408925,45.11990708358217,7.317642438980509
18.2,6.5456045,45.13035436457064,7.321517844672181
18.21,6.546982,45.13985189274198,7.325048905738415
18.22,6.54849725,45.15029917373045,7.329000654264752
18.23,6.54987475,45.1597967019018,7.332534304422409
18.24,6.55139,45.17024398289026,7.336488933396013
18.25,6.5527675,45.17974151106161,7.340025174310946
18.26,6.554144999999999,45.189239039232945,7.343562642350777
18.27,6.555522499999999,45.198736567404275,7.347101337890342
18.28,6.55703775,45.20918384839276,7.351061580173513
18.29,6.558415249999999,45.21868137656409,7.35460286971878
18.3,6.559792749999999,45.22817890473543,7.358145387929848
18.31,6.561170249999999,45.237676432906774,7.361689135181988
18.32,6.56254775,45.24717396107812,7.365307799787574
18.33,6.56392525,45.256671489249456,7.36885402296961
18.34,6.56530275,45.26616901742079,7.372401476322964
18.35,6.5665425,45.274716792775,7.375602610091959
18.36,6.567919999999999,45.28421432094633,7.379152403479207
18.37,6.5692975,45.293711849117685,7.382777198036687
18.38,6.570537249999999,45.30225962447188,7.385981566823349
18.39,6.57191475,45.31175715264323,7.389534950322902
18.4,6.5731545,45.320304927997434,7.392741430805573
18.41,6.574532,45.32980245616877,7.396370991320532
18.42,6.57577175,45.33835023152298,7.399579599803478
18.43,6.57714925,45.34784775969431,7.403137688369394
18.44,6.578389,45.35639553504852,7.406348411006164
18.45,6.57962875,45.36494331040273,7.40956013630645
18.46,6.580868499999999,45.373491085756925,7.412772864545881
18.47,6.58210825,45.38203886111114,7.415986596000159
18.48,6.583348,45.39058663646534,7.41927527178134
18.49,6.584587750000001,45.39913441181955,7.422491025593533
18.5,6.585827499999999,45.40768218717375,7.425707783451174
18.51,6.58706725,45.41622996252796,7.428925545630255
18.52,6.588306999999999,45.42477773788215,7.432218313665
18.53,6.589546749999999,45.43332551323637,7.435438100428365
18.54,6.59064875,45.44092353577344,7.43823517265669
18.55,6.5918885,45.449471311127645,7.441530889761903
18.56,6.59312825,45.458019086481855,7.444753582734355
18.57,6.594230249999999,45.465617109018915,7.447627273591948
18.58,6.595332249999999,45.47321513155599,7.450501762457831
18.59,6.596572,45.4817629069102,7.453727253785165
18.6,6.597674,45.48936092944727,7.456603437384733
18.61,6.598776,45.49695895198435,7.459480419601891
18.62,6.60001575,45.50550672733855,7.462782855539142
18.63,6.60111775,45.51310474987562,7.465661547244015
18.64,6.60221975,45.52070277241269,7.468541038178667
18.65,6.60332175,45.528300794949764,7.471421328538407
18.66,6.60442375,45.53589881748683,7.474302418518584
18.67,6.60552575,45.543496840023906,7.477184308314605
18.68,6.606627749999999,45.551094862560966,7.480066998121901
18.69,6.607729749999999,45.55869288509804,7.482950488135976
18.7,6.608693999999999,45.56534115481798,7.485409229565455
18.71,6.609795999999999,45.57293917735505,7.48836847235762
18.72,6.610898,45.58053719989213,7.491254265740662
18.73,6.61186225,45.587185469612066,7.493714989165761
18.74,6.612964249999999,45.59478349214913,7.49667657514161
18.75,6.6139285,45.60143176186908,7.499138592439472
18.76,6.6150305,45.60902978440615,7.502101708048604
18.77,6.61599475,45.615678054126086,7.504639359337277
18.78,6.616959,45.622326323846025,7.507103276180107
18.79,6.61792325,45.62897459356596,7.509642149559938
18.8,6.61902525,45.63657261610303,7.512608226240098
18.81,6.619989499999999,45.64322088582296,7.515148432365049
18.82,6.620953749999999,45.6498691555429,7.51761485565118
18.83,6.621917999999999,45.65651742526284,7.520156284952713
18.84,6.622882249999999,45.66316569498278,7.522698331947672
18.85,6.623846499999999,45.66981396470271,7.525240996768173
18.86,6.624673,45.67551248160552,7.527357104856031
18.87,6.62563725,45.68216075132546,7.529975364970016
18.88,6.6266015,45.6888090210454,7.532519797424085
18.89,6.627428,45.694507537948205,7.53463739196364
18.9,6.62839225,45.701155807668144,7.537182962720163
18.91,6.6293565,45.70780407738808,7.539803655373201
18.92,6.630183,45.71350259429088,7.541922737277885
18.93,6.631009499999999,45.719201111193684,7.544116780045171
18.94,6.631973749999999,45.72584938091362,7.546664652432112
18.95,6.63280025,45.73154789781643,7.54885968514502
18.96,6.633626749999999,45.73724641471922,7.550980619929507
18.97,6.634453249999999,45.74294493162203,7.553176558198333
18.98,6.635417499999999,45.749593201341966,7.555726635395247
18.99,6.636243999999999,45.75529171824477,7.557923564363327
19.0,6.6370705,45.76099023514758,7.560120951491052
19.01,6.63775925,45.76573899923325,7.561890285385718
19.02,6.63858575,45.771437516136054,7.564088504226448
19.03,6.639412249999999,45.77713603303885,7.5662871814638
19.04,6.64023875,45.78283454994166,7.568486317181848
19.05,6.64106525,45.78853306684446,7.570685911464671
19.06,6.641754,45.793281830930134,7.572457044041881
19.07,6.642580499999999,45.79898034783293,7.574657470775072
19.08,6.643269249999999,45.8037291119186,7.576429281648323
19.09,6.64409575,45.80942762882141,7.57870522552662
19.1,6.6447845,45.81417639290708,7.580477723397526
19.11,6.645611,45.81987490980988,7.582679826036422
19.12,6.64629975,45.82462367389555,7.584527714196381
19.13,6.6469885,45.82937243798122,7.586301204045964
19.14,6.64767725,45.834121202066896,7.588149727178393
19.15,6.648366,45.838869966152565,7.589923835142197
19.16,6.649054749999999,45.84361873023823,7.591772993440122
19.17,6.6497435,45.8483674943239,7.593622473633333
19.18,6.650432250000001,45.85311625840958,7.595397513363855
19.19,6.651121,45.85786502249524,7.597247629013165
19.2,6.651809749999999,45.86261378658091,7.599098066704532
19.21,6.652498499999999,45.86736255066658,7.60094882648722
19.22,6.6530495,45.87116156193512,7.602369830536505
19.23,6.65373825,45.87591032602079,7.604221163419044
19.24,6.65428925,45.87970933728932,7.605642613791336
19.25,6.654977999999999,45.88445810137498,7.60749451993062
19.26,6.655529,45.88825711264352,7.60891641674897
19.27,6.65621775,45.8930058767292,7.610768896301931
19.28,6.65676875,45.89680488799774,7.612266080169066
19.29,6.657319749999999,45.900603899266265,7.613688625844953
19.3,6.6580085,45.90535266335194,7.615541938656934
19.31,6.6585595,45.909151674620475,7.617039793638927
19.32,6.6591105,45.91295068588901,7.618462988431454
19.33,6.6596615,45.91674969715755,7.619961254971089
19.34,6.660212499999999,45.920548708426075,7.621384847780515
19.35,6.6607635,45.924347719694616,7.622883525977856
19.36,6.661314499999999,45.92814673096314,7.624307516901792
19.37,6.66172775,45.930995989414555,7.625375638518253
19.38,6.66227875,45.93479500068309,7.626874880358987
19.39,6.66282975,45.93859401195163,7.628374331534159
19.4,6.663243,45.94144327040303,7.629442867056517
19.41,6.663793999999999,45.94524228167156,7.630867752395091
19.42,6.66420725,45.94809154012297,7.63193654489362
19.43,6.66475825,45.95189055139151,7.633436711938606
19.44,6.665171499999999,45.9547398098429,7.63458071070548
19.45,6.6657225,45.95853882111144,7.636081246002444
19.46,6.66613575,45.96138807956284,7.637150567923433
19.47,6.666549,45.96423733801424,7.638220000041724
19.48,6.666962249999999,45.96708659646564,7.639289542367354
19.49,6.6673755,45.96993585491705,7.640434166259062
19.5,6.66778875,45.972785113368445,7.641503934132957
19.51,6.668202,45.97563437181985,7.642648793800555
19.52,6.66861525,45.978483630271256,7.643718787264302
19.53,6.6690285,45.981332888722655,7.64486388275078
19.54,6.66944175,45.98418214717405,7.645934101845976
19.55,6.669717249999999,45.986081652808316,7.646647642508118
19.56,6.670130499999999,45.98893091125972,7.647718045406807
19.57,6.67054375,45.99178016971113,7.648863569084786
19.58,6.670819249999999,45.99367967534539,7.649577309231844
19.59,6.6712325,45.9965289337968,7.650723030374663
19.6,6.671507999999999,45.99842843943106,7.651436896501281
19.61,6.67192125,46.001277697882465,7.652582815139
19.62,6.672196749999999,46.00317720351673,7.653296807264579
19.63,6.67247225,46.005076709151005,7.654010848433198
19.64,6.672747749999999,46.00697621478527,7.654724938647834
19.65,6.67302325,46.00887572041954,7.655439077911471
19.66,6.67329875,46.0107752260538,7.656153266227088
19.67,6.673574249999999,46.012674731688065,7.656942551534148
19.68,6.67384975,46.01457423732234,7.657656841368393
19.69,6.67412525,46.01647374295661,7.658371180263718
19.7,6.67440075,46.018373248590876,7.659160626377203
19.71,6.674676249999999,46.02027275422514,7.65987506680981
19.72,6.67495175,46.02217225985942,7.660664621279221
19.73,6.6750895,46.02312201267655,7.660946819466247
19.74,6.675365,46.025021518310815,7.661736452656314
19.75,6.67550275,46.02597127112795,7.662018682540651
19.76,6.67577825,46.027870776762214,7.662808394458431
19.77,6.675916,46.02882052957935,7.663165732933109
19.78,6.6761915,46.03072003521362,7.663955526992698
19.79,6.67632925,46.031669788030754,7.664312903984886
19.8,6.676466999999999,46.03261954084788,7.664670293249167
19.81,6.676604749999999,46.03356929366502,7.665027694785918
19.82,6.6767425,46.03451904648215,7.665385108595517
19.83,6.67688025,46.03546879929929,7.665742534678327
19.84,6.677017999999999,46.036418552116416,7.666099973034726
19.85,6.67715575,46.03736830493356,7.666457423665088
19.86,6.6772935,46.03831805775069,7.666814886569782
19.87,6.677431249999999,46.039267810567814,7.667247457379784
19.88,6.677569,46.04021756338496,7.667604946538191
19.89,6.677569,46.04021756338496,7.667529849203666
19.9,6.67770675,46.04116731620209,7.667962447972086
19.91,6.677844499999999,46.04211706901922,7.668319961681843
19.92,6.677844499999999,46.04211706901922,7.668319961681843
19.93,6.67798225,46.04306682183636,7.66875259011437
19.94,6.67798225,46.04306682183636,7.668677487667848
19.95,6.67798225,46.04306682183636,7.668677487667848
19.96,6.67812,46.04401657465349,7.669110130081053
19.97,6.67812,46.04401657465349,7.669035025930455
19.98,6.67812,46.04401657465349,7.669035025930455
19.99,6.67812,46.04401657465349,7.669035025930455
20.0,6.67812,46.04401657465349,7.669035025930455
