Time,Pressure,Position_X,Position_Y,Position_Z,Angle
0.0,0,-1.1102230246251565e-16,20.0,1.4842727741326556e-16,0.0
0.01,0.034449999999999995,0.00311522066232911,20.00484093988728,1.9079771397414232e-05,-0.022164215241774636
0.02,0.06889999999999999,0.006707456818496493,20.0098661994805,3.754151925149628e-05,-0.04585816092581291
0.03,0.10334999999999998,0.010142271784205403,20.014816347978567,5.595370095323911e-05,-0.06899915328235738
0.04,0.13779999999999998,0.013523570445575783,20.01975342539462,7.452391379921105e-05,-0.09201584048561186
0.05,0.17224999999999996,0.01691101932983119,20.024688941164868,9.309272342212496e-05,-0.11504879518842771
0.060000000000000005,0.20669999999999994,0.02030609120483734,20.02962250723139,0.00011163220347253078,-0.1380982756824099
0.07,0.24114999999999992,0.023704775409463863,20.03455357058524,0.00013015480234290246,-0.16115587926852976
0.08,0.2755999999999999,0.02710637263987703,20.039482060208,0.0001486659261939274,-0.18422019303586867
0.09,0.3100499999999999,0.030511060806506063,20.044408005995933,0.00016716728289095705,-0.20729153981652923
0.09999999999999999,0.34449999999999986,0.033918911804747265,20.04933142458598,0.00018566042391851122,-0.23037003519663263
0.10999999999999999,0.37894999999999984,0.037329919661195365,20.054252323315573,0.0002041470393712928,-0.25345564068317045
0.11999999999999998,0.4133999999999998,0.04074407449121081,20.059170708885606,0.00022262883396971002,-0.27654830945802883
0.12999999999999998,0.4478499999999998,0.044161371387715864,20.06408658847132,0.0002411074913587296,-0.29964800478255743
0.13999999999999999,0.4822999999999998,0.047581806486516554,20.068999969279655,0.00025958466842185355,-0.322754692407569
0.15,0.5167499999999998,0.05100537575562464,20.0739108584038,0.000278061995566663,-0.3458683381211597
0.16,0.5511999999999998,0.05443207509428438,20.078819262834138,0.0002965410782909575,-0.3689889079144624
0.17,0.5856499999999998,0.0578619004325619,20.083725189471043,0.00031502349815156123,-0.39211636817218604
0.18000000000000002,0.6200999999999998,0.06129484773868665,20.08862864512729,0.00033351081341595826,-0.4152506856837311
0.19000000000000003,0.6545499999999997,0.0647309130123423,20.09352963652858,0.0003520045593809845,-0.4383918276247537
0.20000000000000004,0.6889999999999997,0.06817009228265247,20.098428170314357,0.0003705062488551607,-0.46153976154632403
0.21000000000000005,0.7234499999999997,0.07161238160782674,20.103324253039137,0.00038901737270902886,-0.4846944553694011
0.22000000000000006,0.7578999999999997,0.07505777707462641,20.10821789117378,0.00040753940034057954,-0.5078558773795621
0.23000000000000007,0.7923499999999997,0.07850627479780709,20.113109091106217,0.0004260737800522203,-0.5310239962182431
0.24000000000000007,0.8267999999999996,0.08195787091959328,20.117997859142903,0.00044462193960940815,-0.5541987808782575
0.25000000000000006,0.8612499999999996,0.08541256160895988,20.122884201509706,0.0004631852865968426,-0.5773802006974733
0.26000000000000006,0.8956999999999996,0.08887034306131036,20.127768124353054,0.00048176520884872856,-0.6005682253519282
0.2700000000000001,0.9301499999999996,0.09233121149769696,20.13264963374087,0.0005003630749349857,-0.6237628248507786
0.2800000000000001,0.9645999999999996,0.09579516316439357,20.137528735663714,0.0005189802344486199,-0.6469639695296313
0.2900000000000001,0.9990499999999995,0.09926219433248695,20.142405436035734,0.0005376180184962587,-0.67017163004681
0.3000000000000001,1.0334999999999996,0.10273230129716987,20.147279740695616,0.0005562777400337389,-0.6933857773750323
0.3100000000000001,1.0679499999999997,0.10620548037731381,20.152151655407657,0.0005749606942857517,-0.7166063827985271
0.3200000000000001,1.1023999999999998,0.1096817279150411,20.1570211858627,0.000593668159058104,-0.7398334179065892
0.3300000000000001,1.13685,0.11316104027515889,20.16188833767901,0.0006124013951277589,-0.7630668545879304
0.34000000000000014,1.1713,0.11664341384471866,20.166753116403214,0.000631161646565768,-0.7863066650266344
0.35000000000000014,1.20575,0.12012884503257182,20.171615527511364,0.0006499501411065581,-0.8095528216971093
0.36000000000000015,1.2402000000000002,0.12361733026883365,20.176475576409693,0.0006687680904940299,-0.8328052973578925
0.37000000000000016,1.2746500000000003,0.12710886600460186,20.18133326843548,0.0006876166906850021,-0.8560640650488015
0.38000000000000017,1.3091000000000004,0.1306034487113098,20.186188608858128,0.0007064971223665231,-0.8793290980849232
0.3900000000000002,1.3435500000000005,0.13410107488046102,20.191041602879736,0.0007254105510729073,-0.9026003700518678
0.4000000000000002,1.3780000000000006,0.1376017410230958,20.195892255636288,0.00074435812761089,-0.9258778548028361
0.4100000000000002,1.4124500000000006,0.14110544366948907,20.200740572198097,0.0007633409883020393,-0.9491615264522048
0.4200000000000002,1.4469000000000007,0.14461217936863796,20.20558655757099,0.0007823602552483966,-0.9724513593725771
0.4300000000000002,1.4813500000000008,0.14812194468798817,20.21043021669697,0.000801417036667278,-0.9957473281906934
0.4400000000000002,1.515800000000001,0.15163473621284201,20.215271554454908,0.0008205124270948276,-1.01904940778197
0.45000000000000023,1.550250000000001,0.15515055054619048,20.22011057566147,0.0008396475077631748,-1.0423575732669805
0.46000000000000024,1.584700000000001,0.15866938430825617,20.22494728507194,0.0008588233467062016,-1.065671800009034
0.47000000000000025,1.6191500000000012,0.16219123413604603,20.229781687380836,0.0008780409991455415,-1.0889920636077048
0.48000000000000026,1.6536000000000013,0.16571609668314669,20.23461378722273,0.000897301507674197,-1.1123183398967158
0.49000000000000027,1.6880500000000014,0.1692439686191799,20.239443589172957,0.0009166059025230466,-1.1356506049392834
0.5000000000000002,1.7225000000000015,0.17277484662968834,20.244271097748516,0.0009359552017520509,-1.1589888350256508
0.5100000000000002,1.7569500000000016,0.17630872741556092,20.249096317408437,0.0009553504115213443,-1.1823330066677233
0.5200000000000002,1.7914000000000017,0.17984560769285496,20.25391925255495,0.0009747925263498094,-1.205683096597367
0.5300000000000002,1.8258500000000017,0.183385484192375,20.258739907533702,0.0009942825292418398,-1.2290390817608545
0.5400000000000003,1.8603000000000018,0.18692835365948401,20.263558286634858,0.0010138213919726185,-1.2524009393176754
0.5500000000000003,1.894750000000002,0.19047421285357474,20.268374394093556,0.001033410075255382,-1.2757686466359945
0.5600000000000003,1.929200000000002,0.1940230585479441,20.273188234090604,0.0010530495289971377,-1.2991421812889188
0.5700000000000003,1.9636500000000021,0.1975748875294303,20.277999810753144,0.0010727406924729316,-1.3225215210516805
0.5800000000000003,1.9981000000000022,0.20112969659812036,20.282809128155428,0.001092484494459683,-1.3459066439001606
0.5900000000000003,2.0325500000000023,0.20468748256695957,20.28761619031918,0.0011122818535048327,-1.3692975280039772
0.6000000000000003,2.0670000000000024,0.2082482422616781,20.292421001214542,0.0011321336781346218,-1.392694151727623
0.6100000000000003,2.1014500000000025,0.2118119725202936,20.29722356476055,0.00115204086693065,-1.4160964936244513
0.6200000000000003,2.1359000000000026,0.21537867019294443,20.302023884825648,0.0011720043088020151,-1.4395045324356932
0.6300000000000003,2.1703500000000027,0.21894833214164783,20.306821965228433,0.0011920248830827754,-1.4629182470853601
0.6400000000000003,2.2048000000000028,0.22252095523987897,20.31161780973835,0.0012121034597830246,-1.486337616680861
0.6500000000000004,2.239250000000003,0.2260965363725027,20.31641142207592,0.0012322408997030017,-1.5097626205056556
0.6600000000000004,2.273700000000003,0.2296750724354289,20.32120280591375,0.0012524380545369546,-1.5331932380213036
0.6700000000000004,2.308150000000003,0.2332565603353275,20.325991964876728,0.0012726957671892552,-1.5566294488608015
0.6800000000000004,2.342600000000003,0.23684099698939692,20.330778902542892,0.0012930148717975483,-1.5800712328283961
0.6900000000000004,2.377050000000003,0.24042837932519817,20.3355636224438,0.0013133961939347646,-1.6035185698962022
0.7000000000000004,2.4115000000000033,0.24401870428031802,20.340346128065075,0.001333840550680276,-1.6269714402010265
0.7100000000000004,2.4459500000000034,0.24761196880221814,20.345126422847187,0.0013543487509056107,-1.6504298240443205
0.7200000000000004,2.4804000000000035,0.2512081698479101,20.34990451018556,0.0013749215952841656,-1.673893701885539
0.7300000000000004,2.5148500000000036,0.25480730438387755,20.354680393431522,0.001395559876505453,-1.6973630543437273
0.7400000000000004,2.5493000000000037,0.25840936938563835,20.359454075892522,0.001416264379368204,-1.7208378621928149
0.7500000000000004,2.5837500000000038,0.2620143618377997,20.364225560832814,0.0014370358809197906,-1.7443181063609678
0.7600000000000005,2.618200000000004,0.26562227873360017,20.368994851473964,0.00145787515061109,-1.7678037679264709
0.7700000000000005,2.652650000000004,0.26923311707485764,20.373761950995135,0.001478782950355395,-1.7912948281165912
0.7800000000000005,2.687100000000004,0.2728468738717048,20.378526862534002,0.0014997600347931705,-1.8147912683060976
0.7900000000000005,2.721550000000004,0.2764635461423832,20.383289589186617,0.001520807151205164,-1.8382930700124207
0.8000000000000005,2.7560000000000042,0.28008313091308007,20.38805013400856,0.0015419250397900768,-1.861800214896743
0.8100000000000005,2.7904500000000043,0.28370562521774434,20.392808500014876,0.0015631144337313982,-1.8853126847600714
0.8200000000000005,2.8249000000000044,0.28733102609774874,20.397564690180833,0.0015843760592933263,-1.9088304615412421
0.8300000000000005,2.8593500000000045,0.2909593306020243,20.40231870744235,0.001605710635939921,-1.9323535273155688
0.8400000000000005,2.8938000000000046,0.2945905357865023,20.40707055469631,0.0016271188764346608,-1.9558818642927203
0.8500000000000005,2.9282500000000047,0.2982246387141926,20.411820234801176,0.0016486014870063404,-1.9794154548139018
0.8600000000000005,2.9627000000000048,0.3018616364549812,20.41656775057728,0.0016701591673050802,-2.0029542813510837
0.8700000000000006,2.997150000000005,0.30550152608530784,20.421313104807396,0.0016917926106797653,-2.026498326504712
0.8800000000000006,3.031600000000005,0.3091443046881429,20.42605630023707,0.001713502504185429,-2.0500475730012906
0.8900000000000006,3.066050000000005,0.31278996935278003,20.430797339575083,0.0017352895286172829,-2.0736020036923284
0.9000000000000006,3.100500000000005,0.3164385171746784,20.43553622549385,0.0017571543587484727,-2.097161601552536
0.9100000000000006,3.1349500000000052,0.3200899452552762,20.440272960629898,0.0017790976633104165,-2.120726349677206
0.9200000000000006,3.1694000000000053,0.3237442507018658,20.445007547584225,0.0018011201051010904,-2.1442962312820204
0.9300000000000006,3.2038500000000054,0.327401430627418,20.449739988922556,0.0018232223411307424,-2.1678712296987426
0.9400000000000006,3.2383000000000055,0.3310614821504796,20.454470287176115,0.001845405022630512,-2.1914513283773336
0.9500000000000006,3.2727500000000056,0.33472440239490797,20.459198444841597,0.0018676687952036467,-2.215036510880276
0.9600000000000006,3.3072000000000057,0.3383901884899033,20.46392446438178,0.001890014298827855,-2.2386267608836614
0.9700000000000006,3.341650000000006,0.34205883756970334,20.46864834822597,0.001912442168015316,-2.262222062175113
0.9800000000000006,3.376100000000006,0.3457303467735389,20.47337009877018,0.0019349530318699508,-2.2858223986517165
0.9900000000000007,3.410550000000006,0.3494047132454889,20.478089718377554,0.001957547514110128,-2.309427754317683
1.0000000000000007,3.445000000000006,0.3530819341342629,20.482807209378944,0.001980226233199443,-2.333038113285146
1.0100000000000007,3.479450000000006,0.35676200659318036,20.48752257407294,0.00200298980245621,-2.3566534597705417
1.0200000000000007,3.5139000000000062,0.36044492777999637,20.49223581472652,0.002025838830011587,-2.38027377809436
1.0300000000000007,3.5483500000000063,0.3641306948567713,20.496946933575167,0.0020487739189508614,-2.4038990526789057
1.0400000000000007,3.5828000000000064,0.367819304989719,20.501655932823375,0.002071795667411959,-2.4275292680471168
1.0500000000000007,3.6172500000000065,0.371510755349147,20.506362814644984,0.002094904668617825,-2.4511644088218314
1.0600000000000007,3.6517000000000066,0.3752050431092758,20.511067581183482,0.0021181015108769023,-2.474804459723962
1.0700000000000007,3.6861500000000067,0.3789021654482034,20.515770234552257,0.0021413867777589296,-2.498449405570079
1.0800000000000007,3.720600000000007,0.38260211954765305,20.520470776835058,0.002164761048166169,-2.522099231272704
1.0900000000000007,3.755050000000007,0.3863049025930183,20.525169210086336,0.002188224896205099,-2.5457539218386227
1.1000000000000008,3.789500000000007,0.39001051177313373,20.529865536331457,0.002211778891499322,-2.5694134623668266
1.1100000000000008,3.823950000000007,0.39371894428022536,20.534559757567035,0.0022354235990763483,-2.5930778380478547
1.1200000000000008,3.858400000000007,0.3974301973098039,20.539251875761344,0.0022591595795183814,-2.616747034162752
1.1300000000000008,3.8928500000000072,0.4011442680605185,20.543941892854576,0.0022829873889445773,-2.640421036081013
1.1400000000000008,3.9273000000000073,0.40486115373407877,20.548629810759124,0.002306907579113569,-2.6640998292602105
1.1500000000000008,3.9617500000000074,0.40858085153519197,20.5533156313599,0.002330920697479597,-2.6877833992444997
1.1600000000000008,3.9962000000000075,0.4123033586713771,20.557999356514625,0.0023550272872683484,-2.7114717316632118
1.1700000000000008,4.030650000000008,0.41602867235297514,20.562680988054208,0.0023792278874024695,-2.735164812230381
1.1800000000000008,4.065100000000007,0.4197567897929306,20.567360527782924,0.002403523032728529,-2.7588626267421237
1.1900000000000008,4.099550000000007,0.4234877082068347,20.572037977478722,0.002427913253961417,-2.7825651610779762
1.2000000000000008,4.134000000000007,0.4272214248127185,20.57671333889361,0.002452399077780383,-2.8062724011967526
1.2100000000000009,4.168450000000006,0.4309579368309964,20.581386613753843,0.0024769810268054564,-2.829984333138496
1.2200000000000009,4.202900000000006,0.4346972414844585,20.586057803760216,0.0025016596197326418,-2.8537009430211877
1.2300000000000009,4.2373500000000055,0.43843933599804374,20.59072691058836,0.0025264353713254297,-2.8774222170409347
1.2400000000000009,4.271800000000005,0.4421842175988939,20.595393935889028,0.002551308792491641,-2.901148141469904
1.2500000000000009,4.306250000000005,0.4459318835161353,20.60005888128827,0.00257628039028008,-2.9248787026562866
1.260000000000001,4.340700000000004,0.4496823309808617,20.6047217483879,0.002601350668027471,-2.948613887022885
1.270000000000001,4.375150000000004,0.45343555722620366,20.609382538765473,0.002626520125236325,-2.9723536810662714
1.280000000000001,4.409600000000004,0.457191559486929,20.614041253974868,0.002651789257792294,-2.996098071355528
1.290000000000001,4.444050000000003,0.4609503349995791,20.618697895546205,0.0026771585578702177,-3.0198470445308017
1.300000000000001,4.478500000000003,0.46471188100243604,20.623352464986432,0.002702628514055002,-3.043600587304479
1.310000000000001,4.512950000000003,0.4684761947353224,20.628004963779315,0.0027281996113653253,-3.067358686457346
1.320000000000001,4.547400000000002,0.4722432734395232,20.63265539338582,0.0027538723312624273,-3.09112132883987
1.330000000000001,4.581850000000002,0.47601311435784965,20.63730375524427,0.0027796471516788736,-3.1148885013700798
1.340000000000001,4.616300000000002,0.47978571473448073,20.641950050770824,0.0028055245471615606,-3.1386601910342375
1.350000000000001,4.650750000000001,0.48356107181483027,20.646594281359285,0.0028315049887631966,-3.1624363848832946
1.360000000000001,4.685200000000001,0.48733918284560446,20.651236448381752,0.002857588944164375,-3.1862170700346235
1.370000000000001,4.719650000000001,0.49112004507464535,20.65587655318866,0.002883776877697451,-3.2100022336699725
1.380000000000001,4.7541,0.4949036557509181,20.660514597109,0.0029100692503777545,-3.233791863034688
1.390000000000001,4.78855,0.49869001212448705,20.665150581450533,0.0029364665199410516,-3.2575859454363942
1.400000000000001,4.8229999999999995,0.5024791114462898,20.669784507500232,0.0029629691408081652,-3.281384468246333
1.410000000000001,4.857449999999999,0.5062709509682758,20.67441637652425,0.002989577564269505,-3.3051874188958807
1.420000000000001,4.891899999999999,0.5100655279431833,20.679046189768165,0.003016292238365695,-3.3289947848765937
1.430000000000001,4.9263499999999985,0.5138628396245988,20.683673948457333,0.003043113607996892,-3.352806553740581
1.440000000000001,4.960799999999998,0.517662883266837,20.68829965379711,0.003070042114923619,-3.3766227130987594
1.450000000000001,4.995249999999998,0.5214656561248943,20.692923306972823,0.003097078197816435,-3.400443250619905
1.460000000000001,5.029699999999997,0.5252711554544117,20.697544909150263,0.0031242222923005825,-3.424268154030371
1.470000000000001,5.064149999999997,0.5290793785116182,20.702164461475796,0.0031514748309030157,-3.4480974111133604
1.480000000000001,5.098599999999997,0.5328903225532207,20.706781965076445,0.003178836243213248,-3.4719310097080522
1.490000000000001,5.133049999999996,0.5367039848364608,20.711397421060255,0.0032063069558019297,-3.495768937708337
1.500000000000001,5.167499999999996,0.54052036261891,20.716010830516513,0.003233887392261998,-3.51961118306366
1.5100000000000011,5.201949999999996,0.5443394531585743,20.720622194515748,0.0032615779732970006,-3.543457733776403
1.5200000000000011,5.236399999999995,0.5481612537138195,20.72523151411012,0.0032893791166826265,-3.567308577902971
1.5300000000000011,5.270849999999995,0.5519857615432144,20.72983879033363,0.0033172912373422942,-3.591163703552316
1.5400000000000011,5.305299999999995,0.5558129739055504,20.73444402420206,0.0033453147473316127,-3.615023098884432
1.5500000000000012,5.339749999999994,0.5596428880598154,20.7390472167134,0.00337345005588194,-3.638886752110549
1.5600000000000012,5.374199999999994,0.5634755012651509,20.743648368848056,0.003401697569452581,-3.662754651493555
1.5700000000000012,5.4086499999999935,0.5673108107808049,20.748247481568868,0.003430057691656386,-3.6866267853457537
1.5800000000000012,5.443099999999993,0.5711488138659788,20.752844555821437,0.0034585308234253596,-3.7105031420285646
1.5900000000000012,5.477549999999993,0.5749895077799454,20.75743959253412,0.003487117362957992,-3.7343837099518375
1.6000000000000012,5.5119999999999925,0.5788328897819089,20.762032592618496,0.003515817705679428,-3.7582684775742816
1.6100000000000012,5.546449999999992,0.5826789571310287,20.766623556969304,0.003544632244378598,-3.782157433401342
1.6200000000000012,5.580899999999992,0.5865277070863324,20.771212486464737,0.0035735613692066,-3.80605056598639
1.6300000000000012,5.615349999999991,0.5903791369066143,20.775799381966536,0.0036026054676146996,-3.8299478639278197
1.6400000000000012,5.649799999999991,0.5942332438505784,20.780384244320278,0.0036317649244997094,-3.8538493158708556
1.6500000000000012,5.684249999999991,0.5980900251765682,20.78496707435542,0.003661040122088529,-3.8777549105052525
1.6600000000000013,5.71869999999999,0.6019494781427448,20.789547872885585,0.0036904314400978276,-3.9016646365657577
1.6700000000000013,5.75314999999999,0.6058116000069447,20.794126640708534,0.0037199392556357285,-3.925578482830678
1.6800000000000013,5.78759999999999,0.6096763880265718,20.798703378606668,0.003749563943307092,-3.9494964381224196
1.6900000000000013,5.822049999999989,0.6135438394587445,20.803278087346897,0.0037793058751864634,-3.9734184913065276
1.7000000000000013,5.856499999999989,0.6174139515601342,20.807850767680783,0.0038091654208288416,-3.9973446312897813
1.7100000000000013,5.890949999999989,0.6212867215868944,20.812421420345053,0.003839142947364435,-4.021274847022487
1.7200000000000013,5.925399999999988,0.6251621467947799,20.816990046061335,0.0038692388193889765,-4.045209127495563
1.7300000000000013,5.959849999999988,0.6290402244389429,20.821556645536532,0.003899453399126782,-4.069147461740648
1.7400000000000013,5.9942999999999875,0.6329209517740577,20.826121219462962,0.003929787046317636,-4.093089838829967
1.7500000000000013,6.028749999999987,0.6368043260541765,20.830683768518583,0.003960240118328994,-4.117036247876278
1.7600000000000013,6.063199999999987,0.6406903445327393,20.835244293366898,0.00399081297013375,-4.140986678030834
1.7700000000000014,6.0976499999999865,0.6445790044624975,20.839802794657338,0.004021505954303702,-4.164941118484258
1.7800000000000014,6.132099999999986,0.6484703030956356,20.844359273025404,0.004052319421108669,-4.1888995584659305
1.7900000000000014,6.166549999999986,0.6523642376835166,20.84891372909257,0.0040832537184282485,-4.212861987242601
1.8000000000000014,6.200999999999985,0.6562608054768779,20.853466163466763,0.004114309191850507,-4.236828394119063
1.8100000000000014,6.235449999999985,0.6601600037255942,20.858016576742386,0.004145486184630349,-4.260798768437505
1.8200000000000014,6.269899999999985,0.6640618296788026,20.862564969500237,0.004176785037739062,-4.284773099575588
1.8300000000000014,6.304349999999984,0.667966280584868,20.867111342308014,0.004208206089908882,-4.308751376948639
1.8400000000000014,6.338799999999984,0.6718733536912189,20.871655695720158,0.004239749677548223,-4.332733590006407
1.8500000000000014,6.373249999999984,0.6757830462444914,20.876198030278225,0.004271416134844943,-4.356719728234836
1.8600000000000014,6.407699999999983,0.6796953554903746,20.880738346510757,0.0043032057937671675,-4.380709781154081
1.8700000000000014,6.442149999999983,0.6836102786737019,20.885276644933807,0.00433511898406935,-4.404703738319948
1.8800000000000014,6.476599999999983,0.6875278130383473,20.889812926050602,0.0043671560332870256,-4.4287015893211725
1.8900000000000015,6.511049999999982,0.6914479558271736,20.8943471903521,0.004399317266771745,-4.4527033237806535
1.9000000000000015,6.545499999999982,0.6953707042820891,20.898879438316758,0.004431603007726024,-4.476708931354194
1.9100000000000015,6.5799499999999815,0.6992960556439798,20.903409670410994,0.0044640135771358,-4.500718401730545
1.9200000000000015,6.614399999999981,0.703224007152719,20.907937887089094,0.004496549293854256,-4.52473172463153
1.9300000000000015,6.648849999999981,0.7071545560471291,20.91246408879344,0.0045292104746694085,-4.54874888981028
1.9400000000000015,6.6832999999999805,0.7110876995649031,20.916988275954502,0.004561997434175976,-4.572769887051775
1.9500000000000015,6.71774999999998,0.7150234349426386,20.921510448991253,0.004594910484854317,-4.596794706172372
1.9600000000000015,6.75219999999998,0.7189617594159088,20.926030608310953,0.004627949937154196,-4.620823337019733
1.9700000000000015,6.786649999999979,0.7229026702190127,20.930548754309452,0.004661116099386855,-4.6448557694712616
1.9800000000000015,6.821099999999979,0.7268461645851975,20.93506488737134,0.0046944092778069225,-4.668891993435406
1.9900000000000015,6.855549999999979,0.730792239746459,20.939579007869995,0.004727829776616914,-4.692931998849955
2.0000000000000013,6.889999999999978,0.7347408929336277,20.944091116167687,0.004761377897941511,-4.716975775682066
2.010000000000001,6.924449999999978,0.7386921213762953,20.948601212615763,0.004795053941933363,-4.741023313928459
2.020000000000001,6.958899999999978,0.7426459223028223,20.953109297554715,0.004828858206673904,-4.765074603614385
2.0300000000000007,6.993349999999977,0.7466022929403765,20.957615371314326,0.004862790988237128,-4.789129634793498
2.0400000000000005,7.027799999999977,0.7505612305147253,20.962119434213747,0.0048968525807086185,-4.813188397547441
2.0500000000000003,7.062249999999977,0.7545227322504287,20.966621486561706,0.004931043276150027,-4.837250881986124
2.06,7.096699999999976,0.7584867953707461,20.97112152865646,0.004965363364694859,-4.861317078246518
2.07,7.131149999999976,0.7624534170975776,20.975619560786026,0.004999813134499958,-4.885386976492472
2.0799999999999996,7.1655999999999755,0.7664225946514747,20.980115583228283,0.005034392871717384,-4.909460566914885
2.0899999999999994,7.200049999999975,0.7703943252516613,20.98460959625109,0.005069102860590925,-4.933537839731371
2.099999999999999,7.234499999999975,0.7743686061160204,20.98910160011225,0.005103943383433496,-4.9576187851853675
2.109999999999999,7.2689499999999745,0.7783454344609757,20.993591595059893,0.005138914720617089,-4.981703393546331
2.1199999999999988,7.303399999999974,0.7823248075015541,20.998079581332288,0.005174017150561727,-5.00579165510881
2.1299999999999986,7.337849999999974,0.7863067224513909,21.002565559158157,0.0052092509498701395,-5.029883560193209
2.1399999999999983,7.372299999999973,0.7902911765227032,21.007049528756713,0.005244616393155112,-5.053979099144757
2.149999999999998,7.406749999999973,0.7942781669262102,21.011531490337685,0.005280113753220856,-5.078078262333025
2.159999999999998,7.441199999999973,0.7982676908712283,21.016011444101604,0.005315743300918392,-5.102181040152007
2.1699999999999977,7.475649999999972,0.8022597455655462,21.020489390239682,0.005351505305268107,-5.12628742302013
2.1799999999999975,7.510099999999972,0.806254328215467,21.02496532893411,0.005387400033472135,-5.150397401378993
2.1899999999999973,7.544549999999972,0.8102514360257931,21.029439260357982,0.005423427750776581,-5.17451096569408
2.199999999999997,7.578999999999971,0.8142510661998741,21.03391118467558,0.005459588720710093,-5.198628106454039
2.209999999999997,7.613449999999971,0.8182532159394397,21.038381102042365,0.0054958832048801936,-5.222748814170633
2.2199999999999966,7.647899999999971,0.8222578824447111,21.042849012604968,0.005532311463101168,-5.246873079377732
2.2299999999999964,7.68234999999997,0.8262650629143814,21.047314916501577,0.005568873753376592,-5.271000892632386
2.239999999999996,7.71679999999997,0.8302747545455536,21.051778813861795,0.005605570331896785,-5.295132244513602
2.249999999999996,7.7512499999999696,0.834286954533721,21.05624070480667,0.0056424014530678385,-5.319267125621223
2.259999999999996,7.785699999999969,0.8383016600728754,21.060700589449148,0.005679367369494379,-5.343405526578712
2.2699999999999956,7.820149999999969,0.842318868355288,21.065158467893756,0.00571646833199492,-5.367547438028596
2.2799999999999954,7.8545999999999685,0.8463385765717152,21.069614340236928,0.005753704589631717,-5.391692850636246
2.289999999999995,7.889049999999968,0.8503607819112582,21.074068206567123,0.0057910763896668865,-5.415841755087661
2.299999999999995,7.923499999999968,0.8543854815613519,21.07852006696472,0.0058285839776743295,-5.439994142088567
2.3099999999999947,7.957949999999967,0.8584126727078716,21.082969921502233,0.005866227597402389,-5.464150002365762
2.3199999999999945,7.992399999999967,0.8624423525348818,21.087417770244482,0.0059040074909135635,-5.488309326666048
2.3299999999999943,8.026849999999968,0.8664745182249509,21.091863613248528,0.005941923898489362,-5.51247210575651
2.339999999999994,8.061299999999967,0.8705091669588717,21.09630745056382,0.005979977058749314,-5.536638330423034
2.349999999999994,8.095749999999967,0.8745462959157506,21.10074928223227,0.0060181672085143625,-5.560807991471508
2.3599999999999937,8.130199999999967,0.8785859022730941,21.10518910828842,0.006056494582977012,-5.584981079727401
2.3699999999999934,8.164649999999966,0.8826279832065269,21.1096269287594,0.006094959415571119,-5.609157586034104
2.3799999999999932,8.199099999999966,0.8866725358901458,21.114062743665038,0.006133561938037874,-5.633337501254433
2.389999999999993,8.233549999999966,0.8907195574961992,21.118496553018097,0.006172302380444269,-5.6575208162700354
2.399999999999993,8.267999999999965,0.8947690451952643,21.122928356824154,0.006211180971173218,-5.681707521980312
2.4099999999999926,8.302449999999965,0.8988209961561227,21.12735815508173,0.006250197936918715,-5.705897609302735
2.4199999999999924,8.336899999999964,0.9028754075458747,21.131785947782554,0.0062893535027419125,-5.73009106917333
2.429999999999992,8.371349999999964,0.906932276529766,21.136211734911345,0.006328647892005438,-5.754287892544881
2.439999999999992,8.405799999999964,0.9109916002713874,21.140635516446086,0.00636808132642741,-5.77848807038801
2.4499999999999917,8.440249999999963,0.9150533759324804,21.145057292358167,0.0064076540260819236,-5.802691593691285
2.4599999999999915,8.474699999999963,0.9191176006729633,21.149477062612227,0.006447366209389571,-5.8268984534590595
2.4699999999999913,8.509149999999963,0.9231842716510995,21.15389482716644,0.00648721809312888,-5.8511086407136075
2.479999999999991,8.543599999999962,0.9272533860232044,21.158310585972494,0.0065272098925028,-5.8753221464933745
2.489999999999991,8.578049999999962,0.9313249409438835,21.162724338975707,0.006567341821037445,-5.899538961852919
2.4999999999999907,8.612499999999962,0.9353989335658609,21.167136086115097,0.006607614090645233,-5.923759077864291
2.5099999999999905,8.646949999999961,0.9394753610400833,21.17154582732343,0.006648026911661682,-5.947982485614132
2.5199999999999902,8.681399999999961,0.9435542205156356,21.175953562527255,0.0066885804927994345,-5.972209176205298
2.52999999999999,8.71584999999996,0.9476355091398037,21.1803592916472,0.006729275041138938,-5.996439140757416
2.53999999999999,8.75029999999996,0.9517192240579824,21.184763014597763,0.006770110762241834,-6.020672370404505
2.5499999999999896,8.78474999999996,0.9558053624137572,21.189164731287544,0.006811087860030737,-6.044908856296346
2.5599999999999894,8.81919999999996,0.9598939213488007,21.19356444161925,0.006852206536857277,-6.069148589597412
2.569999999999989,8.85364999999996,0.9639848980029738,21.19796214548984,0.006893466993508887,-6.09339156148762
2.579999999999989,8.888099999999959,0.9680782895142295,21.202357842790526,0.006934869429218992,-6.117637763161504
2.5899999999999888,8.922549999999958,0.9721740930186884,21.206751533406923,0.006976414041598594,-6.141887185828546
2.5999999999999885,8.956999999999958,0.976272305650507,21.21114321721897,0.007018101026765802,-6.166139820711747
2.6099999999999883,8.991449999999958,0.9803729245420081,21.215532894101273,0.007059930579263541,-6.190395659049235
2.619999999999988,9.025899999999957,0.9844759468236073,21.21992056392281,0.007101902892104929,-6.214654692093104
2.629999999999988,9.060349999999957,0.9885813696238256,21.22430622654724,0.007144018156689614,-6.23891691110863
2.6399999999999877,9.094799999999957,0.9926891900692384,21.228689881833063,0.007186276563001866,-6.2631823073759865
2.6499999999999875,9.129249999999956,0.996799405284513,21.233071529633357,0.0072286782993997165,-6.287450872187704
2.6599999999999873,9.163699999999956,1.0009120123924824,21.237451169796213,0.007271223552772725,-6.311722596851341
2.669999999999987,9.198149999999956,1.005027008513888,21.241828802164413,0.007313912508430688,-6.335997472685714
2.679999999999987,9.232599999999955,1.0091443907676894,21.246204426575922,0.007356745350221471,-6.360275491024425
2.6899999999999866,9.267049999999955,1.0132641562707931,21.25057804286358,0.00739972226048945,-6.384556643213033
2.6999999999999864,9.301499999999955,1.017386302138264,21.25494965085546,0.007442843420026753,-6.408840920610279
2.709999999999986,9.335949999999954,1.021510825483117,21.259319250374684,0.007486109008173864,-6.433128314587729
2.719999999999986,9.370399999999954,1.0256377234164913,21.26368684123971,0.0075295192027432425,-6.457418816529393
2.7299999999999858,9.404849999999954,1.0297669930475204,21.268052423264187,0.007573074180091773,-6.481712417830963
2.7399999999999856,9.439299999999953,1.0338986314833996,21.27241599625717,0.0076167741150364775,-6.506009109900791
2.7499999999999853,9.473749999999953,1.038032635829322,21.27677756002319,0.007660619180977769,-6.530308884159972
2.759999999999985,9.508199999999952,1.042169003188537,21.281137114362114,0.007704609549821061,-6.554611732040088
2.769999999999985,9.542649999999952,1.0463077306622977,21.28549465906949,0.00774874539196649,-6.578917644985495
2.7799999999999847,9.577099999999952,1.0504488153498857,21.289850193936445,0.007793026876415969,-6.603226614452123
2.7899999999999845,9.611549999999951,1.0545922543485207,21.29420371874967,0.007837454170602613,-6.627538631906494
2.7999999999999843,9.645999999999951,1.0587380447535462,21.298555233291797,0.007882027440637065,-6.6518536888279955
2.809999999999984,9.68044999999995,1.0628861836582195,21.302904737341013,0.00792674685109996,-6.676171776705697
2.819999999999984,9.71489999999995,1.06703666815384,21.307252230671494,0.007971612565103897,-6.700492887040408
2.8299999999999836,9.74934999999995,1.0711894953296317,21.311597713053253,0.008016624744365871,-6.724817011343844
2.8399999999999834,9.78379999999995,1.0753446622728877,21.31594118425235,0.008061783549171907,-6.749144141138808
2.849999999999983,9.81824999999995,1.0795021660688207,21.320282644030804,0.008107089138319479,-6.773474267958069
2.859999999999983,9.852699999999949,1.0836620038006786,21.324622092146694,0.008152541669208788,-6.797807383345538
2.869999999999983,9.887149999999949,1.0878241725496212,21.328959528354325,0.008198141297840389,-6.822143478855335
2.8799999999999826,9.921599999999948,1.0919886693948042,21.333294952404145,0.008243888178721532,-6.846482546051802
2.8899999999999824,9.956049999999948,1.096155491413399,21.337628364042907,0.008289782465035995,-6.870824576510008
2.899999999999982,9.990499999999948,1.1003246356803957,21.3419597630135,0.008335824308443936,-6.895169561813143
2.909999999999982,10.024949999999947,1.1044960992689412,21.34628914905548,0.008382013859285605,-6.9195174935573585
2.9199999999999817,10.059399999999947,1.1086698792499319,21.350616521904584,0.008428351266466658,-6.943868363346247
2.9299999999999815,10.093849999999946,1.1128459726923896,21.3549418812931,0.00847483667744383,-6.96822216279331
2.9399999999999813,10.128299999999946,1.1170243766631505,21.35926522694993,0.008521470238382362,-6.9925788835232705
2.949999999999981,10.162749999999946,1.1212050882270634,21.36358655860036,0.008568252093922644,-7.016938517167844
2.959999999999981,10.197199999999945,1.125388104446895,21.367905875966645,0.008615182387455244,-7.041301055370615
2.9699999999999807,10.231649999999945,1.1295734223833185,21.372223178767378,0.008662261260832554,-7.065666489781988
2.9799999999999804,10.266099999999945,1.1337610390949855,21.376538466718117,0.008709488854651143,-7.090034812062994
2.9899999999999802,10.300549999999944,1.1379509516384656,21.380851739531163,0.008756865308040901,-7.114406013883226
2.99999999999998,10.334999999999944,1.1421431570682037,21.385162996915806,0.008804390758818162,-7.138780086921808
3.00999999999998,10.369449999999944,1.1463376524366522,21.389472238577994,0.00885206534338864,-7.163157022865398
3.0199999999999796,10.403899999999943,1.150534434794035,21.393779464220835,0.008899889196815676,-7.187536813409882
3.0299999999999794,10.438349999999943,1.1547335011886648,21.39808467354431,0.00894786245272532,-7.211919450259741
3.039999999999979,10.472799999999943,1.1589348486666171,21.402387866245654,0.00899598524352807,-7.236304925128231
3.049999999999979,10.507249999999942,1.1631384742719597,21.406689042019014,0.009044257700081333,-7.260693229736353
3.0599999999999787,10.541699999999942,1.1673443750466381,21.41098820055588,0.00909267995208366,-7.285084355814118
3.0699999999999785,10.576149999999942,1.1715525480305078,21.41528534154479,0.009141252127716396,-7.309478295098637
3.0799999999999783,10.610599999999941,1.1757629902612694,21.419580464671746,0.009189974353913118,-7.333875039336304
3.089999999999978,10.64504999999994,1.1799756987745573,21.423873569619843,0.009238846756236756,-7.358274580280444
3.099999999999978,10.67949999999994,1.184190670603917,21.42816465606974,0.009287869458877543,-7.382676909692416
3.1099999999999777,10.71394999999994,1.1884079027807413,21.43245372369945,0.009337042584726486,-7.407082019342144
3.1199999999999775,10.74839999999994,1.1926273923342792,21.436740772184336,0.009386366255311956,-7.431489901005974
3.1299999999999772,10.78284999999994,1.1968491362918043,21.441025801197505,0.009435840590840997,-7.455900546468948
3.139999999999977,10.817299999999939,1.2010731316782481,21.4453088104094,0.00948546571017213,-7.480313947522965
3.149999999999977,10.851749999999939,1.2052993755165717,21.449589799488216,0.009535241730865144,-7.5047300959670515
3.1599999999999766,10.886199999999938,1.2095278648276002,21.453868768099788,0.009585168769129685,-7.529148983608467
3.1699999999999764,10.920649999999938,1.2137585966299917,21.458145715907634,0.009635246939855135,-7.55357060226109
3.179999999999976,10.955099999999938,1.2179915679402324,21.462420642572994,0.009685476356615357,-7.577994943745597
3.189999999999976,10.989549999999937,1.2222267757727332,21.466693547755003,0.009735857131672682,-7.60242199989015
3.1999999999999758,11.023999999999937,1.226464217139763,21.470964431110524,0.009786389375969148,-7.6268517625300465
3.2099999999999755,11.058449999999937,1.2307038890513893,21.475233292294455,0.009837073199159151,-7.651284223506849
3.2199999999999753,11.092899999999936,1.2349457885156154,21.47950013095949,0.009887908709532984,-7.67571937466939
3.229999999999975,11.127349999999936,1.2391899125382286,21.483764946756423,0.00993889601410907,-7.7001572078728815
3.239999999999975,11.161799999999936,1.2434362581229186,21.48802773933405,0.009990035218599183,-7.724597714979634
3.2499999999999747,11.196249999999935,1.2476848222711943,21.492288508339165,0.010041326427424686,-7.74904088785791
3.2599999999999745,11.230699999999935,1.2519356019824075,21.496547253416857,0.010092769743657807,-7.773486718382799
3.2699999999999743,11.265149999999934,1.256188594253776,21.500803974210207,0.010144365269128923,-7.797935198435394
3.279999999999974,11.299599999999934,1.2604437960803083,21.505058670360583,0.010196113104373518,-7.822386319903468
3.289999999999974,11.334049999999934,1.2647012044549193,21.509311341507647,0.010248013348594258,-7.846840074681063
3.2999999999999736,11.368499999999933,1.2689608163682924,21.513561987289314,0.010300066099726822,-7.871296454667859
3.3099999999999734,11.402949999999933,1.2732226288089905,21.51781060734186,0.010352271454404992,-7.895755451770311
3.319999999999973,11.437399999999933,1.2774866387633803,21.522057201299955,0.010404629507968981,-7.920217057900377
3.329999999999973,11.471849999999932,1.281752843215696,21.52630176879663,0.010457140354503085,-7.944681264975805
3.3399999999999728,11.506299999999932,1.2860212391479258,21.53054430946356,0.010509804086806983,-7.969148064920984
3.3499999999999726,11.540749999999932,1.2902918235399665,21.53478482293076,0.010562620796380403,-7.9936174496652415
3.3599999999999723,11.575199999999931,1.2945645933694772,21.53902330882694,0.010615590573461611,-8.018089411144363
3.369999999999972,11.609649999999931,1.298839545611969,21.543259766779286,0.01066871350694963,-8.04256394129884
3.379999999999972,11.64409999999993,1.3031166772407672,21.547494196413776,0.010721989684584696,-8.067041032075833
3.3899999999999717,11.67854999999993,1.3073959852269692,21.55172659735497,0.010775419192703738,-8.09152067542708
3.3999999999999715,11.71299999999993,1.3116774665395523,21.555956969226212,0.010829002116481759,-8.11600286331085
3.4099999999999713,11.74744999999993,1.3159611181452378,21.560185311649526,0.01088273853974533,-8.140487587689256
3.419999999999971,11.78189999999993,1.3202469370086392,21.564411624245903,0.010936628545086508,-8.164974840531139
3.429999999999971,11.816349999999929,1.324534920092115,21.56863590663507,0.0109906722138201,-8.189464613810221
3.4399999999999706,11.850799999999929,1.3288250643558328,21.57285815843572,0.011044869626031226,-8.213956899505096
3.4499999999999704,11.885249999999928,1.3331173667577911,21.57707837926542,0.011099220860455224,-8.238451689599767
3.45999999999997,11.919699999999928,1.3374118242538116,21.581296568740754,0.011153725994658484,-8.262948976083292
3.46999999999997,11.954149999999927,1.3417084337974852,21.58551272647736,0.011208385104873743,-8.287448750950213
3.47999999999997,11.988599999999927,1.3460071923401415,21.58972685208982,0.01126319826611447,-8.311951006198484
3.4899999999999696,12.023049999999927,1.3503080968310237,21.593938945191937,0.011318165552096304,-8.336455733833175
3.4999999999999694,12.057499999999926,1.3546111442170772,21.59814900539657,0.01137328703532854,-8.360962925862228
3.509999999999969,12.091949999999926,1.3589163314431398,21.602357032315815,0.011428562787004954,-8.385472574299698
3.519999999999969,12.126399999999926,1.3632236554517563,21.60656302556096,0.011483992877105187,-8.409984671164096
3.5299999999999687,12.160849999999925,1.3675331131832846,21.610766984742487,0.011539577374346811,-8.434499208478064
3.5399999999999685,12.195299999999925,1.371844701575901,21.614968909470285,0.011595316346153467,-8.45901617826944
3.5499999999999683,12.229749999999925,1.3761584175655217,21.619168799353574,0.01165120985874132,-8.48353557257061
3.559999999999968,12.264199999999924,1.3804742580858933,21.62336665400078,0.011707257977043127,-8.508057383418262
3.569999999999968,12.298649999999924,1.384792220068572,21.627562473019964,0.011763460764736024,-8.532581602853845
3.5799999999999677,12.333099999999924,1.3891123004428385,21.631756256018498,0.011819818284277073,-8.557108222923306
3.5899999999999674,12.367549999999923,1.3934344961357517,21.63594800260325,0.011876330596841959,-8.581637235676274
3.5999999999999672,12.401999999999923,1.3977588040722466,21.640137712380664,0.011932997762362297,-8.606168633167602
3.609999999999967,12.436449999999923,1.402085221174911,21.644325384956705,0.011989819839513147,-8.630702407455907
3.619999999999967,12.470899999999922,1.406413744364259,21.648511019937025,0.012046796885733088,-8.65523855060467
3.6299999999999666,12.505349999999922,1.4107443705584555,21.65269461692679,0.012103928957186136,-8.679777054680631
3.6399999999999664,12.539799999999921,1.4150770966734545,21.656876175530908,0.012161216108803403,-8.704317911755279
3.649999999999966,12.574249999999921,1.4194119196231123,21.661055695354015,0.012218658394262236,-8.728861113904351
3.659999999999966,12.60869999999992,1.4237488363189323,21.665233176000484,0.012276255866000932,-8.753406653207652
3.6699999999999657,12.64314999999992,1.4280878436702547,21.669408617074428,0.012334008575181713,-8.777954521748386
3.6799999999999655,12.67759999999992,1.4324289385841529,21.673582018179854,0.012391916571694798,-8.802504711614546
3.6899999999999653,12.71204999999992,1.436772117965531,21.677753378920645,0.012449979904273541,-8.827057214897705
3.699999999999965,12.74649999999992,1.4411173787170046,21.68192269890045,0.012508198620315138,-8.851612023693097
3.709999999999965,12.780949999999919,1.4454647177390665,21.686089977723064,0.01256657276598718,-8.876169130101028
3.7199999999999647,12.815399999999919,1.4498141319298272,21.690255214991975,0.012625102386236669,-8.900728526223562
3.7299999999999645,12.849849999999918,1.4541656181853129,21.69441841031097,0.012683787524698228,-8.925290204168988
3.7399999999999642,12.884299999999918,1.4585191733992169,21.6985795632836,0.012742628223784695,-8.949854156047058
3.749999999999964,12.918749999999918,1.4628747944630671,21.702738673513725,0.012801624524705346,-8.974420373972976
3.759999999999964,12.953199999999917,1.4672324782661743,21.706895740605184,0.012860776467339095,-8.998988850064855
3.7699999999999636,12.987649999999917,1.4715922216955653,21.711050764162003,0.012920084090321707,-9.023559576444981
3.7799999999999634,13.022099999999917,1.4759540216360147,21.715203743788372,0.012979547431111429,-9.048132545238323
3.789999999999963,13.056549999999916,1.4803178749701686,21.719354679088738,0.013039166525813784,-9.07270774857447
3.799999999999963,13.090999999999916,1.4846837785784042,21.723503569667734,0.013098941409318353,-9.097285178586178
3.8099999999999627,13.125449999999915,1.4890517293387926,21.727650415130356,0.01315887211526981,-9.121864827409338
3.8199999999999625,13.159899999999915,1.4934217241272618,21.731795215081885,0.013218958676049629,-9.146446687184207
3.8299999999999623,13.194349999999915,1.4977937598174718,21.73593796912791,0.013279201122750304,-9.17103075005388
3.839999999999962,13.228799999999914,1.5021678332808859,21.740078676874536,0.013339599485267868,-9.195617008165025
3.849999999999962,13.263249999999914,1.506543941386715,21.74421733792811,0.013400153792125198,-9.220205453667718
3.8599999999999617,13.297699999999914,1.51092208100189,21.748353951895602,0.01346086407072693,-9.244796078715561
3.8699999999999615,13.332149999999913,1.5153022489912131,21.752488518384432,0.013521730347088146,-9.269388875465713
3.8799999999999613,13.366599999999913,1.5196844422171465,21.756621037002468,0.013582752646013484,-9.293983836077928
3.889999999999961,13.401049999999913,1.5240686575400448,21.76075150735821,0.013643930991063901,-9.318580952715976
3.899999999999961,13.435499999999912,1.528454891817908,21.76487992906078,0.013705265404481958,-9.343180217546609
3.9099999999999606,13.469949999999912,1.5328431419066257,21.76900630171982,0.01376675590724513,-9.36778162274011
3.9199999999999604,13.504399999999912,1.5372334046597642,21.77313062494571,0.013828402519111152,-9.392385160469617
3.92999999999996,13.538849999999911,1.5416256769287233,21.777252898349538,0.01389020525846821,-9.416990822911764
3.93999999999996,13.57329999999991,1.54601995556266,21.78137312154309,0.013952164142524962,-9.441598602246538
3.9499999999999598,13.60774999999991,1.5504162374084671,21.785491294138815,0.014014279187162398,-9.466208490656335
3.9599999999999596,13.64219999999991,1.5548145193108724,21.78960741575015,0.014076550406989408,-9.49082048032764
3.9699999999999593,13.67664999999991,1.559214798112359,21.793721485991192,0.014138977815341262,-9.515434563449556
3.979999999999959,13.71109999999991,1.563617070653175,21.79783350447692,0.014201561424236947,-9.540050732214231
3.989999999999959,13.74554999999991,1.5680213337713513,21.801943470823268,0.014264301244452082,-9.564668978817052
3.9999999999999587,13.779999999999909,1.572427584302699,21.806051384647063,0.014327197285431937,-9.589289295456847
4.009999999999959,13.814449999999908,1.5768358190808551,21.810157245566018,0.014390249555364085,-9.613911674334783
4.019999999999959,13.848899999999908,1.5812460349371515,21.814261053198976,0.014453458061145423,-9.638536107655977
4.0299999999999585,13.883349999999908,1.5856582287007597,21.818362807165627,0.014516822808325551,-9.6631625876273
4.039999999999958,13.917799999999907,1.59007239719862,21.822462507086804,0.014580343801177145,-9.687791106459427
4.049999999999958,13.952249999999907,1.5944885372554831,21.82656015258442,0.014644021042700742,-9.71242165636642
4.059999999999958,13.986699999999907,1.5989066456938708,21.830655743281493,0.014707854534572955,-9.737054229564718
4.069999999999958,14.021149999999906,1.6033267193340675,21.834749278802093,0.014771844277168992,-9.761688818273116
4.079999999999957,14.055599999999906,1.6077487549941998,21.838840758771646,0.014835990269479278,-9.786325414715074
4.089999999999957,14.090049999999906,1.6121727494901636,21.842930182816588,0.014900292509315814,-9.810964011115193
4.099999999999957,14.124499999999905,1.616598699635624,21.847017550564683,0.014964750993070921,-9.835604599701846
4.109999999999957,14.158949999999905,1.621026602242112,21.851102861645014,0.015029365715819107,-9.860247172706323
4.119999999999957,14.193399999999905,1.6254564541188934,21.855186115687914,0.015094136671353961,-9.88489172236305
4.129999999999956,14.227849999999904,1.629888252073058,21.85926731232493,0.015159063852124675,-9.909538240908569
4.139999999999956,14.262299999999904,1.6343219929095325,21.863346451189212,0.015224147249212373,-9.934186720583043
4.149999999999956,14.296749999999903,1.6387576734310056,21.867423531915016,0.015289386852440006,-9.958837153628716
4.159999999999956,14.331199999999903,1.643195290437966,21.87149855413824,0.015354782650219152,-9.983489532290976
4.1699999999999555,14.365649999999903,1.647634840728797,21.87557151749608,0.01542033462964476,-10.008143848818392
4.179999999999955,14.400099999999902,1.6520763210995897,21.87964242162737,0.015486042776448208,-10.032800095462537
4.189999999999955,14.434549999999902,1.6565197283443467,21.88371126617227,0.015551907075047479,-10.05745826447687
4.199999999999955,14.468999999999902,1.6609650592548297,21.887778050772646,0.015617927508515853,-10.082118348118325
4.209999999999955,14.503449999999901,1.6654123106206615,21.891842775071765,0.015684104058472446,-10.106780338646391
4.2199999999999545,14.537899999999901,1.6698614792292434,21.895905438714667,0.015750436705279775,-10.131444228323517
4.229999999999954,14.5723499999999,1.6743125618658905,21.899966041347852,0.015816925427825524,-10.156110009414588
4.239999999999954,14.6067999999999,1.6787655553136769,21.904024582619634,0.015883570203766177,-10.180777674188416
4.249999999999954,14.6412499999999,1.6832204563535713,21.908081062179846,0.01595037100925778,-10.20544721491462
4.259999999999954,14.6756999999999,1.687677261764349,21.91213547968021,0.016017327819119208,-10.230118623867424
4.269999999999953,14.7101499999999,1.692135968322598,21.916187834774053,0.016084440606792504,-10.254791893322386
4.279999999999953,14.744599999999899,1.696596572802869,21.920238127116523,0.01615170934431041,-10.279467015559057
4.289999999999953,14.779049999999899,1.7010590719774552,21.924286356364583,0.016219134002343767,-10.304143982858747
4.299999999999953,14.813499999999898,1.7055234626165505,21.928332522176994,0.016286714550099075,-10.328822787505967
4.3099999999999525,14.847949999999898,1.709989741488252,21.932376624214406,0.016354450955415784,-10.353503421788153
4.319999999999952,14.882399999999897,1.7144579053584499,21.93641866213939,0.01642234318475326,-10.37818587799526
4.329999999999952,14.916849999999897,1.7189279509909583,21.940458635616324,0.016490391203093355,-10.40287014841959
4.339999999999952,14.951299999999897,1.72339987514745,21.944496544311612,0.01655859497400764,-10.427556225356712
4.349999999999952,14.985749999999896,1.7278736745874903,21.948532387893586,0.016626954459683103,-10.452244101104625
4.3599999999999515,15.020199999999896,1.7323493460685533,21.952566166032568,0.016695469620828365,-10.476933767964292
4.369999999999951,15.054649999999896,1.7368268863459222,21.956597878401,0.016764140416754093,-10.501625218239102
4.379999999999951,15.089099999999895,1.741306292172905,21.960627524673313,0.01683296680525359,-10.526318444235697
4.389999999999951,15.123549999999895,1.745787560300615,21.964655104525946,0.016901948742780892,-10.551013438262677
4.399999999999951,15.157999999999895,1.750270687478126,21.968680617637546,0.016971086184219157,-10.575710192631586
4.40999999999995,15.192449999999894,1.75475567045239,21.97270406368885,0.0170403790830713,-10.600408699657272
4.41999999999995,15.226899999999894,1.759242505968352,21.976725442362856,0.01710982739133013,-10.625108951656827
4.42999999999995,15.261349999999894,1.7637311907687847,21.980744753344595,0.017179431059507276,-10.649810940949566
4.43999999999995,15.295799999999893,1.7682217215944784,21.984761996321332,0.017249190036681267,-10.674514659858346
4.4499999999999496,15.330249999999893,1.772714095184174,21.988777170982754,0.01731910427042027,-10.69922010070851
4.459999999999949,15.364699999999893,1.7772083082744805,21.99279027702061,0.01738917370677695,-10.723927255827832
4.469999999999949,15.399149999999892,1.7817043576000333,21.996801314129044,0.017459398290295636,-10.748636117546722
4.479999999999949,15.433599999999892,1.786202239893428,22.000810282004547,0.017529777964059218,-10.773346678199275
4.489999999999949,15.468049999999891,1.7907019518852108,22.00481718034584,0.01760031266961248,-10.798058930120826
4.4999999999999485,15.502499999999891,1.7952034903039293,22.008822008854217,0.017671002347004673,-10.822772865651094
4.509999999999948,15.53694999999989,1.799706851876116,22.01282476723313,0.01774184693470512,-10.847488477130716
4.519999999999948,15.57139999999989,1.8042120333262572,22.016825455188634,0.0178128463696478,-10.872205756904286
4.529999999999948,15.60584999999989,1.8087190313769224,22.020824072429164,0.017884000587329953,-10.896924697318594
4.539999999999948,15.64029999999989,1.8132278427486253,22.0248206186657,0.01795530952154229,-10.921645290723546
4.549999999999947,15.67474999999989,1.8177384641599543,22.02881509361159,0.018026773104707534,-10.946367529471361
4.559999999999947,15.709199999999889,1.8222508923275018,22.032807496982876,0.018098391267462842,-10.971091405917448
4.569999999999947,15.743649999999889,1.8267651239659264,22.03679782849802,0.01817016393905816,-10.995816912419569
4.579999999999947,15.778099999999888,1.831281155787904,22.04078608787809,0.01824209104708522,-11.020544041337983
4.589999999999947,15.812549999999888,1.8357989845042375,22.04477227484684,0.018314172517574813,-11.04527278503638
4.599999999999946,15.846999999999888,1.8403186068237127,22.048756389130475,0.018386408274904426,-11.070003135880514
4.609999999999946,15.881449999999887,1.8448400194532573,22.052738430458103,0.018458798241931744,-11.094735086239577
4.619999999999946,15.915899999999887,1.8493632190979046,22.056718398561266,0.018531342339875852,-11.119468628484901
4.629999999999946,15.950349999999887,1.8538882024607763,22.060696293174395,0.01860404048830528,-11.144203754991015
4.6399999999999455,15.984799999999886,1.8584149662430673,22.064672114034416,0.018676892605211225,-11.168940458134271
4.649999999999945,16.019249999999886,1.8629435071442026,22.06864586088127,0.018749898606920376,-11.193678730295487
4.659999999999945,16.053699999999886,1.867473821861668,22.072617533457453,0.01882305840811626,-11.21841856385648
4.669999999999945,16.088149999999885,1.8720059070911181,22.07658713150838,0.018896371921822565,-11.243159951202701
4.679999999999945,16.122599999999885,1.8765397595264155,22.08055465478232,0.018969839059449954,-11.267902884722949
4.689999999999944,16.157049999999884,1.8810753758595429,22.08452010303016,0.019043459730741265,-11.292647356807263
4.699999999999944,16.191499999999884,1.8856127527807363,22.088483476005855,0.0191172338436663,-11.317393359849689
4.709999999999944,16.225949999999884,1.8901518869783736,22.092444773466212,0.019191161304608045,-11.342140886246623
4.719999999999944,16.260399999999883,1.894692775139124,22.096403995170903,0.019265242018239318,-11.366889928397402
4.729999999999944,16.294849999999883,1.8992354139478558,22.100361140882523,0.01933947588751596,-11.391640478703755
4.739999999999943,16.329299999999883,1.903779800087688,22.104316210366697,0.019413862813677928,-11.416392529570802
4.749999999999943,16.363749999999882,1.9083259302400297,22.1082692033919,0.019488402696251392,-11.441146073406067
4.759999999999943,16.398199999999882,1.9128738010845678,22.112220119729738,0.019563095433006963,-11.465901102620228
4.769999999999943,16.43264999999988,1.9174234092992841,22.116168959154756,0.019637940920022082,-11.490657609626467
4.7799999999999425,16.46709999999988,1.9219747515604546,22.120115721444588,0.01971293905160231,-11.515415586841007
4.789999999999942,16.50154999999988,1.9265278245427362,22.12406040637982,0.019788089720326838,-11.540175026682634
4.799999999999942,16.53599999999988,1.931082624919084,22.128003013744248,0.019863392816942247,-11.564935921573026
4.809999999999942,16.57044999999988,1.9356391493608498,22.131943543324674,0.019938848230467904,-11.589698263936667
4.819999999999942,16.60489999999988,1.9401973945378228,22.135881994911138,0.02001445584814768,-11.614462046201808
4.8299999999999415,16.63934999999988,1.9447573571180985,22.13981836829668,0.02009021555538259,-11.639227260798014
4.839999999999941,16.67379999999988,1.9493190337682573,22.143752663277603,0.020166127235791507,-11.663993900158555
4.849999999999941,16.70824999999988,1.953882421153339,22.147684879653397,0.02024219077122104,-11.6887619567202
4.859999999999941,16.74269999999988,1.9584475159368304,22.15161501722669,0.02031840604159584,-11.713531422921198
4.869999999999941,16.777149999999878,1.9630143147807069,22.155543075803408,0.020394772925132334,-11.73830229120395
4.87999999999994,16.811599999999878,1.967582814345407,22.159469055192584,0.020471291298092727,-11.763074554012388
4.88999999999994,16.846049999999877,1.9721530112899992,22.16339295520669,0.020547961034918363,-11.787848203794814
4.89999999999994,16.880499999999877,1.9767249022720323,22.167314775661325,0.020624782008239945,-11.812623233001649
4.90999999999994,16.914949999999877,1.9812984839476568,22.171234516375513,0.02070175408873723,-11.83739963408641
4.9199999999999395,16.949399999999876,1.9858737529716042,22.175152177171505,0.02077887714522104,-11.862177399505281
4.929999999999939,16.983849999999876,1.9904507059972683,22.179067757874922,0.020856151044659772,-11.886956521717922
4.939999999999939,17.018299999999876,1.9950293396766678,22.182981258314697,0.02093357565206231,-11.911736993186441
4.949999999999939,17.052749999999875,1.9996096506604957,22.18689267832326,0.021011150830537246,-11.93651880637635
4.959999999999939,17.087199999999875,2.004191635598159,22.19080201773619,0.02108887644126368,-11.961301953755276
4.9699999999999385,17.121649999999875,2.0087752911377703,22.19470927639275,0.02116675234347431,-11.986086427795051
4.979999999999938,17.156099999999874,2.013360613926214,22.19861445413539,0.021244778394503155,-12.010872220969457
4.989999999999938,17.190549999999874,2.017947600609198,22.20251755081015,0.021322954449685943,-12.035659325756109
4.999999999999938,17.224999999999874,2.0225362478311735,22.206418566266414,0.021401280362384853,-12.060447734634666
5.009999999999938,17.224999999999998,2.0247415332753063,22.206978364078587,0.021501501220389137,-12.06819072131449
5.019999999999937,17.190549999999998,2.023200785424284,22.203765381499647,0.021550390225555494,-12.054075329075944
5.029999999999937,17.1561,2.0197788604849154,22.200035159425305,0.02150718460724213,-12.033334750383304
5.039999999999937,17.12165,2.0156385139003614,22.19619480674617,0.02144016150565849,-12.01009564445531
5.049999999999937,17.0872,2.0112193052127427,22.192313267822996,0.021366755993008787,-11.985885552976873
5.0599999999999365,17.05275,2.0066921198133363,22.188413102827163,0.0212912431379712,-11.96129187551806
5.069999999999936,17.0183,2.0021222046661786,22.184504461904872,0.021214527391812316,-11.936545734986918
5.079999999999936,16.98385,1.9975361677962544,22.180591121710037,0.021137241750072255,-11.911739157547931
5.089999999999936,16.9494,1.9929446102181778,22.176674646462995,0.02105962655437448,-11.886908918185002
5.099999999999936,16.91495,1.98835183918189,22.172755659919787,0.02098191076940746,-11.862069992617565
5.1099999999999355,16.8805,1.9837595933488033,22.168834410079207,0.02090419043187635,-11.837228370681407
5.119999999999935,16.84605,1.979168575729455,22.164911002742492,0.02082654286775612,-11.812386522848584
5.129999999999935,16.811600000000002,1.97457907547232,22.1609854775994,0.020749000781053357,-11.78754543527427
5.139999999999935,16.777150000000002,1.96999121011358,22.157057852892777,0.0206715878193897,-11.762705523227321
5.149999999999935,16.742700000000003,1.9654050303203787,22.153128135065554,0.02059431406374803,-11.737866954700996
5.159999999999934,16.708250000000003,1.960820558128809,22.149196327434566,0.020517186393245145,-11.713029805160653
5.169999999999934,16.673800000000004,1.9562378047765359,22.145262431171588,0.02044020780033474,-11.68819410850711
5.179999999999934,16.639350000000004,1.9516567766858421,22.141326447029346,0.020363380283128767,-11.663359883729179
5.189999999999934,16.604900000000004,1.9470774785397358,22.13738837536257,0.02028670476365472,-11.638527142750155
5.199999999999934,16.570450000000005,1.942499914201817,22.133448216482314,0.020210181873735935,-11.6136958951188
5.209999999999933,16.536000000000005,1.9379240872561438,22.129505970625644,0.020133811952572543,-11.588866149166813
5.219999999999933,16.501550000000005,1.9333500011442823,22.125561638030536,0.020057595256717565,-11.564037912856087
5.229999999999933,16.467100000000006,1.928777659262172,22.121615218922862,0.019981531963371817,-11.539211193937152
5.239999999999933,16.432650000000006,1.924207064979417,22.117666713532756,0.019905622225658164,-11.514386000106049
5.2499999999999325,16.398200000000006,1.9196382216571326,22.113716122090253,0.0198298661744537,-11.489562339024323
5.259999999999932,16.363750000000007,1.9150711326503933,22.109763444829117,0.019754263932854156,-11.464740218347183
5.269999999999932,16.329300000000007,1.9105058013115592,22.105808681985607,0.019678815616688244,-11.4399196457265
5.279999999999932,16.294850000000007,1.9059422309905774,22.101851833799252,0.019603521338464828,-11.415100628815926
5.289999999999932,16.260400000000008,1.9013804250355364,22.097892900512562,0.019528381207451755,-11.39028317527072
5.299999999999931,16.225950000000008,1.8968203867926516,22.093931882371155,0.019453395330706728,-11.365467292748912
5.309999999999931,16.19150000000001,1.892262119606531,22.08996877962372,0.019378563813170418,-11.340652988911883
5.319999999999931,16.15705000000001,1.88770562681993,22.086003592522033,0.019303886757891575,-11.315840271423566
5.329999999999931,16.12260000000001,1.8831509117739815,22.08203632132081,0.019229364266011253,-11.291029147951015
5.339999999999931,16.08815000000001,1.8785979778079498,22.07806696627782,0.01915499643694341,-11.266219626164649
5.34999999999993,16.05370000000001,1.8740468282594225,22.074095527653782,0.019080783368260745,-11.241411713737183
5.35999999999993,16.01925000000001,1.8694974664642194,22.070122005712474,0.019006725155867817,-11.216605418345514
5.36999999999993,15.98480000000001,1.8649498957562867,22.066146400720434,0.018932821893886502,-11.191800747668225
5.37999999999993,15.950350000000011,1.8604041194678387,22.062168712947294,0.018859073674681766,-11.1669977093882
5.3899999999999295,15.915900000000011,1.8558601409292497,22.058188942665474,0.01878548058897779,-11.142196311190567
5.399999999999929,15.881450000000012,1.8513179634690444,22.054207090150214,0.018712042725717755,-11.117396560763664
5.409999999999929,15.847000000000012,1.846777590413896,22.050223155679657,0.018638760172172385,-11.092598465798497
5.419999999999929,15.812550000000012,1.84223902508864,22.04623713953478,0.01856563301394781,-11.067802033989947
5.429999999999929,15.778100000000013,1.837702270816206,22.04224904199934,0.018492661334903494,-11.043007273035052
5.4399999999999284,15.743650000000013,1.8331673309176486,22.038258863359765,0.018419845217299603,-11.01821419063396
5.449999999999928,15.709200000000013,1.8286342087121246,22.03426660390534,0.01834718474170508,-10.99342279449019
5.459999999999928,15.674750000000014,1.8241029075168695,22.030272263928047,0.018274679986955807,-10.968633092310291
5.469999999999928,15.640300000000014,1.8195734306471973,22.026275843722456,0.01820233103032262,-10.943845091802899
5.479999999999928,15.605850000000014,1.8150457814164622,22.022277343585934,0.018130137947422107,-10.919058800680697
5.489999999999927,15.571400000000015,1.8105199631361102,22.018276763818413,0.018058100812234665,-10.894274226658561
5.499999999999927,15.536950000000015,1.8059959791155689,22.014274104722503,0.017986219697050068,-10.869491377454937
5.509999999999927,15.502500000000015,1.8014738326623543,22.01026936660328,0.017914494672603108,-10.844710260790512
5.519999999999927,15.468050000000016,1.7969535270819792,22.006262549768458,0.01784292580800051,-10.81993088438944
5.5299999999999265,15.433600000000016,1.7924350656779569,22.00225365452837,0.01777151317075265,-10.795153255979054
5.539999999999926,15.399150000000017,1.7879184517517814,21.998242681195677,0.01770025682672572,-10.770377383288594
5.549999999999926,15.364700000000017,1.7834036886029634,21.994229630085698,0.01762915684026354,-10.745603274051465
5.559999999999926,15.330250000000017,1.7788907795290239,21.99021450151609,0.01755821327405797,-10.720830936003077
5.569999999999926,15.295800000000018,1.7743797278253837,21.986197295807038,0.017487426189243028,-10.696060376882775
5.5799999999999255,15.261350000000018,1.7698705367854177,21.982178013280976,0.017416795645434836,-10.671291604431103
5.589999999999925,15.226900000000018,1.7653632097005696,21.978156654262868,0.017346321700594965,-10.64652462639362
5.599999999999925,15.192450000000019,1.7608577498601081,21.974133219079967,0.017276004411197914,-10.621759450517146
5.609999999999925,15.158000000000019,1.756354160551293,21.97010770806185,0.017205843832161113,-10.59699608455238
5.619999999999925,15.12355000000002,1.75185244505929,21.96608012154043,0.017135840016817,-10.572234536252525
5.629999999999924,15.08910000000002,1.7473526066671674,21.962050459849745,0.017065993016996333,-10.547474813373604
5.639999999999924,15.05465000000002,1.7428546486560024,21.958018723326298,0.01699630288299076,-10.522716923675228
5.649999999999924,15.02020000000002,1.7383585743046743,21.95398491230864,0.01692676966356381,-10.497960874919146
5.659999999999924,14.98575000000002,1.7338643868899652,21.949949027137503,0.016857393405949432,-10.473206674870136
5.6699999999999235,14.951300000000021,1.7293720896866238,21.94591106815589,0.01678817415593553,-10.448454331296325
5.679999999999923,14.916850000000021,1.724881685967206,21.941871035708772,0.016719111957691095,-10.423703851968122
5.689999999999923,14.882400000000022,1.7203931790022013,21.937828930143354,0.016650206853973212,-10.398955244659364
5.699999999999923,14.847950000000022,1.7159065720599376,21.93378475180891,0.016581458886028674,-10.374208517147043
5.709999999999923,14.813500000000023,1.711421868406604,21.929738501056665,0.016512868093576542,-10.349463677209929
5.7199999999999225,14.779050000000023,1.7069390713063108,21.925690178239922,0.016444434514918588,-10.32472073263094
5.729999999999922,14.744600000000023,1.7024581840209536,21.92163978371395,0.016376158186816453,-10.299979691195123
5.739999999999922,14.710150000000024,1.697979209810272,21.917587317835974,0.0163080391446145,-10.275240560690794
5.749999999999922,14.675700000000024,1.693502151931915,21.913532780965134,0.016240077422156024,-10.25050334890879
5.759999999999922,14.641250000000024,1.6890270136413077,21.909476173462558,0.01617227305181115,-10.225768063643766
5.769999999999921,14.606800000000025,1.684553798191741,21.905417495691054,0.01610462606454111,-10.20103471269196
5.779999999999921,14.572350000000025,1.680082508834338,21.901356748015544,0.016037136489838955,-10.176303303854068
5.789999999999921,14.537900000000025,1.6756131488180066,21.897293930802416,0.015969804355740132,-10.15157384493219
5.799999999999921,14.503450000000026,1.6711457213894751,21.8932290444201,0.015902629688846655,-10.126846343731973
5.809999999999921,14.469000000000026,1.6666802297933492,21.889162089238734,0.015835612514334296,-10.102120808062674
5.81999999999992,14.434550000000026,1.6622166772720042,21.885093065630112,0.015768752855958225,-10.07739724573564
5.82999999999992,14.400100000000027,1.657755067065592,21.881021973967712,0.015702050736027665,-10.052675664565044
5.83999999999992,14.365650000000027,1.6532954024120818,21.876948814626793,0.015635506175394595,-10.027956072369012
5.84999999999992,14.331200000000027,1.6488376865472707,21.872873587984103,0.015569119193604392,-10.003238476967526
5.8599999999999195,14.296750000000028,1.6443819227047372,21.868796294418058,0.01550288980870875,-9.978522886184368
5.869999999999919,14.262300000000028,1.6399281141158106,21.864716934308575,0.015436818037349887,-9.953809307844987
5.879999999999919,14.227850000000029,1.635476264009623,21.860635508037262,0.015370903894832557,-9.929097749779723
5.889999999999919,14.193400000000029,1.631026375613162,21.856552015987077,0.01530514739497079,-9.904388219820488
5.899999999999919,14.15895000000003,1.6265784521510536,21.852466458542523,0.015239548550247175,-9.879680725802322
5.909999999999918,14.12450000000003,1.6221324968458266,21.84837883608958,0.01517410737179694,-9.85497527556388
5.919999999999918,14.09005000000003,1.6176885129177225,21.844289149015538,0.015108823869237802,-9.830271876946213
5.929999999999918,14.05560000000003,1.6132465035847678,21.84019739770917,0.015043698050937774,-9.805570537793551
5.939999999999918,14.02115000000003,1.6088064720627415,21.8361035825606,0.01497872992380431,-9.780871265953424
5.949999999999918,13.986700000000031,1.6043684215651814,21.832007703961224,0.014913919493435812,-9.75617406927621
5.959999999999917,13.952250000000031,1.5999323553034241,21.82790976230377,0.014849266763959246,-9.73147895561496
5.969999999999917,13.917800000000032,1.5954982764865473,21.82380975798211,0.014784771738303778,-9.706785932826149
5.979999999999917,13.883350000000032,1.5910661883213422,21.819707691391542,0.014720434417827511,-9.68209500876952
5.989999999999917,13.848900000000032,1.5866360940124262,21.815603562928374,0.014656254802709724,-9.65740619130739
5.9999999999999165,13.814450000000033,1.5822079967621026,21.811497372990196,0.014592232891667606,-9.632719488305582
6.009999999999916,13.780000000000033,1.5777818997704682,21.807389121975657,0.014528368682095158,-9.608034907632657
6.019999999999916,13.745550000000033,1.5733578062353877,21.803278810284574,0.014464662170046882,-9.583352457160915
6.029999999999916,13.711100000000034,1.568935719352371,21.799166438317712,0.014401113350204645,-9.558672144764879
6.039999999999916,13.676650000000034,1.5645156423147575,21.79505200647702,0.014337722215954371,-9.533993978322878
6.0499999999999154,13.642200000000035,1.5600975783136226,21.790935515165263,0.014274488759289187,-9.509317965716107
6.059999999999915,13.607750000000035,1.5556815305377385,21.7868169647864,0.014211412970867419,-9.484644114829228
6.069999999999915,13.573300000000035,1.551267502173667,21.782696355745145,0.01414849484006448,-9.459972433549806
6.079999999999915,13.538850000000036,1.5468554964056596,21.778573688447146,0.014085734354848736,-9.435302929768564
6.089999999999915,13.504400000000036,1.54244551641574,21.77444896329901,0.014023131501946692,-9.410635611380066
6.099999999999914,13.469950000000036,1.5380375653836538,21.77032218070809,0.013960686266695225,-9.385970486281366
6.109999999999914,13.435500000000037,1.5336316464868485,21.766193341082516,0.01389839863311061,-9.361307562372751
6.119999999999914,13.401050000000037,1.5292277629005522,21.762062444831336,0.013836268583926423,-9.33664684755898
6.129999999999914,13.366600000000037,1.5248259177976942,21.757929492364106,0.013774296100474745,-9.311988349746242
6.1399999999999135,13.332150000000038,1.520426114348923,21.753794484091287,0.013712481162834623,-9.287332076845543
6.149999999999913,13.297700000000038,1.5160283557226422,21.749657420423922,0.013650823749804001,-9.262678036770918
6.159999999999913,13.263250000000038,1.5116326450849982,21.745518301773732,0.013589323838777485,-9.238026237439813
6.169999999999913,13.228800000000039,1.5072389855997732,21.74137712855293,0.013527981405895196,-9.213376686772216
6.179999999999913,13.194350000000039,1.502847380428595,21.737233901174378,0.013466796425964744,-9.188729392692569
6.1899999999999125,13.15990000000004,1.4984578327307074,21.733088620051443,0.01340576887252443,-9.164084363128012
6.199999999999912,13.12545000000004,1.494070345663147,21.728941285598005,0.013344898717732267,-9.139441606009758
6.209999999999912,13.09100000000004,1.4896849223806985,21.724791898228435,0.013284185932507025,-9.114801129272417
6.219999999999912,13.05655000000004,1.4853015660357387,21.720640458357412,0.013223630486454216,-9.090162940853476
6.229999999999912,13.02210000000004,1.4809202797785455,21.71648696640017,0.013163232347869449,-9.065527048694909
6.239999999999911,12.987650000000041,1.4765410667569498,21.712331422772134,0.013102991483699452,-9.040893460741415
6.249999999999911,12.953200000000042,1.472163930116652,21.708173827889162,0.01304290785968297,-9.016262184941764
6.259999999999911,12.918750000000042,1.4677888730009543,21.704014182167427,0.012982981440205914,-8.991633229248544
6.269999999999911,12.884300000000042,1.46341589855092,21.69985248602317,0.012923212188350358,-8.967006601617136
6.2799999999999105,12.849850000000043,1.4590450099053804,21.695688739873,0.012863600065967033,-8.942382310007567
6.28999999999991,12.815400000000043,1.454676210200846,21.691522944133723,0.012804145033539336,-8.91776036238307
6.29999999999991,12.780950000000043,1.4503095025715542,21.687355099222216,0.012744847050284348,-8.89314076671106
6.30999999999991,12.746500000000044,1.445944890149434,21.683185205555443,0.012685706074143252,-8.868523530961584
6.31999999999991,12.712050000000044,1.4415823760641766,21.679013263550466,0.012626722061739601,-8.84390866310996
6.3299999999999095,12.677600000000044,1.4372219634431824,21.674839273624375,0.012567894968434905,-8.819296171134503
6.339999999999909,12.643150000000045,1.4328636554115837,21.670663236194358,0.012509224748290047,-8.794686063017963
6.349999999999909,12.608700000000045,1.428507455092231,21.666485151677364,0.012450711354045236,-8.770078346746123
6.359999999999909,12.574250000000045,1.424153365605682,21.662305020490454,0.012392354737221584,-8.74547303030991
6.369999999999909,12.539800000000046,1.419801390070204,21.658122843050464,0.012334154847978554,-8.720870121703243
6.379999999999908,12.505350000000046,1.4154515316018337,21.653938619774117,0.012276111635245075,-8.696269628924638
6.389999999999908,12.470900000000047,1.4111037933143018,21.649752351077915,0.012218225046651852,-8.671671559975996
6.399999999999908,12.436450000000047,1.4067581783190575,21.645564037378207,0.012160495028509521,-8.647075922864449
6.409999999999908,12.402000000000047,1.402414689725312,21.641373679090982,0.012102921525868279,-8.622482725600067
6.419999999999908,12.367550000000048,1.3980733306399535,21.63718127663202,0.012045504482464072,-8.597891976198467
6.429999999999907,12.333100000000048,1.3937341041676345,21.632986830416677,0.011988243840845693,-8.573303682677828
6.439999999999907,12.298650000000048,1.3893970134107163,21.62879034086,0.011931139542121683,-8.548717853062174
6.449999999999907,12.264200000000049,1.3850620614692466,21.624591808376564,0.0118741915262524,-8.524134495378531
6.459999999999907,12.229750000000049,1.3807292514411278,21.62039123338058,0.01181739973184414,-8.499553617659755
6.4699999999999065,12.19530000000005,1.3763985864218522,21.616188616285637,0.011760764096222537,-8.474975227941794
6.479999999999906,12.16085000000005,1.372070069504717,21.611983957504872,0.011704284555449793,-8.4503993342652
6.489999999999906,12.12640000000005,1.3677437037807474,21.607777257450937,0.011647961044256307,-8.425825944676454
6.499999999999906,12.09195000000005,1.3634194923386638,21.603568516535624,0.011591793496127484,-8.401255067224334
6.509999999999906,12.05750000000005,1.3590974382649863,21.59935773517035,0.011535781843259825,-8.376686709964305
6.519999999999905,12.023050000000051,1.354777544643904,21.595144913765644,0.011479926016562237,-8.352120880955189
6.529999999999905,11.988600000000051,1.3504598145573612,21.590930052731416,0.011424225945627474,-8.327557588260666
6.539999999999905,11.954150000000052,1.3461442510850614,21.58671315247676,0.01136868155877328,-8.302996839949733
6.549999999999905,11.919700000000052,1.3418308573044424,21.58249421340998,0.011313292783048195,-8.278438644095731
6.559999999999905,11.885250000000052,1.3375196362906592,21.57827323593854,0.011258059544189543,-8.253883008776985
6.569999999999904,11.850800000000053,1.3332105911166126,21.57405022046894,0.011202981766666158,-8.229329942076617
6.579999999999904,11.816350000000053,1.3289037248529738,21.569825167406904,0.011148059373613392,-8.204779452083184
6.589999999999904,11.781900000000054,1.3245990405681427,21.565598077157013,0.011093292286893677,-8.180231546889578
6.599999999999904,11.747450000000054,1.3202965413282453,21.561368950122947,0.011038680427138516,-8.155686234593924
6.6099999999999035,11.713000000000054,1.3159962301972066,21.557137786707322,0.0109842237135609,-8.131143523300404
6.619999999999903,11.678550000000055,1.3116981102366505,21.55290458731157,0.010929922064205991,-8.106603421117
6.629999999999903,11.644100000000055,1.307402184505987,21.548669352336084,0.010875775395733,-8.082065936157765
6.639999999999903,11.609650000000055,1.3031084560623347,21.544432082180073,0.010821783623524189,-8.057531076542036
6.649999999999903,11.575200000000056,1.2988169279605997,21.54019277724148,0.010767946661697928,-8.03299885039443
6.659999999999902,11.540750000000056,1.2945276032534536,21.535951437916953,0.01071426442303009,-8.00846926584472
6.669999999999902,11.506300000000056,1.29024048499133,21.531708064601965,0.010660736819043786,-7.983942331028709
6.679999999999902,11.471850000000057,1.2859555762223762,21.52746265769054,0.010607363759897117,-7.959418054087719
6.689999999999902,11.437400000000057,1.281672879992556,21.523215217575288,0.010554145154491698,-7.9348964431681175
6.699999999999902,11.402950000000057,1.277392399345536,21.518965744647453,0.010501080910417319,-7.910377506422391
6.709999999999901,11.368500000000058,1.273114137322827,21.514714239296758,0.010448170933918054,-7.885861252008848
6.719999999999901,11.334050000000058,1.2688380969636295,21.51046070191142,0.010395415129981843,-7.8613476880913975
6.729999999999901,11.299600000000058,1.2645642813049973,21.506205132878147,0.010342813402263604,-7.836836822840663
6.739999999999901,11.265150000000059,1.260292693381694,21.50194753258189,0.01029036565308598,-7.8123286644319085
6.7499999999999005,11.23070000000006,1.2560233362262696,21.497687901406138,0.01023807178349792,-7.787823221047757
6.7599999999999,11.19625000000006,1.2517562128690434,21.49342623973247,0.010185931693204987,-7.7633205008756105
6.7699999999999,11.16180000000006,1.2474913263382026,21.4891625479409,0.01013394528061157,-7.73882051211051
6.7799999999999,11.12735000000006,1.243228679659535,21.484896826409603,0.010082112442780488,-7.7143232629527
6.7899999999999,11.09290000000006,1.2389682758568037,21.4806290755148,0.010030433075470626,-7.689828761609129
6.7999999999998995,11.058450000000061,1.234710117951468,21.476359295631074,0.009978907073112052,-7.665337016293967
6.809999999999899,11.024000000000061,1.2304542089627346,21.472087487130835,0.009927534328815131,-7.640848035226023
6.819999999999899,10.989550000000062,1.226200551907691,21.467813650384677,0.009876314734355405,-7.616361826632603
6.829999999999899,10.955100000000062,1.2219491498012047,21.463537785761105,0.00982524818017625,-7.591878398746418
6.839999999999899,10.920650000000062,1.2177000056558829,21.459259893626594,0.009774334555409658,-7.56739775980773
6.849999999999898,10.886200000000063,1.2134531224821388,21.45497997434547,0.00972357374782689,-7.542919918062842
6.859999999999898,10.851750000000063,1.2092085032882938,21.450698028279987,0.009672965643892539,-7.518444881765996
6.869999999999898,10.817300000000063,1.204966151080321,21.44641405579007,0.009622510128655877,-7.493972659177516
6.879999999999898,10.782850000000064,1.2007260688621266,21.442128057233486,0.009572207085966037,-7.46950325856521
6.8899999999998975,10.748400000000064,1.1964882596353512,21.437840032965653,0.009522056398165436,-7.445036688204178
6.899999999999897,10.713950000000064,1.1922527263994938,21.43354998333966,0.009472057946370965,-7.420572956376316
6.909999999999897,10.679500000000065,1.1880194721518427,21.429257908706177,0.00942221161029172,-7.396112071371275
6.919999999999897,10.645050000000065,1.1837884998875163,21.424963809413473,0.009372517268344205,-7.371654041486477
6.929999999999897,10.610600000000066,1.1795598125994657,21.420667685807242,0.009322974797511558,-7.347198875025775
6.9399999999998965,10.576150000000066,1.1753334132784419,21.416369538230686,0.009273584073438744,-7.322746580301634
6.949999999999896,10.541700000000066,1.1711093049130623,21.412069367024454,0.009224344970484012,-7.2982971656340645
6.959999999999896,10.507250000000067,1.1668874904897473,21.40776717252644,0.009175257361525491,-7.273850639350739
6.969999999999896,10.472800000000067,1.1626679729927523,21.40346295507196,0.009126321118194749,-7.2494070097871015
6.979999999999896,10.438350000000067,1.1584507554042307,21.39915671499344,0.009077536110679579,-7.224966285286948
6.989999999999895,10.403900000000068,1.1542358407040447,21.39484845262066,0.009028902207801446,-7.200528474201943
6.999999999999895,10.369450000000068,1.1500232318700434,21.39053816828046,0.008980419277028404,-7.176093584892111
7.009999999999895,10.335000000000068,1.1458129318778811,21.38622586229686,0.00893208718446148,-7.151661625726111
7.019999999999895,10.300550000000069,1.1416049437010167,21.38191153499075,0.008883905794793687,-7.127232605079638
7.0299999999998946,10.266100000000069,1.1373992703108178,21.37759518668028,0.008835874971339079,-7.102806531339008
7.039999999999894,10.23165000000007,1.1331959146764818,21.373276817680278,0.008787994576017196,-7.07838341289713
7.049999999999894,10.19720000000007,1.128994879765109,21.368956428302674,0.008740264469427194,-7.053963258157429
7.059999999999894,10.16275000000007,1.1247961685416323,21.364634018856062,0.008692684510656613,-7.029546075530679
7.069999999999894,10.12830000000007,1.120599783968838,21.36030958964601,0.008645254557490102,-7.0051318734378105
7.0799999999998935,10.09385000000007,1.116405729007464,21.355983140974622,0.008597974466280259,-6.980720660308137
7.089999999999893,10.059400000000071,1.1122140066160437,21.35165467314083,0.008550844091974819,-6.9563124445802345
7.099999999999893,10.024950000000072,1.1080246197510302,21.347324186440026,0.008503863288104312,-6.931907234701822
7.109999999999893,9.990500000000072,1.1038375713667843,21.342991681164342,0.008457031906812278,-6.907505039130583
7.119999999999893,9.956050000000072,1.0996528644155292,21.33865715760233,0.008410349798808735,-6.883105866333266
7.129999999999892,9.921600000000073,1.0954705018473558,21.33432061603898,0.008363816813413406,-6.858709724786187
7.139999999999892,9.887150000000073,1.0912904866103146,21.32998205675571,0.008317432798473894,-6.834316622976056
7.149999999999892,9.852700000000073,1.087112821650375,21.32564148003032,0.008271197600463479,-6.8099265693989075
7.159999999999892,9.818250000000074,1.0829375099112768,21.32129888613679,0.008225111064409513,-6.785539572560469
7.169999999999892,9.783800000000074,1.078764554334849,21.316954275345445,0.008179173033875017,-6.7611556409777105
7.179999999999891,9.749350000000074,1.0745939578607098,21.31260764792266,0.008133383351048814,-6.736774783176555
7.189999999999891,9.714900000000075,1.0704257234265149,21.308259004131077,0.008087741856626965,-6.712397007694614
7.199999999999891,9.680450000000075,1.0662598539676766,21.30390834422925,0.00804224838989194,-6.688022323078815
7.209999999999891,9.646000000000075,1.0620963524177045,21.29955566847171,0.007996902788645174,-6.66365073788718
7.2199999999998905,9.611550000000076,1.0579352217079616,21.295200977109094,0.007951704889252491,-6.639282260688734
7.22999999999989,9.577100000000076,1.053776464767784,21.290844270387776,0.007906654526636482,-6.614916900063499
7.23999999999989,9.542650000000076,1.049620084524411,21.28648554855004,0.007861751534246175,-6.590554664602252
7.24999999999989,9.508200000000077,1.0454660839030872,21.282124811833764,0.007816995744077043,-6.566195562906698
7.25999999999989,9.473750000000077,1.041314465826959,21.277762060472682,0.007772386986600498,-6.541839603589935
7.269999999999889,9.439300000000078,1.0371652332171681,21.27339729469608,0.007727925090908845,-6.517486795277115
7.279999999999889,9.404850000000078,1.0330183889928173,21.2690305147289,0.007683609884528256,-6.493137146604722
7.289999999999889,9.370400000000078,1.0288739360709713,21.26466172079146,0.007639441193538648,-6.468790666220664
7.299999999999889,9.335950000000079,1.0247318773666712,21.260290913099624,0.007595418842578062,-6.444447362784632
7.309999999999889,9.301500000000079,1.0205922157929463,21.255918091864665,0.007551542654683015,-6.420107244969022
7.319999999999888,9.26705000000008,1.0164549542608012,21.251543257292983,0.007507812451487282,-6.39577032145758
7.329999999999888,9.23260000000008,1.0123200956792746,21.247166409586498,0.007464228053089361,-6.371436600947487
7.339999999999888,9.19815000000008,1.0081876429553465,21.242787548942168,0.007420789278107985,-6.347106092146908
7.349999999999888,9.16370000000008,1.0040575989940335,21.23840667555205,0.007377495943569891,-6.322778803777871
7.3599999999998875,9.12925000000008,0.999929966698359,21.23402378960338,0.007334347865115705,-6.298454744574818
7.369999999999887,9.094800000000081,0.9958047489693423,21.22963889127829,0.0072913448567555085,-6.274133923284839
7.379999999999887,9.060350000000081,0.9916819487060599,21.225251980753853,0.007248486731020028,-6.249816348668336
7.389999999999887,9.025900000000082,0.9875615688056099,21.220863058202035,0.00720577329892046,-6.225502029499234
7.399999999999887,8.991450000000082,0.9834436121631263,21.21647212378962,0.007163204369877503,-6.201190974564873
7.4099999999998865,8.957000000000082,0.9793280816717362,21.212079177678014,0.007120779751831666,-6.176883192665298
7.419999999999886,8.922550000000083,0.975214980222701,21.207684220023395,0.00707849925116747,-6.152578692615476
7.429999999999886,8.888100000000083,0.9711043107052215,21.203287250976395,0.007036362672679739,-6.128277483243109
7.439999999999886,8.853650000000084,0.9669960760066838,21.19888827068234,0.006994369819696994,-6.103979573391323
7.449999999999886,8.819200000000084,0.962890279012493,21.194487279280864,0.006952520493845238,-6.079684971916763
7.459999999999885,8.784750000000084,0.9587869226060768,21.190084276906,0.006910814495326511,-6.05539368769012
7.469999999999885,8.750300000000085,0.9546860096690293,21.185679263686165,0.006869251622651827,-6.031105729597785
7.479999999999885,8.715850000000085,0.9505875430809786,21.181272239743926,0.006827831672856728,-6.006821106539743
7.489999999999885,8.681400000000085,0.9464915257196704,21.176863205195975,0.006786554441306246,-5.982539827431767
7.4999999999998845,8.646950000000086,0.9423979604609505,21.17245216015325,0.00674541972184197,-5.9582619012045255
7.509999999999884,8.612500000000086,0.9383068501787533,21.168039104720563,0.006704427306695271,-5.9339873368039155
7.519999999999884,8.578050000000086,0.9342181977452135,21.16362403899668,0.0066635769864543445,-5.909716143191259
7.529999999999884,8.543600000000087,0.9301320060304645,21.1592069630743,0.006622868550157929,-5.885448329344206
7.539999999999884,8.509150000000087,0.9260482779029283,21.154787877039908,0.0065823017852027575,-5.861183904255876
7.5499999999998835,8.474700000000087,0.9219670162289997,21.150366780973602,0.006541876477357913,-5.8369228769350165
7.559999999999883,8.440250000000088,0.9178882238733458,21.14594367494921,0.006501592410785207,-5.812665256407497
7.569999999999883,8.405800000000088,0.9138119036987964,21.141518559034132,0.006461449368040441,-5.788411051715178
7.579999999999883,8.371350000000088,0.9097380585662682,21.13709143328917,0.006421447129956005,-5.764160271916994
7.589999999999883,8.336900000000089,0.905666691334922,21.132662297768643,0.006381585475856518,-5.739912926088382
7.599999999999882,8.30245000000009,0.9015978048620579,21.12823115252005,0.0063418641832953095,-5.715669023321646
7.609999999999882,8.26800000000009,0.8975314020032261,21.123797997584262,0.0063022830282282415,-5.691428572727225
7.619999999999882,8.23355000000009,0.893467485612146,21.119362832995236,0.006262841784908793,-5.667191583432309
7.629999999999882,8.19910000000009,0.8894060585407059,21.114925658780063,0.006223540225980605,-5.64295806458191
7.6399999999998816,8.16465000000009,0.8853471236391338,21.11048647495887,0.006184378122370032,-5.618728025339863
7.649999999999881,8.130200000000091,0.8812906837557788,21.106045281544528,0.006145355243316775,-5.594501474886611
7.659999999999881,8.095750000000091,0.877236741737299,21.10160207854301,0.0061064713564017385,-5.5702784224224
7.669999999999881,8.061300000000092,0.8731853004285531,21.097156865952783,0.0060677262274986,-5.546058877165067
7.679999999999881,8.026850000000092,0.8691363626726853,21.092709643765154,0.00602911962075699,-5.521842848351608
7.6899999999998805,7.992400000000092,0.8650899313111327,21.088260411963983,0.005990651298625199,-5.49763034523854
7.69999999999988,7.957950000000093,0.8610460091835699,21.08380917052554,0.005952321021856667,-5.473421377100552
7.70999999999988,7.923500000000093,0.8570045991280661,21.079355919418603,0.005914128549443777,-5.449215953233326
7.71999999999988,7.889050000000093,0.8529657039808196,21.07490065860421,0.005876073638689331,-5.425014082950801
7.72999999999988,7.854600000000094,0.84892932657651,21.07044338803571,0.005838156045124251,-5.400815775588004
7.739999999999879,7.820150000000094,0.8448954697480686,21.065984107658487,0.0058003755225517475,-5.376621040499107
7.749999999999879,7.785700000000094,0.8408641363267714,21.061522817410093,0.005762731822996096,-5.352429887060132
7.759999999999879,7.751250000000095,0.8368353291422392,21.057059517219972,0.005725224696722504,-5.3282423246668875
7.769999999999879,7.716800000000095,0.832809051022475,21.052594207009427,0.005687853892267076,-5.304058362735909
7.779999999999879,7.6823500000000955,0.8287853047938314,21.048126886691612,0.005650619156329994,-5.279878010705579
7.789999999999878,7.647900000000096,0.824764093281131,21.043657556171365,0.005613520233872222,-5.255701278035866
7.799999999999878,7.613450000000096,0.8207454193074124,21.039186215345058,0.005576556868029677,-5.231528174207752
7.809999999999878,7.5790000000000965,0.8167292856943354,21.03471286410062,0.005539728800144366,-5.207358708725105
7.819999999999878,7.544550000000097,0.8127156952618494,21.030237502317277,0.005503035769754988,-5.183192891112441
7.8299999999998775,7.510100000000097,0.8087046508283761,21.025760129865674,0.005466477514573343,-5.159030730918822
7.839999999999877,7.475650000000098,0.8046961552108218,21.021280746607697,0.005430053770504378,-5.134872237715071
7.849999999999877,7.441200000000098,0.8006902112244731,21.016799352396227,0.005393764271543187,-5.110717421094637
7.859999999999877,7.406750000000098,0.7966868216832522,21.01231594707526,0.005357608749944879,-5.086566290675833
7.869999999999877,7.372300000000099,0.7926859893994072,21.0078305304796,0.005321586936041005,-5.062418856098833
7.879999999999876,7.337850000000099,0.7886877171837918,21.003343102434965,0.005285698558308246,-5.038275127028933
7.889999999999876,7.303400000000099,0.7846920078457744,20.998853662757746,0.005249943343362424,-5.014135113155256
7.899999999999876,7.2689500000001,0.780698864193198,20.994362211254852,0.005214321015938141,-4.989998824190976
7.909999999999876,7.2345000000001,0.7767082890325683,20.989868747723964,0.005178831298876487,-4.96586626987531
7.919999999999876,7.2000500000001,0.7727202851688506,20.985373271952792,0.005143473913101973,-4.941737459970875
7.929999999999875,7.165600000000101,0.7687348554056894,20.980875783719718,0.005108248577641793,-4.917612404267622
7.939999999999875,7.131150000000101,0.7647520025452594,20.976376282792934,0.0050731550096188615,-4.89349111257898
7.949999999999875,7.0967000000001015,0.7607717293884154,20.971874768931023,0.005038192924184346,-4.869373594746531
7.959999999999875,7.062250000000102,0.7567940387346115,20.967371241882397,0.00500336203458901,-4.845259860636874
7.9699999999998745,7.027800000000102,0.7528189333819504,20.96286570138541,0.004968662052100791,-4.821149920143928
7.979999999999874,6.9933500000001025,0.748846416127235,20.958358147168013,0.004934092686056424,-4.797043783188051
7.989999999999874,6.958900000000103,0.744876489765923,20.953848578947895,0.0048996536438164085,-4.772941459716683
7.999999999999874,6.924450000000103,0.7409091570922302,20.949336996432386,0.004865344630688474,-4.748842959706249
8.009999999999874,6.890000000000104,0.7369444208990229,20.944823399318057,0.0048311653501152945,-4.724748293159922
8.019999999999873,6.855550000000104,0.7329822839780118,20.940307787290855,0.004797115503434396,-4.700657470109558
8.029999999999873,6.821100000000104,0.7290227491196071,20.935790160025824,0.004763194789986618,-4.676570500615494
8.039999999999873,6.786650000000105,0.7250658191130048,20.93127051718725,0.004729402907134001,-4.652487394767507
8.049999999999873,6.752200000000105,0.7211114967461991,20.92674885842816,0.004695739550116119,-4.628408162683702
8.059999999999873,6.717750000000105,0.7171597848060367,20.92222518339062,0.004662204412186613,-4.604332814513719
8.069999999999872,6.683300000000106,0.7132106860782418,20.917699491705207,0.004628797184550141,-4.580261360435279
8.079999999999872,6.648850000000106,0.7092642033473238,20.913171782991213,0.00459551755625493,-4.5561938106578985
8.089999999999872,6.614400000000106,0.7053203393967761,20.908642056856355,0.004562365214350167,-4.532130175421525
8.099999999999872,6.579950000000107,0.701379097008903,20.904110312896652,0.004529339843741979,-4.508070464997052
8.109999999999872,6.545500000000107,0.6974404789650459,20.899576550696448,0.004496441127216553,-4.484014689687547
8.119999999999871,6.5110500000001075,0.6935044880454053,20.895040769828007,0.004463668745481194,-4.459962859826713
8.129999999999871,6.476600000000108,0.6895711270292486,20.89050296985169,0.004431022377052901,-4.435914985782113
8.139999999999871,6.442150000000108,0.6856403986947841,20.885963150315675,0.0043985016983097095,-4.411871077953576
8.14999999999987,6.4077000000001085,0.681712305819326,20.881421310755734,0.004366106383486615,-4.387831146773634
8.15999999999987,6.373250000000109,0.6777868511791295,20.876877450695336,0.004333836104632574,-4.363795202708569
8.16999999999987,6.338800000000109,0.673864037549686,20.87233156964534,0.004301690531613883,-4.339763256259487
8.17999999999987,6.30435000000011,0.6699438677054167,20.867783667103893,0.004269669332075545,-4.315735317960011
8.18999999999987,6.26990000000011,0.6660263444200336,20.863233742556282,0.004237772171424024,-4.291711398380453
8.19999999999987,6.23545000000011,0.6621114704662958,20.858681795474908,0.004205998712855196,-4.267691508125611
8.20999999999987,6.201000000000111,0.6581992486162301,20.85412782531897,0.00417434861736436,-4.243675657835603
8.21999999999987,6.166550000000111,0.6542896816410075,20.849571831534483,0.004142821543581799,-4.2196638581869905
8.229999999999869,6.132100000000111,0.650382772311124,20.845013813554008,0.004111417147892519,-4.195656119892936
8.239999999999869,6.097650000000112,0.6464785233962724,20.84045377079666,0.0040801350844569696,-4.171652453703678
8.249999999999869,6.063200000000112,0.6425769376654985,20.835891702667812,0.004048975005024009,-4.147652870406736
8.259999999999868,6.028750000000112,0.6386780178871523,20.831327608559068,0.004017936559082822,-4.123657380827739
8.269999999999868,5.994300000000113,0.6347817668289953,20.82676148784796,0.00398701939375762,-4.099665995830197
8.279999999999868,5.959850000000113,0.6308881872580934,20.822193339898014,0.0039562231537872035,-4.075678726316965
8.289999999999868,5.9254000000001135,0.6269972819410304,20.81762316405846,0.003925547481576849,-4.051695583230539
8.299999999999867,5.890950000000114,0.6231090536438432,20.813050959664075,0.0038949920171381437,-4.027716577552837
8.309999999999867,5.856500000000114,0.6192235051320141,20.80847672603506,0.0038645563979962066,-4.003741720305941
8.319999999999867,5.8220500000001145,0.6153406391705621,20.803900462476957,0.0038342402593596007,-3.9797710225532335
8.329999999999867,5.787600000000115,0.6114604585241019,20.79932216828032,0.00380404323389466,-3.9558044953989318
8.339999999999867,5.753150000000115,0.6075829659568479,20.794741842720743,0.0037739649518399687,-3.9318421499896594
8.349999999999866,5.718700000000116,0.6037081642326234,20.790159485058552,0.003744005040981196,-3.9078839975141397
8.359999999999866,5.684250000000116,0.5998360561149398,20.785575094538824,0.0037141631265479188,-3.883930049204284
8.369999999999866,5.649800000000116,0.5959666443669922,20.780988670390972,0.0036844388312595126,-3.8599803163352497
8.379999999999866,5.615350000000117,0.5920999317517441,20.776400211828804,0.003654831775321494,-3.8360348102258883
8.389999999999866,5.580900000000117,0.5882359210319856,20.771809718050246,0.0036253415763402583,-3.812093542240702
8.399999999999865,5.546450000000117,0.5843746149702344,20.76721718823718,0.003595967849353757,-3.788156523788034
8.409999999999865,5.512000000000118,0.5805160163289622,20.762622621555316,0.0035667102068202296,-3.7642237663226705
8.419999999999865,5.477550000000118,0.5766601278705176,20.758026017153917,0.003537568258536585,-3.7402952813453783
8.429999999999865,5.443100000000118,0.5728069523571983,20.753427374165902,0.0035085416116665954,-3.7163710804043015
8.439999999999864,5.408650000000119,0.5689564925512846,20.74882669170724,0.003479629870714915,-3.6924511750943556
8.449999999999864,5.374200000000119,0.5651087512151355,20.7442239688771,0.0034508326374879258,-3.668535577058848
8.459999999999864,5.3397500000001195,0.5612637311111497,20.739619204757624,0.003422149511092735,-3.6446242979898202
8.469999999999864,5.30530000000012,0.5574214350018767,20.7350123984136,0.0033935800878541335,-3.620717349628521
8.479999999999864,5.27085000000012,0.5535818656500073,20.73040354889249,0.003365123961404091,-3.596814743766411
8.489999999999863,5.2364000000001205,0.5497450258185201,20.72579265522396,0.0033367807225489067,-3.5729164922445986
8.499999999999863,5.201950000000121,0.5459109182705721,20.721179716419996,0.00330854995929669,-3.5490226069561697
8.509999999999863,5.167500000000121,0.5420795457697312,20.716564731474577,0.003280431256822175,-3.52513309984642
8.519999999999863,5.133050000000122,0.5382509110798889,20.71194769936344,0.003252424197452846,-3.501247982912335
8.529999999999863,5.098600000000122,0.53442501696533,20.707328619043942,0.003224528360611247,-3.477367268204313
8.539999999999862,5.064150000000122,0.5306018661908772,20.70270748945483,0.003196743322825613,-3.453490967826886
8.549999999999862,5.029700000000123,0.5267814615218287,20.698084309516076,0.003169068657670078,-3.4296190939388618
8.559999999999862,4.995250000000123,0.5229638057240829,20.693459078128715,0.003141503935792267,-3.4057516587546437
8.569999999999862,4.960800000000123,0.5191489015641685,20.688831794174543,0.0031140487248212455,-3.3818886745445815
8.579999999999862,4.926350000000124,0.5153367518093127,20.684202456515997,0.003086702589347913,-3.3580301536356307
8.589999999999861,4.891900000000124,0.5115273592275019,20.67957106399586,0.0030594650909442182,-3.3341761084120836
8.599999999999861,4.857450000000124,0.5077207265874722,20.67493761543719,0.0030323357881228037,-3.3103265513167877
8.60999999999986,4.823000000000125,0.5039168566589336,20.67030210964286,0.0030053142362258347,-3.2864814948511287
8.61999999999986,4.788550000000125,0.5001157522124223,20.665664545395767,0.002978399987505133,-3.262640951576733
8.62999999999986,4.7541000000001254,0.49631741601948315,20.661024921458065,0.00295159259103227,-3.238804934114858
8.63999999999986,4.719650000000126,0.4925218508528115,20.65638323657143,0.0029248915926619766,-3.214973455149241
8.64999999999986,4.685200000000126,0.4887290594860868,20.651739489456563,0.0028982965350513048,-3.1911465274248205
8.65999999999986,4.6507500000001265,0.4849390446942844,20.64709367881312,0.0028718069575363525,-3.167324163750097
8.66999999999986,4.616300000000127,0.4811518092535142,20.64244580331929,0.002845422396205245,-3.1435063769964864
8.67999999999986,4.581850000000127,0.47736735594136326,20.63779586163177,0.0028191423837944,-3.1196931801010943
8.68999999999986,4.547400000000128,0.4735856875366443,20.633143852385444,0.0027929664496552263,-3.0958845860654507
8.699999999999859,4.512950000000128,0.4698068068197721,20.62848977419313,0.0027668941197497065,-3.072080607957961
8.709999999999859,4.478500000000128,0.46603071657256034,20.62383362564533,0.002740924916587837,-3.0482812589137516
8.719999999999859,4.444050000000129,0.46225741957855765,20.619175405310123,0.002715058359208552,-3.0244865521369957
8.729999999999858,4.409600000000129,0.4584869186229151,20.614515111732754,0.0026892939631371305,-3.0006965008999122
8.739999999999858,4.375150000000129,0.45471921649253333,20.609852743435415,0.0026636312403649606,-2.9769111185443067
8.749999999999858,4.34070000000013,0.450954315976237,20.6051882989171,0.0026380696992145125,-2.953130418484293
8.759999999999858,4.30625000000013,0.44719221986469976,20.600521776653316,0.0026126088444596955,-2.929354414204322
8.769999999999857,4.27180000000013,0.443432930950594,20.59585317509572,0.0025872481771393122,-2.905583119262509
8.779999999999857,4.237350000000131,0.43967645202871836,20.59118249267201,0.0025619871946269417,-2.881816547290266
8.789999999999857,4.202900000000131,0.43592278589600086,20.586509727785575,0.002536825390499483,-2.85805471199359
8.799999999999857,4.168450000000131,0.4321719353516004,20.581834878815208,0.0025117622545254505,-2.8342976271545517
8.809999999999857,4.134000000000132,0.4284239031970772,20.57715794411496,0.002486797272660331,-2.8105453066317017
8.819999999999856,4.099550000000132,0.42467869223635674,20.572478922013715,0.002461929926926588,-2.786797764361211
8.829999999999856,4.0651000000001325,0.420936305275996,20.56779781081505,0.0024371596954342466,-2.763055014359016
8.839999999999856,4.030650000000133,0.41719674512500227,20.563114608796926,0.002412486052332293,-2.7393170707197925
8.849999999999856,3.9962000000001328,0.41346001459523923,20.55842931421128,0.0023879084676577105,-2.7155839476198453
8.859999999999856,3.9617500000001327,0.4097261165013101,20.553741925283926,0.0023634264074526355,-2.6918556593171963
8.869999999999855,3.9273000000001326,0.405995053660721,20.54905244021414,0.0023390393335563637,-2.6681322201531756
8.879999999999855,3.8928500000001325,0.40226682889399845,20.54436085717448,0.0023147467036566368,-2.6444136445543456
8.889999999999855,3.8584000000001324,0.39854144502477473,20.53966717431035,0.0022905479712064846,-2.6206999470314805
8.899999999999855,3.8239500000001323,0.3948189048798866,20.53497138973982,0.002266442585344097,-2.5969911421827603
8.909999999999854,3.789500000000132,0.3910992112894636,20.53027350155326,0.0022424299909153352,-2.5732872446937507
8.919999999999854,3.755050000000132,0.3873823670871559,20.52557350781313,0.0022185096283074126,-2.5495882693401843
8.929999999999854,3.720600000000132,0.3836683751100473,20.520871406553457,0.002194680933454241,-2.5258942309866814
8.939999999999854,3.686150000000132,0.37995723819893346,20.516167195779772,0.0021709433378057502,-2.5022051445904756
8.949999999999854,3.651700000000132,0.37624895919831003,20.511460873468685,0.0021472962682622765,-2.4785210252014642
8.959999999999853,3.6172500000001317,0.3725435409566531,20.50675243756746,0.002123739146998122,-2.454841887963328
8.969999999999853,3.5828000000001317,0.3688409863263594,20.502041885993943,0.002100271391568937,-2.4311677481154517
8.979999999999853,3.5483500000001316,0.36514129816399304,20.49732921663599,0.0020768924147513725,-2.4074986209944162
8.989999999999853,3.5139000000001315,0.3614444793303012,20.492614427351167,0.002053601624484197,-2.383834522033902
8.999999999999853,3.4794500000001314,0.3577505326905116,20.487897515966637,0.002030398423774524,-2.360175466768521
9.009999999999852,3.4450000000001313,0.3540594611142634,20.48317848027856,0.002007282210799465,-2.336521470832818
9.019999999999852,3.410550000000131,0.3503712674758754,20.478457318051785,0.001984252378578108,-2.312872549963642
9.029999999999852,3.376100000000131,0.3466859546543949,20.4737340270197,0.001961308315096307,-2.2892287200027064
9.039999999999852,3.341650000000131,0.34300352553384944,20.469008604883566,0.0019384494031618243,-2.2655899968955953
9.049999999999851,3.307200000000131,0.33932398300321476,20.46428104931248,0.001915675020348126,-2.2419563966958345
9.059999999999851,3.272750000000131,0.335647329956705,20.459551357942743,0.0018929845388741652,-2.2183279355643784
9.069999999999851,3.2383000000001307,0.3319735692938737,20.454819528377698,0.0018703773256075942,-2.1947046297728896
9.07999999999985,3.2038500000001306,0.3283027039197267,20.4500855581872,0.0018478527419209597,-2.171086495703769
9.08999999999985,3.1694000000001306,0.32463473674490834,20.4453494449073,0.0018254101436493732,-2.147473549852652
9.09999999999985,3.1349500000001305,0.32096967068581383,20.44061118603986,0.001803048880963836,-2.123865808829585
9.10999999999985,3.1005000000001304,0.31730750866487534,20.43587077905227,0.001780768298389006,-2.1002632893616395
9.11999999999985,3.0660500000001303,0.3136482536104789,20.431128221376845,0.0017585677345461122,-2.0766660082930555
9.12999999999985,3.03160000000013,0.30999190845738384,20.426383510410535,0.001736446522246235,-2.0530739825879842
9.13999999999985,2.99715000000013,0.3063384761466672,20.421636643514624,0.0017144039882654159,-2.0294872293322204
9.14999999999985,2.96270000000013,0.30268795962611983,20.416887618014115,0.0016924394533815966,-2.005905765734476
9.15999999999985,2.92825000000013,0.2990403618502042,20.41213643119744,0.0016705522321082168,-1.9823296091283946
9.169999999999849,2.89380000000013,0.2953956857803702,20.407383080316094,0.0016487416327910596,-1.9587587769749504
9.179999999999849,2.8593500000001297,0.2917539343851465,20.402627562584073,0.001627006957375803,-1.9351932868629116
9.189999999999849,2.8249000000001296,0.2881151106403781,20.39786987517759,0.0016053475013550192,-1.9116331565126612
9.199999999999848,2.7904500000001295,0.2844792175294335,20.393110015234384,0.0015837625536408778,-1.8880784037761182
9.209999999999848,2.7560000000001295,0.2808462580432569,20.38834797985367,0.0015622513965208992,-1.8645290466398992
9.219999999999848,2.7215500000001294,0.2772162351807943,20.383583766095306,0.0015408133054812204,-1.8409851032272226
9.229999999999848,2.6871000000001293,0.2735891519489219,20.378817370979643,0.0015194475491582182,-1.8174465917999516
9.239999999999847,2.652650000000129,0.26996501136284207,20.37404879148678,0.0014981533891744838,-1.793913530759661
9.249999999999847,2.618200000000129,0.26634381644625243,20.36927802455637,0.0014769300800755764,-1.7703859386514633
9.259999999999847,2.583750000000129,0.2627255702314337,20.364505067086995,0.001455776869108397,-1.7468638341642502
9.269999999999847,2.549300000000129,0.259110275759697,20.359729915935656,0.0014346929962735084,-1.7233472361348277
9.279999999999847,2.514850000000129,0.255497936081271,20.354952567917497,0.001413677694049369,-1.699836163548655
9.289999999999846,2.4804000000001287,0.25188855425590667,20.350173019804952,0.0013927301873589688,-1.6763306355418353
9.299999999999846,2.4459500000001286,0.24828213335269375,20.34539126832765,0.001371849693384786,-1.6528306714054135
9.309999999999846,2.4115000000001285,0.24467867645069652,20.34060731017159,0.0013510354214348182,-1.6293362905850692
9.319999999999846,2.3770500000001284,0.24107818663886854,20.33582114197883,0.0013302865729101934,-1.605847512686065
9.329999999999846,2.3426000000001284,0.237480667016443,20.331032760346908,0.0013096023410332,-1.5823643574737842
9.339999999999845,2.3081500000001283,0.2338861206931644,20.32624216182821,0.001288981910768283,-1.5588868448764484
9.349999999999845,2.273700000000128,0.23029455078944888,20.321449342929707,0.0012684244587220425,-1.5354149949891556
9.359999999999845,2.239250000000128,0.22670596043679175,20.31665430011197,0.0012479291529046295,-1.5119488280735294
9.369999999999845,2.204800000000128,0.2231203527778733,20.311857029789124,0.0012274951526277608,-1.488488364563771
9.379999999999844,2.170350000000128,0.2195377309669474,20.307057528327896,0.0012071216083893756,-1.4650336250659974
9.389999999999844,2.135900000000128,0.21595809816995565,20.302255792047387,0.001186807661664021,-1.4415846303639217
9.399999999999844,2.1014500000001277,0.2123814575649351,20.29745181721814,0.0011665524447012651,-1.4181414014192772
9.409999999999844,2.0670000000001276,0.20880781234227147,20.292645600061803,0.0011463550804474548,-1.3947039593752109
9.419999999999844,2.0325500000001275,0.205237165704926,20.28783713675055,0.0011262146823837697,-1.371272325560237
9.429999999999843,1.9981000000001274,0.20166952086877094,20.28302642340629,0.0011061303542577955,-1.3478465214896165
9.439999999999843,1.9636500000001273,0.19810488106287333,20.278213456100314,0.001086101189961941,-1.3244265688693875
9.449999999999843,1.9292000000001273,0.19454324952973467,20.27339823085246,0.0010661262733906122,-1.3010124895982813
9.459999999999843,1.8947500000001272,0.19098462952581774,20.26858074363063,0.0010462046781747093,-1.2776043057725555
9.469999999999843,1.860300000000127,0.1874290243215116,20.263760990350054,0.0010263354675522642,-1.254202039686519
9.479999999999842,1.825850000000127,0.18387643720169866,20.25893896687283,0.001006517694134403,-1.2308057138383657
9.489999999999842,1.791400000000127,0.18032687146609316,20.254114669007034,0.000986750399764128,-1.2074153509315892
9.499999999999842,1.7569500000001268,0.17678033042934088,20.249288092506156,0.000967032615226292,-1.1840309738784809
9.509999999999842,1.7225000000001267,0.17323681742162572,20.2444592330686,0.0009473633601137241,-1.1606526058050062
9.519999999999841,1.6880500000001266,0.1696963357888574,20.239628086336744,0.000927741642606991,-1.1372802700519036
9.529999999999841,1.6536000000001265,0.1661588888930599,20.234794647896376,0.0009081664591559819,-1.113913990180325
9.539999999999841,1.6191500000001264,0.1626244801127658,20.229958913276057,0.0008886367944255106,-1.0905537899736808
9.54999999999984,1.5847000000001263,0.15909311284327182,20.2251208779463,0.0008691516209170756,-1.0671996934426937
9.55999999999984,1.5502500000001262,0.15556479049710553,20.22028053731883,0.0008497098988142705,-1.0438517248273145
9.56999999999984,1.5158000000001262,0.1520395165044131,20.215437886745995,0.0008303105756959132,-1.0205099086022458
9.57999999999984,1.481350000000126,0.1485172943133088,20.210592921519954,0.000810952586332834,-0.9971742694804224
9.58999999999984,1.446900000000126,0.1449981273902456,20.205745636871875,0.0007916348523973806,-0.9738448324159678
9.59999999999984,1.4124500000001259,0.14148201922048476,20.20089602797129,0.0007723562822401788,-0.9505216226088974
9.60999999999984,1.3780000000001258,0.13796897330841912,20.196044089925163,0.0007531157705703661,-0.9272046655093302
9.61999999999984,1.3435500000001257,0.13445899317809534,20.191189817777254,0.0007339121982364923,-0.9038939868211694
9.62999999999984,1.3091000000001256,0.13095208237348993,20.186333206507204,0.0007147444319530157,-0.8805896125062493
9.639999999999839,1.2746500000001255,0.1274482444591647,20.181474251029837,0.0006956113239517286,-0.8572915687895221
9.649999999999839,1.2402000000001254,0.12394748302050024,20.176612946194204,0.0006765117117589344,-0.8339998821622391
9.659999999999838,1.2057500000001253,0.12044980166426628,20.171749286782983,0.0006574444178237674,-0.8107145793880736
9.669999999999838,1.1713000000001252,0.11695520401899823,20.166883267511295,0.0006384082493145007,-0.7874356875054385
9.679999999999838,1.1368500000001251,0.11346369373559584,20.16201488302616,0.000619401997669944,-0.7641632338344339
9.689999999999838,1.102400000000125,0.1099752744876637,20.15714412790538,0.0006004244384179183,-0.7408972459798826
9.699999999999838,1.067950000000125,0.10648994997211936,20.152270996656867,0.0005814743307349694,-0.7176377518372459
9.709999999999837,1.0335000000001249,0.10300772390956064,20.147395483717613,0.0005625504171349334,-0.6943847795974613
9.719999999999837,0.9990500000001249,0.09952860004491093,20.142517583452737,0.0005436514231844064,-0.6711383577513992
9.729999999999837,0.9646000000001249,0.09605258214791945,20.137637290154757,0.0005247760570601899,-0.6478985150957672
9.739999999999837,0.9301500000001249,0.09257967401353334,20.132754598042364,0.0005059230092313899,-0.6246652807379552
9.749999999999837,0.895700000000125,0.08910987946264887,20.127869501259738,0.00048709095210748446,-0.601438684101379
9.759999999999836,0.861250000000125,0.08564320234255479,20.122981993875342,0.0004682785395694599,-0.5782187549312438
9.769999999999836,0.826800000000125,0.08217964652753162,20.11809206988119,0.00044948440665532714,-0.555005523300271
9.779999999999836,0.792350000000125,0.07871921591937225,20.113199723191677,0.0004307071691494668,-0.5317990196146184
9.789999999999836,0.757900000000125,0.07526191444805419,20.10830494764246,0.0004119454231301744,-0.5085992746185112
9.799999999999836,0.723450000000125,0.0718077460722007,20.103407736989617,0.00039319774461171145,-0.4854063194015732
9.809999999999835,0.6890000000001251,0.06835671477992344,20.09850808490858,0.00037446268903572626,-0.46222018540415055
9.819999999999835,0.6545500000001251,0.06490882458915803,20.093605984993044,0.0003557387908280803,-0.4390409044247708
9.829999999999835,0.6201000000001251,0.06146407954855787,20.088701430753737,0.0003370245630909775,-0.41586850862496716
9.839999999999835,0.5856500000001251,0.05802248373798219,20.08379441561749,0.0003183184968897926,-0.3927030305366046
9.849999999999834,0.5512000000001251,0.05458404126923566,20.078884932926115,0.00029961906099660587,-0.36954450306848413
9.859999999999834,0.5167500000001252,0.05114875628665755,20.073972975935177,0.0002809247012557674,-0.34639295951338606
9.869999999999834,0.4823000000001252,0.04771663296796946,20.069058537812882,0.00026223384014225986,-0.3232484335549075
9.879999999999834,0.4478500000001252,0.044287675524837034,20.06414161163886,0.00024354487624011177,-0.3001109592736448
9.889999999999834,0.4134000000001252,0.04086188820359404,20.059222190403105,0.00022485618371946927,-0.27698057115680025
9.899999999999833,0.37895000000012524,0.03743927528608931,20.054300267004567,0.00020616611177552713,-0.25385730410292884
9.909999999999833,0.34450000000012526,0.034019841090359215,20.049375834250096,0.0001874729840294062,-0.23074119343178123
9.919999999999833,0.3100500000001253,0.03060358997137186,20.044448884852994,0.0001687750980762132,-0.20763227489001465
9.929999999999833,0.2756000000001253,0.027190526321876185,20.039519411431982,0.00015007072476717475,-0.1845305846616738
9.939999999999833,0.24115000000012532,0.02378065457313655,20.03458740650972,0.00013135810771214306,-0.16143615937409736
9.949999999999832,0.20670000000012534,0.02037397919579481,20.029652862511544,0.00011263546255893488,-0.13834903610781646
9.959999999999832,0.17225000000012536,0.01697050470064715,20.024715771764058,9.390097650010458e-05,-0.11526925240338573
9.969999999999832,0.13780000000012538,0.013570235639596973,20.01977612649397,7.515280746881923e-05,-0.09219684627253757
9.979999999999832,0.10335000000012538,0.01017317660637923,20.014833918826525,5.638908361042512e-05,-0.06913185620526359
9.989999999999831,0.06890000000012539,0.006779332237669966,20.00988914078416,3.760790248142894e-05,-0.04607432118004378
9.999999999999831,0.034450000000125394,0.0033887072135924123,20.0049417842849,1.8807330453802693e-05,-0.02302428067104294
10.009999999999831,1.2539969063141143e-13,1.3062592159052144e-06,19.999991841141327,-1.459810287788351e-08,1.822533811056753e-05
0.0,0,-1.1102230246251565e-16,20.0,1.4842727741326556e-16,0.0
0.01,0.034449999999999995,0.003115220662169016,20.00484093988726,1.9079771330337246e-05,-0.022164215241571077
0.02,0.06889999999999999,0.006707456818487778,20.009866199480506,3.754151923266542e-05,-0.04585816092579245
0.03,0.10334999999999998,0.010142271784209678,20.014816347978563,5.595370095946861e-05,-0.06899915328237786
0.04,0.13779999999999998,0.013523570445612976,20.01975342539463,7.452391381609403e-05,-0.0920158404857748
0.05,0.17224999999999996,0.016911019329836463,20.024688941164857,9.309272342218622e-05,-0.11504879518842737
0.060000000000000005,0.20669999999999994,0.020306091204818466,20.029622507231387,0.00011163220346495004,-0.1380982756823081
0.07,0.24114999999999992,0.023704775409463807,20.03455357058523,0.00013015480232963703,-0.16115587926861108
0.08,0.2755999999999999,0.02710637263984872,20.039482060208,0.00014866592619109525,-0.18422019303576703
0.09,0.3100499999999999,0.0305110608065155,20.04440800599593,0.00016716728288745908,-0.20729153981663026
0.09999999999999999,0.34449999999999986,0.03391891180474055,20.049331424585965,0.00018566042391558756,-0.23037003519651042
0.10999999999999999,0.37894999999999984,0.03732991966118954,20.054252323315538,0.00020414703938202055,-0.253455640682967
0.11999999999999998,0.4133999999999998,0.04074407449120149,20.05917070888559,0.00022262883397494162,-0.27654830945786624
0.12999999999999998,0.4478499999999998,0.04416137138770909,20.064086588471334,0.00024110749137420734,-0.29964800478255765
0.13999999999999999,0.4822999999999998,0.047581806486508005,20.06899996927963,0.00025958466842340103,-0.3227546924073857
0.15,0.5167499999999998,0.051005375755641735,20.07391085840377,0.00027806199557357206,-0.34586833812107937
0.16,0.5511999999999998,0.05443207509427622,20.078819262834138,0.0002965410782782105,-0.36898890791450234
0.17,0.5856499999999998,0.05786190043257117,20.083725189471018,0.00031502349815862784,-0.3921163681719817
0.18000000000000002,0.6200999999999998,0.061294847738688873,20.088628645127308,0.000333510813421986,-0.41525068568385287
0.19000000000000003,0.6545499999999997,0.06473091301233752,20.093529636528576,0.0003520045593898739,-0.4383918276246105
0.20000000000000004,0.6889999999999997,0.06817009228264331,20.098428170314335,0.0003705062488491176,-0.46153976154599735
0.21000000000000005,0.7234499999999997,0.07161238160780092,20.10332425303918,0.00038901737269752407,-0.48469445536950184
0.22000000000000006,0.7578999999999997,0.07505777707464523,20.108217891173773,0.00040753940033852996,-0.5078558773795009
0.23000000000000007,0.7923499999999997,0.07850627479782202,20.113109091106214,0.00042607378005840124,-0.5310239962182853
0.24000000000000007,0.8267999999999996,0.08195787091957951,20.11799785914289,0.0004446219396150058,-0.5541987808781147
0.25000000000000006,0.8612499999999996,0.08541256160897726,20.122884201509738,0.00046318528659452694,-0.5773802006976372
0.26000000000000006,0.8956999999999996,0.0888703430613127,20.12776812435306,0.00048176520885142877,-0.6005682253519896
0.2700000000000001,0.9301499999999996,0.09233121149767082,20.1326496337409,0.0005003630749331729,-0.623762824850758
0.2800000000000001,0.9645999999999996,0.09579516316439302,20.137528735663714,0.0005189802344443247,-0.6469639695297916
0.2900000000000001,0.9990499999999995,0.09926219433249095,20.14240543603573,0.0005376180184796097,-0.6701716300468099
0.3000000000000001,1.0334999999999996,0.10273230129718014,20.147279740695623,0.0005562777400265743,-0.6933857773751743
0.3100000000000001,1.0679499999999997,0.1062054803773278,20.152151655407685,0.0005749606942897355,-0.716606382798812
0.3200000000000001,1.1023999999999998,0.10968172791504122,20.15702118586271,0.00059366815906105,-0.7398334179065289
0.3300000000000001,1.13685,0.11316104027515966,20.161888337679002,0.0006124013951288804,-0.7630668545879893
0.34000000000000014,1.1713,0.11664341384473126,20.166753116403218,0.0006311616465719024,-0.7863066650269183
0.35000000000000014,1.20575,0.12012884503257043,20.171615527511356,0.0006499501411090876,-0.8095528216970893
0.36000000000000015,1.2402000000000002,0.1236173302688428,20.17647557640971,0.0006687680904896047,-0.8328052973582379
0.37000000000000016,1.2746500000000003,0.1271088660045946,20.18133326843551,0.0006876166906968155,-0.8560640650490458
0.38000000000000017,1.3091000000000004,0.1306034487113122,20.18618860885812,0.0007064971223669019,-0.8793290980849641
0.3900000000000002,1.3435500000000005,0.1341010748804422,20.19104160287977,0.0007254105510762618,-0.9026003700521711
0.4000000000000002,1.3780000000000006,0.1376017410230828,20.195892255636267,0.0007443581276165936,-0.9258778548026155
0.4100000000000002,1.4124500000000006,0.1411054436694802,20.20074057219813,0.0007633409883146727,-0.9491615264522871
0.4200000000000002,1.4469000000000007,0.1446121793686464,20.205586557571014,0.0007823602552410264,-0.9724513593727806
0.4300000000000002,1.4813500000000008,0.14812194468797657,20.210430216697,0.0008014170366703226,-0.9957473281907955
0.4400000000000002,1.515800000000001,0.15163473621284046,20.215271554454908,0.0008205124270943063,-1.0190494077818872
0.45000000000000023,1.550250000000001,0.15515055054619198,20.220110575661497,0.0008396475077670513,-1.0423575732671209
0.46000000000000024,1.584700000000001,0.15866938430824518,20.224947285071956,0.0008588233467026185,-1.0656718000091154
0.47000000000000025,1.6191500000000012,0.16219123413604847,20.229781687380843,0.0008780409991387442,-1.0889920636076833
0.48000000000000026,1.6536000000000013,0.16571609668313453,20.234613787222724,0.0008973015076889921,-1.1123183398966159
0.49000000000000027,1.6880500000000014,0.169243968619175,20.239443589172954,0.0009166059025172029,-1.1356506049391024
0.5000000000000002,1.7225000000000015,0.17277484662969123,20.24427109774854,0.0009359552017513195,-1.1589888350258342
0.5100000000000002,1.7569500000000016,0.17630872741556108,20.24909631740843,0.0009553504115283184,-1.1823330066676616
0.5200000000000002,1.7914000000000017,0.17984560769283697,20.253919252554912,0.0009747925263429854,-1.20568309659698
0.5300000000000002,1.8258500000000017,0.18338548419238931,20.258739907533716,0.0009942825292393125,-1.2290390817609356
0.5400000000000003,1.8603000000000018,0.1869283536594925,20.263558286634858,0.001013821391970711,-1.2524009393178985
0.5500000000000003,1.894750000000002,0.19047421285358718,20.268374394093534,0.0010334100752561145,-1.2757686466358888
0.5600000000000003,1.929200000000002,0.19402305854795354,20.27318823409062,0.0010530495290097808,-1.2991421812889392
0.5700000000000003,1.9636500000000021,0.19757488752944674,20.277999810753133,0.0010727406924684062,-1.3225215210517591
0.5800000000000003,1.9981000000000022,0.20112969659810415,20.28280912815541,0.0010924844944683603,-1.3459066438999192
0.5900000000000003,2.0325500000000023,0.20468748256696684,20.28761619031919,0.0011122818535082048,-1.3692975280040214
0.6000000000000003,2.0670000000000024,0.20824824226168503,20.292421001214567,0.0011321336781377961,-1.39269415172758
0.6100000000000003,2.1014500000000025,0.21181197252029832,20.297223564760525,0.0011520408669420407,-1.4160964936243483
0.6200000000000003,2.1359000000000026,0.2153786701929541,20.302023884825644,0.0011720043087980066,-1.4395045324354878
0.6300000000000003,2.1703500000000027,0.21894833214163778,20.306821965228455,0.0011920248830789716,-1.4629182470856252
0.6400000000000003,2.2048000000000028,0.2225209552398873,20.31161780973835,0.0012121034597846754,-1.4863376166807807
0.6500000000000004,2.239250000000003,0.22609653637251975,20.31641142207593,0.0012322408996825896,-1.5097626205057968
0.6600000000000004,2.273700000000003,0.22967507243544671,20.321202805913707,0.0012524380545254538,-1.5331932380211402
0.6700000000000004,2.308150000000003,0.23325656033532277,20.325991964876714,0.0012726957671846065,-1.5566294488607781
0.6800000000000004,2.342600000000003,0.23684099698939326,20.330778902542896,0.0012930148718107804,-1.5800712328283746
0.6900000000000004,2.377050000000003,0.2404283793251918,20.335563622443793,0.0013133961939382308,-1.6035185698961614
0.7000000000000004,2.4115000000000033,0.24401870428030378,20.340346128065093,0.0013338405506856197,-1.6269714402010882
0.7100000000000004,2.4459500000000034,0.2476119688022177,20.345126422847194,0.0013543487509099263,-1.650429824044259
0.7200000000000004,2.4804000000000035,0.2512081698479183,20.34990451018556,0.0013749215952856965,-1.673893701885296
0.7300000000000004,2.5148500000000036,0.25480730438385957,20.35468039343151,0.0013955598765048821,-1.6973630543435805
0.7400000000000004,2.5493000000000037,0.2584093693856421,20.3594540758925,0.0014162643793553477,-1.7208378621929572
0.7500000000000004,2.5837500000000038,0.262014361837791,20.364225560832793,0.0014370358808990027,-1.7443181063608855
0.7600000000000005,2.618200000000004,0.2656222787335932,20.36899485147396,0.0014578751505924894,-1.7678037679265552
0.7700000000000005,2.652650000000004,0.26923311707484715,20.373761950995164,0.0014787829503550608,-1.7912948281166687
0.7800000000000005,2.687100000000004,0.27284687387170753,20.378526862533974,0.0014997600348017738,-1.814791268305891
0.7900000000000005,2.721550000000004,0.276463546142387,20.38328958918665,0.0015208071512083294,-1.8382930700124005
0.8000000000000005,2.7560000000000042,0.2800831309130944,20.38805013400857,0.0015419250397922391,-1.861800214896806
0.8100000000000005,2.7904500000000043,0.28370562521772974,20.392808500014873,0.001563114433736153,-1.8853126847600705
0.8200000000000005,2.8249000000000044,0.28733102609775585,20.39756469018083,0.0015843760592932354,-1.9088304615410827
0.8300000000000005,2.8593500000000045,0.2909593306020125,20.40231870744234,0.0016057106359394344,-1.932353527315525
0.8400000000000005,2.8938000000000046,0.294590535786484,20.4070705546963,0.0016271188764380676,-1.955881864292496
0.8500000000000005,2.9282500000000047,0.298224638714226,20.411820234801187,0.0016486014870033035,-1.9794154548138783
0.8600000000000005,2.9627000000000048,0.3018616364549813,20.416567750577308,0.0016701591673165357,-2.0029542813512493
0.8700000000000006,2.997150000000005,0.30550152608530207,20.421313104807385,0.001691792610690494,-2.026498326504654
0.8800000000000006,3.031600000000005,0.30914430468813914,20.426056300237043,0.0017135025041898505,-2.0500475730011893
0.8900000000000006,3.066050000000005,0.31278996935278314,20.4307973395751,0.0017352895286319777,-2.0736020036924856
0.9000000000000006,3.100500000000005,0.31643851717467036,20.435536225493873,0.0017571543587552646,-2.0971616015526533
0.9100000000000006,3.1349500000000052,0.320089945255274,20.440272960629883,0.0017790976632988333,-2.1207263496771853
0.9200000000000006,3.1694000000000053,0.3237442507018562,20.44500754758419,0.0018011201051135912,-2.14429623128184
0.9300000000000006,3.2038500000000054,0.32740143062741023,20.449739988922573,0.0018232223411292978,-2.167871229698723
0.9400000000000006,3.2383000000000055,0.33106148215046144,20.454470287176104,0.00184540502262466,-2.191451328377156
0.9500000000000006,3.2727500000000056,0.33472440239490797,20.45919844484158,0.001867668795205462,-2.2150365108802372
0.9600000000000006,3.3072000000000057,0.3383901884899111,20.463924464381776,0.0018900142988264221,-2.2386267608836814
0.9700000000000006,3.341650000000006,0.3420588375697075,20.468648348225937,0.0019124421680159617,-2.2622220621749554
0.9800000000000006,3.376100000000006,0.3457303467735495,20.47337009877014,0.0019349530318552707,-2.2858223986514092
0.9900000000000007,3.410550000000006,0.34940471324547434,20.478089718377554,0.0019575475141015075,-2.30942775431762
1.0000000000000007,3.445000000000006,0.35308193413426514,20.48280720937897,0.0019802262332051083,-2.333038113285226
1.0100000000000007,3.479450000000006,0.35676200659318746,20.487522574072976,0.002002989802445138,-2.356653459770685
1.0200000000000007,3.5139000000000062,0.36044492777999554,20.492235814726513,0.002025838829991504,-2.3802737780944176
1.0300000000000007,3.5483500000000063,0.3641306948567574,20.496946933575174,0.00204877391895709,-2.403899052678842
1.0400000000000007,3.5828000000000064,0.3678193049897051,20.50165593282337,0.0020717956674143434,-2.4275292680470972
1.0500000000000007,3.6172500000000065,0.3715107553491411,20.50636281464501,0.0020949046685907417,-2.45116440882205
1.0600000000000007,3.6517000000000066,0.37520504310929076,20.511067581183468,0.0021181015108791175,-2.474804459723885
1.0700000000000007,3.6861500000000067,0.3789021654481957,20.515770234552235,0.0021413867777637075,-2.4984494055698763
1.0800000000000007,3.720600000000007,0.38260211954766943,20.520470776835076,0.0021647610481440554,-2.522099231272869
1.0900000000000007,3.755050000000007,0.3863049025930222,20.52516921008633,0.002188224896206353,-2.5457539218386667
1.1000000000000008,3.789500000000007,0.39001051177313173,20.529865536331435,0.0022117788914987647,-2.569413462366705
1.1100000000000008,3.823950000000007,0.39371894428021803,20.534559757567038,0.0022354235990846533,-2.5930778380478934
1.1200000000000008,3.858400000000007,0.39743019730979257,20.53925187576133,0.002259159579515116,-2.616747034162508
1.1300000000000008,3.8928500000000072,0.4011442680605105,20.543941892854598,0.0022829873889385443,-2.640421036080989
1.1400000000000008,3.9273000000000073,0.40486115373408144,20.54862981075913,0.002306907579124738,-2.6640998292601097
1.1500000000000008,3.9617500000000074,0.40858085153520635,20.553315631359887,0.002330920697485576,-2.687783399244685
1.1600000000000008,3.9962000000000075,0.4123033586713787,20.55799935651465,0.002355027287270911,-2.711471731663351
1.1700000000000008,4.030650000000008,0.41602867235297103,20.562680988054215,0.0023792278873897266,-2.7351648122301926
1.1800000000000008,4.065100000000007,0.41975678979292347,20.56736052778292,0.002403523032729985,-2.7588626267421406
1.1900000000000008,4.099550000000007,0.4234877082068206,20.57203797747873,0.0024279132539834704,-2.7825651610778155
1.2000000000000008,4.134000000000007,0.4272214248127053,20.57671333889362,0.002452399077781495,-2.8062724011967575
1.2100000000000009,4.168450000000006,0.43095793683100164,20.581386613753867,0.0024769810268002058,-2.8299843331386363
1.2200000000000009,4.202900000000006,0.43469724148445454,20.586057803760212,0.0025016596197274315,-2.8537009430211824
1.2300000000000009,4.2373500000000055,0.43843933599805796,20.59072691058838,0.0025264353713185224,-2.8774222170410035
1.2400000000000009,4.271800000000005,0.44218421759887366,20.595393935889035,0.0025513087924798413,-2.901148141469786
1.2500000000000009,4.306250000000005,0.4459318835161376,20.6000588812883,0.002576280390291531,-2.92487870265643
1.260000000000001,4.340700000000004,0.4496823309808907,20.604721748387913,0.0026013506680251756,-2.948613887023131
1.270000000000001,4.375150000000004,0.4534355572262146,20.609382538765523,0.002626520125236123,-2.9723536810665605
1.280000000000001,4.409600000000004,0.4571915594869138,20.61404125397482,0.0026517892577934124,-2.9960980713550565
1.290000000000001,4.444050000000003,0.4609503349995877,20.618697895546227,0.002677158557867897,-3.019847044530944
1.300000000000001,4.478500000000003,0.4647118810024192,20.623352464986436,0.0027026285140677774,-3.0436005873043954
1.310000000000001,4.512950000000003,0.4684761947353058,20.628004963779283,0.0027281996113577554,-3.0673586864571196
1.320000000000001,4.547400000000002,0.472243273439543,20.632655393385804,0.0027538723312480725,-3.09112132883982
1.330000000000001,4.581850000000002,0.47601311435787397,20.637303755244314,0.0027796471516710348,-3.114888501370351
1.340000000000001,4.616300000000002,0.4797857147344781,20.6419500507708,0.0028055245471611417,-3.138660191034139
1.350000000000001,4.650750000000001,0.48356107181482644,20.64659428135929,0.0028315049887621844,-3.1624363848834127
1.360000000000001,4.685200000000001,0.4873391828455953,20.65123644838178,0.0028575889441646548,-3.1862170700347634
1.370000000000001,4.719650000000001,0.4911200450746406,20.65587655318866,0.0028837768777092944,-3.210002233670071
1.380000000000001,4.7541,0.494903655750932,20.660514597108985,0.0029100692503969193,-3.233791863034669
1.390000000000001,4.78855,0.4986900121244816,20.665150581450572,0.0029364665199329214,-3.2575859454366562
1.400000000000001,4.8229999999999995,0.5024791114462979,20.669784507500253,0.0029629691408248364,-3.281384468246354
1.410000000000001,4.857449999999999,0.506270950968267,20.67441637652425,0.0029895775642689243,-3.3051874188958204
1.420000000000001,4.891899999999999,0.5100655279431864,20.679046189768158,0.0030162922383653815,-3.3289947848765093
1.430000000000001,4.9263499999999985,0.5138628396245939,20.683673948457397,0.0030431136079985053,-3.3528065537408587
1.440000000000001,4.960799999999998,0.517662883266841,20.688299653797092,0.0030700421149196864,-3.376622713098709
1.450000000000001,4.995249999999998,0.5214656561248932,20.692923306972826,0.0030970781978237037,-3.400443250619949
1.460000000000001,5.029699999999997,0.5252711554544326,20.697544909150277,0.003124222292290545,-3.4242681540304294
1.470000000000001,5.064149999999997,0.5290793785116165,20.702164461475782,0.0031514748309063754,-3.4480974111131704
1.480000000000001,5.098599999999997,0.5328903225532208,20.706781965076413,0.003178836243195051,-3.47193100970773
1.490000000000001,5.133049999999996,0.5367039848364497,20.711397421060262,0.00320630695578813,-3.4957689377082533
1.500000000000001,5.167499999999996,0.5405203626188932,20.716010830516506,0.0032338873922605443,-3.5196111830634926
1.5100000000000011,5.201949999999996,0.5443394531585872,20.72062219451572,0.003261577973295307,-3.5434577337763873
1.5200000000000011,5.236399999999995,0.5481612537138338,20.72523151411016,0.003289379116680344,-3.567308577903359
1.5300000000000011,5.270849999999995,0.5519857615432116,20.729838790333613,0.0033172912373381908,-3.591163703552211
1.5400000000000011,5.305299999999995,0.5558129739055342,20.734444024202055,0.0033453147473362604,-3.6150230988842185
1.5500000000000012,5.339749999999994,0.5596428880598181,20.73904721671341,0.003373450055897482,-3.6388867521105923
1.5600000000000012,5.374199999999994,0.5634755012651733,20.743648368848064,0.0034016975694352654,-3.6627546514937754
1.5700000000000012,5.4086499999999935,0.5673108107808194,20.748247481568875,0.003430057691656819,-3.6866267853457995
1.5800000000000012,5.443099999999993,0.5711488138659684,20.75284455582142,0.0034585308234356136,-3.710503142028369
1.5900000000000012,5.477549999999993,0.5749895077799304,20.75743959253409,0.0034871173629527027,-3.734383709951631
1.6000000000000012,5.5119999999999925,0.5788328897819185,20.762032592618475,0.003515817705663976,-3.758268477574002
1.6100000000000012,5.546449999999992,0.5826789571310336,20.76662355696931,0.003544632244387584,-3.7821574334014314
1.6200000000000012,5.580899999999992,0.5865277070863325,20.771212486464755,0.003573561369193995,-3.8060505659864377
1.6300000000000012,5.615349999999991,0.5903791369066287,20.775799381966547,0.0036026054676198153,-3.8299478639280458
1.6400000000000012,5.649799999999991,0.5942332438505655,20.780384244320263,0.0036317649244925775,-3.8538493158706313
1.6500000000000012,5.684249999999991,0.5980900251765788,20.78496707435542,0.0036610401220939478,-3.8777549105052467
1.6600000000000013,5.71869999999999,0.6019494781427563,20.789547872885564,0.003690431440107382,-3.9016646365656373
1.6700000000000013,5.75314999999999,0.6058116000069342,20.794126640708548,0.00371993925564429,-3.925578482830695
1.6800000000000013,5.78759999999999,0.6096763880265689,20.798703378606685,0.003749563943307636,-3.9494964381225426
1.6900000000000013,5.822049999999989,0.6135438394587391,20.80327808734686,0.003779305875196112,-3.973418491306226
1.7000000000000013,5.856499999999989,0.6174139515601316,20.807850767680797,0.003809165420845612,-3.997344631289854
1.7100000000000013,5.890949999999989,0.6212867215868882,20.812421420345025,0.0038391429473622167,-4.0212748470224255
1.7200000000000013,5.925399999999988,0.6251621467947819,20.81699004606132,0.003869238819385514,-4.045209127495503
1.7300000000000013,5.959849999999988,0.6290402244389409,20.821556645536546,0.003899453399112222,-4.069147461740761
1.7400000000000013,5.9942999999999875,0.6329209517740606,20.82612121946298,0.003929787046316322,-4.093089838830035
1.7500000000000013,6.028749999999987,0.6368043260541733,20.830683768518618,0.00396024011831681,-4.117036247876299
1.7600000000000013,6.063199999999987,0.6406903445327311,20.835244293366916,0.003990812970128389,-4.1409866780308375
1.7700000000000014,6.0976499999999865,0.6445790044625056,20.839802794657356,0.004021505954299846,-4.164941118484332
1.7800000000000014,6.132099999999986,0.6484703030956269,20.844359273025376,0.004052319421111654,-4.188899558465802
1.7900000000000014,6.166549999999986,0.652364237683518,20.848913729092594,0.004083253718429039,-4.212861987242717
1.8000000000000014,6.200999999999985,0.6562608054768825,20.853466163466784,0.004114309191857375,-4.236828394119142
1.8100000000000014,6.235449999999985,0.6601600037256052,20.85801657674238,0.004145486184625893,-4.26079876843756
1.8200000000000014,6.269899999999985,0.6640618296788212,20.862564969500237,0.004176785037748136,-4.284773099575642
1.8300000000000014,6.304349999999984,0.6679662805848473,20.867111342307982,0.00420820608990319,-4.308751376948446
1.8400000000000014,6.338799999999984,0.6718733536911956,20.871655695720143,0.004239749677530431,-4.332733590006144
1.8500000000000014,6.373249999999984,0.6757830462444635,20.876198030278196,0.004271416134853336,-4.356719728234632
1.8600000000000014,6.407699999999983,0.6796953554903746,20.880738346510775,0.004303205793753778,-4.380709781154111
1.8700000000000014,6.442149999999983,0.6836102786737236,20.885276644933793,0.004335118984078814,-4.404703738320044
1.8800000000000014,6.476599999999983,0.6875278130383429,20.88981292605059,0.004367156033295963,-4.428701589321098
1.8900000000000015,6.511049999999982,0.6914479558271599,20.89434719035208,0.004399317266779622,-4.45270332378055
1.9000000000000015,6.545499999999982,0.6953707042820843,20.898879438316737,0.004431603007721087,-4.476708931353889
1.9100000000000015,6.5799499999999815,0.6992960556439829,20.903409670410994,0.004464013577123844,-4.500718401730609
1.9200000000000015,6.614399999999981,0.7032240071527197,20.907937887089112,0.004496549293870884,-4.524731724631505
1.9300000000000015,6.648849999999981,0.7071545560471244,20.912464088793428,0.004529210474666005,-4.548748889810147
1.9400000000000015,6.6832999999999805,0.7110876995648983,20.916988275954502,0.004561997434168814,-4.5727698870516695
1.9500000000000015,6.71774999999998,0.7150234349426274,20.921510448991214,0.004594910484869421,-4.596794706172033
1.9600000000000015,6.75219999999998,0.718961759415894,20.926030608310967,0.0046279499371513705,-4.620823337019739
1.9700000000000015,6.786649999999979,0.7229026702190028,20.930548754309445,0.0046611160993990765,-4.644855769471273
1.9800000000000015,6.821099999999979,0.726846164585198,20.935064887371333,0.004694409277806824,-4.6688919934352535
1.9900000000000015,6.855549999999979,0.7307922397464486,20.939579007870023,0.004727829776608812,-4.692931998849956
2.0000000000000013,6.889999999999978,0.7347408929336116,20.944091116167684,0.004761377897933913,-4.716975775681945
2.010000000000001,6.924449999999978,0.7386921213762824,20.94860121261574,0.004795053941942738,-4.741023313928329
2.020000000000001,6.958899999999978,0.7426459223028334,20.953109297554715,0.004828858206673857,-4.765074603614257
2.0300000000000007,6.993349999999977,0.7466022929403651,20.95761537131432,0.00486279098823075,-4.789129634793463
2.0400000000000005,7.027799999999977,0.7505612305147106,20.962119434213772,0.0048968525806963896,-4.813188397547448
2.0500000000000003,7.062249999999977,0.7545227322504348,20.966621486561692,0.004931043276152303,-4.837250881986087
2.06,7.096699999999976,0.7584867953707354,20.97112152865644,0.004965363364696569,-4.861317078246361
2.07,7.131149999999976,0.7624534170975499,20.975619560786008,0.004999813134507088,-4.8853869764921765
2.0799999999999996,7.1655999999999755,0.7664225946514831,20.980115583228283,0.0050343928717056985,-4.909460566915021
2.0899999999999994,7.200049999999975,0.7703943252516795,20.98460959625106,0.005069102860591796,-4.9335378397313985
2.099999999999999,7.234499999999975,0.77436860611603,20.98910160011224,0.0051039433834297486,-4.957618785185201
2.109999999999999,7.2689499999999745,0.7783454344609685,20.99359159505987,0.005138914720602616,-4.981703393546166
2.1199999999999988,7.303399999999974,0.7823248075015472,20.99807958133229,0.005174017150572331,-5.005791655108906
2.1299999999999986,7.337849999999974,0.786306722451414,21.002565559158185,0.005209250949873683,-5.029883560193531
2.1399999999999983,7.372299999999973,0.7902911765227065,21.007049528756713,0.005244616393172839,-5.053979099144869
2.149999999999998,7.406749999999973,0.7942781669262324,21.011531490337713,0.005280113753209793,-5.078078262333094
2.159999999999998,7.441199999999973,0.7982676908712203,21.0160114441016,0.005315743300927992,-5.102181040152063
2.1699999999999977,7.475649999999972,0.8022597455655388,21.02048939023969,0.0053515053052787444,-5.126287423020054
2.1799999999999975,7.510099999999972,0.8062543282154538,21.024965328934083,0.005387400033477673,-5.150397401378886
2.1899999999999973,7.544549999999972,0.8102514360257922,21.029439260357975,0.005423427750769606,-5.174510965693984
2.199999999999997,7.578999999999971,0.8142510661998799,21.03391118467561,0.005459588720714142,-5.19862810645429
2.209999999999997,7.613449999999971,0.8182532159394484,21.038381102042365,0.005495883204880992,-5.22274881417078
2.2199999999999966,7.647899999999971,0.8222578824447199,21.042849012604997,0.005532311463101728,-5.246873079377931
2.2299999999999964,7.68234999999997,0.8262650629143904,21.04731491650159,0.005568873753373379,-5.271000892632479
2.239999999999996,7.71679999999997,0.8302747545455418,21.051778813861773,0.00560557033190552,-5.295132244513448
2.249999999999996,7.7512499999999696,0.8342869545337422,21.056240704806722,0.005642401453061438,-5.319267125621599
2.259999999999996,7.785699999999969,0.8383016600728627,21.06070058944911,0.005679367369497065,-5.343405526578331
2.2699999999999956,7.820149999999969,0.8423188683552963,21.065158467893745,0.005716468331993576,-5.3675474380285975
2.2799999999999954,7.8545999999999685,0.8463385765717298,21.069614340236946,0.005753704589610419,-5.391692850636432
2.289999999999995,7.889049999999968,0.8503607819112736,21.07406820656715,0.005791076389664442,-5.415841755087796
2.299999999999995,7.923499999999968,0.8543854815613616,21.078520066964696,0.005828583977665483,-5.439994142088473
2.3099999999999947,7.957949999999967,0.8584126727078594,21.082969921502233,0.0058662275974154555,-5.464150002365643
2.3199999999999945,7.992399999999967,0.862442352534851,21.0874177702445,0.005904007490909062,-5.488309326666169
2.3299999999999943,8.026849999999968,0.8664745182249578,21.09186361324852,0.005941923898484907,-5.5124721057563555
2.339999999999994,8.061299999999967,0.8705091669588598,21.096307450563806,0.0059799770587499615,-5.536638330423015
2.349999999999994,8.095749999999967,0.8745462959157561,21.10074928223228,0.006018167208525028,-5.560807991471496
2.3599999999999937,8.130199999999967,0.8785859022730742,21.105189108288442,0.006056494582970331,-5.584981079727406
2.3699999999999934,8.164649999999966,0.8826279832065327,21.10962692875939,0.006094959415567523,-5.609157586033878
2.3799999999999932,8.199099999999966,0.8866725358901212,21.114062743665038,0.006133561938033432,-5.633337501254312
2.389999999999993,8.233549999999966,0.8907195574961944,21.118496553018122,0.006172302380444034,-5.657520816270159
2.399999999999993,8.267999999999965,0.8947690451952465,21.122928356824147,0.00621118097117757,-5.681707521980243
2.4099999999999926,8.302449999999965,0.8988209961561072,21.127358155081772,0.006250197936917182,-5.705897609302876
2.4199999999999924,8.336899999999964,0.9028754075458644,21.13178594778254,0.006289353502737628,-5.730091069173218
2.429999999999992,8.371349999999964,0.906932276529761,21.136211734911335,0.006328647892009979,-5.754287892544621
2.439999999999992,8.405799999999964,0.9109916002713889,21.14063551644612,0.006368081326427709,-5.778488070388133
2.4499999999999917,8.440249999999963,0.9150533759324722,21.14505729235819,0.0064076540260665825,-5.802691593691388
2.4599999999999915,8.474699999999963,0.9191176006729689,21.149477062612227,0.0064473662093745936,-5.82689845345909
2.4699999999999913,8.509149999999963,0.9231842716511136,21.153894827166475,0.0064872180931331,-5.851108640713822
2.479999999999991,8.543599999999962,0.927253386023203,21.15831058597252,0.0065272098925176604,-5.875322146493425
2.489999999999991,8.578049999999962,0.9313249409438599,21.162724338975725,0.00656734182101974,-5.899538961853216
2.4999999999999907,8.612499999999962,0.9353989335658592,21.16713608611509,0.006607614090654242,-5.923759077864116
2.5099999999999905,8.646949999999961,0.9394753610400747,21.17154582732339,0.006648026911661674,-5.947982485613864
2.5199999999999902,8.681399999999961,0.9435542205156404,21.175953562527248,0.006688580492799542,-5.972209176205297
2.52999999999999,8.71584999999996,0.9476355091398059,21.18035929164722,0.00672927504114553,-5.9964391407575945
2.53999999999999,8.75029999999996,0.9517192240579978,21.18476301459777,0.0067701107622381695,-6.020672370404583
2.5499999999999896,8.78474999999996,0.9558053624137356,21.189164731287512,0.006811087860024802,-6.044908856295955
2.5599999999999894,8.81919999999996,0.9598939213488027,21.193564441619266,0.006852206536864805,-6.069148589597414
2.569999999999989,8.85364999999996,0.9639848980029727,21.19796214548985,0.006893466993513306,-6.093391561487637
2.579999999999989,8.888099999999959,0.9680782895142293,21.202357842790516,0.006934869429210014,-6.1176377631614836
2.5899999999999888,8.922549999999958,0.972174093018685,21.206751533406898,0.006976414041600247,-6.1418871858283435
2.5999999999999885,8.956999999999958,0.9762723056505047,21.21114321721899,0.007018101026774657,-6.166139820711798
2.6099999999999883,8.991449999999958,0.9803729245420033,21.215532894101255,0.007059930579267619,-6.190395659049082
2.619999999999988,9.025899999999957,0.984475946823617,21.219920563922795,0.00710190289209073,-6.214654692093059
2.629999999999988,9.060349999999957,0.9885813696238385,21.22430622654728,0.007144018156685642,-6.238916911108973
2.6399999999999877,9.094799999999957,0.9926891900692398,21.22868988183307,0.007186276563022068,-6.263182307375984
2.6499999999999875,9.129249999999956,0.9967994052845351,21.23307152963338,0.007228678299420107,-6.287450872187982
2.6599999999999873,9.163699999999956,1.0009120123924937,21.237451169796174,0.007271223552768705,-6.311722596851326
2.669999999999987,9.198149999999956,1.0050270085139092,21.24182880216439,0.007313912508423823,-6.335997472685613
2.679999999999987,9.232599999999955,1.0091443907676854,21.246204426575897,0.007356745350221997,-6.360275491024322
2.6899999999999866,9.267049999999955,1.0132641562708093,21.250578042863573,0.007399722260483779,-6.38455664321289
2.6999999999999864,9.301499999999955,1.0173863021382692,21.254949650855448,0.007442843420029878,-6.408840920610415
2.709999999999986,9.335949999999954,1.021510825483111,21.25931925037469,0.007486109008174794,-6.433128314587804
2.719999999999986,9.370399999999954,1.0256377234164993,21.263686841239675,0.007529519202751526,-6.457418816529191
2.7299999999999858,9.404849999999954,1.0297669930475322,21.26805242326421,0.007573074180096634,-6.481712417830842
2.7399999999999856,9.439299999999953,1.0338986314833982,21.27241599625717,0.007616774115049974,-6.506009109900873
2.7499999999999853,9.473749999999953,1.0380326358293277,21.276777560023167,0.007660619181001432,-6.53030888415993
2.759999999999985,9.508199999999952,1.0421690031885373,21.281137114362092,0.007704609549831368,-6.554611732039949
2.769999999999985,9.542649999999952,1.0463077306622932,21.285494659069467,0.007748745391966058,-6.578917644985473
2.7799999999999847,9.577099999999952,1.05044881534987,21.289850193936438,0.007793026876406019,-6.603226614452139
2.7899999999999845,9.611549999999951,1.054592254348538,21.294203718749696,0.00783745417062472,-6.62753863190673
2.7999999999999843,9.645999999999951,1.0587380447535517,21.29855523329178,0.007882027440642918,-6.651853688827919
2.809999999999984,9.68044999999995,1.0628861836582244,21.302904737341017,0.007926746851090849,-6.676171776705699
2.819999999999984,9.71489999999995,1.067036668153818,21.307252230671477,0.007971612565099673,-6.700492887040227
2.8299999999999836,9.74934999999995,1.0711894953296384,21.311597713053278,0.008016624744366454,-6.72481701134388
2.8399999999999834,9.78379999999995,1.0753446622728897,21.315941184252317,0.008061783549161212,-6.749144141138624
2.849999999999983,9.81824999999995,1.0795021660688362,21.320282644030787,0.008107089138329488,-6.773474267958117
2.859999999999983,9.852699999999949,1.083662003800672,21.324622092146704,0.008152541669208122,-6.79780738334552
2.869999999999983,9.887149999999949,1.0878241725496227,21.328959528354318,0.008198141297818323,-6.8221434788553665
2.8799999999999826,9.921599999999948,1.0919886693948229,21.33329495240418,0.008243888178728377,-6.846482546052183
2.8899999999999824,9.956049999999948,1.0961554914134009,21.337628364042878,0.008289782465020802,-6.870824576509901
2.899999999999982,9.990499999999948,1.1003246356804148,21.341959763013506,0.008335824308429388,-6.895169561813385
2.909999999999982,10.024949999999947,1.1044960992689246,21.346289149055494,0.008382013859281834,-6.919517493557469
2.9199999999999817,10.059399999999947,1.1086698792499625,21.35061652190458,0.008428351266458935,-6.943868363346192
2.9299999999999815,10.093849999999946,1.1128459726923947,21.354941881293115,0.008474836677451802,-6.968222162793599
2.9399999999999813,10.128299999999946,1.1170243766631542,21.35926522694991,0.008521470238382425,-6.992578883523232
2.949999999999981,10.162749999999946,1.1212050882270654,21.363586558600396,0.00856825209393041,-7.016938517168141
2.959999999999981,10.197199999999945,1.1253881044468894,21.367905875966635,0.0086151823874481,-7.041301055370597
2.9699999999999807,10.231649999999945,1.1295734223833296,21.37222317876736,0.008662261260836126,-7.065666489781976
2.9799999999999804,10.266099999999945,1.1337610390949964,21.376538466718117,0.008709488854637864,-7.090034812063027
2.9899999999999802,10.300549999999944,1.137950951638473,21.380851739531217,0.008756865308043385,-7.114406013883683
2.99999999999998,10.334999999999944,1.142143157068225,21.385162996915803,0.00880439075880628,-7.138780086922014
3.00999999999998,10.369449999999944,1.146337652436621,21.389472238577973,0.008852065343387203,-7.163157022865199
3.0199999999999796,10.403899999999943,1.1505344347940294,21.393779464220806,0.008899889196804836,-7.187536813409663
3.0299999999999794,10.438349999999943,1.15473350118865,21.39808467354433,0.008947862452737558,-7.21191945025967
3.039999999999979,10.472799999999943,1.1589348486666233,21.402387866245657,0.00899598524351107,-7.236304925128297
3.049999999999979,10.507249999999942,1.1631384742719717,21.406689042019032,0.009044257700092932,-7.260693229736425
3.0599999999999787,10.541699999999942,1.1673443750466481,21.410988200555877,0.009092679952072757,-7.285084355814005
3.0699999999999785,10.576149999999942,1.171552548030523,21.415285341544823,0.009141252127711334,-7.309478295098869
3.0799999999999783,10.610599999999941,1.175762990261267,21.419580464671718,0.00918997435392228,-7.333875039336315
3.089999999999978,10.64504999999994,1.1799756987745644,21.42387356961987,0.00923884675624452,-7.358274580280516
3.099999999999978,10.67949999999994,1.1841906706039174,21.428164656069733,0.009287869458884943,-7.382676909692395
3.1099999999999777,10.71394999999994,1.1884079027807262,21.432453723699435,0.00933704258473182,-7.407082019342114
3.1199999999999775,10.74839999999994,1.1926273923343176,21.436740772184343,0.009386366255313408,-7.431489901006047
3.1299999999999772,10.78284999999994,1.1968491362917768,21.441025801197508,0.009435840590836271,-7.4559005464690715
3.139999999999977,10.817299999999939,1.2010731316782504,21.445308810409408,0.009485465710174735,-7.480313947522836
3.149999999999977,10.851749999999939,1.205299375516583,21.449589799488248,0.009535241730864107,-7.504730095967233
3.1599999999999766,10.886199999999938,1.2095278648276184,21.4538687680998,0.009585168769126254,-7.529148983608515
3.1699999999999764,10.920649999999938,1.213758596629982,21.458145715907616,0.009635246939849795,-7.553570602260848
3.179999999999976,10.955099999999938,1.2179915679402176,21.46242064257299,0.009685476356622967,-7.5779949437453435
3.189999999999976,10.989549999999937,1.2222267757727225,21.46669354775497,0.009735857131681814,-7.6024219998900415
3.1999999999999758,11.023999999999937,1.2264642171397429,21.470964431110545,0.009786389376002536,-7.626851762530008
3.2099999999999755,11.058449999999937,1.2307038890513808,21.47523329229443,0.009837073199164617,-7.651284223506797
3.2199999999999753,11.092899999999936,1.2349457885156003,21.47950013095948,0.009887908709539265,-7.675719374669305
3.229999999999975,11.127349999999936,1.239189912538211,21.48376494675643,0.009938896014106214,-7.700157207872969
3.239999999999975,11.161799999999936,1.2434362581229321,21.488027739334044,0.009990035218593651,-7.724597714979658
3.2499999999999747,11.196249999999935,1.2476848222711978,21.492288508339204,0.01004132642741495,-7.749040887858065
3.2599999999999745,11.230699999999935,1.2519356019824228,21.496547253416857,0.010092769743653682,-7.773486718382679
3.2699999999999743,11.265149999999934,1.2561885942537725,21.500803974210225,0.010144365269143293,-7.79793519843545
3.279999999999974,11.299599999999934,1.260443796080302,21.505058670360597,0.010196113104374977,-7.822386319903451
3.289999999999974,11.334049999999934,1.2647012044549109,21.509311341507644,0.010248013348584465,-7.846840074680782
3.2999999999999736,11.368499999999933,1.268960816368284,21.51356198728931,0.01030006609972676,-7.871296454667751
3.3099999999999734,11.402949999999933,1.2732226288089843,21.517810607341847,0.010352271454383312,-7.895755451770229
3.319999999999973,11.437399999999933,1.2774866387633845,21.522057201299944,0.010404629507974286,-7.920217057900242
3.329999999999973,11.471849999999932,1.2817528432156844,21.52630176879665,0.010457140354515558,-7.944681264976082
3.3399999999999728,11.506299999999932,1.2860212391479322,21.53054430946356,0.010509804086830204,-7.969148064921019
3.3499999999999726,11.540749999999932,1.290291823539973,21.534784822930753,0.010562620796378056,-7.993617449665159
3.3599999999999723,11.575199999999931,1.2945645933694898,21.53902330882695,0.010615590573452799,-8.018089411144375
3.369999999999972,11.609649999999931,1.298839545611965,21.543259766779283,0.010668713506974098,-8.042563941298708
3.379999999999972,11.64409999999993,1.303116677240771,21.547494196413783,0.010721989684582338,-8.067041032075762
3.3899999999999717,11.67854999999993,1.3073959852269605,21.55172659735495,0.010775419192706947,-8.091520675427066
3.3999999999999715,11.71299999999993,1.3116774665395354,21.55595696922621,0.010829002116474045,-8.116002863310714
3.4099999999999713,11.74744999999993,1.3159611181452358,21.560185311649516,0.010882738539762508,-8.140487587689167
3.419999999999971,11.78189999999993,1.3202469370086383,21.564411624245885,0.010936628545096607,-8.164974840531139
3.429999999999971,11.816349999999929,1.324534920092089,21.568635906635055,0.010990672213830436,-8.189464613810081
3.4399999999999706,11.850799999999929,1.328825064355841,21.572858158435707,0.011044869626027925,-8.213956899504957
3.4499999999999704,11.885249999999928,1.3331173667578184,21.577078379265423,0.011099220860461612,-8.23845168959986
3.45999999999997,11.919699999999928,1.337411824253842,21.581296568740754,0.01115372599466762,-8.262948976083548
3.46999999999997,11.954149999999927,1.3417084337974843,21.585512726477347,0.011208385104859879,-8.287448750950032
3.47999999999997,11.988599999999927,1.3460071923401375,21.589726852089818,0.011263198266106682,-8.311951006198589
3.4899999999999696,12.023049999999927,1.3503080968310262,21.59393894519193,0.011318165552102593,-8.336455733833002
3.4999999999999694,12.057499999999926,1.3546111442170736,21.59814900539654,0.011373287035338879,-8.36096292586197
3.509999999999969,12.091949999999926,1.358916331443143,21.60235703231581,0.011428562787011785,-8.385472574299671
3.519999999999969,12.126399999999926,1.3632236554517412,21.606563025560934,0.011483992877108906,-8.409984671163974
3.5299999999999687,12.160849999999925,1.3675331131832775,21.6107669847425,0.01153957737434822,-8.434499208478103
3.5399999999999685,12.195299999999925,1.3718447015758797,21.614968909470313,0.01159531634615062,-8.45901617826945
3.5499999999999683,12.229749999999925,1.3761584175655213,21.619168799353584,0.011651209858735797,-8.483535572570789
3.559999999999968,12.264199999999924,1.3804742580858982,21.623366654000762,0.011707257977051208,-8.508057383418215
3.569999999999968,12.298649999999924,1.3847922200685752,21.627562473019964,0.011763460764741971,-8.532581602853941
3.5799999999999677,12.333099999999924,1.3891123004428318,21.631756256018452,0.01181981828426886,-8.557108222923036
3.5899999999999674,12.367549999999923,1.393434496135772,21.635948002603264,0.011876330596855634,-8.581637235676535
3.5999999999999672,12.401999999999923,1.3977588040722269,21.64013771238064,0.011932997762366266,-8.606168633167504
3.609999999999967,12.436449999999923,1.402085221174936,21.644325384956726,0.011989819839520615,-8.630702407456184
3.619999999999967,12.470899999999922,1.4064137443642541,21.648511019937,0.012046796885732576,-8.655238550604482
3.6299999999999666,12.505349999999922,1.4107443705584408,21.652694616926773,0.01210392895718809,-8.679777054680486
3.6399999999999664,12.539799999999921,1.4150770966734618,21.65687617553091,0.01216121610879559,-8.704317911755313
3.649999999999966,12.574249999999921,1.419411919623105,21.661055695354015,0.012218658394260272,-8.72886111390435
3.659999999999966,12.60869999999992,1.423748836318937,21.665233176000473,0.01227625586598843,-8.753406653207561
3.6699999999999657,12.64314999999992,1.4280878436702493,21.669408617074424,0.012334008575171121,-8.777954521748333
3.6799999999999655,12.67759999999992,1.432428938584155,21.67358201817988,0.012391916571705238,-8.802504711614493
3.6899999999999653,12.71204999999992,1.4367721179655097,21.67775337892062,0.012449979904283938,-8.82705721489748
3.699999999999965,12.74649999999992,1.4411173787170142,21.681922698900458,0.012508198620311602,-8.851612023692997
3.709999999999965,12.780949999999919,1.4454647177390476,21.686089977723043,0.012566572766001139,-8.876169130100783
3.7199999999999647,12.815399999999919,1.4498141319298312,21.69025521499198,0.012625102386223254,-8.900728526223544
3.7299999999999645,12.849849999999918,1.4541656181853186,21.694418410310945,0.012683787524689544,-8.92529020416872
3.7399999999999642,12.884299999999918,1.4585191733992153,21.69857956328361,0.01274262822379082,-8.949854156047103
3.749999999999964,12.918749999999918,1.4628747944630929,21.702738673513707,0.012801624524705369,-8.974420373973087
3.759999999999964,12.953199999999917,1.467232478266176,21.70689574060517,0.012860776467328399,-8.998988850065128
3.7699999999999636,12.987649999999917,1.4715922216955495,21.711050764162017,0.01292008409032787,-9.023559576445052
3.7799999999999634,13.022099999999917,1.4759540216360216,21.715203743788408,0.012979547431119082,-9.048132545238671
3.789999999999963,13.056549999999916,1.4803178749701642,21.719354679088717,0.013039166525797147,-9.072707748574384
3.799999999999963,13.090999999999916,1.4846837785783948,21.723503569667734,0.013098941409314903,-9.097285178585977
3.8099999999999627,13.125449999999915,1.4890517293387822,21.72765041513036,0.013158872115268642,-9.121864827409285
3.8199999999999625,13.159899999999915,1.493421724127268,21.731795215081902,0.013218958676047065,-9.146446687184227
3.8299999999999623,13.194349999999915,1.497793759817474,21.73593796912794,0.013279201122765158,-9.171030750053822
3.839999999999962,13.228799999999914,1.5021678332808996,21.740078676874518,0.01333959948525405,-9.195617008164856
3.849999999999962,13.263249999999914,1.5065439413867072,21.744217337928106,0.013400153792134547,-9.220205453667711
3.8599999999999617,13.297699999999914,1.5109220810018882,21.7483539518956,0.013460864070730605,-9.24479607871555
3.8699999999999615,13.332149999999913,1.5153022489912078,21.75248851838442,0.013521730347088153,-9.269388875465765
3.8799999999999613,13.366599999999913,1.5196844422171505,21.756621037002454,0.013582752646021745,-9.293983836077912
3.889999999999961,13.401049999999913,1.5240686575400446,21.760751507358197,0.013643930991064611,-9.31858095271581
3.899999999999961,13.435499999999912,1.5284548918179144,21.764879929060747,0.013705265404485634,-9.343180217546575
3.9099999999999606,13.469949999999912,1.5328431419066164,21.76900630171979,0.013766755907241877,-9.367781622739873
3.9199999999999604,13.504399999999912,1.537233404659757,21.773130624945736,0.013828402519100036,-9.392385160469658
3.92999999999996,13.538849999999911,1.541625676928726,21.777252898349573,0.013890205258466366,-9.4169908229119
3.93999999999996,13.57329999999991,1.5460199555626426,21.781373121543076,0.013952164142527965,-9.441598602246371
3.9499999999999598,13.60774999999991,1.5504162374084631,21.785491294138826,0.014014279187157893,-9.466208490656411
3.9599999999999596,13.64219999999991,1.5548145193108682,21.789607415750147,0.014076550406983569,-9.490820480327647
3.9699999999999593,13.67664999999991,1.559214798112371,21.79372148599118,0.014138977815331867,-9.515434563449613
3.979999999999959,13.71109999999991,1.563617070653161,21.797833504476927,0.014201561424233922,-9.540050732214214
3.989999999999959,13.74554999999991,1.5680213337713682,21.80194347082331,0.014264301244447908,-9.564668978817311
3.9999999999999587,13.779999999999909,1.5724275843027198,21.80605138464704,0.014327197285440043,-9.589289295456782
4.009999999999959,13.814449999999908,1.576835819080866,21.810157245566035,0.014390249555386692,-9.613911674334968
4.019999999999959,13.848899999999908,1.5812460349371475,21.81426105319897,0.01445345806112568,-9.638536107655808
4.0299999999999585,13.883349999999908,1.5856582287007304,21.818362807165624,0.014516822808308034,-9.663162587627102
4.039999999999958,13.917799999999907,1.5900723971986226,21.82246250708682,0.014580343801177247,-9.687791106459512
4.049999999999958,13.952249999999907,1.5944885372554873,21.826560152584413,0.014644021042705357,-9.712421656366363
4.059999999999958,13.986699999999907,1.5989066456938656,21.83065574328147,0.014707854534593102,-9.737054229564524
4.069999999999958,14.021149999999906,1.6033267193340743,21.8347492788021,0.014771844277166516,-9.76168881827322
4.079999999999957,14.055599999999906,1.6077487549941998,21.838840758771617,0.014835990269501918,-9.786325414714806
4.089999999999957,14.090049999999906,1.6121727494901463,21.842930182816584,0.014900292509320711,-9.81096401111511
4.099999999999957,14.124499999999905,1.616598699635619,21.84701755056468,0.014964750993065925,-9.835604599701709
4.109999999999957,14.158949999999905,1.6210266022421116,21.851102861645035,0.015029365715817103,-9.860247172706645
4.119999999999957,14.193399999999905,1.625456454118898,21.85518611568792,0.015094136671343525,-9.884891722363149
4.129999999999956,14.227849999999904,1.6298882520730638,21.859267312324956,0.01515906385211479,-9.909538240908802
4.139999999999956,14.262299999999904,1.6343219929095325,21.86334645118919,0.015224147249219543,-9.934186720582929
4.149999999999956,14.296749999999903,1.6387576734310014,21.867423531915037,0.01528938685243966,-9.958837153628744
4.159999999999956,14.331199999999903,1.6431952904379727,21.87149855413825,0.015354782650196245,-9.983489532291157
4.1699999999999555,14.365649999999903,1.6476348407287946,21.87557151749609,0.015420334629649955,-10.008143848818548
4.179999999999955,14.400099999999902,1.6520763210995986,21.87964242162735,0.015486042776462173,-10.032800095462429
4.189999999999955,14.434549999999902,1.656519728344346,21.883711266172284,0.015551907075058219,-10.057458264476754
4.199999999999955,14.468999999999902,1.6609650592548124,21.887778050772635,0.015617927508509688,-10.082118348118229
4.209999999999955,14.503449999999901,1.665412310620628,21.891842775071765,0.01568410405847263,-10.10678033864623
4.2199999999999545,14.537899999999901,1.6698614792292479,21.89590543871465,0.015750436705263236,-10.131444228323486
4.229999999999954,14.5723499999999,1.6743125618658854,21.899966041347863,0.01581692542784016,-10.156110009414922
4.239999999999954,14.6067999999999,1.6787655553136924,21.904024582619623,0.01588357020376411,-10.180777674188395
4.249999999999954,14.6412499999999,1.6832204563535644,21.908081062179875,0.015950371009245224,-10.205447214914717
4.259999999999954,14.6756999999999,1.6876772617643383,21.91213547968023,0.01601732781912729,-10.230118623867375
4.269999999999953,14.7101499999999,1.6921359683226025,21.91618783477402,0.016084440606791026,-10.254791893322372
4.279999999999953,14.744599999999899,1.696596572802861,21.920238127116527,0.01615170934431718,-10.27946701555892
4.289999999999953,14.779049999999899,1.7010590719774454,21.924286356364572,0.016219134002338063,-10.304143982858742
4.299999999999953,14.813499999999898,1.7055234626165585,21.928332522177,0.016286714550104865,-10.328822787506168
4.3099999999999525,14.847949999999898,1.7099897414882534,21.932376624214434,0.016354450955436847,-10.353503421788352
4.319999999999952,14.882399999999897,1.7144579053584512,21.93641866213943,0.016422343184746484,-10.37818587799537
4.329999999999952,14.916849999999897,1.718927950990974,21.940458635616324,0.016490391203095048,-10.40287014841951
4.339999999999952,14.951299999999897,1.723399875147457,21.94449654431162,0.016558594974021783,-10.42755622535671
4.349999999999952,14.985749999999896,1.7278736745874979,21.948532387893543,0.016626954459694164,-10.452244101104489
4.3599999999999515,15.020199999999896,1.7323493460685453,21.952566166032597,0.016695469620827963,-10.476933767964459
4.369999999999951,15.054649999999896,1.7368268863459344,21.956597878401027,0.0167641404167412,-10.501625218239226
4.379999999999951,15.089099999999895,1.741306292172914,21.96062752467332,0.01683296680524475,-10.526318444235809
4.389999999999951,15.123549999999895,1.7457875603006268,21.96465510452594,0.01690194874276555,-10.55101343826272
4.399999999999951,15.157999999999895,1.7502706874781202,21.968680617637546,0.016971086184220205,-10.575710192631675
4.40999999999995,15.192449999999894,1.7547556704524074,21.97270406368886,0.017040379083067964,-10.600408699657363
4.41999999999995,15.226899999999894,1.7592425059683328,21.976725442362852,0.017109827391325085,-10.625108951656783
4.42999999999995,15.261349999999894,1.763731190768785,21.98074475334457,0.017179431059511356,-10.649810940949497
4.43999999999995,15.295799999999893,1.7682217215944844,21.984761996321332,0.01724919003669368,-10.6745146598583
4.4499999999999496,15.330249999999893,1.7727140951841565,21.988777170982743,0.017319104270419754,-10.69922010070837
4.459999999999949,15.364699999999893,1.777208308274484,21.992790277020585,0.017389173706778054,-10.723927255827807
4.469999999999949,15.399149999999892,1.7817043576000355,21.99680131412907,0.017459398290287996,-10.748636117547091
4.479999999999949,15.433599999999892,1.7862022398934405,22.000810282004526,0.017529777964058045,-10.773346678199333
4.489999999999949,15.468049999999891,1.7907019518852236,22.004817180345878,0.017600312669621313,-10.798058930121323
4.4999999999999485,15.502499999999891,1.7952034903039393,22.008822008854207,0.01767100234700468,-10.822772865651103
4.509999999999948,15.53694999999989,1.799706851876109,22.01282476723312,0.017741846934680297,-10.847488477130565
4.519999999999948,15.57139999999989,1.8042120333262424,22.01682545518865,0.017812846369665764,-10.872205756904282
4.529999999999948,15.60584999999989,1.808719031376904,22.02082407242917,0.017884000587320988,-10.896924697318573
4.539999999999948,15.64029999999989,1.8132278427486213,22.02482061866568,0.017955309521555114,-10.92164529072362
4.549999999999947,15.67474999999989,1.8177384641599592,22.028815093611605,0.018026773104695602,-10.946367529471317
4.559999999999947,15.709199999999889,1.8222508923275043,22.0328074969829,0.01809839126746672,-10.971091405917575
4.569999999999947,15.743649999999889,1.826765123965903,22.036797828498006,0.018170163939046302,-10.995816912419402
4.579999999999947,15.778099999999888,1.8312811557879138,22.040786087878097,0.018242091047087926,-11.020544041338171
4.589999999999947,15.812549999999888,1.8357989845042295,22.04477227484681,0.018314172517565182,-11.045272785036406
4.599999999999946,15.846999999999888,1.840318606823707,22.048756389130503,0.018386408274899842,-11.070003135880764
4.609999999999946,15.881449999999887,1.8448400194532697,22.052738430458103,0.01845879824193184,-11.09473508623976
4.619999999999946,15.915899999999887,1.8493632190978972,22.05671839856128,0.018531342339868896,-11.119468628484945
4.629999999999946,15.950349999999887,1.8538882024607573,22.06069629317436,0.01860404048831988,-11.144203754990885
4.6399999999999455,15.984799999999886,1.8584149662430658,22.064672114034426,0.01867689260521268,-11.16894045813437
4.649999999999945,16.019249999999886,1.8629435071442126,22.068645860881244,0.018749898606927235,-11.193678730295474
4.659999999999945,16.053699999999886,1.867473821861692,22.072617533457485,0.01882305840811968,-11.218418563856709
4.669999999999945,16.088149999999885,1.8720059070911421,22.07658713150844,0.018896371921844613,-11.243159951203186
4.679999999999945,16.122599999999885,1.8765397595264133,22.08055465478226,0.01896983905945598,-11.267902884722691
4.689999999999944,16.157049999999884,1.881075375859552,22.084520103030144,0.01904345973072108,-11.29264735680719
4.699999999999944,16.191499999999884,1.8856127527807187,22.08848347600583,0.01911723384366041,-11.317393359849364
4.709999999999944,16.225949999999884,1.8901518869783591,22.092444773466205,0.019191161304620598,-11.342140886246478
4.719999999999944,16.260399999999883,1.8946927751391165,22.096403995170874,0.019265242018259073,-11.366889928397084
4.729999999999944,16.294849999999883,1.8992354139478296,22.10036114088252,0.01933947588753381,-11.391640478703474
4.739999999999943,16.329299999999883,1.9037798000876778,22.10431621036664,0.01941386281367509,-11.416392529570599
4.749999999999943,16.363749999999882,1.9083259302400302,22.10826920339189,0.01948840269624233,-11.441146073406246
4.759999999999943,16.398199999999882,1.9128738010846096,22.112220119729766,0.019563095432994525,-11.465901102620531
4.769999999999943,16.43264999999988,1.9174234092992872,22.116168959154773,0.019637940920025517,-11.490657609626536
4.7799999999999425,16.46709999999988,1.921974751560463,22.120115721444563,0.019712939051613924,-11.515415586840968
4.789999999999942,16.50154999999988,1.926527824542745,22.12406040637981,0.01978808972032815,-11.540175026682494
4.799999999999942,16.53599999999988,1.931082624919088,22.12800301374423,0.019863392816933535,-11.564935921572923
4.809999999999942,16.57044999999988,1.9356391493608591,22.131943543324663,0.019938848230482385,-11.589698263936748
4.819999999999942,16.60489999999988,1.940197394537818,22.13588199491114,0.020014455848134237,-11.614462046201814
4.8299999999999415,16.63934999999988,1.9447573571180987,22.1398183682967,0.02009021555537286,-11.639227260798155
4.839999999999941,16.67379999999988,1.9493190337682482,22.14375266327763,0.02016612723579748,-11.663993900158669
4.849999999999941,16.70824999999988,1.9538824211533528,22.14768487965342,0.020242190771209777,-11.688761956720443
4.859999999999941,16.74269999999988,1.9584475159368273,22.151615017226693,0.02031840604159786,-11.713531422921209
4.869999999999941,16.777149999999878,1.9630143147806878,22.155543075803358,0.02039477292513611,-11.738302291203695
4.87999999999994,16.811599999999878,1.967582814345408,22.15946905519257,0.020471291298083595,-11.763074554012537
4.88999999999994,16.846049999999877,1.9721530112899837,22.16339295520666,0.020547961034930687,-11.787848203794866
4.89999999999994,16.880499999999877,1.9767249022720284,22.16731477566134,0.020624782008234407,-11.812623233001752
4.90999999999994,16.914949999999877,1.981298483947656,22.171234516375513,0.020701754088719406,-11.837399634086395
4.9199999999999395,16.949399999999876,1.9858737529716046,22.175152177171476,0.020778877145206945,-11.862177399505192
4.929999999999939,16.983849999999876,1.9904507059972665,22.179067757874883,0.02085615104465173,-11.886956521717838
4.939999999999939,17.018299999999876,1.99502933967667,22.182981258314697,0.02093357565205679,-11.911736993186544
4.949999999999939,17.052749999999875,1.9996096506605054,22.186892678323247,0.021011150830516558,-11.936518806376236
4.959999999999939,17.087199999999875,2.0041916355981484,22.19080201773621,0.021088876441263008,-11.961301953755175
4.9699999999999385,17.121649999999875,2.0087752911377588,22.194709276392715,0.021166752343486885,-11.986086427794916
4.979999999999938,17.156099999999874,2.0133606139262215,22.198614454135388,0.02124477839451298,-12.010872220969466
4.989999999999938,17.190549999999874,2.0179476006091988,22.202517550810125,0.02132295444968868,-12.035659325755933
4.999999999999938,17.224999999999874,2.0225362478311633,22.2064185662664,0.021401280362381963,-12.060447734634467
5.009999999999938,17.224999999999998,2.024741533275309,22.2069783640786,0.02150150122038448,-12.068190721314624
5.019999999999937,17.190549999999998,2.0232007854243252,22.203765381499615,0.021550390225614995,-12.054075329075681
5.029999999999937,17.1561,2.0197788604849154,22.200035159425276,0.021507184607264015,-12.03333475038327
5.039999999999937,17.12165,2.015638513900347,22.196194806746163,0.02144016150565827,-12.0100956444551
5.049999999999937,17.0872,2.0112193052127454,22.19231326782297,0.02136675599299862,-11.985885552976768
5.0599999999999365,17.05275,2.0066921198133394,22.18841310282714,0.02129124313795975,-11.96129187551793
5.069999999999936,17.0183,2.0021222046661915,22.184504461904883,0.021214527391827012,-11.936545734987117
5.079999999999936,16.98385,1.997536167796258,22.180591121710037,0.02113724175008384,-11.911739157548004
5.089999999999936,16.9494,1.9929446102181732,22.176674646462985,0.021059626554404617,-11.886908918184842
5.099999999999936,16.91495,1.9883518391818833,22.17275565991976,0.020981910769397736,-11.862069992617284
5.1099999999999355,16.8805,1.9837595933487986,22.168834410079178,0.020904190431873037,-11.837228370681126
5.119999999999935,16.84605,1.9791685757294677,22.16491100274248,0.0208265428677687,-11.81238652284862
5.129999999999935,16.811600000000002,1.9745790754723302,22.160985477599397,0.020749000781060182,-11.787545435274243
5.139999999999935,16.777150000000002,1.9699912101135924,22.157057852892798,0.0206715878193942,-11.762705523227542
5.149999999999935,16.742700000000003,1.9654050303203898,22.153128135065543,0.02059431406375549,-11.73786695470092
5.159999999999934,16.708250000000003,1.9608205581288098,22.149196327434566,0.02051718639324652,-11.713029805160598
5.169999999999934,16.673800000000004,1.9562378047765305,22.145262431171595,0.020440207800339564,-11.688194108507219
5.179999999999934,16.639350000000004,1.9516567766858324,22.141326447029346,0.020363380283115212,-11.663359883729052
5.189999999999934,16.604900000000004,1.9470774785397305,22.13738837536255,0.020286704763656144,-11.638527142749824
5.199999999999934,16.570450000000005,1.9424999142018196,22.133448216482364,0.020210181873743724,-11.613695895118976
5.209999999999933,16.536000000000005,1.9379240872561578,22.129505970625676,0.020133811952583014,-11.58886614916709
5.219999999999933,16.501550000000005,1.9333500011442815,22.125561638030543,0.02005759525674518,-11.564037912856154
5.229999999999933,16.467100000000006,1.9287776592621675,22.121615218922884,0.0199815319633748,-11.53921119393702
5.239999999999933,16.432650000000006,1.9242070649794067,22.11766671353276,0.019905622225673426,-11.5143860001061
5.2499999999999325,16.398200000000006,1.919638221657128,22.11371612209024,0.019829866174465496,-11.489562339024086
5.259999999999932,16.363750000000007,1.9150711326503944,22.109763444829127,0.019754263932842325,-11.464740218347217
5.269999999999932,16.329300000000007,1.9105058013115659,22.1058086819856,0.019678815616671747,-11.439919645726379
5.279999999999932,16.294850000000007,1.9059422309905891,22.101851833799277,0.019603521338452928,-11.415100628816061
5.289999999999932,16.260400000000008,1.9013804250355308,22.097892900512587,0.019528381207442658,-11.390283175270913
5.299999999999931,16.225950000000008,1.8968203867926479,22.093931882371148,0.019453395330709625,-11.365467292748864
5.309999999999931,16.19150000000001,1.8922621196065261,22.089968779623753,0.019378563813183473,-11.340652988911874
5.319999999999931,16.15705000000001,1.8877056268199335,22.086003592522005,0.01930388675788874,-11.315840271423385
5.329999999999931,16.12260000000001,1.8831509117739764,22.08203632132082,0.019229364266027425,-11.291029147951084
5.339999999999931,16.08815000000001,1.8785979778079498,22.07806696627781,0.019154996436927967,-11.266219626164608
5.34999999999993,16.05370000000001,1.8740468282594198,22.07409552765379,0.01908078336827308,-11.241411713737197
5.35999999999993,16.01925000000001,1.8694974664642043,22.07012200571246,0.01900672515586655,-11.216605418345363
5.36999999999993,15.98480000000001,1.8649498957562858,22.06614640072049,0.0189328218938738,-11.191800747668417
5.37999999999993,15.950350000000011,1.8604041194678516,22.062168712947305,0.018859073674685513,-11.166997709388294
5.3899999999999295,15.915900000000011,1.855860140929254,22.058188942665478,0.018785480588973107,-11.14219631119064
5.399999999999929,15.881450000000012,1.8513179634690478,22.054207090150214,0.018712042725690686,-11.117396560763575
5.409999999999929,15.847000000000012,1.846777590413895,22.05022315567967,0.01863876017217516,-11.092598465798549
5.419999999999929,15.812550000000012,1.8422390250886491,22.046237139534803,0.01856563301395176,-11.067802033989977
5.429999999999929,15.778100000000013,1.837702270816201,22.042249041999348,0.018492661334912473,-11.043007273035037
5.4399999999999284,15.743650000000013,1.8331673309176582,22.038258863359744,0.01841984521729588,-11.018214190633854
5.449999999999928,15.709200000000013,1.8286342087121255,22.034266603905337,0.01834718474166775,-10.993422794490233
5.459999999999928,15.674750000000014,1.8241029075168667,22.030272263928016,0.018274679986937544,-10.96863309231004
5.469999999999928,15.640300000000014,1.8195734306471836,22.02627584372246,0.01820233103031984,-10.943845091802912
5.479999999999928,15.605850000000014,1.8150457814164644,22.02227734358596,0.018130137947435912,-10.91905880068085
5.489999999999927,15.571400000000015,1.8105199631360984,22.01827676381842,0.01805810081221979,-10.894274226658405
5.499999999999927,15.536950000000015,1.8059959791155689,22.014274104722503,0.017986219697021272,-10.869491377454963
5.509999999999927,15.502500000000015,1.8014738326623574,22.010269366603268,0.01791449467260034,-10.844710260790535
5.519999999999927,15.468050000000016,1.7969535270819819,22.006262549768472,0.017842925808014068,-10.819930884389489
5.5299999999999265,15.433600000000016,1.7924350656779435,22.002253654528396,0.017771513170756346,-10.795153255979177
5.539999999999926,15.399150000000017,1.7879184517517832,21.99824268119571,0.017700256826727108,-10.770377383288695
5.549999999999926,15.364700000000017,1.7834036886029863,21.994229630085727,0.017629156840264823,-10.74560327405158
5.559999999999926,15.330250000000017,1.7788907795290019,21.990214501516107,0.01755821327404977,-10.72083093600317
5.569999999999926,15.295800000000018,1.774379727825338,21.98619729580702,0.0174874261892603,-10.69606037688254
5.5799999999999255,15.261350000000018,1.7698705367854028,21.982178013280965,0.01741679564543276,-10.671291604431117
5.589999999999925,15.226900000000018,1.7653632097005505,21.978156654262843,0.017346321700621156,-10.646524626393429
5.599999999999925,15.192450000000019,1.7608577498600948,21.974133219079967,0.017276004411202753,-10.621759450517162
5.609999999999925,15.158000000000019,1.7563541605512858,21.970107708061867,0.017205843832166577,-10.59699608455244
5.619999999999925,15.12355000000002,1.751852445059273,21.966080121540397,0.017135840016825193,-10.572234536252465
5.629999999999924,15.08910000000002,1.7473526066671856,21.962050459849763,0.017065993017006967,-10.547474813373837
5.639999999999924,15.05465000000002,1.7428546486559982,21.958018723326322,0.016996302882977356,-10.522716923675256
5.649999999999924,15.02020000000002,1.7383585743046546,21.953984912308616,0.016926769663553,-10.497960874919032
5.659999999999924,14.98575000000002,1.7338643868899686,21.94994902713751,0.016857393405959015,-10.473206674870163
5.6699999999999235,14.951300000000021,1.7293720896866132,21.945911068155887,0.016788174155933724,-10.448454331296311
5.679999999999923,14.916850000000021,1.724881685967207,21.94187103570875,0.016719111957692823,-10.423703851968009
5.689999999999923,14.882400000000022,1.7203931790021938,21.93782893014335,0.01665020685397589,-10.398955244659467
5.699999999999923,14.847950000000022,1.715906572059937,21.933784751808897,0.016581458886027335,-10.374208517146961
5.709999999999923,14.813500000000023,1.7114218684066216,21.929738501056647,0.016512868093583988,-10.349463677209846
5.7199999999999225,14.779050000000023,1.7069390713063137,21.925690178239936,0.01644443451493434,-10.324720732630997
5.729999999999922,14.744600000000023,1.7024581840209356,21.921639783713932,0.016376158186815024,-10.299979691194967
5.739999999999922,14.710150000000024,1.6979792098102837,21.917587317835984,0.016308039144616013,-10.275240560690776
5.749999999999922,14.675700000000024,1.6935021519318973,21.913532780965163,0.016240077422144134,-10.250503348908827
5.759999999999922,14.641250000000024,1.689027013641304,21.909476173462544,0.016172273051815185,-10.225768063643605
5.769999999999921,14.606800000000025,1.6845537981917316,21.905417495691083,0.01610462606456218,-10.201034712692007
5.779999999999921,14.572350000000025,1.6800825088343312,21.901356748015534,0.01603713648985059,-10.176303303854189
5.789999999999921,14.537900000000025,1.6756131488180008,21.89729393080238,0.01596980435572964,-10.151573844931923
5.799999999999921,14.503450000000026,1.671145721389467,21.893229044420124,0.015902629688860803,-10.12684634373211
5.809999999999921,14.469000000000026,1.666680229793368,21.88916208923876,0.015835612514343473,-10.102120808062823
5.81999999999992,14.434550000000026,1.6622166772720144,21.885093065630112,0.0157687528559442,-10.07739724573571
5.82999999999992,14.400100000000027,1.657755067065588,21.881021973967755,0.015702050736009006,-10.052675664565186
5.83999999999992,14.365650000000027,1.6532954024120843,21.876948814626807,0.015635506175409472,-10.027956072369028
5.84999999999992,14.331200000000027,1.6488376865472987,21.872873587984103,0.015569119193617906,-10.003238476967566
5.8599999999999195,14.296750000000028,1.644381922704732,21.86879629441808,0.015502889808717465,-9.978522886184361
5.869999999999919,14.262300000000028,1.639928114115798,21.864716934308582,0.015436818037366117,-9.953809307844933
5.879999999999919,14.227850000000029,1.6354762640096265,21.860635508037262,0.015370903894834125,-9.92909774977973
5.889999999999919,14.193400000000029,1.6310263756131516,21.856552015987088,0.015305147394963156,-9.904388219820465
5.899999999999919,14.15895000000003,1.6265784521510698,21.85246645854253,0.015239548550254464,-9.879680725802366
5.909999999999918,14.12450000000003,1.6221324968458335,21.848378836089566,0.015174107371790311,-9.854975275564025
5.919999999999918,14.09005000000003,1.6176885129177285,21.844289149015566,0.015108823869233875,-9.8302718769463
5.929999999999918,14.05560000000003,1.613246503584764,21.840197397709158,0.015043698050922464,-9.80557053779333
5.939999999999918,14.02115000000003,1.6088064720627246,21.83610358256061,0.014978729923788073,-9.780871265953436
5.949999999999918,13.986700000000031,1.604368421565187,21.832007703961228,0.014913919493429639,-9.756174069275952
5.959999999999917,13.952250000000031,1.5999323553034335,21.82790976230374,0.014849266763982925,-9.731478955614762
5.969999999999917,13.917800000000032,1.5954982764865446,21.823809757982126,0.014784771738290877,-9.706785932826127
5.979999999999917,13.883350000000032,1.5910661883213455,21.81970769139152,0.014720434417837602,-9.682095008769345
5.989999999999917,13.848900000000032,1.5866360940124353,21.815603562928388,0.014656254802721926,-9.65740619130755
5.9999999999999165,13.814450000000033,1.582207996762106,21.811497372990196,0.014592232891658386,-9.63271948830543
6.009999999999916,13.780000000000033,1.5777818997704927,21.807389121975653,0.014528368682089033,-9.60803490763281
6.019999999999916,13.745550000000033,1.5733578062353826,21.80327881028458,0.014464662170053173,-9.583352457160967
6.029999999999916,13.711100000000034,1.5689357193523437,21.799166438317712,0.014401113350208272,-9.558672144764696
6.039999999999916,13.676650000000034,1.5645156423147517,21.79505200647701,0.014337722215948315,-9.533993978322837
6.0499999999999154,13.642200000000035,1.560097578313611,21.79093551516526,0.01427448875927314,-9.509317965715972
6.059999999999915,13.607750000000035,1.5556815305377383,21.786816964786425,0.014211412970859937,-9.484644114829289
6.069999999999915,13.573300000000035,1.5512675021736781,21.782696355745156,0.014148494840046948,-9.459972433549947
6.079999999999915,13.538850000000036,1.546855496405656,21.77857368844718,0.01408573435484799,-9.435302929768751
6.089999999999915,13.504400000000036,1.5424455164157358,21.774448963299015,0.014023131501958153,-9.410635611380076
6.099999999999914,13.469950000000036,1.538037565383644,21.770322180708064,0.013960686266695608,-9.385970486281177
6.109999999999914,13.435500000000037,1.5336316464868502,21.766193341082527,0.013898398633106426,-9.361307562372803
6.119999999999914,13.401050000000037,1.529227762900556,21.762062444831308,0.01383626858390031,-9.33664684755878
6.129999999999914,13.366600000000037,1.5248259177976937,21.75792949236411,0.01377429610045883,-9.311988349746397
6.1399999999999135,13.332150000000038,1.520426114348925,21.753794484091284,0.013712481162835145,-9.287332076845534
6.149999999999913,13.297700000000038,1.5160283557226624,21.749657420423958,0.013650823749816557,-9.262678036771247
6.159999999999913,13.263250000000038,1.5116326450849829,21.745518301773718,0.013589323838778693,-9.23802623743979
6.169999999999913,13.228800000000039,1.507238985599773,21.741377128552877,0.013527981405894342,-9.213376686771987
6.179999999999913,13.194350000000039,1.5028473804285933,21.73723390117437,0.01346679642597806,-9.18872939269257
6.1899999999999125,13.15990000000004,1.498457832730721,21.733088620051454,0.013405768872526534,-9.16408436312804
6.199999999999912,13.12545000000004,1.4940703456631523,21.72894128559802,0.013344898717744767,-9.139441606009818
6.209999999999912,13.09100000000004,1.4896849223806865,21.72479189822842,0.0132841859325182,-9.114801129272424
6.219999999999912,13.05655000000004,1.4853015660357443,21.72064045835741,0.013223630486464652,-9.090162940853537
6.229999999999912,13.02210000000004,1.4809202797785526,21.716486966400176,0.013163232347864205,-9.065527048695037
6.239999999999911,12.987650000000041,1.4765410667569572,21.71233142277218,0.01310299148371746,-9.04089346074172
6.249999999999911,12.953200000000042,1.4721639301166518,21.708173827889187,0.013042907859680368,-9.016262184941878
6.259999999999911,12.918750000000042,1.4677888730009343,21.704014182167423,0.012982981440180539,-8.991633229248604
6.269999999999911,12.884300000000042,1.4634158985509342,21.699852486023175,0.01292321218834895,-8.967006601617262
6.2799999999999105,12.849850000000043,1.4590450099053878,21.695688739873006,0.01286360006598003,-8.942382310007535
6.28999999999991,12.815400000000043,1.454676210200844,21.691522944133744,0.012804145033531592,-8.917760362383133
6.29999999999991,12.780950000000043,1.450309502571528,21.68735509922222,0.012744847050279036,-8.893140766710822
6.30999999999991,12.746500000000044,1.4459448901494363,21.683185205555446,0.012685706074155718,-8.868523530961603
6.31999999999991,12.712050000000044,1.4415823760641784,21.679013263550473,0.012626722061748025,-8.843908663110057
6.3299999999999095,12.677600000000044,1.4372219634431869,21.6748392736244,0.012567894968449098,-8.819296171134628
6.339999999999909,12.643150000000045,1.4328636554115983,21.67066323619435,0.012509224748288198,-8.794686063017943
6.349999999999909,12.608700000000045,1.4285074550922316,21.66648515167735,0.012450711354052738,-8.770078346746038
6.359999999999909,12.574250000000045,1.424153365605679,21.662305020490457,0.012392354737220458,-8.74547303030987
6.369999999999909,12.539800000000046,1.4198013900701874,21.65812284305048,0.012334154847990298,-8.720870121703195
6.379999999999908,12.505350000000046,1.4154515316018361,21.65393861977412,0.012276111635244977,-8.6962696289244
6.389999999999908,12.470900000000047,1.4111037933142963,21.649752351077886,0.012218225046657424,-8.671671559975763
6.399999999999908,12.436450000000047,1.4067581783190464,21.645564037378154,0.012160495028503951,-8.647075922863989
6.409999999999908,12.402000000000047,1.4024146897253116,21.641373679090965,0.012102921525859477,-8.622482725600094
6.419999999999908,12.367550000000048,1.3980733306399524,21.637181276631985,0.012045504482464909,-8.59789197619814
6.429999999999907,12.333100000000048,1.3937341041676343,21.632986830416648,0.011988243840834604,-8.573303682677778
6.439999999999907,12.298650000000048,1.3893970134106803,21.628790340859975,0.011931139542130006,-8.54871785306199
6.449999999999907,12.264200000000049,1.38506206146923,21.62459180837655,0.011874191526251372,-8.524134495378503
6.459999999999907,12.229750000000049,1.380729251441125,21.62039123338056,0.011817399731839501,-8.499553617659615
6.4699999999999065,12.19530000000005,1.3763985864218666,21.616188616285655,0.011760764096216085,-8.474975227941789
6.479999999999906,12.16085000000005,1.372070069504725,21.611983957504915,0.01170428455543541,-8.450399334265386
6.489999999999906,12.12640000000005,1.3677437037807447,21.607777257450927,0.011647961044266904,-8.425825944676468
6.499999999999906,12.09195000000005,1.3634194923386902,21.603568516535635,0.011591793496131196,-8.401255067224563
6.509999999999906,12.05750000000005,1.359097438264985,21.599357735170358,0.01153578184326815,-8.376686709964357
6.519999999999905,12.023050000000051,1.354777544643905,21.595144913765658,0.011479926016571504,-8.35212088095519
6.529999999999905,11.988600000000051,1.3504598145573559,21.5909300527314,0.011424225945622054,-8.327557588260728
6.539999999999905,11.954150000000052,1.3461442510850503,21.58671315247676,0.011368681558761771,-8.302996839949683
6.549999999999905,11.919700000000052,1.341830857304447,21.58249421340998,0.01131329278306397,-8.278438644095736
6.559999999999905,11.885250000000052,1.3375196362906523,21.57827323593852,0.011258059544206188,-8.253883008777043
6.569999999999904,11.850800000000053,1.3332105911166054,21.574050220468934,0.011202981766656614,-8.229329942076625
6.579999999999904,11.816350000000053,1.3289037248529771,21.56982516740691,0.011148059373602866,-8.204779452083265
6.589999999999904,11.781900000000054,1.3245990405681407,21.565598077157,0.011093292286901878,-8.180231546889422
6.599999999999904,11.747450000000054,1.3202965413282632,21.56136895012294,0.011038680427130248,-8.155686234593938
6.6099999999999035,11.713000000000054,1.3159962301972148,21.5571377867073,0.010984223713562787,-8.131143523300365
6.619999999999903,11.678550000000055,1.311698110236674,21.55290458731156,0.01092992206419748,-8.10660342111699
6.629999999999903,11.644100000000055,1.3074021845059887,21.548669352336088,0.010875775395729065,-8.082065936157829
6.639999999999903,11.609650000000055,1.3031084560623323,21.54443208218009,0.010821783623533069,-8.057531076542231
6.649999999999903,11.575200000000056,1.298816927960603,21.540192777241508,0.010767946661700025,-8.032998850394597
6.659999999999902,11.540750000000056,1.2945276032534756,21.53595143791697,0.01071426442303237,-8.008469265844747
6.669999999999902,11.506300000000056,1.2902404849913354,21.531708064601972,0.0106607368190379,-7.983942331028717
6.679999999999902,11.471850000000057,1.285955576222357,21.527462657690542,0.010607363759892621,-7.959418054087574
6.689999999999902,11.437400000000057,1.2816728799925345,21.523215217575288,0.010554145154514758,-7.934896443167838
6.699999999999902,11.402950000000057,1.2773923993455283,21.518965744647424,0.010501080910419265,-7.910377506422097
6.709999999999901,11.368500000000058,1.2731141373228094,21.514714239296747,0.01044817093390247,-7.885861252008811
6.719999999999901,11.334050000000058,1.2688380969636333,21.510460701911427,0.010395415129976857,-7.861347688091506
6.729999999999901,11.299600000000058,1.2645642813050113,21.506205132878133,0.010342813402263642,-7.836836822840679
6.739999999999901,11.265150000000059,1.2602926933817007,21.501947532581916,0.010290365653082634,-7.812328664432182
6.7499999999999005,11.23070000000006,1.2560233362262654,21.497687901406117,0.01023807178350075,-7.787823221047459
6.7599999999999,11.19625000000006,1.251756212869062,21.493426239732482,0.01018593169320633,-7.763320500875593
6.7699999999999,11.16180000000006,1.2474913263381824,21.48916254794092,0.01013394528061816,-7.738820512110467
6.7799999999999,11.12735000000006,1.2432286796595415,21.484896826409585,0.0100821124427718,-7.714323262952625
6.7899999999999,11.09290000000006,1.2389682758568203,21.480629075514827,0.010030433075451251,-7.689828761609475
6.7999999999998995,11.058450000000061,1.234710117951447,21.476359295631028,0.009978907073111176,-7.6653370162936625
6.809999999999899,11.024000000000061,1.2304542089627444,21.472087487130832,0.009927534328821496,-7.6408480352262105
6.819999999999899,10.989550000000062,1.2262005519076873,21.467813650384688,0.00987631473435774,-7.616361826632571
6.829999999999899,10.955100000000062,1.2219491498011945,21.463537785761112,0.009825248180166429,-7.591878398746469
6.839999999999899,10.920650000000062,1.2177000056558782,21.459259893626594,0.009774334555417926,-7.567397759807658
6.849999999999898,10.886200000000063,1.213453122482158,21.45497997434549,0.00972357374782961,-7.542919918063012
6.859999999999898,10.851750000000063,1.2092085032882864,21.450698028279987,0.009672965643893939,-7.518444881766109
6.869999999999898,10.817300000000063,1.2049661510803282,21.44641405579009,0.009622510128658718,-7.493972659177694
6.879999999999898,10.782850000000064,1.200726068862124,21.442128057233482,0.009572207085954614,-7.469503258565198
6.8899999999998975,10.748400000000064,1.1964882596353692,21.437840032965674,0.009522056398148664,-7.445036688204212
6.899999999999897,10.713950000000064,1.1922527263994978,21.433549983339642,0.009472057946376422,-7.420572956376324
6.909999999999897,10.679500000000065,1.1880194721518562,21.42925790870617,0.009422211610316603,-7.39611207137132
6.919999999999897,10.645050000000065,1.1837884998875063,21.424963809413462,0.009372517268336884,-7.371654041486359
6.929999999999897,10.610600000000066,1.179559812599468,21.42066768580726,0.009322974797499653,-7.347198875025938
6.9399999999998965,10.576150000000066,1.1753334132784594,21.416369538230676,0.009273584073443666,-7.32274658030144
6.949999999999896,10.541700000000066,1.1711093049130752,21.412069367024454,0.00922434497047888,-7.298297165634036
6.959999999999896,10.507250000000067,1.166887490489737,21.407767172526448,0.009175257361526488,-7.273850639350691
6.969999999999896,10.472800000000067,1.1626679729927554,21.40346295507192,0.009126321118193705,-7.24940700978705
6.979999999999896,10.438350000000067,1.1584507554042087,21.39915671499343,0.009077536110677898,-7.224966285286832
6.989999999999895,10.403900000000068,1.154235840704051,21.39484845262067,0.009028902207789163,-7.20052847420212
6.999999999999895,10.369450000000068,1.1500232318700478,21.39053816828048,0.008980419277035197,-7.176093584892395
7.009999999999895,10.335000000000068,1.1458129318778765,21.386225862296858,0.008932087184453324,-7.151661625725909
7.019999999999895,10.300550000000069,1.1416049437010187,21.38191153499078,0.008883905794782637,-7.12723260507964
7.0299999999998946,10.266100000000069,1.1373992703107938,21.377595186680267,0.00883587497133231,-7.102806531338738
7.039999999999894,10.23165000000007,1.133195914676476,21.37327681768027,0.008787994576029561,-7.07838341289715
7.049999999999894,10.19720000000007,1.1289948797651048,21.368956428302667,0.00874026446943016,-7.053963258157361
7.059999999999894,10.16275000000007,1.1247961685416152,21.364634018856105,0.008692684510647189,-7.02954607553084
7.069999999999894,10.12830000000007,1.1205997839688544,21.360309589645965,0.00864525455748492,-7.00513187343769
7.0799999999998935,10.09385000000007,1.1164057290074636,21.355983140974637,0.008597974466279523,-6.980720660308088
7.089999999999893,10.059400000000071,1.112214006616037,21.35165467314078,0.008550844091976966,-6.956312444580063
7.099999999999893,10.024950000000072,1.108024619751043,21.347324186440044,0.00850386328810444,-6.931907234702038
7.109999999999893,9.990500000000072,1.1038375713667918,21.342991681164357,0.008457031906803221,-6.907505039130638
7.119999999999893,9.956050000000072,1.0996528644155235,21.338657157602327,0.008410349798808203,-6.883105866333257
7.129999999999892,9.921600000000073,1.095470501847363,21.334320616038983,0.008363816813417184,-6.858709724786339
7.139999999999892,9.887150000000073,1.0912904866103277,21.329982056755735,0.008317432798475997,-6.834316622976104
7.149999999999892,9.852700000000073,1.0871128216503612,21.32564148003034,0.008271197600474216,-6.80992656939896
7.159999999999892,9.818250000000074,1.0829375099112901,21.321298886136788,0.008225111064412649,-6.785539572560536
7.169999999999892,9.783800000000074,1.0787645543348527,21.31695427534544,0.008179173033878741,-6.761155640977763
7.179999999999891,9.749350000000074,1.074593957860723,21.31260764792268,0.008133383351053628,-6.7367747831766005
7.189999999999891,9.714900000000075,1.070425723426502,21.308259004131088,0.008087741856643668,-6.712397007694759
7.199999999999891,9.680450000000075,1.066259853967661,21.303908344229193,0.008042248389880425,-6.6880223230785045
7.209999999999891,9.646000000000075,1.0620963524176859,21.29955566847171,0.007996902788639175,-6.6636507378871395
7.2199999999998905,9.611550000000076,1.0579352217079734,21.2952009771091,0.007951704889258653,-6.639282260688722
7.22999999999989,9.577100000000076,1.053776464767767,21.290844270387794,0.007906654526628965,-6.614916900063584
7.23999999999989,9.542650000000076,1.0496200845244155,21.286485548550026,0.007861751534247868,-6.590554664602209
7.24999999999989,9.508200000000077,1.04546608390308,21.28212481183375,0.00781699574407227,-6.566195562906508
7.25999999999989,9.473750000000077,1.0413144658269573,21.277762060472668,0.007772386986609347,-6.54183960358996
7.269999999999889,9.439300000000078,1.0371652332171717,21.273397294696075,0.007727925090914232,-6.517486795277309
7.279999999999889,9.404850000000078,1.0330183889928088,21.269030514728883,0.007683609884524204,-6.493137146604751
7.289999999999889,9.370400000000078,1.0288739360709624,21.264661720791466,0.007639441193551755,-6.468790666220652
7.299999999999889,9.335950000000079,1.0247318773666816,21.26029091309963,0.007595418842562201,-6.444447362784743
7.309999999999889,9.301500000000079,1.0205922157929594,21.25591809186462,0.0075515426546883474,-6.420107244969014
7.319999999999888,9.26705000000008,1.0164549542608126,21.251543257292997,0.007507812451488615,-6.395770321457639
7.329999999999888,9.23260000000008,1.0123200956792884,21.247166409586505,0.007464228053100088,-6.371436600947288
7.339999999999888,9.19815000000008,1.0081876429553516,21.242787548942182,0.007420789278112642,-6.347106092147205
7.349999999999888,9.16370000000008,1.0040575989940277,21.238406675552067,0.007377495943576921,-6.322778803777824
7.3599999999998875,9.12925000000008,0.9999299666983421,21.234023789603384,0.007334347865118476,-6.298454744574708
7.369999999999887,9.094800000000081,0.9958047489693346,21.22963889127827,0.007291344856753323,-6.274133923284808
7.379999999999887,9.060350000000081,0.9916819487060745,21.22525198075386,0.007248486731014055,-6.249816348668443
7.389999999999887,9.025900000000082,0.9875615688056122,21.220863058202063,0.007205773298901939,-6.22550202949946
7.399999999999887,8.991450000000082,0.9834436121631158,21.216472123789607,0.007163204369861752,-6.2011909745647245
7.4099999999998865,8.957000000000082,0.9793280816717449,21.212079177678014,0.0071207797518364315,-6.176883192665271
7.419999999999886,8.922550000000083,0.9752149802226837,21.20768422002337,0.007078499251161914,-6.152578692615214
7.429999999999886,8.888100000000083,0.971104310705222,21.20328725097638,0.007036362672693521,-6.128277483242903
7.439999999999886,8.853650000000084,0.9669960760066882,21.198888270682357,0.006994369819699424,-6.103979573391556
7.449999999999886,8.819200000000084,0.9628902790124982,21.194487279280878,0.006952520493852903,-6.079684971916839
7.459999999999885,8.784750000000084,0.9587869226060759,21.190084276906006,0.006910814495324783,-6.055393687690183
7.469999999999885,8.750300000000085,0.9546860096690364,21.18567926368614,0.006869251622661125,-6.03110572959764
7.479999999999885,8.715850000000085,0.9505875430809712,21.18127223974391,0.006827831672849124,-6.006821106539715
7.489999999999885,8.681400000000085,0.9464915257196647,21.176863205195964,0.006786554441319795,-5.982539827431462
7.4999999999998845,8.646950000000086,0.9423979604609262,21.172452160153227,0.00674541972184381,-5.958261901204272
7.509999999999884,8.612500000000086,0.9383068501787666,21.168039104720535,0.006704427306679764,-5.9339873368037495
7.519999999999884,8.578050000000086,0.9342181977452023,21.163624038996666,0.006663576986471729,-5.909716143191042
7.529999999999884,8.543600000000087,0.9301320060304742,21.159206963074308,0.0066228685501586474,-5.88544832934419
7.539999999999884,8.509150000000087,0.926048277902922,21.154787877039887,0.006582301785190697,-5.861183904255789
7.5499999999998835,8.474700000000087,0.9219670162289887,21.1503667809736,0.00654187647736833,-5.836922876935047
7.559999999999883,8.440250000000088,0.917888223873363,21.145943674949226,0.006501592410798256,-5.812665256407652
7.569999999999883,8.405800000000088,0.9138119036987976,21.141518559034136,0.0064614493680299565,-5.7884110517155065
7.579999999999883,8.371350000000088,0.9097380585662888,21.137091433289186,0.006421447129964088,-5.76416027191706
7.589999999999883,8.336900000000089,0.9056666913349314,21.132662297768633,0.006381585475865522,-5.739912926088323
7.599999999999882,8.30245000000009,0.9015978048620663,21.12823115252002,0.006341864183303485,-5.7156690233216185
7.609999999999882,8.26800000000009,0.8975314020032222,21.123797997584248,0.00630228302821587,-5.6914285727270535
7.619999999999882,8.23355000000009,0.893467485612134,21.11936283299526,0.006262841784903417,-5.667191583432467
7.629999999999882,8.19910000000009,0.8894060585407165,21.114925658780077,0.006223540225968037,-5.6429580645820945
7.6399999999998816,8.16465000000009,0.8853471236391321,21.11048647495884,0.006184378122378837,-5.618728025339698
7.649999999999881,8.130200000000091,0.8812906837557849,21.106045281544525,0.006145355243325853,-5.5945014748866475
7.659999999999881,8.095750000000091,0.8772367417372808,21.10160207854299,0.00610647135640842,-5.570278422422292
7.669999999999881,8.061300000000092,0.8731853004285483,21.097156865952762,0.006067726227484145,-5.546058877164882
7.679999999999881,8.026850000000092,0.8691363626726687,21.092709643765133,0.006029119620756025,-5.521842848351334
7.6899999999998805,7.992400000000092,0.8650899313111082,21.088260411963958,0.005990651298623073,-5.497630345238288
7.69999999999988,7.957950000000093,0.8610460091835914,21.08380917052554,0.005952321021853602,-5.473421377100791
7.70999999999988,7.923500000000093,0.8570045991280488,21.079355919418585,0.005914128549447384,-5.449215953233078
7.71999999999988,7.889050000000093,0.8529657039808115,21.074900658604193,0.005876073638706466,-5.425014082950509
7.72999999999988,7.854600000000094,0.8489293265764979,21.070443388035663,0.005838156045137666,-5.400815775587626
7.739999999999879,7.820150000000094,0.8448954697480631,21.06598410765848,0.005800375522549169,-5.376621040499166
7.749999999999879,7.785700000000094,0.8408641363267586,21.061522817410086,0.005762731823002839,-5.3524298870604
7.759999999999879,7.751250000000095,0.8368353291422361,21.057059517219955,0.005725224696727597,-5.328242324666798
7.769999999999879,7.716800000000095,0.8328090510224871,21.0525942070094,0.0056878538922710605,-5.304058362735778
7.779999999999879,7.6823500000000955,0.8287853047938505,21.04812688669164,0.005650619156324666,-5.279878010705818
7.789999999999878,7.647900000000096,0.8247640932811078,21.04365755617137,0.00561352023387095,-5.255701278035943
7.799999999999878,7.613450000000096,0.8207454193074216,21.0391862153451,0.0055765568680215235,-5.2315281742081945
7.809999999999878,7.5790000000000965,0.8167292856943249,21.034712864100584,0.0055397288001476355,-5.207358708724784
7.819999999999878,7.544550000000097,0.8127156952618574,21.030237502317267,0.005503035769752756,-5.183192891112542
7.8299999999998775,7.510100000000097,0.808704650828363,21.02576012986569,0.005466477514578555,-5.159030730918951
7.839999999999877,7.475650000000098,0.8046961552108178,21.021280746607694,0.005430053770489601,-5.1348722377148315
7.849999999999877,7.441200000000098,0.8006902112244625,21.016799352396205,0.005393764271530983,-5.110717421094649
7.859999999999877,7.406750000000098,0.7966868216832548,21.012315947075297,0.005357608749942624,-5.08656629067602
7.869999999999877,7.372300000000099,0.792685989399408,21.00783053047958,0.005321586936031522,-5.0624188560987085
7.879999999999876,7.337850000000099,0.7886877171838015,21.003343102434926,0.0052856985583076615,-5.038275127028843
7.889999999999876,7.303400000000099,0.7846920078457758,20.99885366275772,0.005249943343360175,-5.01413511315522
7.899999999999876,7.2689500000001,0.7806988641931909,20.994362211254867,0.005214321015941878,-4.989998824190886
7.909999999999876,7.2345000000001,0.776708289032548,20.989868747723975,0.0051788312988707026,-4.965866269875144
7.919999999999876,7.2000500000001,0.7727202851688411,20.985373271952824,0.0051434739130936415,-4.9417374599710815
7.929999999999875,7.165600000000101,0.768734855405677,20.980875783719696,0.00510824857766024,-4.917612404267488
7.939999999999875,7.131150000000101,0.76475200254527,20.97637628279295,0.005073155009633137,-4.893491112579167
7.949999999999875,7.0967000000001015,0.7607717293884133,20.971874768931038,0.0050381929241938616,-4.869373594746555
7.959999999999875,7.062250000000102,0.7567940387346213,20.967371241882432,0.00500336203457281,-4.845259860637023
7.9699999999998745,7.027800000000102,0.75281893338194,20.962865701385397,0.004968662052107447,-4.821149920143827
7.979999999999874,6.9933500000001025,0.7488464161272357,20.958358147168003,0.004934092686061532,-4.797043783187879
7.989999999999874,6.958900000000103,0.7448764897659308,20.9538485789479,0.004899653643797055,-4.772941459716605
7.999999999999874,6.924450000000103,0.7409091570922264,20.94933699643242,0.004865344630688911,-4.748842959706373
8.009999999999874,6.890000000000104,0.7369444208990333,20.944823399318064,0.0048311653501194795,-4.724748293160009
8.019999999999873,6.855550000000104,0.7329822839780331,20.94030778729082,0.004797115503428374,-4.700657470109415
8.029999999999873,6.821100000000104,0.7290227491195826,20.93579016002583,0.004763194789982911,-4.676570500615364
8.039999999999873,6.786650000000105,0.7250658191129842,20.931270517187244,0.00472940290712713,-4.652487394767171
8.049999999999873,6.752200000000105,0.7211114967462007,20.92674885842817,0.0046957395501190866,-4.628408162683674
8.059999999999873,6.717750000000105,0.7171597848060265,20.922225183390612,0.004662204412191762,-4.604332814513567
8.069999999999872,6.683300000000106,0.7132106860782497,20.9176994917052,0.004628797184535326,-4.5802613604352
8.079999999999872,6.648850000000106,0.7092642033473491,20.913171782991228,0.004595517556274658,-4.556193810658173
8.089999999999872,6.614400000000106,0.7053203393967902,20.90864205685637,0.004562365214354223,-4.532130175421761
8.099999999999872,6.579950000000107,0.7013790970089181,20.904110312896663,0.004529339843748606,-4.508070464997107
8.109999999999872,6.545500000000107,0.6974404789650368,20.89957655069644,0.004496441127230561,-4.48401468968732
8.119999999999871,6.5110500000001075,0.6935044880454195,20.89504076982799,0.004463668745477163,-4.459962859826675
8.129999999999871,6.476600000000108,0.6895711270292332,20.890502969851703,0.004431022377039756,-4.435914985782151
8.139999999999871,6.442150000000108,0.6856403986947991,20.885963150315675,0.004398501698291833,-4.411871077953653
8.14999999999987,6.4077000000001085,0.6817123058193266,20.881421310755755,0.004366106383493042,-4.387831146773675
8.15999999999987,6.373250000000109,0.6777868511791416,20.876877450695346,0.004333836104622371,-4.363795202708602
8.16999999999987,6.338800000000109,0.673864037549669,20.872331569645375,0.004301690531628306,-4.339763256259246
8.17999999999987,6.30435000000011,0.6699438677054197,20.867783667103915,0.004269669332067901,-4.3157353179601925
8.18999999999987,6.26990000000011,0.6660263444200243,20.863233742556297,0.004237772171420567,-4.2917113983805715
8.19999999999987,6.23545000000011,0.6621114704662892,20.858681795474887,0.004205998712862972,-4.267691508125487
8.20999999999987,6.201000000000111,0.658199248616216,20.85412782531894,0.004174348617364376,-4.243675657835427
8.21999999999987,6.166550000000111,0.6542896816410183,20.849571831534444,0.004142821543572799,-4.219663858186811
8.229999999999869,6.132100000000111,0.650382772311121,20.845013813553983,0.0041114171478986005,-4.195656119892916
8.239999999999869,6.097650000000112,0.6464785233962822,20.840453770796636,0.004080135084464008,-4.171652453703595
8.249999999999869,6.063200000000112,0.642576937665505,20.835891702667823,0.004048975005018215,-4.147652870406838
8.259999999999868,6.028750000000112,0.6386780178871627,20.831327608559057,0.004017936559080591,-4.123657380827721
8.269999999999868,5.994300000000113,0.634781766828977,20.82676148784796,0.0039870193937584985,-4.09966599583007
8.279999999999868,5.959850000000113,0.6308881872581014,20.82219333989802,0.003956223153796164,-4.075678726317007
8.289999999999868,5.9254000000001135,0.6269972819410431,20.817623164058467,0.003925547481584026,-4.051695583230739
8.299999999999867,5.890950000000114,0.6231090536438448,20.813050959664075,0.0038949920171278355,-4.0277165775529635
8.309999999999867,5.856500000000114,0.619223505132001,20.80847672603506,0.0038645563979913655,-4.003741720305962
8.319999999999867,5.8220500000001145,0.6153406391705631,20.803900462476957,0.003834240259354945,-3.979771022553407
8.329999999999867,5.787600000000115,0.6114604585240979,20.799322168280312,0.0038040432338986943,-3.955804495398873
8.339999999999867,5.753150000000115,0.6075829659568638,20.794741842720725,0.0037739649518403248,-3.931842149989728
8.349999999999866,5.718700000000116,0.6037081642326149,20.790159485058524,0.003744005040983059,-3.9078839975139306
8.359999999999866,5.684250000000116,0.599836056114951,20.785575094538792,0.0037141631265478845,-3.8839300492040287
8.369999999999866,5.649800000000116,0.5959666443669878,20.780988670390986,0.003684438831259111,-3.8599803163352457
8.379999999999866,5.615350000000117,0.5920999317517497,20.776400211828797,0.003654831775315304,-3.836034810225966
8.389999999999866,5.580900000000117,0.588235921031967,20.77180971805025,0.003625341576328867,-3.8120935422407602
8.399999999999865,5.546450000000117,0.5843746149702296,20.767217188237197,0.003595967849362856,-3.7881565237879586
8.409999999999865,5.512000000000118,0.5805160163289604,20.762622621555288,0.003566710206815221,-3.7642237663225115
8.419999999999865,5.477550000000118,0.5766601278705114,20.758026017153945,0.003537568258533215,-3.74029528134554
8.429999999999865,5.443100000000118,0.5728069523571945,20.75342737416593,0.003508541611673693,-3.7163710804043912
8.439999999999864,5.408650000000119,0.5689564925512902,20.748826691707237,0.003479629870707821,-3.692451175094332
8.449999999999864,5.374200000000119,0.5651087512151249,20.744223968877115,0.0034508326374790162,-3.668535577058844
8.459999999999864,5.3397500000001195,0.5612637311111425,20.739619204757624,0.0034221495110949543,-3.64462429798977
8.469999999999864,5.30530000000012,0.5574214350018749,20.735012398413595,0.003393580087857173,-3.6207173496286615
8.479999999999864,5.27085000000012,0.5535818656500164,20.730403548892465,0.0033651239614081187,-3.596814743766321
8.489999999999863,5.2364000000001205,0.5497450258184948,20.72579265522394,0.0033367807225390036,-3.572916492244435
8.499999999999863,5.201950000000121,0.5459109182705841,20.721179716419996,0.003308549959294942,-3.549022606956273
8.509999999999863,5.167500000000121,0.5420795457697287,20.71656473147459,0.0032804312568170462,-3.5251330998464314
8.519999999999863,5.133050000000122,0.5382509110798801,20.711947699363463,0.003252424197449465,-3.501247982912239
8.529999999999863,5.098600000000122,0.5344250169653292,20.707328619043956,0.0032245283606059934,-3.477367268204215
8.539999999999862,5.064150000000122,0.5306018661908832,20.702707489454802,0.0031967433228098038,-3.4534909678266654
8.549999999999862,5.029700000000123,0.5267814615218226,20.698084309516084,0.003169068657663459,-3.4296190939389244
8.559999999999862,4.995250000000123,0.5229638057240793,20.69345907812871,0.0031415039357880325,-3.40575165875457
8.569999999999862,4.960800000000123,0.5191489015641807,20.688831794174547,0.0031140487248138213,-3.3818886745447068
8.579999999999862,4.926350000000124,0.5153367518093139,20.684202456516005,0.003086702589344475,-3.3580301536357524
8.589999999999861,4.891900000000124,0.5115273592275007,20.67957106399586,0.003059465090952893,-3.3341761084121164
8.599999999999861,4.857450000000124,0.5077207265874735,20.674937615437187,0.0030323357881092416,-3.3103265513169275
8.60999999999986,4.823000000000125,0.5039168566589278,20.67030210964286,0.0030053142362194947,-3.286481494851064
8.61999999999986,4.788550000000125,0.5001157522124116,20.665664545395742,0.002978399987505368,-3.2626409515766515
8.62999999999986,4.7541000000001254,0.49631741601949686,20.66102492145803,0.002951592591024431,-3.2388049341146736
8.63999999999986,4.719650000000126,0.49252185085282274,20.656383236571408,0.0029248915926545173,-3.2149734551492046
8.64999999999986,4.685200000000126,0.4887290594860888,20.651739489456574,0.002898296535044856,-3.19114652742493
8.65999999999986,4.6507500000001265,0.48493904469427834,20.647093678813125,0.0028718069575382455,-3.167324163750171
8.66999999999986,4.616300000000127,0.48115180925354273,20.642445803319305,0.0028454223962082596,-3.143506376996852
8.67999999999986,4.581850000000127,0.4773673559413628,20.637795861631762,0.00281914238379946,-3.1196931801009944
8.68999999999986,4.547400000000128,0.4735856875366512,20.633143852385444,0.0027929664496499076,-3.095884586065354
8.699999999999859,4.512950000000128,0.4698068068197575,20.62848977419311,0.0027668941197550125,-3.072080607957726
8.709999999999859,4.478500000000128,0.4660307165725608,20.623833625645347,0.002740924916585804,-3.048281258913811
8.719999999999859,4.444050000000129,0.4622574195785628,20.619175405310113,0.0027150583592228227,-3.0244865521369952
8.729999999999858,4.409600000000129,0.45848691862288826,20.614515111732764,0.0026892939631537136,-3.000696500899815
8.739999999999858,4.375150000000129,0.454719216492531,20.609852743435393,0.0026636312403529095,-2.97691111854435
8.749999999999858,4.34070000000013,0.4509543159762451,20.605188298917106,0.0026380696992239047,-2.9531304184841782
8.759999999999858,4.30625000000013,0.4471922198647065,20.600521776653338,0.002612608844461037,-2.9293544142046026
8.769999999999857,4.27180000000013,0.4434329309505919,20.59585317509573,0.0025872481771490327,-2.9055831192624937
8.779999999999857,4.237350000000131,0.4396764520287218,20.59118249267204,0.0025619871946297966,-2.8818165472903488
8.789999999999857,4.202900000000131,0.4359227858959782,20.586509727785547,0.0025368253905025946,-2.8580547119933506
8.799999999999857,4.168450000000131,0.4321719353515755,20.58183487881522,0.0025117622545329007,-2.8342976271544718
8.809999999999857,4.134000000000132,0.42842390319707147,20.57715794411495,0.002486797272650006,-2.810545306631441
8.819999999999856,4.099550000000132,0.42467869223636134,20.57247892201371,0.0024619299269288135,-2.7867977643612507
8.829999999999856,4.0651000000001325,0.4209363052759827,20.567797810815065,0.002437159695435854,-2.7630550143589585
8.839999999999856,4.030650000000133,0.41719674512500937,20.563114608796916,0.0024124860523225453,-2.73931707071965
8.849999999999856,3.9962000000001328,0.41346001459524034,20.558429314211264,0.0023879084676671643,-2.7155839476196078
8.859999999999856,3.9617500000001327,0.40972611650130797,20.553741925283923,0.0023634264074466767,-2.691855659317048
8.869999999999855,3.9273000000001326,0.4059950536607329,20.549052440214133,0.002339039333546391,-2.668132220153341
8.879999999999855,3.8928500000001325,0.40226682889400855,20.544360857174496,0.0023147467036498002,-2.6444136445544215
8.889999999999855,3.8584000000001324,0.3985414450247622,20.539667174310356,0.002290547971201714,-2.6206999470315844
8.899999999999855,3.8239500000001323,0.39481890487987525,20.534971389739827,0.002266442585350237,-2.5969911421828797
8.909999999999854,3.789500000000132,0.39109921128947817,20.530273501553285,0.00224242999091597,-2.5732872446939754
8.919999999999854,3.755050000000132,0.38738236708714036,20.525573507813107,0.0022185096283065817,-2.5495882693400094
8.929999999999854,3.720600000000132,0.38366837511004215,20.520871406553454,0.002194680933445997,-2.525894230986759
8.939999999999854,3.686150000000132,0.3799572381989438,20.516167195779786,0.0021709433378294617,-2.5022051445905986
8.949999999999854,3.651700000000132,0.376248959198323,20.51146087346868,0.0021472962682653296,-2.478521025201426
8.959999999999853,3.6172500000001317,0.3725435409566669,20.506752437567485,0.0021237391470052846,-2.4548418879634712
8.969999999999853,3.5828000000001317,0.36884098632635,20.502041885993954,0.002100271391572664,-2.4311677481155147
8.979999999999853,3.5483500000001316,0.3651412981639659,20.49732921663596,0.002076892414747199,-2.407498620994269
8.989999999999853,3.5139000000001315,0.36144447933030355,20.492614427351164,0.0020536016244673844,-2.3838345220340016
8.999999999999853,3.4794500000001314,0.3577505326904992,20.487897515966644,0.0020303984237813964,-2.3601754667684647
9.009999999999852,3.4450000000001313,0.3540594611142683,20.48317848027854,0.002007282210795146,-2.3365214708327797
9.019999999999852,3.410550000000131,0.3503712674758733,20.478457318051802,0.00198425237858638,-2.312872549963705
9.029999999999852,3.376100000000131,0.3466859546544196,20.473734027019713,0.0019613083151050854,-2.289228720002828
9.039999999999852,3.341650000000131,0.3430035255338351,20.469008604883584,0.0019384494031638214,-2.2655899968956352
9.049999999999851,3.307200000000131,0.33932398300321365,20.464281049312504,0.0019156750203281735,-2.241956396695898
9.059999999999851,3.272750000000131,0.33564732995670327,20.45955135794274,0.001892984538877992,-2.218327935564301
9.069999999999851,3.2383000000001307,0.33197356929387817,20.454819528377723,0.0018703773256050732,-2.1947046297729327
9.07999999999985,3.2038500000001306,0.32830270391971406,20.450085558187183,0.001847852741921259,-2.171086495703769
9.08999999999985,3.1694000000001306,0.324634736744909,20.4453494449073,0.0018254101436335664,-2.147473549852752
9.09999999999985,3.1349500000001305,0.3209696706858294,20.440611186039867,0.001803048880967059,-2.123865808829764
9.10999999999985,3.1005000000001304,0.3173075086648881,20.435870779052273,0.0017807682983835265,-2.100263289361702
9.11999999999985,3.0660500000001303,0.3136482536104744,20.431128221376838,0.0017585677345459084,-2.076666008293157
9.12999999999985,3.03160000000013,0.3099919084573491,20.42638351041056,0.0017364465222389474,-2.053073982588107
9.13999999999985,2.99715000000013,0.30633847614667753,20.421636643514606,0.0017144039882692405,-2.0294872293322026
9.14999999999985,2.96270000000013,0.3026879596261163,20.416887618014087,0.0016924394533877197,-2.0059057657342927
9.15999999999985,2.92825000000013,0.2990403618502071,20.41213643119743,0.001670552232114778,-1.9823296091284293
9.169999999999849,2.89380000000013,0.29539568578035497,20.4073830803161,0.001648741632801706,-1.9587587769747707
9.179999999999849,2.8593500000001297,0.29175393438514036,20.402627562584076,0.001627006957376516,-1.9351932868628317
9.189999999999849,2.8249000000001296,0.28811511064039824,20.39786987517757,0.001605347501343037,-1.911633156512652
9.199999999999848,2.7904500000001295,0.28447921752941185,20.393110015234377,0.0015837625536437533,-1.8880784037758558
9.209999999999848,2.7560000000001295,0.2808462580432807,20.38834797985369,0.0015622513965079417,-1.8645290466401858
9.219999999999848,2.7215500000001294,0.2772162351807786,20.383583766095327,0.0015408133054782133,-1.8409851032274074
9.229999999999848,2.6871000000001293,0.27358915194891487,20.378817370979643,0.001519447549157354,-1.8174465918000136
9.239999999999847,2.652650000000129,0.26996501136284073,20.37404879148678,0.001498153389182469,-1.793913530759764
9.249999999999847,2.618200000000129,0.2663438164462438,20.369278024556365,0.0014769300800638503,-1.7703859386513592
9.259999999999847,2.583750000000129,0.2627255702314484,20.364505067086984,0.0014557768691098119,-1.7468638341643852
9.269999999999847,2.549300000000129,0.25911027575967016,20.35972991593568,0.0014346929962653374,-1.7233472361349116
9.279999999999847,2.514850000000129,0.25549793608127025,20.354952567917497,0.0014136776940739026,-1.6998361635485744
9.289999999999846,2.4804000000001287,0.2518885542558942,20.350173019804952,0.0013927301873596816,-1.6763306355417538
9.299999999999846,2.4459500000001286,0.24828213335270294,20.345391268327635,0.0013718496933799635,-1.652830671405128
9.309999999999846,2.4115000000001285,0.24467867645068847,20.340607310171578,0.0013510354214372746,-1.6293362905850473
9.319999999999846,2.3770500000001284,0.24107818663887892,20.335821141978844,0.0013302865729156604,-1.6058475126860894
9.329999999999846,2.3426000000001284,0.23748066701644469,20.331032760346897,0.0013096023410275011,-1.5823643574737378
9.339999999999845,2.3081500000001283,0.23388612069315284,20.326242161828244,0.0012889819107715023,-1.5588868448766342
9.349999999999845,2.273700000000128,0.23029455078945832,20.3214493429297,0.0012684244587301036,-1.535414994989161
9.359999999999845,2.239250000000128,0.22670596043678892,20.316654300111978,0.0012479291529015485,-1.511948828073653
9.369999999999845,2.204800000000128,0.22312035277789183,20.311857029789103,0.0012274951526379764,-1.488488364563609
9.379999999999844,2.170350000000128,0.21953773096695667,20.30705752832791,0.0012071216084000177,-1.4650336250660194
9.389999999999844,2.135900000000128,0.2159580981699596,20.30225579204739,0.0011868076616680693,-1.4415846303639608
9.399999999999844,2.1014500000001277,0.21238145756492977,20.29745181721815,0.001166552444693925,-1.4181414014191966
9.409999999999844,2.0670000000001276,0.20880781234225798,20.292645600061803,0.0011463550804590751,-1.3947039593750685
9.419999999999844,2.0325500000001275,0.20523716570493106,20.287837136750543,0.001126214682379733,-1.3712723255601986
9.429999999999843,1.9981000000001274,0.20166952086877693,20.28302642340631,0.0011061303542632278,-1.347846521489738
9.439999999999843,1.9636500000001273,0.19810488106285112,20.27821345610031,0.0010861011899598817,-1.324426568869263
9.449999999999843,1.9292000000001273,0.1945432495297496,20.27339823085248,0.0010661262733964016,-1.3010124895985842
9.459999999999843,1.8947500000001272,0.1909846295258283,20.268580743630608,0.0010462046781687946,-1.2776043057722506
9.469999999999843,1.860300000000127,0.18742902432151048,20.26376099035009,0.0010263354675559718,-1.2542020396865625
9.479999999999842,1.825850000000127,0.18387643720170765,20.258938966872837,0.0010065176941415682,-1.230805713838451
9.489999999999842,1.791400000000127,0.180326871466079,20.254114669007002,0.0009867503997654545,-1.2074153509313472
9.499999999999842,1.7569500000001268,0.17678033042933367,20.249288092506166,0.0009670326152366236,-1.1840309738786032
9.509999999999842,1.7225000000001267,0.17323681742161468,20.24445923306859,0.0009473633601165001,-1.1606526058048605
9.519999999999841,1.6880500000001266,0.16969633578887283,20.239628086336747,0.0009277416425985043,-1.1372802700518838
9.529999999999841,1.6536000000001265,0.16615888889307562,20.234794647896376,0.0009081664591516201,-1.1139139901802657
9.539999999999841,1.6191500000001264,0.162624480112752,20.229958913276075,0.0008886367944363276,-1.09055378997384
9.54999999999984,1.5847000000001263,0.1590931128432635,20.225120877946285,0.0008691516209228722,-1.0671996934425148
9.55999999999984,1.5502500000001262,0.15556479049711386,20.220280537318807,0.0008497098988148981,-1.0438517248272736
9.56999999999984,1.5158000000001262,0.15203951650440856,20.215437886745974,0.0008303105756898026,-1.0205099086021838
9.57999999999984,1.481350000000126,0.14851729431328115,20.210592921519975,0.0008109525863305312,-0.9971742694805841
9.58999999999984,1.446900000000126,0.14499812739026474,20.20574563687188,0.0007916348523965074,-0.9738448324160078
9.59999999999984,1.4124500000001259,0.1414820192204747,20.200896027971318,0.0007723562822214188,-0.9505216226089602
9.60999999999984,1.3780000000001258,0.13796897330840246,20.196044089925167,0.0007531157705667128,-0.9272046655093091
9.61999999999984,1.3435500000001257,0.13445899317808868,20.19118981777725,0.0007339121982316706,-0.9038939868210497
9.62999999999984,1.3091000000001256,0.13095208237347583,20.186333206507207,0.0007147444319686822,-0.8805896125063106
9.639999999999839,1.2746500000001255,0.1274482444591769,20.18147425102979,0.000695611323957773,-0.8572915687892538
9.649999999999839,1.2402000000001254,0.12394748302050113,20.176612946194194,0.000676511711750536,-0.8339998821621379
9.659999999999838,1.2057500000001253,0.12044980166425334,20.171749286782962,0.0006574444178337137,-0.8107145793879305
9.669999999999838,1.1713000000001252,0.1169552040190261,20.166883267511288,0.0006384082493143413,-0.7874356875054573
9.679999999999838,1.1368500000001251,0.11346369373559051,20.162014883026142,0.0006194019976798258,-0.7641632338344123
9.689999999999838,1.102400000000125,0.10997527448766892,20.15714412790539,0.0006004244384231515,-0.7408972459798032
9.699999999999838,1.067950000000125,0.10648994997209416,20.152270996656874,0.0005814743307308162,-0.7176377518372857
9.709999999999837,1.0335000000001249,0.10300772390955726,20.14739548371762,0.0005625504171287445,-0.6943847795975623
9.719999999999837,0.9990500000001249,0.09952860004493974,20.142517583452765,0.0005436514231841611,-0.6711383577515831
9.729999999999837,0.9646000000001249,0.09605258214791113,20.137637290154743,0.0005247760570690225,-0.6478985150958072
9.739999999999837,0.9301500000001249,0.09257967401351724,20.13275459804236,0.0005059230092411859,-0.6246652807378731
9.749999999999837,0.895700000000125,0.08910987946264742,20.127869501259752,0.0004870909521077273,-0.6014386841013795
9.759999999999836,0.861250000000125,0.08564320234257833,20.122981993875342,0.00046827853956198074,-0.5782187549312036
9.769999999999836,0.826800000000125,0.08217964652753296,20.118092069881218,0.00044948440665278555,-0.5550055233004538
9.779999999999836,0.792350000000125,0.07871921591937947,20.11319972319168,0.00043070716914185526,-0.5317990196147395
9.789999999999836,0.757900000000125,0.07526191444802921,20.10830494764242,0.00041194542313406645,-0.5085992746183882
9.799999999999836,0.723450000000125,0.07180774607219692,20.103407736989624,0.000393197744596223,-0.48540631940137013
9.809999999999835,0.6890000000001251,0.06835671477992578,20.098508084908577,0.00037446268902923644,-0.4622201854041716
9.819999999999835,0.6545500000001251,0.06490882458916769,20.09360598499304,0.00035573879085033355,-0.439040904424771
9.829999999999835,0.6201000000001251,0.061464079548557926,20.088701430753723,0.0003370245631030272,-0.4158685086248042
9.839999999999835,0.5856500000001251,0.058022483737970865,20.08379441561749,0.00031831849689034945,-0.392703030536544
9.849999999999834,0.5512000000001251,0.054584041269231054,20.07888493292611,0.0002996190609856103,-0.36954450306830083
9.859999999999834,0.5167500000001252,0.05114875628666549,20.073972975935185,0.00028092470125335887,-0.3463929595135282
9.869999999999834,0.4823000000001252,0.04771663296799039,20.06905853781285,0.0002622338401337824,-0.32324843355464256
9.879999999999834,0.4478500000001252,0.044287675524816716,20.064141611638867,0.00024354487624478566,-0.3001109592736453
9.889999999999834,0.4134000000001252,0.04086188820359388,20.059222190403126,0.00022485618372432715,-0.27698057115696306
9.899999999999833,0.37895000000012524,0.037439275286088536,20.054300267004574,0.0002061661117707883,-0.25385730410307095
9.909999999999833,0.34450000000012526,0.034019841090368486,20.049375834250075,0.00018747298403432955,-0.2307411934315573
9.919999999999833,0.3100500000001253,0.0306035899713738,20.044448884852976,0.00016877509806162297,-0.20763227488997388
9.929999999999833,0.2756000000001253,0.027190526321885067,20.039519411431982,0.0001500707247740177,-0.18453058466167407
9.939999999999833,0.24115000000012532,0.023780654573134385,20.034587406509687,0.00013135810769958388,-0.16143615937395472
9.949999999999832,0.20670000000012534,0.02037397919576539,20.02965286251153,0.00011263546256723748,-0.13834903610773486
9.959999999999832,0.17225000000012536,0.016970504700643596,20.02471577176405,9.390097651144707e-05,-0.11526925240334505
9.969999999999832,0.13780000000012538,0.013570235639593642,20.019776126493973,7.51528074834141e-05,-0.09219684627249682
9.979999999999832,0.10335000000012538,0.010173176606401213,20.01483391882653,5.638908360777034e-05,-0.06913185620532468
9.989999999999831,0.06890000000012539,0.0067793322376449305,20.009889140784132,3.7607902483735144e-05,-0.046074321179738385
9.999999999999831,0.034450000000125394,0.0033887072136094543,20.004941784284892,1.880733044687952e-05,-0.02302428067092085
10.009999999999831,1.2539969063141143e-13,1.3062592090773428e-06,19.999991841141302,-1.4598095161291388e-08,1.8225338130923088e-05
0.0,0,-1.1102230246251565e-16,20.0,1.4842727741326556e-16,0.0
0.01,0.034449999999999995,0.002796322939489726,20.004367628148394,1.6746471865774527e-05,-0.020123394427219388
0.02,0.06889999999999999,0.0059789066692461645,20.008884937117806,3.291944057206696e-05,-0.04148775561311849
0.03,0.10334999999999998,0.009028174347566642,20.013340549979958,4.910062707355752e-05,-0.06239020339891613
0.04,0.13779999999999998,0.012037714803401267,20.01778629259119,6.541415866257827e-05,-0.08319986881592169
0.05,0.17224999999999996,0.015052850399696283,20.022230838452053,8.172089798797681e-05,-0.10402350541429717
0.060000000000000005,0.20669999999999994,0.018073609504822563,20.02667375625304,9.800389794161965e-05,-0.12485908649214
0.07,0.24114999999999992,0.02109709187686043,20.03111464660015,0.00011427402685470285,-0.14570051529133562
0.08,0.2755999999999999,0.024122908697532197,20.035553471956902,0.00013053496491814438,-0.16654700142954543
0.09,0.3100499999999999,0.027151191876225,20.039990254527638,0.0001467876599078146,-0.18739878852508118
0.09999999999999999,0.34449999999999986,0.030181981061313257,20.044425004934126,0.0001630331046838248,-0.20825593697796174
0.10999999999999999,0.37894999999999984,0.033215270271862996,20.048857728274456,0.0001792724335223303,-0.22911841613455136
0.11999999999999998,0.4133999999999998,0.03625105341938828,20.053288429533076,0.00019550678909612137,-0.24998619487532053
0.12999999999999998,0.4478499999999998,0.039289327346737624,20.057717113975606,0.00021173729571634522,-0.27085924811222967
0.13999999999999999,0.4822999999999998,0.04233008931237198,20.062143786857554,0.00022796506013724306,-0.29173755184986244
0.15,0.5167499999999998,0.045373336461150326,20.066568453359693,0.00024419117326889147,-0.3126210820990119
0.16,0.5511999999999998,0.048419065914856396,20.070991118598556,0.00026041671106609627,-0.33350981504050686
0.17,0.5856499999999998,0.0514672748176353,20.07541178763266,0.00027664273485816186,-0.3544037271162653
0.18000000000000002,0.6200999999999998,0.054517960335945526,20.079830465463466,0.00029287029164611826,-0.37530279502380925
0.19000000000000003,0.6545499999999997,0.05757111965540451,20.0842471570355,0.00030910041431080255,-0.39620699570853873
0.20000000000000004,0.6889999999999997,0.06062674997991402,20.08866186723722,0.0003253341219536161,-0.41711630635819247
0.21000000000000005,0.7234499999999997,0.06368484853156581,20.093074600901495,0.0003415724201236819,-0.43803070439837344
0.22000000000000006,0.7578999999999997,0.06674541255024558,20.097485362806456,0.0003578163010914681,-0.458950167489991
0.23000000000000007,0.7923499999999997,0.06980843929338204,20.101894157676043,0.0003740667441442915,-0.4798746735253278
0.24000000000000007,0.8267999999999996,0.07287392603553677,20.106300990180607,0.00039032471576564147,-0.5008042006229695
0.25000000000000006,0.8612499999999996,0.0759418700682129,20.110705864937696,0.0004065911699727381,-0.5217387271259871
0.26000000000000006,0.8956999999999996,0.07901226869941919,20.11510878651253,0.0004228670485097401,-0.5426782315978544
0.2700000000000001,0.9301499999999996,0.0820851192534407,20.119509759418705,0.0004391532810818678,-0.5636226928180702
0.2800000000000001,0.9645999999999996,0.08516041907042937,20.12390878811872,0.00045545078562619944,-0.584572089779359
0.2900000000000001,0.9990499999999995,0.08823816550627805,20.128305877024676,0.00047176046847335364,-0.6055264016845858
0.3000000000000001,1.0334999999999996,0.09131835593217502,20.132701030498787,0.00048808322464356953,-0.6264856079432823
0.3100000000000001,1.0679499999999997,0.09440098773441491,20.137094252853966,0.0005044199379875087,-0.6474496881678499
0.3200000000000001,1.1023999999999998,0.0974860583140702,20.141485548354503,0.0005207714814980287,-0.6684186221718358
0.3300000000000001,1.13685,0.10057356508674076,20.145874921216524,0.0005371387173852358,-0.6893923899653499
0.34000000000000014,1.1713,0.10366350548220216,20.15026237560842,0.0005535224974378312,-0.710370971751536
0.35000000000000014,1.20575,0.10675587694428101,20.154647915651736,0.000569923663031213,-0.731354347926073
0.36000000000000015,1.2402000000000002,0.10985067693049888,20.1590315454215,0.0005863430455231955,-0.7523424990724605
0.37000000000000016,1.2746500000000003,0.11294790291182122,20.16341326894666,0.0006027814662752302,-0.7733354059584828
0.38000000000000017,1.3091000000000004,0.11604755237240066,20.16779309021085,0.0006192397369541747,-0.7943330495355277
0.3900000000000002,1.3435500000000005,0.11914962280936231,20.172171013152823,0.0006357186596271404,-0.8153354109341485
0.4000000000000002,1.3780000000000006,0.1222541117325609,20.176547041666755,0.0006522190270323691,-0.8363424714615209
0.4100000000000002,1.4124500000000006,0.1253610166642814,20.180921179603075,0.0006687416226421677,-0.8573542125986422
0.4200000000000002,1.4469000000000007,0.12847033513900302,20.185293430768823,0.0006852872209108202,-0.8783706159995418
0.4300000000000002,1.4813500000000008,0.13158206470336725,20.18966379892806,0.0007018565874217812,-0.8993916634861803
0.4400000000000002,1.515800000000001,0.13469620291557793,20.194032287802443,0.0007184504790351618,-0.9204173370469159
0.45000000000000023,1.550250000000001,0.1378127473455062,20.19839890107177,0.0007350696440894988,-0.9414476188347397
0.46000000000000024,1.584700000000001,0.1409316955743879,20.202763642374247,0.0007517148224469967,-0.962482491163833
0.47000000000000025,1.6191500000000012,0.1440530451944499,20.207126515307245,0.0007683867458063887,-0.9835219365077651
0.48000000000000026,1.6536000000000013,0.14717679380891474,20.211487523427408,0.0007850861377139457,-1.0045659374966838
0.49000000000000027,1.6880500000000014,0.1503029390316432,20.21584667025139,0.0008018137137624007,-1.0256144769149385
0.5000000000000002,1.7225000000000015,0.15343147848702893,20.220203959256235,0.0008185701817665218,-1.0466675376999268
0.5100000000000002,1.7569500000000016,0.1565624098096403,20.22455939387966,0.0008353562418243505,-1.0677251029378791
0.5200000000000002,1.7914000000000017,0.15969573064430087,20.22891297752079,0.0008521725865028994,-1.0887871558642621
0.5300000000000002,1.8258500000000017,0.16283143864556104,20.23326471354027,0.000869019900967379,-1.1098536798585708
0.5400000000000003,1.8603000000000018,0.16596953147774418,20.237614605260916,0.0008858988631270908,-1.1309246584452448
0.5500000000000003,1.894750000000002,0.16911000681469224,20.241962655968017,0.000902810143710419,-1.1520000752894326
0.5600000000000003,1.929200000000002,0.1722528623395273,20.24630886890978,0.0009197544063918521,-1.1730799141954984
0.5700000000000003,1.9636500000000021,0.17539809574454196,20.250653247297805,0.0009367323080107333,-1.1941641591059375
0.5800000000000003,1.9981000000000022,0.17854570473095083,20.254995794307277,0.0009537444985748423,-1.2152527940975864
0.5900000000000003,2.0325500000000023,0.18169568700880556,20.259336513077667,0.0009707916213982446,-1.2363458033817272
0.6000000000000003,2.0670000000000024,0.184848040296759,20.263675406712895,0.0009878743133046597,-1.2574431713009047
0.6100000000000003,2.1014500000000025,0.1880027623218532,20.268012478281783,0.0010049932046274858,-1.2785448823269103
0.6200000000000003,2.1359000000000026,0.19115985081950204,20.27234773081846,0.0010221489193372876,-1.2996509210598763
0.6300000000000003,2.1703500000000027,0.19431930353309618,20.2766811673227,0.0010393420752291681,-1.3207612722259297
0.6400000000000003,2.2048000000000028,0.1974811182141178,20.281012790760325,0.0010565732839583058,-1.341875920675052
0.6500000000000004,2.239250000000003,0.20064529262174913,20.285342604063537,0.0010738431511204773,-1.3629948513800811
0.6600000000000004,2.273700000000003,0.20381182452282848,20.289670610131385,0.0010911522764078434,-1.3841180494346705
0.6700000000000004,2.308150000000003,0.20698071169168997,20.293996811829963,0.0011085012537067735,-1.405245500051152
0.6800000000000004,2.342600000000003,0.21015195190997238,20.298321211992832,0.001125890671144088,-1.4263771885592598
0.6900000000000004,2.377050000000003,0.21332554296652828,20.302643813421504,0.0011433211112093671,-1.4475131004054258
0.7000000000000004,2.4115000000000033,0.21650148265722913,20.3069646188855,0.0011607931508296088,-1.4686532211491754
0.7100000000000004,2.4459500000000034,0.21967976878477563,20.31128363112289,0.0011783073615247207,-1.4897975364626
0.7200000000000004,2.4804000000000035,0.22286039915879297,20.315600852840717,0.0011958643094212313,-1.510946032129712
0.7300000000000004,2.5148500000000036,0.22604337159531507,20.319916286715085,0.0012134645553370722,-1.5320986940433197
0.7400000000000004,2.5493000000000037,0.22922868391698586,20.324229935391628,0.0012311086549087495,-1.5532555082040114
0.7500000000000004,2.5837500000000038,0.2324163339527492,20.328541801485827,0.0012487971586402431,-1.5744164607196363
0.7600000000000005,2.618200000000004,0.23560631953777939,20.33285188758329,0.0012665306120451976,-1.5955815378024087
0.7700000000000005,2.652650000000004,0.2387986385133133,20.337160196240095,0.0012843095556247725,-1.6167507257685063
0.7800000000000005,2.687100000000004,0.24199328872654813,20.34146672998314,0.0013021345250120693,-1.6379240110359194
0.7900000000000005,2.721550000000004,0.24519026803053412,20.345771491310362,0.0013200060510703035,-1.659101380123905
0.8000000000000005,2.7560000000000042,0.24838957428396655,20.350074482691074,0.0013379246598531655,-1.6802828196504167
0.8100000000000005,2.7904500000000043,0.25159120535123386,20.354375706566344,0.001355890872827665,-1.7014683163326265
0.8200000000000005,2.8249000000000044,0.2547951591021058,20.358675165349155,0.0013739052068441554,-1.722657856983275
0.8300000000000005,2.8593500000000045,0.25800143341169485,20.3629728614248,0.0013919681742342723,-1.743851428511362
0.8400000000000005,2.8938000000000046,0.26121002616043476,20.36726879715114,0.0014100802828628943,-1.7650490179193428
0.8500000000000005,2.9282500000000047,0.2644209352338457,20.371562974858872,0.001428242036246268,-1.7862506123034048
0.8600000000000005,2.9627000000000048,0.26763415852240174,20.375855396851883,0.0014464539335526522,-1.8074561988508249
0.8700000000000006,2.997150000000005,0.2708496939215832,20.380146065407402,0.001464716469659022,-1.8286657648393907
0.8800000000000006,3.031600000000005,0.2740675393315675,20.384434982776337,0.0014830301353370027,-1.8498792976361957
0.8900000000000006,3.066050000000005,0.2772876926573191,20.388722151183714,0.0015013954171466351,-1.8710967846966273
0.9000000000000006,3.100500000000005,0.2805101518083383,20.39300757282863,0.0015198127976068104,-1.8923182135627328
0.9100000000000006,3.1349500000000052,0.28373491469859013,20.397291249884624,0.001538282755220241,-1.913543571861629
0.9200000000000006,3.1694000000000053,0.28696197924649514,20.40157318450025,0.0015568057645415463,-1.9347728473065149
0.9300000000000006,3.2038500000000054,0.2901913433746967,20.40585337879883,0.0015753822961604466,-1.9560060276925366
0.9400000000000006,3.2383000000000055,0.293423005010075,20.410131834879103,0.0015940128169613873,-1.9772431008984865
0.9500000000000006,3.2727500000000056,0.29665696208355674,20.414408554815246,0.001612697789875502,-1.9984840548833283
0.9600000000000006,3.3072000000000057,0.29989321253017354,20.418683540657284,0.0016314376741966342,-2.0197288776872964
0.9700000000000006,3.341650000000006,0.3031317542887604,20.42295679443132,0.0016502329254760718,-2.040977557429871
0.9800000000000006,3.376100000000006,0.30637258530199585,20.427228318139534,0.0016690839956916017,-2.0622300823072646
0.9900000000000007,3.410550000000006,0.3096157035163645,20.431498113760814,0.0016879913331745886,-2.08348644059461
1.0000000000000007,3.445000000000006,0.3128611068818555,20.435766183250646,0.00170695538273678,-2.104746620641769
1.0100000000000007,3.479450000000006,0.31610879335220365,20.440032528541654,0.0017259765857228111,-2.126010610874692
1.0200000000000007,3.5139000000000062,0.3193587608844411,20.444297151543577,0.0017450553799934327,-2.1472783997934224
1.0300000000000007,3.5483500000000063,0.3226110074391332,20.448560054143634,0.00176419220003129,-2.168549975971158
1.0400000000000007,3.5828000000000064,0.3258655309800391,20.45282123820673,0.0017833874769914546,-2.1898253280532134
1.0500000000000007,3.6172500000000065,0.32912232947423514,20.45708070557562,0.0018026416386800071,-2.2111044447562547
1.0600000000000007,3.6517000000000066,0.3323814008919159,20.461338458071324,0.0018219551096259035,-2.2323873148681486
1.0700000000000007,3.6861500000000067,0.3356427432063399,20.465594497493008,0.0018413283112168992,-2.253673927245017
1.0800000000000007,3.720600000000007,0.33890635439378675,20.469848825618584,0.0018607616615505754,-2.274964270813168
1.0900000000000007,3.755050000000007,0.3421722324334485,20.474101444204607,0.0018802555756624296,-2.296258334565551
1.1000000000000008,3.789500000000007,0.345440375307346,20.478352354986683,0.0018998104654472004,-2.317556107562396
1.1100000000000008,3.823950000000007,0.34871078100033687,20.482601559679658,0.0019194267397599253,-2.3388575789308494
1.1200000000000008,3.858400000000007,0.35198344749993427,20.486849059977715,0.0019391048043913488,-2.3601627378618426
1.1300000000000008,3.8928500000000072,0.35525837279630185,20.491094857554714,0.001958845062202186,-2.3814715736121332
1.1400000000000008,3.9273000000000073,0.35853555488217487,20.49533895406423,0.001978647913028002,-2.402784075501305
1.1500000000000008,3.9617500000000074,0.36181499175278903,20.499581351139973,0.0019985137538958368,-2.4241002329120733
1.1600000000000008,3.9962000000000075,0.36509668140580953,20.50382205039581,0.0020184429788429976,-2.445420035289493
1.1700000000000008,4.030650000000008,0.36838062184128245,20.508061053425976,0.0020384359791252786,-2.466743472138562
1.1800000000000008,4.065100000000007,0.37166681106152677,20.512298361805506,0.002058493143162924,-2.488070533027461
1.1900000000000008,4.099550000000007,0.3749552470711667,20.516533977089924,0.0020786148566172037,-2.50940120758076
1.2000000000000008,4.134000000000007,0.3782459278769428,20.52076790081604,0.002098801502394209,-2.5307354854853084
1.2100000000000009,4.168450000000006,0.38153885148775646,20.52500013450159,0.002119053460695756,-2.5520733564835685
1.2200000000000009,4.202900000000006,0.38483401591454947,20.52923067964586,0.002139371109002459,-2.573414810377326
1.2300000000000009,4.2373500000000055,0.38813141917022514,20.53345953772959,0.0021597548221986684,-2.5947598370241676
1.2400000000000009,4.271800000000005,0.39143105926971317,20.537686710215272,0.0021802049725299045,-2.6161084263389593
1.2500000000000009,4.306250000000005,0.39473293422978467,20.54191219854731,0.0022007219296320507,-2.6374605682910874
1.260000000000001,4.340700000000004,0.39803704206905693,20.54613600415211,0.0022213060605691228,-2.658816252904845
1.270000000000001,4.375150000000004,0.4013433808078593,20.55035812843842,0.002241957729951473,-2.6801754702586815
1.280000000000001,4.409600000000004,0.40465194846831454,20.55457857279751,0.0022626772997633546,-2.701538210485372
1.290000000000001,4.444050000000003,0.40796274307422675,20.558797338603,0.0022834651296130206,-2.7229044637690576
1.300000000000001,4.478500000000003,0.41127576265094473,20.563014427211442,0.0023043215765797603,-2.744274220346893
1.310000000000001,4.512950000000003,0.41459100522541137,20.56722983996236,0.002325246995392919,-2.76564747050767
1.320000000000001,4.547400000000002,0.41790846882611793,20.571443578178325,0.0023462417383067146,-2.7870242045907747
1.330000000000001,4.581850000000002,0.42122815148297277,20.575655643165167,0.0023673061552698382,-2.808404412985717
1.340000000000001,4.616300000000002,0.4245500512273102,20.5798660362122,0.0023884405938225622,-2.8297880861319693
1.350000000000001,4.650750000000001,0.4278741660918809,20.58407475859227,0.0024096453992042124,-2.851175214518095
1.360000000000001,4.685200000000001,0.4312004941106805,20.588281811562045,0.0024309209143782333,-2.8725657886810865
1.370000000000001,4.719650000000001,0.4345290333190482,20.592487196362026,0.002452267479982824,-2.8939597992057657
1.380000000000001,4.7541,0.43785978175348006,20.596690914216826,0.0024736854344472735,-2.9153572367240175
1.390000000000001,4.78855,0.4411927374517378,20.600892966335323,0.002495175113931624,-2.9367580919153866
1.400000000000001,4.8229999999999995,0.44452789845268115,20.605093353910654,0.0025167368524150126,-2.9581623555048124
1.410000000000001,4.857449999999999,0.44786526279625066,20.609292078120586,0.002538370981659603,-2.979570018263
1.420000000000001,4.891899999999999,0.4512048285235001,20.61348914012755,0.0025600778312684087,-3.0009810710064024
1.430000000000001,4.9263499999999985,0.4545465936764563,20.61768454107867,0.002581857728739365,-3.022395504594562
1.440000000000001,4.960799999999998,0.45789055629808617,20.621878282106152,0.002603710999399938,-3.043813309932775
1.450000000000001,4.995249999999998,0.461236714432376,20.626070364327397,0.0026256379664740272,-3.065234477969294
1.460000000000001,5.029699999999997,0.46458506612411643,20.6302607888448,0.0026476389511160678,-3.086658999694398
1.470000000000001,5.064149999999997,0.46793560941904705,20.634449556746418,0.0026697142724222615,-3.108086866142528
1.480000000000001,5.098599999999997,0.4712883423636171,20.638636669105633,0.00269186424743351,-3.1295180683884474
1.490000000000001,5.133049999999996,0.47464326300513415,20.642822126981663,0.00271408919114323,-3.150952597550096
1.500000000000001,5.167499999999996,0.47800036939164153,20.64700593141947,0.0027363894165625693,-3.17239044478521
1.5100000000000011,5.201949999999996,0.48135965957182936,20.651188083449938,0.0027587652347156395,-3.1938316012923047
1.5200000000000011,5.236399999999995,0.4847211315951383,20.655368584090052,0.00278121695463133,-3.2152760583103746
1.5300000000000011,5.270849999999995,0.4880847835115852,20.65954743434302,0.0028037448833915894,-3.236723807117537
1.5400000000000011,5.305299999999995,0.4914506133717917,20.66372463519833,0.0028263493261406866,-3.258174839031034
1.5500000000000012,5.339749999999994,0.4948186192269927,20.667900187632096,0.0028490305861055107,-3.2796291454072266
1.5600000000000012,5.374199999999994,0.4981887991288995,20.672074092606877,0.002871788964600359,-3.3010867176405343
1.5700000000000012,5.4086499999999935,0.5015611511297832,20.6762463510721,0.0028946247610625478,-3.3225475471634005
1.5800000000000012,5.443099999999993,0.504935673282314,20.680416963963836,0.002917538273052763,-3.3440116254444114
1.5900000000000012,5.477549999999993,0.5083123636396603,20.68458593220543,0.0029405297962452137,-3.3654789439907864
1.6000000000000012,5.5119999999999925,0.5116912202553809,20.688753256707113,0.0029635996245298032,-3.3869494943448637
1.6100000000000012,5.546449999999992,0.5150722411833873,20.69291893836637,0.0029867480499168337,-3.4084232680857034
1.6200000000000012,5.580899999999992,0.5184554244779976,20.697082978068167,0.0030099753626258983,-3.4299002568283057
1.6300000000000012,5.615349999999991,0.5218407681937227,20.70124537668479,0.0030332818510987593,-3.4513804522217706
1.6400000000000012,5.649799999999991,0.5252282703855115,20.705406135076196,0.0030566678019661965,-3.472863845951487
1.6500000000000012,5.684249999999991,0.5286179291085047,20.709565254089988,0.0030801335000709153,-3.4943504297361203
1.6600000000000013,5.71869999999999,0.5320097424180545,20.71372273456167,0.0031036792285964636,-3.515840195328992
1.6700000000000013,5.75314999999999,0.5354037083697641,20.717878577314618,0.0031273052688610063,-3.5373331345166252
1.6800000000000013,5.78759999999999,0.5387998250193475,20.722032783160287,0.0031510119005231122,-3.5588292391193117
1.6900000000000013,5.822049999999989,0.5421980904227327,20.726185352898298,0.0031747994015405823,-3.580328500990148
1.7000000000000013,5.856499999999989,0.5455985026360062,20.730336287316526,0.0031986680481186722,-3.601830912014321
1.7100000000000013,5.890949999999989,0.5490010597152305,20.734485587191262,0.003222618114830862,-3.6233364641096864
1.7200000000000013,5.925399999999988,0.552405759716631,20.738633253287258,0.003246649874522206,-3.6448451492253833
1.7300000000000013,5.959849999999988,0.5558126006964939,20.742779286357916,0.0032707635983852713,-3.6663569593424863
1.7400000000000013,5.9942999999999875,0.5592215807110904,20.746923687145298,0.0032949595560075383,-3.687871886472783
1.7500000000000013,6.028749999999987,0.5626326978166873,20.751066456380357,0.003319238015300743,-3.7093899226590987
1.7600000000000013,6.063199999999987,0.5660459500695967,20.75520759478286,0.0033435992425215042,-3.730911059973714
1.7700000000000014,6.0976499999999865,0.5694613355260199,20.75934710306168,0.003368043502355432,-3.7524352905204
1.7800000000000014,6.132099999999986,0.5728788522420936,20.763484981914857,0.0033925710578551235,-3.7739626064314677
1.7900000000000014,6.166549999999986,0.5762984982739381,20.76762123202957,0.0034171821704989916,-3.7954929998692557
1.8000000000000014,6.200999999999985,0.5797202716774748,20.77175585408235,0.0034418771001771716,-3.817026463024122
1.8100000000000014,6.235449999999985,0.5831441705085288,20.775888848739292,0.0034666561051995494,-3.8385629881166876
1.8200000000000014,6.269899999999985,0.5865701928228065,20.7800202166558,0.003491519442296863,-3.8601025673945077
1.8300000000000014,6.304349999999984,0.5899983366757806,20.784149958477144,0.003516467366702481,-3.8816451931340916
1.8400000000000014,6.338799999999984,0.5934286001227974,20.788278074838182,0.0035415001320659675,-3.903190857639353
1.8500000000000014,6.373249999999984,0.5968609812189098,20.792404566363558,0.0035666179904991226,-3.9247395532414187
1.8600000000000014,6.407699999999983,0.6002954780189821,20.79652943366804,0.0035918211926281806,-3.946291272299169
1.8700000000000014,6.442149999999983,0.6037320885776848,20.800652677356226,0.0036171099875247966,-3.9678460071978052
1.8800000000000014,6.476599999999983,0.607170810949327,20.804774298022856,0.0036424846228185473,-3.9894037503492528
1.8900000000000015,6.511049999999982,0.6106116431879287,20.808894296252987,0.0036679453445902397,-4.010964494191699
1.9000000000000015,6.545499999999982,0.6140545833472968,20.813012672621852,0.0036934923974478433,-4.032528231189316
1.9100000000000015,6.5799499999999815,0.6174996294808075,20.81712942769508,0.003719126024562079,-4.054094953831385
1.9200000000000015,6.614399999999981,0.6209467796415146,20.821244562028852,0.0037448464675825235,-4.075664654633448
1.9300000000000015,6.648849999999981,0.6243960318822237,20.82535807616991,0.0037706539667749727,-4.097237326135931
1.9400000000000015,6.6832999999999805,0.6278473842551984,20.829469970655513,0.0037965487608835518,-4.118812960903281
1.9500000000000015,6.71774999999998,0.6313008348124229,20.833580246013867,0.0038225310872840876,-4.140391551525524
1.9600000000000015,6.75219999999998,0.634756381605408,20.837688902763844,0.00384860118183148,-4.161973090616335
1.9700000000000015,6.786649999999979,0.6382140226852923,20.841795941415377,0.0038747592790568,-4.18355757081379
1.9800000000000015,6.821099999999979,0.6416737561027226,20.84590136246921,0.003901005612032592,-4.205144984779033
1.9900000000000015,6.855549999999979,0.6451355799079466,20.850005166417407,0.00392734041240769,-4.226735325197842
2.0000000000000013,6.889999999999978,0.6485994921506821,20.854107353742997,0.003953763910465584,-4.248328584778225
2.010000000000001,6.924449999999978,0.6520654908801811,20.85820792492038,0.00398027633510476,-4.269924756251279
2.020000000000001,6.958899999999978,0.6555335741452013,20.86230688041531,0.004006877913799971,-4.291523832371667
2.0300000000000007,6.993349999999977,0.6590037399939812,20.866404220684846,0.004033568872691788,-4.313125805915373
2.0400000000000005,7.027799999999977,0.6624759864742189,20.870499946177663,0.004060349436526257,-4.334730669681316
2.0500000000000003,7.062249999999977,0.6659503116330934,20.87459405733391,0.00408721982873463,-4.356338416490181
2.06,7.096699999999976,0.6694267135171938,20.878686554585464,0.0041141802713548226,-4.377949039184225
2.07,7.131149999999976,0.6729051901725283,20.882777438355973,0.0041412309850718575,-4.399562530627961
2.0799999999999996,7.1655999999999755,0.6763857396446233,20.886866709060836,0.004168372189303807,-4.421178883706628
2.0899999999999994,7.200049999999975,0.6798683599782523,20.89095436710732,0.0041956041020264675,-4.442798091326222
2.099999999999999,7.234499999999975,0.6833530492177013,20.895040412894744,0.004222926939976439,-4.464420146413875
2.109999999999999,7.2689499999999745,0.6868398054065818,20.899124846814367,0.004250340918572178,-4.486045041917353
2.1199999999999988,7.303399999999974,0.6903286265878632,20.903207669249714,0.004277846251888432,-4.5076727708052875
2.1299999999999986,7.337849999999974,0.6938195108038877,20.90728888057636,0.004305443152712281,-4.529303326064992
2.1399999999999983,7.372299999999973,0.697312456096348,20.911368481162214,0.004333131832505093,-4.550936700705478
2.149999999999998,7.406749999999973,0.7008074605062513,20.915446471367517,0.004360912501491365,-4.572572887754093
2.159999999999998,7.441199999999973,0.7043045220739146,20.91952285154496,0.004388785368575936,-4.594211880258621
2.1699999999999977,7.475649999999972,0.7078036388389857,20.923597622039654,0.004416750641397099,-4.615853671285469
2.1799999999999975,7.510099999999972,0.7113048088403795,20.927670783189328,0.0044448085262846,-4.63749825392059
2.1899999999999973,7.544549999999972,0.7148080301163211,20.93174233532425,0.00447295922839782,-4.659145621268646
2.199999999999997,7.578999999999971,0.7183133007043613,20.935812278767543,0.004501202951511378,-4.680795766452922
2.209999999999997,7.613449999999971,0.7218206186411499,20.9398806138349,0.0045295398982309765,-4.702448682614876
2.2199999999999966,7.647899999999971,0.7253299819627951,20.943947340835052,0.004557970269913666,-4.724104362915501
2.2299999999999964,7.68234999999997,0.7288413887044912,20.948012460069485,0.004586494266603118,-4.745762800532241
2.239999999999996,7.71679999999997,0.7323548369007746,20.952075971832663,0.004615112087181844,-4.767423988660953
2.249999999999996,7.7512499999999696,0.7358703245853224,20.956137876412207,0.004643823929303846,-4.789087920515901
2.259999999999996,7.785699999999969,0.7393878497911148,20.96019817408871,0.0046726299893007075,-4.810754589328123
2.2699999999999956,7.820149999999969,0.7429074105502513,20.964256865135987,0.0047015304624173845,-4.832423988346048
2.2799999999999954,7.8545999999999685,0.7464290048941051,20.968313949821177,0.004730525542578874,-4.854096110835753
2.289999999999995,7.889049999999968,0.749952630853151,20.972369428404583,0.004759615422555522,-4.87577095007951
2.299999999999995,7.923499999999968,0.7534782864571349,20.97642330113996,0.004788800293879004,-4.897448499377014
2.3099999999999947,7.957949999999967,0.7570059697349252,20.98047556827444,0.00481808034693179,-4.919128752043966
2.3199999999999945,7.992399999999967,0.7605356787145443,20.98452623004865,0.004847455770849377,-4.940811701412617
2.3299999999999943,8.026849999999968,0.764067411423181,20.988575286696875,0.004876926753610415,-4.962497340832059
2.339999999999994,8.061299999999967,0.7676011658871948,20.99262273844686,0.004906493481988893,-4.984185663666838
2.349999999999994,8.095749999999967,0.7711369401320518,20.996668585520176,0.0049361561416124905,-5.005876663297504
2.3599999999999937,8.130199999999967,0.7746747321823445,21.000712828131984,0.004965914916883515,-5.027570333120092
2.3699999999999934,8.164649999999966,0.7782145400617793,21.00475546649141,0.004995769991098713,-5.04926666654683
2.3799999999999932,8.199099999999966,0.7817563617932602,21.008796500801278,0.005025721546344542,-5.070965657004457
2.389999999999993,8.233549999999966,0.7853001953986529,21.012835931258458,0.005055769763548932,-5.0926672979359555
2.399999999999993,8.267999999999965,0.7888460388990692,21.016873758053777,0.005085914822513823,-5.11437158279873
2.4099999999999926,8.302449999999965,0.7923938903145975,21.020909981372064,0.005116156901858505,-5.136078505064952
2.4199999999999924,8.336899999999964,0.7959437476645213,21.02494460139222,0.005146496179088598,-5.157788058221931
2.429999999999992,8.371349999999964,0.7994956089670918,21.028977618287364,0.005176932830511027,-5.179500235771419
2.439999999999992,8.405799999999964,0.8030494722396839,21.03300903222479,0.00520746703140545,-5.201215031229281
2.4499999999999917,8.440249999999963,0.806605335498738,21.037038843366084,0.005238098955785558,-5.222932438126368
2.4599999999999915,8.474699999999963,0.8101631967597662,21.041067051867152,0.005268828776615936,-5.244652450007234
2.4699999999999913,8.509149999999963,0.8137230540373293,21.04509365787822,0.005299656665729896,-5.266375060429958
2.479999999999991,8.543599999999962,0.8172849053449799,21.049118661544046,0.005330582793841302,-5.2881002629673315
2.489999999999991,8.578049999999962,0.8208487486953602,21.0531420630038,0.005361607330521999,-5.309828051205065
2.4999999999999907,8.612499999999962,0.8244145821001511,21.057163862391263,0.005392730444243873,-5.331558418742931
2.5099999999999905,8.646949999999961,0.8279824035700027,21.061184059834716,0.005423952302405284,-5.353291359193748
2.5199999999999902,8.681399999999961,0.831552211114669,21.065202655457213,0.005455273071221316,-5.375026866183671
2.52999999999999,8.71584999999996,0.8351240027428646,21.06921964937643,0.005486692915920569,-5.39676493335231
2.53999999999999,8.75029999999996,0.8386977764623084,21.07323504170481,0.005518212000534743,-5.418505554351388
2.5499999999999896,8.78474999999996,0.842273530279753,21.077248832549635,0.005549830488060986,-5.440248722846348
2.5599999999999894,8.81919999999996,0.8458512622009249,21.08126102201303,0.005581548540387194,-5.461994432514635
2.569999999999989,8.85364999999996,0.8494309702305693,21.085271610192052,0.005613366318305361,-5.483742677047102
2.579999999999989,8.888099999999959,0.8530126523724006,21.089280597178735,0.005645283981566809,-5.505493450146658
2.5899999999999888,8.922549999999958,0.8565963066290997,21.09328798306001,0.005677301688797621,-5.527246745527171
2.5999999999999885,8.956999999999958,0.8601819310023644,21.09729376791803,0.005709419597626746,-5.549002556916765
2.6099999999999883,8.991449999999958,0.8637695234928261,21.101297951830038,0.00574163786451565,-5.570760878054675
2.619999999999988,9.025899999999957,0.8673590821001068,21.10530053486832,0.005773956644913139,-5.592521702691765
2.629999999999988,9.060349999999957,0.8709506048227775,21.109301517100477,0.005806376093221873,-5.6142850245907026
2.6399999999999877,9.094799999999957,0.8745440896583856,21.113300898589408,0.005838896362767623,-5.63605083752662
2.6499999999999875,9.129249999999956,0.8781395346034194,21.117298679393258,0.005871517605805711,-5.657819135285266
2.6599999999999873,9.163699999999956,0.8817369376532951,21.121294859565456,0.005904239973558348,-5.679589911663818
2.669999999999987,9.198149999999956,0.885336296802421,21.125289439155047,0.00593706361619374,-5.701363160471845
2.679999999999987,9.232599999999955,0.888937610044075,21.129282418206365,0.0059699886828635165,-5.723138875528722
2.6899999999999866,9.267049999999955,0.8925408753705484,21.133273796759283,0.006003015321621345,-5.744917050665533
2.6999999999999864,9.301499999999955,0.896146090773001,21.137263574849204,0.006036143679559928,-5.766697679723903
2.709999999999986,9.335949999999954,0.8997532542415746,21.14125175250718,0.0060693739026239455,-5.788480756556895
2.719999999999986,9.370399999999954,0.9033623637652655,21.145238329759863,0.006102706135861825,-5.810266275027941
2.7299999999999858,9.404849999999954,0.9069734173320444,21.149223306629615,0.006136140523211692,-5.83205422901079
2.7399999999999856,9.439299999999953,0.9105864129287718,21.15320668313455,0.00616967720758092,-5.853844612390429
2.7499999999999853,9.473749999999953,0.9142013485412295,21.15718845928843,0.006203316330911706,-5.8756374190607366
2.759999999999985,9.508199999999952,0.917818222154078,21.161168635100985,0.00623705803406928,-5.897432642927542
2.769999999999985,9.542649999999952,0.9214370317508944,21.16514721057772,0.006270902456955219,-5.91923027790536
2.7799999999999847,9.577099999999952,0.9250577753142012,21.169124185720158,0.006304849738401966,-5.941030317920342
2.7899999999999845,9.611549999999951,0.9286804508253422,21.17309956052563,0.006338900016311454,-5.962832756907014
2.7999999999999843,9.645999999999951,0.9323050562645984,21.177073334987554,0.006373053427499998,-5.98463758881047
2.809999999999984,9.68044999999995,0.9359315896111299,21.181045509095345,0.006407310107825687,-6.00644480758535
2.819999999999984,9.71489999999995,0.9395600488429511,21.185016082834533,0.006441670192133967,-6.028254407195862
2.8299999999999836,9.74934999999995,0.9431904319370398,21.18898505618675,0.00647613381428133,-6.050066381615914
2.8399999999999834,9.78379999999995,0.946822736869151,21.19295242912978,0.006510701107128923,-6.0718807248285325
2.849999999999983,9.81824999999995,0.950456961613961,21.196918201637658,0.006545372202526701,-6.09369743082657
2.859999999999983,9.852699999999949,0.9540931041450191,21.200882373680624,0.006580147231382914,-6.1155164936114295
2.869999999999983,9.887149999999949,0.9577311624347635,21.204844945225197,0.006615026323571956,-6.137337907193743
2.8799999999999826,9.921599999999948,0.9613711344544379,21.20880591623431,0.006650009607993388,-6.159161665594004
2.8899999999999824,9.956049999999948,0.9650130181742024,21.21276528666717,0.006685097212597566,-6.180987762840187
2.899999999999982,9.990499999999948,0.9686568115630582,21.216723056479452,0.006720289264353976,-6.202816192970194
2.909999999999982,10.024949999999947,0.9723025125888449,21.220679225623215,0.006755585889216053,-6.22464695003026
2.9199999999999817,10.059399999999947,0.975950119218271,21.224633794047094,0.0067909872122065085,-6.246480028075131
2.9299999999999815,10.093849999999946,0.9795996294168947,21.228586761696214,0.006826493357365304,-6.268315421168159
2.9399999999999813,10.128299999999946,0.9832510411491424,21.232538128512275,0.00686210444778949,-6.290153123381675
2.949999999999981,10.162749999999946,0.9869043523782548,21.23648789443357,0.0068978206055541206,-6.311993128795554
2.959999999999981,10.197199999999945,0.9905595610663103,21.240436059395066,0.006933641951841312,-6.333835431498238
2.9699999999999807,10.231649999999945,0.9942166651742244,21.244382623328345,0.006969568606845767,-6.355680025586404
2.9799999999999804,10.266099999999945,0.9978756626618005,21.248327586161807,0.007005600689797039,-6.377526905164704
2.9899999999999802,10.300549999999944,1.0015365514876178,21.2522709478206,0.007041738319011237,-6.399376064346511
2.99999999999998,10.334999999999944,1.0051993296091082,21.256212708226588,0.007077981611777751,-6.421227497251742
3.00999999999998,10.369449999999944,1.0088639949825384,21.260152867298572,0.0071143306845204415,-6.443081198009189
3.0199999999999796,10.403899999999943,1.0125305455629674,21.26409142495214,0.007150785652686778,-6.464937160755071
3.0299999999999794,10.438349999999943,1.0161989793043402,21.268028381099807,0.0071873466307611255,-6.486795379633032
3.039999999999979,10.472799999999943,1.019869294159371,21.2719637356511,0.007224013732327935,-6.508655848794929
3.049999999999979,10.507249999999942,1.0235414880795877,21.275897488512438,0.007260787070005743,-6.530518562399315
3.0599999999999787,10.541699999999942,1.0272155590154146,21.279829639587344,0.007297666755478989,-6.552383514613183
3.0699999999999785,10.576149999999942,1.0308915049159806,21.283760188776363,0.00733465289952366,-6.574250699610011
3.0799999999999783,10.610599999999941,1.0345693237293108,21.287689135977082,0.007371745611970257,-6.59612011157018
3.089999999999978,10.64504999999994,1.0382490134021753,21.29161648108423,0.007408945001680247,-6.61799174468271
3.099999999999978,10.67949999999994,1.04193057188023,21.295542223989763,0.007446251176677287,-6.639865593142184
3.1099999999999777,10.71394999999994,1.0456139971078569,21.2994663645828,0.007483664244000302,-6.661741651151465
3.1199999999999775,10.74839999999994,1.0492992870282765,21.303388902749596,0.007521184309766991,-6.6836199129189335
3.1299999999999772,10.78284999999994,1.0529864395835482,21.307309838373858,0.0075588114792071,-6.705500372661794
3.139999999999977,10.817299999999939,1.056675452714438,21.31122917133642,0.007596545856618606,-6.727383024602176
3.149999999999977,10.851749999999939,1.060366324360616,21.315146901515526,0.0076343875453758194,-6.749267862969988
3.1599999999999766,10.886199999999938,1.0640590524604656,21.31906302878677,0.007672336647953232,-6.771154882001213
3.1699999999999764,10.920649999999938,1.0677536349512287,21.32297755302311,0.0077103932659435305,-6.793044075938843
3.179999999999976,10.955099999999938,1.071450069768859,21.32689047409504,0.0077485574999442705,-6.814935439032527
3.189999999999976,10.989549999999937,1.0751483548481873,21.330801791870442,0.007786829449754032,-6.8368289655377215
3.1999999999999758,11.023999999999937,1.0788484881227807,21.334711506214735,0.00782520921420822,-6.858724649716997
3.2099999999999755,11.058449999999937,1.0825504675250057,21.33861961699077,0.007863696891254737,-6.880622485838121
3.2199999999999753,11.092899999999936,1.086254290986009,21.342526124059106,0.007902292577949731,-6.902522468176436
3.229999999999975,11.127349999999936,1.0899599564357503,21.346431027277823,0.00794099637043296,-6.924424591012603
3.239999999999975,11.161799999999936,1.0936674618029183,21.350334326502608,0.007979808363986662,-6.946328848633541
3.2499999999999747,11.196249999999935,1.0973768050149946,21.354236021586885,0.008018728652973327,-6.968235235332106
3.2599999999999745,11.230699999999935,1.101087983998287,21.3581361123817,0.008057757330843244,-6.990143745407592
3.2699999999999743,11.265149999999934,1.1048009966778418,21.36203459873584,0.00809689449021037,-7.012054373164487
3.279999999999974,11.299599999999934,1.1085158409774396,21.365931480495902,0.008136140222783535,-7.033967112913412
3.289999999999974,11.334049999999934,1.1122325148197365,21.369826757506218,0.008175494619373256,-7.055881958971601
3.2999999999999736,11.368499999999933,1.1159510161260564,21.373720429608866,0.008214957769920424,-7.07779890566009
3.3099999999999734,11.402949999999933,1.1196713428165748,21.377612496644005,0.008254529763485485,-7.099717947307685
3.319999999999973,11.437399999999933,1.1233934928101532,21.38150295844938,0.008294210688260178,-7.121639078247161
3.329999999999973,11.471849999999932,1.1271174640245303,21.385391814860853,0.008334000631527547,-7.143562292817649
3.3399999999999728,11.506299999999932,1.130843254376093,21.389279065712135,0.008373899679729725,-7.165487585363438
3.3499999999999726,11.540749999999932,1.1345708617800594,21.393164710834984,0.008413907918431177,-7.187414950234582
3.3599999999999723,11.575199999999931,1.1383002841504237,21.39704875005905,0.00845402543231959,-7.209344381786061
3.369999999999972,11.609649999999931,1.1420315193998896,21.40093118321209,0.008494252305211671,-7.231275874378169
3.379999999999972,11.64409999999993,1.1457645654399597,21.404812010119883,0.008534588620074784,-7.253209422376571
3.3899999999999717,11.67854999999993,1.149499420180882,21.408691230606358,0.008575034458981137,-7.27514502015247
3.3999999999999715,11.71299999999993,1.153236081531654,21.412568844493464,0.008615589903161958,-7.2970826620812534
3.4099999999999713,11.74744999999993,1.1569745474000668,21.41644485160138,0.008656255033003572,-7.319022342544505
3.419999999999971,11.78189999999993,1.1607148156926126,21.42031925174843,0.008697029927993436,-7.3409640559279925
3.429999999999971,11.816349999999929,1.1644568843145846,21.42419204475115,0.008737914666806387,-7.362907796622673
3.4399999999999706,11.850799999999929,1.1682007511700017,21.428063230424275,0.008778909327206375,-7.384853559024257
3.4499999999999704,11.885249999999928,1.1719464141616236,21.43193280858086,0.008820013986165963,-7.406801337533802
3.45999999999997,11.919699999999928,1.1756938711910256,21.43580077903219,0.00886122871975853,-7.428751126556577
3.46999999999997,11.954149999999927,1.1794431201584548,21.439667141587933,0.008902553603232471,-7.450702920502945
3.47999999999997,11.988599999999927,1.183194158962944,21.443531896056022,0.008943988710957656,-7.472656713788001
3.4899999999999696,12.023049999999927,1.1869469855022738,21.447395042242846,0.008985534116518337,-7.494612500831162
3.4999999999999694,12.057499999999926,1.1907015976729407,21.451256579953096,0.009027189892597702,-7.5165702760561075
3.509999999999969,12.091949999999926,1.1944579933702526,21.45511650899001,0.009068956111021431,-7.538530033892166
3.519999999999969,12.126399999999926,1.1982161704881866,21.45897482915524,0.009110832842865823,-7.56049176877289
3.5299999999999687,12.160849999999925,1.201976126919523,21.462831540248864,0.009152820158245062,-7.582455475134962
3.5399999999999685,12.195299999999925,1.205737860555731,21.466686642069497,0.009194918126548716,-7.604421147421116
3.5499999999999683,12.229749999999925,1.2095013692870562,21.470540134414364,0.009237126816243878,-7.626388780077524
3.559999999999968,12.264199999999924,1.2132666510025094,21.474392017079122,0.009279446294978875,-7.648358367555004
3.569999999999968,12.298649999999924,1.2170337035897862,21.478242289858187,0.009321876629643476,-7.670329904308552
3.5799999999999677,12.333099999999924,1.2208025249353138,21.482090952544382,0.009364417886158605,-7.692303384796901
3.5899999999999674,12.367549999999923,1.2245731129243338,21.485938004929352,0.009407070129736206,-7.714278803483698
3.5999999999999672,12.401999999999923,1.2283454654407169,21.489783446803337,0.009449833424732131,-7.736256154836243
3.609999999999967,12.436449999999923,1.23211958036721,21.493627277955312,0.009492707834620659,-7.758235433326483
3.619999999999967,12.470899999999922,1.2358954555851718,21.49746949817289,0.009535693422108566,-7.7802166334295375
3.6299999999999666,12.505349999999922,1.2396730889747651,21.501310107242453,0.009578790249023108,-7.802199749624797
3.6399999999999664,12.539799999999921,1.2434524784148144,21.505149104949318,0.009621998376423822,-7.824184776396565
3.649999999999966,12.574249999999921,1.2472336217829774,21.508986491077344,0.009665317864548821,-7.8461717082313065
3.659999999999966,12.60869999999992,1.2510165169555396,21.512822265409387,0.0097087487727271,-7.8681605396208205
3.6699999999999657,12.64314999999992,1.2548011618076131,21.51665642772707,0.009752291159584146,-7.89015126506005
3.6799999999999655,12.67759999999992,1.2585875542129716,21.520488977810945,0.009795945082870397,-7.912143879047752
3.6899999999999653,12.71204999999992,1.2623756920441802,21.524319915440433,0.009839710599504925,-7.9341383760866036
3.699999999999965,12.74649999999992,1.2661655731724617,21.5281492403939,0.009883587765626256,-7.956134750683209
3.709999999999965,12.780949999999919,1.269957195467802,21.531976952448645,0.009927576636516482,-7.978132997347078
3.7199999999999647,12.815399999999919,1.2737505567989524,21.535803051380892,0.009971677266727463,-8.000133110592072
3.7299999999999645,12.849849999999918,1.2775456550333486,21.53962753696599,0.010015889709881733,-8.022135084935526
3.7399999999999642,12.884299999999918,1.2813424880371422,21.543450408978167,0.01006021401889788,-8.044138914898001
3.749999999999964,12.918749999999918,1.2851410536752654,21.547271667190756,0.010104650245830368,-8.066144595003871
3.759999999999964,12.953199999999917,1.2889413498113025,21.551091311376197,0.010149198441939008,-8.088152119780732
3.7699999999999636,12.987649999999917,1.2927433743076582,21.554909341305994,0.010193858657688154,-8.110161483760164
3.7799999999999634,13.022099999999917,1.2965471250253648,21.558725756750757,0.010238630942701613,-8.132172681476492
3.789999999999963,13.056549999999916,1.3003525998242405,21.562540557480226,0.010283515345839342,-8.154185707467619
3.799999999999963,13.090999999999916,1.3041597965628011,21.56635374326335,0.010328511915145857,-8.176200556274845
3.8099999999999627,13.125449999999915,1.3079687130983282,21.570165313868255,0.010373620697824689,-8.198217222443033
3.8199999999999625,13.159899999999915,1.3117793472867685,21.573975269062263,0.01041884174034963,-8.220235700520323
3.8299999999999623,13.194349999999915,1.3155916969828305,21.57778360861193,0.01046417508835322,-8.24225598505738
3.839999999999962,13.228799999999914,1.3194057600399454,21.581590332283064,0.010509620786660722,-8.264278070608768
3.849999999999962,13.263249999999914,1.323221534310251,21.585395439840894,0.010555178879333748,-8.28630195173239
3.8599999999999617,13.297699999999914,1.3270390176445857,21.589198931049644,0.010600849409567308,-8.30832762298818
3.8699999999999615,13.332149999999913,1.3308582078925622,21.593000805673217,0.010646632419875832,-8.330355078940613
3.8799999999999613,13.366599999999913,1.3346791029024911,21.596801063474594,0.010692527951868114,-8.352384314156382
3.889999999999961,13.401049999999913,1.3385017005214053,21.600599704216357,0.010738536046438828,-8.374415323205561
3.899999999999961,13.435499999999912,1.3423259985950338,21.604396727660205,0.010784656743612635,-8.39644810066051
3.9099999999999606,13.469949999999912,1.3461519949678646,21.60819213356759,0.010830890082696722,-8.418482641098016
3.9199999999999604,13.504399999999912,1.349979687483112,21.611985921699162,0.010877236102173305,-8.440518939096833
3.92999999999996,13.538849999999911,1.353809073982662,21.615778091815113,0.010923694839707327,-8.462556989238635
3.93999999999996,13.57329999999991,1.357640152307146,21.619568643675137,0.010970266332233978,-8.484596786108364
3.9499999999999598,13.60774999999991,1.3614729202959377,21.623357577038348,0.011016950615861793,-8.50663832429344
3.9599999999999596,13.64219999999991,1.3653073757871153,21.627144891663555,0.01106374772592781,-8.528681598384885
3.9699999999999593,13.67664999999991,1.3691435166174633,21.630930587309035,0.011110657696942921,-8.550726602976114
3.979999999999959,13.71109999999991,1.3729813406224889,21.634714663732495,0.011157680562686127,-8.572773332662495
3.989999999999959,13.74554999999991,1.3768208456364632,21.638497120691547,0.011204816356127493,-8.594821782044415
3.9999999999999587,13.779999999999909,1.3806620294923024,21.642277957943115,0.011252065109441468,-8.616871945722362
4.009999999999959,13.814449999999908,1.3845048900217007,21.646057175243932,0.011299426854027338,-8.638923818301272
4.019999999999959,13.848899999999908,1.3883494250550616,21.64983477235036,0.011346901620532314,-8.66097739438831
4.0299999999999585,13.883349999999908,1.392195632421486,21.653610749018437,0.01139448943873634,-8.683032668593468
4.039999999999958,13.917799999999907,1.3960435099488402,21.657385105003904,0.011442190337742695,-8.705089635529207
4.049999999999958,13.952249999999907,1.3998930554636329,21.661157840062252,0.011490004345790304,-8.72714828981079
4.059999999999958,13.986699999999907,1.4037442667911952,21.664928953948667,0.011537931490364348,-8.749208626056134
4.069999999999958,14.021149999999906,1.4075971417554685,21.668698446418095,0.01158597179819744,-8.771270638885118
4.079999999999957,14.055599999999906,1.4114516781792408,21.6724663172253,0.011634125295231558,-8.793334322921014
4.089999999999957,14.090049999999906,1.4153078738838814,21.676232566124934,0.011682392006580382,-8.815399672789399
4.099999999999957,14.124499999999905,1.4191657266895996,21.679997192871344,0.011730771956612351,-8.837466683118445
4.109999999999957,14.158949999999905,1.4230252344152508,21.683760197218767,0.011779265168931645,-8.85953534853838
4.119999999999957,14.193399999999905,1.4268863948784756,21.68752157892139,0.011827871666379957,-8.881605663682777
4.129999999999956,14.227849999999904,1.430749205895543,21.691281337733166,0.01187659147094339,-8.903677623186551
4.139999999999956,14.262299999999904,1.4346136652815413,21.695039473408052,0.011925424603906016,-8.925751221688175
4.149999999999956,14.296749999999903,1.4384797708502612,21.698795985699903,0.01197437108576471,-8.947826453827933
4.159999999999956,14.331199999999903,1.4423475204141452,21.70255087436253,0.012023430936178383,-8.969903314248585
4.1699999999999555,14.365649999999903,1.4462169117844395,21.706304139149708,0.012072604174105732,-8.99198179759556
4.179999999999955,14.400099999999902,1.4500879427710873,21.710055779815203,0.012121890817714961,-9.01406189851634
4.189999999999955,14.434549999999902,1.453960611182738,21.71380579611286,0.012171290884330683,-9.036143611661032
4.199999999999955,14.468999999999902,1.4578349148268068,21.717554187796477,0.012220804390614445,-9.058226931682144
4.209999999999955,14.503449999999901,1.4617108515093789,21.721300954619885,0.012270431352340893,-9.080311853233699
4.2199999999999545,14.537899999999901,1.4655884190353314,21.72504609633708,0.01232017178458007,-9.10239837097338
4.229999999999954,14.5723499999999,1.4694676152081743,21.728789612702045,0.012370025701609456,-9.124486479560154
4.239999999999954,14.6067999999999,1.473348437830277,21.73253150346904,0.012419993116924087,-9.146576173655937
4.249999999999954,14.6412499999999,1.4772308847025777,21.736271768392243,0.01247007404324297,-9.168667447924145
4.259999999999954,14.6756999999999,1.4811149536248986,21.74001040722614,0.012520268492519396,-9.190760297031277
4.269999999999953,14.7101499999999,1.485000642395699,21.743747419725324,0.0125705764759301,-9.212854715645546
4.279999999999953,14.744599999999899,1.4888879488121218,21.74748280564456,0.012620998003873712,-9.23495069843721
4.289999999999953,14.779049999999899,1.4927768706701916,21.75121656473891,0.012671533085971893,-9.25704824007952
4.299999999999953,14.813499999999898,1.4966674057645712,21.75494869676358,0.012722181731056452,-9.279147335247643
4.3099999999999525,14.847949999999898,1.500559551888578,21.75867920147404,0.012772943947210685,-9.301247978617946
4.319999999999952,14.882399999999897,1.5044533068344266,21.76240807862605,0.012823819741751006,-9.323350164870654
4.329999999999952,14.916849999999897,1.5083486683929448,21.766135327975626,0.012874809121197782,-9.345453888686945
4.339999999999952,14.951299999999897,1.5122456343537305,21.769860949279128,0.012925912091268837,-9.36755914475045
4.349999999999952,14.985749999999896,1.5161442025051424,21.77358494229319,0.012977128656959203,-9.389665927747195
4.3599999999999515,15.020199999999896,1.5200443706342064,21.777307306774873,0.01302845882247155,-9.411774232365053
4.369999999999951,15.054649999999896,1.5239461365268003,21.781028042481445,0.013079902591192159,-9.43388405329424
4.379999999999951,15.089099999999895,1.5278494979674013,21.784747149170727,0.013131459965796973,-9.455995385226714
4.389999999999951,15.123549999999895,1.531754452739301,21.788464626600852,0.01318313094813433,-9.478108222856907
4.399999999999951,15.157999999999895,1.5356609986245418,21.792180474530372,0.013234915539289035,-9.500222560881324
4.40999999999995,15.192449999999894,1.5395691334039006,21.795894692718292,0.013286813739590089,-9.52233839399852
4.41999999999995,15.226899999999894,1.5434788548568605,21.799607280924022,0.01333882554854764,-9.544455716908478
4.42999999999995,15.261349999999894,1.5473901607616618,21.803318238907536,0.01339095096495742,-9.56657452431436
4.43999999999995,15.295799999999893,1.5513030488953206,21.807027566429205,0.013443189986724962,-9.5886948109208
4.4499999999999496,15.330249999999893,1.5552175170335578,21.810735263250006,0.013495542611106233,-9.610816571434592
4.459999999999949,15.364699999999893,1.5591335629508918,21.814441329131327,0.013548008834481824,-9.63293980056445
4.469999999999949,15.399149999999892,1.5630511844205242,21.818145763835183,0.013600588652500127,-9.655064493020843
4.479999999999949,15.433599999999892,1.5669703792144456,21.821848567124164,0.013653282060028686,-9.677190643517072
4.489999999999949,15.468049999999891,1.570891145103392,21.825549738761346,0.013706089051112183,-9.699318246767637
4.4999999999999485,15.502499999999891,1.574813479856844,21.82924927851054,0.013759009619066044,-9.721447297489686
4.509999999999948,15.53694999999989,1.5787373812430379,21.83294718613605,0.013812043756377889,-9.743577790401924
4.519999999999948,15.57139999999989,1.5826628470290165,21.836643461402872,0.013865191454786206,-9.765709720225594
4.529999999999948,15.60584999999989,1.5865898749804823,21.840338104076707,0.013918452705197325,-9.78784308168323
4.539999999999948,15.64029999999989,1.5905184628619398,21.844031113923755,0.013971827497799837,-9.809977869499653
4.549999999999947,15.67474999999989,1.5944486084366736,21.84772249071115,0.014025315821939983,-9.832114078402013
4.559999999999947,15.709199999999889,1.5983803094667368,21.851412234206443,0.014078917666187797,-9.854251703118878
4.569999999999947,15.743649999999889,1.6023135637128922,21.855100344178187,0.014132633018379567,-9.876390738381124
4.579999999999947,15.778099999999888,1.6062483689347118,21.85878682039554,0.014186461865468437,-9.898531178921974
4.589999999999947,15.812549999999888,1.610184722890518,21.862471662628344,0.014240404193664362,-9.920673019475613
4.599999999999946,15.846999999999888,1.614122623337397,21.86615487064735,0.014294459988444844,-9.9428162547789
4.609999999999946,15.881449999999887,1.6180620680312288,21.86983644422407,0.014348629234365293,-9.964960879570935
4.619999999999946,15.915899999999887,1.6220030547266517,21.873516383130834,0.01440291191532216,-9.987106888592223
4.629999999999946,15.950349999999887,1.6259455811770558,21.87719468714067,0.01445730801432762,-10.009254276585152
4.6399999999999455,15.984799999999886,1.629889645134643,21.88087135602765,0.014511817513633314,-10.031403038294506
4.649999999999945,16.019249999999886,1.633835244350367,21.88454638956656,0.014566440394694659,-10.053553168467
4.659999999999945,16.053699999999886,1.6377823765739647,21.88821978753309,0.014621176638149297,-10.075704661850475
4.669999999999945,16.088149999999885,1.6417310395539895,21.891891549703896,0.014676026223899826,-10.097857513196175
4.679999999999945,16.122599999999885,1.6456812310377353,21.895561675856474,0.014730989130936985,-10.12001171725616
4.689999999999944,16.157049999999884,1.6496329487712906,21.89923016576925,0.01478606533756693,-10.14216726878462
4.699999999999944,16.191499999999884,1.65358619049955,21.90289701922166,0.014841254821177591,-10.164324162538138
4.709999999999944,16.225949999999884,1.6575409539661994,21.906562235993995,0.014896557558493758,-10.186482393274407
4.719999999999944,16.260399999999883,1.6614972369136902,21.910225815867605,0.014951973525299457,-10.20864195575408
4.729999999999944,16.294849999999883,1.6654550370832937,21.913887758624846,0.015007502696635318,-10.230802844739399
4.739999999999943,16.329299999999883,1.6694143522150826,21.917548064049,0.015063145046776298,-10.25296505499409
4.749999999999943,16.363749999999882,1.6733751800478869,21.92120673192442,0.015118900549054685,-10.275128581284221
4.759999999999943,16.398199999999882,1.677337518319461,21.924863762036576,0.015174769176141802,-10.297293418377718
4.769999999999943,16.43264999999988,1.6813013647661736,21.928519154171923,0.01523075089981871,-10.319459561044944
4.7799999999999425,16.46709999999988,1.6852667171234006,21.932172908117952,0.015286845691059781,-10.341627004057333
4.789999999999942,16.50154999999988,1.6892335731251928,21.935825023663334,0.015343053519991183,-10.363795742188929
4.799999999999942,16.53599999999988,1.6932019305044326,21.939475500597734,0.01539937435601487,-10.385965770214627
4.809999999999942,16.57044999999988,1.6971717869928973,21.94312433871215,0.015455808167622494,-10.408137082913543
4.819999999999942,16.60489999999988,1.7011431403211117,21.94677153779847,0.015512354922528337,-10.430309675064278
4.8299999999999415,16.63934999999988,1.70511598821845,21.950417097649947,0.015569014587596245,-10.45248354144918
4.839999999999941,16.67379999999988,1.709090328413084,21.954061018060887,0.015625787128890574,-10.47465867685126
4.849999999999941,16.70824999999988,1.7130661586320985,21.95770329882676,0.015682672511644936,-10.496835076056207
4.859999999999941,16.74269999999988,1.7170434766012819,21.961343939744374,0.0157396707002478,-10.519012733851719
4.869999999999941,16.777149999999878,1.7210222800453665,21.964982940611634,0.015796781658253968,-10.541191645027075
4.87999999999994,16.811599999999878,1.725002566687897,21.968620301227713,0.015854005348454346,-10.563371804373809
4.88999999999994,16.846049999999877,1.7289843342512436,21.97225602139309,0.015911341732700503,-10.585553206685278
4.89999999999994,16.880499999999877,1.7329675804565732,21.975890100909382,0.015968790772066935,-10.607735846756407
4.90999999999994,16.914949999999877,1.7369523030240255,21.979522539579683,0.016026352426786517,-10.629919719385502
4.9199999999999395,16.949399999999876,1.740938499672485,21.983153337208226,0.016084026656251832,-10.652104819371253
4.929999999999939,16.983849999999876,1.7449261681197756,21.986782493600575,0.016141813418990555,-10.67429114151521
4.939999999999939,17.018299999999876,1.7489153060824834,21.990410008563657,0.01619971267271081,-10.696478680620324
4.949999999999939,17.052749999999875,1.7529059112761434,21.994035881905756,0.016257724374243054,-10.718667431492152
4.959999999999939,17.087199999999875,1.756897981415126,21.997660113436496,0.016315848479617423,-10.740857388938242
4.9699999999999385,17.121649999999875,1.760891514212672,22.001282702966858,0.016374084943979933,-10.76304854776746
4.979999999999938,17.156099999999874,1.764886507380909,22.004903650309227,0.01643243372159082,-10.785240902791331
4.989999999999938,17.190549999999874,1.7688829586308326,22.008522955277392,0.01649089476590631,-10.807434448822871
4.999999999999938,17.224999999999874,1.7728808656723345,22.01214061768655,0.016549468029533033,-10.829629180677557
5.009999999999938,17.224999999999998,1.7746586743951247,22.012623737320403,0.016625104777253215,-10.835840666805812
5.019999999999937,17.190549999999998,1.773043869114621,22.009590538781694,0.01665804945613279,-10.821966595353226
5.029999999999937,17.1561,1.7698571337000883,22.006104160989526,0.01661962401734087,-10.802594868164956
5.039999999999937,17.12165,1.7661339696376102,22.002527794764266,0.0165669207778227,-10.781355868234726
5.049999999999937,17.0872,1.7622263758590844,21.998920588744717,0.016510896008232724,-10.759469501356062
5.0599999999999365,17.05275,1.7582559963894342,21.995300656492617,0.016453845251986426,-10.737355622056496
5.069999999999936,17.0183,1.7542637827174532,21.991675285613816,0.01639611356162554,-10.715161629075808
5.079999999999936,16.98385,1.7502647642357052,21.988046880856757,0.016338094404455702,-10.692939775737004
5.089999999999936,16.9494,1.7462642228252225,21.984416337491908,0.01627993108849607,-10.670708653742203
5.099999999999936,16.91495,1.7422640916811138,21.980783969615874,0.01622175730476707,-10.648475028391328
5.1099999999999355,16.8805,1.7382650583779604,21.977149889917122,0.016163625309388925,-10.626241300852822
5.119999999999935,16.84605,1.7342673739167693,21.973514140814085,0.01610557340697732,-10.604008360557714
5.129999999999935,16.811600000000002,1.7302711301617915,21.969876736616005,0.016047616779839943,-10.581776522763596
5.139999999999935,16.777150000000002,1.72627636155264,21.966237683284035,0.01598976533240484,-10.55954590920101
5.149999999999935,16.742700000000003,1.7222830821754185,21.96259698276392,0.015932023045334434,-10.537316565269979
5.159999999999934,16.708250000000003,1.7182912984893794,21.95895463606385,0.01587439236612491,-10.515088511702052
5.169999999999934,16.673800000000004,1.7143010143554747,21.95531064360153,0.015816874303670056,-10.492861758947965
5.179999999999934,16.639350000000004,1.7103122326078974,21.95166500570332,0.015759469466217996,-10.47063631434976
5.189999999999934,16.604900000000004,1.7063249557495903,21.948017722606014,0.01570217812244111,-10.448412183837654
5.199999999999934,16.570450000000005,1.7023391861418142,21.94436879454185,0.015645000441388925,-10.42618937296192
5.209999999999933,16.536000000000005,1.6983549261029345,21.940718221729462,0.015587936512782419,-10.403967887072968
5.219999999999933,16.501550000000005,1.694372177930239,21.937066004389344,0.015530986401925292,-10.381747731477708
5.229999999999933,16.467100000000006,1.6903909439147227,21.9334121427406,0.015474150155299876,-10.359528911456815
5.239999999999933,16.432650000000006,1.6864112263432323,21.929756637003997,0.015417427813013742,-10.337311432287418
5.2499999999999325,16.398200000000006,1.682433027500729,21.926099487400812,0.015360819410188551,-10.315095299243108
5.259999999999932,16.363750000000007,1.6784563496705738,21.92244069415372,0.015304324979936442,-10.29288051760049
5.269999999999932,16.329300000000007,1.6744811951348413,21.918780257486343,0.01524794455353441,-10.270667092636309
5.279999999999932,16.294850000000007,1.6705075661743878,21.915118177623537,0.015191678161141246,-10.24845502963056
5.289999999999932,16.260400000000008,1.6665354650686948,21.911454454791183,0.015135525831875418,-10.226244333863917
5.299999999999931,16.225950000000008,1.6625648940961846,21.907789089216223,0.015079487593941796,-10.204035010619844
5.309999999999931,16.19150000000001,1.6585958555340001,21.90412208112669,0.015023563474677986,-10.1818270651836
5.319999999999931,16.15705000000001,1.654628351658048,21.900453430751668,0.014967753500517636,-10.159620502842461
5.329999999999931,16.12260000000001,1.650662384743031,21.896783138321226,0.014912057697166917,-10.137415328885663
5.339999999999931,16.08815000000001,1.6466979570625107,21.893111204066493,0.014856476089368914,-10.115211548604881
5.34999999999993,16.05370000000001,1.6427350708887107,21.889437628219632,0.014801008701122486,-10.093009167293276
5.35999999999993,16.01925000000001,1.638773728492702,21.88576241101365,0.014745655555554401,-10.070808190246959
5.36999999999993,15.98480000000001,1.6348139321442505,21.882085552682586,0.014690416674963035,-10.048608622762366
5.37999999999993,15.950350000000011,1.6308556841120232,21.878407053461522,0.014635292080859813,-10.026410470140462
5.3899999999999295,15.915900000000011,1.6268989866633083,21.874726913586247,0.014580281793857747,-10.004213737681189
5.399999999999929,15.881450000000012,1.6229438420642839,21.8710451332937,0.01452538583382776,-9.982018430689624
5.409999999999929,15.847000000000012,1.618990252579804,21.867361712821527,0.01447060421975972,-9.95982455447096
5.419999999999929,15.812550000000012,1.6150382204735316,21.863676652408312,0.014415936969898482,-9.937632114332525
5.429999999999929,15.778100000000013,1.6110877480078731,21.85998995229356,0.014361384101564888,-9.91544111558478
5.4399999999999284,15.743650000000013,1.6071388374439766,21.856301612717502,0.014306945631307405,-9.893251563539064
5.449999999999928,15.709200000000013,1.603191491041752,21.85261163392126,0.014252621574918446,-9.871063463509396
5.459999999999928,15.674750000000014,1.5992457110598925,21.848920016146778,0.014198411947230363,-9.8488768208118
5.469999999999928,15.640300000000014,1.5953014997557646,21.845226759636674,0.014144316762441536,-9.826691640763881
5.479999999999928,15.605850000000014,1.5913588593855945,21.841531864634515,0.014090336033798579,-9.804507928686043
5.489999999999927,15.571400000000015,1.5874177922042367,21.837835331384486,0.014036469773786324,-9.782325689900215
5.499999999999927,15.536950000000015,1.5834783004653803,21.83413716013147,0.013982717994068703,-9.76014492973023
5.509999999999927,15.502500000000015,1.5795403864214401,21.830437351121287,0.013929080705530106,-9.737965653503228
5.519999999999927,15.468050000000016,1.5756040523234862,21.826735904600138,0.013875557918185852,-9.71578786654632
5.5299999999999265,15.433600000000016,1.5716693004214064,21.82303282081513,0.013822149641306116,-9.693611574190209
5.539999999999926,15.399150000000017,1.5677361329638582,21.819328100013994,0.013768855883319348,-9.67143678176751
5.549999999999926,15.364700000000017,1.5638045521981545,21.81562174244506,0.013715676651834957,-9.649263494612644
5.559999999999926,15.330250000000017,1.5598745603703716,21.811913748357313,0.013662611953668179,-9.627091718062003
5.569999999999926,15.295800000000018,1.5559461597253075,21.808204118000347,0.013609661794845322,-9.604921457454456
5.5799999999999255,15.261350000000018,1.5520193525064894,21.804492851624293,0.013556826180576974,-9.582752718130497
5.589999999999925,15.226900000000018,1.548094140956237,21.800779949479928,0.013504105115255256,-9.560585505433252
5.599999999999925,15.192450000000019,1.5441705273154849,21.797065411818526,0.013451498602518132,-9.538419824707427
5.609999999999925,15.158000000000019,1.5402485138239663,21.793349238891892,0.013399006645108348,-9.516255681299876
5.619999999999925,15.12355000000002,1.5363281027201547,21.789631430952426,0.013346629245063475,-9.494093080560678
5.629999999999924,15.08910000000002,1.5324092962411608,21.785911988252916,0.013294366403591473,-9.471932027839983
5.639999999999924,15.05465000000002,1.5284920966229067,21.78219091104667,0.013242218121060386,-9.449772528492028
5.649999999999924,15.02020000000002,1.5245765060999825,21.778468199587493,0.013190184397079596,-9.427614587872059
5.659999999999924,14.98575000000002,1.5206625269056995,21.77474385412958,0.013138265230420746,-9.40545821133775
5.6699999999999235,14.951300000000021,1.516750161272092,21.7710178749276,0.013086460619145002,-9.383303404249158
5.679999999999923,14.916850000000021,1.512839411429932,21.767290262236482,0.013034770560386507,-9.361150171968116
5.689999999999923,14.882400000000022,1.5089302796086852,21.76356101631177,0.012983195050558328,-9.338998519858823
5.699999999999923,14.847950000000022,1.5050227680365265,21.759830137409185,0.01293173408528292,-9.316848453288253
5.709999999999923,14.813500000000023,1.50111687894034,21.75609762578484,0.012880387659367994,-9.294699977624113
5.7199999999999225,14.779050000000023,1.4972126145457227,21.7523634816952,0.012829155766818413,-9.272553098237672
5.729999999999922,14.744600000000023,1.4933099770770162,21.748627705397034,0.012778038400834578,-9.25040782050214
5.739999999999922,14.710150000000024,1.4894089687572278,21.74489029714737,0.012727035553845968,-9.228264149792253
5.749999999999922,14.675700000000024,1.485509591808102,21.741151257203494,0.012676147217474289,-9.206122091485504
5.759999999999922,14.641250000000024,1.481611848450034,21.73741058582305,0.012625373382531222,-9.183981650962117
5.769999999999921,14.606800000000025,1.4777157409021986,21.733668283263732,0.012574714039072267,-9.161842833603513
5.779999999999921,14.572350000000025,1.4738212713824264,21.729924349783595,0.012524169176266569,-9.139705644794171
5.789999999999921,14.537900000000025,1.4699284421072831,21.72617878564077,0.012473738782648052,-9.117570089920298
5.799999999999921,14.503450000000026,1.4660372552920198,21.72243159109364,0.012423422845790753,-9.095436174371194
5.809999999999921,14.469000000000026,1.462147713150616,21.718682766400725,0.012373221352545642,-9.073303903537811
5.81999999999992,14.434550000000026,1.4582598178957102,21.714932311820625,0.012323134288999423,-9.051173282813522
5.82999999999992,14.400100000000027,1.4543735717386446,21.711180227612104,0.012273161640377409,-9.029044317593986
5.83999999999992,14.365650000000027,1.4504889768894733,21.707426514033948,0.012223303391161438,-9.006917013277429
5.84999999999992,14.331200000000027,1.4466060355569876,21.70367117134507,0.012173559525008338,-8.984791375264109
5.8599999999999195,14.296750000000028,1.4427247499486575,21.699914199804457,0.012123930024804074,-8.962667408957488
5.869999999999919,14.262300000000028,1.4388451222705976,21.696155599671044,0.012074414872603597,-8.940545119762172
5.879999999999919,14.227850000000029,1.4349671547276759,21.692395371203837,0.012025014049705953,-8.91842451308635
5.889999999999919,14.193400000000029,1.4310908495234735,21.688633514661767,0.011975727536596665,-8.896305594339859
5.899999999999919,14.15895000000003,1.4272162088601827,21.68487003030382,0.011926555312949744,-8.874188368935123
5.909999999999918,14.12450000000003,1.423343234938756,21.681104918388826,0.011877497357671006,-8.852072842287358
5.919999999999918,14.09005000000003,1.4194719299588925,21.677338179175656,0.011828553648871025,-8.829959019814252
5.929999999999918,14.05560000000003,1.4156022961188475,21.673569812922977,0.011779724163850142,-8.80784690693519
5.939999999999918,14.02115000000003,1.4117343356156777,21.669799819889406,0.011731008879101062,-8.78573650907328
5.949999999999918,13.986700000000031,1.4078680506451495,21.66602820033339,0.011682407770332909,-8.763627831653206
5.959999999999917,13.952250000000031,1.4040034434016,21.662254954513237,0.011633920812482258,-8.741520880102675
5.969999999999917,13.917800000000032,1.4001405160781797,21.658480082687028,0.011585547979654966,-8.719415659851588
5.979999999999917,13.883350000000032,1.396279270866676,21.65470358511279,0.011537289245152479,-8.697312176333355
5.989999999999917,13.848900000000032,1.392419709957594,21.65092546204813,0.01148914458152308,-8.675210434982704
5.9999999999999165,13.814450000000033,1.3885618355401097,21.647145713750525,0.011441113960444867,-8.653110441237773
6.009999999999916,13.780000000000033,1.384705649802107,21.643364340477213,0.01139319735289419,-8.63101220053937
6.019999999999916,13.745550000000033,1.3808511549301488,21.63958134248504,0.011345394728975404,-8.60891571833096
6.029999999999916,13.711100000000034,1.3769983531095034,21.63579672003067,0.01129770605797421,-8.586821000058357
6.039999999999916,13.676650000000034,1.3731472465241041,21.63201047337028,0.011250131308469398,-8.564728051170112
6.0499999999999154,13.642200000000035,1.369297837356605,21.62822260275988,0.011202670448144441,-8.54263687711794
6.059999999999915,13.607750000000035,1.365450127788357,21.62443310845497,0.011155323443954564,-8.52054748335641
6.069999999999915,13.573300000000035,1.3616041199993745,21.6206419907107,0.011108090261994144,-8.49845987534203
6.079999999999915,13.538850000000036,1.3577598161683468,21.616849249781794,0.011060970867577125,-8.476374058534821
6.089999999999915,13.504400000000036,1.3539172184727244,21.613054885922615,0.011013965225225837,-8.454290038398208
6.099999999999914,13.469950000000036,1.3500763290885924,21.609258899386955,0.010967073298655866,-8.43220782039717
6.109999999999914,13.435500000000037,1.3462371501907031,21.60546129042813,0.010920295050776702,-8.4101274099998
6.119999999999914,13.401050000000037,1.3423996839525765,21.601662059299017,0.010873630443658291,-8.388048812678273
6.129999999999914,13.366600000000037,1.338563932546363,21.597861206251892,0.010827079438635173,-8.365972033906417
6.1399999999999135,13.332150000000038,1.3347298981429327,21.59405873153855,0.010780641996162212,-8.343897079161804
6.149999999999913,13.297700000000038,1.3308975829118452,21.590254635410187,0.01073431807593694,-8.321823953924822
6.159999999999913,13.263250000000038,1.3270669890213116,21.586448918117405,0.010688107636819206,-8.299752663678841
6.169999999999913,13.228800000000039,1.323238118638306,21.582641579910103,0.010642010636881364,-8.277683213909944
6.179999999999913,13.194350000000039,1.319410973928412,21.57883262103764,0.01059602703339044,-8.25561561010745
6.1899999999999125,13.15990000000004,1.315585557055978,21.57502204174871,0.010550156782754259,-8.233549857764862
6.199999999999912,13.12545000000004,1.3117618701839995,21.57120984229129,0.01050439984063534,-8.211485962377388
6.209999999999912,13.09100000000004,1.3079399154742006,21.567396022912597,0.010458756161833144,-8.189423929444004
6.219999999999912,13.05655000000004,1.3041196950869245,21.563580583859142,0.010413225700379732,-8.167363764466526
6.229999999999912,13.02210000000004,1.30030121118129,21.55976352537668,0.010367808409441487,-8.145305472950657
6.239999999999911,12.987650000000041,1.2964844659150798,21.555944847710272,0.010322504241405595,-8.123249060405339
6.249999999999911,12.953200000000042,1.292669461444754,21.552124551104,0.010277313147814182,-8.10119453234213
6.259999999999911,12.918750000000042,1.288856199925482,21.548302635801246,0.01023223507944504,-8.079141894276395
6.269999999999911,12.884300000000042,1.2850446835110854,21.54447910204446,0.01018726998621735,-8.057091151726674
6.2799999999999105,12.849850000000043,1.2812349143541848,21.540653950075267,0.010142417817206168,-8.035042310215223
6.28999999999991,12.815400000000043,1.2774268946059741,21.536827180134345,0.010097678520735039,-8.012995375267527
6.29999999999991,12.780950000000043,1.2736206264164174,21.53299879246153,0.010053052044239903,-7.990950352412381
6.30999999999991,12.746500000000044,1.269816111934155,21.529168787295575,0.010008538334380018,-7.968907247182577
6.31999999999991,12.712050000000044,1.2660133533064992,21.525337164874333,0.00996413733695668,-7.946866065113788
6.3299999999999095,12.677600000000044,1.262212352679495,21.521503925434672,0.009919848997012476,-7.924826811746058
6.339999999999909,12.643150000000045,1.2584131121978794,21.517669069212346,0.009875673258681087,-7.902789492622188
6.349999999999909,12.608700000000045,1.2546156340050456,21.513832596442175,0.009831610065290179,-7.880754113289134
6.359999999999909,12.574250000000045,1.2508199202431585,21.50999450735779,0.009787659359382767,-7.858720679297346
6.369999999999909,12.539800000000046,1.2470259730530069,21.506154802191844,0.009743821082640736,-7.836689196201735
6.379999999999908,12.505350000000046,1.2432337945741232,21.50231348117573,0.009700095175917956,-7.8146596695598936
6.389999999999908,12.470900000000047,1.239443386944743,21.498470544539778,0.009656481579207298,-7.792632104933563
6.399999999999908,12.436450000000047,1.2356547523017687,21.494625992513072,0.009612980231739243,-7.770606507888676
6.409999999999908,12.402000000000047,1.231867892780816,21.490779825323614,0.009569591071862437,-7.748582883995144
6.419999999999908,12.367550000000048,1.2280828105162254,21.48693204319801,0.009526314037085327,-7.7265612388261395
6.429999999999907,12.333100000000048,1.2242995076410226,21.483082646361737,0.00948314906411505,-7.704541577959006
6.439999999999907,12.298650000000048,1.220517986286939,21.479231635038943,0.00944009608876814,-7.682523906975961
6.449999999999907,12.264200000000049,1.2167382485844278,21.475379009452404,0.009397155046067732,-7.66050823146183
6.459999999999907,12.229750000000049,1.2129602966625912,21.471524769823752,0.009354325870171914,-7.638494557007033
6.4699999999999065,12.19530000000005,1.2091841326493138,21.467668916373043,0.009311608494398872,-7.616482889204982
6.479999999999906,12.16085000000005,1.2054097586711472,21.463811449319127,0.009269002851287431,-7.594473233654232
6.489999999999906,12.12640000000005,1.201637176853319,21.45995236887921,0.009226508872356324,-7.572465595956113
6.499999999999906,12.09195000000005,1.197866389319834,21.456091675269327,0.009184126488488275,-7.550459981718203
6.509999999999906,12.05750000000005,1.1940973981933718,21.452229368703847,0.009141855629602947,-7.528456396550932
6.519999999999905,12.023050000000051,1.1903302055953096,21.448365449395734,0.009099696224763086,-7.506454846069436
6.529999999999905,11.988600000000051,1.1865648136457472,21.444499917556392,0.00905764820224475,-7.484455335893574
6.539999999999905,11.954150000000052,1.182801224463514,21.440632773395755,0.009015711489423942,-7.4624578716479295
6.549999999999905,11.919700000000052,1.1790394401661572,21.436764017122016,0.008973886012832076,-7.440462458960657
6.559999999999905,11.885250000000052,1.175279462869881,21.43289364894192,0.00893217169810965,-7.418469103465277
6.569999999999904,11.850800000000053,1.1715212946896572,21.42902166906048,0.008890568470130774,-7.396477810799385
6.579999999999904,11.816350000000053,1.1677649377391763,21.425148077681108,0.008849076252840975,-7.374488586605891
6.589999999999904,11.781900000000054,1.1640103941308306,21.42127287500552,0.00880769496933197,-7.352501436531828
6.599999999999904,11.747450000000054,1.1602576659757275,21.417396061233667,0.00876642454184869,-7.330516366229404
6.6099999999999035,11.713000000000054,1.1565067553836799,21.4135176365638,0.00872526489176628,-7.308533381355293
6.619999999999903,11.678550000000055,1.152757664463326,21.409637601192358,0.008684215939601267,-7.286552487571539
6.629999999999903,11.644100000000055,1.1490103953218396,21.405755955314056,0.008643277604994361,-7.264573690544734
6.639999999999903,11.609650000000055,1.1452649500652674,21.401872699121633,0.008602449806720012,-7.242596995946426
6.649999999999903,11.575200000000056,1.1415213307983514,21.397987832806088,0.008561732462678275,-7.220622409453464
6.659999999999902,11.540750000000056,1.137779539624565,21.39410135655646,0.008521125489912174,-7.1986499367475725
6.669999999999902,11.506300000000056,1.1340395786460338,21.390213270559936,0.008480628804570234,-7.176679583515692
6.679999999999902,11.471850000000057,1.1303014499637016,21.38632357500165,0.008440242321948862,-7.154711355449855
6.689999999999902,11.437400000000057,1.1265651556772287,21.382432270064843,0.00839996595644249,-7.132745258247761
6.699999999999902,11.402950000000057,1.1228306978849518,21.378539355930734,0.008359799621591169,-7.110781297612238
6.709999999999901,11.368500000000058,1.1190980786840152,21.374644832778444,0.00831974323000501,-7.088819479251199
6.719999999999901,11.334050000000058,1.1153673001702473,21.37074870078508,0.008279796693486698,-7.066859808878271
6.729999999999901,11.299600000000058,1.1116383644382297,21.366850960125646,0.008239959922908201,-7.044902292212792
6.739999999999901,11.265150000000059,1.107911273581265,21.362951610972928,0.008200232828248645,-7.02294693497898
6.7499999999999005,11.23070000000006,1.104186029691468,21.359050653497683,0.008160615318626795,-7.000993742907604
6.7599999999999,11.19625000000006,1.1004626348595807,21.355148087868375,0.008121107302273415,-6.979042721734556
6.7699999999999,11.16180000000006,1.0967410911751907,21.351243914251228,0.008081708686461693,-6.9570938772012
6.7799999999999,11.12735000000006,1.0930214007265442,21.347338132810307,0.008042419377649948,-6.935147215055567
6.7899999999999,11.09290000000006,1.0893035656007333,21.343430743707277,0.008003239281352647,-6.913202741050464
6.7999999999998995,11.058450000000061,1.0855875878835148,21.339521747101557,0.007964168302236976,-6.891260460946014
6.809999999999899,11.024000000000061,1.0818734696593777,21.335611143150214,0.007925206344012555,-6.86932038050704
6.819999999999899,10.989550000000062,1.078161213011685,21.331698932007853,0.007886353309507916,-6.847382505505308
6.829999999999899,10.955100000000062,1.0744508200224363,21.327785113826753,0.007847609100666397,-6.825446841718374
6.839999999999899,10.920650000000062,1.0707422927724306,21.323869688756652,0.00780897361849404,-6.803513394929836
6.849999999999898,10.886200000000063,1.0670356333412285,21.31995265694487,0.007770446763125299,-6.781582170929841
6.859999999999898,10.851750000000063,1.063330843807119,21.316034018536193,0.007732028433748304,-6.759653175514944
6.869999999999898,10.817300000000063,1.0596279262472046,21.312113773672824,0.007693718528645339,-6.737726414487766
6.879999999999898,10.782850000000064,1.055926882737296,21.30819192249448,0.007655516945194095,-6.715801893658242
6.8899999999998975,10.748400000000064,1.0522277153520045,21.30426846513815,0.007617423579869579,-6.693879618841755
6.899999999999897,10.713950000000064,1.0485304261647292,21.30034340173818,0.007579438328224774,-6.67195959586091
6.909999999999897,10.679500000000065,1.0448350172475498,21.29641673242631,0.007541561084845551,-6.6500418305451445
6.919999999999897,10.645050000000065,1.0411414906714336,21.292488457331537,0.007503791743455886,-6.6281263287307075
6.929999999999897,10.610600000000066,1.0374498485060322,21.288558576580012,0.00746613019682938,-6.606213096260056
6.9399999999998965,10.576150000000066,1.0337600928198223,21.284627090295146,0.007428576336788317,-6.584302138982867
6.949999999999896,10.541700000000066,1.0300722256800188,21.280693998597634,0.007391130054265067,-6.562393462756564
6.959999999999896,10.507250000000067,1.0263862491526756,21.276759301605164,0.007353791239243131,-6.540487073444676
6.969999999999896,10.472800000000067,1.022702165302595,21.272822999432602,0.007316559780770037,-6.51858297691859
6.979999999999896,10.438350000000067,1.0190199761933159,21.268885092191844,0.0072794355669372575,-6.496681179056289
6.989999999999895,10.403900000000068,1.0153396838872593,21.26494557999189,0.00724241848495328,-6.4747816857439195
6.999999999999895,10.369450000000068,1.011661290445593,21.26100446293859,0.00720550842104816,-6.452884502873875
7.009999999999895,10.335000000000068,1.0079847979282597,21.25706174113497,0.007168705260472531,-6.430989636347281
7.019999999999895,10.300550000000069,1.004310208394012,21.2531174146808,0.007132008887602395,-6.409097092071932
7.0299999999998946,10.266100000000069,1.0006375239004195,21.249171483672818,0.007095419185843421,-6.387206875963884
7.039999999999894,10.23165000000007,0.9969667465038252,21.24522394820453,0.007058936037601034,-6.365318993946107
7.049999999999894,10.19720000000007,0.9932978782593648,21.241274808366434,0.007022559324389181,-6.343433451950678
7.059999999999894,10.16275000000007,0.9896309212210516,21.237324064245577,0.006986288926731344,-6.32155025591632
7.069999999999894,10.12830000000007,0.9859658774416024,21.23337171592594,0.00695012472421695,-6.299669411790231
7.0799999999998935,10.09385000000007,0.9823027489726572,21.22941776348802,0.006914066595457167,-6.277790925527916
7.089999999999893,10.059400000000071,0.9786415378645676,21.22546220700915,0.006878114418083597,-6.2559148030929626
7.099999999999893,10.024950000000072,0.9749822461665995,21.221505046563216,0.00684226806882581,-6.234041050456821
7.109999999999893,9.990500000000072,0.9713248759267454,21.217546282220585,0.006806527423370277,-6.212169673599715
7.119999999999893,9.956050000000072,0.9676694291918679,21.213585914048313,0.006770892356469778,-6.1903006785099075
7.129999999999892,9.921600000000073,0.9640159080076911,21.209623942109886,0.006735362741900863,-6.168434071185013
7.139999999999892,9.887150000000073,0.9603643144186892,21.2056603664653,0.006699938452464411,-6.146569857630267
7.149999999999892,9.852700000000073,0.9567146504682327,21.201695187170916,0.006664619359976062,-6.124708043860156
7.159999999999892,9.818250000000074,0.9530669181984873,21.197728404279523,0.0066294053352782215,-6.102848635897828
7.169999999999892,9.783800000000074,0.9494211196505509,21.193760017840226,0.006594296248187687,-6.080991639775576
7.179999999999891,9.749350000000074,0.9457772568642182,21.189790027898496,0.0065592919676110304,-6.0591370615349565
7.189999999999891,9.714900000000075,0.9421353318782251,21.185818434495914,0.006524392361416936,-6.03728490722504
7.199999999999891,9.680450000000075,0.9384953467301604,21.181845237670473,0.0064895972964747525,-6.015435182906472
7.209999999999891,9.646000000000075,0.934857303456413,21.177870437456235,0.0064549066386730535,-5.99358789464772
7.2199999999998905,9.611550000000076,0.9312212040922834,21.173894033883332,0.0064203202529347315,-5.971743048526494
7.22999999999989,9.577100000000076,0.9275870506719006,21.169916026978186,0.00638583800310627,-5.949900650630891
7.23999999999989,9.542650000000076,0.923954845228278,21.165936416763085,0.006351459752071886,-5.928060707058273
7.24999999999989,9.508200000000077,0.9203245897932585,21.161955203256422,0.0063171853617163985,-5.90622322391529
7.25999999999989,9.473750000000077,0.9166962863976486,21.157972386472544,0.006283014692936022,-5.884388207319654
7.269999999999889,9.439300000000078,0.9130699370709775,21.153987966421603,0.0062489476055438906,-5.862555663396902
7.279999999999889,9.404850000000078,0.9094455438418031,21.15000194310985,0.0062149839583919425,-5.840725598284747
7.289999999999889,9.370400000000078,0.9058231087375012,21.14601431653916,0.006181123609287267,-5.818898018130079
7.299999999999889,9.335950000000079,0.9022026337843734,21.142025086707328,0.006147366415075277,-5.797072929090148
7.309999999999889,9.301500000000079,0.8985841210075437,21.138034253607803,0.006113712231482197,-5.775250337332261
7.319999999999888,9.26705000000008,0.8949675724310889,21.134041817229807,0.006080160913245461,-5.753430249034923
7.329999999999888,9.23260000000008,0.8913529900780075,21.13004777755816,0.006046712314106601,-5.731612670386882
7.339999999999888,9.19815000000008,0.8877403759701066,21.126052134573342,0.006013366286702111,-5.7097976075873005
7.349999999999888,9.16370000000008,0.8841297321282324,21.12205488825132,0.00598012268272129,-5.687985066846601
7.3599999999998875,9.12925000000008,0.8805210605720287,21.11805603856357,0.005946981352709838,-5.666175054385732
7.369999999999887,9.094800000000081,0.8769143633201569,21.11405558547714,0.005913942146270993,-5.644367576437193
7.379999999999887,9.060350000000081,0.8733096423901264,21.110053528954424,0.00588100491188133,-5.622562639244545
7.389999999999887,9.025900000000082,0.8697068997984426,21.106049868953196,0.005848169497004881,-5.6007602490626835
7.399999999999887,8.991450000000082,0.8661061375604807,21.102044605426528,0.0058154357480410725,-5.578960412157506
7.4099999999998865,8.957000000000082,0.8625073576906126,21.098037738322844,0.005782803510308039,-5.557163134807097
7.419999999999886,8.922550000000083,0.8589105622020852,21.094029267585693,0.0057502726281300695,-5.535368423300937
7.429999999999886,8.888100000000083,0.8553157531072202,21.090019193153836,0.00571784294468695,-5.513576283939891
7.439999999999886,8.853650000000084,0.8517229324171163,21.086007514961217,0.005685514302142546,-5.491786723037434
7.449999999999886,8.819200000000084,0.8481321021420029,21.081994232936772,0.0056532865415671145,-5.4699997469191235
7.459999999999885,8.784750000000084,0.8445432642909785,21.077979347004565,0.005621159502963184,-5.44821536192202
7.469999999999885,8.750300000000085,0.8409564208721352,21.073962857083544,0.00558913302525755,-5.426433574396502
7.479999999999885,8.715850000000085,0.837371573892538,21.069944763087562,0.005557206946277235,-5.404654390703932
7.489999999999885,8.681400000000085,0.8337887253582776,21.06592506492547,0.005525381102772081,-5.382877817219997
7.4999999999998845,8.646950000000086,0.8302078772743489,21.06190376250091,0.005493655330426354,-5.361103860332371
7.509999999999884,8.612500000000086,0.8266290316448397,21.05788085571209,0.005462029463745782,-5.339332526440768
7.519999999999884,8.578050000000086,0.8230521904727823,21.05385634445225,0.005430503336277741,-5.317563821959751
7.529999999999884,8.543600000000087,0.8194773557602053,21.049830228609068,0.005399076780328063,-5.295797753315092
7.539999999999884,8.509150000000087,0.815904529508179,21.045802508064952,0.005367749627179266,-5.274034326947369
7.5499999999998835,8.474700000000087,0.8123337137168152,21.041773182696723,0.005336521706999773,-5.252273549309426
7.559999999999883,8.440250000000088,0.8087649103851945,21.037742252375935,0.005305392848802869,-5.23051542686898
7.569999999999883,8.405800000000088,0.8051981215114812,21.033709716968314,0.005274362880498092,-5.208759966106408
7.579999999999883,8.371350000000088,0.801633349092875,21.02967557633421,0.0052434316289081935,-5.18700717351639
7.589999999999883,8.336900000000089,0.7980705951255836,21.02563983032818,0.005212598919687485,-5.16525705560757
7.599999999999882,8.30245000000009,0.7945098616048969,21.021602478799068,0.005181864577367901,-5.143509618902568
7.609999999999882,8.26800000000009,0.790951150525193,21.017563521589963,0.005151228425379254,-5.121764869938877
7.619999999999882,8.23355000000009,0.78739446387987,21.013522958538175,0.0051206902859647985,-5.100022815268285
7.629999999999882,8.19910000000009,0.7838398036614198,21.00948078947505,0.005090249980224396,-5.078283461457017
7.6399999999998816,8.16465000000009,0.7802871718614465,21.00543701422594,0.0050599073281923194,-5.056546815086119
7.649999999999881,8.130200000000091,0.776736570470628,21.001391632610346,0.005029662148649787,-5.034812882752168
7.659999999999881,8.095750000000091,0.7731880014787063,20.99734464444155,0.00499951425927095,-5.013081671066199
7.669999999999881,8.061300000000092,0.7696414668745899,20.993296049526748,0.004969463476550505,-4.991353186654609
7.679999999999881,8.026850000000092,0.7660969686462831,20.98924584766696,0.004939509615845457,-4.969627436159697
7.6899999999998805,7.992400000000092,0.7625545087808908,20.985194038657,0.004909652491286673,-4.947904426239342
7.69999999999988,7.957950000000093,0.7590140892646685,20.98114062228529,0.00487989191587821,-4.926184163566636
7.70999999999988,7.923500000000093,0.7554757120830287,20.97708559833393,0.004850227701463113,-4.90446665483139
7.71999999999988,7.889050000000093,0.7519393792204929,20.973028966578603,0.0048206596586231895,-4.882751906739339
7.72999999999988,7.854600000000094,0.7484050926608345,20.968970726788445,0.004791187596799206,-4.86103992601231
7.739999999999879,7.820150000000094,0.7448728543868312,20.964910878726094,0.004761811324228826,-4.839330719388827
7.749999999999879,7.785700000000094,0.7413426663806235,20.960849422147497,0.004732530647982482,-4.817624293624139
7.759999999999879,7.751250000000095,0.7378145306233947,20.95678635680196,0.0047033453738571564,-4.795920655490216
7.769999999999879,7.716800000000095,0.7342884490956018,20.952721682432053,0.004674255306475892,-4.774219811776196
7.779999999999879,7.6823500000000955,0.7307644237768921,20.94865539877342,0.004645260249259525,-4.752521769288378
7.789999999999878,7.647900000000096,0.7272424566461355,20.94458750555505,0.004616360004386019,-4.730826534851125
7.799999999999878,7.613450000000096,0.7237225496813994,20.940518002498692,0.004587554372805538,-4.70913411530499
7.809999999999878,7.5790000000000965,0.7202047048600004,20.936446889319356,0.0045588431542594,-4.687444517509763
7.819999999999878,7.544550000000097,0.7166889241585386,20.932374165724756,0.004530226147198689,-4.665757748342539
7.8299999999998775,7.510100000000097,0.7131752095527948,20.928299831415586,0.004501703148908245,-4.6440738146988405
7.839999999999877,7.475650000000098,0.7096635630179418,20.924223886085258,0.004473273955354958,-4.622392723492473
7.849999999999877,7.441200000000098,0.7061539865282666,20.9201463294199,0.0044449383613014235,-4.600714481655984
7.859999999999877,7.406750000000098,0.7026464820574921,20.91606716109831,0.004416696160204077,-4.579039096140415
7.869999999999877,7.372300000000099,0.6991410515786034,20.91198638079182,0.004388547144273386,-4.557366573916372
7.879999999999876,7.337850000000099,0.695637697063822,20.90790398816428,0.004360491104450409,-4.535696921973137
7.889999999999876,7.303400000000099,0.6921364204848064,20.90381998287193,0.004332527830399431,-4.514030147319547
7.899999999999876,7.2689500000001,0.6886372238125104,20.899734364563457,0.004304657110492914,-4.492366256984653
7.909999999999876,7.2345000000001,0.6851401090171994,20.895647132879745,0.004276878731801592,-4.470705258016623
7.919999999999876,7.2000500000001,0.6816450780685755,20.891558287453925,0.004249192480121188,-4.449047157484247
7.929999999999875,7.165600000000101,0.6781521329356366,20.887467827911237,0.004221598139909979,-4.427391962476322
7.939999999999875,7.131150000000101,0.67466127558686,20.883375753868968,0.004194095494355185,-4.405739680101905
7.949999999999875,7.0967000000001015,0.6711725079900124,20.879282064936405,0.004166684325316809,-4.384090317491616
7.959999999999875,7.062250000000102,0.6676858321123913,20.87518676071484,0.004139364413276819,-4.362443881796662
7.9699999999998745,7.027800000000102,0.6642012499206662,20.871089840797204,0.004112135537471079,-4.340800380189473
7.979999999999874,6.9933500000001025,0.6607187633809242,20.866991304768312,0.00408499747571766,-4.31915981986326
7.989999999999874,6.958900000000103,0.6572383744587814,20.86289115220457,0.004057950004557923,-4.297522208034126
7.999999999999874,6.924450000000103,0.6537600851192319,20.858789382674065,0.004030992899131548,-4.275887551939212
8.009999999999874,6.890000000000104,0.650283897326852,20.85468599573639,0.004004125933249423,-4.254255858838656
8.019999999999873,6.855550000000104,0.6468098130456801,20.850580990942433,0.003977348879306048,-4.232627136014068
8.029999999999873,6.821100000000104,0.6433378342392513,20.846474367834645,0.003950661508394742,-4.211001390770571
8.039999999999873,6.786650000000105,0.6398679628706383,20.84236612594654,0.003924063590136603,-4.189378630435262
8.049999999999873,6.752200000000105,0.636400200902509,20.83825626480301,0.003897554892859249,-4.167758862359666
8.059999999999873,6.717750000000105,0.6329345502970445,20.834144783919896,0.0038711351834251197,-4.146142093917733
8.069999999999872,6.683300000000106,0.6294710130160218,20.830031682804105,0.0038448042273103926,-4.124528332507286
8.079999999999872,6.648850000000106,0.626009591020805,20.825916960953577,0.003818561788580196,-4.102917585550972
8.089999999999872,6.614400000000106,0.6225502862724319,20.821800617856884,0.0037924076298420065,-4.08130986049421
8.099999999999872,6.579950000000107,0.6190931007314614,20.817682652993586,0.003766341512362609,-4.059705164808043
8.109999999999872,6.545500000000107,0.6156380363582158,20.8135630658338,0.003740363195853887,-4.038103505988124
8.119999999999871,6.5110500000001075,0.6121850951126097,20.809441855838216,0.003714472438661079,-4.016504891554594
8.129999999999871,6.476600000000108,0.6087342789542681,20.80531902245803,0.003688668997633277,-3.994909329053634
8.139999999999871,6.442150000000108,0.6052855898425288,20.8011945651349,0.003662952628170326,-3.9733168260565703
8.14999999999987,6.4077000000001085,0.6018390297364369,20.797068483300762,0.0036373230841998277,-3.951727390160942
8.15999999999987,6.373250000000109,0.5983946005947904,20.792940776377723,0.0036117801181571865,-3.930141028990587
8.16999999999987,6.338800000000109,0.5949523043761495,20.788811443778073,0.0035863234809814857,-3.908557750194992
8.17999999999987,6.30435000000011,0.5915121430388406,20.784680484904218,0.0035609529221012747,-3.8869775614517152
8.18999999999987,6.26990000000011,0.5880741185410177,20.78054789914828,0.003535668189449565,-3.8654004704642784
8.19999999999987,6.23545000000011,0.5846382328406232,20.776413685892464,0.0035104690294453346,-3.84382648496445
8.20999999999987,6.201000000000111,0.581204487895507,20.772277844508622,0.0034853551869411838,-3.822255612711546
8.21999999999987,6.166550000000111,0.5777728856632836,20.768140374358254,0.0034603264052706258,-3.800687861492749
8.229999999999869,6.132100000000111,0.5743434281015598,20.764001274792385,0.0034353824262110463,-3.779123239122971
8.239999999999869,6.097650000000112,0.5709161171677621,20.759860545151547,0.003410522989990234,-3.7575617534468084
8.249999999999869,6.063200000000112,0.5674909548193097,20.755718184765655,0.00338574783520829,-3.736003412337736
8.259999999999868,6.028750000000112,0.5640679430135399,20.751574192953793,0.003361056698936086,-3.714448223697925
8.269999999999868,5.994300000000113,0.560647083707831,20.747428569024265,0.0033364493166519603,-3.6928961954599187
8.279999999999868,5.959850000000113,0.557228378859465,20.743281312274416,0.0033119254221679697,-3.6713473355857706
8.289999999999868,5.9254000000001135,0.5538118304258395,20.739132421990504,0.003287484747736504,-3.6498016520680796
8.299999999999867,5.890950000000114,0.5503974403643057,20.73498189744765,0.003263127023935527,-3.6282591529301014
8.309999999999867,5.856500000000114,0.5469852106324131,20.73082973790967,0.0032388519797510538,-3.6067198462261065
8.319999999999867,5.8220500000001145,0.5435751431877135,20.726675942629132,0.0032146593424674727,-3.5851837400423276
8.329999999999867,5.787600000000115,0.5401672399879534,20.72252051084695,0.0031905488377191146,-3.5636508424954885
8.339999999999867,5.753150000000115,0.5367615029909425,20.71836344179257,0.0031665201894751404,-3.5421211617356985
8.349999999999866,5.718700000000116,0.5333579341547927,20.71420473468372,0.0031425731199814177,-3.5205947059454155
8.359999999999866,5.684250000000116,0.5299565354377167,20.710044388726246,0.00311870734983431,-3.499071483339009
8.369999999999866,5.649800000000116,0.5265573087982005,20.70588240311417,0.003094922597827543,-3.4775515021650976
8.379999999999866,5.615350000000117,0.5231602561950234,20.701718777029384,0.003071218581119818,-3.4560347707057124
8.389999999999866,5.580900000000117,0.5197653795872499,20.697553509641722,0.0030475950150566254,-3.4345212972769237
8.399999999999865,5.546450000000117,0.5163726809342153,20.693386600108646,0.003024051613271382,-3.413011090228818
8.409999999999865,5.512000000000118,0.512982162195647,20.68921804757532,0.0030005880875778475,-3.3915041579468608
8.419999999999865,5.477550000000118,0.5095938253316552,20.685047851174396,0.0029772041480232796,-3.370000508851859
8.429999999999865,5.443100000000118,0.506207672302773,20.6808760100258,0.0029538995028947075,-3.348500151399242
8.439999999999864,5.408650000000119,0.5028237050699519,20.676702523236827,0.0029306738585887083,-3.3270030940818205
8.449999999999864,5.374200000000119,0.4994419255946081,20.672527389901905,0.0029075269197377297,-3.305509345428019
8.459999999999864,5.3397500000001195,0.4960623358387459,20.668350609102433,0.0028844583890841034,-3.284018914004041
8.469999999999864,5.30530000000012,0.4926849377648359,20.664172179906707,0.0028614679675287346,-3.262531808412618
8.479999999999864,5.27085000000012,0.48930973333594036,20.659992101369703,0.002838555354105084,-3.241048037294092
8.489999999999863,5.2364000000001205,0.48593672451574554,20.655810372533224,0.002815720245922441,-3.2195676093283776
8.499999999999863,5.201950000000121,0.48256591326857834,20.65162699242537,0.0027929623381976712,-3.198090533232248
8.509999999999863,5.167500000000121,0.4791973015594319,20.647441960060778,0.002770281324236175,-3.176616817763117
8.519999999999863,5.133050000000122,0.4758308913540665,20.64325527444025,0.0027476768953492185,-3.1551464717176674
8.529999999999863,5.098600000000122,0.4724666846189638,20.639066934550705,0.002725148740962729,-3.1336795039323424
8.539999999999862,5.064150000000122,0.469104683321365,20.634876939365046,0.0027026965484422145,-3.1122159232841886
8.549999999999862,5.029700000000123,0.4657448894293996,20.63068528784206,0.0026803200032270076,-3.0907557386915174
8.559999999999862,4.995250000000123,0.46238730491204405,20.626491978926232,0.002658018788699263,-3.069298959114113
8.569999999999862,4.960800000000123,0.4590319317391691,20.62229701154749,0.002635792586195629,-3.04784559355308
8.579999999999862,4.926350000000124,0.45567877188159667,20.618100384621428,0.0026136410750470782,-3.0263956510537073
8.589999999999861,4.891900000000124,0.4523278273111799,20.613902097048758,0.0025915639324712515,-3.0049491407030704
8.599999999999861,4.857450000000124,0.44897910000076596,20.609702147715353,0.002569560833624425,-2.983506071631628
8.60999999999986,4.823000000000125,0.44563259192428223,20.605500535492205,0.002547631451489288,-2.962066453014958
8.61999999999986,4.788550000000125,0.44228830505675326,20.60129725923499,0.0025257754569985497,-2.940630294072056
8.62999999999986,4.7541000000001254,0.4389462413743818,20.59709231778425,0.002503992518906272,-2.919197604068
8.63999999999986,4.719650000000126,0.4356064028546184,20.59288570996506,0.002482282303742115,-2.8977683923132624
8.64999999999986,4.685200000000126,0.4322687914761063,20.58867743458681,0.002460644475882293,-2.876342668164414
8.65999999999986,4.6507500000001265,0.4289334092188003,20.584467490443302,0.002439078697466741,-2.8549204410251643
8.66999999999986,4.616300000000127,0.4256002580639946,20.5802558763123,0.002417584628422024,-2.833501720346131
8.67999999999986,4.581850000000127,0.42226933999440674,20.576042590955634,0.002396161926404822,-2.812086515626211
8.68999999999986,4.547400000000128,0.41894065699416205,20.571827633118914,0.0023748102467161095,-2.7906748364131313
8.699999999999859,4.512950000000128,0.41561421104888957,20.567611001531382,0.00235352924243383,-2.7692666923030926
8.709999999999859,4.478500000000128,0.41229000414575195,20.563392694905676,0.002332318564267329,-2.7478620929422615
8.719999999999859,4.444050000000129,0.40896803827350636,20.559172711937897,0.002311177860567273,-2.7264610480275215
8.729999999999858,4.409600000000129,0.4056483154225724,20.55495105130719,0.0022901067772592505,-2.705063567306235
8.739999999999858,4.375150000000129,0.40233083758505017,20.550727711675748,0.002269104957943348,-2.683669660577562
8.749999999999858,4.34070000000013,0.3990156067547625,20.546502691688595,0.002248172043679504,-2.6622793376931204
8.759999999999858,4.30625000000013,0.3957026249273797,20.542275989973362,0.0022273076731274813,-2.6408926085571314
8.769999999999857,4.27180000000013,0.39239189410043807,20.538047605140164,0.0022065114824288503,-2.6195094831270547
8.779999999999857,4.237350000000131,0.3890834162733582,20.53381753578153,0.002185783105247877,-2.5981299714153625
8.789999999999857,4.202900000000131,0.3857771934475485,20.529585780471997,0.00216512217264643,-2.5767540834885447
8.799999999999857,4.168450000000131,0.3824732276264915,20.525352337768126,0.002144528313146529,-2.5553818294691775
8.809999999999857,4.134000000000132,0.37917152081568184,20.521117206208274,0.002124001152631741,-2.534013219535811
8.819999999999856,4.099550000000132,0.3758720750228347,20.51688038431233,0.002103540314354691,-2.5126482639240657
8.829999999999856,4.0651000000001325,0.37257489225792584,20.51264187058171,0.002083145418955223,-2.491286972927281
8.839999999999856,4.030650000000133,0.36927997453308237,20.508401663498976,0.0020628160842639993,-2.469929356897017
8.849999999999856,3.9962000000001328,0.36598732386286215,20.504159761527774,0.0020425519255124125,-2.448575426243701
8.859999999999856,3.9617500000001327,0.36269694226425386,20.49991616311261,0.002022352555074823,-2.4272251914380942
8.869999999999855,3.9273000000001326,0.3594088317566599,20.495670866678694,0.0020022175825749997,-2.405878663011699
8.879999999999855,3.8928500000001325,0.35612299436209377,20.49142387063164,0.00198214661474583,-2.3845358515567847
8.889999999999855,3.8584000000001324,0.352839432105091,20.48717517335743,0.0019621392555250216,-2.363196767728118
8.899999999999855,3.8239500000001323,0.3495581470129602,20.482924773222074,0.0019421951059424053,-2.341861422243659
8.909999999999854,3.789500000000132,0.34627914111573105,20.478672668571484,0.0019223137640757572,-2.3205298258844613
8.919999999999854,3.755050000000132,0.3430024164462455,20.474418857731294,0.0019024948249796022,-2.2992019894965896
8.929999999999854,3.720600000000132,0.33972797504025737,20.47016333900655,0.001882737880824202,-2.277877923991795
8.939999999999854,3.686150000000132,0.33645581893650456,20.465906110681615,0.0018630425205881191,-2.2565576403471113
8.949999999999854,3.651700000000132,0.33318595017677366,20.461647171019955,0.0018434083302496167,-2.2352411496075364
8.959999999999853,3.6172500000001317,0.32991837080594905,20.45738651826379,0.0018238348926638277,-2.2139284628854936
8.969999999999853,3.5828000000001317,0.32665308287217265,20.45312415063414,0.0018043217874774472,-2.192619591362776
8.979999999999853,3.5483500000001316,0.3233900884268161,20.448860066330226,0.0017848685911662208,-2.1713145462895334
8.989999999999853,3.5139000000001315,0.3201293895246913,20.44459426352978,0.0017654748769165823,-2.1500133389886606
8.999999999999853,3.4794500000001314,0.316870988224012,20.44032674038822,0.0017461402146409697,-2.1287159808525487
9.009999999999852,3.4450000000001313,0.31361488658653813,20.436057495038938,0.0017268641709417662,-2.107422483347214
9.019999999999852,3.410550000000131,0.3103610866776467,20.431786525592738,0.0017076463089997162,-2.086132858011096
9.029999999999852,3.376100000000131,0.30710959056646925,20.427513830137876,0.0016884861885830217,-2.0648471164585276
9.039999999999852,3.341650000000131,0.3038604003258813,20.42323940673952,0.0016693833659725567,-2.0435652703774743
9.049999999999851,3.307200000000131,0.3006135180326419,20.418963253439838,0.0016503373939284647,-2.0222873315330494
9.059999999999851,3.272750000000131,0.2973689457675542,20.414685368257445,0.0016313478216853782,-2.0010133117674846
9.069999999999851,3.2383000000001307,0.29412668561545496,20.41040574918746,0.0016124141948015431,-1.9797432230014396
9.07999999999985,3.2038500000001306,0.2908867396653823,20.406124394201058,0.0015935360551888806,-1.958477077234811
9.08999999999985,3.1694000000001306,0.28764911001055987,20.401841301245373,0.001574712941007571,-1.9372148865480052
9.09999999999985,3.1349500000001305,0.28441379874864897,20.397556468243074,0.0015559443866988805,-1.915956663102618
9.10999999999985,3.1005000000001304,0.28118080798183154,20.393269893092274,0.001537229922805568,-1.8947024191433368
9.11999999999985,3.0660500000001303,0.2779501398167177,20.38898157366622,0.001518569076067064,-1.8734521669978126
9.12999999999985,3.03160000000013,0.2747217963647057,20.384691507812988,0.0014999613692107249,-1.8522059190791877
9.13999999999985,2.99715000000013,0.27149577974190264,20.38039969335525,0.0014814063209701279,-1.8309636878853142
9.14999999999985,2.96270000000013,0.26827209206934993,20.37610612809015,0.0014629034460731166,-1.8097254860029814
9.15999999999985,2.92825000000013,0.2650507354730342,20.37181080978874,0.0014444522550971085,-1.788491326105104
9.169999999999849,2.89380000000013,0.26183171208411377,20.36751373619601,0.001426052254445858,-1.767261220955286
9.179999999999849,2.8593500000001297,0.258615024038907,20.363214905030446,0.0014077029462670793,-1.7460351834075722
9.189999999999849,2.8249000000001296,0.255400673479113,20.35891431398383,0.0013894038284193444,-1.7248132264078666
9.199999999999848,2.7904500000001295,0.25218866255182887,20.35461196072083,0.001371154394406823,-1.7035953629944212
9.209999999999848,2.7560000000001295,0.24897899340977478,20.35030784287894,0.001352954133284437,-1.6823816063007389
9.219999999999848,2.7215500000001294,0.24577166821133756,20.346001958067944,0.0013348025295956759,-1.661171969555169
9.229999999999848,2.6871000000001293,0.24256668912072005,20.341694303869904,0.0013166990633233602,-1.639966466084109
9.239999999999847,2.652650000000129,0.23936405830806406,20.337384877838588,0.0012986432098084967,-1.618765109311093
9.249999999999847,2.618200000000129,0.23616377794961332,20.33307367749924,0.001280634439660787,-1.5975679127591644
9.259999999999847,2.583750000000129,0.2329658502277549,20.32876070034859,0.0012626722187382726,-1.5763748900539203
9.269999999999847,2.549300000000129,0.2297702773312606,20.32444594385399,0.001244756007970138,-1.5551860549213978
9.279999999999847,2.514850000000129,0.22657706145532375,20.320129405453642,0.0012268852634052785,-1.534001421192707
9.289999999999846,2.4804000000001287,0.22338620480175952,20.315811082555932,0.0012090594360579313,-1.5128210028035036
9.299999999999846,2.4459500000001286,0.2201977095791458,20.311490972539303,0.0011912779718178598,-1.4916448137964688
9.309999999999846,2.4115000000001285,0.2170115780028961,20.307169072751787,0.0011735403114134428,-1.4704728683222528
9.319999999999846,2.3770500000001284,0.2138278122955331,20.302845380510842,0.0011558458902902356,-1.4493051806413237
9.329999999999846,2.3426000000001284,0.21064641468662637,20.298519893102934,0.0011381941385731284,-1.42814176512537
9.339999999999845,2.3081500000001283,0.207467387413167,20.294192607783152,0.001120584480910746,-1.4069826362584068
9.349999999999845,2.273700000000128,0.20429073271962794,20.289863521775054,0.0011030163364437837,-1.3858278086399913
9.359999999999845,2.239250000000128,0.20111645285805485,20.285532632270062,0.0010854891186673694,-1.3646772969836911
9.369999999999845,2.204800000000128,0.1979445500883249,20.28119993642742,0.001068002235412719,-1.3435311161228443
9.379999999999844,2.170350000000128,0.19477502667821012,20.276865431373544,0.0010505550886559885,-1.3223892810085374
9.389999999999844,2.135900000000128,0.19160788490367264,20.272529114201856,0.001033147074466166,-1.30125180671334
9.399999999999844,2.1014500000001277,0.18844312704887228,20.26819098197252,0.001015777582959952,-1.280118708433096
9.409999999999844,2.0670000000001276,0.18528075540642752,20.263851031711646,0.000998445998075468,-1.258990001486353
9.419999999999844,2.0325500000001275,0.18212077227766144,20.25950926041149,0.0009811516975474824,-1.2378657013197791
9.429999999999843,1.9981000000001274,0.1789631799725414,20.25516566502973,0.0009638940528607632,-1.2167458235075126
9.439999999999843,1.9636500000001273,0.17580798081014454,20.25082024248912,0.0009466724290040389,-1.195630383753274
9.449999999999843,1.9292000000001273,0.17265517711857287,20.246472989677137,0.0009294861844586064,-1.1745193978927138
9.459999999999843,1.8947500000001272,0.16950477123533114,20.242123903445748,0.0009123346710366166,-1.1534128818949938
9.469999999999843,1.860300000000127,0.16635676550746448,20.237772980610725,0.0008952172337883275,-1.1323108518651646
9.479999999999842,1.825850000000127,0.16321116229168126,20.233420217951455,0.0008781332108951422,-1.1112133240455668
9.489999999999842,1.791400000000127,0.16006796395460443,20.22906561221057,0.0008610819334912288,-1.0901203148186942
9.499999999999842,1.7569500000001268,0.1569271728729677,20.224709160093393,0.0008440627256315033,-1.0690318407081438
9.509999999999842,1.7225000000001267,0.15378879143379043,20.220350858267484,0.0008270749040680087,-1.0479479183808968
9.519999999999841,1.6880500000001266,0.15065282203461705,20.215990703362564,0.0008101177781607574,-1.0268685646510087
9.529999999999841,1.6536000000001265,0.14751926708374313,20.21162869196968,0.0007931906498101628,-1.0057937964799355
9.539999999999841,1.6191500000001264,0.14438812900026704,20.20726482064095,0.0007762928132084084,-0.9847236309782975
9.54999999999984,1.5847000000001263,0.14125941021460647,20.20289908588927,0.0007594235547631974,-0.963658085411219
9.55999999999984,1.5502500000001262,0.13813311316836907,20.19853148418752,0.0007425821529521682,-0.9425971771964358
9.56999999999984,1.5158000000001262,0.13500924031486894,20.194162011968473,0.0007257678781961588,-0.9215409239097557
9.57999999999984,1.481350000000126,0.13188779411918317,20.189790665624226,0.000708979992628196,-0.900489343286826
9.58999999999984,1.446900000000126,0.12876877705842277,20.185417441505557,0.0006922177500612138,-0.8794424532236257
9.59999999999984,1.4124500000001259,0.12565219162200902,20.181042335921738,0.0006754803957797629,-0.8584002717814381
9.60999999999984,1.3780000000001258,0.12253804031183779,20.176665345139877,0.000658767166302282,-0.837362817187839
9.61999999999984,1.3435500000001257,0.11942632564263433,20.172286465384587,0.0006420772893900612,-0.8163301078398633
9.62999999999984,1.3091000000001256,0.11631705014208543,20.167905692837323,0.0006254099837410738,-0.7953021623062099
9.639999999999839,1.2746500000001255,0.11321021635113615,20.163523023636035,0.0006087644588472271,-0.774278999329759
9.649999999999839,1.2402000000001254,0.11010582682425785,20.15913845387461,0.0005921399148904915,-0.7532606378308909
9.659999999999838,1.2057500000001253,0.10700388412973716,20.15475197960236,0.0005755355424729119,-0.7322470969095787
9.669999999999838,1.1713000000001252,0.10390439084989328,20.15036359682357,0.0005589505225248685,-0.7112383958482702
9.679999999999838,1.1368500000001251,0.1008073495813342,20.14597330149689,0.0005423840260229938,-0.690234554114874
9.689999999999838,1.102400000000125,0.09771276293531667,20.141581089534846,0.0005258352139106556,-0.6692355913654086
9.699999999999838,1.067950000000125,0.09462063353790984,20.13718695680338,0.0005093032368012234,-0.6482415274477559
9.709999999999837,1.0335000000001249,0.09153096403047489,20.13279089912124,0.0004927872348708677,-0.6272523824032599
9.719999999999837,0.9990500000001249,0.08844375706967517,20.128392912259343,0.00047628633758697414,-0.6062681764707762
9.729999999999837,0.9646000000001249,0.08535901532803392,20.12399299194044,0.00045979966350689905,-0.585288930089881
9.739999999999837,0.9301500000001249,0.08227674149407843,20.119591133838362,0.0004433263201431934,-0.5643146639028709
9.749999999999837,0.895700000000125,0.07919693827272928,20.115187333577516,0.0004268654036793651,-0.543345398759312
9.759999999999836,0.861250000000125,0.07611960838558357,20.1107815867323,0.0004104159987308139,-0.5223811557185
9.769999999999836,0.826800000000125,0.07304475457122633,20.106373888826596,0.000393977178168408,-0.5014219560538848
9.779999999999836,0.792350000000125,0.06997237958561014,20.101964235332893,0.0003775480028661729,-0.4804678212540903
9.789999999999836,0.757900000000125,0.06690248620224426,20.097552621672204,0.0003611275214737994,-0.4595187730296672
9.799999999999836,0.723450000000125,0.06383507721273646,20.093139043212847,0.0003447147701720434,-0.43857483331419056
9.809999999999835,0.6890000000001251,0.060770155426964456,20.088723495270198,0.0003283087724117433,-0.41763602426817387
9.819999999999835,0.6545500000001251,0.05770772367351906,20.084305973106034,0.0003119085386724996,-0.39670236828387345
9.829999999999835,0.6201000000001251,0.054647784800058885,20.07988647192779,0.00029551306619891166,-0.37577388798845396
9.839999999999835,0.5856500000001251,0.0515903416736071,20.07546498688795,0.0002791213387644591,-0.3548506062478193
9.849999999999834,0.5512000000001251,0.0485353971809373,20.071041513083372,0.00026273232631532134,-0.3339325461696373
9.859999999999834,0.5167500000001252,0.045482954229072836,20.066616045554664,0.0002463449848087454,-0.3130197311092949
9.869999999999834,0.4823000000001252,0.04243301574548558,20.062188579285472,0.00022995825586168833,-0.29211218467232
9.879999999999834,0.4478500000001252,0.0393855846786495,20.057759109201786,0.0002135710664323135,-0.2712099307192173
9.889999999999834,0.4134000000001252,0.0363406639982794,20.053327630171257,0.00019718232862459125,-0.25031299336917723
9.899999999999833,0.37895000000012524,0.03329825669588432,20.048894137002517,0.0001807909392520494,-0.22942139700528552
9.909999999999833,0.34450000000012526,0.030258365785096886,20.044458624444367,0.0001643957796743776,-0.20853516627853974
9.919999999999833,0.3100500000001253,0.02722099430217856,20.040021087185128,0.0001479957153114695,-0.18765432611159996
9.929999999999833,0.2756000000001253,0.02418614530625718,20.03558151985196,0.00013158959550060888,-0.16677890170519413
9.939999999999833,0.24115000000012532,0.02115382188002002,20.03113991700987,0.00011517625299960383,-0.14590891854014
9.949999999999832,0.20670000000012534,0.0181240271299985,20.026696273161242,9.875450374685916e-05,-0.12504440238538386
9.959999999999832,0.17225000000012536,0.015096764187035983,20.022250582744924,8.232314646274431e-05,-0.10418537930035864
9.969999999999832,0.13780000000012538,0.012072036206776937,20.01780284013537,6.588096236351064e-05,-0.08333187564066287
9.979999999999832,0.10335000000012538,0.009049846370191794,20.013353039641945,4.9426714675991656e-05,-0.06248391806404852
9.989999999999831,0.06890000000012539,0.00603019788393,20.00890117550812,3.295914836998865e-05,-0.04164153353427456
9.999999999999831,0.034450000000125394,0.0030130939809005497,20.004447241910512,1.647698974969027e-05,-0.02080474932724316
10.009999999999831,1.2539969063141143e-13,-1.4620791606301253e-06,19.999991232958347,-2.1053973991947902e-08,2.6406962983703074e-05
